split,image_path
train,train/images/00000000--2-_jpg.rf.006b0e44c427734464f36d583684b1c3.jpg
train,train/images/00000000--2-_jpg.rf.98b65c0a8f092f23365e75019b4841f7.jpg
train,train/images/00000000--2-_jpg.rf.bad7bef6f29bf9db3721f194b396e0e4.jpg
train,train/images/00000002_jpg.rf.4fe4813f7b7f9377d39e83749e603f13.jpg
train,train/images/00000002_jpg.rf.b0e396e1ec4b0d8cf25b40e926d8bde7.jpg
train,train/images/00000002_jpg.rf.ee752e761a9da6eaa0dc7af36882ad9a.jpg
train,train/images/00000004_jpg.rf.23316a7342eedd45b50a57798a938e99.jpg
train,train/images/00000004_jpg.rf.8f10c5853c4fd4ec69093ccf7b2834c3.jpg
train,train/images/00000004_jpg.rf.d9db099b746f1280713bc3cb8309326a.jpg
train,train/images/00000005--2-_jpg.rf.65573b8efbc51ec10185f76234307750.jpg
train,train/images/00000005--2-_jpg.rf.659b73f1e9e9528a8bfc86939553aa32.jpg
train,train/images/00000005--2-_jpg.rf.fef4b6cf67414b89c895f20a67c52c18.jpg
train,train/images/00000010_jpg.rf.00c8da2cb470bc63c9a518807c2750e6.jpg
train,train/images/00000010_jpg.rf.0d1134b650c25af5b15772fc1f4327a5.jpg
train,train/images/00000010_jpg.rf.dec5cdb758c309608c551ce4d5407a0a.jpg
train,train/images/00000011_jpg.rf.1984d8e6801f12fe86f3669709abf8e0.jpg
train,train/images/00000011_jpg.rf.280d619f792c492b20d2ee8bcd8ce374.jpg
train,train/images/00000011_jpg.rf.6b2a9bf87da94ab01c1af4a2d5151cf0.jpg
train,train/images/00000011_jpg.rf.6cfb0e7eda837a33b94efa7c269916d6.jpg
train,train/images/00000011_jpg.rf.d0076760bf1ea38235d891b9fe025588.jpg
train,train/images/00000011_jpg.rf.f936d5f2575434225684c462e260bb63.jpg
train,train/images/00000013_jpg.rf.0521f543a7293bd8b0af4d03925fd440.jpg
train,train/images/00000013_jpg.rf.bbaf45169e8cbe2227ee5eaa5ae083cb.jpg
train,train/images/00000013_jpg.rf.c45b288db26d3f30f09e5770e6d0f902.jpg
train,train/images/00000014_jpg.rf.1e00d8b46e93d96ed7d4c4c0c4ba06af.jpg
train,train/images/00000014_jpg.rf.89cedb4084263209ed0c5926a3d97f7a.jpg
train,train/images/00000014_jpg.rf.eb1ed4f7f91b5938e4e80bc74c73397d.jpg
train,train/images/00000015_jpg.rf.0280a8671192699b78a3379bd067478a.jpg
train,train/images/00000015_jpg.rf.277ae67cc3fefb627cd4acaa2fda07e2.jpg
train,train/images/00000015_jpg.rf.6c3aa1f2d0e2518dbe746349f199cf57.jpg
train,train/images/00000016--2-_jpg.rf.0f6821ddc9d10362f406ee123c97a07f.jpg
train,train/images/00000016--2-_jpg.rf.3b31e573d3f1456261a816929fce6af5.jpg
train,train/images/00000016--2-_jpg.rf.e6e9ae4d9eb63ce2b4fcdfadd1cb6802.jpg
train,train/images/00000019--2-_jpg.rf.37562a06e3430c6e670ffc455b4eed8d.jpg
train,train/images/00000019--2-_jpg.rf.40f9531db1bf78771343abc7d288d5d5.jpg
train,train/images/00000019--2-_jpg.rf.567f4737c15a5b2f99ec5ff9669df677.jpg
train,train/images/00000021--2-_jpg.rf.064fa52594593396b77eda07476c5937.jpg
train,train/images/00000021--2-_jpg.rf.7c9f93dc541eb9bc285a413ea5bec7f6.jpg
train,train/images/00000021--2-_jpg.rf.f335d0666b7ccc23aca879bbe034872a.jpg
train,train/images/00000022_jpg.rf.040292ad08301ab2a71ce046d60bc3e4.jpg
train,train/images/00000022_jpg.rf.049ba7ae50474fc5c7afdd02d020d787.jpg
train,train/images/00000022_jpg.rf.597d2c8649ca5a5545a88da6ca90d365.jpg
train,train/images/00000022_jpg.rf.a95ef9860a3bae3b5151570deb5d11bf.jpg
train,train/images/00000022_jpg.rf.e3a68a506d3eb75619c9d11866d66ec7.jpg
train,train/images/00000022_jpg.rf.f7fcc9527ec66b04f077a4091a30181a.jpg
train,train/images/00000023--2-_jpg.rf.02ead435a374b58df63fbe2aed21a7bb.jpg
train,train/images/00000023--2-_jpg.rf.300d228bad8e593fdc850c368aa1d2ff.jpg
train,train/images/00000023--2-_jpg.rf.8406ce075b01214c857b68fd5812a7fd.jpg
train,train/images/00000023_jpg.rf.817bef57b9ea0749f88886c0a2d8549a.jpg
train,train/images/00000023_jpg.rf.9d5fe834dac61ba585e2c2d6c28d4cda.jpg
train,train/images/00000023_jpg.rf.ef67acaa3bdfeda96d3486187ba6e820.jpg
train,train/images/00000024_jpg.rf.a2b8bc97da81c3f8fffd03e951c5bfac.jpg
train,train/images/00000024_jpg.rf.ea4db3b90890dd0be2bd0ab0de6d644d.jpg
train,train/images/00000024_jpg.rf.ed33af2dff6d2b2ce55b659a13e06eef.jpg
train,train/images/00000025_jpg.rf.5d97e0ec920241fc2c5150bfb0537267.jpg
train,train/images/00000025_jpg.rf.62e1da72d7ffd2cd86ae6068d8994b0f.jpg
train,train/images/00000025_jpg.rf.93e9c1221d6856ea6599782af414a779.jpg
train,train/images/00000027_jpg.rf.32be0a3f7e108a998677bde771883438.jpg
train,train/images/00000027_jpg.rf.6d97af04b168997aec48bf80fc05bf62.jpg
train,train/images/00000027_jpg.rf.a6e619a75099ca965d0007760c904b8f.jpg
train,train/images/00000030_jpg.rf.63e3304a66defcd16d816a1f783fea85.jpg
train,train/images/00000030_jpg.rf.b953d73281f498954b58c1bb99170313.jpg
train,train/images/00000030_jpg.rf.bb3e89de45b52134563b25dbc4b3eb48.jpg
train,train/images/00000031_jpg.rf.393523763f2eeff5c3dab0a17a2af7f2.jpg
train,train/images/00000031_jpg.rf.9a0448b6607c1f51dd490e9ce5fa2f70.jpg
train,train/images/00000031_jpg.rf.eacfe71c405b5c8cf369a0415db74466.jpg
train,train/images/00000033_jpg.rf.3a32f329cbfe41bcb9990274e15b80b5.jpg
train,train/images/00000033_jpg.rf.443257a63101040a538f316b9363a0c3.jpg
train,train/images/00000033_jpg.rf.4990035fa6ab3cda6ed9b15137f83556.jpg
train,train/images/00000034_jpg.rf.0dd59cea36a3b7adf4d7da6e1e4f7f84.jpg
train,train/images/00000034_jpg.rf.b819f2b17c4bf3358157ddeac7f149d0.jpg
train,train/images/00000034_jpg.rf.f789500bcde5ca22ade0c3264da7b646.jpg
train,train/images/00000035_jpg.rf.626a2a76760ca1066f309e1284c6bcdb.jpg
train,train/images/00000035_jpg.rf.c3c3884558423d8e59262ef4babd44a2.jpg
train,train/images/00000035_jpg.rf.d0e6ee6eca6eb40a12a4d99e71b12ef6.jpg
train,train/images/00000043--2-_jpg.rf.a1b88daa4ca45833da9f7840ade19657.jpg
train,train/images/00000043--2-_jpg.rf.aeafb388ae3061720bf18bbbb6145818.jpg
train,train/images/00000043--2-_jpg.rf.c6f5b7c4d725a33ba7f2da14534e70f5.jpg
train,train/images/00000044_jpg.rf.6626a67e3b7e5bb0e8df970a6e0e964f.jpg
train,train/images/00000044_jpg.rf.af4bc2f490e2e97f9da3e1da118025a1.jpg
train,train/images/00000044_jpg.rf.ef1b3c4107bc06f0383bf0500f117e58.jpg
train,train/images/00000045_jpg.rf.270c8a4ecdfd11e398eb98a38eaa764e.jpg
train,train/images/00000045_jpg.rf.80e2500941ac71aa8198dba349b63f27.jpg
train,train/images/00000045_jpg.rf.d6013025295d71be911cbe2b76e476bd.jpg
train,train/images/00000047_jpg.rf.1a4a04f285bd2215aaaef314e4be02cc.jpg
train,train/images/00000047_jpg.rf.1eea0646baeb6e738080a8946ac22deb.jpg
train,train/images/00000047_jpg.rf.62917bb7ee1dabe06673592b28b1b74e.jpg
train,train/images/00000048_jpg.rf.7ff29d407560bd5643e89a2282c2a5c9.jpg
train,train/images/00000048_jpg.rf.cae0ad2bbf00f9b212aac302921889a7.jpg
train,train/images/00000048_jpg.rf.f0c943ccc4168ae30bd1bf8e6b4182cf.jpg
train,train/images/00000049_jpg.rf.985ee6e7fad52b3ae7324e19e3880b75.jpg
train,train/images/00000049_jpg.rf.9c5f21564fe25ccc1cdecb7a7e0cd8f2.jpg
train,train/images/00000049_jpg.rf.f0870d5128cecb6589cebb3c7decad97.jpg
train,train/images/00000050_jpg.rf.48ee5212acea1698d0e0e6ab6ca371c9.jpg
train,train/images/00000050_jpg.rf.557183d2a56d1f8c675abac45335d29d.jpg
train,train/images/00000050_jpg.rf.db8540ace097eba4ba796f7cbf02bbdf.jpg
train,train/images/00000054_jpg.rf.0f8443d745e421bd9d97234ee2301f54.jpg
train,train/images/00000054_jpg.rf.1152c2399c4d685fb203232ebcbe800f.jpg
train,train/images/00000054_jpg.rf.3cf05a7d03e173ddfba4bdd4c288f351.jpg
train,train/images/00000055--2-_jpg.rf.43975f53a4fd88dd73bf3ad2e708878d.jpg
train,train/images/00000055--2-_jpg.rf.779d451d3b77c845c3bb49fcc4587a03.jpg
train,train/images/00000055--2-_jpg.rf.df4160bf53f6b71ae574101aa95265e4.jpg
train,train/images/00000060--2-_jpg.rf.343d49fbf28a8bb2df5f3e084abfbea6.jpg
train,train/images/00000060--2-_jpg.rf.d2b8a207c651ac7a97dac0f9fd31122c.jpg
train,train/images/00000060--2-_jpg.rf.ec750b5858e1046597745dd4dc9f652e.jpg
train,train/images/00000070_jpg.rf.1a1297b9982655007c84b985fb3c3b78.jpg
train,train/images/00000070_jpg.rf.93ea2541489857c5cab3af9f0f2b98fe.jpg
train,train/images/00000070_jpg.rf.c40b944e777a4bf400db5a8488ac68a4.jpg
train,train/images/00000072_jpg.rf.17a58bec69d7231e9c054a299ca9f09b.jpg
train,train/images/00000072_jpg.rf.7d32aa75060f0b11ac377b7dc9124e32.jpg
train,train/images/00000072_jpg.rf.a0e26b4e76f90a741fb61de255cb00a4.jpg
train,train/images/00000073_jpg.rf.8765f936dd03e6e0afa85bc31dc094db.jpg
train,train/images/00000073_jpg.rf.cf03bb1dd613a4e50861fa0ba812eb85.jpg
train,train/images/00000073_jpg.rf.f338655e4dd8fc3cfa6462389280032d.jpg
train,train/images/00000074_jpg.rf.409c110df178637604db0b36c4c07822.jpg
train,train/images/00000074_jpg.rf.7e76ea5c1cb9b01482056965dcde5533.jpg
train,train/images/00000074_jpg.rf.c6fb3b02b217b00076453db0e7994092.jpg
train,train/images/00000075_jpg.rf.37217287587ed45e398a179f7c0af3b7.jpg
train,train/images/00000075_jpg.rf.ddcbd2bfbf06af217fbb91ea463f1c5c.jpg
train,train/images/00000075_jpg.rf.f4649eb2748f77bdbf80f89ebdb6d190.jpg
train,train/images/00000077_jpg.rf.3e2e2c2df8c660553ea04b6b596fa7e2.jpg
train,train/images/00000077_jpg.rf.a122ba165917424c2f9641a090ce37b0.jpg
train,train/images/00000077_jpg.rf.afaa372eb7f61a46df5bb86ca7ddde19.jpg
train,train/images/00000080_jpg.rf.81ace8acfe1b16cda251a8dcc7a05ba5.jpg
train,train/images/00000080_jpg.rf.8feaa810b34bfbb3e71ebff19635fef0.jpg
train,train/images/00000080_jpg.rf.a2a595104ef1de3899f4425d26c2b601.jpg
train,train/images/00000082_jpg.rf.101461616eb389112a5f5186b7ba766e.jpg
train,train/images/00000082_jpg.rf.3232e326f9527475b42934bdd2f23e38.jpg
train,train/images/00000082_jpg.rf.bd332198db7f7d5d01ec73151146b9f8.jpg
train,train/images/00000087_jpg.rf.8f76f98a493b5da051ef4e75493aa954.jpg
train,train/images/00000087_jpg.rf.9dd844516e7c02a8f13c3983daed1c23.jpg
train,train/images/00000087_jpg.rf.a1f794b24c07eb8f14680e90650592d0.jpg
train,train/images/00000088_jpg.rf.12076842fedc9c4952d9bb1867780ebd.jpg
train,train/images/00000088_jpg.rf.1b2ae3a4d898733ed2a216c7fdb2fe93.jpg
train,train/images/00000088_jpg.rf.7b7deae1c2fd51b73449e300fe189a10.jpg
train,train/images/00000089_jpg.rf.224bb341dbe17030138a466363d2b87d.jpg
train,train/images/00000089_jpg.rf.5c55ebc5d2a533a64b188c11f0a9fef7.jpg
train,train/images/00000089_jpg.rf.fc281b7fd8539963d85b4362cafe1f43.jpg
train,train/images/00000097_jpg.rf.028be957981a442ebeee0bae67899efc.jpg
train,train/images/00000097_jpg.rf.4b90f331bdf1774229a487eaac1c0588.jpg
train,train/images/00000097_jpg.rf.dc05489f6865d0093f3a297fd26b92e3.jpg
train,train/images/00000098_jpg.rf.2cef4c835f4c9f055c33fdf819c5bb51.jpg
train,train/images/00000098_jpg.rf.68586fb9a048aa94087854a50dc4a43f.jpg
train,train/images/00000098_jpg.rf.a514e167991620e0e7647667504d7d99.jpg
train,train/images/00000100_jpg.rf.7164dec34a85c463e7093c7c79cc0414.jpg
train,train/images/00000100_jpg.rf.94f194731e1a4e042a23cfb5787a81f2.jpg
train,train/images/00000100_jpg.rf.f9f59e5fdcd2d9da91f7ae1323a8499f.jpg
train,train/images/00000102_jpg.rf.23b4b0f51dd69b7a283c247874aebab3.jpg
train,train/images/00000102_jpg.rf.3795abb0ce06157d3652c3c6c56c34a6.jpg
train,train/images/00000102_jpg.rf.5edaedbede66818465c2bf1a9100548b.jpg
train,train/images/00000104_jpg.rf.096eb2d9eb6288ce3d8166e80a48b7ca.jpg
train,train/images/00000104_jpg.rf.839c01cfd161b8634e501e7d7851efe9.jpg
train,train/images/00000104_jpg.rf.b970aa771288978b395224e69e226d64.jpg
train,train/images/00000109_jpg.rf.a70369ff9895cb7f1ec7363958482997.jpg
train,train/images/00000109_jpg.rf.c8fcc7b69ccb8413aa1c6fad1887e2f3.jpg
train,train/images/00000109_jpg.rf.e3aeb38546bfa963ac1853012a849bef.jpg
train,train/images/00000113_jpg.rf.57c6a874de10a31fb96a8997e479b401.jpg
train,train/images/00000113_jpg.rf.5ae0837d28bf81fe2c421dee253a470e.jpg
train,train/images/00000113_jpg.rf.fdea7d81aeceb82358564a25169acdb2.jpg
train,train/images/00000123_jpg.rf.226ef1e83b8262a2c01e34a45c10d817.jpg
train,train/images/00000123_jpg.rf.9b8b3caa756dc4f6d4422db9925d20ec.jpg
train,train/images/00000123_jpg.rf.d09fb7d1710cad3487a0e1aab6fc13ea.jpg
train,train/images/00000126_jpg.rf.90408229c69d31f442a3cc56042d4aac.jpg
train,train/images/00000126_jpg.rf.9b7c2bf7e7783e4bee1668f439119cbd.jpg
train,train/images/00000126_jpg.rf.b67e7732ad5de057b145234f43ff63c6.jpg
train,train/images/00000129_jpg.rf.372002d6fe1ab5fccbbfeea593f1b33d.jpg
train,train/images/00000129_jpg.rf.4b29f2d0cc731eee6f4b3c682fcbb533.jpg
train,train/images/00000129_jpg.rf.f727d93cbf245d81b0de734c3ba5221c.jpg
train,train/images/00000131_jpg.rf.2df5e40634227d963981504c37f1475f.jpg
train,train/images/00000131_jpg.rf.80c1ffcbd7a44ff0340edfbdc1eefcb0.jpg
train,train/images/00000131_jpg.rf.f0e908dfba695f798660eb54d4e37169.jpg
train,train/images/00000137_jpg.rf.3b14ec826004c353876938cb6854f623.jpg
train,train/images/00000137_jpg.rf.9408cd3485f04c70839b7315ac3c7448.jpg
train,train/images/00000137_jpg.rf.a68387fa1d07a50943c2e541942eb4cb.jpg
train,train/images/00000143_jpg.rf.12782314c244a7da0dcff3ac7439fa5e.jpg
train,train/images/00000143_jpg.rf.264c1ac1c1e4b77b0da1a1e9b225ad23.jpg
train,train/images/00000143_jpg.rf.3386093f18ae8b6d470850e57f866bc7.jpg
train,train/images/00000145_jpg.rf.75bf527b2db3d8df6d6cbff8dc7109ca.jpg
train,train/images/00000145_jpg.rf.cad7ff4cd2fea4edfb58fbe3e81d91e4.jpg
train,train/images/00000145_jpg.rf.cba08601a0185cb8754f6bcbb016fb42.jpg
train,train/images/00000146_jpg.rf.57c192d541846a26306cef1964433ae0.jpg
train,train/images/00000146_jpg.rf.64285936804ed77312ba21af5364e4f8.jpg
train,train/images/00000146_jpg.rf.f4708931697e699c08bf0aa63589ef4f.jpg
train,train/images/00000147_jpg.rf.8ec069cab85d5304359aaf22aaee91cc.jpg
train,train/images/00000147_jpg.rf.b56790a2d699e9e41610662a6296f259.jpg
train,train/images/00000147_jpg.rf.e9ea08922b124d2471e55a14873675c5.jpg
train,train/images/00000149_jpg.rf.527f808fc40430e6988d5f913100d4c5.jpg
train,train/images/00000149_jpg.rf.b0d94faa84a1e9aca9f3b1ea381ef9a1.jpg
train,train/images/00000149_jpg.rf.ca2457e5d4b04fdccb1b15999cd80089.jpg
train,train/images/00000154_jpg.rf.5f14d4265d24a492ade747fb54c0ec4c.jpg
train,train/images/00000154_jpg.rf.bd858400ec889616baccbdab9e3daacb.jpg
train,train/images/00000154_jpg.rf.e9b284b5eb55e5daa6093b61bef7d802.jpg
train,train/images/00000156_jpg.rf.2681bb2fb198dd8090d6df2b97008dde.jpg
train,train/images/00000156_jpg.rf.988f9ecad227cb0bc57de9ad49d53ed9.jpg
train,train/images/00000156_jpg.rf.a9982d7eacf8c6c5f5d45d7ac51efb21.jpg
train,train/images/00000159_jpg.rf.1c665e46cf702a8fc84e75d46aeaf39a.jpg
train,train/images/00000159_jpg.rf.ab3acb8a0cc500a7a68056fd853ae812.jpg
train,train/images/00000159_jpg.rf.fec2cce4769ceb24b053ae2921f482b6.jpg
train,train/images/00000163_jpg.rf.0bf92f753b09ab533b18274ac2e2f833.jpg
train,train/images/00000163_jpg.rf.3b3f33f4786710dff4809ab81dba8bb6.jpg
train,train/images/00000163_jpg.rf.5d5241ae7309a2df5bfa6068df7a3f1b.jpg
train,train/images/00000166_jpg.rf.21164933726c72b88b434b762e261220.jpg
train,train/images/00000166_jpg.rf.aa3049716965a9714c9588c89e43185e.jpg
train,train/images/00000166_jpg.rf.cda7a442d3058981f348d5bd66b7b9d9.jpg
train,train/images/00000169_jpg.rf.554732bf1b882f5336f1927cf914e349.jpg
train,train/images/00000169_jpg.rf.8ccf47d34df6d6d07ea8115029e940dc.jpg
train,train/images/00000169_jpg.rf.e28f9bb815846c9b5e31b8785d5fd83e.jpg
train,train/images/00000171_jpg.rf.963f2cc2ebeab649d55486bfbfc43352.jpg
train,train/images/00000171_jpg.rf.c6a95405a2827be167ea362a5b6b225a.jpg
train,train/images/00000171_jpg.rf.e668b84c108da26394eb310e883332e3.jpg
train,train/images/00000184_jpg.rf.01229e2281938a52daf1186bcdae6126.jpg
train,train/images/00000184_jpg.rf.31c38d095dc55cb93953a7d27a7db41d.jpg
train,train/images/00000184_jpg.rf.b9c3dcb280810b9e73c2be5b5a6dbab8.jpg
train,train/images/00000186_jpg.rf.541fb0d80ac953413ced7f53c603e6e8.jpg
train,train/images/00000186_jpg.rf.6f3fc8257e3568ebf8135bb09d1467f9.jpg
train,train/images/00000186_jpg.rf.8a581a4cfa155cc4759f0b709c0f9c76.jpg
train,train/images/00000188_jpg.rf.38b1fa911dc6b1e3017b6f1ba31a2ef2.jpg
train,train/images/00000188_jpg.rf.d691bd3fdb385b9f9b5426790ab6b5d9.jpg
train,train/images/00000188_jpg.rf.e40eac5daa87044eecaecb776de52f10.jpg
train,train/images/00000189_jpg.rf.42dd80d2abf3005b85a60db27b394973.jpg
train,train/images/00000189_jpg.rf.988f3569cfa8a4a1f63af0b6da063d51.jpg
train,train/images/00000189_jpg.rf.be141c6391f8ecfa693c65faed56bfb9.jpg
train,train/images/00000190_jpg.rf.5934684ec66bf7ce6b911922d99f688f.jpg
train,train/images/00000190_jpg.rf.5dab936a1de66e28d5e0d6d754f55726.jpg
train,train/images/00000190_jpg.rf.e470c02a8e82055b879ba20232cbbc53.jpg
train,train/images/00000201_jpg.rf.39092d14d63aa4bf993f69b9c0960c51.jpg
train,train/images/00000201_jpg.rf.74f6c1fe0b1919329389661ae5679b8c.jpg
train,train/images/00000201_jpg.rf.e7d04c131ffd8b8074ac5af2ecce1d36.jpg
train,train/images/00000206_jpg.rf.10679f633e3cda3e743778de3b97369c.jpg
train,train/images/00000206_jpg.rf.264514ca600e06eed0afba9e4e22ac7a.jpg
train,train/images/00000206_jpg.rf.6df3d0db8b6d8cb2bc03b709ae526b9e.jpg
train,train/images/00000210_jpg.rf.1f5eed53e13fbb4bc5492daaad22c6fb.jpg
train,train/images/00000210_jpg.rf.7f7a00e01476df9e7b60899678d6c87f.jpg
train,train/images/00000210_jpg.rf.d034ef36f23ea00951413f3c7b0a9890.jpg
train,train/images/00000219_jpg.rf.21343b86b56ffca23a5248f73664fef5.jpg
train,train/images/00000219_jpg.rf.7de8426a4533703bd92ff0fc14d88088.jpg
train,train/images/00000219_jpg.rf.a03501e9e641180fc1751441b3cf5adb.jpg
train,train/images/00000221_jpg.rf.739a95259312745bdd264b6bb5303bab.jpg
train,train/images/00000221_jpg.rf.acc3f0531167263cdfb9ff199f902c3b.jpg
train,train/images/00000221_jpg.rf.edcd01402857729c6063468926c465e1.jpg
train,train/images/00000228_jpg.rf.90468d86914c9fac1264f99f3ccc8dac.jpg
train,train/images/00000228_jpg.rf.955ef0188c5cccfb31549d0e0697a52a.jpg
train,train/images/00000228_jpg.rf.ce263bd9408142965c2dc03e64f13e31.jpg
train,train/images/00000231_jpg.rf.00ba9350caec0426e825fe76e2e4e499.jpg
train,train/images/00000231_jpg.rf.1bd6821972764bc745749b934b7c2fa3.jpg
train,train/images/00000231_jpg.rf.f59ed9e1709951da5434c092b661f2d4.jpg
train,train/images/00000261_jpg.rf.3dc344d6e8361c5f0e243cf1680f9816.jpg
train,train/images/00000261_jpg.rf.52456e741f6f9cf786731c5af884e24b.jpg
train,train/images/00000261_jpg.rf.aad7302d7edaed8b20059a475a03adea.jpg
train,train/images/00000270_jpg.rf.19698aeadefdac57474a5a2dc44917b0.jpg
train,train/images/00000270_jpg.rf.2dd66625f40a4bc9e9d72116f022e05e.jpg
train,train/images/00000270_jpg.rf.ad638d1f281d3eb908035636f0355da6.jpg
train,train/images/00000272_jpg.rf.be34350617c29f400fe1b7e80364d187.jpg
train,train/images/00000272_jpg.rf.d4a7c5b2315eb1a32ad13d0c07bab61e.jpg
train,train/images/00000272_jpg.rf.e70334e6e6200d4985382a9e2578ad48.jpg
train,train/images/00000282_jpg.rf.14424b67ae2f8cfec852ebb11d854224.jpg
train,train/images/00000282_jpg.rf.641cbce96f1ca2c1d925f23664a1d91c.jpg
train,train/images/00000282_jpg.rf.efadd9da3411b013604e2534651ab8d7.jpg
train,train/images/00000292_jpg.rf.1592841fcc3ae1cb499b10f342069f1d.jpg
train,train/images/00000292_jpg.rf.3e8aa9899b3f1552558c03624992fb59.jpg
train,train/images/00000292_jpg.rf.93fb27ae47c69b6aedcfe6e2f256738e.jpg
train,train/images/00000293_jpg.rf.0b4bd17c461c30538d1ae154b636ef32.jpg
train,train/images/00000293_jpg.rf.0e1d24f4236755a3e13e868ff64ecfa1.jpg
train,train/images/00000293_jpg.rf.6466f53a1f9fdeccbd8417d4de0b9e40.jpg
train,train/images/00000325_jpg.rf.7321d142ad4accc93ebd2ab4b1a82b48.jpg
train,train/images/00000325_jpg.rf.a356611b4ab439b875f91f4675a9560a.jpg
train,train/images/00000325_jpg.rf.a847cdce2e091e7b860499fa021dd8bc.jpg
train,train/images/00000326_jpg.rf.2a744e63df96a053e91fadf44f78be88.jpg
train,train/images/00000326_jpg.rf.e8debdaac36b62907b1634579a95b6cf.jpg
train,train/images/00000326_jpg.rf.efbce4806dccf6993d05089a77ac4a07.jpg
train,train/images/00000340_jpg.rf.408bd992ddf17b4b61fc3986ad46d81b.jpg
train,train/images/00000340_jpg.rf.7179ea380f82314c28ddfa66873a3b0e.jpg
train,train/images/00000340_jpg.rf.b2df228e697816b12e76bd03d709b289.jpg
train,train/images/00000360_jpg.rf.13145ccb0acea370855e208308ca7a78.jpg
train,train/images/00000360_jpg.rf.7bc1618c77bd48de40545a30a0c01b5d.jpg
train,train/images/00000360_jpg.rf.addbb8961804a10a9da5d41a3e4195ce.jpg
train,train/images/00000386_jpg.rf.8591834fd6b92bc145aa31711db83ccd.jpg
train,train/images/00000386_jpg.rf.c9494094981b944639751be3e7a5cd6b.jpg
train,train/images/00000386_jpg.rf.ecae3f43d5489185a13c1f1d0a715e30.jpg
train,train/images/00000389_jpg.rf.67a3373d381ce8dc9190ea54d14b7348.jpg
train,train/images/00000389_jpg.rf.ba4c12f25d787006e566fc8694ea2839.jpg
train,train/images/00000389_jpg.rf.d718d48f83aa77e7c9f0773cdabe373b.jpg
train,train/images/00000394_jpg.rf.44a7b7182bad165fa4831e69145aa45e.jpg
train,train/images/00000394_jpg.rf.96ca1b80424389a6e31b5cb0f482bf9f.jpg
train,train/images/00000394_jpg.rf.9c29835b5c1a30cab73daa4dbc3bb9e7.jpg
train,train/images/00000402_jpg.rf.1a950ac3842a15f8cabcb58d204862fc.jpg
train,train/images/00000402_jpg.rf.88a900dd6dcf23dbe96149cc2aa6240d.jpg
train,train/images/00000402_jpg.rf.ec84c1f29316b0fa5d6afbf09eecdac1.jpg
train,train/images/00000407_jpg.rf.9be1758e46331a3a05210cd7aa64350e.jpg
train,train/images/00000407_jpg.rf.adf337c2a37861f688b67b35431ffa43.jpg
train,train/images/00000407_jpg.rf.d9092f0b171a39ddd1b9c82f678f69a6.jpg
train,train/images/00000410_jpg.rf.639d578a0b0fd2816cf05c29748a1127.jpg
train,train/images/00000410_jpg.rf.7c2c0b73a38b6735756ffe13b50af537.jpg
train,train/images/00000410_jpg.rf.7f610d08c2c905cfea1a8885897aa9f7.jpg
train,train/images/00000429_jpg.rf.1178b23ac210dd8d00210e27c87a6954.jpg
train,train/images/00000429_jpg.rf.21d1e947a5abf34b4b13ec09331038bd.jpg
train,train/images/00000429_jpg.rf.8437d4a7e5c7ed2d3bf9721f303c2852.jpg
train,train/images/00000431_jpg.rf.909687c74ccf0a5bdf7be0e59d6510e8.jpg
train,train/images/00000431_jpg.rf.9b5277f79cfb950e456de7720ccb0aa4.jpg
train,train/images/00000431_jpg.rf.dc499f490b8c40aca0762c4c48044c8b.jpg
train,train/images/00000439_jpg.rf.21e0f05bdf393768dd911e8417dea18e.jpg
train,train/images/00000439_jpg.rf.5add88dc28ad8e8de8f4b6f8348a4190.jpg
train,train/images/00000439_jpg.rf.7e7d425186e75193d70e7a40fbc0e100.jpg
train,train/images/00000447_jpg.rf.1bbbab50e3e4ee37b6654fcc257289f3.jpg
train,train/images/00000447_jpg.rf.46f4b33bebe77989224b085b6d3806e7.jpg
train,train/images/00000447_jpg.rf.c122602f0b7f7b7b1054415f76695a64.jpg
train,train/images/00000456_jpg.rf.4059966f46107d0de7d261f73d717467.jpg
train,train/images/00000456_jpg.rf.6debaf5cba90bfe639d178f65ec5d9b5.jpg
train,train/images/00000456_jpg.rf.fc5b010927d48d78457881af27173574.jpg
train,train/images/00000461_jpg.rf.1471c02e4a1df1da943433b66724f479.jpg
train,train/images/00000461_jpg.rf.19f03f8cfaf479be789bc9d192a6ac03.jpg
train,train/images/00000461_jpg.rf.613a43a3c098f3a4ec2fd60230090f0b.jpg
train,train/images/00000475_jpg.rf.2eb08f30db009b4aa7db14cde9791d4d.jpg
train,train/images/00000475_jpg.rf.85937ee3301048ad9ef99d751db6a5d1.jpg
train,train/images/00000475_jpg.rf.ae2c748fa9e08f624191f3b819bfea4f.jpg
train,train/images/00000481_jpg.rf.36e21ab0aa936866a3f929922ae841e2.jpg
train,train/images/00000481_jpg.rf.da361bcf0df82e107f9954186f73e4b7.jpg
train,train/images/00000481_jpg.rf.e059daa731ca28f755b16d44a06e1ec1.jpg
train,train/images/00000486_jpg.rf.50b2f2d0a074cdbfd1e3ea5db7d16500.jpg
train,train/images/00000486_jpg.rf.8e4a64d597fcba9208642d0f55d7c2b2.jpg
train,train/images/00000486_jpg.rf.a36c087467836a148d4973601aaf75cf.jpg
train,train/images/00000487_jpg.rf.44bf41dfb7d66d69799dddb7cd735b75.jpg
train,train/images/00000487_jpg.rf.6df67962719a8871ada0da1882b3315d.jpg
train,train/images/00000487_jpg.rf.87f8509a08b73c82805ccd5d39df425d.jpg
train,train/images/00000488_jpg.rf.157c555c4eca5d1ddd7cd77a72ac4f5f.jpg
train,train/images/00000488_jpg.rf.3a870a54ae1488a06d13eb67523a4bc9.jpg
train,train/images/00000488_jpg.rf.d881592ae8aaaa6e14b4920ab6b43c4b.jpg
train,train/images/00000489_jpg.rf.1c992d86f418d202259d80e5fa9b3dbe.jpg
train,train/images/00000489_jpg.rf.677bbd2f396b9e6a81db7ee78f48feb9.jpg
train,train/images/00000489_jpg.rf.9f1422016377c25dbf4e0c43f874334b.jpg
train,train/images/00000490_jpg.rf.6d477d03a0a1741cadd3316f2c26f4d4.jpg
train,train/images/00000490_jpg.rf.7f3b6d112f0b802051861489bbddd50b.jpg
train,train/images/00000490_jpg.rf.959b48acd46b589295fecd319bb73f77.jpg
train,train/images/00000493_jpg.rf.2e1425ba3665d381db2161ac7f434278.jpg
train,train/images/00000493_jpg.rf.73742d8381cc98c91486c2ac33e6c31d.jpg
train,train/images/00000493_jpg.rf.ebd32e1c6377b33d72301e34fd367980.jpg
train,train/images/00000495_jpg.rf.7d1126b9d3b1f95f87c633750aefb0e3.jpg
train,train/images/00000495_jpg.rf.83f94f3516a1db3c3651480c114e81b3.jpg
train,train/images/00000495_jpg.rf.ac01417bf3bf5e984240c181091b7d3e.jpg
train,train/images/00000496_jpg.rf.23907fa8e7c1bf8df5dcfb7b3b5a5c41.jpg
train,train/images/00000496_jpg.rf.240883a741add90107c37a30cd7b065f.jpg
train,train/images/00000496_jpg.rf.8d03820a30a9ed915fc5d05af2246633.jpg
train,train/images/00000499_jpg.rf.7e6025ce42a00b082a27a6bc00cd99ac.jpg
train,train/images/00000499_jpg.rf.e73745df96ce8e89bc7e6c3485c08783.jpg
train,train/images/00000499_jpg.rf.f3f93cd6ba788f738b330e2cae9090c7.jpg
train,train/images/00000500_jpg.rf.8b2055b4c0a1a36f92f749de5b582395.jpg
train,train/images/00000500_jpg.rf.e5eaab368694f464670d6950b7b5a9e9.jpg
train,train/images/00000500_jpg.rf.fadcb87aa5f0aa2f845907fc3e4bcedf.jpg
train,train/images/00000503_jpg.rf.b921b53783fe6fd1789115975f971b6c.jpg
train,train/images/00000503_jpg.rf.d45d540a64b8d834385a7a0696f44100.jpg
train,train/images/00000503_jpg.rf.d58eed4dd9ef6c26a681dc92e57b2940.jpg
train,train/images/00000513_jpg.rf.07f22dcde769461722ddc9b9b3a3eefc.jpg
train,train/images/00000513_jpg.rf.b52f280b41b01a1bce5b8b479a1c79e5.jpg
train,train/images/00000513_jpg.rf.f4294a867ee16ca5fb26114fb812eb7e.jpg
train,train/images/00000514_jpg.rf.04b741986f94c177fbd841adb89c2cf2.jpg
train,train/images/00000514_jpg.rf.3ee08131d6cd956153663b690ca59b40.jpg
train,train/images/00000514_jpg.rf.51b7cd6d3f347117871142daba67d6de.jpg
train,train/images/00000515_jpg.rf.73da9e7dce4e7f3ec2e369cf7b4f5e7e.jpg
train,train/images/00000515_jpg.rf.c55c701f290f9ada5c314fd697144683.jpg
train,train/images/00000515_jpg.rf.e2c1e80432940dd4984e617b8b85765b.jpg
train,train/images/00000517_jpg.rf.7608db588b499de6187066f808d70d80.jpg
train,train/images/00000517_jpg.rf.8a618c883d11eb05153f20ccda58a90e.jpg
train,train/images/00000517_jpg.rf.b653d94641f4539c50a0a72c941bd855.jpg
train,train/images/00000524_jpg.rf.33812d5e42649db59b08ebb7253c0c62.jpg
train,train/images/00000524_jpg.rf.3f06eaeda09c36a9577463e98acd8cf9.jpg
train,train/images/00000524_jpg.rf.40ea7ac1acf11b38ee7daad14051e348.jpg
train,train/images/00000525_jpg.rf.18f6f63dcda6e95c3c1c9893e1c4d9ad.jpg
train,train/images/00000525_jpg.rf.4eac255506b1a75d78a62191935f8daa.jpg
train,train/images/00000525_jpg.rf.60ea3d71784d9316d2cccea9d249d856.jpg
train,train/images/00000530_jpg.rf.1ea379023b97893dcaa686cbea1bc0b3.jpg
train,train/images/00000530_jpg.rf.290f6c0733793f975fd0e59b9b5d4f18.jpg
train,train/images/00000530_jpg.rf.cba4b7c6ef99b34231ac420c29a11431.jpg
train,train/images/00000534_jpg.rf.0ca0f5de8f4fb78393a29af60c457d6b.jpg
train,train/images/00000534_jpg.rf.3ad61df5aa2cdfcbfedfe70d45eff950.jpg
train,train/images/00000534_jpg.rf.ab79cad24cef4cf7d4efc89c9ddc044e.jpg
train,train/images/00000539_jpg.rf.6d289e9abf86c2eaab7942d78b823598.jpg
train,train/images/00000539_jpg.rf.7a514d1c5cd6c9b1a671cba4583be830.jpg
train,train/images/00000539_jpg.rf.839ce4e4a29f3876e6e1d27b62af195d.jpg
train,train/images/00000541_jpg.rf.1b6bb94c821e759a8220f776e43d0ca5.jpg
train,train/images/00000541_jpg.rf.6507d46df7cae1386ac5ff7dbfa296dd.jpg
train,train/images/00000541_jpg.rf.75c30d59132e1e81ccf7fdd5c1f1b781.jpg
train,train/images/00000546_jpg.rf.3adef310f8a5cc8444140cf189551fc5.jpg
train,train/images/00000546_jpg.rf.491093c5f4eff18d9dc8b8682e8e511c.jpg
train,train/images/00000546_jpg.rf.e84520079ba37a66c7c688783b2534fd.jpg
train,train/images/00000549_jpg.rf.3b5d33c2e27d58749bbe5d26462caa3e.jpg
train,train/images/00000549_jpg.rf.8ddeefe29cd2aacd10c6f44357cb3619.jpg
train,train/images/00000549_jpg.rf.9099bf7cb35765a845a2b2482e767d28.jpg
train,train/images/00000552_jpg.rf.3c9d4e5a4e939248d6b04066b723c1b5.jpg
train,train/images/00000552_jpg.rf.df2a9a9cbfe155f977e0283c7fb5cd5f.jpg
train,train/images/00000552_jpg.rf.e40eef30bc9d7d35bfdf65b90b04a6eb.jpg
train,train/images/00000564_jpg.rf.2b97e0a7081b93ab923ed08b8958074b.jpg
train,train/images/00000564_jpg.rf.6b7c8e434463e87be480555a692aed48.jpg
train,train/images/00000564_jpg.rf.ca1c269f7ea9520a279c60e2527dd60a.jpg
train,train/images/00000571_jpg.rf.2711791b8b218b7c8950b6a614059281.jpg
train,train/images/00000571_jpg.rf.6250d7164bc2abb3089fb5ba0c073dd4.jpg
train,train/images/00000571_jpg.rf.cce16d77ba16febdfd7de091c81070e2.jpg
train,train/images/00000573_jpg.rf.734b7681dac9ce465a77a07887de0e03.jpg
train,train/images/00000573_jpg.rf.cd074fc0a654445fc4d41cd079bcf685.jpg
train,train/images/00000573_jpg.rf.fa7ea6edf604f3097e31bc0a88b886aa.jpg
train,train/images/00000576_jpg.rf.9cd2e5d988b6e4849bc262503bfee7e0.jpg
train,train/images/00000576_jpg.rf.a3e8ada56a7664049041f14bb278cd35.jpg
train,train/images/00000576_jpg.rf.a7e8c67d8763d5842c53d407ff03d453.jpg
train,train/images/00000578_jpg.rf.4143e3f3394eac35684e26736889166b.jpg
train,train/images/00000578_jpg.rf.6153288c73409c6a0d3985817f1dada4.jpg
train,train/images/00000578_jpg.rf.a30855f4e338a12904aa9155e5787225.jpg
train,train/images/00000579_jpg.rf.65eed6983bbd60ee63487d70537e960d.jpg
train,train/images/00000579_jpg.rf.861305b1b423db82045239ae25a7f0b8.jpg
train,train/images/00000579_jpg.rf.8a6f459312d9ccb472e4db541c672ea7.jpg
train,train/images/00000580_jpg.rf.ae2d0b0a52d820d67030d35289fd635e.jpg
train,train/images/00000580_jpg.rf.ca0507da60b6fe79b14223dff85f772e.jpg
train,train/images/00000580_jpg.rf.dfc405eb3907ae436652f1182d6f234c.jpg
train,train/images/00000583_jpg.rf.28c538c4a8be1e33c1d165bd2468858d.jpg
train,train/images/00000583_jpg.rf.84661e784b3c8cbc8f018fd06415a271.jpg
train,train/images/00000583_jpg.rf.ced8378ffb3bb9fb947e6380df1210e4.jpg
train,train/images/00000587_jpg.rf.badc6952d3cc492d95e34a1ff2e9b1af.jpg
train,train/images/00000587_jpg.rf.d00c5cd30a2994ffc2a5b144c8a40d28.jpg
train,train/images/00000587_jpg.rf.f3d73d7442174491a1eb275ee0cad8a6.jpg
train,train/images/00000593_jpg.rf.1c5fd94c5786b8e7828c10fe9d628e66.jpg
train,train/images/00000593_jpg.rf.38c00f781fc865ea6147c9cb4dca2a23.jpg
train,train/images/00000593_jpg.rf.cdab2aa81b43c385926d2b5b61e20ec3.jpg
train,train/images/00000599_jpg.rf.45a42ea9fd7b0594052dd28503e37338.jpg
train,train/images/00000599_jpg.rf.d679d9d4cf24ad8cef8862fda0a4d4e1.jpg
train,train/images/00000599_jpg.rf.de8438b6569ed807de7bba6b1be4ada8.jpg
train,train/images/00000603_jpg.rf.1761233838548d322442bc6a8948cd98.jpg
train,train/images/00000603_jpg.rf.231f5c56572ac944cd87cc9ad0de7beb.jpg
train,train/images/00000603_jpg.rf.fbd2e28ce89736e624654cfee96181f9.jpg
train,train/images/00000605_jpg.rf.18552b6e36d7bd3e92d091a13da071fd.jpg
train,train/images/00000605_jpg.rf.3c8acf5dd45c8d15559eb062ab3b767e.jpg
train,train/images/00000605_jpg.rf.87ffe6f5b99cb2ec9e6af7ef14ae5fa5.jpg
train,train/images/00000607_jpg.rf.573f11ad34e76ebe43682eb51d3c084b.jpg
train,train/images/00000607_jpg.rf.8a914c8152630da5476a1f6dceda02fe.jpg
train,train/images/00000607_jpg.rf.f70db33cbef5a59750fc4c4487e5c7fd.jpg
train,train/images/00000613_jpg.rf.23f98e526514fb5037ae038da9322788.jpg
train,train/images/00000613_jpg.rf.68e811a5463e1087c3288611bb01b1e6.jpg
train,train/images/00000613_jpg.rf.b954aedf0f88c23949424bfa1fbc4da4.jpg
train,train/images/00000615_jpg.rf.2623930518f64800c1c705904c2167bb.jpg
train,train/images/00000615_jpg.rf.3fee9067660a75001d5d849bee5563c6.jpg
train,train/images/00000615_jpg.rf.ea0426c7b953e3a8b8eea9c0be45bfd1.jpg
train,train/images/00000623_jpg.rf.6293b36f604d955fbfa2e84b8257b1fb.jpg
train,train/images/00000623_jpg.rf.8e8e74eeddeaa4a1bafe5ceab2fa7e5c.jpg
train,train/images/00000623_jpg.rf.a118a7312598132a7208830492ca51eb.jpg
train,train/images/00000625_jpg.rf.8fb31182184d0a54bdc90fda2cb46842.jpg
train,train/images/00000625_jpg.rf.ad0b197e888a262ba18a593e293d38a5.jpg
train,train/images/00000625_jpg.rf.e0da1c5522ff2d15d4e34d22fb7d0d44.jpg
train,train/images/00000628_jpg.rf.1d43d9db42b8acfd6c409e834c0b7c03.jpg
train,train/images/00000628_jpg.rf.62a535c9d01b3c57b023a644119684c5.jpg
train,train/images/00000628_jpg.rf.b5cae10077bcfdee87fa8fc1022a05d7.jpg
train,train/images/00000630_jpg.rf.31cb9b0a45995e1ebd5b27c2430fd673.jpg
train,train/images/00000630_jpg.rf.d1b29c6c8fcdb74e2cbd40aa73225f46.jpg
train,train/images/00000630_jpg.rf.e9a77e7339e37e32c541a04d7423eac4.jpg
train,train/images/00000633_jpg.rf.20893f2c52ba02fbef0890ee1b066875.jpg
train,train/images/00000633_jpg.rf.420de36a66f4751bab18578f2e206ac9.jpg
train,train/images/00000633_jpg.rf.9322633272729677f65f04f10dc18f29.jpg
train,train/images/00000637_jpg.rf.c99825c67d98810965bbb6825c559e14.jpg
train,train/images/00000637_jpg.rf.ec723efada87d2f2846305f116f63006.jpg
train,train/images/00000637_jpg.rf.fca4004bc8bbcca47d07c5b90be7543e.jpg
train,train/images/00000640_jpg.rf.25c5a575863351608822797a00386e75.jpg
train,train/images/00000640_jpg.rf.c37753028f0111ebbc83f21699d81982.jpg
train,train/images/00000640_jpg.rf.cc1e4cf602565631db4b84a4b1477ae1.jpg
train,train/images/00000641_jpg.rf.0869889833259412977bf6e115e911f6.jpg
train,train/images/00000641_jpg.rf.7777d3ebab0feeae060f6957e41cad0d.jpg
train,train/images/00000641_jpg.rf.d63bd37f51537c507c069ee4535a1859.jpg
train,train/images/00000642_jpg.rf.39a8de3705d7619a5b6fcb25ca8e6e1d.jpg
train,train/images/00000642_jpg.rf.4cc9f3a1438e3cda89a21d5ff21d46aa.jpg
train,train/images/00000642_jpg.rf.64cbe0b8cbf12a01d694fe0b09bffbf0.jpg
train,train/images/00000647_jpg.rf.1f6854e59bad7a446fa0fadfe16919e0.jpg
train,train/images/00000647_jpg.rf.6027591a1a86ee69fbd7256986acfd64.jpg
train,train/images/00000647_jpg.rf.efc4ab40ae55233eb1266ae8cf41a384.jpg
train,train/images/00000653_jpg.rf.1be54ae3183ca7a7aa92722119beabbd.jpg
train,train/images/00000653_jpg.rf.911dcbbbe9c706c72d7d7588543aba93.jpg
train,train/images/00000653_jpg.rf.c5e6972063d5e0b2352e43b7267da7e9.jpg
train,train/images/00000661_jpg.rf.47d1a09a070cb446340d91a180be8d42.jpg
train,train/images/00000661_jpg.rf.7ff06188298f88cd85a2839806be2479.jpg
train,train/images/00000661_jpg.rf.d38e04f839ecbbf2bed54b3e947704ea.jpg
train,train/images/00000670_jpg.rf.3621b1d4544f08fbfc1b9c4dc9d2bf71.jpg
train,train/images/00000670_jpg.rf.7c6f3574bf69ed49679c9d15efc7fd99.jpg
train,train/images/00000670_jpg.rf.cbb07135a03155b60ecabe7236697dc7.jpg
train,train/images/00000674_jpg.rf.2af4d0ef2dd8b998c106ecc6aa7903c4.jpg
train,train/images/00000674_jpg.rf.d9fe4694f717fa9989797e7f0be36e05.jpg
train,train/images/00000674_jpg.rf.e6fc9115c200036c2e51e415490371ca.jpg
train,train/images/00000678_jpg.rf.b8d50ceb4c69a1f5141df34c4f18931b.jpg
train,train/images/00000678_jpg.rf.d6391ea8330f019a19151bb4a954b0af.jpg
train,train/images/00000678_jpg.rf.dbfd188a00491af41574342ab74a41ea.jpg
train,train/images/00000680_jpg.rf.317ef29c1262f59e319e1853f41d462e.jpg
train,train/images/00000680_jpg.rf.6813b8c96903fb592d7b9867247843e8.jpg
train,train/images/00000680_jpg.rf.b0e8d9ae3295231c666ee28afc96ee83.jpg
train,train/images/00000684_jpg.rf.29064ed59b549958641c26f1f6032366.jpg
train,train/images/00000684_jpg.rf.7177d31135f53ca777ee4c8823995b51.jpg
train,train/images/00000684_jpg.rf.f2451ecce3f7b5847489f7e755b619fa.jpg
train,train/images/00000689_jpg.rf.149530b30b8a3c026724ff0f577a1405.jpg
train,train/images/00000689_jpg.rf.2d64093e8a5e0e9eadc0cb425ad56bcf.jpg
train,train/images/00000689_jpg.rf.be7bb14d353cc865a8a1885f556a9864.jpg
train,train/images/00000694_jpg.rf.04508fd08f5a35cfe6c82ba1d86c3278.jpg
train,train/images/00000694_jpg.rf.2d7bb10e2507836cbe4031f292dd6dc4.jpg
train,train/images/00000694_jpg.rf.5a8f972ebc474546d5a9b1b6636e1c3e.jpg
train,train/images/00000695_jpg.rf.3d770dcd64445d230f81459930f113b5.jpg
train,train/images/00000695_jpg.rf.7db7b6781ac3c423371cae8e94a6b109.jpg
train,train/images/00000695_jpg.rf.86b86838367b1e548354d150b9b7d8ff.jpg
train,train/images/00000701_jpg.rf.3c675549506eae7fbdf21f9bf9103c45.jpg
train,train/images/00000701_jpg.rf.780d247fce7567eef2761c2419df7120.jpg
train,train/images/00000701_jpg.rf.bc61544289b1cedbbd7828446caa209d.jpg
train,train/images/00000709_jpg.rf.0d9b6e786c21216026bef8a5f9d47f30.jpg
train,train/images/00000709_jpg.rf.0f9c9047dec57314a2b5cb25f8cb608c.jpg
train,train/images/00000709_jpg.rf.bb9f0169c4c8de87ff61c74e9aa83bba.jpg
train,train/images/00000710_jpg.rf.11d38858afbda66b71384f73cdc6d6df.jpg
train,train/images/00000710_jpg.rf.b3cdcd80de55c6805724a6f2467374ed.jpg
train,train/images/00000710_jpg.rf.be649bf4005024639f494f3cadc5eeb2.jpg
train,train/images/00000711_jpg.rf.7d640190c9f1df4bb67febe8fcd7a5dc.jpg
train,train/images/00000711_jpg.rf.9b90e6cadac92bbb2cb13da562d5d961.jpg
train,train/images/00000711_jpg.rf.f2ce1395b787af04fde5d731d8b5b979.jpg
train,train/images/00000712_jpg.rf.527a732ba55ff5d7a5d5238ad3ee5d85.jpg
train,train/images/00000712_jpg.rf.60c201a89fef96d4e00e9f6ad91d3369.jpg
train,train/images/00000712_jpg.rf.85e5dce9c76b49f669fa373da93c4fbf.jpg
train,train/images/00000714_jpg.rf.1e00b36161317e41bcdbcc3a3d63e022.jpg
train,train/images/00000714_jpg.rf.2c9c84a06cdd50b473654af0ff042907.jpg
train,train/images/00000714_jpg.rf.a24576740143d036240b38e0d95169a9.jpg
train,train/images/00000716_jpg.rf.7b73256c9dc0593a7afb3d2a59c0c30e.jpg
train,train/images/00000716_jpg.rf.b855e82d2127b2a3e56218c3e3091b45.jpg
train,train/images/00000716_jpg.rf.beb4af0baa986b447280db9ea5516c7e.jpg
train,train/images/00000717_jpg.rf.270331403f12ee5cb8a1e2bc390a79d5.jpg
train,train/images/00000717_jpg.rf.3b677bd53cbcf35f77920468957a76bb.jpg
train,train/images/00000717_jpg.rf.444f51c7186e996f00f9bebe6646d3e9.jpg
train,train/images/00000722_jpg.rf.4c4b0e78faa26dac3d309c52f1bf7fa3.jpg
train,train/images/00000722_jpg.rf.6642f4dea92a0600b89075035a9fc99c.jpg
train,train/images/00000722_jpg.rf.ef33ad1628c3f139fdfa419b302e8ac0.jpg
train,train/images/00000727_jpg.rf.21750f251c72b50626e754462b7e7d3d.jpg
train,train/images/00000727_jpg.rf.8079157b1b92fc22aa58b1a45c1d03a5.jpg
train,train/images/00000727_jpg.rf.a36b03a1b71b90efc1961a79acae03b3.jpg
train,train/images/00000735_jpg.rf.9070bceee85867322f99db8fcac00b95.jpg
train,train/images/00000735_jpg.rf.9c5ddfc606861a1edffcfaf023f93693.jpg
train,train/images/00000735_jpg.rf.a525c8160f05c84bff30d5146d25f068.jpg
train,train/images/00000741_jpg.rf.1cf29c5cee504fa1efd598f5055fde35.jpg
train,train/images/00000741_jpg.rf.a1c00650108fb84652ac0c33345850c5.jpg
train,train/images/00000741_jpg.rf.b72ac3b7b2bcc32cd6312f354d1af8b3.jpg
train,train/images/00000743_jpg.rf.35b0e7006b204889e245f72d0f35cbd6.jpg
train,train/images/00000743_jpg.rf.8e4384732e03739056f53d9001114a23.jpg
train,train/images/00000743_jpg.rf.a3e1872f39e4f8c88bb8bbb763b5e5ff.jpg
train,train/images/00000751_jpg.rf.4041ade1e573f8b49f4cb327436b927d.jpg
train,train/images/00000751_jpg.rf.611ae54a9d195ec67657ee37d3e3bcb6.jpg
train,train/images/00000751_jpg.rf.6b038dd56735a9c7bce268fc51cd0585.jpg
train,train/images/00000752_jpg.rf.429a82d4437a70619c2fff9b348feea9.jpg
train,train/images/00000752_jpg.rf.5c07c138fff402d919ddf4fbf9c22ab3.jpg
train,train/images/00000752_jpg.rf.9450b5c7d20a2aa16fbb15190021fcdb.jpg
train,train/images/00000764_jpg.rf.03f2bbe3fa38cd2c908485a600df3bfa.jpg
train,train/images/00000764_jpg.rf.680586f2268e153dc745e9e10da47c68.jpg
train,train/images/00000764_jpg.rf.b496a947245146f2a83ceb1c6b585c68.jpg
train,train/images/00000771_jpg.rf.06459f9f8d207e5295aaf7817edd81af.jpg
train,train/images/00000771_jpg.rf.521feeec2ac3bc630026e2de749f406d.jpg
train,train/images/00000771_jpg.rf.cdf80cc96545e108b9a45724782f5f71.jpg
train,train/images/00000772_jpg.rf.1ae33b72798ce093134c6dcf34edb703.jpg
train,train/images/00000772_jpg.rf.6e73cd251884a99cc73cae8927f70f4f.jpg
train,train/images/00000772_jpg.rf.cb1d043c2b7cc2358709b5e7713f60c6.jpg
train,train/images/00000781_jpg.rf.71d28bf73a1f9581e89373697a383f46.jpg
train,train/images/00000781_jpg.rf.8ae44f7b836fe10c638afdb1e59f6111.jpg
train,train/images/00000781_jpg.rf.b2c218119fe145911d94a53d86792f20.jpg
train,train/images/00000783_jpg.rf.2835453c1751c6b9c7d4f1755510e72a.jpg
train,train/images/00000783_jpg.rf.418e64d4173e82932a6084c007ff52cc.jpg
train,train/images/00000783_jpg.rf.7d2b30c0ec8e7f8fb17c967c89edf1ba.jpg
train,train/images/00000784_jpg.rf.257a2ab3a78ddf40bb83ff2000e4e59b.jpg
train,train/images/00000784_jpg.rf.9b24344150cadcbbe51480ae8ccbca4c.jpg
train,train/images/00000784_jpg.rf.c331991de9a8f7c9890f2cd5cd99ed24.jpg
train,train/images/00000786_jpg.rf.11bbbd2932588e8e3b81c291d47ff156.jpg
train,train/images/00000786_jpg.rf.7c134da38725fff23047606c2a66879b.jpg
train,train/images/00000786_jpg.rf.bd0b1b5b8e2ae571ca4a7f17e3006497.jpg
train,train/images/00000788_jpg.rf.2485dd5b8a8e3740ada2cd491573b611.jpg
train,train/images/00000788_jpg.rf.b17f2311cc111a452e433640e2144166.jpg
train,train/images/00000788_jpg.rf.f952d7e1876d16f816a4879e5df37198.jpg
train,train/images/00000794_jpg.rf.abbacd38fdb7f827637bf68a2070c07d.jpg
train,train/images/00000794_jpg.rf.dc70e0a56b971dfa403477af956f78b0.jpg
train,train/images/00000794_jpg.rf.f0a92bc433ae3f94d25272342bf7dcc6.jpg
train,train/images/00000798_jpg.rf.df44bb36d92025e48ca90ccde0e58be5.jpg
train,train/images/00000798_jpg.rf.f9de593503e2ed0bbd016f9177f14dde.jpg
train,train/images/00000798_jpg.rf.fe376449ded91df572993d6352f8edc9.jpg
train,train/images/00000799_jpg.rf.81e2da2f8fa562efa82078d8ba2d14f0.jpg
train,train/images/00000799_jpg.rf.c340c9538d30669dd1dfe63bef1984b0.jpg
train,train/images/00000799_jpg.rf.d7ed45bd2e2f5b2fefba6af53696f7a7.jpg
train,train/images/00000800_jpg.rf.5741c760ae53cf4ba96ab8704ef6cd54.jpg
train,train/images/00000800_jpg.rf.b20f389c8ab8cc486c67e886756b7b5e.jpg
train,train/images/00000800_jpg.rf.c2be94ed5ebca6ebb6028b3cfcc00d90.jpg
train,train/images/00000801_jpg.rf.11afdc1de02855ad690a95e435e4048b.jpg
train,train/images/00000801_jpg.rf.2a2e0fb2c83a873a157b643b3104e231.jpg
train,train/images/00000801_jpg.rf.a88af2b3c68703329b77179b4856dda9.jpg
train,train/images/00000803_jpg.rf.32c2e286789907270852ca8097f32b4f.jpg
train,train/images/00000803_jpg.rf.638258088551e1bba0152a98a7164a1b.jpg
train,train/images/00000803_jpg.rf.66bea9f7282b7e7c6e3f84364bb9173f.jpg
train,train/images/00000804_jpg.rf.2c51a61abb821f27b69fad9723cc79ca.jpg
train,train/images/00000804_jpg.rf.4980cb78b85775aab3a602cd8d76f4ce.jpg
train,train/images/00000804_jpg.rf.9393dfd25827a1db84fa9db90cf1de92.jpg
train,train/images/00000807_jpg.rf.01c43688f8ff351305300107261216c0.jpg
train,train/images/00000807_jpg.rf.b80809d4f2eaa82bb10fcdf8c345202e.jpg
train,train/images/00000807_jpg.rf.bbacc5409befb03707cde086d1c71e22.jpg
train,train/images/00000810_jpg.rf.18650b899623950bfe38034339b2f245.jpg
train,train/images/00000810_jpg.rf.89185d0eca343b0a9feae21be8cd925b.jpg
train,train/images/00000810_jpg.rf.d6105925a89f4d6fb3f06e230efc2216.jpg
train,train/images/00000812_jpg.rf.2ae9520d3d6412eca444d4be5e563b13.jpg
train,train/images/00000812_jpg.rf.8811a434ea7ad1fd9883e8dc4a186973.jpg
train,train/images/00000812_jpg.rf.d3eb54f8946e90293d072760c44b53b2.jpg
train,train/images/00000817_jpg.rf.682b89aec21dde2c1b7e8987797e144b.jpg
train,train/images/00000817_jpg.rf.8c9234f7f7853cb4d7eaae1a20aaae4f.jpg
train,train/images/00000817_jpg.rf.fc92d5920f81044741cc6e4c4cb290c0.jpg
train,train/images/00000818_jpg.rf.0e45ba7c1256363132b47410d228c72e.jpg
train,train/images/00000818_jpg.rf.10b90958d15fca5d440ccabe66c0b6b4.jpg
train,train/images/00000818_jpg.rf.beafbdcf8d07ba5bd420e8c46cfda7ad.jpg
train,train/images/00000820_jpg.rf.6efe80df518056aeaed2fc5607034629.jpg
train,train/images/00000820_jpg.rf.93805e7ce2798f7879850c8e8726ec55.jpg
train,train/images/00000820_jpg.rf.9f531f58bfb4622e1e3f0eba8db8221d.jpg
train,train/images/00000821_jpg.rf.3ed4242689e7a020e796410e40102acb.jpg
train,train/images/00000821_jpg.rf.a2f7349779efc9977ff96e680c3ba625.jpg
train,train/images/00000821_jpg.rf.dd545bff591390490ce5e5c170317828.jpg
train,train/images/00000828_jpg.rf.3ddb39202b7ca7a641cf144959926f78.jpg
train,train/images/00000828_jpg.rf.aa79c1285014d0e15f7987b47888cfc0.jpg
train,train/images/00000828_jpg.rf.e819d5b2ffb6a19fe16465731aed2bcf.jpg
train,train/images/00000831_jpg.rf.a14f7b60f9cef3ce5ce2ceab5dd76cc7.jpg
train,train/images/00000831_jpg.rf.be212f99280003e3e1fbf9997d37f419.jpg
train,train/images/00000831_jpg.rf.e6c7cfe72b3a7035d7a4849cdf44b5fd.jpg
train,train/images/00000833_jpg.rf.071bcb0f1f66f9c7e616765f7f448bd1.jpg
train,train/images/00000833_jpg.rf.1145d498c341cb479d42763a0b8ccc5c.jpg
train,train/images/00000833_jpg.rf.2b03a90d7c28a25b614423e614944ea6.jpg
train,train/images/00000852_jpg.rf.4493b78853909f9464261da8b6dd3591.jpg
train,train/images/00000852_jpg.rf.55a515da3e98e315a0cab5ab09d31424.jpg
train,train/images/00000852_jpg.rf.df310ccbf467e7d370f8f8aa8765532f.jpg
train,train/images/00000866_jpg.rf.10bbf473be0defec58eadddbf4648f50.jpg
train,train/images/00000866_jpg.rf.4f09ab8d5617e2f1497cb93ae185b085.jpg
train,train/images/00000866_jpg.rf.78a909d62622607affba8a79dba611a2.jpg
train,train/images/00000867_jpg.rf.77092814eb8bc19a35caf469d38b542c.jpg
train,train/images/00000867_jpg.rf.d9a58ffee2a3fe3705da44b0db18c0b9.jpg
train,train/images/00000867_jpg.rf.fb067d5987bab74d55286e902ac979d5.jpg
train,train/images/00000868_jpg.rf.44cad7ae017675d13f1a0b5afd87fa68.jpg
train,train/images/00000868_jpg.rf.bd5d686028db1621ba6e87b578757314.jpg
train,train/images/00000868_jpg.rf.dc6d627bd738c6f87c21742b368a656c.jpg
train,train/images/00000870_jpg.rf.0dace257bb448ea351556d3ed8e2d234.jpg
train,train/images/00000870_jpg.rf.2bb659773d42e89ef553b95ba459b662.jpg
train,train/images/00000870_jpg.rf.ea90cc42bbd13ccc443c380b966d29e2.jpg
train,train/images/00000874_jpg.rf.4f2cd312447cd642c48457163dc8d34a.jpg
train,train/images/00000874_jpg.rf.585653ce3a03c909f251fe07bdf871dc.jpg
train,train/images/00000874_jpg.rf.e116fbbbc3aaf78a65a25cb3c22933c5.jpg
train,train/images/00000875_jpg.rf.45cf6551ccc2d26ec46012157250ea9a.jpg
train,train/images/00000875_jpg.rf.56da513a22bb3dd846931bf745327c43.jpg
train,train/images/00000875_jpg.rf.5ed5b30aa67b049918f7ab504eded418.jpg
train,train/images/00000876_jpg.rf.831624d6a349fd12902bd8751b7b186d.jpg
train,train/images/00000876_jpg.rf.f23fab8bbad6b6ae7a5c1e355f733677.jpg
train,train/images/00000876_jpg.rf.fae667dd368ff540c1f2850d960ec1a0.jpg
train,train/images/00000877_jpg.rf.2067dd2f874ecbbcd35ba96f86926dff.jpg
train,train/images/00000877_jpg.rf.35d6a0b90483c853460a20e02f34a947.jpg
train,train/images/00000877_jpg.rf.45b0256a0033d1b5f7f181a3759e83a9.jpg
train,train/images/00000878_jpg.rf.2bc462fda2e051d364f39a845bc5a10a.jpg
train,train/images/00000878_jpg.rf.3cd13cd95ea48e8a5adc4ac532973dd1.jpg
train,train/images/00000878_jpg.rf.9c2445d5be0b24eee7aacc31f7f5ddec.jpg
train,train/images/00000881_jpg.rf.c1b5eab18a4811824fd5f119f43d1209.jpg
train,train/images/00000881_jpg.rf.cc010729c8d2d963ff39c19c529ec897.jpg
train,train/images/00000881_jpg.rf.ef2d799a66f41051ab366d4392bc3e22.jpg
train,train/images/00000882_jpg.rf.69850cbceb6ff86089ff65ad2dfdd717.jpg
train,train/images/00000882_jpg.rf.9393131553144f8fd31e1ca5b7eacc1b.jpg
train,train/images/00000882_jpg.rf.acc0857feca3c14a1f41657669e7e8e7.jpg
train,train/images/00000885_jpg.rf.71e6486cae8961d55b9db119e32ba135.jpg
train,train/images/00000885_jpg.rf.ed92e72037287bcd83e6fce4d9fc3ffd.jpg
train,train/images/00000885_jpg.rf.f0d856e118e8d6dcedee511cbd1125c1.jpg
train,train/images/00000886_jpg.rf.3970a465b52259e18be56ccc37e2acaa.jpg
train,train/images/00000886_jpg.rf.67a6d3af0e6b4d9f6bf06b2119603103.jpg
train,train/images/00000886_jpg.rf.7ba49de7efff660026e8806df46cb371.jpg
train,train/images/00000887_jpg.rf.0eef41dbf5970e0b000077bddef00ecf.jpg
train,train/images/00000887_jpg.rf.367d32dc8ae479ccafc076263926a335.jpg
train,train/images/00000887_jpg.rf.b996f9cf1f8de6a585c2c86b9e360c62.jpg
train,train/images/00000889_jpg.rf.10492e8971d0a84993e5a36ee51500c7.jpg
train,train/images/00000889_jpg.rf.245fa89cae5ce355e84bcb81a3a6574d.jpg
train,train/images/00000889_jpg.rf.63e31f2d2458523b3822cb10205a665e.jpg
train,train/images/00000891_jpg.rf.291c0b61f51fb0038a0ed4259f29f1f0.jpg
train,train/images/00000891_jpg.rf.6da3aef27582786f7f29455fec403fc3.jpg
train,train/images/00000891_jpg.rf.b91687b4343e3e416492f3c638dd85a3.jpg
train,train/images/00000892_jpg.rf.0b8022aa4d9b0847a643810800ce1a5b.jpg
train,train/images/00000892_jpg.rf.64621c87e3c574f5fcfe03084a2fc56e.jpg
train,train/images/00000892_jpg.rf.6e26faa7abb7495c0b602623b3e5f1ff.jpg
train,train/images/00000893_jpg.rf.0a472acafeca00e3051ac7981f09036a.jpg
train,train/images/00000893_jpg.rf.2edf302cd6c6f91b398117c80e67971c.jpg
train,train/images/00000893_jpg.rf.dcd6c3fbc03681830bb89302553ccd4e.jpg
train,train/images/00000897_jpg.rf.7aee593745bef9c6114dbd19d0ba6f02.jpg
train,train/images/00000897_jpg.rf.aee83727354920db0297ea9457170702.jpg
train,train/images/00000897_jpg.rf.f0037decfb264832b357485fdcf2950b.jpg
train,train/images/00000898_jpg.rf.061e4a1ac9a5a0e551f42d2f9ceee994.jpg
train,train/images/00000898_jpg.rf.95a189004401c05cb2cbcf2c735f7fcf.jpg
train,train/images/00000898_jpg.rf.aa5bb03d3d755b9385ab8157a2a3e8dd.jpg
train,train/images/00000899_jpg.rf.43bc83b503d9ad1e8965b7eca237716e.jpg
train,train/images/00000899_jpg.rf.572f5ead680918dc4cf3c48caa9f657d.jpg
train,train/images/00000899_jpg.rf.e95b6ed7f2f7fd1adf1de9fc8818a7a0.jpg
train,train/images/00000901_jpg.rf.b6d567e63e50065bbb6021bdbd67dc1d.jpg
train,train/images/00000901_jpg.rf.db2d785accb5bb0fe4b81e82759d982d.jpg
train,train/images/00000901_jpg.rf.ef5a1ada5f36c12e36256d34bee513a7.jpg
train,train/images/00000904_jpg.rf.29bde12dffe861bb35206806f555b8f7.jpg
train,train/images/00000904_jpg.rf.5258ab9a11372a5769d3417db1638044.jpg
train,train/images/00000904_jpg.rf.c7c12c745d476b41e773b4269d75dbc3.jpg
train,train/images/00000906_jpg.rf.23ed65a3f1813974466d91140e3f0686.jpg
train,train/images/00000906_jpg.rf.b1c9eafbc1384e399774fb46910f0abc.jpg
train,train/images/00000906_jpg.rf.fc0dac71e3b16e2a998846ba2cf85621.jpg
train,train/images/00000907_jpg.rf.92ad910904241d77e48b69e08f3a6b34.jpg
train,train/images/00000907_jpg.rf.a5a1c6e4f825064d7ba8b7e0a898cbe7.jpg
train,train/images/00000907_jpg.rf.c649e30c8ee5e42ce723b0bd3ff39770.jpg
train,train/images/00000919_jpg.rf.9700327380f571e5d9eec4c3f12778dd.jpg
train,train/images/00000919_jpg.rf.ccee4abde6b39839026f5134c1dbb66f.jpg
train,train/images/00000919_jpg.rf.d68619f2b3cfb454b3da40fce9ea9ed0.jpg
train,train/images/00000922_jpg.rf.25e58ba45a6b526edda1b84739484dd3.jpg
train,train/images/00000922_jpg.rf.aabb6e8fd79c4cfb845d635c7d106a9f.jpg
train,train/images/00000922_jpg.rf.eb04c0690a3db6f52310b5375373c661.jpg
train,train/images/00000923_jpg.rf.062735f391846cb83188e86ae42141a3.jpg
train,train/images/00000923_jpg.rf.3aabca40aed5ff76f4657528a8024592.jpg
train,train/images/00000923_jpg.rf.c62fadc859ea6b7942dbb2e01fdd1d7d.jpg
train,train/images/00000924_jpg.rf.28fa2ce0a1f37b6835b74ada52362a42.jpg
train,train/images/00000924_jpg.rf.511ab17ca73e7d3a0d5711fefe6d7e1c.jpg
train,train/images/00000924_jpg.rf.d85e08d3897a5f910e19263dd3401245.jpg
train,train/images/00000933_jpg.rf.2aa7b236b7ca0a5eb006649102b7769e.jpg
train,train/images/00000933_jpg.rf.510dc832a2e20c6d5b17e0093a8797a8.jpg
train,train/images/00000933_jpg.rf.d5ed248acca2bf0ee7c593d13d9f510f.jpg
train,train/images/00000934_jpg.rf.35bb4fd4fe28471174573e9497b90714.jpg
train,train/images/00000934_jpg.rf.93a4bd909e05cb3495ac8a1e9dd983ed.jpg
train,train/images/00000934_jpg.rf.ed3d498bfd5e5da6fa38cc50e36ac9ef.jpg
train,train/images/00000936_jpg.rf.146bd2bc818fd36cd4527160d99338f7.jpg
train,train/images/00000936_jpg.rf.84bdd04874620bbd2ade332714cfad06.jpg
train,train/images/00000936_jpg.rf.9bcd9b4415dcd32f4218a2e0bdec0222.jpg
train,train/images/00000937_jpg.rf.05368d6f16ec217323991e228b9eb9f3.jpg
train,train/images/00000937_jpg.rf.28bcfac998dc191dc139fe4066719117.jpg
train,train/images/00000937_jpg.rf.dd01df90abf3ba21b9bc30af10ff6443.jpg
train,train/images/00000938_jpg.rf.2cd8bfb048de242bd67125b6f43ce524.jpg
train,train/images/00000938_jpg.rf.d7f16d1e43a1cf5596824f2022f92ec5.jpg
train,train/images/00000938_jpg.rf.fe64fa21c99c16357f260aefa8580e12.jpg
train,train/images/00000943_jpg.rf.579395aa792bb6c0b18873dfecc3a37b.jpg
train,train/images/00000943_jpg.rf.e485d724cd198766bf573ac80f13261e.jpg
train,train/images/00000943_jpg.rf.fc73ff37a6b08cd5607509a1e4e69604.jpg
train,train/images/00000947_jpg.rf.22c7c550a9d007a2fbe44379da95428d.jpg
train,train/images/00000947_jpg.rf.561db1338f97236c021c537d3e2c0854.jpg
train,train/images/00000947_jpg.rf.f7e9cbaabaf4c904e0f5a278ab2054d2.jpg
train,train/images/00000952_jpg.rf.002442e45b3a41d7370ac5c82dc45cd3.jpg
train,train/images/00000952_jpg.rf.e8756a93b5a5cc3ff9eb2b6c59878d11.jpg
train,train/images/00000952_jpg.rf.eb9b353dc0ac98b6acd9f1dafb897685.jpg
train,train/images/00000955_jpg.rf.4b81dcfbe757c2405444e2c694a87153.jpg
train,train/images/00000955_jpg.rf.9b57ae2a1b465f5c97b30a73edc2e881.jpg
train,train/images/00000955_jpg.rf.d62b3de7ed8d5b06b1eeb269fca2deda.jpg
train,train/images/00000956_jpg.rf.664887ada664dd727479bb285d519a21.jpg
train,train/images/00000956_jpg.rf.8111e8ff5218c22b7baa88a5be2b30f0.jpg
train,train/images/00000956_jpg.rf.e9b717855a54b9b8980e7074d0ce7e20.jpg
train,train/images/00000959_jpg.rf.7c991006295a705ca85eff61965bf229.jpg
train,train/images/00000959_jpg.rf.e4591d035e1cab90883aa8c1c052a045.jpg
train,train/images/00000959_jpg.rf.f6e2896895ddc9058499d7c2ba5cbaee.jpg
train,train/images/00000963_jpg.rf.a11420e371fa251421ac3c98deb56def.jpg
train,train/images/00000963_jpg.rf.a1f5247f86e3f424f119d92ac01f22af.jpg
train,train/images/00000963_jpg.rf.dc7f30561495e10bc89b6d0f57f02267.jpg
train,train/images/00000965_jpg.rf.95738433bf6a8cdb050a84aad1335e4b.jpg
train,train/images/00000965_jpg.rf.b374f60678ed66e8390f855b77010f23.jpg
train,train/images/00000965_jpg.rf.ee1a8cd34b999c39d8a5ed75ffbdb1e5.jpg
train,train/images/00000967_jpg.rf.2a742abfdeffd931a62d7fddb8287831.jpg
train,train/images/00000967_jpg.rf.47612656c02a40642a2332c78ab58b10.jpg
train,train/images/00000967_jpg.rf.96040d4321611275c6c006e7c8917f00.jpg
train,train/images/00000969_jpg.rf.14bc041f7dfe99f0422b8c6a8471e1d6.jpg
train,train/images/00000969_jpg.rf.94f0636efaff705f98b3b03305351bdd.jpg
train,train/images/00000969_jpg.rf.9765375067be8bbc9cb062fae48d3b95.jpg
train,train/images/00000973_jpg.rf.bdc6e7c31d6fed81958d32bff0e747f6.jpg
train,train/images/00000973_jpg.rf.dbc3bed01b4611bb92bb02b9a21635fa.jpg
train,train/images/00000973_jpg.rf.fa9ca8d02fca01f17b1ff0ee7c99096f.jpg
train,train/images/00000974_jpg.rf.2c004a82ab2f3f1a2416327e2a4bbb40.jpg
train,train/images/00000974_jpg.rf.a193c35ea9cd9313b50724786009cff5.jpg
train,train/images/00000974_jpg.rf.a56270d05896430f388bcfa0b7114d3f.jpg
train,train/images/00000978_jpg.rf.03e7d07f23cc1aa13a4d7b0c213efe53.jpg
train,train/images/00000978_jpg.rf.4d009b88f2f844902cfbaaf9e5337721.jpg
train,train/images/00000978_jpg.rf.83d8dffa8aa3a7ef52d5d235419d1595.jpg
train,train/images/00000979_jpg.rf.3feab739e65db9b754286b5951bb0525.jpg
train,train/images/00000979_jpg.rf.b1d2d9413e95b2c4965f1641a27cac2b.jpg
train,train/images/00000979_jpg.rf.d502dbcfa41ec212616770f5201ebd3c.jpg
train,train/images/00000981_jpg.rf.02a2667532d3e680ca1de4395e4b9e14.jpg
train,train/images/00000981_jpg.rf.9d008070077125799750c85357dacf01.jpg
train,train/images/00000981_jpg.rf.deb5d9275c07d3c7582f095a243ff876.jpg
train,train/images/00000982_jpg.rf.d9321a8cb4f16de1cfd5125023f172b8.jpg
train,train/images/00000982_jpg.rf.ea2c9db4d91b3ed78a180d172dde8d3a.jpg
train,train/images/00000982_jpg.rf.f8370c393e5a0dccb1df6bc7b6d81612.jpg
train,train/images/00000984_jpg.rf.2907f70e5611c4514152a10bd8b57e50.jpg
train,train/images/00000984_jpg.rf.3d5c59fa6b656d18c85dea6e334fd10f.jpg
train,train/images/00000984_jpg.rf.f460909a1be61efa3a4490ae38eb8394.jpg
train,train/images/00000985_jpg.rf.3dc13e91b77a9333daed58c3a78d87fe.jpg
train,train/images/00000985_jpg.rf.8e86fe338471c8426e4d2e65c75752de.jpg
train,train/images/00000985_jpg.rf.d43fc63917dc25ffb6f3824ca011a794.jpg
train,train/images/00000986_jpg.rf.63a0757c5b979e06038c98f553deefcd.jpg
train,train/images/00000986_jpg.rf.91932c7a719617de58252671a5ee5d4c.jpg
train,train/images/00000986_jpg.rf.c5548fa9afae300a4040a03159c6f19d.jpg
train,train/images/00000988_jpg.rf.31c6df73602b49266a559e7026695a49.jpg
train,train/images/00000988_jpg.rf.52d913b4cf9b18ab5c561a98e7534a99.jpg
train,train/images/00000988_jpg.rf.5ec2f2223909ac5da698de8374740cf2.jpg
train,train/images/00000993_jpg.rf.36caea55b8e381d68baf7ec6401bd650.jpg
train,train/images/00000993_jpg.rf.619e0b74af0f87f90237a14358c7e6e4.jpg
train,train/images/00000993_jpg.rf.850f663fec258d355882ec6bfd3e1e02.jpg
train,train/images/00000999_jpg.rf.1fccb2df142dd2c378d59ce3a6db725d.jpg
train,train/images/00000999_jpg.rf.947b60c339235f3fb18aaca201328a7d.jpg
train,train/images/00000999_jpg.rf.c8a8fae8cf91b8b824a0e66f665d6d69.jpg
train,train/images/00001004_jpg.rf.40ea73653d3e6965653408f122ba29ee.jpg
train,train/images/00001004_jpg.rf.c8256bfdb5931983e5da6a61423738da.jpg
train,train/images/00001004_jpg.rf.eb632843572a188a3b7fa92d7462b736.jpg
train,train/images/00001005_jpg.rf.0705e407e0447739bd7d9a87df89623c.jpg
train,train/images/00001005_jpg.rf.1dec969a0c6b76d764cf3964fb9656b6.jpg
train,train/images/00001005_jpg.rf.a1ccf48db350bf5f5073e2bba80b7850.jpg
train,train/images/00001007_jpg.rf.0f0c3b575e499fadafb3b10fcd75bc8a.jpg
train,train/images/00001007_jpg.rf.74a0ed52071c296cd33f6d18d283f7c4.jpg
train,train/images/00001007_jpg.rf.8aae41ad3ee3bc03913a086fffe1f1c7.jpg
train,train/images/00001009_jpg.rf.03fd23f83855721c458856f5dc455cf1.jpg
train,train/images/00001009_jpg.rf.4cd2a18ee5537d1793897737b5b7e38a.jpg
train,train/images/00001009_jpg.rf.ef7fc109acdea14cddf6df27d623f089.jpg
train,train/images/00001011_jpg.rf.8aa3b53c69ca8bf42e5e2994e247b657.jpg
train,train/images/00001011_jpg.rf.a454d8de1d3b3069e9ee1c2341892f15.jpg
train,train/images/00001011_jpg.rf.b1cf4f0ab0aa2d9543a3d02056a0ea52.jpg
train,train/images/00001014_jpg.rf.20ad998d327a8eb720e764ceebb04d28.jpg
train,train/images/00001014_jpg.rf.82dd1765d6a10802e537f7e7676e370b.jpg
train,train/images/00001014_jpg.rf.8b05ee1267a436d130ee4b0ed72320d9.jpg
train,train/images/00001027_jpg.rf.6d2637cce68a98d036f73dc511e7483c.jpg
train,train/images/00001027_jpg.rf.8b05bef225378bd6d3f0670bfb913769.jpg
train,train/images/00001027_jpg.rf.d37f80f5cde78a3fe9b620c72bacb594.jpg
train,train/images/00001030_jpg.rf.041762ce1c03f7b5b30b80c489913871.jpg
train,train/images/00001030_jpg.rf.04bc0ddeb1d4c0113e6d377b712431eb.jpg
train,train/images/00001030_jpg.rf.10f46952a8a5ae4eac6223e37e8a9e86.jpg
train,train/images/00001031_jpg.rf.01ee268004480eab8d14bcdc3da95c1d.jpg
train,train/images/00001031_jpg.rf.45155eb0a11b198b94f27eec2f6c54bb.jpg
train,train/images/00001031_jpg.rf.bbf8ba5b6b192e8cdea124b140420a95.jpg
train,train/images/00001035_jpg.rf.13da8e22e1678d7bafe6adb794576fb2.jpg
train,train/images/00001035_jpg.rf.1d98795d4667273b7326931110809ef3.jpg
train,train/images/00001035_jpg.rf.818482c2494d8882c415a137c8bcd830.jpg
train,train/images/00001037_jpg.rf.b12e3a8a4a08cba86ff7487716b18b6d.jpg
train,train/images/00001037_jpg.rf.d13501fa6ee286a5ccac5656a898b159.jpg
train,train/images/00001037_jpg.rf.fd270ca6640e85e0d984c4b2d7ce05cc.jpg
train,train/images/00001039_jpg.rf.484267e06142dfd7a14678343368b7ad.jpg
train,train/images/00001039_jpg.rf.bcdf7883c19f70771184f65610b37236.jpg
train,train/images/00001039_jpg.rf.d47beb65e1caba419fd99219fc8b8573.jpg
train,train/images/00001041_jpg.rf.23572c3ab67069186da81432197b4142.jpg
train,train/images/00001041_jpg.rf.4f4a1e4000f8de978509cfe654cb2d8a.jpg
train,train/images/00001041_jpg.rf.8907158f448830208bd3bd4e82c0c478.jpg
train,train/images/00001043_jpg.rf.38b3bcadb889393063616a904efb839c.jpg
train,train/images/00001043_jpg.rf.5fbe6394956f3ef356c868d9d3a610f3.jpg
train,train/images/00001043_jpg.rf.af78bbd27cddfeaf32bc3e762b4d1477.jpg
train,train/images/00001044_jpg.rf.032ed393527a134e576b790f2e77529d.jpg
train,train/images/00001044_jpg.rf.3bb0244f60cf0aa86668092ee3265f1c.jpg
train,train/images/00001044_jpg.rf.f3033ed52bf6b178aac40ce57fe0229c.jpg
train,train/images/00001045_jpg.rf.23c3c04f550477c19c7ec6824e6b25c9.jpg
train,train/images/00001045_jpg.rf.68db6cf9c29af6a7ec9c42f5535e7e60.jpg
train,train/images/00001045_jpg.rf.69b1d1e4aba8cf6a991bbfaea0abb0be.jpg
train,train/images/00001047_jpg.rf.2154be6067a31632972851a7acd5f3cf.jpg
train,train/images/00001047_jpg.rf.b236a8b3340e8f3bfa49760f447e3929.jpg
train,train/images/00001047_jpg.rf.e742de19500b2dae57fcf61f1f7cdd31.jpg
train,train/images/00001051_jpg.rf.95ab78e1e6c0366075851ad5313a4022.jpg
train,train/images/00001051_jpg.rf.9f5776dfc98b45f8bc3643c1650b67b1.jpg
train,train/images/00001051_jpg.rf.d550a1ab7d95459732033fd075abcc0d.jpg
train,train/images/00001057_jpg.rf.51b09bb1075c137f6de9591e27c620f5.jpg
train,train/images/00001057_jpg.rf.c63214438c8e6cad9c559782ebe6314c.jpg
train,train/images/00001057_jpg.rf.e7502f2fae89f9ecaccec4992f0be173.jpg
train,train/images/00001061_jpg.rf.c238a2c5226926dec830f11cc1c48c8c.jpg
train,train/images/00001061_jpg.rf.e8719e9616739625b76559108c85d48f.jpg
train,train/images/00001061_jpg.rf.f7b5d58451404f35f5e2437069641326.jpg
train,train/images/00001064_jpg.rf.7681953f3f53ba9e41dcba49fdd294d5.jpg
train,train/images/00001064_jpg.rf.bae1fd43f710223a1c57708cf3f08faf.jpg
train,train/images/00001064_jpg.rf.d1793b7026cc160e7c859011229e63cd.jpg
train,train/images/00001067_jpg.rf.a20fe0ccd9c9ffc8fc7c0177a34834f1.jpg
train,train/images/00001067_jpg.rf.bf8352e6d87a9f59711bd54ac655e26a.jpg
train,train/images/00001067_jpg.rf.c616dbe1d98394f977be86914d75c0ee.jpg
train,train/images/00001068_jpg.rf.82169d8bd073790370e5023685208e0a.jpg
train,train/images/00001068_jpg.rf.a78e67c831549a373c2cca369a792a55.jpg
train,train/images/00001068_jpg.rf.dfb8e45dcae7c9d7b78d171a8c41fe6e.jpg
train,train/images/00001069_jpg.rf.3382327b0c01eca1d43abe26352324a8.jpg
train,train/images/00001069_jpg.rf.6e19803a640dbd51541a465764ec2558.jpg
train,train/images/00001069_jpg.rf.ee811b9be465657cda231d4049f31e59.jpg
train,train/images/00001070_jpg.rf.c38c417039c6a0733e218bcc40ee6e13.jpg
train,train/images/00001070_jpg.rf.c62638c96641d5deca10cf3652757b7d.jpg
train,train/images/00001070_jpg.rf.d17adee900fb5cdfd1e74ca306f9e9c4.jpg
train,train/images/00001082_jpg.rf.2b3b3f456cce4490999f119a3925fa22.jpg
train,train/images/00001082_jpg.rf.d11815246d55ae61327f60105e3722c2.jpg
train,train/images/00001082_jpg.rf.eabd513b9ab996a263d5a71ce2c0aee2.jpg
train,train/images/00001085_jpg.rf.974129f5f02eb49ae0e292327eab662d.jpg
train,train/images/00001085_jpg.rf.d60902f109347747d72a9389fcf243be.jpg
train,train/images/00001085_jpg.rf.ebded9a04081d2af59e9a8e1dbc26391.jpg
train,train/images/00001086_jpg.rf.09a40f5ed36e111c455cf3acc5f5f0fa.jpg
train,train/images/00001086_jpg.rf.26ac12008b1fd892793704c45418c13b.jpg
train,train/images/00001086_jpg.rf.b9ec30dbaec26ad76e723c000f23491b.jpg
train,train/images/00001088_jpg.rf.9e235461d1deec521ee3d90a6c1ebd26.jpg
train,train/images/00001088_jpg.rf.a6745697146a9145a7fb428c99d9450d.jpg
train,train/images/00001088_jpg.rf.ec3c32a4b9d824296f932b2645c63851.jpg
train,train/images/00001089_jpg.rf.003fc7e82dd99c7ba84510e8af6cfd4c.jpg
train,train/images/00001089_jpg.rf.2ed7f62925578f6503c68f264d3d72a0.jpg
train,train/images/00001089_jpg.rf.8324ed48e650d7580ca214a0763a6241.jpg
train,train/images/00001090_jpg.rf.4532b32a3fa074c09343eb530520793c.jpg
train,train/images/00001090_jpg.rf.6fa4e3f3370d73414f05e8b0592e525e.jpg
train,train/images/00001090_jpg.rf.9f0a6e02e56a59bdbb5aef9dedcf4cd3.jpg
train,train/images/00001092_jpg.rf.a1b75f56d40048a2bd6fc84454277796.jpg
train,train/images/00001092_jpg.rf.de2f680ab292616fa5571e2c2f1a9200.jpg
train,train/images/00001092_jpg.rf.f3ac9c98b418d7493e8fcdb0b98d0afc.jpg
train,train/images/00001095_jpg.rf.88b1afa666a85c5050401234ecf98ce4.jpg
train,train/images/00001095_jpg.rf.d8d970f8b19022679581780b628ac691.jpg
train,train/images/00001095_jpg.rf.e2172a584d762018e3da11144a9227fd.jpg
train,train/images/00001099_jpg.rf.98dc24833e4a5209a5521c36d834e796.jpg
train,train/images/00001099_jpg.rf.a89138dbe2921fa1de582e788fa0cb88.jpg
train,train/images/00001099_jpg.rf.b714b46691af4dbb413e09729adfd568.jpg
train,train/images/00001100_jpg.rf.79a2b616bdf337905668f4c15c6583f3.jpg
train,train/images/00001100_jpg.rf.dbedf5d66bc1d84e085aef49a5d77a2c.jpg
train,train/images/00001100_jpg.rf.eddaa83f0fba5fde37fb47ecf183adbd.jpg
train,train/images/00001101_jpg.rf.42d977225495ae1e23779dad3d0f4492.jpg
train,train/images/00001101_jpg.rf.9a02e0149e9f4ff819f3bc9b4a7ee75a.jpg
train,train/images/00001101_jpg.rf.fb5c36c00e32dabae8e20491bea6136a.jpg
train,train/images/00001108_jpg.rf.5c9756d52503dda5435ec53a5b897e91.jpg
train,train/images/00001108_jpg.rf.7cb9352ffda87f4be824128ce5b652a5.jpg
train,train/images/00001108_jpg.rf.ba7ccba709237c49de32ba02fac52df4.jpg
train,train/images/00001109_jpg.rf.3fa909f47ff8a4b5e990f1276c6f6eb0.jpg
train,train/images/00001109_jpg.rf.73bd8b9efaa36698c5a5ada9fcfb4047.jpg
train,train/images/00001109_jpg.rf.f8c4fbe4741f2cf2084ece11d17ed7af.jpg
train,train/images/00001113_jpg.rf.5fe43f307deb996d497b13922176ddde.jpg
train,train/images/00001113_jpg.rf.6f2da04f760b29a3251bbec341642768.jpg
train,train/images/00001113_jpg.rf.b0a8cfb5677d18e71c5d185ba218ca35.jpg
train,train/images/00001114_jpg.rf.02b173ba38a6d09c4b86b341395230d4.jpg
train,train/images/00001114_jpg.rf.397ddef7546db2094c3cb4f6381d2507.jpg
train,train/images/00001114_jpg.rf.84b0ebe27d084765854c685bbf090abb.jpg
train,train/images/00001115_jpg.rf.003ac3ac181560e2c6dfa3ba0d02b497.jpg
train,train/images/00001115_jpg.rf.20b7cda2ce047782ea0740288081572b.jpg
train,train/images/00001115_jpg.rf.21ee16404a2b26242107d4d587744f5c.jpg
train,train/images/00001116_jpg.rf.18f930bade374e643b12941f01457370.jpg
train,train/images/00001116_jpg.rf.ad437973cb08c747bef5f9217d770b5f.jpg
train,train/images/00001116_jpg.rf.b72a796bbd12ebe2e2475bee5e37771d.jpg
train,train/images/00001120_jpg.rf.2b50bef4f9b08cdce0adf9704b4a150e.jpg
train,train/images/00001120_jpg.rf.48822ab390c1a485afa5a021097106f1.jpg
train,train/images/00001120_jpg.rf.f1b335ecba91a78599f7d4de8abd16fe.jpg
train,train/images/00001121_jpg.rf.d37e8ec5e4c34801e420e7bb87cd95a7.jpg
train,train/images/00001121_jpg.rf.e8d2bbfdcf228328c03aaa0f3b8b5fed.jpg
train,train/images/00001121_jpg.rf.ee41db6839f29a3e8b525f936ef0d346.jpg
train,train/images/00001122_jpg.rf.40864e0b0887474392cfc366fb4537ac.jpg
train,train/images/00001122_jpg.rf.ecc20fdc7748460a5bbeb96e5df5f2d9.jpg
train,train/images/00001122_jpg.rf.fdbb4b4a835da8d0b8a8001d431db634.jpg
train,train/images/00001130_jpg.rf.4b12f2269856b3ade14f468c3999ce6b.jpg
train,train/images/00001130_jpg.rf.55e0057e90fa268c9a91628f9fd04a15.jpg
train,train/images/00001130_jpg.rf.c39587313221028eb5b4dce5eb83e789.jpg
train,train/images/00001133_jpg.rf.1a0a7317372314baf99c15a4d0ec3bd5.jpg
train,train/images/00001133_jpg.rf.40e0a0e13f319f0cccfe98e58c609d3f.jpg
train,train/images/00001133_jpg.rf.8721e8c2de1ee488d9d81478cdcfbf8e.jpg
train,train/images/00001134_jpg.rf.5c3935c5072362d999d85e910fb8e9f6.jpg
train,train/images/00001134_jpg.rf.64912df7652abba02b2999e39e8ea8a4.jpg
train,train/images/00001134_jpg.rf.e40f21a9a30c5242d1bc545fe0d5e999.jpg
train,train/images/00001138_jpg.rf.10eba055f1df468ca45d39ad11858d5c.jpg
train,train/images/00001138_jpg.rf.5f43ebbda540dc9a728635ba4ba6cc67.jpg
train,train/images/00001138_jpg.rf.ae842ff50499cd064b7497059d493b17.jpg
train,train/images/00001149_jpg.rf.4a7fa7cbf147893a0f30a51f5a38af4d.jpg
train,train/images/00001149_jpg.rf.919c55547ba65ce5217ecaa35952785a.jpg
train,train/images/00001149_jpg.rf.bd36be31eb33a21d9312b1bfa8a200fb.jpg
train,train/images/00001153_jpg.rf.0d44eec413192c085552f71253c1e6c9.jpg
train,train/images/00001153_jpg.rf.69cb02db2b0ce1b6a5b1bbe15b3f0519.jpg
train,train/images/00001153_jpg.rf.d1ac7874b1a63510e3aec69704f25ab6.jpg
train,train/images/00001154_jpg.rf.3b786ed32184ae4c3d882003ca429545.jpg
train,train/images/00001154_jpg.rf.765bc14db696c28808c95fb3a7117bcd.jpg
train,train/images/00001154_jpg.rf.ea9ebc6e46bf85b2d759cc243f3138a7.jpg
train,train/images/00001157_jpg.rf.135563de7024ca34ddb3188fa0591ce4.jpg
train,train/images/00001157_jpg.rf.37f91943d4cd3bf9866e0c6e567f8a8b.jpg
train,train/images/00001157_jpg.rf.9c6f23656cfe758606d806240660ea68.jpg
train,train/images/00001161_jpg.rf.042a92fb451031b48d38497f73c632e6.jpg
train,train/images/00001161_jpg.rf.16d8c0c55a8fb6ddaa02a7427a6d670f.jpg
train,train/images/00001161_jpg.rf.49a7b7a04f814291bede68b3a264cd15.jpg
train,train/images/00001166_jpg.rf.1151d486f67fe41df61c11eaa8683b1a.jpg
train,train/images/00001166_jpg.rf.5924bbb6dbe19f242399e6da5cebab27.jpg
train,train/images/00001166_jpg.rf.7c194480f706c5ec751cdcff3be4ecf3.jpg
train,train/images/00001170_jpg.rf.a86ccc917705df67b036c2d5c7d62a54.jpg
train,train/images/00001170_jpg.rf.e72f5b890c5e32a69a42b7b97c0f36c7.jpg
train,train/images/00001170_jpg.rf.ec8d61c1d77b1750f5bc2d8f0d7d545a.jpg
train,train/images/00001173_jpg.rf.4d0eb59e9784dd272c79500cd6bedeb1.jpg
train,train/images/00001173_jpg.rf.92f6f1773c855c6be72238d091845e79.jpg
train,train/images/00001173_jpg.rf.df18168ee7ea3a13c5f1dedfe82b1ad9.jpg
train,train/images/00001176_jpg.rf.1630c9d5ed2be683e88276b52f5da743.jpg
train,train/images/00001176_jpg.rf.6d8bf97dc5e6b04e8c3aafaa22a5e3da.jpg
train,train/images/00001176_jpg.rf.a2440cde808cb714c1151c0f890ddf6b.jpg
train,train/images/00001177_jpg.rf.0c0e7cd7d23a27fc4f3909dd23ef1f71.jpg
train,train/images/00001177_jpg.rf.77de582cf19f8d6aa91feb76ddffa73e.jpg
train,train/images/00001177_jpg.rf.aa7ad42cb41048657b6482a639591415.jpg
train,train/images/00001180_jpg.rf.49f222cf657592c549313aa8f24b25c4.jpg
train,train/images/00001180_jpg.rf.566819d9b48903b6cd62f27d13126ee1.jpg
train,train/images/00001180_jpg.rf.a8c1437050f572d62d123679d04b9f09.jpg
train,train/images/00001183_jpg.rf.025443363a3a3a94e711571e86583316.jpg
train,train/images/00001183_jpg.rf.0791b49a9281ffa81c77700f9e4014ef.jpg
train,train/images/00001183_jpg.rf.a585b6708e65a5a3a4864f94d3afe06d.jpg
train,train/images/00001188_jpg.rf.5f1a45e113a0510bf5b22d47474011d4.jpg
train,train/images/00001188_jpg.rf.85a74230e3cee2be614897a8d3d24e6e.jpg
train,train/images/00001188_jpg.rf.985d67bdf1b9da5e69674da570e26f97.jpg
train,train/images/00001203_jpg.rf.03004a5f3c3aa2737dc8f73606c2fcc5.jpg
train,train/images/00001203_jpg.rf.612f8a0598858c2f7ed087b83d8fe292.jpg
train,train/images/00001203_jpg.rf.ae5c0475a88f3351bd2da460d6299700.jpg
train,train/images/00001207_jpg.rf.2a37bf2ebc40d865a18e9044b40f1052.jpg
train,train/images/00001207_jpg.rf.3d863aae3a12fc4b6f2d8946e284ed67.jpg
train,train/images/00001207_jpg.rf.6c58bb48a867ca868383920608823190.jpg
train,train/images/00001217_jpg.rf.0429c0b87ea1d111582fd01886343254.jpg
train,train/images/00001217_jpg.rf.42d7101610e2eef225c041f553b9edc0.jpg
train,train/images/00001217_jpg.rf.67e057be3c56e2f967a7f0819e3a681f.jpg
train,train/images/00001218_jpg.rf.194c421bf764bd7781bfceeb9dfb0fad.jpg
train,train/images/00001218_jpg.rf.c5155e942eee535c2f046c6bc3b59fe8.jpg
train,train/images/00001218_jpg.rf.dc4dc86d40661af2120a96f956b8bcb7.jpg
train,train/images/00001221_jpg.rf.0cba05e70695cff6242f011e15a7cfb1.jpg
train,train/images/00001221_jpg.rf.16134b1e3c66a73b3e64923be56cb73e.jpg
train,train/images/00001221_jpg.rf.3f05272d1d043cfa7da7922b60a0f6e3.jpg
train,train/images/00001223_jpg.rf.2ae7d0a195de3033c3cd2c0cc30ee700.jpg
train,train/images/00001223_jpg.rf.59eb4896770bcb1fd5ae616673347627.jpg
train,train/images/00001223_jpg.rf.e331c3f8d4aaae2d7bf5c88c8d8abe20.jpg
train,train/images/00001224_jpg.rf.3539a853c2557f4656f1eab1103883d3.jpg
train,train/images/00001224_jpg.rf.37dca8962ae7eee5d06d216b5262d863.jpg
train,train/images/00001224_jpg.rf.3f5d07b0f450ab3470e97964577c1410.jpg
train,train/images/00001229_jpg.rf.7e22c8b21aadb5e6c0778a4acb390f4a.jpg
train,train/images/00001229_jpg.rf.c12e2b0ebac242c17d8ddb813ef85364.jpg
train,train/images/00001229_jpg.rf.d143a9c7c19f7f9c1572a4ba22b7d2a4.jpg
train,train/images/00001230_jpg.rf.44686c072d5abc46fd0e97db89e902e1.jpg
train,train/images/00001230_jpg.rf.a9d1036e2866e4f5f42720790d116715.jpg
train,train/images/00001230_jpg.rf.aee41779c752c2d332e499915486d2d8.jpg
train,train/images/00001231_jpg.rf.4c7e6a7a8586c2f0968eabe54c75b014.jpg
train,train/images/00001231_jpg.rf.756a502c4ae8535319c2a3b159207549.jpg
train,train/images/00001231_jpg.rf.e5c99e05b71f2b7a75b2dd319b768ec6.jpg
train,train/images/00001234_jpg.rf.1df86c21dad29d603cc4e9ee0a58584a.jpg
train,train/images/00001234_jpg.rf.80d5b91f46af06a2d32f70a08100e16b.jpg
train,train/images/00001234_jpg.rf.dad5c2dceb946051fd0cdb3c420d6310.jpg
train,train/images/00001238_jpg.rf.1251f126381f21a44e084326a2d21033.jpg
train,train/images/00001238_jpg.rf.34e1c1d4ebfa10516362e99de0760d90.jpg
train,train/images/00001238_jpg.rf.76c55a32926dc8c04963ff10a1003de4.jpg
train,train/images/00001244_jpg.rf.19f6bf3cd5c692f12c439341e34d5e92.jpg
train,train/images/00001244_jpg.rf.1c51fb90d9d10aab6b09d8ea17cf0a10.jpg
train,train/images/00001244_jpg.rf.fa1a96e1957876e6c0f9625933be0835.jpg
train,train/images/00001257_jpg.rf.3a9be6280eb532c4ca1be07e1f2da791.jpg
train,train/images/00001257_jpg.rf.9adf8b8f2e2d866d00a050d922713b10.jpg
train,train/images/00001257_jpg.rf.ef1df54c7a6442af8329d6411d983281.jpg
train,train/images/00001259_jpg.rf.0709bb47ee741a87af49a0d10cd55ff3.jpg
train,train/images/00001259_jpg.rf.32f5be676f83f0e0288ad8f0fc32cda3.jpg
train,train/images/00001259_jpg.rf.bc9d3ec7ecf567e25bfee31482a906a3.jpg
train,train/images/00001260_jpg.rf.5503550399674cf9d86c7b60058fb720.jpg
train,train/images/00001260_jpg.rf.960abdb020a2dd2fca33699123494711.jpg
train,train/images/00001260_jpg.rf.cb601a44e72da1c5a294a40ca742dcb3.jpg
train,train/images/00001264_jpg.rf.52cf7e321bed9962ad20e3ee6edbe831.jpg
train,train/images/00001264_jpg.rf.82363dde681228b03e9ea47a9d7ba4d8.jpg
train,train/images/00001264_jpg.rf.89e5964e42463f5d74d563c596df66c2.jpg
train,train/images/00001267_jpg.rf.814d59b160ae5d8de9c8a484c540e8da.jpg
train,train/images/00001267_jpg.rf.9d8dce65394e62aed8685041dbe48d1d.jpg
train,train/images/00001267_jpg.rf.cc34dfbb21e4fba9f6f2508d6cc35b83.jpg
train,train/images/00001268_jpg.rf.3dddaa473b279d1a2d2ba71c2dbb02e0.jpg
train,train/images/00001268_jpg.rf.53e86fed00d2d8c2880247226161354d.jpg
train,train/images/00001268_jpg.rf.a2406b7bf2be8b1f67701dfaaa2950eb.jpg
train,train/images/00001273_jpg.rf.0c06b396c2e1b072c957fa29b5eaf789.jpg
train,train/images/00001273_jpg.rf.46682d73961ebf76e50acd9fc49c50d8.jpg
train,train/images/00001273_jpg.rf.7972634d288c901ced95758c82ef55a4.jpg
train,train/images/00001274_jpg.rf.0feef02c28f4c2a74d098d6080168ee1.jpg
train,train/images/00001274_jpg.rf.1ede69507dd02d18c627a8a2c53deacd.jpg
train,train/images/00001274_jpg.rf.73a86d76a7bc8ff51cd514bacae4e8a2.jpg
train,train/images/00001275_jpg.rf.556a2b2d96aea5c495cff6627893f162.jpg
train,train/images/00001275_jpg.rf.699b692a3c8371f6339e1de7c303c27e.jpg
train,train/images/00001275_jpg.rf.705970dd5d70e9b931aec706a9824f51.jpg
train,train/images/00001278_jpg.rf.958cc72dc65c7c80fd4ea54203a8b3ff.jpg
train,train/images/00001278_jpg.rf.baf4f4ef34f58a50ea8ccbb82e221d8b.jpg
train,train/images/00001278_jpg.rf.f46b61b862d9e7ca73f837087bda39c6.jpg
train,train/images/00001281_jpg.rf.8dfc2652e452a81a1a9f535c71e60257.jpg
train,train/images/00001281_jpg.rf.c1c3305be804c1590ac6c3ed35b12f55.jpg
train,train/images/00001281_jpg.rf.de6768bb12a8d8bf20a8cae18fb48eba.jpg
train,train/images/00001282_jpg.rf.7ce2905c9fe4274204bcc5eaebb93848.jpg
train,train/images/00001282_jpg.rf.a572dcb2580b9b6bc42c758c6ba7eb84.jpg
train,train/images/00001282_jpg.rf.e326a98ceec5494c520d7a552664ab2d.jpg
train,train/images/00001288_jpg.rf.34bab2341d169b238146f94ff6bd40ea.jpg
train,train/images/00001288_jpg.rf.8dbd4410e47c54cd12ccc298b1b57385.jpg
train,train/images/00001288_jpg.rf.d6d11a19de961a02740d7aa656bdbe4b.jpg
train,train/images/00001295_jpg.rf.049796046dda02ab674ab31959f15d54.jpg
train,train/images/00001295_jpg.rf.07462113b6754948d9260c81bedbdc61.jpg
train,train/images/00001295_jpg.rf.a92cdc66fd6569cfc3d614ab49800652.jpg
train,train/images/00001298_jpg.rf.0c7104959cf51b101e4cc62eb669f7d1.jpg
train,train/images/00001298_jpg.rf.5f7fbdcfe0f6ba624c6b05f377aa77a5.jpg
train,train/images/00001298_jpg.rf.944b09f85354b748109996c39aaf11dc.jpg
train,train/images/00001299_jpg.rf.01d0c6fe682ae51b22d3096d5c664196.jpg
train,train/images/00001299_jpg.rf.b438a0620fa4bdb8b216061410d625b7.jpg
train,train/images/00001299_jpg.rf.b4f0a68ebfcb9115de957cf1d363fc1b.jpg
train,train/images/00001301_jpg.rf.1f3a5d77cc36bac61f7dfd02a9c9c502.jpg
train,train/images/00001301_jpg.rf.76c06297044c0108d8462d27aa716a5d.jpg
train,train/images/00001301_jpg.rf.e70e77fe2015051cda57f42d63e8cc6e.jpg
train,train/images/00001302_jpg.rf.1626c5856f510244bf0c39168f300ee0.jpg
train,train/images/00001302_jpg.rf.190ea94e6ba9a1f278fa526910389dd7.jpg
train,train/images/00001302_jpg.rf.b987d16acfe58a40e69894c19f370253.jpg
train,train/images/00001303_jpg.rf.2ab66643457956c9a30ca6ebd98cb3ae.jpg
train,train/images/00001303_jpg.rf.a984ee4d1a6df79953f66021cd6046f5.jpg
train,train/images/00001303_jpg.rf.c47238919d0615b5a734bbaecca07e7e.jpg
train,train/images/00001306_jpg.rf.215e246608e862a9dc629a4b82aee24c.jpg
train,train/images/00001306_jpg.rf.5ba6b8115e0a08449bfe57846477a2ed.jpg
train,train/images/00001306_jpg.rf.7f1e09e3b0ae6b7c1564189ed1ccac3b.jpg
train,train/images/00001307_jpg.rf.468c0f198a276080aa55a4ff2cac22f1.jpg
train,train/images/00001307_jpg.rf.d74cc8e9b0b0eff9bb9c5d8bd5b1e0b0.jpg
train,train/images/00001307_jpg.rf.da204d24f311b19b8be1d512f4f64e63.jpg
train,train/images/00001313_jpg.rf.0a1bea4c0b152bcb0b9569697d893c83.jpg
train,train/images/00001313_jpg.rf.ab7909d31584d9557b326e93b4028fb0.jpg
train,train/images/00001313_jpg.rf.d5f96adb38ca109d74f07d4249bf7242.jpg
train,train/images/00001314_jpg.rf.34c6df504ec9656d0229b065f2a9c316.jpg
train,train/images/00001314_jpg.rf.547b817dfa526abb0576564c5c6edc84.jpg
train,train/images/00001314_jpg.rf.74779517ff8905033f49a47f40159707.jpg
train,train/images/00001317_jpg.rf.1c17e3eff3b01241990a1daa9133b7c3.jpg
train,train/images/00001317_jpg.rf.768bae34627c0ecb84ef6598730a5815.jpg
train,train/images/00001317_jpg.rf.f451ba4dc148dc16cd4a6b5b439fdc28.jpg
train,train/images/00001318_jpg.rf.2d5d68c07be82b1b2f4652b7033867ea.jpg
train,train/images/00001318_jpg.rf.4585ddd0e43910fbd9b094812be40421.jpg
train,train/images/00001318_jpg.rf.8ec4cd2ad5e3069ac60122e57a6331d5.jpg
train,train/images/00001320_jpg.rf.a33020f74e390093be63991a75097315.jpg
train,train/images/00001320_jpg.rf.cfca99704b33a127b21523bf5b693b15.jpg
train,train/images/00001320_jpg.rf.ff07380bdbca7cb55f857191fc491cef.jpg
train,train/images/00001325_jpg.rf.1127e9f9421c62bc3bce2cb697fe0114.jpg
train,train/images/00001325_jpg.rf.4258653b22c254cc44a3d5c3d732d8d5.jpg
train,train/images/00001325_jpg.rf.92350f1bde19b1bd15734290fcc68c3b.jpg
train,train/images/00001332_jpg.rf.3412eff8f97f6cef0eba2a71c52d92ad.jpg
train,train/images/00001332_jpg.rf.b50dfa64fe011ff05d7dbc3466c2df73.jpg
train,train/images/00001332_jpg.rf.c221840eeca99524e78f7a5e47965a80.jpg
train,train/images/00001335_jpg.rf.14025a52066b9c283aee73ee82f7293b.jpg
train,train/images/00001335_jpg.rf.3c329691541aa7366db96555d0de3431.jpg
train,train/images/00001335_jpg.rf.7cdd2b138904fc36e0663bb5e018314b.jpg
train,train/images/00001340_jpg.rf.021a3586f8058ad6dedee4ff4522a2cf.jpg
train,train/images/00001340_jpg.rf.62f402bd3d25685f3d961b8ad37b0055.jpg
train,train/images/00001340_jpg.rf.67e954c7896d909a88ec0c7173a86a53.jpg
train,train/images/00001341_jpg.rf.123010441742120c155227fd9c4ad791.jpg
train,train/images/00001341_jpg.rf.5945204c268db1166ddbad6e2fecc4f7.jpg
train,train/images/00001341_jpg.rf.9a08d8cd33f15e1d25a6c401a926e4e2.jpg
train,train/images/00001348_jpg.rf.39ce1b38d4e412cc673e24266d6f3c2b.jpg
train,train/images/00001348_jpg.rf.7a749e0849e7efc2b3325d00b0dabf9d.jpg
train,train/images/00001348_jpg.rf.e087c2a11a08f560fe264be331ccda5d.jpg
train,train/images/00001353_jpg.rf.59d15c8a07c864c88d76bd10e750af27.jpg
train,train/images/00001353_jpg.rf.68dd845c466de322b32f1e6359156ed9.jpg
train,train/images/00001353_jpg.rf.fc5294ccc63a8b6e6fe8837e1acc93be.jpg
train,train/images/00001358_jpg.rf.248bb7df1b75ca03a8e05a4b2729c141.jpg
train,train/images/00001358_jpg.rf.64f29ffe12cf9c3cf486dd7f5b0a5301.jpg
train,train/images/00001358_jpg.rf.9c350f25724c5297993887505468dc2e.jpg
train,train/images/00001360_jpg.rf.668d39dbe0932391a18b96792717f1ca.jpg
train,train/images/00001360_jpg.rf.896b4446d71a978257a48ad29e9325d7.jpg
train,train/images/00001360_jpg.rf.b519421db005674f75a45094f00f20bf.jpg
train,train/images/00001361_jpg.rf.708b711bea3e681edbcad103aa464cc6.jpg
train,train/images/00001361_jpg.rf.73f3823eeafdca9e3de743faee3a86b1.jpg
train,train/images/00001361_jpg.rf.c051254f8949ee90db42cc5c75a81cbf.jpg
train,train/images/00001363_jpg.rf.045393264aba04aef20fe732892f45d9.jpg
train,train/images/00001363_jpg.rf.4d87d94e759b3eddb1687323847a5e7d.jpg
train,train/images/00001363_jpg.rf.6695efb383a6c6e1a408ffa873ca498f.jpg
train,train/images/00001366_jpg.rf.207c0b3650e8c898a32337d1c15fe7de.jpg
train,train/images/00001366_jpg.rf.a13a7c8a7e6a5f159dd77123285b9eda.jpg
train,train/images/00001366_jpg.rf.c87ba79d6480568f0168f3178bf47026.jpg
train,train/images/00001368_jpg.rf.34ececfcfd507a42893414cac2a09455.jpg
train,train/images/00001368_jpg.rf.8e3c9018b16491bc0841d6e3409e1455.jpg
train,train/images/00001368_jpg.rf.c2c974697428b562be249bf7fd304410.jpg
train,train/images/00001373_jpg.rf.448772aade3d9782c6462b29883ea51f.jpg
train,train/images/00001373_jpg.rf.81f780523a1c8247349c9d999b305eb2.jpg
train,train/images/00001373_jpg.rf.ddd1e100958d75ce6c4e785ddceed609.jpg
train,train/images/00001374_jpg.rf.4c1eab2257759cc7039b02cce98de01e.jpg
train,train/images/00001374_jpg.rf.79bd60d15f323d991924a3ec3615bd30.jpg
train,train/images/00001374_jpg.rf.c4dcc3da8ba4e1b4699d5abae04fccf7.jpg
train,train/images/00001380_jpg.rf.616ff03b566f7c243ff065fef1cb8260.jpg
train,train/images/00001380_jpg.rf.e4fef5792ff185e9790b4f6411664714.jpg
train,train/images/00001380_jpg.rf.eea093955c21cb53b54480530894ef84.jpg
train,train/images/00001381_jpg.rf.68e9cbfa2f5cdf5f9ff3e335a0d1c506.jpg
train,train/images/00001381_jpg.rf.6953168c9801922da518981f9ef5e9e7.jpg
train,train/images/00001381_jpg.rf.9b71c5c379c7781b5c2a3ac1fcc64638.jpg
train,train/images/00001383_jpg.rf.6cbd9d1a679df2f23f016369cf1df13a.jpg
train,train/images/00001383_jpg.rf.77ebeb442a52b0afa39c833a770f48ac.jpg
train,train/images/00001383_jpg.rf.fc8a75027fc159286734a51b42fb0b7e.jpg
train,train/images/00001385_jpg.rf.401379574f68b29339ec19a679e4b4a6.jpg
train,train/images/00001385_jpg.rf.a2899cbb4987ce847be77a28cab9166c.jpg
train,train/images/00001385_jpg.rf.ad2e5233ab579fe0e6112908aecea2af.jpg
train,train/images/00001395_jpg.rf.b82d987e093c5c60662813aac7592b13.jpg
train,train/images/00001395_jpg.rf.d02454bbd6d12c997c14be598247e6cc.jpg
train,train/images/00001395_jpg.rf.de6b5b79bbf4f4cd99555f53c8f5debd.jpg
train,train/images/00001396_jpg.rf.0e0f736df59aee16155095fe940293ec.jpg
train,train/images/00001396_jpg.rf.2712c2915265c4b9c81eff8bd1f792ea.jpg
train,train/images/00001396_jpg.rf.98c5818a4deb98f7989da45a7fca9f0f.jpg
train,train/images/00001398_jpg.rf.be33d214f3a531039fa3b0df1fed366f.jpg
train,train/images/00001398_jpg.rf.fae065f113197fb63baae6177c37eea8.jpg
train,train/images/00001401_jpg.rf.80354c82d7466bff25a1e27bdfeaff3d.jpg
train,train/images/00001401_jpg.rf.944fc9fd7552ae32509bcb594519bf5b.jpg
train,train/images/00001402_jpg.rf.11c6a038dca9f5207bcb78c8934028bc.jpg
train,train/images/00001402_jpg.rf.e6cf3bd4fcd0e81fde658893e1daf63b.jpg
train,train/images/00001406_jpg.rf.8fccfd58d2dca63bf6eb478f4d197ac3.jpg
train,train/images/00001406_jpg.rf.a6350b9661108d45540175e0810cbaf4.jpg
train,train/images/00001409_jpg.rf.6420067c9d96edcc9aa0b970cbba9d8a.jpg
train,train/images/00001409_jpg.rf.d74d0daaa8ea70eeeb77b0497fccbf46.jpg
train,train/images/00001409_jpg.rf.e26663e5a806394e4fb23b19b6593858.jpg
train,train/images/00001410_jpg.rf.44d1f84b8f68cba867b86b3d080dbf1d.jpg
train,train/images/00001410_jpg.rf.520ed63094333880134b7fad4d7b6686.jpg
train,train/images/00001412_jpg.rf.8cae0e60f649a635fe3b1530a36109b9.jpg
train,train/images/00001412_jpg.rf.f358d0d8920e60adef87db9404145410.jpg
train,train/images/00001419_jpg.rf.0d334c47d134b9fd597d2a670efe5c49.jpg
train,train/images/00001419_jpg.rf.7c215c32ece735cb5251e8475b167cbb.jpg
train,train/images/00001419_jpg.rf.8a5741a28466e6b5bfb680edc153e033.jpg
train,train/images/00001420_jpg.rf.79f95841d4a4205b95145a2477838284.jpg
train,train/images/00001420_jpg.rf.88ce2d14f7289adf51e405a08cdd599b.jpg
train,train/images/00001420_jpg.rf.ada62b0a706e14de9f7aa1eea9220f7a.jpg
train,train/images/00001422_jpg.rf.2e631804a46cdc3e5e1a02d7fcd49ca7.jpg
train,train/images/00001422_jpg.rf.4fecb6c1b876eb242b2b48230698c75b.jpg
train,train/images/00001422_jpg.rf.652241d30d48eed67c7632b79eeb14f5.jpg
train,train/images/00001425_jpg.rf.03c76636333048558a9a6b4265df6bd9.jpg
train,train/images/00001425_jpg.rf.4dfa83a0edbf416b5b9942dabee1e4ed.jpg
train,train/images/00001425_jpg.rf.5ecec95962de1bb510d01b2565412770.jpg
train,train/images/00001435_jpg.rf.6da33e3f4de27b599610f3d73a3372d5.jpg
train,train/images/00001435_jpg.rf.77eb1cd16cec90714bd59be18ce30825.jpg
train,train/images/00001435_jpg.rf.c1c2d3772b8317f70a3e8f26a2de8e3f.jpg
train,train/images/00001436_jpg.rf.51184cdd1282ee8410faa4c420b46593.jpg
train,train/images/00001436_jpg.rf.71a96739d0cbf3d3f379a7afb41d8d96.jpg
train,train/images/00001436_jpg.rf.e182a36403eacbd81c3ffe4c0c5bbde7.jpg
train,train/images/00001443_jpg.rf.730605ceec4db31cb8692b04ed80b94b.jpg
train,train/images/00001443_jpg.rf.c209610a0b7d9eb6cbd9cf3698de19fe.jpg
train,train/images/00001443_jpg.rf.ce943d5bd6de521159475f522b0f039c.jpg
train,train/images/00001450_jpg.rf.30daf9ba785a28039bb42e9fc96c02cc.jpg
train,train/images/00001450_jpg.rf.8956f683f20cb0a00dbac0f14356698c.jpg
train,train/images/00001450_jpg.rf.90e8d7736c9001149e446df59b683305.jpg
train,train/images/00001452_jpg.rf.368440573fd6a690687b0422c02a75e2.jpg
train,train/images/00001452_jpg.rf.e30b36ba4a005b4275025e6289d6deb5.jpg
train,train/images/00001452_jpg.rf.f157b3a65add347a5130f5ff4d152cac.jpg
train,train/images/00001461_jpg.rf.1197fc839f77a59359469f397dec3445.jpg
train,train/images/00001461_jpg.rf.2551d1e4b7913fedabafd34590823255.jpg
train,train/images/00001461_jpg.rf.76f468f69fff791fbd46f51bd83484e8.jpg
train,train/images/00001462_jpg.rf.393a4cadc9eac923bc0c521f54344756.jpg
train,train/images/00001462_jpg.rf.3e74420c0f041c976ef56998d26982cc.jpg
train,train/images/00001462_jpg.rf.ee4f9afa569ff979a41c9094d07c124b.jpg
train,train/images/00001465_jpg.rf.2d03465546d755ff7d61d8e81bd1bccb.jpg
train,train/images/00001465_jpg.rf.90bf1ebbd7ab400d4f057b78b18b7db0.jpg
train,train/images/00001465_jpg.rf.f5b5c103fda914d0b1900722867fbd90.jpg
train,train/images/00001466_jpg.rf.6de58929aa4b9457adf7ad220351fc77.jpg
train,train/images/00001466_jpg.rf.8e1ca69aa98bc71dd29459fc66cd6ba6.jpg
train,train/images/00001466_jpg.rf.d903c2fdf28648ac1ed078ebc97a5eca.jpg
train,train/images/00001470_jpg.rf.a5cb9345f03feec16e686dc9af85024b.jpg
train,train/images/00001470_jpg.rf.b4a589be74b65bfb80348896736ac0e1.jpg
train,train/images/00001470_jpg.rf.e912385fea33a587d8facbd9dd5c3134.jpg
train,train/images/00001479_jpg.rf.25cdf12ac7e6e4353cde5751b3b7b316.jpg
train,train/images/00001479_jpg.rf.36234beb7c999ecbabe8557620935ea7.jpg
train,train/images/00001479_jpg.rf.7f252826fe9fd976abfdafa3e5229377.jpg
train,train/images/00001485_jpg.rf.2433845f4e9219bce212a6bf3eb4109b.jpg
train,train/images/00001485_jpg.rf.5fb7d4adf003d754ab84c19307be8d4a.jpg
train,train/images/00001485_jpg.rf.74f01defd0f52d37ed4fe4fc086c5717.jpg
train,train/images/00001486_jpg.rf.53ab07ba3efa47321a7bb3c378e7ab43.jpg
train,train/images/00001486_jpg.rf.8283c5e59c57a2d9a0b896b82e262c5b.jpg
train,train/images/00001486_jpg.rf.c64d422405eccb9154fc4ba0a95a5e1d.jpg
train,train/images/00001489_jpg.rf.25c006dac71f88a69cead5295f35a94a.jpg
train,train/images/00001489_jpg.rf.4d9767aeb3ade357b500744923055a5f.jpg
train,train/images/00001489_jpg.rf.7d9e17de381d004ec10e142122aed5b4.jpg
train,train/images/00001496_jpg.rf.07f9c6d04bf4163bce5e54365a81d4d2.jpg
train,train/images/00001496_jpg.rf.b57433d46858ec5502ef59e8bc32cec7.jpg
train,train/images/00001496_jpg.rf.c97f4d7c602b0ceb943150c5371ccde9.jpg
train,train/images/00001498_jpg.rf.829954140c32499ec78847898214b4b0.jpg
train,train/images/00001498_jpg.rf.c791686dec0860a3ca3a4f676476d69d.jpg
train,train/images/00001498_jpg.rf.ddf0186771b19b4017fafb548537240a.jpg
train,train/images/00001501_jpg.rf.53f3f3e51e96781a5eb5f45b19e46af1.jpg
train,train/images/00001501_jpg.rf.cff3a0e3e5397dcdabea3f2c5f3260ae.jpg
train,train/images/00001501_jpg.rf.d1ce46f15cfc4e7f3bc39645d109f430.jpg
train,train/images/00001502_jpg.rf.8a4bd8e0f6c0b7ae7f877cbcd4e5540c.jpg
train,train/images/00001502_jpg.rf.d9f6053626900f6eb6f1499632c2ef84.jpg
train,train/images/00001502_jpg.rf.ed3a38a200081c33bc4c442bf1d6aa16.jpg
train,train/images/00001504_jpg.rf.31a23bd32c75bc787156f33967a1615c.jpg
train,train/images/00001504_jpg.rf.653a804d77a6e0b66f20d455a12b26ea.jpg
train,train/images/00001504_jpg.rf.b79e31018217eecd75e0cb7987803670.jpg
train,train/images/00001505_jpg.rf.a36a89f44b8c41abd5a7f70b51b9a1c4.jpg
train,train/images/00001505_jpg.rf.b86fe51fd5845784a82c48e9b1a2cbaf.jpg
train,train/images/00001505_jpg.rf.c0653dd15190820f292b83343fcff20e.jpg
train,train/images/00001508_jpg.rf.08851609c672ab70cf09cf468e853003.jpg
train,train/images/00001508_jpg.rf.0e6d10e7ca0d483d4386a71a9bd460a2.jpg
train,train/images/00001508_jpg.rf.346835e2f44dbd971a25557b5dadb06e.jpg
train,train/images/00001509_jpg.rf.06206e1cc03d6606ee91f33421633f6c.jpg
train,train/images/00001509_jpg.rf.7d519b3d568930ee655191834076e8b7.jpg
train,train/images/00001509_jpg.rf.ac22784f08aaf12e488f97e6781cf274.jpg
train,train/images/00001510_jpg.rf.642cf97fb1d72395d741d0d2ff482db7.jpg
train,train/images/00001510_jpg.rf.8e865d1030ef036231704436b9de7755.jpg
train,train/images/00001510_jpg.rf.f2fdaa11b6d8329987f906fb1fab5705.jpg
train,train/images/00001512_jpg.rf.1d8e8931bcb9808a80c1c4865627cb0b.jpg
train,train/images/00001512_jpg.rf.2cb364af6219d63667e6b2d793608dc9.jpg
train,train/images/00001512_jpg.rf.db6be78dadccd14b4772d0e071b24a48.jpg
train,train/images/00001517_jpg.rf.61782c650296769195ab69472689a2a5.jpg
train,train/images/00001517_jpg.rf.8146a3ac743182f01eb8fe77a4e4818c.jpg
train,train/images/00001517_jpg.rf.d793d750a81b788418ee80ebf140f4f8.jpg
train,train/images/00001520_jpg.rf.46c898db020240b568f43cbea5c2df46.jpg
train,train/images/00001520_jpg.rf.98bc7a5fd84c92b72c5fa0e8a4fb6141.jpg
train,train/images/00001520_jpg.rf.a022e277bcda70fbc7d8063d4cc3d2aa.jpg
train,train/images/00001521_jpg.rf.517ed14aa2ea97236c02d4b480b4932e.jpg
train,train/images/00001521_jpg.rf.c9874275f182e300685c8c903892a698.jpg
train,train/images/00001521_jpg.rf.d740a3f2f492ed355e16ef2dba3a75c5.jpg
train,train/images/00001523_jpg.rf.78b957a0bb41b4d5a57041a30a91b4e3.jpg
train,train/images/00001523_jpg.rf.a8c9c18bb45df4ef56e8f395bcb6653d.jpg
train,train/images/00001523_jpg.rf.e6fc8ee35fac405232c67104b1d8ca6e.jpg
train,train/images/00001524_jpg.rf.5b3946cbb8e379470796c74ef64827a8.jpg
train,train/images/00001524_jpg.rf.76800309181fb11f78ae1c5637cb77d7.jpg
train,train/images/00001524_jpg.rf.84ebd17ff3426705c33171b9bebd2cad.jpg
train,train/images/00001525_jpg.rf.027ee56e51bf85787a067e1a61a2fb28.jpg
train,train/images/00001525_jpg.rf.237b64b0bf0cf7e0a2e1313a0f97c4ce.jpg
train,train/images/00001525_jpg.rf.b8da1e724436988822fc2223fb9decf6.jpg
train,train/images/00001532_jpg.rf.3cfcbef1d70a537c9bb9de8769077bb8.jpg
train,train/images/00001532_jpg.rf.a04749985138f1d8e6092d3ebc14cc9e.jpg
train,train/images/00001532_jpg.rf.bd4cf4821755a9abfcc50940df940d8c.jpg
train,train/images/00001533_jpg.rf.2643d402bb924af4807358e95b0a8eb1.jpg
train,train/images/00001533_jpg.rf.681da48ebb9d4afbf106fab10ad1500f.jpg
train,train/images/00001533_jpg.rf.6a02af1ef50ca5faa83ddf6c3c9eaf7b.jpg
train,train/images/00001538_jpg.rf.5cfee0f93644dedb593bac563c2c81fe.jpg
train,train/images/00001538_jpg.rf.8ef4f570408b3a3c8d68109de9eef465.jpg
train,train/images/00001538_jpg.rf.f0ebb0f5c7555f2940b91ab51f911b9d.jpg
train,train/images/00001539_jpg.rf.1033a5f659785fbe78fcf66a9c3d1878.jpg
train,train/images/00001539_jpg.rf.78bf1f55a0bf1cc5791a9a8a01c2faad.jpg
train,train/images/00001539_jpg.rf.dda9a2e34bb12e778766d3d82b8d1ce7.jpg
train,train/images/00001542_jpg.rf.74501ef08fa756698a5e041242060e37.jpg
train,train/images/00001542_jpg.rf.7a0ec382521f26f9817789c2c407af0f.jpg
train,train/images/00001542_jpg.rf.7c9a2931e45d0f848acf2bd1cd45e3f2.jpg
train,train/images/00001545_jpg.rf.a2be97f4643a38e7fa756615e40eecca.jpg
train,train/images/00001545_jpg.rf.bb6201c47ba123ce1dbf7dd808adab92.jpg
train,train/images/00001545_jpg.rf.f26ce7ba38c2ae9c8911119d093a924c.jpg
train,train/images/00001550_jpg.rf.2353099667c0050f64a5022806979782.jpg
train,train/images/00001550_jpg.rf.7c69c053dc86aed47f9b1b5f356513e2.jpg
train,train/images/00001550_jpg.rf.c5463072d1424d7e86f07917617f8d48.jpg
train,train/images/00001554_jpg.rf.089596af5d6f4b6718d93c4eac48eaa8.jpg
train,train/images/00001554_jpg.rf.8a0eb280a831dd39fabd8e19a108af45.jpg
train,train/images/00001554_jpg.rf.b5c87f6f52b95765500607a4814c4076.jpg
train,train/images/00001562_jpg.rf.1f30f1c8c5faaf30b2398d65d5515211.jpg
train,train/images/00001562_jpg.rf.6b8fa5d34670a207abe657f75da9a343.jpg
train,train/images/00001562_jpg.rf.e036f7644d59138f9ca3e2b6f76f0b85.jpg
train,train/images/00001573_jpg.rf.017e98ec94d28097b86d8f1c7996385f.jpg
train,train/images/00001573_jpg.rf.87e08f911d71073d88b7effc8cb96180.jpg
train,train/images/00001573_jpg.rf.d9554c9b5314f1e1df13ad277bd375d5.jpg
train,train/images/00001574_jpg.rf.3d04a914cc97776582d7c35c10896c3d.jpg
train,train/images/00001574_jpg.rf.51c0b4dfe079aaa8c51d9c8cc79a9625.jpg
train,train/images/00001574_jpg.rf.65b5b87310de74cf476646b3064e9501.jpg
train,train/images/00001577_jpg.rf.5d5f39f778201d6c9bac8905ea8cc913.jpg
train,train/images/00001577_jpg.rf.91bce62b5dd4297a3cfd7bfbf7445d60.jpg
train,train/images/00001577_jpg.rf.a5c4da07f0121800defe9fbf5b8c21f0.jpg
train,train/images/00001586_jpg.rf.6993b366b82fccd6025ce9b5dd60ccf1.jpg
train,train/images/00001586_jpg.rf.a2ec5dab1d95088df10aea50e051d34e.jpg
train,train/images/00001586_jpg.rf.e3acb7c4b0dac912af5cba766aabff8d.jpg
train,train/images/00001589_jpg.rf.67d04bac793c83d8e8566a91c016294d.jpg
train,train/images/00001589_jpg.rf.cd5ae3e9794c6e6c0ae1fb48b73f7264.jpg
train,train/images/00001589_jpg.rf.d3e10dba05ee7e6ce6efacffac83fa87.jpg
train,train/images/00001590_jpg.rf.401297c900e4bf6db5d12570d933c817.jpg
train,train/images/00001590_jpg.rf.b64eb4ed3bec1694a110f1def342cd27.jpg
train,train/images/00001590_jpg.rf.d557e5cfdc823cabfe1368238a6606c7.jpg
train,train/images/00001591_jpg.rf.444885c6444d0544346051d4fa634e8d.jpg
train,train/images/00001591_jpg.rf.b71e70d7610a6daa4d3535d803bf1a96.jpg
train,train/images/00001591_jpg.rf.ec0f8f6d9cc3a5d4d6c826c16bfc0e41.jpg
train,train/images/00001592_jpg.rf.5559f6361a43668716509a4dc841a824.jpg
train,train/images/00001592_jpg.rf.5cfcf690974b4b164041cb02932ac27a.jpg
train,train/images/00001592_jpg.rf.7fb9d5084df97c6b5fb54d89a76247b2.jpg
train,train/images/00001596_jpg.rf.0aa9e435fdd69735b0bbb8f52d096da6.jpg
train,train/images/00001596_jpg.rf.0bc64bcec944e476d65c7331cb08d2d2.jpg
train,train/images/00001596_jpg.rf.a8631af516823089be776c063709e527.jpg
train,train/images/00001599_jpg.rf.1e67f7d34f7e26a7b88960155a45d762.jpg
train,train/images/00001599_jpg.rf.20aa5d529f38404607cb1aed06662c72.jpg
train,train/images/00001599_jpg.rf.3e6fe6561faf772c3f5cf503ee0d87cd.jpg
train,train/images/00001604_jpg.rf.0e21a97715266464fa7001085b6fad3f.jpg
train,train/images/00001604_jpg.rf.7104dc5464baf68f57c25c3392d7d3bc.jpg
train,train/images/00001604_jpg.rf.b9f6de556f36db8d6c9b8ec2bed85d46.jpg
train,train/images/00001608_jpg.rf.a5767bde4dffb68f55bf04b75e4b56a8.jpg
train,train/images/00001608_jpg.rf.f2d063458c759f2aa7bd1143d8cc236e.jpg
train,train/images/00001609_jpg.rf.a336e58e49b80cb45c3efbaaaa88999c.jpg
train,train/images/00001609_jpg.rf.f4fb93ebe954332d626ade9317a5f279.jpg
train,train/images/00001616_jpg.rf.b30ec0d2fea4e58616bfbd8073380da6.jpg
train,train/images/00001616_jpg.rf.d137e8047e85fa6026f26b46e1530976.jpg
train,train/images/00001624_jpg.rf.a33511a374792508dbd3aa3b78f2abb4.jpg
train,train/images/00001624_jpg.rf.f37483ebc30b76b9d665303aff0757f6.jpg
train,train/images/00001626_jpg.rf.21fea8b9ce826b00d78a19c27387145f.jpg
train,train/images/00001626_jpg.rf.dbe79b3d4fc7bb10a319bec80df975da.jpg
train,train/images/00001636_jpg.rf.4f01ce56a1686f4dd75be730900dea76.jpg
train,train/images/00001636_jpg.rf.801bd72541d0b9c67df922886b5a2fe4.jpg
train,train/images/00001638_jpg.rf.e967bb2370860840de6a1b22ac3b925e.jpg
train,train/images/00001638_jpg.rf.f4938874bd942a2548992fffb79e3a8b.jpg
train,train/images/00001641_jpg.rf.03358a5420f813b833d2e7e8caaebb2c.jpg
train,train/images/00001641_jpg.rf.768882e8dcd60e2f383b6375b3d0f79b.jpg
train,train/images/00001642_jpg.rf.4326b19aed6eafac9a2569d49963150e.jpg
train,train/images/00001642_jpg.rf.75dcefe9b522e6bd467f39f18e5eb8c4.jpg
train,train/images/00001643_jpg.rf.36abcfba142345d4fde79a44d62639eb.jpg
train,train/images/00001643_jpg.rf.5f0b5f2141158fa3994c00ef71df26d8.jpg
train,train/images/00001646_jpg.rf.11b2c0aa10f48950ace87ed1c1e76c0d.jpg
train,train/images/00001646_jpg.rf.3db82a5d4e877466cdcb6cb04f7e9f20.jpg
train,train/images/00001646_jpg.rf.6eef810b10c89681ed2d7382e6c388f3.jpg
train,train/images/00001650_jpg.rf.1e59d6169897325cce62818b38470bf6.jpg
train,train/images/00001650_jpg.rf.44d6747893490d0ae8666ba96e49595d.jpg
train,train/images/00001650_jpg.rf.d42f1d65ae45b4dd4331bdd5fbaab903.jpg
train,train/images/00001659_jpg.rf.1ab1ace12f3465225b59d6330c3b8aaa.jpg
train,train/images/00001659_jpg.rf.59e86d8705b0af85755acdc6c5d20279.jpg
train,train/images/00001659_jpg.rf.af038e70e9140ace8f7178c4dabdf012.jpg
train,train/images/00001662_jpg.rf.112c5ae9a706b290a0022affd6ecc032.jpg
train,train/images/00001662_jpg.rf.38c4504930a4611b4b66f82f02adbfc9.jpg
train,train/images/00001662_jpg.rf.dcf213db1fcb2963e6d6423c2e1f6af4.jpg
train,train/images/00001663_jpg.rf.22945785977bd9d2779dd412c5797496.jpg
train,train/images/00001663_jpg.rf.52792069c729940fe487ef7f83f965f2.jpg
train,train/images/00001663_jpg.rf.bd95a91bbfa7383de2b47c6c4921cb94.jpg
train,train/images/00001664_jpg.rf.60ac3ee5e8f874f4a29b9f594f2842a7.jpg
train,train/images/00001664_jpg.rf.918d8a9c5c669fa4421288e1b597f637.jpg
train,train/images/00001664_jpg.rf.96d7b723ec728129f3913971fb1f9e41.jpg
train,train/images/00001667_jpg.rf.7600c5bcfe417c8b9f9786ec36a80064.jpg
train,train/images/00001667_jpg.rf.dc2a881df4449ac2cb14ac6acaddbe59.jpg
train,train/images/00001667_jpg.rf.e619a3d57f2abc6998005c14279dd79d.jpg
train,train/images/00001668_jpg.rf.8a80c3fc0f73999a4883ca42092b42cc.jpg
train,train/images/00001668_jpg.rf.d2b251c52863bddb56041272942467fb.jpg
train,train/images/00001668_jpg.rf.e263e4c273ec70af3483905e2f71d70e.jpg
train,train/images/00001669_jpg.rf.4531487489deb6e55e0bb345da4deb8e.jpg
train,train/images/00001669_jpg.rf.76f2c9aa1917244564742ea07b1ea767.jpg
train,train/images/00001669_jpg.rf.f4f4b06f45ec7992c29fe84d407f23ae.jpg
train,train/images/00001670_jpg.rf.09eccaa3cd11e9ab4f53d87983c1c520.jpg
train,train/images/00001670_jpg.rf.713e0c899fb0ce4e6cf7509762548684.jpg
train,train/images/00001670_jpg.rf.cc9e0b0a655d818b502a5a225c9842c0.jpg
train,train/images/00001672_jpg.rf.50b63fa763379021f65ab8ee72d4648a.jpg
train,train/images/00001672_jpg.rf.586d3de974614540648223a528aef51f.jpg
train,train/images/00001672_jpg.rf.a58463cc93088dad9a42fd9216e10f49.jpg
train,train/images/00001676_jpg.rf.59b053e3cbfecbc6410fbe6dea31971d.jpg
train,train/images/00001676_jpg.rf.5bcf0075b683f9d3f6c01386821ddebd.jpg
train,train/images/00001676_jpg.rf.7d175d1dbb611fdfc0c8e36e3fcefeb1.jpg
train,train/images/00001677_jpg.rf.04fadecfd63d93f3187d63852f8a64af.jpg
train,train/images/00001677_jpg.rf.200264f0afbced557a4ef0502aa9cc4f.jpg
train,train/images/00001677_jpg.rf.203232603bda577b946c96636dc416a4.jpg
train,train/images/00001681_jpg.rf.5257eacfadd753c8c5e171605642b04e.jpg
train,train/images/00001681_jpg.rf.75b47fe517912b152f4299cd16401f39.jpg
train,train/images/00001681_jpg.rf.aea38457ea8df13d94ed7367e9d8f7a1.jpg
train,train/images/00001683_jpg.rf.8c6ac1cd18c8f0de81289d4fdf30f180.jpg
train,train/images/00001683_jpg.rf.c056d617444ad106e08d99eaa3e61bfe.jpg
train,train/images/00001683_jpg.rf.d01b4c914832a295c3b65f11fb6e6f57.jpg
train,train/images/00001685_jpg.rf.0aec7cf6185cc0f5291235170e0afdef.jpg
train,train/images/00001685_jpg.rf.1d925d21cbf200b21929b9779a3af82d.jpg
train,train/images/00001685_jpg.rf.a8fcb5140bcea1d038cfc303a633494e.jpg
train,train/images/00001689_jpg.rf.178b692f61bfced26c98e8041a9e1261.jpg
train,train/images/00001689_jpg.rf.b36058ee5ff68935530d30a1cccd1a2d.jpg
train,train/images/00001689_jpg.rf.f64f5189ad10aa72106330178467d3e2.jpg
train,train/images/00001699_jpg.rf.154c1d43012db75d1853174da4047ed5.jpg
train,train/images/00001699_jpg.rf.264ec12fc214a5a201af85f5a7ad845b.jpg
train,train/images/00001699_jpg.rf.62d496d7ad0d04a92aa6908a2aa14042.jpg
train,train/images/00001703_jpg.rf.96721b70fce1852d0a25646514b38a75.jpg
train,train/images/00001703_jpg.rf.abc5aacc04ce629b4843b0f5635a3b24.jpg
train,train/images/00001703_jpg.rf.c77e54cdd86b6b958fcd4bc120118505.jpg
train,train/images/00001705_jpg.rf.6e4460a049bc24bf7e5f8d8976c3d656.jpg
train,train/images/00001705_jpg.rf.b052d6ab8b30057af0c89e5724246ab3.jpg
train,train/images/00001705_jpg.rf.dfa6ca1ea0f5a075b5c6ed0f8d5da4e0.jpg
train,train/images/00001707_jpg.rf.54ef5dd2484a291a1632942b8366c395.jpg
train,train/images/00001707_jpg.rf.9317c746e86463aebea128d124de0932.jpg
train,train/images/00001707_jpg.rf.dfb363dc45778ce3cb0fd2cd229b1549.jpg
train,train/images/00001708_jpg.rf.5793200097ed27afd7d4870c351b8ed5.jpg
train,train/images/00001708_jpg.rf.9facd0fb7d527a761edcf5abd58f8593.jpg
train,train/images/00001708_jpg.rf.f8852e9f92194c9646069f8ded59e361.jpg
train,train/images/00001710_jpg.rf.09c3555b35b3cc03658d4965ea9abf3d.jpg
train,train/images/00001710_jpg.rf.2a2df885d73836cf7f60c9c261586447.jpg
train,train/images/00001710_jpg.rf.d503ab9fefe4b51897578795189dbe2a.jpg
train,train/images/00001711_jpg.rf.00e197f593c2ebd598a5bde8c8cf2c2d.jpg
train,train/images/00001711_jpg.rf.45dac4f8178800fea643ff16a8a13b9f.jpg
train,train/images/00001711_jpg.rf.7bded45a345a939e5623e5c94a489f18.jpg
train,train/images/00001712_jpg.rf.451c05aa82b0d00e5badb5d3f97aec78.jpg
train,train/images/00001712_jpg.rf.86fee068403c19ef1e1f2d5095209ea2.jpg
train,train/images/00001712_jpg.rf.b154b7b5f579661958f0d95611181f91.jpg
train,train/images/00001716_jpg.rf.4a684801e3b2e51d65c9ec8f7170b47c.jpg
train,train/images/00001716_jpg.rf.668dd369e9859579227008b922080acd.jpg
train,train/images/00001716_jpg.rf.9695aa2208e905f07be70b17e41e5b7f.jpg
train,train/images/00001717_jpg.rf.209626044f8303c272c9ccfabb0e4962.jpg
train,train/images/00001717_jpg.rf.4c3b6526c699197aa48a34579e634019.jpg
train,train/images/00001717_jpg.rf.e499d5ed6d344fdca257159ec50242e2.jpg
train,train/images/00001718_jpg.rf.4dc1d95ba5a3f093654e43ac6104506f.jpg
train,train/images/00001718_jpg.rf.8035724a973aeb4a540e3cf3b59046de.jpg
train,train/images/00001718_jpg.rf.c6f9be2fe950c78e1ef7598fe0a1c9c1.jpg
train,train/images/00001722_jpg.rf.0039c0d1083ba60aaf7afbb4429a8f77.jpg
train,train/images/00001722_jpg.rf.eafbca810a2d5f77034960eba3a50682.jpg
train,train/images/00001722_jpg.rf.fdf08b2a83939f1bbbf2527f5041ec20.jpg
train,train/images/00001727_jpg.rf.e53b0d7682700f10efa488c35399f2a4.jpg
train,train/images/00001727_jpg.rf.e567c4b2fcf5975845b203f850879903.jpg
train,train/images/00001727_jpg.rf.fbf4725b6907f52875de41eb5998e0cf.jpg
train,train/images/00001728_jpg.rf.4fcfb571356113339b2505844d09a912.jpg
train,train/images/00001728_jpg.rf.7a603b1699348dee6f4ffde6fee8249f.jpg
train,train/images/00001728_jpg.rf.da51b5c73ddb707bc5b0ce065ece1e4a.jpg
train,train/images/00001731_jpg.rf.37b8b63cb55eb1912ba07049a927ed10.jpg
train,train/images/00001731_jpg.rf.40d75d9c9937fe7c265c80361c940745.jpg
train,train/images/00001731_jpg.rf.db2836fc663120f9df4a656d5c3584fd.jpg
train,train/images/00001732_jpg.rf.43b4d23c129f5044a89339dd306dde94.jpg
train,train/images/00001732_jpg.rf.4face8306e09283ccee8e8dadff8ebc4.jpg
train,train/images/00001732_jpg.rf.c9d87cccee2c3d16104dffaf56827ca4.jpg
train,train/images/00001733_jpg.rf.08b0962a8b7ede9d5483b712c7d14b9f.jpg
train,train/images/00001733_jpg.rf.743390eef9c989efbd0d10ac8a095483.jpg
train,train/images/00001733_jpg.rf.79d74ef38f9f0dbec64958be8742b411.jpg
train,train/images/00001735_jpg.rf.033569ff98e89aa0c1af91f526683be3.jpg
train,train/images/00001735_jpg.rf.10498c7c97bc83501e2b160da6d321d7.jpg
train,train/images/00001735_jpg.rf.4c674a621ddca6864b3376faf639d8d1.jpg
train,train/images/00001740_jpg.rf.ab8d0a2991827332050cfef76bcef5ce.jpg
train,train/images/00001740_jpg.rf.d0a76900ada08f88274ac61747409ff9.jpg
train,train/images/00001740_jpg.rf.ec0051e09d5b32608032a04b3cee527c.jpg
train,train/images/00001746_jpg.rf.31bc39fccf6b2c86c1e24bc91fb62eb7.jpg
train,train/images/00001746_jpg.rf.6c562277c842ca66c2238404d15fa31a.jpg
train,train/images/00001746_jpg.rf.81699c8f33a89f3819c19a5d4cac6884.jpg
train,train/images/00001747_jpg.rf.14c6481ab0ef93d8215577416e0ee23f.jpg
train,train/images/00001747_jpg.rf.3bb52afb1056a8ca08c88ff098246edb.jpg
train,train/images/00001747_jpg.rf.e582b3bfb6685fe87c9b85384ddd2dc5.jpg
train,train/images/00001748_jpg.rf.3846bb9a7db33a0b6a8e717869a5a29f.jpg
train,train/images/00001748_jpg.rf.66d08d739b11c7739f55447dcac422e6.jpg
train,train/images/00001748_jpg.rf.d9067f6e16b7e96f14389dee21c45b71.jpg
train,train/images/00001760_jpg.rf.8c4afd2a993b8a8bf882d2d45caf699e.jpg
train,train/images/00001760_jpg.rf.ab6c395383a24a221f6a9eb36aa6f925.jpg
train,train/images/00001760_jpg.rf.da24c9522070623e89f34b03b042c7f5.jpg
train,train/images/00001762_jpg.rf.18797ed7ea00b2a1e812efc5649491b5.jpg
train,train/images/00001762_jpg.rf.8a59ecb3a80ce00402d4885d8fe100e0.jpg
train,train/images/00001762_jpg.rf.e0032c948cf6bc6417245a55b6122441.jpg
train,train/images/00001767_jpg.rf.570af0124f4c9ef7c19627fd2c7dec47.jpg
train,train/images/00001767_jpg.rf.7021079c9a33da8d9de0f335f74312f5.jpg
train,train/images/00001767_jpg.rf.c9f93ee1cd79d9363c1b4603d8fbcf3f.jpg
train,train/images/00001768_jpg.rf.292c0f6abdae6fbbcbcc64924efb68d7.jpg
train,train/images/00001768_jpg.rf.a90fff35e21c51c967cc2e7ce80476e9.jpg
train,train/images/00001768_jpg.rf.fe015dca62786b37202925b8b6f7460a.jpg
train,train/images/00001771_jpg.rf.338ef8e1688b2c5328721e25623691e8.jpg
train,train/images/00001771_jpg.rf.3f62deb423cde701a92cf21fd54ae25e.jpg
train,train/images/00001771_jpg.rf.59a3450a46b95b05d720f610bf5e040f.jpg
train,train/images/00001774_jpg.rf.2637ec01d7a42ccc127fa5b6737de1bc.jpg
train,train/images/00001774_jpg.rf.3fff556dc353c1b611918cd59c36e6d0.jpg
train,train/images/00001774_jpg.rf.6c75969cecb3f954985e3a023328e323.jpg
train,train/images/00001775_jpg.rf.32d224ed60a0cd8fd4a6f29a93edaf0f.jpg
train,train/images/00001775_jpg.rf.6f2888bcb4b700255aadf0dc39fdd7b9.jpg
train,train/images/00001775_jpg.rf.fd14a09386429c24f77f91ef0ffa69f9.jpg
train,train/images/00001778_jpg.rf.935d307e9b7b336a2817fdcb3cf719a1.jpg
train,train/images/00001778_jpg.rf.c1d696f2f2114bc900fe3d96f5b9eefb.jpg
train,train/images/00001778_jpg.rf.f8ded03ee96a02e5c37ac3dfb9d42946.jpg
train,train/images/00001779_jpg.rf.0d2ad0e0cf5c6c884bbb2a101428e693.jpg
train,train/images/00001779_jpg.rf.5bbf4a09c71137dbe51c43e7a36c0675.jpg
train,train/images/00001779_jpg.rf.d9822aa0ca3a4e37684abc1dc20c1638.jpg
train,train/images/00001780_jpg.rf.58afaa582cc6d76926518f877b88129a.jpg
train,train/images/00001780_jpg.rf.7062cad4a70bddab16f512c609c8ad77.jpg
train,train/images/00001780_jpg.rf.78fd6503e18cd0c61d60033161b171aa.jpg
train,train/images/00001789_jpg.rf.080ca1c7c32c8a1a4a0c61380e874b82.jpg
train,train/images/00001789_jpg.rf.2089be1c6bce16573aeb7b3572fc6500.jpg
train,train/images/00001789_jpg.rf.db01d8b69819ca25f07202ec7a369171.jpg
train,train/images/00001791_jpg.rf.478c94c1242dbb5ccebceaabe9c0c75c.jpg
train,train/images/00001791_jpg.rf.8b18666173d1599339022ee8598b879e.jpg
train,train/images/00001791_jpg.rf.a94e48fbb5f7daca41fe52f6469e050f.jpg
train,train/images/00001795_jpg.rf.7b28fca4cb2a9dcad5f408787125367e.jpg
train,train/images/00001795_jpg.rf.86b7efb23101e8d339867c628417d5b7.jpg
train,train/images/00001795_jpg.rf.b914da5816bd9efb042dc16c42c89b90.jpg
train,train/images/00001798_jpg.rf.0bb45c15b49d8b9c6cb15f8f0d7209bc.jpg
train,train/images/00001798_jpg.rf.cc3a08e1db672e53cf8edede286ef96c.jpg
train,train/images/00001798_jpg.rf.ceab0fce104020b15cc8ba57f82318a6.jpg
train,train/images/00001800_jpg.rf.5eb887baf5e631a829fc014dd0e25f96.jpg
train,train/images/00001800_jpg.rf.886fb03ee8cb6db1b50a7510e545e47b.jpg
train,train/images/00001800_jpg.rf.e7b9b50687917d8e1a9793e350239d14.jpg
train,train/images/00001802_jpg.rf.1c3da55490cd7d0e2431ce2a1a666f69.jpg
train,train/images/00001802_jpg.rf.7106850c3cd35f67ab9eaac0c0c7115d.jpg
train,train/images/00001802_jpg.rf.847745580dee1e38867f6fe3cf0b8ec1.jpg
train,train/images/00001803_jpg.rf.30507f9620d1ec87188c0878f8dcc53c.jpg
train,train/images/00001803_jpg.rf.c20454c293bb2911276f9756e879fe9e.jpg
train,train/images/00001803_jpg.rf.e0ed301b347b888f8d02b7f5d837bd51.jpg
train,train/images/00001804_jpg.rf.ede4072591cc6b82f325f60b1d61aa68.jpg
train,train/images/00001804_jpg.rf.fa1dca137803b6eea406df0d2af7d3b7.jpg
train,train/images/00001804_jpg.rf.fa216acabfd62ea0d1283e87502d30c1.jpg
train,train/images/00001805_jpg.rf.56740cc41e7d17880f79f9dd038383dc.jpg
train,train/images/00001805_jpg.rf.6efd5561515f835b3140bf1c848d3d92.jpg
train,train/images/00001805_jpg.rf.eb6be1194176341070db36d23f0e9036.jpg
train,train/images/00001806_jpg.rf.873762c9dec342cc82f5ebc932abf963.jpg
train,train/images/00001806_jpg.rf.a0ad27c145171de7078d40a07b3a4c6b.jpg
train,train/images/00001806_jpg.rf.b0b9bceb0824efc492d38dd05cd5bbc0.jpg
train,train/images/00001809_jpg.rf.1f3d8e3b5b59fe715cabd802cf27761a.jpg
train,train/images/00001809_jpg.rf.a7127302151c75c93beec453d7084fd0.jpg
train,train/images/00001809_jpg.rf.ddb9d26760d0b6ffc6ea7bf66be74e03.jpg
train,train/images/00001812_jpg.rf.1666184b7b98f0778bcd71605bf16a06.jpg
train,train/images/00001812_jpg.rf.8d1893763ec28ac61ed200699d80da21.jpg
train,train/images/00001812_jpg.rf.baca4c86e648a229eca318596e783e1d.jpg
train,train/images/00001813_jpg.rf.3f0299ddf42222fb4ab51ab244fde30f.jpg
train,train/images/00001813_jpg.rf.792dc3a836c2a190dc1f4451d627b0a7.jpg
train,train/images/00001813_jpg.rf.cf5d1e4d36b7ba8e6783d72f869bca6d.jpg
train,train/images/00001819_jpg.rf.6b2d692e03e5c009ea7b7db79fa17175.jpg
train,train/images/00001819_jpg.rf.b0b5c053497ea57ec06f775185fe38f0.jpg
train,train/images/00001819_jpg.rf.ba28598d7afc80b3865099c2b100b015.jpg
train,train/images/00001822_jpg.rf.36669de3182d9c40220fb03bedd56b50.jpg
train,train/images/00001822_jpg.rf.3ecec22e785b9fb8ed49c134643ff7e7.jpg
train,train/images/00001822_jpg.rf.a13500e1422b2896e0ab1e41381b7673.jpg
train,train/images/00001823_jpg.rf.122a2adc25cff89f0c892a57e38af132.jpg
train,train/images/00001823_jpg.rf.5362d80ee58d22ce643406d0afd97263.jpg
train,train/images/00001823_jpg.rf.8ed6a3aa8c46d7b158d1b15be055a60a.jpg
train,train/images/00001827_jpg.rf.42174306bde60ed02dcd762c4e2bd3d2.jpg
train,train/images/00001827_jpg.rf.b3e0acc410f79feec1025108e23f38e2.jpg
train,train/images/00001827_jpg.rf.e7f21b0732824803ab80d426dba912e0.jpg
train,train/images/00001830_jpg.rf.32b74198b2c800e23c071faa9bd7fb19.jpg
train,train/images/00001830_jpg.rf.9476038b3ff555c4c92360fabe3972e5.jpg
train,train/images/00001830_jpg.rf.b9c888b5542439c28850bb4fa0c336be.jpg
train,train/images/00001831_jpg.rf.52532e3cf39245a62e564b597454870a.jpg
train,train/images/00001831_jpg.rf.a1937f2e3d2566c21141aafa2579bb2d.jpg
train,train/images/00001831_jpg.rf.fa0a8cb6ef8745029e724c8adc022982.jpg
train,train/images/00001834_jpg.rf.157cd1bbe6154968cac339d789514245.jpg
train,train/images/00001834_jpg.rf.3d72c6b38d5e532c9f89863c38c37453.jpg
train,train/images/00001834_jpg.rf.5642ed8c37f0d04f16c5f18c70da2d7b.jpg
train,train/images/00001835_jpg.rf.6377b0732da97db5a5c62bf87fcca2f4.jpg
train,train/images/00001835_jpg.rf.dad87bf29fce57bbe9488e6a0c6ac235.jpg
train,train/images/00001835_jpg.rf.f8cff37d9d4ca64047a09263c5c7133b.jpg
train,train/images/00001836_jpg.rf.75795d7868750fbf40e1bb90e933a470.jpg
train,train/images/00001836_jpg.rf.8e875f656a7eab54018b3d22f9d2317f.jpg
train,train/images/00001836_jpg.rf.fff4e9c7a7b0cd4bc1adaa44cd606fd5.jpg
train,train/images/00001839_jpg.rf.a2b0ff2457bf0b61f1918ddcda5041f3.jpg
train,train/images/00001839_jpg.rf.afc6c0f4bc79677491b8ea4eccc81b25.jpg
train,train/images/00001839_jpg.rf.b62172ec6deb2164bbe73edef4f72ae8.jpg
train,train/images/00001840_jpg.rf.077c3947f8f9ea419fbd39cf4370528f.jpg
train,train/images/00001840_jpg.rf.8bd827fe9a28954656eb80fba44aca70.jpg
train,train/images/00001840_jpg.rf.a7f93e65c452ddb25eb9ebbe84bbf059.jpg
train,train/images/00001847_jpg.rf.4f8642c89efe91ec1ff6d3344ac12fed.jpg
train,train/images/00001847_jpg.rf.9a8dcee9a523afbd89f112d3b8a905c1.jpg
train,train/images/00001847_jpg.rf.e0f2d65b450b266a09ebef073c4bd712.jpg
train,train/images/00001856_jpg.rf.07e40bb46296c023cf67a459f76b2bd1.jpg
train,train/images/00001856_jpg.rf.a8a8021f7c3f6cbccbacfc509321fafd.jpg
train,train/images/00001856_jpg.rf.dfd20ff0a26db43b405bfc88b3181ddd.jpg
train,train/images/00001861_jpg.rf.8da58a71abe1f0d8b469ac0cd7ff3218.jpg
train,train/images/00001861_jpg.rf.c824df16bee5a6f5c0051be52d207fdd.jpg
train,train/images/00001861_jpg.rf.d6b2fe961b3864bc726ce9bdeb2e3c80.jpg
train,train/images/00001865_jpg.rf.7b10ada0e7307669fe53532a4bb57020.jpg
train,train/images/00001865_jpg.rf.8596317948f6dcb8092f06205a8b46b5.jpg
train,train/images/00001865_jpg.rf.c58a45c83892980b940c69c902ccda12.jpg
train,train/images/00001866_jpg.rf.7fd6ac73c6880e6bc95970e6549797d0.jpg
train,train/images/00001866_jpg.rf.bc3fa0227d22fc2463f35b5cd4b08f60.jpg
train,train/images/00001866_jpg.rf.da28d6d619882b38211ced8df08e5978.jpg
train,train/images/00001869_jpg.rf.4e677090fd6ce021014f38adcee832a0.jpg
train,train/images/00001869_jpg.rf.c05f7615468c92d1587c85b0fff96c2f.jpg
train,train/images/00001869_jpg.rf.d2717c728554d7331825f90e04907a70.jpg
train,train/images/00001872_jpg.rf.16404b02216aa533c035bf650c3dc62b.jpg
train,train/images/00001872_jpg.rf.19e55b0ac524e2ceacb8e05bb01c1dd8.jpg
train,train/images/00001872_jpg.rf.2848b27327da016f5c1664f9cf2b2def.jpg
train,train/images/00001875_jpg.rf.632adf0f3949aaf79c0075f58cb7c105.jpg
train,train/images/00001875_jpg.rf.901a76bb145efd678e5ce532d2752544.jpg
train,train/images/00001875_jpg.rf.ec2f92808efbaa2acd7d6d7794eb74ed.jpg
train,train/images/00001876_jpg.rf.4bac8cf26765e2d75124fa1dde719c99.jpg
train,train/images/00001876_jpg.rf.778a0125427fccdb0731c1bab84771da.jpg
train,train/images/00001876_jpg.rf.7a059e3acde4a627aa2b1b49d65d298b.jpg
train,train/images/00001880_jpg.rf.1617fde50cbe2d684c4af126772dc107.jpg
train,train/images/00001880_jpg.rf.2c75378e8cc573b8ae3891bfe580a461.jpg
train,train/images/00001880_jpg.rf.3db3829423859398c5c1c0d2c5256e1f.jpg
train,train/images/00001881_jpg.rf.2f79bff5b2715b6c86f4312e1384adfe.jpg
train,train/images/00001881_jpg.rf.81ef325fa8cbdb7a1e5c0681cbd68d95.jpg
train,train/images/00001881_jpg.rf.b06fa853f03c788f323150d0b099d32c.jpg
train,train/images/00001891_jpg.rf.27aa00992ec8dcba4b91d7f4a24be040.jpg
train,train/images/00001891_jpg.rf.71a98f3c5fc658cb4aae4332075effc2.jpg
train,train/images/00001891_jpg.rf.926458993516955748b727f2fe454a94.jpg
train,train/images/00001894_jpg.rf.2ff04c2273425f743f8eb9c1f9fc1187.jpg
train,train/images/00001894_jpg.rf.6d335c9f8850eefaf2b12f33cb47a00e.jpg
train,train/images/00001894_jpg.rf.8590e1d9c1441a3351dadcff9d397fca.jpg
train,train/images/00001898_jpg.rf.2b0a93611be81b716600d825404429a4.jpg
train,train/images/00001898_jpg.rf.ca52b2cb0348088a13f0669cce72810a.jpg
train,train/images/00001898_jpg.rf.eacebdd4949056b420a479ba6314d3ec.jpg
train,train/images/00001905_jpg.rf.06a9ba847f47245cf4afb241d27dcd78.jpg
train,train/images/00001905_jpg.rf.1b0a0d85bdc09ea9ede8c3631b6fe6d0.jpg
train,train/images/00001905_jpg.rf.dac68fdb1cdb4cfe4dc4092e0d94a4c3.jpg
train,train/images/00001906_jpg.rf.1308285bf58158eb4d5e3c570ce1dc66.jpg
train,train/images/00001906_jpg.rf.a53ac5d4cd708be27e6f062d89d10c32.jpg
train,train/images/00001906_jpg.rf.b20e6ce3caf8028e7e6cdb05fcac51be.jpg
train,train/images/00001907_jpg.rf.72fe70938b33533ad0df615f04f5e7ce.jpg
train,train/images/00001907_jpg.rf.a1fc01dbd759f65bcd77ce4473001ed2.jpg
train,train/images/00001907_jpg.rf.e256b28f7c22f741785086edf1d79f00.jpg
train,train/images/00001908_jpg.rf.68087b1f2b521869e83e9d8a5298c02b.jpg
train,train/images/00001908_jpg.rf.7ace60fb10388622b5eecc692b37f873.jpg
train,train/images/00001908_jpg.rf.8a124e70e865cfe45837e516588ad1fa.jpg
train,train/images/00001911_jpg.rf.15d9c0f4162a25435d0911a56f8463e4.jpg
train,train/images/00001911_jpg.rf.7111bb6f55e72e898f82f07131db8ee0.jpg
train,train/images/00001911_jpg.rf.dc9cbdd8986e29912cae7dd71c9a3dc4.jpg
train,train/images/00001912_jpg.rf.36b09fc0a5a74d7da757c49a5f26e91f.jpg
train,train/images/00001912_jpg.rf.5b4cd8a540752eaf5a83cccb543b50d9.jpg
train,train/images/00001912_jpg.rf.68dad5757b3c996768c890b4f8f1eaea.jpg
train,train/images/00001919_jpg.rf.165071e9aa969a4bb73c10a845a02b64.jpg
train,train/images/00001919_jpg.rf.1933ee1f3c6895137ba83964f7e8e1e2.jpg
train,train/images/00001919_jpg.rf.7e19496c2373665cc479c79fc1ee109e.jpg
train,train/images/00001921_jpg.rf.a4185049d73af004ba5e1fc85dbf2ad3.jpg
train,train/images/00001921_jpg.rf.b50a2940a9a6c5fbf79470904971735d.jpg
train,train/images/00001921_jpg.rf.bc6cbfa5df255eeabcc830c8d4f085fd.jpg
train,train/images/00001923_jpg.rf.1aacc8dbc84c9963664b6e69671a9429.jpg
train,train/images/00001923_jpg.rf.3b1249feae0c88e3450ea38b3011dbf5.jpg
train,train/images/00001923_jpg.rf.8b9561ba17e1fb78d19ac44072cb00db.jpg
train,train/images/00001924_jpg.rf.1124125e219b7feec4230213eb15f27e.jpg
train,train/images/00001924_jpg.rf.1d324868affcf9a7209f4db003e66f07.jpg
train,train/images/00001924_jpg.rf.fc286130ea733288931864a03f9258ff.jpg
train,train/images/00001925_jpg.rf.1b99ee3743b65efe447350a93bfccacd.jpg
train,train/images/00001925_jpg.rf.5facc12b3ef8dc10f1458013c6026917.jpg
train,train/images/00001925_jpg.rf.c03a621ca27bdb042142482def1bd2eb.jpg
train,train/images/00001928_jpg.rf.4eecf6ea7bd2d3b35cfcdd0a748a0ef0.jpg
train,train/images/00001928_jpg.rf.8ad1f79aff7390258ebcbe86d4e115d5.jpg
train,train/images/00001928_jpg.rf.95e8ebcb1314b7efb0cf18bcd891d417.jpg
train,train/images/00001931_jpg.rf.2c5400d2e377927a92807f994c9c5180.jpg
train,train/images/00001931_jpg.rf.6164988143aac3736eee56714c36d089.jpg
train,train/images/00001931_jpg.rf.d4420c10229dac859a1046bc566099d0.jpg
train,train/images/00001937_jpg.rf.63b32f05be01ff3633aa1858bb9e50d7.jpg
train,train/images/00001937_jpg.rf.a88da915282b6a53d6fd87d6e037a819.jpg
train,train/images/00001937_jpg.rf.d8d0e571ab638759dac333a7e124926d.jpg
train,train/images/00001938_jpg.rf.27868d1803f48921260e74bdb58f4461.jpg
train,train/images/00001938_jpg.rf.8ccd6b6283253e4f59191a3da0c85666.jpg
train,train/images/00001938_jpg.rf.e4a398ec3dc425e0d634585c334549cc.jpg
train,train/images/00001944_jpg.rf.0d781fb1f1e32fa79bb7f7cbf9b7e50f.jpg
train,train/images/00001944_jpg.rf.1dd213f7ba23ff630706074771e0740a.jpg
train,train/images/00001944_jpg.rf.debd99ea93e9f2c465aefa60dfbb877b.jpg
train,train/images/00001947_jpg.rf.1822c0c948cfdc7de0b2570d399d041a.jpg
train,train/images/00001947_jpg.rf.45afe35aabb752bbba298319c4ab0f7d.jpg
train,train/images/00001947_jpg.rf.9fa030a544eac0160563526c613ef7fc.jpg
train,train/images/00001948_jpg.rf.1ad39e3ce9def2556b8c2b38bd1e087c.jpg
train,train/images/00001948_jpg.rf.2d8b84cc6c0e6be102d9acbbdc71b573.jpg
train,train/images/00001948_jpg.rf.a716ae982f8af19497fc65681c3b4e79.jpg
train,train/images/00001950_jpg.rf.5602b21289a49d3377922b3b053dc822.jpg
train,train/images/00001950_jpg.rf.7571bf075e3a230b37f8a2168a06e7de.jpg
train,train/images/00001950_jpg.rf.d5d8543f71c9bcb4c9dba5c4fdb14671.jpg
train,train/images/00001953_jpg.rf.721affee3a5cfff2c9bc0540bd5fdf2b.jpg
train,train/images/00001953_jpg.rf.aace56b3e1316b933fd34838de23e845.jpg
train,train/images/00001953_jpg.rf.c4ca4e591125d8632af2dcff93b502a8.jpg
train,train/images/00001954_jpg.rf.13a428c892568ad7a97bbf40bcac8759.jpg
train,train/images/00001954_jpg.rf.680b67bb36c2182a63d24663da43977b.jpg
train,train/images/00001954_jpg.rf.a1ae4689cc191ce528cbe26411a57cb8.jpg
train,train/images/00001955_jpg.rf.0fba5cad021758218d2a47b0b0e1aa37.jpg
train,train/images/00001955_jpg.rf.14e45316a11a1b80063129d7a820231f.jpg
train,train/images/00001955_jpg.rf.b71fcb8c9e4e13a004e1e93c303b179c.jpg
train,train/images/00001957_jpg.rf.3dc7f0264894b1110363842b7cdee64c.jpg
train,train/images/00001957_jpg.rf.52a15a1bc37c270eebcf66eec26ed6a0.jpg
train,train/images/00001957_jpg.rf.9d2de6311d6dd185a15d38877997acbc.jpg
train,train/images/00001959_jpg.rf.a5cf04b5515769a89bd0088ac90cfe49.jpg
train,train/images/00001959_jpg.rf.b7c6fb4a0333c68ae03867bccdcfb1b6.jpg
train,train/images/00001959_jpg.rf.c48cac67ce0e89e5d00e4df8d3c649b5.jpg
train,train/images/00001960_jpg.rf.5fe7906e5e1cf0d7e197fb2adb4817da.jpg
train,train/images/00001960_jpg.rf.bb5fd94a5f431e5562d81ba1363711a7.jpg
train,train/images/00001960_jpg.rf.ccd8d7b448e7d8c6cb01fe4a7bcaa100.jpg
train,train/images/00001961_jpg.rf.0631ea683dc46cbf05a6622af3bb438a.jpg
train,train/images/00001961_jpg.rf.408e35db906fdfb854f025cb4c14b948.jpg
train,train/images/00001961_jpg.rf.dcddc6c4c332019cd7550c44bb81f277.jpg
train,train/images/00001962_jpg.rf.5cdd81c31c7229c895e8f72f3fda3005.jpg
train,train/images/00001962_jpg.rf.65be56333ee90577037395cb960dabc5.jpg
train,train/images/00001962_jpg.rf.f897a614befbbff5c22fcc43afda93fd.jpg
train,train/images/00001967_jpg.rf.1fd31025a1e315108f781020e811a2d5.jpg
train,train/images/00001967_jpg.rf.42e59897dac5f4e9bcb86ee535c060f8.jpg
train,train/images/00001967_jpg.rf.4de127f06edf3f08c4fd5a68d60312b3.jpg
train,train/images/00001968_jpg.rf.653028883cc6808063314f28b9c9a98e.jpg
train,train/images/00001968_jpg.rf.b1c34e00cbf5c486055c285882ec903a.jpg
train,train/images/00001968_jpg.rf.e664dbfd9cbf55f4875e9e4c05e37b5a.jpg
train,train/images/00001971_jpg.rf.0f546e82f68f204f2ec2e7d7719d45f4.jpg
train,train/images/00001971_jpg.rf.3481a033ad19d5cf7ce4b82ddf76c0db.jpg
train,train/images/00001971_jpg.rf.5008df06cf9350fad6d58d688cd516b9.jpg
train,train/images/00001982_jpg.rf.4408318a7cc9f53a3354eaad01b6ea60.jpg
train,train/images/00001982_jpg.rf.7a6252e4b1f7bc1b9bf545aa40aa85a8.jpg
train,train/images/00001982_jpg.rf.fc603aa66911e1d53bea14649de8295a.jpg
train,train/images/00001984_jpg.rf.390093f8718f65a8405e05019c8cb649.jpg
train,train/images/00001984_jpg.rf.52906ea4dddcfea5f1af015106d5d8b9.jpg
train,train/images/00001984_jpg.rf.aea9aa147b65343789c7060351bc97bf.jpg
train,train/images/00001985_jpg.rf.350727fff8d6e2c561fcaf655f1181be.jpg
train,train/images/00001985_jpg.rf.dbbaf706504aa838040d6cb3e24fdacc.jpg
train,train/images/00001985_jpg.rf.f1f217b67155b29a3027f97bec8e38f2.jpg
train,train/images/00001986_jpg.rf.08397f8626a0600cb18af17da7b0a2aa.jpg
train,train/images/00001986_jpg.rf.2fe61849d180aebfa5a0c7985a1018a0.jpg
train,train/images/00001986_jpg.rf.ca4321ebfa764e5b46002b345e4fb01a.jpg
train,train/images/00001989_jpg.rf.064db660a9625fff352d309541120b3b.jpg
train,train/images/00001989_jpg.rf.6f1747fbc1ef303e544238f0dd1cb8ff.jpg
train,train/images/00001989_jpg.rf.b65b67a18457366a702cdcb8ddb5e350.jpg
train,train/images/00001991_jpg.rf.2050f3811ff1191582289f7882f94b6c.jpg
train,train/images/00001991_jpg.rf.6c973477ca20a218f5d6f6cde4ea3f89.jpg
train,train/images/00001991_jpg.rf.98b700b0a5775761b3e5eeeff73e2b70.jpg
train,train/images/00001992_jpg.rf.45af54f51ae47dfa5fb72f71138d8e75.jpg
train,train/images/00001992_jpg.rf.47929e09c9f171c42005f32c0643a178.jpg
train,train/images/00001992_jpg.rf.78d0639ee59048c21d6d2d6167480223.jpg
train,train/images/00001993_jpg.rf.116c9f77b1d7b5f382a4be9242188416.jpg
train,train/images/00001993_jpg.rf.eb377a6867e13c8ff39f82bcbb0d412e.jpg
train,train/images/00001993_jpg.rf.f42697225a5a39f5ca658670718a4130.jpg
train,train/images/00001997_jpg.rf.2081c33b2fab672436fbeeaf852e99c9.jpg
train,train/images/00001997_jpg.rf.a99b32e4d65d5ffc03e9ee34e8e71eee.jpg
train,train/images/00001997_jpg.rf.b6363ccb0d347d91a4f64010636e1077.jpg
train,train/images/00001999_jpg.rf.07cad2b13cef2baf0e0d6cfbfea4ec2f.jpg
train,train/images/00001999_jpg.rf.8ae7b7bbeb7ee36f31cc1f3448a63e64.jpg
train,train/images/00001999_jpg.rf.d0c68c064bd766ddc097a8dd6d19d64c.jpg
train,train/images/00002000_jpg.rf.161cd0f26627e318f67f40d03b6eff0b.jpg
train,train/images/00002000_jpg.rf.a904e5e663b570e3d986fc67fb886859.jpg
train,train/images/00002000_jpg.rf.aec9bd1a50daa3166341ac979e2c3e29.jpg
train,train/images/00002001_jpg.rf.58eb74828c2c52d2887b4ea14ed53cf2.jpg
train,train/images/00002001_jpg.rf.5a0a77b02801f1d00fbba9cea26e57ca.jpg
train,train/images/00002001_jpg.rf.e337363d63bcc5ef1e03b02993cec817.jpg
train,train/images/00002005_jpg.rf.0c593208e6be8e3670b032e9a16129f3.jpg
train,train/images/00002005_jpg.rf.10325df8a6866750ef64d016902ae85d.jpg
train,train/images/00002005_jpg.rf.8078461daa2e0303f22fded0e3a9e69a.jpg
train,train/images/00002006_jpg.rf.821a997e4be830aecf2d2cf0016fd999.jpg
train,train/images/00002006_jpg.rf.a10c15bb77cb040505c81fc7b4970966.jpg
train,train/images/00002006_jpg.rf.c545f5b99ae517087f31304254aca18d.jpg
train,train/images/00002009_jpg.rf.177f1b8cb3a06b4369c6b120f7ce0458.jpg
train,train/images/00002009_jpg.rf.1b6c357250a8446f3690b283f2230e0e.jpg
train,train/images/00002009_jpg.rf.f6cce428ab52406540570ef0cb367c8d.jpg
train,train/images/00002010_jpg.rf.877f5420c11c5be5e3ff59886fa49baa.jpg
train,train/images/00002010_jpg.rf.98ea3d95823bd93a0a494737e1f237be.jpg
train,train/images/00002010_jpg.rf.c9f78689b0deeb754aaa3a723e5a209c.jpg
train,train/images/00002015_jpg.rf.132c76fc8ef60ed3706d04d681d209d6.jpg
train,train/images/00002015_jpg.rf.4b9d55d580e2532037ec1c70804eac96.jpg
train,train/images/00002015_jpg.rf.7f1ed7a90ee61bed85099db3f7123b04.jpg
train,train/images/00002021_jpg.rf.7bed6818bfdfd5705b6f6941cecf1c1c.jpg
train,train/images/00002021_jpg.rf.aa79d85ff2757d1d18ba433992eed1df.jpg
train,train/images/00002021_jpg.rf.d349445c9411c487dccd704654f0e508.jpg
train,train/images/00002028_jpg.rf.d796f32af459366309e355f87c94a8d7.jpg
train,train/images/00002028_jpg.rf.e3ea8b464f17e8807c689add4035eb79.jpg
train,train/images/00002028_jpg.rf.ecfeec7325cc0495e0b1af4ebb66e24c.jpg
train,train/images/00002033_jpg.rf.44361ec60ca090ef78231b90801ad20f.jpg
train,train/images/00002033_jpg.rf.a9321f7e4c1ba97a8661807b795a2e63.jpg
train,train/images/00002033_jpg.rf.d9efee4a22bbae96fa52da784b72c068.jpg
train,train/images/00002035_jpg.rf.6cd9a5ec7d5493be4ca8ccebf78f28bc.jpg
train,train/images/00002035_jpg.rf.c321a097ccefe6a714e1a3e5f0eae485.jpg
train,train/images/00002035_jpg.rf.e3108af321521900537f6c6b4a483426.jpg
train,train/images/00002038_jpg.rf.4ebead4a1323e4abc2e5b6036bf1e213.jpg
train,train/images/00002038_jpg.rf.7ca8ef1183e95f57b820c87467c8b6b1.jpg
train,train/images/00002038_jpg.rf.a0b59664dbe69df5e7bc2cfbee346dd5.jpg
train,train/images/00002041_jpg.rf.5431324e1567dadb08fb8b2d712e35e9.jpg
train,train/images/00002041_jpg.rf.59891440c033e603665430a935efa130.jpg
train,train/images/00002041_jpg.rf.6b73a895d3cce9be2d18d1abf8646527.jpg
train,train/images/00002046_jpg.rf.8dfb146305752396c90bb31ddd122219.jpg
train,train/images/00002046_jpg.rf.c9844996b138289d3110cc57d8cf4bc9.jpg
train,train/images/00002046_jpg.rf.ede62481ac05032d9f225b1cbc069ad0.jpg
train,train/images/00002049_jpg.rf.4dd46da6422cdf601649b09963470099.jpg
train,train/images/00002049_jpg.rf.b89d9148a4e0d9e4b37d4a07e3cf859f.jpg
train,train/images/00002049_jpg.rf.f7d78a8d367b58fee64c2afc06de5256.jpg
train,train/images/00002054_jpg.rf.37eb763aaf6b9b8176e3e7ac6336e462.jpg
train,train/images/00002054_jpg.rf.ab68f9421b40d555d1e18a63061df643.jpg
train,train/images/00002054_jpg.rf.ad013e9c518c03c2da565e75302170e5.jpg
train,train/images/00002057_jpg.rf.06b733c15bbd5ed45740e9a2238e3a68.jpg
train,train/images/00002057_jpg.rf.6f3afd6acda5ecd939babf8a048b605a.jpg
train,train/images/00002057_jpg.rf.c2b31cf731ec6b373c84b6545f4bc876.jpg
train,train/images/00002062_jpg.rf.277aa7303805bb71887ff31b393a2e2a.jpg
train,train/images/00002062_jpg.rf.313c994ccf566b01d04e3efa13122569.jpg
train,train/images/00002062_jpg.rf.b8dc2d9c139223cf78fef80f514af1c5.jpg
train,train/images/00002063_jpg.rf.57e57c364a516016638bcc04ab4d3e04.jpg
train,train/images/00002063_jpg.rf.74bd55ff70f74dd3d739fa78c29baf81.jpg
train,train/images/00002063_jpg.rf.d42ea628a68bb60496dd6da9403a9dff.jpg
train,train/images/00002066_jpg.rf.37513218b5c22d9e9ce3588f9a97c372.jpg
train,train/images/00002066_jpg.rf.bfed9d7db7b404b176c8be19e4798473.jpg
train,train/images/00002066_jpg.rf.dde23cf8e1b8617e037a3d7dce1afcbc.jpg
train,train/images/00002072_jpg.rf.c34507c20ad4aa5a247506ed1dd0f041.jpg
train,train/images/00002072_jpg.rf.c7729edd1e4b7e31714d70f84f64393e.jpg
train,train/images/00002072_jpg.rf.c88fa5a3897570daa3d63267b551fc37.jpg
train,train/images/00002073_jpg.rf.03046ead5fa7ef328e901ca4e4810a9d.jpg
train,train/images/00002073_jpg.rf.22f39f349cce92c3a760f8f77bf75167.jpg
train,train/images/00002073_jpg.rf.b2872855249c433a37f4f1ff802158ed.jpg
train,train/images/00002076_jpg.rf.0ce9be166d2647fdeb5a7f405edec588.jpg
train,train/images/00002076_jpg.rf.18e63e938744ac8e0e72e5d9dca33ed7.jpg
train,train/images/00002076_jpg.rf.5447dfb5c695306dd8e37376fb6955a6.jpg
train,train/images/00002078_jpg.rf.64dd9bfbfd2012d3e66cbb679331c803.jpg
train,train/images/00002078_jpg.rf.85fe8831b8410a818282275967f6c640.jpg
train,train/images/00002078_jpg.rf.dd906f760e17ca113b2ebc78d6783520.jpg
train,train/images/00002081_jpg.rf.0a9377ad35569db8a459febac007024a.jpg
train,train/images/00002081_jpg.rf.5c56ff69a128d8273aebc510e3d081c3.jpg
train,train/images/00002081_jpg.rf.c707dac7e9cc644a807267436b74343a.jpg
train,train/images/00002094_jpg.rf.55b08bbb4c0e1b5b06b80966a993be42.jpg
train,train/images/00002094_jpg.rf.55f5d6fb2d0666e2e608334f07dc4aa8.jpg
train,train/images/00002094_jpg.rf.8283bdda03319cbef03dfaac21ee8025.jpg
train,train/images/00002095_jpg.rf.a0cbb7a73f01869cd3ce96d58ed80b07.jpg
train,train/images/00002095_jpg.rf.b5a3b3cc3ba4c1809a0cde41173b3e65.jpg
train,train/images/00002095_jpg.rf.e16b93c53a08c95aa75fe5edcfae93b3.jpg
train,train/images/00002098_jpg.rf.0d7a5d8539644fbf047eab330c61b281.jpg
train,train/images/00002098_jpg.rf.50b4cfbaf58a1d7e3e6035df7a9cf61a.jpg
train,train/images/00002098_jpg.rf.6fa7d91e4872b1fa5a70879d8f32f888.jpg
train,train/images/00002100_jpg.rf.31a021ebada6bfcb043be2ec0f16bb69.jpg
train,train/images/00002100_jpg.rf.b754f426b6952f08194f534b99ab1d65.jpg
train,train/images/00002100_jpg.rf.c152146537118e79bc33899b5d725c2c.jpg
train,train/images/00002117_jpg.rf.bc16a5d3bddfe3b954cadba6aa24ec7f.jpg
train,train/images/00002117_jpg.rf.d17487f8c49daa139e1de74c93473f96.jpg
train,train/images/00002117_jpg.rf.f4762d311a94965864a61514fef101ae.jpg
train,train/images/00002125_jpg.rf.5258b22a01895edbb0f5e14668d44ce1.jpg
train,train/images/00002125_jpg.rf.73baaa97074e307a0b9345528ba49ba3.jpg
train,train/images/00002125_jpg.rf.93dd0279b61d1bb0abc07a197a1fdfb8.jpg
train,train/images/00002126_jpg.rf.902e12360f15acedae303126a7dd79dc.jpg
train,train/images/00002126_jpg.rf.96fc68a8953e8ee3db4248435e2634ef.jpg
train,train/images/00002126_jpg.rf.b09c2943840266f819e1aa8196c0c891.jpg
train,train/images/00002128_jpg.rf.138f9f25caf3847232d94a5b34f877a6.jpg
train,train/images/00002128_jpg.rf.992d1a1063e4b5390bf19e1a937889e9.jpg
train,train/images/00002128_jpg.rf.cfa9ea482061f8e31d0216b8e04b224a.jpg
train,train/images/00002130_jpg.rf.4f69deb92179d7cb707830378bf1307f.jpg
train,train/images/00002130_jpg.rf.6a80a6cff514218dce266ab7bf5528f6.jpg
train,train/images/00002130_jpg.rf.e0c58a49e22231c7408acb868cc4e4ed.jpg
train,train/images/00002134_jpg.rf.a2f0a5e127a5f1a5535613c78d9d9f80.jpg
train,train/images/00002134_jpg.rf.c1af06f7a86172ab96a9e7a3e8319e21.jpg
train,train/images/00002134_jpg.rf.e90b7811ce03cae1ca4346c0086f3983.jpg
train,train/images/00002138_jpg.rf.8c3559fece8ce6f8948914c386850490.jpg
train,train/images/00002138_jpg.rf.dfe1da2731c7ebab01b41ba63f7d2556.jpg
train,train/images/00002138_jpg.rf.f6603ea8a9a397ac74a75a2b8ebebcd3.jpg
train,train/images/00002139_jpg.rf.3df636e9accdb48cb6abac327e139852.jpg
train,train/images/00002139_jpg.rf.7dc60ac910a8cc36fc149eba64ae0c3e.jpg
train,train/images/00002139_jpg.rf.f678a11d2bdbce68f95d942cd1e35e4c.jpg
train,train/images/00002140_jpg.rf.5dde9f5ba5a282e670135677512403b9.jpg
train,train/images/00002140_jpg.rf.ad59d394c87d16f572a5e1b6623b8f65.jpg
train,train/images/00002140_jpg.rf.d4b22c091fa9980c9caa2bcbabcc547b.jpg
train,train/images/00002141_jpg.rf.161a003cc9f396313bb9e6454a024866.jpg
train,train/images/00002141_jpg.rf.675c0e7346d0e983080cf8d0f9d7c09d.jpg
train,train/images/00002141_jpg.rf.788a5fbaf19ee7226dcca56226c5ae17.jpg
train,train/images/00002150_jpg.rf.75b697e49bf7f7ea8314b43235053428.jpg
train,train/images/00002150_jpg.rf.7c5cf1dfd7b155262a3e9b9190677489.jpg
train,train/images/00002150_jpg.rf.839acaa563d535941998e813a25792cf.jpg
train,train/images/00002151_jpg.rf.34319e580f08d1544e42314439523927.jpg
train,train/images/00002151_jpg.rf.422fb7647018e07f6aad5c03edd9bdb1.jpg
train,train/images/00002151_jpg.rf.966f69a6a2bd23288525b6eeddb0c89d.jpg
train,train/images/00002152_jpg.rf.3732ec248e396aef67a503bd11bc845a.jpg
train,train/images/00002152_jpg.rf.9f040b529bf3ab79262083fcae8c145b.jpg
train,train/images/00002152_jpg.rf.ee821496ddf664d8f4917748c204ca77.jpg
train,train/images/00002155_jpg.rf.07e4894b9a005ca7666f27e83e015d8f.jpg
train,train/images/00002155_jpg.rf.3311f6c4d98138eab4484945c4eb9f28.jpg
train,train/images/00002155_jpg.rf.cd9e5da3297a3adbb4b281e54b7a5f37.jpg
train,train/images/00002167_jpg.rf.73c10a9b56645d74c8e3b91a93c6a3f3.jpg
train,train/images/00002167_jpg.rf.8c2db545102d6c6a39ca249366e0a4f2.jpg
train,train/images/00002167_jpg.rf.93a07711e069e4556df16e16ed9eb674.jpg
train,train/images/00002173_jpg.rf.73ae885dc16fb89ec5b69550199d384e.jpg
train,train/images/00002173_jpg.rf.bcea7e20b837af71a38d116070278d04.jpg
train,train/images/00002173_jpg.rf.fa836d71d60c27b6fd32275cfd8b5e5b.jpg
train,train/images/00002174_jpg.rf.7c339115eab260420a09685ada53af56.jpg
train,train/images/00002174_jpg.rf.cfaaf1fcd03a287b6588d29d03abf105.jpg
train,train/images/00002174_jpg.rf.d6506c98c1e04ef2bea714a8ffe893e0.jpg
train,train/images/00002176_jpg.rf.0fc51f013cb43d3bbfc858b0a3301a34.jpg
train,train/images/00002176_jpg.rf.764db3a63b80e3e63be225406873a4b0.jpg
train,train/images/00002176_jpg.rf.d0a198c24980600698050bdc8aff762f.jpg
train,train/images/00002178_jpg.rf.14e9b9b75f448bf685b538b8acd05e80.jpg
train,train/images/00002178_jpg.rf.2b012fe1b7b17dc08c42e23094861f8b.jpg
train,train/images/00002178_jpg.rf.f49ba9356c9776b3634300a7cb3bae53.jpg
train,train/images/00002179_jpg.rf.66e91ce4a2399006c40e562f645de331.jpg
train,train/images/00002179_jpg.rf.6779cb5577cb5b8acdbc6c35757848f1.jpg
train,train/images/00002179_jpg.rf.f0841d2dc7886cef15956c1261be6a7d.jpg
valid,valid/images/00000001--2-_jpg.rf.5c889f538451f3567e174ebb973bfc2c.jpg
valid,valid/images/00000009--2-_jpg.rf.35144e3b11684f5cd094ff64cb85d383.jpg
valid,valid/images/00000032_jpg.rf.39f5d9e5682980e81469f504c26c7d77.jpg
valid,valid/images/00000042_jpg.rf.0ddeb616e487674594bdcdaf9e018d5f.jpg
valid,valid/images/00000054_jpg.rf.4bb124c0e224869fe498b97352dcd187.jpg
valid,valid/images/00000057_jpg.rf.b17035106568f619eaf4e01ed2de2299.jpg
valid,valid/images/00000059--2-_jpg.rf.a162483b50daf50ee4b0590d20278db7.jpg
valid,valid/images/00000060_jpg.rf.40f4498bf418ed2884af9ad0e79c7486.jpg
valid,valid/images/00000065_jpg.rf.b22143a2e23656ec31ada17617b7ca32.jpg
valid,valid/images/00000096_jpg.rf.64641c20884f8474a23f62f68aac271b.jpg
valid,valid/images/00000118_jpg.rf.9c9f9b4ee01b3e173127caae8312e8f3.jpg
valid,valid/images/00000122_jpg.rf.8d2fe01357027c11fb10019e594181b0.jpg
valid,valid/images/00000134_jpg.rf.02e342974c64523c1410539366eb6e1a.jpg
valid,valid/images/00000161_jpg.rf.d9eab49f32eee221a57df8a0aa57ec7a.jpg
valid,valid/images/00000164_jpg.rf.3146ef4ee4b5b465bd3d1abb97b6b124.jpg
valid,valid/images/00000192_jpg.rf.e5ae1d6f8db024593fce047af945342f.jpg
valid,valid/images/00000203_jpg.rf.da296bb986b503596a8a104b29419023.jpg
valid,valid/images/00000230_jpg.rf.622e8aa967a0cc447b6b9e96f3cf854a.jpg
valid,valid/images/00000247_jpg.rf.540a98bbd374644b43f69932bc8add47.jpg
valid,valid/images/00000249_jpg.rf.938245213e0bcc3fdc67cf7741b6b47e.jpg
valid,valid/images/00000290_jpg.rf.d508aa187f9d71d9d298a7a6c9235ea0.jpg
valid,valid/images/00000302_jpg.rf.a67122235256e9e2a0e94f96a18a22b2.jpg
valid,valid/images/00000332_jpg.rf.cd8cebb2788351f704f1b2e790ff4385.jpg
valid,valid/images/00000388_jpg.rf.a08cc0a5e2aecb6aab24ef33b1f40edb.jpg
valid,valid/images/00000419_jpg.rf.c73c7e86a00e221b88fa8cc137c1cb22.jpg
valid,valid/images/00000424_jpg.rf.e8dff35e4c957c983061aab888eeab0d.jpg
valid,valid/images/00000451_jpg.rf.4f56d93cf63f96f7d9534bc754ff3fd9.jpg
valid,valid/images/00000470_jpg.rf.8f1b6365c2da14330cf4dd3e444c32a9.jpg
valid,valid/images/00000528_jpg.rf.f345231c294aa4421a84d20520790251.jpg
valid,valid/images/00000533_jpg.rf.4742b2bfcba16f0d5c81c1a89396a8a9.jpg
valid,valid/images/00000538_jpg.rf.9ae90b2b168c25edb383c4ba3f2cf7e9.jpg
valid,valid/images/00000555_jpg.rf.aea5ed993d377b1cc3b45590894ee911.jpg
valid,valid/images/00000572_jpg.rf.3d201f423403764b5b39cbfa2008497b.jpg
valid,valid/images/00000592_jpg.rf.005710edfad0d13ac5c052d97baab963.jpg
valid,valid/images/00000600_jpg.rf.cee768fe1adae79f1095f3e1d200aff8.jpg
valid,valid/images/00000601_jpg.rf.2973ed04e2f550e782291ef696f775b8.jpg
valid,valid/images/00000616_jpg.rf.978c137f80a97ca0f5ad5676efd6f180.jpg
valid,valid/images/00000618_jpg.rf.1f6058be7b9e4ba058905683400a3975.jpg
valid,valid/images/00000619_jpg.rf.325374a9fd2faddae888b77727cfba13.jpg
valid,valid/images/00000644_jpg.rf.9c40fef7747f90b89f9b4b3e857e9770.jpg
valid,valid/images/00000646_jpg.rf.10644b60f369841aad2087bef464bfc1.jpg
valid,valid/images/00000650_jpg.rf.8d899405c13a7447da3de996624524de.jpg
valid,valid/images/00000651_jpg.rf.e4647848fb6b2daf2e97de8af6ef2b56.jpg
valid,valid/images/00000656_jpg.rf.4d5beb9a1137375e42adb0ed5d2a618e.jpg
valid,valid/images/00000702_jpg.rf.3290fccfdbc3cff5d1fffc3aa3bffe12.jpg
valid,valid/images/00000705_jpg.rf.60cf037d48cf4fd79b470eade6db1dee.jpg
valid,valid/images/00000725_jpg.rf.39f7abbbc0fdc57379021f83216d8fe3.jpg
valid,valid/images/00000746_jpg.rf.6ac738dc057ffc300efc6e8626166057.jpg
valid,valid/images/00000754_jpg.rf.6f2629bf7f80582b7395f7eb12cf6bf9.jpg
valid,valid/images/00000755_jpg.rf.138c9630747e64576012847732c581ca.jpg
valid,valid/images/00000763_jpg.rf.2f6ce2121c04e7ebe9c56e12a4650e20.jpg
valid,valid/images/00000791_jpg.rf.ae7ed5e4328503d6099d944bb5988d29.jpg
valid,valid/images/00000806_jpg.rf.66dcbf1b6e9b14371bc074355436ace1.jpg
valid,valid/images/00000809_jpg.rf.b57555d2e03a1921c05b9e248a7416bd.jpg
valid,valid/images/00000811_jpg.rf.7222885a3439bbc1c7663f7f49ef5c9e.jpg
valid,valid/images/00000822_jpg.rf.8147b2d57d36354913448b562a504412.jpg
valid,valid/images/00000823_jpg.rf.2d4dd4a375449cadd0e8d112f4475c49.jpg
valid,valid/images/00000825_jpg.rf.18b48d15819aa49170f1e665f6361ecb.jpg
valid,valid/images/00000850_jpg.rf.b56390ea9be2f6020a01354ba0b28652.jpg
valid,valid/images/00000851_jpg.rf.9d2f796c76ff52f9206b6e593d17e652.jpg
valid,valid/images/00000860_jpg.rf.ca126cb308b958fca36d6d82e9bdcafb.jpg
valid,valid/images/00000863_jpg.rf.ea8973f3958e4704151bdd85f5d9af1f.jpg
valid,valid/images/00000869_jpg.rf.96417b1098912ce110c4909addb2620e.jpg
valid,valid/images/00000884_jpg.rf.ee3a33a4e0fa1f97873f0aecc387ca89.jpg
valid,valid/images/00000900_jpg.rf.0f7c5d64dc82296a6851901b7ddd5739.jpg
valid,valid/images/00000910_jpg.rf.52d7beeefb37337f8e5f7c009c2bc8f0.jpg
valid,valid/images/00000913_jpg.rf.a4b96b5aef35376cda44974967eac259.jpg
valid,valid/images/00000920_jpg.rf.19d9d64e860d3da409895ca1c4ccd9a6.jpg
valid,valid/images/00000928_jpg.rf.4cc85cff7c0ce749e76fc8384df79272.jpg
valid,valid/images/00000944_jpg.rf.feaf788cd223e28e6ff5e56361c85c34.jpg
valid,valid/images/00000972_jpg.rf.8b5f37ab388b954beeaa86f6413c9f3c.jpg
valid,valid/images/00000987_jpg.rf.977034d830615411d979c8f250f2ac29.jpg
valid,valid/images/00000989_jpg.rf.da9f745264ce76cb13d3fd529a61b046.jpg
valid,valid/images/00000990_jpg.rf.3d7b071d54b42eee586048b45439f0b2.jpg
valid,valid/images/00001003_jpg.rf.3e5f35df7d48a465aabf34d54e3a4eff.jpg
valid,valid/images/00001017_jpg.rf.7454e4354f5fbe04d1d6d07bc579f906.jpg
valid,valid/images/00001042_jpg.rf.2db3611346eb63dcc910705a1006d05a.jpg
valid,valid/images/00001056_jpg.rf.443383d764fd6fc3afec4630f75c61ba.jpg
valid,valid/images/00001058_jpg.rf.34c9909adce3d5939a51162c48ae0dc0.jpg
valid,valid/images/00001062_jpg.rf.c1340e2f53fb8f24d6264154b80f33ac.jpg
valid,valid/images/00001072_jpg.rf.a8a18a7f3f83b1b37f0cc54423fa60f8.jpg
valid,valid/images/00001075_jpg.rf.7545caff4147944d623cf83386abf760.jpg
valid,valid/images/00001080_jpg.rf.4dc1b62a97c6fd6a80c3e13b29e4b641.jpg
valid,valid/images/00001083_jpg.rf.5a14c58a2b0440a70e30dd446c7cd3cf.jpg
valid,valid/images/00001087_jpg.rf.81c74d4a3d32f39a5737a1fe9dcb4d34.jpg
valid,valid/images/00001103_jpg.rf.93e2612046ff93cd31048c4b61660ec4.jpg
valid,valid/images/00001105_jpg.rf.c6f02fb8639c49c467e42841ba3eb232.jpg
valid,valid/images/00001111_jpg.rf.d64c2f9a4342a019920f3ce7c2a96d79.jpg
valid,valid/images/00001128_jpg.rf.2ec61738dd27fed3107a827d8043d460.jpg
valid,valid/images/00001147_jpg.rf.396d2cc45aca978df46cc3abbc93ff12.jpg
valid,valid/images/00001195_jpg.rf.24e92ee0fc9775a1d736bc8aacdff78f.jpg
valid,valid/images/00001206_jpg.rf.a72668bd427050d1aa85afdd701608c7.jpg
valid,valid/images/00001212_jpg.rf.3587ff6686edb7cdcbef02ecb0d9ce37.jpg
valid,valid/images/00001222_jpg.rf.bf2fff5c9c3ab169de45cb1479a17c39.jpg
valid,valid/images/00001246_jpg.rf.53ad1159023d021ab2ccd9388152a473.jpg
valid,valid/images/00001263_jpg.rf.721e62728dd8d2226ee2ed192b9e773a.jpg
valid,valid/images/00001269_jpg.rf.47c4cde55280cb2dc3ddf8584fd7fffb.jpg
valid,valid/images/00001276_jpg.rf.25336716f44a3866f31844238c1ee355.jpg
valid,valid/images/00001286_jpg.rf.98ff5ec4f3db8f3ef3615e092e6debd9.jpg
valid,valid/images/00001294_jpg.rf.6ae190512fc3f4767ae7086307939e7e.jpg
valid,valid/images/00001296_jpg.rf.1d4bcb368e160a43ca8c802fe1ab101a.jpg
valid,valid/images/00001305_jpg.rf.a3bd54e2451ff3287e9ac8586737399e.jpg
valid,valid/images/00001312_jpg.rf.02a3a6f953dfc0fccfa94c156e565e26.jpg
valid,valid/images/00001321_jpg.rf.9793b9fbc82a141a5a1e5d9e781445e2.jpg
valid,valid/images/00001347_jpg.rf.9b0acf6b314bf7e799c7d1d352d73182.jpg
valid,valid/images/00001349_jpg.rf.33ebc28a3371acd88fb15025fc2d1f51.jpg
valid,valid/images/00001354_jpg.rf.9dcd56c85c86b6d7910ed6f7eb9a2027.jpg
valid,valid/images/00001365_jpg.rf.c60ea9bb92468d35cd3a071b000a7994.jpg
valid,valid/images/00001372_jpg.rf.642948d71c19dbc4e1031e9c731e3f0b.jpg
valid,valid/images/00001403_jpg.rf.1e8e5603fec6ca452252a6d150b8da1c.jpg
valid,valid/images/00001407_jpg.rf.9f69a8cb02c8998e002432c8662db4da.jpg
valid,valid/images/00001430_jpg.rf.23eea94a24760ae30c15ae92f0dab65a.jpg
valid,valid/images/00001434_jpg.rf.6bcaca7538e9470d5ad92fc19b748f7d.jpg
valid,valid/images/00001444_jpg.rf.f308149c22a36ba0f79b928eeea453fb.jpg
valid,valid/images/00001445_jpg.rf.7a5c36b2175f8e3affd896c1b294e22f.jpg
valid,valid/images/00001455_jpg.rf.c19c2f2df1533466c18ac0335cb861ff.jpg
valid,valid/images/00001478_jpg.rf.c23b459c1bef4f27123177909616ed0b.jpg
valid,valid/images/00001480_jpg.rf.852c3dba3440e798b0a0114b7ef286cf.jpg
valid,valid/images/00001481_jpg.rf.70b0f85127e06c941db1eba39394a71c.jpg
valid,valid/images/00001484_jpg.rf.a4f14008eba629b80c9eb39e2425f4fc.jpg
valid,valid/images/00001491_jpg.rf.7f6d06de794105d9a0eb248cbe534b61.jpg
valid,valid/images/00001492_jpg.rf.1f50336a6400a6eda123639e54782be6.jpg
valid,valid/images/00001495_jpg.rf.bcd162a9122d05d78c5e03bbe1bbed4f.jpg
valid,valid/images/00001522_jpg.rf.2b44b89736da08fb6daf6bff27bb4012.jpg
valid,valid/images/00001556_jpg.rf.ebe41edecb8c09cbcd583807e6c1597d.jpg
valid,valid/images/00001561_jpg.rf.4034d9b9fce5db916c5ece3418f3a341.jpg
valid,valid/images/00001564_jpg.rf.e7e5aab3556e08f2ea814ed232791182.jpg
valid,valid/images/00001568_jpg.rf.405d00bd6860679519906cc560ed9d2c.jpg
valid,valid/images/00001572_jpg.rf.e13d84ea6937c2cc49f5325c7c710723.jpg
valid,valid/images/00001580_jpg.rf.9f84d549e588be504d94e3dff31cdfed.jpg
valid,valid/images/00001593_jpg.rf.17aa77c8c913a37291a1d3d9ed0b02b7.jpg
valid,valid/images/00001595_jpg.rf.e311797a8141d209134a909a1fe95018.jpg
valid,valid/images/00001607_jpg.rf.2e86991b58e52f9ee2e9cd65b771ee95.jpg
valid,valid/images/00001611_jpg.rf.6cf242177d2e0fa28f97cb697248ac35.jpg
valid,valid/images/00001613_jpg.rf.70ae3932b351162dab98dc558414a805.jpg
valid,valid/images/00001614_jpg.rf.66f09e26ebd2087f85a7303130a4e86d.jpg
valid,valid/images/00001644_jpg.rf.e063e26df361d417e7455216f6179fb3.jpg
valid,valid/images/00001661_jpg.rf.f2bf203ca0eb46d6c9feb298e2e30aef.jpg
valid,valid/images/00001674_jpg.rf.7f5d97ec85fa966ac4a53922b77faa7a.jpg
valid,valid/images/00001679_jpg.rf.248359850e300b6b42124cfeb10fbab0.jpg
valid,valid/images/00001691_jpg.rf.aee7c34cc6f13b203eb5b40d0013a45f.jpg
valid,valid/images/00001700_jpg.rf.4a01d1514dc7fb3b690b6efbbdb7ef8c.jpg
valid,valid/images/00001719_jpg.rf.9d0c9d1be9b402376fae4c891751026c.jpg
valid,valid/images/00001724_jpg.rf.70b57f471f46ffff50f21ec3d12f6264.jpg
valid,valid/images/00001734_jpg.rf.59f3db43a7803f32048bdf1f14755e6b.jpg
valid,valid/images/00001758_jpg.rf.6da3137e0a37ded8f8586ca72a15137c.jpg
valid,valid/images/00001759_jpg.rf.b17bf53430a59dbb13111d97b882160b.jpg
valid,valid/images/00001776_jpg.rf.9d166d980dc2819e693d59b784af31ac.jpg
valid,valid/images/00001781_jpg.rf.e79cef2895bb10d72752a0394f3d90cf.jpg
valid,valid/images/00001783_jpg.rf.6a34f1478b05102db5cf58de16ca10e6.jpg
valid,valid/images/00001786_jpg.rf.66927d7f958e116dc3e1fe848df97f9e.jpg
valid,valid/images/00001844_jpg.rf.13192a3ca75e9420c078fe1f7eb669e1.jpg
valid,valid/images/00001845_jpg.rf.30a30a6992b03098abf94e7dcfd78372.jpg
valid,valid/images/00001857_jpg.rf.ddf538c8e750d6068994946acb6f49da.jpg
valid,valid/images/00001871_jpg.rf.c7dc37a7a4fc2778a7cd17cfcc435247.jpg
valid,valid/images/00001877_jpg.rf.bba7cc4e286ca5c926a84bdeb750b40c.jpg
valid,valid/images/00001884_jpg.rf.06ffee268bf0d5d218dfafac7f309ec3.jpg
valid,valid/images/00001909_jpg.rf.199e24c6d802e1880590397e9df820d1.jpg
valid,valid/images/00001913_jpg.rf.26fdf715a0f5d8c34791e41a878296b2.jpg
valid,valid/images/00001922_jpg.rf.1989b058b79f7b835356e9210f466a9d.jpg
valid,valid/images/00001927_jpg.rf.3ca5b0b61f3c3fef86d08d736c603eff.jpg
valid,valid/images/00001951_jpg.rf.4369e6eb113d777d3ca0e11121c2bc20.jpg
valid,valid/images/00001963_jpg.rf.d38c890aef24be27dfaa3b41e7cc8199.jpg
valid,valid/images/00001965_jpg.rf.c73509691cc8a1734adc6652764c3659.jpg
valid,valid/images/00001976_jpg.rf.3728ab9c7fe47dbbc5741d641f14630b.jpg
valid,valid/images/00001981_jpg.rf.0859bf460480ce7c553498562a37e594.jpg
valid,valid/images/00002004_jpg.rf.b62a7077538e63a5ebf8c74610cb2d39.jpg
valid,valid/images/00002039_jpg.rf.fc28ba32f3c9a20adbefe5566d76255c.jpg
valid,valid/images/00002053_jpg.rf.89bed13f32b418134a8e1b1c6f2444f5.jpg
valid,valid/images/00002068_jpg.rf.e752c278da29eb4fb20643260f9487b4.jpg
valid,valid/images/00002082_jpg.rf.dc7592e41b094f104afbf3a8c186f726.jpg
valid,valid/images/00002096_jpg.rf.0f2d231fd9edde328dff172908b454db.jpg
valid,valid/images/00002131_jpg.rf.7a1375c6a28714d4441a54580b8c9c10.jpg
valid,valid/images/00002172_jpg.rf.92c81e69826df35e9d9be3d1935674ff.jpg
valid,valid/images/00002180_jpg.rf.90c41e7aa3e102f00e856750754161fe.jpg
valid,valid/images/00002181_jpg.rf.6ef297c060971ecc0ab6551c66efde57.jpg
test,test/images/00000006_jpg.rf.a5e2268010e997c010151222eed434e9.jpg
test,test/images/00000016_jpg.rf.cc42562289f91dd202ec3956114657a4.jpg
test,test/images/00000040_jpg.rf.a2fd8b5d65314ea29b395af8546abc03.jpg
test,test/images/00000058_jpg.rf.b441df04d64de2a33f80460749cb5b67.jpg
test,test/images/00000090_jpg.rf.06638aea8bbf08870982513301c01d3a.jpg
test,test/images/00000114_jpg.rf.b0247512918a55a1916a3c4621ffdf81.jpg
test,test/images/00000133_jpg.rf.814af9540d91cdcc931991e62800d3dc.jpg
test,test/images/00000162_jpg.rf.616834b8a2e2f16045410a2774307989.jpg
test,test/images/00000176_jpg.rf.185eb588c82dab54be100773c4204774.jpg
test,test/images/00000268_jpg.rf.6ccdcabee301c433bbddaf0e253ec225.jpg
test,test/images/00000330_jpg.rf.82f9449ae1dd1ba8ca5818180e8f5f13.jpg
test,test/images/00000368_jpg.rf.e0c9d0d490671172c7299250bc3b6680.jpg
test,test/images/00000370_jpg.rf.cfa052125fb3d6652bbed22070aafb8e.jpg
test,test/images/00000422_jpg.rf.b331d44a73b4eb2ff619e3294b344978.jpg
test,test/images/00000463_jpg.rf.4d62d71b734067095fda3462517abe4b.jpg
test,test/images/00000498_jpg.rf.566634e23c937a948a656ea1b8ecd233.jpg
test,test/images/00000543_jpg.rf.76c65bd683fcceb46fb655556b12635d.jpg
test,test/images/00000556_jpg.rf.7d7e7cd964fc7bb55a460135134bbef4.jpg
test,test/images/00000591_jpg.rf.7c266429c7704df6da43e68b45822111.jpg
test,test/images/00000629_jpg.rf.a0974206995a9d4fec76f532621600fb.jpg
test,test/images/00000632_jpg.rf.dd23af03279102e7838cf4ab4166ae3e.jpg
test,test/images/00000634_jpg.rf.c385a663426c11ca81b730c60c877598.jpg
test,test/images/00000665_jpg.rf.4cc1960abd953c7665e106918169a410.jpg
test,test/images/00000685_jpg.rf.8b6fc1b5978c95e79b385b6a28d89114.jpg
test,test/images/00000692_jpg.rf.4e323e67ae3aecb2e9b39f77c5cf05b3.jpg
test,test/images/00000700_jpg.rf.a6ba2baec746669952b937d691703b44.jpg
test,test/images/00000713_jpg.rf.5c4f544f4122c34836a61b68d8f139fe.jpg
test,test/images/00000776_jpg.rf.4425f4fd29ba07dd8c5a5b054ae78ae5.jpg
test,test/images/00000805_jpg.rf.846cd51222d6f3479a14b90339b4aaaa.jpg
test,test/images/00000819_jpg.rf.ddad029c63ef2c438fa027d6f15076e3.jpg
test,test/images/00000841_jpg.rf.26e7ea4550ce0795724c36d2b735fe76.jpg
test,test/images/00000859_jpg.rf.3142c78c03a23015cf70f8a26f60c302.jpg
test,test/images/00000864_jpg.rf.8a342e7490cc4cd0fabc4ad077b94b48.jpg
test,test/images/00000879_jpg.rf.26141b8ebe1a8d59dc252145e5b84e08.jpg
test,test/images/00000894_jpg.rf.579915fedc97b3e034940021661cd759.jpg
test,test/images/00000911_jpg.rf.6f1ad10f7894a86b3e7346e8e1297b88.jpg
test,test/images/00000918_jpg.rf.9713bd4efba8fafe95f89c7482342ff5.jpg
test,test/images/00000926_jpg.rf.6c4e7fb70abbb1dca1c0c06c721259f1.jpg
test,test/images/00000932_jpg.rf.2fc4e668665a7d350c25d59a48753639.jpg
test,test/images/00001016_jpg.rf.956472a8580c9b4debb749d79ed59cb4.jpg
test,test/images/00001048_jpg.rf.77d1fff4713d202dad484ce57a2ff772.jpg
test,test/images/00001071_jpg.rf.ace46c76f7ec34f314b50a8317c64624.jpg
test,test/images/00001078_jpg.rf.dfc517a4707f6f926969a1de58b90e6f.jpg
test,test/images/00001084_jpg.rf.467814179b02c0e542f023f64fcd57ba.jpg
test,test/images/00001096_jpg.rf.470b216f49fa0c71de0b16e9c1e0ab7d.jpg
test,test/images/00001104_jpg.rf.ff6dfa548d6e3422c2ab8a013b42dbf7.jpg
test,test/images/00001152_jpg.rf.8b2166cb9bdb999c9917496fa1943e96.jpg
test,test/images/00001175_jpg.rf.d168233a434156752a4f1a40c33f07f7.jpg
test,test/images/00001216_jpg.rf.d563d31fc72a64e2b9f09cb4c5a406f5.jpg
test,test/images/00001258_jpg.rf.0028be3c9ef8300ebb9d6287313288be.jpg
test,test/images/00001272_jpg.rf.c88712714d54f036334a2eb249e1389c.jpg
test,test/images/00001300_jpg.rf.8bdaeaa4e61a8ae468f0668292294ff2.jpg
test,test/images/00001327_jpg.rf.0b0ec6bcd2e80c021ebf992ece624729.jpg
test,test/images/00001359_jpg.rf.8fc2ead61f795ffa83009fab6fd7ce9c.jpg
test,test/images/00001424_jpg.rf.856e62522a1634866f68d0e9ea1425d2.jpg
test,test/images/00001454_jpg.rf.734a3461aa04c8a39fb7ed76834c28b9.jpg
test,test/images/00001487_jpg.rf.9acd49822dc0471c8a2d0562857f45eb.jpg
test,test/images/00001497_jpg.rf.dfa5c8dc26f42c57dc4c5b0634b1d516.jpg
test,test/images/00001499_jpg.rf.96ef2ecdc2095670a67befa330be9a66.jpg
test,test/images/00001552_jpg.rf.45456e6693f74c8510f25e98acf4db4c.jpg
test,test/images/00001563_jpg.rf.23ee9e29a41a2f38e3e0d6ff565c583d.jpg
test,test/images/00001585_jpg.rf.c6954e06f28c66a8ee561ced84dc815d.jpg
test,test/images/00001615_jpg.rf.8c76b1ffe2886516b238582d179a992e.jpg
test,test/images/00001622_jpg.rf.58a637cb9bbc1abdcbf34e0b567c62ea.jpg
test,test/images/00001665_jpg.rf.542c53c3085483b7043e1f0b5ac031ae.jpg
test,test/images/00001673_jpg.rf.bc85b151f8a9c46118829e623d0cbf86.jpg
test,test/images/00001725_jpg.rf.4b52629d74946e5ab506c7233c8172c4.jpg
test,test/images/00001741_jpg.rf.545c856fe7c83865922b39b8791f4ca4.jpg
test,test/images/00001772_jpg.rf.babf766d924415774c1073f2ab7506ff.jpg
test,test/images/00001808_jpg.rf.ce7ee3ffac637e193fe058e77f187f6a.jpg
test,test/images/00001824_jpg.rf.2ef1eec9d24f23fd64e059e33e1e0bd9.jpg
test,test/images/00001854_jpg.rf.cd8000dd7c4935019fbbcb686e844899.jpg
test,test/images/00001855_jpg.rf.a785a0bf64315250dfe4c17372bff687.jpg
test,test/images/00001859_jpg.rf.8442185ccffd9dcf5acae00ace87136f.jpg
test,test/images/00001914_jpg.rf.32e3d70a28959cf9a320416f8ad9553e.jpg
test,test/images/00001918_jpg.rf.1be27c02ad068493a0f48846e6aef6aa.jpg
test,test/images/00001926_jpg.rf.6f25701229e6d313bc2a256259a26ed3.jpg
test,test/images/00001940_jpg.rf.4e3c3f18a6d1589dbd06a5259d86a954.jpg
test,test/images/00001949_jpg.rf.15aa891a6bfebc2a18b8f836a8f2801b.jpg
test,test/images/00001980_jpg.rf.05956dca91c12363de1d4d1af1f21743.jpg
test,test/images/00002007_jpg.rf.2a51514364a5eb36c4a14f52fae8b242.jpg
test,test/images/00002011_jpg.rf.ec0c28104028c1a33d77df969bc24474.jpg
test,test/images/00002017_jpg.rf.1813675ab5c700014cbe9de19f16f391.jpg
test,test/images/00002024_jpg.rf.0614b8c3442411176f84565368801f89.jpg
test,test/images/00002027_jpg.rf.d9f56c96cd1d054ca741da2bce39544b.jpg
test,test/images/00002074_jpg.rf.a536f3a3a95e07111f1b0634edf8a158.jpg
test,test/images/00002110_jpg.rf.58b2912c6fc8c5381411e55eeb33a24e.jpg
test,test/images/00002119_jpg.rf.9787f4f9bff0fe0837a6c9b34f4c79cd.jpg
test,test/images/00002124_jpg.rf.b732344703a1a0ed8c0a706dc5dca08a.jpg
test,test/images/00002154_jpg.rf.cda02f4c140ebb980631209031ee1987.jpg
test,test/images/00002162_jpg.rf.364c607969665a48f896645caa9e4fd3.jpg
