split,image_path
train,train/images/00255ef6-05cd-46d4-8724-694847af29dc-860mm_jpg.rf.c2311ce758d1c70910a518b4d3f25626.jpg
train,train/images/005cd794-38f1-4a8e-abe8-b2f204ac75c2-0mm_jpg.rf.adcef2586bfd63d5965e4a5a880b58bf.jpg
train,train/images/01376ef0-db00-465e-ad66-e3a3a2b057d0-950mm_jpg.rf.2bd171b9059a3266b7373f001c688e9c.jpg
train,train/images/031997fe-8812-4651-a1eb-4a4870cf3442-0mm_jpg.rf.f00f1a3e8193d113b86f37a9fa7e07b9.jpg
train,train/images/0491cdde-0202-4cf9-a9a5-5fab017e4800-90mm_jpg.rf.0308eedf2f8974399d2a00f3d432800d.jpg
train,train/images/05507abd-9cf5-4e6d-83ab-16c2fd430435-1110mm_jpg.rf.5ec83d92394c54f38f1534cb90fc489f.jpg
train,train/images/05b3efce-abff-4155-8743-b922f761f36d-0mm_jpg.rf.a02dc9713645c235302f2150209c1d0b.jpg
train,train/images/05d7b10a-e858-45b3-953a-302a336bc7c0-720mm_jpg.rf.220028ec1a596df56e9a70190c224386.jpg
train,train/images/05e2248b-dc0d-4c3d-b019-c0e8e649a788-0mm_jpg.rf.dbb1a1abb0a90c8b2af18e1f9fa1a302.jpg
train,train/images/068b808c-3a70-45de-833a-e5a6347076b8-50mm_jpg.rf.975e4299def682238fce1fc6bedffec2.jpg
train,train/images/0747d7c1-4780-442c-a46c-27d3663fa3d8-640mm_jpg.rf.04fcc67a5f0fa3c5cef177896b72a45e.jpg
train,train/images/07ba601b-34a9-47b7-803a-b005963d926a-780mm_jpg.rf.335a48c9bac309681a322af68cffaa12.jpg
train,train/images/0b17caaa-b3a0-4302-a59b-4b02da660189-1200mm_jpg.rf.f89febd2db4c2e3547b4edf2bf3b046b.jpg
train,train/images/0b310b14-acd1-4590-9c3f-ceb2c84cb777-700mm_jpg.rf.0c0db7593b229871c91dab7f91e32d49.jpg
train,train/images/0b8a34bb-1067-4b73-afe4-c2dcae3ee823-0mm_jpg.rf.d57f6ecb9d87005f780a0436ffb34898.jpg
train,train/images/0b9275e4-fbcd-4ef1-ac53-c7ef6e942cb9-100mm_jpg.rf.8d81c9a5a0109af4800db967d11d8c57.jpg
train,train/images/0c8ed560-4ead-41a1-b9a2-fb9f44670ce6-0mm_jpg.rf.741aa26b227127d99a15d52996819cce.jpg
train,train/images/0ca681e8-1cad-4edd-9bb9-f211d02fc6f4-1110mm_jpg.rf.50bfe43eae66390512856f064b4a100b.jpg
train,train/images/0cf5a387-6b14-4760-bec2-8d170dc16628-1270mm_jpg.rf.d1b0ce651ac6a0748b28426439137e23.jpg
train,train/images/0d3efab3-8986-45cd-b5b6-c1ef5d1aab10-90mm_jpg.rf.85992609bfa6fadfcbf95f3e62a11c39.jpg
train,train/images/0d5763f3-14aa-40fc-9d6e-59a15f566a83-770mm_jpg.rf.8676810d3f6bc886d7b177e059ffdd91.jpg
train,train/images/0e6b7d61-b5c6-4583-8709-fe7e13124e93-410mm_jpg.rf.2e1445ecafad470878fb20d3ff63f921.jpg
train,train/images/0efe7c4b-76e6-4461-9db8-29fda1c30d3e-710mm_jpg.rf.d0e463e53aa7ca66303bece59bfbc8f7.jpg
train,train/images/0ffc4cce-48d8-47c4-ac49-a548922b8ce8-1000mm_jpg.rf.b98af665814e40d9172a81195ec154a2.jpg
train,train/images/10037def-ee70-421a-a657-7b9b7b3bd9ea-430mm_jpg.rf.712a7f90e216b97c0a8649a1ee6db195.jpg
train,train/images/100830-220mm_jpg.rf.910fc65ac75f9418d307458df0d7aa2d.jpg
train,train/images/100831-140mm_jpg.rf.92915d4011c2d91c15211b8d0bbcccea.jpg
train,train/images/101231-200mm_jpg.rf.a30eeaa4f17cc0de0ac81d6e586b1b1d.jpg
train,train/images/101232-220mm_jpg.rf.b59652855ecef6ed103e1f6a83df8e34.jpg
train,train/images/102312-150mm_jpg.rf.72fae9646b7c87d8bf3c4b279bf29020.jpg
train,train/images/102719-90mm_jpg.rf.fe0a1c3a83f462206401039a8e5d5562.jpg
train,train/images/102918-50mm_jpg.rf.a08abbed04085d73182f5046433d783a.jpg
train,train/images/103263-860mm_jpg.rf.94a49f924f279397cd114e4c61e58023.jpg
train,train/images/103963-0mm_jpg.rf.d318871b4065f374fb1a24abb610d2c0.jpg
train,train/images/105269-0mm_jpg.rf.c141cf2bcd5e642bebeca616da04d1d1.jpg
train,train/images/105548-100mm_jpg.rf.c7562972ff20c4ed8d218fb2452432b3.jpg
train,train/images/105639-0mm_jpg.rf.61a6f0eb7017e68cf0c48f2541fd5cf7.jpg
train,train/images/105643-150mm_jpg.rf.04cde1fc9eb888c49c17f0522560704d.jpg
train,train/images/105646-150mm_jpg.rf.f88eeeb3ca3f425305f54e9fa75b94aa.jpg
train,train/images/105712-120mm_jpg.rf.0c27320029423245138e6bcf1a2c508f.jpg
train,train/images/105714-180mm_jpg.rf.8cc4a195edc29736418855072956f1c4.jpg
train,train/images/106194-700mm_jpg.rf.4738c03f6d580e1f9fb38de2e3fbdb55.jpg
train,train/images/106310-130mm_jpg.rf.ec2abe3b447c87416e5345ad0fcc036d.jpg
train,train/images/106381-450mm_jpg.rf.a7116429894e38e5b47918398341bc82.jpg
train,train/images/106668-470mm_jpg.rf.1ad62782d6099a03e8e9d12e37e7f586.jpg
train,train/images/106683-0mm_jpg.rf.66ada73903a5bcf40a7317ccbbc84cfc.jpg
train,train/images/106715-40mm_jpg.rf.c7d77a23d8b41b02fbf1d89ccdf46b70.jpg
train,train/images/106925-100mm_jpg.rf.18dc814fb5e1599f05b3b58dd438e7f1.jpg
train,train/images/107035-70mm_jpg.rf.2e7ac3b7e0ab6bfa95b509bd9224bdb0.jpg
train,train/images/107234-1500mm_jpg.rf.2afe3ac205d718ecf4352370dadaba5d.jpg
train,train/images/107292-830mm_jpg.rf.f6e73d2897e9488269ef406a1e54cc20.jpg
train,train/images/107314-420mm_jpg.rf.aa622e51adcc1e37cb12510de06509f6.jpg
train,train/images/1077d57c-fa97-493f-97e4-1adda9c88cd7-130mm_jpg.rf.c7236b1c3dfffb56cfed52116876ef23.jpg
train,train/images/107811-750mm_jpg.rf.593b92caca055018f0df54606527eead.jpg
train,train/images/107831-90mm_jpg.rf.00311860a5f7c1bfdaae03891509e9c3.jpg
train,train/images/107868-0mm_jpg.rf.23b38710566084ce34e840ce039ae3b3.jpg
train,train/images/107886-100mm_jpg.rf.fb1b66634612835655b80ecdad9ce64d.jpg
train,train/images/108094-200mm_jpg.rf.81b50390d44e4444faddebca5f1cdfc5.jpg
train,train/images/108759-500mm_jpg.rf.7da45359e1c301296a8c3a1247820328.jpg
train,train/images/108762-820mm_jpg.rf.1d1cc3160bae13299097c67d41674ae9.jpg
train,train/images/108843-1000mm_jpg.rf.4555dd50a1db020b8dacdfd87598e8a9.jpg
train,train/images/108887-400mm_jpg.rf.03bc1f19902455eecce697c0e3f31f77.jpg
train,train/images/109285-100mm_jpg.rf.ba2611e74f3e56b62ed90c7d1aaa8173.jpg
train,train/images/109566-720mm_jpg.rf.56b700d339364e2061759ca8bb43dd92.jpg
train,train/images/110623-550mm_jpg.rf.9bb530dca5193b2b833b8385236bce4c.jpg
train,train/images/110656-70mm_jpg.rf.81b63cbefa0d57240a67894751e220bf.jpg
train,train/images/110658-100mm_jpg.rf.7e212a1aa228d2eee1f9bb1d6657ac93.jpg
train,train/images/111168-150mm_jpg.rf.81aa824b7919bf7cb9bae66d0985d844.jpg
train,train/images/111316-0mm_jpg.rf.f765c66172734e64540c7d13a0ec1120.jpg
train,train/images/111441-0mm_jpg.rf.8a9ee8b0172ac455e914d36cb8816862.jpg
train,train/images/111442-0mm_jpg.rf.4e0f451a13bd97d0084e959db8ae166f.jpg
train,train/images/11174-1050mm_jpg.rf.475cff01157f122623656bb2f70292aa.jpg
train,train/images/111752-1670mm_jpg.rf.befe689be5c1480841d3aedc70980aa5.jpg
train,train/images/11185-130mm_jpg.rf.820404c78d0c66ea43313405011cdc58.jpg
train,train/images/112096-980mm_jpg.rf.37e642d6a1a967e18dd47be058024202.jpg
train,train/images/112255-0mm_jpg.rf.86b15593a8df327e98978e5ea864f30d.jpg
train,train/images/112459-120mm_jpg.rf.1ac135d07ee9c5db2c4fa783f234c9d4.jpg
train,train/images/112562-210mm_jpg.rf.bb3ae6b791e9467f1408ff274d970f94.jpg
train,train/images/1125e32f-7a20-4387-bf09-ec2a6f4d06fe-1800mm_jpg.rf.f289fc7a37d4d5f80f939f3ca8f2b834.jpg
train,train/images/112772-0mm_jpg.rf.b05168f5aa08ed15e2c9cc1e0ef38db9.jpg
train,train/images/112999-150mm_jpg.rf.71095f479cc1595446f26a1fc83da360.jpg
train,train/images/113154-0mm_jpg.rf.86fb71efceab777358579024678df9ca.jpg
train,train/images/113784-750mm_jpg.rf.30a73b3a6a0fed551243ef4c766ffaad.jpg
train,train/images/113904-120mm_jpg.rf.2085ad33151f03dcbe005cb503f2c729.jpg
train,train/images/113914-0mm_jpg.rf.ab3226e58e3a9f4a3704f7ae25a43259.jpg
train,train/images/114317-0mm_jpg.rf.54e4b12e9792e8ebfbcddcda24880e0a.jpg
train,train/images/114463-0mm_jpg.rf.b44503f2265fa43ed80f0474272792fa.jpg
train,train/images/114743-780mm_jpg.rf.b62382317962227d46901c280b258e62.jpg
train,train/images/114884-140mm_jpg.rf.f466ca73db69159652c50ca062ed87eb.jpg
train,train/images/115334-0mm_jpg.rf.2bb26fb067f7b38f107dd6daa94deaf9.jpg
train,train/images/115477-0mm_jpg.rf.7a8497f76e3f90639c4903df9afea093.jpg
train,train/images/115491-0mm_jpg.rf.06202acb4e69bc2232cc91cfa0ba16f7.jpg
train,train/images/115668-150mm_jpg.rf.4f8c86c3715fd0f1c6827709ae7daea0.jpg
train,train/images/116112-1530mm_jpg.rf.95fbb8306d00dd9bd2cb05cd6c059f9e.jpg
train,train/images/116393-1010mm_jpg.rf.2e49cbd44112fb2fa60c6d6523ebc2c7.jpg
train,train/images/116807-210mm_jpg.rf.8e1ab7fb6d1bf36e8b8ab6e4d8712df8.jpg
train,train/images/1168d04a-5fc8-4031-84ab-f4c47d770b3f-160mm_jpg.rf.f88025441ea4c1215177b2433cf6b672.jpg
train,train/images/118561-180mm_jpg.rf.b54f218f194e81c3c22146be1fb06522.jpg
train,train/images/118992-1220mm_jpg.rf.ab56b80e9715a9b110c4b9f9d189b743.jpg
train,train/images/119437-600mm_jpg.rf.36e187ac51e465cf650557723b24a40e.jpg
train,train/images/119886-770mm_jpg.rf.7d7ff803e15af6dfe4171399e795c66c.jpg
train,train/images/121292-150mm_jpg.rf.186f9d9e5cedefd8c93dda782826e388.jpg
train,train/images/121372-0mm_jpg.rf.8aa2ae3471c876cd714bd447ec1a4286.jpg
train,train/images/121400-0mm_jpg.rf.ff53c5ce02cd4fcaee35999c9128f49d.jpg
train,train/images/121442-200mm_jpg.rf.143b7631a1b59b34437a8800b1f9eda1.jpg
train,train/images/121565-0mm_jpg.rf.0bdaf6469e87fbc43c40699537ab0bb9.jpg
train,train/images/122017-0mm_jpg.rf.ba70e561d91cf4c855bb92d5f3eb8a0b.jpg
train,train/images/122036-120mm_jpg.rf.d5b7dd2f713dd622157561bfab634dad.jpg
train,train/images/122157-150mm_jpg.rf.6b4fe889e3a86ed3369a29f9ab7711c3.jpg
train,train/images/122289-100mm_jpg.rf.be978adb48799620d2c5860bfaefefb7.jpg
train,train/images/122324-150mm_jpg.rf.21a82b1b8bc4b9d5d394f87fedc56300.jpg
train,train/images/122354-100mm_jpg.rf.12d0ee7ac67b1b14957818d3ebec467f.jpg
train,train/images/122425-120mm_jpg.rf.07d43e7b8e3fba43231de204add09d7e.jpg
train,train/images/122915-150mm_jpg.rf.7543fd960fa18946622b83b3aed2bac3.jpg
train,train/images/123514-0mm_jpg.rf.1becebfc862cd79a9e971d53a147d161.jpg
train,train/images/123518-100mm_jpg.rf.67dfea0de67cbcc81ef89c021c0a29da.jpg
train,train/images/123684-0mm_jpg.rf.2090813d82d8b2d4bf0f5a2b88d956b5.jpg
train,train/images/12370-120mm_jpg.rf.ed2d170d0be6b3257a853ce4b09e3dd7.jpg
train,train/images/123942-1400mm_jpg.rf.98e4acd662ddd6224f99d6ca14f02975.jpg
train,train/images/124081-0mm_jpg.rf.62f3843baf6a1ab062dcb980822dd88f.jpg
train,train/images/124151-1320mm_jpg.rf.7ed3313dd874b98ca056ea9235a9c882.jpg
train,train/images/124800-1220mm_jpg.rf.4a0b2d1e4d1f6f40f858c288e02c23aa.jpg
train,train/images/124996-860mm_jpg.rf.f95b27c9bc5bac1b2e670ff4a38cd03f.jpg
train,train/images/125730-150mm_jpg.rf.addd479514ba84bb9e5a045f80304876.jpg
train,train/images/12606-150mm_jpg.rf.32d61f94ccf79cc2d25146930d51c3ce.jpg
train,train/images/126065-100mm_jpg.rf.32dd57db2c3270cf49626d3de6fc6444.jpg
train,train/images/126299-0mm_jpg.rf.ea46cffec5babb8056cf0a9d453c9059.jpg
train,train/images/126499-750mm_jpg.rf.d54a800f1abbeeca4e1a2c7d554a56a7.jpg
train,train/images/127004-10mm_jpg.rf.017fb4d55124b1219abc3d3be06fddc7.jpg
train,train/images/127271-70mm_jpg.rf.3af2aa819d7782471e1729eb1270830b.jpg
train,train/images/127764-0mm_jpg.rf.df90ae64275cac4d23fb657337601560.jpg
train,train/images/127867-1160mm_jpg.rf.011370492aeb4a33f887f3e69e8058b0.jpg
train,train/images/128237-0mm_jpg.rf.c8a74c40212ab7df4de5135d6c0886d4.jpg
train,train/images/128238-0mm_jpg.rf.5195a82e50b7653460b1c56e74dcaee8.jpg
train,train/images/128446-1200mm_jpg.rf.e504d88e756327f4db3c52d32c3a35a1.jpg
train,train/images/128783-830mm_jpg.rf.b88ba5ffb88c111bf149ed488f361735.jpg
train,train/images/128809-130mm_jpg.rf.bd4bb63c5f316f8af345f8919312ddee.jpg
train,train/images/13025-80mm_jpg.rf.8cae89e6e6a32272a4970a7b223fabce.jpg
train,train/images/13026-100mm_jpg.rf.2582ee598cd82e51ff520b656764ec23.jpg
train,train/images/13457-160mm_jpg.rf.5ea09d076f35177567ed05d8a9200e73.jpg
train,train/images/1568ba3c-7c78-4637-a48f-3f1e1932b68e-0mm_jpg.rf.d1fc9338b0f5639e1a4e982e945af066.jpg
train,train/images/158bf656-68da-4923-9329-03146b339f87-160mm_jpg.rf.aed1c221cdeb712eaae978df23f71aed.jpg
train,train/images/15980-130mm_jpg.rf.dca30846da6872e0bab4c0a9fae0acfd.jpg
train,train/images/15ca7634-a534-47cf-bc44-416991878076-0mm_jpg.rf.7a65f104a2b3a3f7760b0765bab6d94d.jpg
train,train/images/15fea0cb-4bbc-481b-933c-533af4144d83-80mm_jpg.rf.0e9db137920172ab57dabe66ea997600.jpg
train,train/images/16053-100mm_jpg.rf.6230b0fca4f51c53fcdf0ef43e79b8b5.jpg
train,train/images/16601-120mm_jpg.rf.763fe153e57d07326a92e0d113b65741.jpg
train,train/images/17070-100mm_jpg.rf.3ec3ed3def029013667787f39c537e67.jpg
train,train/images/17154-120mm_jpg.rf.bdb82693311712f038d7eeba46a5f066.jpg
train,train/images/177ecbb5-81b3-442d-9ca6-7abd0145e63a-710mm_jpg.rf.b6c94522b7cfc859d1ca0353990f63cc.jpg
train,train/images/17842-100mm_jpg.rf.7ae37335894e2ebe83f17d9b25ff922a.jpg
train,train/images/17874-140mm_jpg.rf.05c4aed66ee51ad8a2483d033a694f46.jpg
train,train/images/183239f6-c3ca-488b-908b-0bd63041c651-0mm_jpg.rf.f111b6090e81a765158fadd9ca1ae610.jpg
train,train/images/18c74c9e-645d-4b7e-ac2f-cadfa9037ae6-0mm_jpg.rf.56a94ae00c059f37c95f96bf7d7439bf.jpg
train,train/images/19970-100mm_jpg.rf.ad16a4268e10bb188939a1ad274a6bd5.jpg
train,train/images/1a5bbb2a-b34f-4f62-a048-5671b1f0334c-1200mm_jpg.rf.34b982a602bf408d1067ea5aa888a425.jpg
train,train/images/1c21b84f-a517-484f-a905-f35d9bcab0b3-1400mm_jpg.rf.2dc536c80f07f4d4a33685aee65adbbb.jpg
train,train/images/1eba511e-9de1-4b91-aabe-66ca009a563d-90mm_jpg.rf.9dcf072dffce536cb18f83e0f9f4db5a.jpg
train,train/images/1f5eae40-ce76-4aa7-9ac8-029f3984d2bc-840mm_jpg.rf.17a3ef9a229890bff82d54aa1f45c941.jpg
train,train/images/1fc861c4-e01a-4839-91c0-30e00f76b819-0mm_jpg.rf.4eb203e244483d78f1614f87c329c5f1.jpg
train,train/images/20266-90mm_jpg.rf.368d964ea07d0dc6ddff8e8d9fb3e22b.jpg
train,train/images/20b694d4-aa86-40d2-9ef4-fdbb663c76ce-120mm_jpg.rf.5ee405fdf2094a4305c8c3032280f42c.jpg
train,train/images/21310-120mm_jpg.rf.6c59686c34ed25492e5c5ebe71687449.jpg
train,train/images/21488-80mm_jpg.rf.acc1d78c9bf66028cf365e91bb7914db.jpg
train,train/images/21618-140mm_jpg.rf.e7f74ee91b065098b0361fec18ebd32d.jpg
train,train/images/21663-100mm_jpg.rf.1aee635b183ad3d5b5cdfec9c2d230a7.jpg
train,train/images/21746-130mm_jpg.rf.0aa662700e22ad6b28fe79b75cf8b695.jpg
train,train/images/21a6d418-c380-4676-98fc-edb8aa65a4d3-0mm_jpg.rf.b292c7ff483b0139989e8e27c0f78d41.jpg
train,train/images/21e6e5d1-0ea4-46b7-ae13-5d7d8bed78ec-700mm_jpg.rf.27c496e7e5041bde394da6dc9d701ab8.jpg
train,train/images/22160-130mm_jpg.rf.f5a57ca8bab657ffbf38b54748696f5a.jpg
train,train/images/22994-80mm_jpg.rf.d86aa6dff3d5f70d27cd0b50cb48a640.jpg
train,train/images/22e831ee-18db-4918-9689-e30b1899a371-520mm_jpg.rf.4e93fbd3b93e1bd036760ee28ee53703.jpg
train,train/images/23015-150mm_jpg.rf.85047224da8b70b83e42c4bbcbd995a8.jpg
train,train/images/23096-120mm_jpg.rf.3cc7a1d38f7123501d955bdc658234ee.jpg
train,train/images/23725-180mm_jpg.rf.9200c7c33567dbc8920d6e7b23bc3bfe.jpg
train,train/images/24468ed6-55bb-47f8-82a1-e5500357add0-100mm_jpg.rf.9bc6384daa58e45745b0c86842c9a713.jpg
train,train/images/24afe3c0-d7a5-43fd-a6b1-a3681db13da9-0mm_jpg.rf.20cbe0c6e01b64ec152f76cea617da7e.jpg
train,train/images/24e66d1b-23c4-41d6-817c-85d3e4c48de1-1120mm_jpg.rf.737f79415fe4a50126737a5a5a5911a2.jpg
train,train/images/24e70d46-774f-429d-a8ad-d43c2c1301cd-140mm_jpg.rf.59fdee7a06fa187b802861e37b535156.jpg
train,train/images/2568de1e-5dec-44ac-834c-e4a8efbaf2b4-120mm_jpg.rf.f14e12c37f055c5804c84e094d605b24.jpg
train,train/images/26077-120mm_jpg.rf.a8b889eefc7ae823525c3417381e0942.jpg
train,train/images/26602-720mm_jpg.rf.7297352879e938f4e80ffe4ecfdc29bb.jpg
train,train/images/266d16e6-b97c-466a-bf60-ac3fdd3f260a-0mm_jpg.rf.8417f886e98851677f0cf72aa6317684.jpg
train,train/images/26984-100mm_jpg.rf.04fba6a2a73a140bb50d95d8244b45a8.jpg
train,train/images/27367-110mm_jpg.rf.43f7d747c2bcd3c567c0c6a94c865ce0.jpg
train,train/images/27912-70mm_jpg.rf.8491b193a1e7726933e3caaad19dbd5a.jpg
train,train/images/27928-130mm_jpg.rf.4f32952649cd5a90d7e696f747889dc3.jpg
train,train/images/27bfe09c-a055-4c56-b53a-73fcafc5863a-80mm_jpg.rf.2a44a1a5ac7158f4092d2dc7444e33a6.jpg
train,train/images/27c51792-3b5c-4018-a307-30493ba66737-0mm_jpg.rf.ef2d154d99d738321f6d6238c7d4093d.jpg
train,train/images/288053e5-dcf3-4191-9da4-b17795d3e2e7-70mm_jpg.rf.b25b431bd18c73c2dddb25fcc117e5cb.jpg
train,train/images/29368-60mm_jpg.rf.a236c7389bcf44524d0a7bccaf074019.jpg
train,train/images/29388-80mm_jpg.rf.36c2d5fb59e3cb72841c1763eb84c57f.jpg
train,train/images/29618-120mm_jpg.rf.7320a319448401f14616664f66813303.jpg
train,train/images/29807-70mm_jpg.rf.d6281b08f2ec7b25d139c99ec7523969.jpg
train,train/images/29845b46-bc7b-443f-aab3-8fc2fb30451e-930mm_jpg.rf.3a864819810620e490d227c34e901040.jpg
train,train/images/29879-150mm_jpg.rf.1dc505b0f114bb1ac2ec61fb40b23376.jpg
train,train/images/29a7bcdf-b9a7-4bac-8490-805c0496d35d-680mm_jpg.rf.2d020a2f070a65943dbd3e7a5f0ac6cd.jpg
train,train/images/29fe6cba-6dc9-46bb-8cbc-4df0bb6590c3-100mm_jpg.rf.9f4f5d33d2842f869e2efaf27b11229e.jpg
train,train/images/2bd0ac2d-fe69-4a27-bb10-ed3220d6fa0f-90mm_jpg.rf.f5e4fb066a38509d015995425ba7b2c9.jpg
train,train/images/2c9982dc-76f4-49ce-b56f-39700d08af89-140mm_jpg.rf.34bda6d972cc9974a4aaedb320c5a360.jpg
train,train/images/2dc1b95a-a5da-49f2-b739-b9fa5ee12bf9-0mm_jpg.rf.dfd4679486785a8d30a056f3aac106d6.jpg
train,train/images/2f6c31ef-abee-4714-8fd7-4f70a10c73a3-0mm_jpg.rf.65475010a01db2937cff48360142c258.jpg
train,train/images/2fc8968d-6f61-456e-bdcb-d91f1c1ab361-1100mm_jpg.rf.57a59acace15cb0083673504622d007b.jpg
train,train/images/30084-100mm_jpg.rf.af3b40397fb25b57e5a10fdbac0b618f.jpg
train,train/images/30453-120mm_jpg.rf.1f8f2bc9b8f353d4b5f9b2d75c91b552.jpg
train,train/images/30562-130mm_jpg.rf.14be8bea192d86fe20df9d775777cb46.jpg
train,train/images/30679-130mm_jpg.rf.f2d91a646395dddaef985985c0e7d00e.jpg
train,train/images/30681-150mm_jpg.rf.4d31bab7abcef9e359c6885b2fc87cf3.jpg
train,train/images/306b0a42-c2a0-43d2-b18c-5413ce94b995-600mm_jpg.rf.72eb123b9266c0632b74dc9a9ed9fe3c.jpg
train,train/images/30924-140mm_jpg.rf.ac67f13a87c8befc03af9cd02322cd12.jpg
train,train/images/30dae8ec-ae79-42f1-ab87-5ff5fe246f5c-80mm_jpg.rf.93bb8e48b3dec312fb68475849df2bd5.jpg
train,train/images/31754-120mm_jpg.rf.2cc685f3c0db8fae9f8b915584f04708.jpg
train,train/images/31755-140mm_jpg.rf.ba13c7a18d071b680ed038d73a6e4afe.jpg
train,train/images/31898-120mm_jpg.rf.c79dc060f84efdf0aa3eb1a332d05add.jpg
train,train/images/31e8b2c1-daf3-4621-a18f-81980076d301-1150mm_jpg.rf.324fa8900d7bcdc62ee0878411f9486a.jpg
train,train/images/32033-150mm_jpg.rf.ddd3109046d21f1165e9250a3e7af09a.jpg
train,train/images/32129-100mm_jpg.rf.2c376684476d0b34e5a901928a3ab140.jpg
train,train/images/32210-180mm_jpg.rf.27dfa0e6eb60fbe0ce02b969e0dfb7f4.jpg
train,train/images/32372-150mm_jpg.rf.04ecdc77c75c428316cb0712ddd8a8e9.jpg
train,train/images/32690-90mm_jpg.rf.036645b00f5f7795f8f55543367268c0.jpg
train,train/images/32967-100mm_jpg.rf.3603ea09e6b091a3dde2695614fa2410.jpg
train,train/images/33061-150mm_jpg.rf.13b48228dce7d34fc3a9eb19903da61a.jpg
train,train/images/33314-110mm_jpg.rf.9a70e4b6b631b04959d5996a592dbf32.jpg
train,train/images/3353d922-969f-4050-9af7-de573d7e34fa-160mm_jpg.rf.d174b3a0c236b61b2f39004642dbdea8.jpg
train,train/images/33899-150mm_jpg.rf.fbc25aba06d5b2d4928c0725921f47d1.jpg
train,train/images/3480c420-8b60-4f57-83d1-18043f861487-90mm_jpg.rf.908d18488205091ba12799283682578a.jpg
train,train/images/35346133-deb5-4bf1-8d04-d6ed16be9b30-1640mm_jpg.rf.01d3b8c213933da87e591bffbd0f3b43.jpg
train,train/images/36d705e4-e1f5-437b-aa65-a71b0ba869f8-120mm_jpg.rf.dc842d29d931898333d8640f342e74e9.jpg
train,train/images/376bd045-ed29-40b6-b701-7169faea33ce-350mm_jpg.rf.bd9d79deef3e90e98e35457da28f4318.jpg
train,train/images/38741-140mm_jpg.rf.a1cb85b9912bd4c9e03256e28c27bb33.jpg
train,train/images/3d31358f-bcc1-464a-bf48-cb82a8153d2c-140mm_jpg.rf.5313304270bf3d38070d688dc72cd751.jpg
train,train/images/3dcb3b82-4e69-4669-ac2c-34c884e9f3d4-840mm_jpg.rf.721e1cfed71459e568328054d1de4497.jpg
train,train/images/3e49ca9c-3ca7-4d49-95aa-a4cd68f74d10-130mm_jpg.rf.001db2d815e201cfd8a0dcd65bd595fe.jpg
train,train/images/40767146-99f4-49b3-84c9-6f39835e9809-740mm_jpg.rf.2ef28bcf107cd4a7b0519217dd4a3585.jpg
train,train/images/41143-100mm_jpg.rf.6333b7f46b8d2f86f7bc4aeef885e721.jpg
train,train/images/42bd842a-52cd-4144-9365-94c7dd7bce44-160mm_jpg.rf.a751e1e0f84179fc3761c4b57d6c6ea9.jpg
train,train/images/4327f7ae-7a02-4ffc-9200-db86257f287e-150mm_jpg.rf.bc1777c520fb70cd713577d3ac669d5a.jpg
train,train/images/4390129a-42fa-4039-a999-e83d739e3964-0mm_jpg.rf.e7fdaad8eea3da1e500437419ddf3d26.jpg
train,train/images/43987-120mm_jpg.rf.015b53159dcd8ed2efce3121d5e148c6.jpg
train,train/images/44740-90mm_jpg.rf.0f749ae171f59ad9281a84e4721a7e6e.jpg
train,train/images/44741-150mm_jpg.rf.79657e759b79c7d4dffabcb35b8e373f.jpg
train,train/images/457dd557-bfce-4bbd-9ee6-ad3b220dd381-700mm_jpg.rf.14c43916fb9e0240b073c2de74a66fef.jpg
train,train/images/45999-100mm_jpg.rf.98b4c1442625ec052d24772f1928891c.jpg
train,train/images/45eb72ed-2ea3-48c7-8490-ef7b7b9eb798-100mm_jpg.rf.685cdb7df43eeef86eeb5ce0370dfa94.jpg
train,train/images/46035b97-328f-4226-a387-364162ebbf79-150mm_jpg.rf.5b18d97edd849e1c19c9a6974faa3f7b.jpg
train,train/images/46731-0mm_jpg.rf.8b6b89cd366a053fbbd7d4d8d0eaa101.jpg
train,train/images/46bd02e2-314b-4fe5-bddc-5357abec6995-370mm_jpg.rf.0dcd01a3d9510a5fc002d6d221399eb4.jpg
train,train/images/4781ef3b-e79a-4fe4-bffc-c43ce195d7a1-130mm_jpg.rf.918ca87d69d917e8a076818242f3ec68.jpg
train,train/images/47eadac9-bab1-4844-bfa1-1fc33f9933a9-120mm_jpg.rf.f7eb51b4338ac7664c28f6de5d3910a2.jpg
train,train/images/48475-200mm_jpg.rf.5ea6977c6f1f7fedb7f75347b102ca2e.jpg
train,train/images/489895f2-a44f-4940-b186-dc68f9c07b55-100mm_jpg.rf.342736be0d0f6dcd6869106829b7481a.jpg
train,train/images/49346208-b914-4412-a201-31a2e0affe26-10mm_jpg.rf.e4df9665b8f203b7c38ae3c36450850f.jpg
train,train/images/4d5c7e6a-ac32-445a-8884-434c15400152-950mm_jpg.rf.7de0889405bb26b13cfa7fa4022759df.jpg
train,train/images/4e252047-234f-4974-bee7-d93bb3d3c9ca-1650mm_jpg.rf.84d7517f79cdeb87d1e026ca5870ba38.jpg
train,train/images/4f115f7a-c61b-40cc-98d7-f125aa741d40-520mm_jpg.rf.41304a5f9968846b5d7dbedd25ea1af6.jpg
train,train/images/4f1f7465-d55d-4fee-be2a-c6a0206aa474-160mm_jpg.rf.857f122c3d4915f8f6683e54f2471a45.jpg
train,train/images/4fef9f22-adfe-44e3-8816-f975ae322d77-0mm_jpg.rf.a9df4105f92815a7debe7794cddc2e8e.jpg
train,train/images/4ffe1996-2b6b-4ca1-846b-c5b56f8706a1-120mm_jpg.rf.2372a41be2c63b5fd79938c528bde6f7.jpg
train,train/images/507bbf4d-d914-411e-8be4-0b84071d7d8b-60mm_jpg.rf.47b200cba397252e9fb8c3a2200ebb76.jpg
train,train/images/519bafab-6e61-4f4c-803d-53860868fa81-1270mm_jpg.rf.875a340f38f2cfb4c32ff3d844d9daf7.jpg
train,train/images/52614-80mm_jpg.rf.76e1f564d3eba10755828f2d73710f84.jpg
train,train/images/53812-100mm_jpg.rf.2ddf8d8bf75816c2a0bbc346c113e7ff.jpg
train,train/images/54731-90mm_jpg.rf.1f91212d2014734c83eb60e0fa114173.jpg
train,train/images/56cca7b3-5b70-4102-bbaa-874e2861048d-1200mm_jpg.rf.1395b24c5b8b91b05d72f7bb781f6aa7.jpg
train,train/images/576fea45-e603-4946-95d2-d0cf18dcb997-0mm_jpg.rf.3a0810cb22962e7df38964b273fa86c8.jpg
train,train/images/5886f720-ce74-45e5-ae0c-aad39b69e6fd-310mm_jpg.rf.b2fd1a03873d55aceec6bbbd4c464d74.jpg
train,train/images/59020-750mm_jpg.rf.76dc846669df9b3e55b8cfba9b39546a.jpg
train,train/images/59630-1130mm_jpg.rf.30f57e51ae23537c1c2495f296435127.jpg
train,train/images/59858-720mm_jpg.rf.8dcf1b5a0302650506c1bfc9e253bb25.jpg
train,train/images/5c5c5fe8-7d7d-4d6c-bfa2-805105d90e21-1250mm_jpg.rf.0b02746cf0e3de17529635a91e897a98.jpg
train,train/images/5d4e04ae-e663-4dad-8326-f102152f2a2a-0mm_jpg.rf.ba1d8f7f4ba2ab387f954999e48220c4.jpg
train,train/images/5ebed1bd-a14b-4528-a933-fa72df3d390b-930mm_jpg.rf.3bb0f42e294aca120b71291efdc2c314.jpg
train,train/images/5fe40b69-8d6a-4f69-a358-8ad901d5bc4d-1490mm_jpg.rf.a235979a717178eba132a154b990e906.jpg
train,train/images/60209-0mm_jpg.rf.4cc68bd1bfbc520c59ea2b0380fdf97a.jpg
train,train/images/62602-780mm_jpg.rf.627fa5afa9da9a1bf8fb685b6cd43e53.jpg
train,train/images/62b428ae-9213-4c60-829b-7c04f25c5144-770mm_jpg.rf.b0da185144b7ba8821ea5bf574970bca.jpg
train,train/images/62e71b2e-8325-4ef7-9bd3-657ce80739f5-1300mm_jpg.rf.cdbd8d5dd71562d6561ba3652fea003e.jpg
train,train/images/6554736f-aa4c-43cf-beb6-15ac88894e47-600mm_jpg.rf.b9bdb40ff9777ba62aaa6b25385d9258.jpg
train,train/images/670eb316-a4a6-4094-a3b2-237082144e4c-800mm_jpg.rf.447d9f3caac580491fa88e280e11b8e3.jpg
train,train/images/6766a51f-1673-4319-bdc9-fb36d4526cae-1310mm_jpg.rf.ee6503c57351c993cc066a9fe1b633d8.jpg
train,train/images/6831b7ee-19f9-4152-b0dc-c04eadbb9ea8-1210mm_jpg.rf.c8d692ea3ff4f6286692caca66f57435.jpg
train,train/images/6a8ec83d-9411-4014-bd03-a98dbd692c69-1350mm_jpg.rf.14e1e3f85e42ab2671f0a2efa303d020.jpg
train,train/images/6ad4d134-4cff-46dd-8ed6-cf0762b0c163-1120mm_jpg.rf.4bf976466d5de1f323c43856a90091e7.jpg
train,train/images/6deb7307-69f2-4eef-8de5-c2d7cd837202-1200mm_jpg.rf.ba1d46397165f74006b577f380a6baeb.jpg
train,train/images/73109-1310mm_jpg.rf.e231e3aa69c28e309808af82a9c65c20.jpg
train,train/images/74210c32-db35-489f-9bd3-482d2742aa0e-670mm_jpg.rf.6f737eeda6355640239899d7aca672dd.jpg
train,train/images/7679f62d-991b-44ad-a0b7-a6e6efafe5cb-500mm_jpg.rf.7306e81268edb10e741a79c0db493c19.jpg
train,train/images/7789e7ae-cd49-42cc-9afa-c2e157b047b5-440mm_jpg.rf.be714905729c54eb5d0c668044589806.jpg
train,train/images/79445-460mm_jpg.rf.5122ad38d52235664dda671b20dc3d9b.jpg
train,train/images/7c7431a8-d7c5-4033-b053-2887471c6051-1390mm_jpg.rf.087d4a01f2fe5bf0be670e3b767ba573.jpg
train,train/images/7d9d413c-f0b2-4430-8f13-9f311ab08fb1-1790mm_jpg.rf.6aa287d4438aae4a03b66109392b6490.jpg
train,train/images/7f588e3a-f6d5-4e00-9296-8ab04f45dea4-0mm_jpg.rf.22308bdc315366daca17143e0e9a552d.jpg
train,train/images/7f9298c9-b893-44e2-a66a-2cc4a522655f-1030mm_jpg.rf.73f2bb529cedec3db9e9459538c3565b.jpg
train,train/images/81616425-18d8-4510-92dd-b17c6c0ba547-1600mm_jpg.rf.2ce10701915d1071c53c237a4706962b.jpg
train,train/images/81834-1600mm_jpg.rf.d9e01bb1b38408e0ba8e64e8d5dbb9a4.jpg
train,train/images/82ad91ef-d3a5-4ff4-8071-e33f299478ba-300mm_jpg.rf.006cb2e1468cd9e72df12115f24e3c58.jpg
train,train/images/851cf512-c284-4353-bb15-bf9e2e5000a0-390mm_jpg.rf.5ed61bb652c1d0c2d7127a0d26662da7.jpg
train,train/images/86067-1480mm_jpg.rf.f34026446f58136d05b27ff8ecb4b5e5.jpg
train,train/images/869775f2-0c13-400a-9dd3-513a824b3fc9-550mm_jpg.rf.e229582833d79ead7c3f558c4c82de16.jpg
train,train/images/8ae3e1c8-3942-4398-9a70-ee0d6c067344-0mm_jpg.rf.3c2416d27c8dbedb765243b22defef16.jpg
train,train/images/8c0f6ff7-1448-4a42-897a-6aecce6d8208-0mm_jpg.rf.dfe9d443761d70e11e0da25b0eb458f6.jpg
train,train/images/8f4e9c78-4e73-4157-98b6-6f357f59ca7e-0mm_jpg.rf.c278754b8b871b65c5926d7db7a26a75.jpg
train,train/images/90645-0mm_jpg.rf.e3b32b2c5f64fdf96caefdbcefd0cfb4.jpg
train,train/images/91392e34-e9fa-4a6c-8162-678a12ad57e2-470mm_jpg.rf.43748204bc2c8816ea667b84e9a8b780.jpg
train,train/images/916cdb6d-e56d-48cb-ba3a-fd0e0cadecd3-790mm_jpg.rf.857321396ac7675474e12bac2657cae8.jpg
train,train/images/924ed18d-715a-458c-83dd-e71c20ce9a34-1080mm_jpg.rf.99c2c0ff68cacf9725929501e296846e.jpg
train,train/images/9286a3f8-19d5-49ae-bfef-3d70da980d37-1300mm_jpg.rf.7046ad303eb5e9c6913964206400f823.jpg
train,train/images/9baba3a5-e448-43bf-ad26-3f968c8d6ab1-930mm_jpg.rf.70f967029c656ea2cd84042b07a7e93f.jpg
train,train/images/9cf38903-4031-41de-af0a-9ed1b44ebb78-0mm_jpg.rf.ea45d5d4520021d930d2c72a992236c2.jpg
train,train/images/Bangus-101_jpg.rf.a33d7ddd90652c55bcf0187172e4a69b.jpg
train,train/images/Bangus-102_jpg.rf.ef435fff734e1c857546a480fe4255fa.jpg
train,train/images/Bangus-103_jpg.rf.43f6bd802d18db549acfa36143f9e623.jpg
train,train/images/Bangus-104_jpg.rf.c14d02860d40453b0f78e1741804b280.jpg
train,train/images/Bangus-106_jpg.rf.7a1dd32f72a4eb314a4512ccf65770d7.jpg
train,train/images/Bangus-107_jpg.rf.4664e39f2f59a2b149fae55f7807cd59.jpg
train,train/images/Bangus-108_jpg.rf.70228ebfcd2f3962ec448fadf11aff6c.jpg
train,train/images/Bangus-109_jpg.rf.3616c5ca2291a5e9f37284f51031e257.jpg
train,train/images/Bangus-10_jpg.rf.4431673e29ef22ce0f0a57827922f918.jpg
train,train/images/Bangus-110_jpg.rf.3448a7c884dad313f85f0079f3d82082.jpg
train,train/images/Bangus-112_jpg.rf.773c8fd864f2362d4bb5b11eb44b949c.jpg
train,train/images/Bangus-113_jpg.rf.31d609251b4a5e05ab49481d12da0330.jpg
train,train/images/Bangus-114_jpg.rf.04fc0d5dfd9e241b5557f2b3f496250d.jpg
train,train/images/Bangus-116_jpg.rf.f736bdda040d057461d0e88aa0ddb6f0.jpg
train,train/images/Bangus-117_jpg.rf.81fce0feda2bc14b07fcb6c718d4db60.jpg
train,train/images/Bangus-118_jpg.rf.2d355bc23d6dbd3e400af3fb7c0a6b94.jpg
train,train/images/Bangus-119_jpg.rf.7ce6e3e30c659e8f3f65d108f317373f.jpg
train,train/images/Bangus-11_jpg.rf.594c8e403ab4baf12403cbb889a36efb.jpg
train,train/images/Bangus-121_jpg.rf.999c151014863d8633b5d0a57342f3c3.jpg
train,train/images/Bangus-129_jpg.rf.23ab0b13efd672d99dd3db7b5510347d.jpg
train,train/images/Bangus-12_jpg.rf.e62b03b24c445a10efc89d7f25e5ee9d.jpg
train,train/images/Bangus-130_jpg.rf.ac794414280b2470b1ae6b00b5efcde3.jpg
train,train/images/Bangus-131_jpg.rf.149ee07ca6ae125c92f71bc0c517d2b5.jpg
train,train/images/Bangus-132_jpg.rf.643e01e2e336dd931b3e2a38b8997ac2.jpg
train,train/images/Bangus-133_jpg.rf.765f2a8395a44cede04a8fcc881c8cd4.jpg
train,train/images/Bangus-134_jpg.rf.2459fe2f055a77ea3407ec18274c066b.jpg
train,train/images/Bangus-135_jpg.rf.778633b892417910b439845441cac375.jpg
train,train/images/Bangus-136_jpg.rf.b21c55b0fa4f743228ecf625cef8f8bb.jpg
train,train/images/Bangus-137_jpg.rf.7b58f0e2c931b56fcbc2bedc69987e6a.jpg
train,train/images/Bangus-138_jpg.rf.38d68afdd982f8f82e399f2f336801de.jpg
train,train/images/Bangus-139_jpg.rf.0797a8b1c1c82f748d19906dd220d6de.jpg
train,train/images/Bangus-13_jpg.rf.2a1baffb4f6e24485eb6afaa5b9fdbd1.jpg
train,train/images/Bangus-140_jpg.rf.c06639bf08b6997acff7fcf82bfe9d9c.jpg
train,train/images/Bangus-141_jpg.rf.558b96dcdd3571939b5f79f7cf0d50c8.jpg
train,train/images/Bangus-142_jpg.rf.7fe369b272ba3134862ce9c2024e8137.jpg
train,train/images/Bangus-144_jpg.rf.7c3ede3aeb882eccf2310e7e5c03cbc9.jpg
train,train/images/Bangus-145_jpg.rf.3be5a73fd46722aa8e22e3cfb50a1af3.jpg
train,train/images/Bangus-146_jpg.rf.719bb7a1c20ec419a5e060261191ae8d.jpg
train,train/images/Bangus-149_jpg.rf.5c87c714bbbfbfe88647aecff64b9e92.jpg
train,train/images/Bangus-150_jpg.rf.02fb6a6df045e7b74022420bf4619355.jpg
train,train/images/Bangus-151_jpg.rf.3e60aebe48beb94d58b390740db204ac.jpg
train,train/images/Bangus-152_jpg.rf.91834f4324d2c70b9aa0b9c07a572377.jpg
train,train/images/Bangus-154_jpg.rf.caf66ded1f4f8826ea919d764e358250.jpg
train,train/images/Bangus-155_jpg.rf.08a868f33a7556a51ad05a50369ba3a5.jpg
train,train/images/Bangus-157_jpg.rf.91c31a6cfc995c5caa09838cd7a2a063.jpg
train,train/images/Bangus-158_jpg.rf.1a3652670cbd6aa0fe4f8d4734a4824b.jpg
train,train/images/Bangus-159_jpg.rf.f05414818fb8fde7535eed43cb074718.jpg
train,train/images/Bangus-15_jpg.rf.35fd47b9e3e6a700f139a6787724f141.jpg
train,train/images/Bangus-160_jpg.rf.5b926f108a53ebf53b51380695b834ca.jpg
train,train/images/Bangus-161_jpg.rf.0da43b99234cc67eee80755ac5bd629e.jpg
train,train/images/Bangus-164_jpg.rf.13b1b3733fe7dfa22025988c6d5b749f.jpg
train,train/images/Bangus-165_jpg.rf.60fd9fb533fa26f74b706e7e6d78b787.jpg
train,train/images/Bangus-166_jpg.rf.8e4b1ae65896f81cf5539116a9824207.jpg
train,train/images/Bangus-167_jpg.rf.c56223ae9bc0ac83bddcbd76f9aafdd0.jpg
train,train/images/Bangus-16_jpg.rf.b7fd9256a4779aa289df439e40e6d688.jpg
train,train/images/Bangus-170_jpg.rf.6a7b01bdf3debaa211e5da19e90d5ab4.jpg
train,train/images/Bangus-171_jpg.rf.be7f25326f7bf4e23c175db864b7099a.jpg
train,train/images/Bangus-172_jpg.rf.0ab7f297e7c53e0e1a8077a8a26074b4.jpg
train,train/images/Bangus-173_jpg.rf.b34475435cf0c7762d6fc9e45f0169d0.jpg
train,train/images/Bangus-174_jpg.rf.6003f115f94d4935f27883f1de696b5b.jpg
train,train/images/Bangus-175_jpg.rf.4a1cb1249ba7af978978cbbadbd31dee.jpg
train,train/images/Bangus-17_jpg.rf.06be2b2061d2fafa3668ac93cef2e8f2.jpg
train,train/images/Bangus-1_jpg.rf.e06fbdf3fb09c5060a6b57fd37fcb768.jpg
train,train/images/Bangus-20_jpg.rf.508ef18dfc6d49a4aac98e0abaf639ee.jpg
train,train/images/Bangus-21_jpg.rf.bca137c40dff370c6364dabeb17d070a.jpg
train,train/images/Bangus-22_jpg.rf.028841c605a5f3e019ed059d235726a2.jpg
train,train/images/Bangus-24_jpg.rf.76fb4d7b832636373ad33605a647437d.jpg
train,train/images/Bangus-25_jpg.rf.b7fe7bfe51238b5ef346327da90365b8.jpg
train,train/images/Bangus-26_jpg.rf.3f63d3cc17e431576e4dd0adf56406e6.jpg
train,train/images/Bangus-27_jpg.rf.1277c15211b3e8b17c8508b06b287789.jpg
train,train/images/Bangus-28_jpg.rf.323cc7c4c6402015289c3f03d3c34d77.jpg
train,train/images/Bangus-29_jpg.rf.76a59518eeebc648df49d3be2de452b2.jpg
train,train/images/Bangus-2_jpg.rf.6218086e62cdc3d24ad3bbf9f10defd0.jpg
train,train/images/Bangus-32_jpg.rf.5a23f8723262dff023daa53c2ddd0b9b.jpg
train,train/images/Bangus-33_jpg.rf.7de4d11b6cfcb6cf4eff90e43d61fa46.jpg
train,train/images/Bangus-34_jpg.rf.3b2f723cb647eabd53e96fa0bbbfe511.jpg
train,train/images/Bangus-35_jpg.rf.8e06be3bbe68323132d245e5b0d462f5.jpg
train,train/images/Bangus-36_jpg.rf.6ba7c09c394c6cf9b93dd18f9e3cb47a.jpg
train,train/images/Bangus-37_jpg.rf.d0716a125edf831bf30e92d4e18c26d7.jpg
train,train/images/Bangus-38_jpg.rf.e690cab76aa9376552d2c7318a31615e.jpg
train,train/images/Bangus-40_jpg.rf.d06d21a26101cd773b9d17eb94a484f3.jpg
train,train/images/Bangus-42_jpg.rf.9d860c39d11914e57b53f311fbd1f975.jpg
train,train/images/Bangus-43_jpg.rf.6920d06fd63a6df0ff0a26dfe34b0a37.jpg
train,train/images/Bangus-47_jpg.rf.aaacc0350e9811cd4b9ae11472a67eee.jpg
train,train/images/Bangus-49_jpg.rf.d7b6cd2c0c9cdc04a4fbe0be93f163e8.jpg
train,train/images/Bangus-51_jpg.rf.b24d38bd8398c96d874ad5fcf4aa9ef6.jpg
train,train/images/Bangus-53_jpg.rf.dd7d525cde4443089924c249635d361a.jpg
train,train/images/Bangus-54_jpg.rf.8dca496e4b46870c6872b0770fe9bc52.jpg
train,train/images/Bangus-56_jpg.rf.7bf6dddb400658f266788ba48e8587cf.jpg
train,train/images/Bangus-57_jpg.rf.80dd497e96f113d6fd8e742be1c9a2db.jpg
train,train/images/Bangus-58_jpg.rf.859722e6977ce5100026a1fe0dd6ec0f.jpg
train,train/images/Bangus-61_jpg.rf.b4b90ec65ae802fc5180b4516dbfee32.jpg
train,train/images/Bangus-62_jpg.rf.645583417398ce79fa3e74590d78423d.jpg
train,train/images/Bangus-63_jpg.rf.36897bdbe50c7a93cf43bf7c4f4d4156.jpg
train,train/images/Bangus-64_jpg.rf.376f93ba22a1c22c2e68ed14deefafaf.jpg
train,train/images/Bangus-66_jpg.rf.e75e1175b2cf6f422267559cfe4c88e2.jpg
train,train/images/Bangus-68_jpg.rf.7689be1bbbe0b0927fc0bb16b5582cae.jpg
train,train/images/Bangus-69_jpg.rf.1015f24ccaa9d10da0c2286f1933e14f.jpg
train,train/images/Bangus-6_jpg.rf.f4534caa0f8a06556e4f5bd429d04acb.jpg
train,train/images/Bangus-71_jpg.rf.2495f4329be0a62a10d855b43d69a72a.jpg
train,train/images/Bangus-72_jpg.rf.ca238160541382f5a506a452494efbd5.jpg
train,train/images/Bangus-74_jpg.rf.e608c076782340eef7ef07be8759bad7.jpg
train,train/images/Bangus-75_jpg.rf.963d0f5f3d280d4d60075a6126c4af51.jpg
train,train/images/Bangus-76_jpg.rf.82313c19eb4d1c3d364cda1052457c4c.jpg
train,train/images/Bangus-77_jpg.rf.90943581b6a4c7d457620392e9dc54d2.jpg
train,train/images/Bangus-78_jpg.rf.e1e3f5cee24709b49b58ee384f839dba.jpg
train,train/images/Bangus-7_jpg.rf.89e56f3e3b1f29d3b1886f554f50bc03.jpg
train,train/images/Bangus-80_jpg.rf.1095ac3d77900dd3f5d88be0a1b5a688.jpg
train,train/images/Bangus-81_jpg.rf.3dbe09b1026cc0d733fdc00a6731406c.jpg
train,train/images/Bangus-82_jpg.rf.18a4b283f39c19f8c9774cdc8b6d867d.jpg
train,train/images/Bangus-83_jpg.rf.9ed28d1ecb381b9df2bf51e65ea51b87.jpg
train,train/images/Bangus-85_jpg.rf.d7eeab0791fa413bb124c87646662c7d.jpg
train,train/images/Bangus-86_jpg.rf.a7857d460888e256b4ac420ff9c934e2.jpg
train,train/images/Bangus-88_jpg.rf.8c8361e976cd0aa8561aee8c1b100c4f.jpg
train,train/images/Bangus-89_jpg.rf.820942cf5d3c4c78b0d290e9e00bbd66.jpg
train,train/images/Bangus-90_jpg.rf.739d297a1845aec2022c3560e794490e.jpg
train,train/images/Bangus-92_jpg.rf.2c22a15377e31418009c6bd5a91d33fc.jpg
train,train/images/Bangus-94_jpg.rf.56a29fc19d4da265e04b76375504a49a.jpg
train,train/images/Bangus-98_jpg.rf.1efe723a55469573e43ac2b50a6ee2fa.jpg
train,train/images/Bangus-99_jpg.rf.cc5b2dc6cd190dfa7aa8e314ba631f9a.jpg
train,train/images/Big-Head-Carp-100_jpg.rf.e098a863f22ba6a2507443f772d426db.jpg
train,train/images/Big-Head-Carp-101_jpg.rf.17729eb28cfac68cd22d66922e44b463.jpg
train,train/images/Big-Head-Carp-104_jpg.rf.fb39d7c8a02e6b8b0bbdaace6c422e34.jpg
train,train/images/Big-Head-Carp-105_jpg.rf.452cd184874956120471f0b05bb011b5.jpg
train,train/images/Big-Head-Carp-106_jpg.rf.389fb0bf4d81846f40391719661eb2e4.jpg
train,train/images/Big-Head-Carp-107_jpg.rf.7b9c5c3cdace582514ebcbb221040e97.jpg
train,train/images/Big-Head-Carp-108_jpg.rf.3377f8550719d8698499291c8d5a06fe.jpg
train,train/images/Big-Head-Carp-10_jpg.rf.d70bfd65c9f41834b76f071973494914.jpg
train,train/images/Big-Head-Carp-110_jpg.rf.e6a95ac3be1c962ad0f6355b6aea0508.jpg
train,train/images/Big-Head-Carp-112_jpg.rf.f8a12011278079bf71d9d8ce32c9a67c.jpg
train,train/images/Big-Head-Carp-113_jpg.rf.3d647c8009b648e6c71f591ecd9284fd.jpg
train,train/images/Big-Head-Carp-114_jpg.rf.970d6b11d1392fb8a341d355a06b19cc.jpg
train,train/images/Big-Head-Carp-115_jpg.rf.d4838f1ae9ec06ef94e54436e860b411.jpg
train,train/images/Big-Head-Carp-117_jpg.rf.a1f16a80e30f97159b5a0a6a6e31c199.jpg
train,train/images/Big-Head-Carp-11_jpg.rf.6e5a41fa91445ac3d5dcacbcaf1ba313.jpg
train,train/images/Big-Head-Carp-120_jpg.rf.39de99f2c8f49fda83d005376749cc09.jpg
train,train/images/Big-Head-Carp-123_jpg.rf.3ed65f9a2b8097fbe12837480b402754.jpg
train,train/images/Big-Head-Carp-124_jpg.rf.770fd9d71e05dd724390d1cb61f113da.jpg
train,train/images/Big-Head-Carp-125_jpg.rf.665f27752bd0fa407e3f1e1efffa840c.jpg
train,train/images/Big-Head-Carp-126_jpg.rf.a5ee95898d5d87aac78c019726767f22.jpg
train,train/images/Big-Head-Carp-127_jpg.rf.cfa7b8e2819f2c6a75296435dbe3f32b.jpg
train,train/images/Big-Head-Carp-128_jpg.rf.6ceb6a6e57873ea48317afebedf53656.jpg
train,train/images/Big-Head-Carp-129_jpg.rf.eb8fb3d01eecd75dd238fbc5ac0ec548.jpg
train,train/images/Big-Head-Carp-12_jpg.rf.156b4a170bbcae9a069645fadc7d4190.jpg
train,train/images/Big-Head-Carp-130_jpg.rf.9b8fe47394b1b19c468d409ba3e5b82c.jpg
train,train/images/Big-Head-Carp-13_jpg.rf.f2150b6fa0c1027f3a7e6e2367c3067b.jpg
train,train/images/Big-Head-Carp-141_jpg.rf.677e0e23bfeb547d16eceea85e262085.jpg
train,train/images/Big-Head-Carp-142_jpg.rf.52eae0e4a0d572fc36d9705598799590.jpg
train,train/images/Big-Head-Carp-144_jpg.rf.ca307db724a5070dc58351a1a9f00d06.jpg
train,train/images/Big-Head-Carp-145_jpg.rf.5363152da9b1af9afed9838de65cb512.jpg
train,train/images/Big-Head-Carp-146_jpg.rf.16330b6fb59d5b654d49cc126dc20054.jpg
train,train/images/Big-Head-Carp-148_jpg.rf.e5f03e3c4f60fe7c9ea68c3b68ec2a02.jpg
train,train/images/Big-Head-Carp-149_jpg.rf.9f2564decf256859f0c1308aa9171dbb.jpg
train,train/images/Big-Head-Carp-14_jpg.rf.6a4bb873fe6e38d89b4b833bc07d2e16.jpg
train,train/images/Big-Head-Carp-150_jpg.rf.860a9e9665fbf87a96c653dbc75580ea.jpg
train,train/images/Big-Head-Carp-151_jpg.rf.bfd7bde41d3289e06eabaea07fa603b3.jpg
train,train/images/Big-Head-Carp-152_jpg.rf.296806f6ff43c6c6ad4d650480aeeea0.jpg
train,train/images/Big-Head-Carp-153_jpg.rf.1036169d9b8177d32eb10135fac2cc3d.jpg
train,train/images/Big-Head-Carp-155_jpg.rf.7f94e6f26befe2f14a2ae0d49be6429e.jpg
train,train/images/Big-Head-Carp-158_jpg.rf.b1c63b2440953ee858c9994174a01589.jpg
train,train/images/Big-Head-Carp-159_jpg.rf.f77672cef58f34385e44e096e384c881.jpg
train,train/images/Big-Head-Carp-15_jpg.rf.69dd3741ed73b58da3bac9273d5d4854.jpg
train,train/images/Big-Head-Carp-160_jpg.rf.f61ce34d1e5e9956b50f10f70c8322c7.jpg
train,train/images/Big-Head-Carp-161_jpg.rf.1b8ec5ab9e021f021cf4538a616b59ef.jpg
train,train/images/Big-Head-Carp-163_jpg.rf.0471de6664635ce92bdb975bed0300ae.jpg
train,train/images/Big-Head-Carp-164_jpg.rf.b60142db9026579fff3c541e2fdfea7f.jpg
train,train/images/Big-Head-Carp-165_jpg.rf.da3649a00067ee394b56178a2ec48131.jpg
train,train/images/Big-Head-Carp-167_jpg.rf.d729ec5568dd4d734a23d6ad641289e9.jpg
train,train/images/Big-Head-Carp-168_jpg.rf.ff76ae9541c68467c423067d8bfc5b90.jpg
train,train/images/Big-Head-Carp-169_jpg.rf.3b76df5617cd33e85647d1037d8e6920.jpg
train,train/images/Big-Head-Carp-170_jpg.rf.43957c45b386e88158fee62e8f981701.jpg
train,train/images/Big-Head-Carp-172_jpg.rf.a37a62b8365d0ce0d1da187dc75ec24b.jpg
train,train/images/Big-Head-Carp-173_jpg.rf.c30e93315408e9b38d8d9037350d32df.jpg
train,train/images/Big-Head-Carp-174_jpg.rf.80c53cfe58058728cda1d6cf17345ea7.jpg
train,train/images/Big-Head-Carp-176_jpg.rf.e5c6bf68ac03ca4715cc6efc0da7ffa7.jpg
train,train/images/Big-Head-Carp-177_jpg.rf.a2677d6770129fca0b8f770f7d804133.jpg
train,train/images/Big-Head-Carp-180_jpg.rf.12868ee8e56f268440059fd44544dd4c.jpg
train,train/images/Big-Head-Carp-181_jpg.rf.c922ae60b9f9ebe990a3e99e7f9393de.jpg
train,train/images/Big-Head-Carp-182_jpg.rf.622b6f0026284bc89ae41e36a9db1f3a.jpg
train,train/images/Big-Head-Carp-183_jpg.rf.de33531f2688661f3ad84209d7a58e0a.jpg
train,train/images/Big-Head-Carp-184_jpg.rf.aee028f7cd45ff226d222c2ed0f3d491.jpg
train,train/images/Big-Head-Carp-185_jpg.rf.f9d181b27d2537f01687bf58f64a0d19.jpg
train,train/images/Big-Head-Carp-186_jpg.rf.b805422a3942d084b40d5916a782d9ea.jpg
train,train/images/Big-Head-Carp-187_jpg.rf.b1405a9d15f8405d90e468ab5587e05e.jpg
train,train/images/Big-Head-Carp-189_jpg.rf.cb709ed55330fa43ad108e8593f3c3d7.jpg
train,train/images/Big-Head-Carp-191_jpg.rf.06bdea500de30bb4d2384b438f2aca89.jpg
train,train/images/Big-Head-Carp-192_jpg.rf.3022d2c3715cbec29d614c9c89ee9de1.jpg
train,train/images/Big-Head-Carp-193_jpg.rf.a36b881e5685a144eadc8c1fa2a0b497.jpg
train,train/images/Big-Head-Carp-195_jpg.rf.e95d58fde57b07298a3db657993ef662.jpg
train,train/images/Big-Head-Carp-196_jpg.rf.a31f5554c1382bfdff76e4a8ed4d05c0.jpg
train,train/images/Big-Head-Carp-197_jpg.rf.c231181d26128c521e704feaa4245e57.jpg
train,train/images/Big-Head-Carp-198_jpg.rf.32b27e7f9aa9c1a709c241c68f304d83.jpg
train,train/images/Big-Head-Carp-199_jpg.rf.a17a365b7af932e35c59ad6d6758bbf4.jpg
train,train/images/Big-Head-Carp-19_jpg.rf.eee123d0fe0a7903e067ad37662a52d1.jpg
train,train/images/Big-Head-Carp-1_jpg.rf.3126d3ca8b985bbf0d6bb14ac35ae04f.jpg
train,train/images/Big-Head-Carp-201_jpg.rf.d929316ba4ad036d1e0b8f784f4d6bd2.jpg
train,train/images/Big-Head-Carp-203_jpg.rf.17e4891cd1a4caf75837e2169fb304b8.jpg
train,train/images/Big-Head-Carp-205_jpg.rf.be29ebbc77958f55ae5b41b4920422f3.jpg
train,train/images/Big-Head-Carp-207_jpg.rf.a12dff89663b7649d7c20a7ea48a284e.jpg
train,train/images/Big-Head-Carp-208_jpg.rf.92881b7d012a265491027014ba924366.jpg
train,train/images/Big-Head-Carp-209_jpg.rf.6f43f7e532921bd85f11d330bdd16bce.jpg
train,train/images/Big-Head-Carp-20_jpg.rf.64203eba0202102995765fb21dc2d512.jpg
train,train/images/Big-Head-Carp-212_jpg.rf.27d99fbbf71fe679270cb4ac724a596d.jpg
train,train/images/Big-Head-Carp-214_jpg.rf.1c6eede6f56ea3b05274c4547145e375.jpg
train,train/images/Big-Head-Carp-215_jpg.rf.c2a83740553c2823c11686ef9427daee.jpg
train,train/images/Big-Head-Carp-216_jpg.rf.f6fc5eaf11595e5613612cfd23be2cc7.jpg
train,train/images/Big-Head-Carp-217_jpg.rf.c944c7fb73c4fde0d7e31105f9a41aca.jpg
train,train/images/Big-Head-Carp-218_jpg.rf.9f51c5fcb07816f0c1d86b3498e7c1c8.jpg
train,train/images/Big-Head-Carp-219_jpg.rf.159861c2db1bdf26adfaddfe67a0d397.jpg
train,train/images/Big-Head-Carp-220_jpg.rf.f11d23dbaa37a9a963ec11b3620a4b16.jpg
train,train/images/Big-Head-Carp-24_jpg.rf.061456afa10e0a4071443dd5392cc311.jpg
train,train/images/Big-Head-Carp-25_jpg.rf.c6c8560010eeb089bdeead6de2727a09.jpg
train,train/images/Big-Head-Carp-26_jpg.rf.558a16f057dc79a624f86a6a88145813.jpg
train,train/images/Big-Head-Carp-28_jpg.rf.178e8a5074cfa31dd00d7245bfee7b0d.jpg
train,train/images/Big-Head-Carp-2_jpg.rf.0b85a25c88eae294d8a8199b5ad12804.jpg
train,train/images/Big-Head-Carp-30_jpg.rf.c9ec3a80bf66d47f267dc5386a0589ae.jpg
train,train/images/Big-Head-Carp-31_jpg.rf.8c3c6305f194492c4cd3135a4a1fc020.jpg
train,train/images/Big-Head-Carp-34_jpg.rf.f461642a7422fd97c6a273282a738b36.jpg
train,train/images/Big-Head-Carp-35_jpg.rf.63337b4efa0a15d99414619018a9a86f.jpg
train,train/images/Big-Head-Carp-36_jpg.rf.7ee6b81bff97bd0d936b0da6e3df42a2.jpg
train,train/images/Big-Head-Carp-37_jpg.rf.5b07c0846da9ff55f0df897fdd9c55f7.jpg
train,train/images/Big-Head-Carp-39_jpg.rf.79dcca82061b35f294edd2e2fb1f8732.jpg
train,train/images/Big-Head-Carp-40_jpg.rf.513a9b0138f7205a0e4bae8e2b1578ac.jpg
train,train/images/Big-Head-Carp-41_jpg.rf.ae97e6122c46124d787162c288cd1d95.jpg
train,train/images/Big-Head-Carp-44_jpg.rf.5a9aab40e8972260fc2f63e0dcc80cac.jpg
train,train/images/Big-Head-Carp-45_jpg.rf.c78e7b5bc156440f02d5423cb28e8719.jpg
train,train/images/Big-Head-Carp-46_jpg.rf.88d9d26fec34f354035eac664f7e97e5.jpg
train,train/images/Big-Head-Carp-47_jpg.rf.f4e77ac7f5328094826fa0bfef9a658d.jpg
train,train/images/Big-Head-Carp-49_jpg.rf.1a832b2bb95a21f842769bee821fa3dd.jpg
train,train/images/Big-Head-Carp-50_jpg.rf.316dcd90ceb969990836a85a048ba402.jpg
train,train/images/Big-Head-Carp-51_jpg.rf.80552622d6c6621f90b9520d99270a6e.jpg
train,train/images/Big-Head-Carp-53_jpg.rf.63edeb9b43e28c6260bf7cb7ccfcfb47.jpg
train,train/images/Big-Head-Carp-55_jpg.rf.2b18e7b11f2170547611d8e84b295b6d.jpg
train,train/images/Big-Head-Carp-56_jpg.rf.5b7dc3a80c343c9044e8165821c9a23b.jpg
train,train/images/Big-Head-Carp-57_jpg.rf.c179b0e20cc1bd41887f71df8ce7784e.jpg
train,train/images/Big-Head-Carp-5_jpg.rf.30b1bd62c32ec4761238a162e4832b08.jpg
train,train/images/Big-Head-Carp-60_jpg.rf.9be08622d8e44e44d0db2df2d9ffb23c.jpg
train,train/images/Big-Head-Carp-62_jpg.rf.5aad410236175398b0de156b18f3ca41.jpg
train,train/images/Big-Head-Carp-64_jpg.rf.6b343814744f720eaf2118a4c4f7a788.jpg
train,train/images/Big-Head-Carp-65_jpg.rf.32f4f9b81355ed5fbd775d97e59bd42b.jpg
train,train/images/Big-Head-Carp-68_jpg.rf.75d51ce7971667f802642b6e4ff79c11.jpg
train,train/images/Big-Head-Carp-69_jpg.rf.25bf18fee2502abe4cd84cc5f2b4fce7.jpg
train,train/images/Big-Head-Carp-6_jpg.rf.b8d36cd43ef6b23652b8119ac2d397ff.jpg
train,train/images/Big-Head-Carp-71_jpg.rf.1c704c9030d92c8f0b7ab3d9740fd8db.jpg
train,train/images/Big-Head-Carp-72_jpg.rf.e51384543c063be873d76c43cad25156.jpg
train,train/images/Big-Head-Carp-73_jpg.rf.2fb5fe88a24b64cd3d077a7c9c615dfe.jpg
train,train/images/Big-Head-Carp-76_jpg.rf.1e023430e9ad1684afb9612fdb2a56c0.jpg
train,train/images/Big-Head-Carp-77_jpg.rf.ec41bf035a0b430a87ec0f4e7b058d8a.jpg
train,train/images/Big-Head-Carp-78_jpg.rf.7e4b1f4cf7af33b771c49d7bb0a4a86a.jpg
train,train/images/Big-Head-Carp-7_jpg.rf.60f9a7183c0b01e138e0bd2c1485ba5f.jpg
train,train/images/Big-Head-Carp-80_jpg.rf.cb265ff17ce8f93d76cbe0f24d26eb08.jpg
train,train/images/Big-Head-Carp-81_jpg.rf.6ccc9d356e9ce01076e785036b80ddea.jpg
train,train/images/Big-Head-Carp-82_jpg.rf.81ccead7d8d82424b393828d729022c7.jpg
train,train/images/Big-Head-Carp-83_jpg.rf.ff784aa9c0eebb2579e84e6549a65e9d.jpg
train,train/images/Big-Head-Carp-86_jpg.rf.129d4101be2d43332755581ba497bc44.jpg
train,train/images/Big-Head-Carp-88_jpg.rf.2091cc9b4f9b0535e4acffabac8ede8c.jpg
train,train/images/Big-Head-Carp-89_jpg.rf.dc1ac56029861be86b012dbc627747ce.jpg
train,train/images/Big-Head-Carp-90_jpg.rf.cc846739eb1a2b0cb24b98363437d571.jpg
train,train/images/Big-Head-Carp-91_jpg.rf.9af7eedf9f6a63b39f3be60e1b003702.jpg
train,train/images/Big-Head-Carp-92_jpg.rf.2b2a0d3ef3c8f5996ed87808762a7220.jpg
train,train/images/Big-Head-Carp-93_jpg.rf.0ce437adec9c4f4cdc4ac5ecaa11d0b8.jpg
train,train/images/Big-Head-Carp-94_jpg.rf.83cac6ace4c2386626a653e122e9a2f7.jpg
train,train/images/Big-Head-Carp-95_jpg.rf.a1c3ff33d3fe6b4c20dbad4fb10d7d71.jpg
train,train/images/Big-Head-Carp-96_jpg.rf.ed078b82ded0df09619e0ca97c263d3a.jpg
train,train/images/Big-Head-Carp-99_jpg.rf.8926cb886e42cf092d9d2ecdc470cbc0.jpg
train,train/images/Black-Spotted-Barb-10_jpg.rf.20d191c670d4f48f59fd362e8aa612cc.jpg
train,train/images/Black-Spotted-Barb-12_jpg.rf.afc4ddc3bde06f9db79fe1bf31e268de.jpg
train,train/images/Black-Spotted-Barb-13_jpg.rf.b457b42654dca1fc8ccc454b6e57b3a8.jpg
train,train/images/Black-Spotted-Barb-14_jpg.rf.a1f084873b3bce13813f6aeaed99df63.jpg
train,train/images/Black-Spotted-Barb-15_jpg.rf.a085f1760cbdaebf09b60d92837b8790.jpg
train,train/images/Black-Spotted-Barb-16_jpg.rf.2653aaf79fb3809109d758fabe0879e1.jpg
train,train/images/Black-Spotted-Barb-17_jpg.rf.365810ad06d8bcdabc515f66515056bf.jpg
train,train/images/Black-Spotted-Barb-18_jpg.rf.e686aa3c4354b2be97c992c1a063d89e.jpg
train,train/images/Black-Spotted-Barb-19_jpg.rf.7813f63e86f561bb5e313b723565e019.jpg
train,train/images/Black-Spotted-Barb-1_jpg.rf.dad5a532fff226d9339fdf2acb6c9327.jpg
train,train/images/Black-Spotted-Barb-20_jpg.rf.a2259b0b01d68743c3eafbc1b0e198bd.jpg
train,train/images/Black-Spotted-Barb-21_jpg.rf.e52fa045f3f3d7bc8e450ce2e95f0c3c.jpg
train,train/images/Black-Spotted-Barb-22_jpg.rf.51ca6f0805ca45bc0de1e4dd0d9ae550.jpg
train,train/images/Black-Spotted-Barb-25_jpg.rf.f504000f09a38245d72ef2ac068a0a9c.jpg
train,train/images/Black-Spotted-Barb-26_jpg.rf.4a80a0e0733539be82e038d056349460.jpg
train,train/images/Black-Spotted-Barb-27_jpg.rf.ab4f1a07018b7398a4900d56876347c8.jpg
train,train/images/Black-Spotted-Barb-28_jpg.rf.7c0bad45c085c59a0ad9e30ffaa8a31e.jpg
train,train/images/Black-Spotted-Barb-29_jpg.rf.0724358f07c11c35fbc943e0c23f1f47.jpg
train,train/images/Black-Spotted-Barb-2_jpg.rf.9cb37571ef79083c0e395067f9212685.jpg
train,train/images/Black-Spotted-Barb-30_jpg.rf.d96164596cd8df80951c8b6179dfed8f.jpg
train,train/images/Black-Spotted-Barb-32_jpg.rf.a8b5d2c8b620310befcbaa01521f47a4.jpg
train,train/images/Black-Spotted-Barb-33_jpg.rf.f8044d92c5976db61626be91ff271ad6.jpg
train,train/images/Black-Spotted-Barb-34_jpg.rf.de5ab198f18aac153854e7a1bb165c69.jpg
train,train/images/Black-Spotted-Barb-35_jpg.rf.be250c97e7974daf3264015be1d8f3ff.jpg
train,train/images/Black-Spotted-Barb-36_jpg.rf.a35306eab88d32c3f2c575ab6b1d8eab.jpg
train,train/images/Black-Spotted-Barb-38_jpg.rf.a854c29e073fe78cb61c93ec3afd6374.jpg
train,train/images/Black-Spotted-Barb-39_jpg.rf.eeff31c6d4ad9b91416bdfeddf407f05.jpg
train,train/images/Black-Spotted-Barb-3_jpg.rf.c2e99b28234bec3e9e75df9a9bfd1448.jpg
train,train/images/Black-Spotted-Barb-40_jpg.rf.96fd59733c783f8e463d9b885b7e3105.jpg
train,train/images/Black-Spotted-Barb-42_jpg.rf.1cf6fb16b271a9279a772b3fdd22c0f2.jpg
train,train/images/Black-Spotted-Barb-43_jpg.rf.da9db78805804837ea8ce36a117d0691.jpg
train,train/images/Black-Spotted-Barb-44_jpg.rf.be6749314365ee0701ba374040e32374.jpg
train,train/images/Black-Spotted-Barb-45_jpg.rf.f58f56e22ffcf4cbf51021e42f892fd1.jpg
train,train/images/Black-Spotted-Barb-46_jpg.rf.858e1c51096ce7105b07032f09a89879.jpg
train,train/images/Black-Spotted-Barb-47_jpg.rf.fe2e75e87e7fb1acad95cf9dc546cb5a.jpg
train,train/images/Black-Spotted-Barb-48_jpg.rf.95579d1c8fb4760f40bdf9ce72dc8d57.jpg
train,train/images/Black-Spotted-Barb-49_jpg.rf.4d622ff57070f5a71b7dab972cf3b459.jpg
train,train/images/Black-Spotted-Barb-5_jpg.rf.c515bd48deb69507d428a5b391e511e7.jpg
train,train/images/Black-Spotted-Barb-7_jpg.rf.cb7ac7a9cce46c15b12234ce95a5fb78.jpg
train,train/images/Black-Spotted-Barb-9_jpg.rf.4720a5a393b0036fc8cea9b7d1b8cdfc.jpg
train,train/images/Catfish-10_jpg.rf.e31a16e35a3d5d00d30d6d7e733f9cd4.jpg
train,train/images/Catfish-11_jpg.rf.0cf6cb8c5c86c49e5886e00c45b2ca05.jpg
train,train/images/Catfish-13_jpg.rf.6137c0456ec085978b4197d90b38b7c2.jpg
train,train/images/Catfish-14_jpg.rf.d7f4aeabfd89623f137c58e33b63a374.jpg
train,train/images/Catfish-15_jpg.rf.a5d91bfd64f555d347260ae344af8c31.jpg
train,train/images/Catfish-16_jpg.rf.1d813837cbfd3abbe7462cbfb941ee22.jpg
train,train/images/Catfish-17_jpg.rf.f6ce3aed8f6f2a4873f024624d68c758.jpg
train,train/images/Catfish-19_jpg.rf.76d41fb8b4baedcc914d4158a4c8d205.jpg
train,train/images/Catfish-1_jpg.rf.617fbf7a0ca931f9546d24c1128685ca.jpg
train,train/images/Catfish-20_jpg.rf.884987b3ac997f0a1c7955088a422050.jpg
train,train/images/Catfish-21_jpg.rf.6f3c165eb9c2938e3b68ed8802ab162b.jpg
train,train/images/Catfish-22_jpg.rf.bf05b724720b3c34bedeca81f17e41d6.jpg
train,train/images/Catfish-23_jpg.rf.fc7ab8148efda8e56f2845e1d59b175d.jpg
train,train/images/Catfish-25_jpg.rf.a39d9498b44dcd5310200071d1f891a6.jpg
train,train/images/Catfish-26_jpg.rf.8545a7713299c62d95d108e99a2f0e07.jpg
train,train/images/Catfish-28_jpg.rf.62324bca4ae3814ff0a132ae8ca132ad.jpg
train,train/images/Catfish-29_jpg.rf.bfbb5ad64803d10ddeddde8b507067fd.jpg
train,train/images/Catfish-2_jpg.rf.f4ac33e3b1a5fa007d1473d7a50668a5.jpg
train,train/images/Catfish-30_jpg.rf.fc1c8e4110c779c80e1346c62ee50cff.jpg
train,train/images/Catfish-31_jpg.rf.daa3d3a7b60e2994dbbddd710f5cb2b9.jpg
train,train/images/Catfish-35_jpg.rf.5096165482803813080068f688ea1a1f.jpg
train,train/images/Catfish-37_jpg.rf.ea93ca6c5f9add32108ac36d8c1b2eb5.jpg
train,train/images/Catfish-39_jpg.rf.ac600d9c8ab6a66dc9de02869a80bfc0.jpg
train,train/images/Catfish-3_jpg.rf.e64c4afa1002dfa02a616549432651ee.jpg
train,train/images/Catfish-41_jpg.rf.a8c03994ea438fdf9eb359ba56460960.jpg
train,train/images/Catfish-42_jpg.rf.3cbdbc54117169273ee059b616ad9b43.jpg
train,train/images/Catfish-44_jpg.rf.8262a66b17daa005b76d3afdb0ce8b44.jpg
train,train/images/Catfish-45_jpg.rf.15619d3ee2ca2a04a6da5af98c909376.jpg
train,train/images/Catfish-47_jpg.rf.e271becab4306c4dfd110ba20c33af6e.jpg
train,train/images/Catfish-48_jpg.rf.cf29ff1d07fb1070540104a2d2f28dac.jpg
train,train/images/Catfish-49_jpg.rf.73c284c22b6835218522c569dfaa7cd4.jpg
train,train/images/Catfish-6_jpg.rf.a00beb4d0c2101b5d5b56a28fbf8a89e.jpg
train,train/images/Catfish-7_jpg.rf.2c3eb2da4bd08d57ac3accb3d53a1f26.jpg
train,train/images/Catfish-9_jpg.rf.51ddb2d25206980071d5c011349eccfc.jpg
train,train/images/Climbing-perch-001_jpg.rf.bb815d0eefe1edbe63b33e928395aa13.jpg
train,train/images/Climbing-perch-004_jpg.rf.de2d0591806d4338501ef0f613f45c1b.jpg
train,train/images/Climbing-perch-006_jpg.rf.eff45dbe5468a6f2a36335ec74698d94.jpg
train,train/images/Climbing-perch-007_jpg.rf.88541d9f651d3aac3c7a756c2e354ae8.jpg
train,train/images/Climbing-perch-010_jpg.rf.16ed9b8d25a010ba4e7febdfd592f2c0.jpg
train,train/images/Climbing-perch-011_jpg.rf.b1ae65c1eb26df557acd46beb26049ea.jpg
train,train/images/Climbing-perch-012_jpg.rf.02b79eb7c7ac95bc78e51dcd53403b62.jpg
train,train/images/Climbing-perch-014_jpg.rf.3380730bb3d1028b6a976e9a09162739.jpg
train,train/images/Climbing-perch-016_jpg.rf.ff00922ad78cb112fc0a9a9998a32c32.jpg
train,train/images/Climbing-perch-017_jpg.rf.866b59bc90bcfef5b231e5077ed3d7b2.jpg
train,train/images/Climbing-perch-01_jpg.rf.b5bdbec30a1ec64d66b38950f779e763.jpg
train,train/images/Climbing-perch-03_jpg.rf.2ab73e665f135dd91b42184e6f309eb8.jpg
train,train/images/Climbing-perch-04_jpg.rf.35d7a743df31bcb751b2d1f5addced17.jpg
train,train/images/Climbing-perch-07_jpg.rf.16e364fd24bd468e829d780fe27fabe5.jpg
train,train/images/Climbing-perch-09_jpg.rf.935542b4235ad345fdfb27832ee462ae.jpg
train,train/images/Climbing-perch-11_jpg.rf.0cfecd234bf5057ca0ef91aafd35de9d.jpg
train,train/images/Climbing-perch-12_jpg.rf.488151130593c255fad20b6229d1e557.jpg
train,train/images/Climbing-perch-13_jpg.rf.c4330999bff8a862c167dc3731999f84.jpg
train,train/images/Climbing-perch-14_jpg.rf.aee57032444762381f792db6a6e0e31c.jpg
train,train/images/Climbing-perch-15_jpg.rf.1f581bfc7b55be43e1336955428e55e6.jpg
train,train/images/Climbing-perch-18_jpg.rf.9a4b9a0ef0ab6236c49af565be884435.jpg
train,train/images/Climbing-perch-20_jpg.rf.f5064694e27eaabf233be5205c096a9f.jpg
train,train/images/Climbing-perch-21_jpg.rf.29d9a0cb2f98103616a113cced948bd0.jpg
train,train/images/Climbing-perch-23_jpg.rf.0f113f3c444f324fd627d78df3eee4f2.jpg
train,train/images/Climbing-perch-24_jpg.rf.188246715bee97fd10f9349db78e35f1.jpg
train,train/images/Climbing-perch-26_jpg.rf.e91bdcb87424c8bc0f4969714604b6d8.jpg
train,train/images/Climbing-perch-27_jpg.rf.8978cad9ba7d1af49357aef633ec11cc.jpg
train,train/images/Climbing-perch-29_jpg.rf.6c34eb1cc6e1ba1904603a5ee24c031c.jpg
train,train/images/Climbing-perch-32_jpg.rf.48b50a03476043a818161a8963a4bd42.jpg
train,train/images/Climbing-perch-33_jpg.rf.96a8039eba91c4b6833d594fd4fa09e7.jpg
train,train/images/Climbing-perch-34_jpg.rf.bbd8e4a4ea62e288efe2e4d7aaa37571.jpg
train,train/images/Climbing-perch-36_jpg.rf.72f283addf8f73b3a7e7fba635cce29d.jpg
train,train/images/Climbing-perch-37_jpg.rf.2e98ce6333f5cff60c090ef416931183.jpg
train,train/images/Climbing-perch-38_jpg.rf.79a50943c7ffcbd253c3738390649523.jpg
train,train/images/Climbing-perch-39_jpg.rf.49194271ca71fef6c32b2f5dc633564a.jpg
train,train/images/Climbing-perch-40_jpg.rf.1ea5c30bf4153cbeda1e79c5101f6534.jpg
train,train/images/Climbing-perch-41_jpg.rf.3ad7557c7b77764c6712065ed54f40d4.jpg
train,train/images/Climbing-perch-42_jpg.rf.bfee80af33c837aa0c7674eb5925b984.jpg
train,train/images/Climbing-perch-45_jpg.rf.54468f1904e2c6e06227705ada9de107.jpg
train,train/images/Climbing-perch-47_jpg.rf.f850fd4f9d63145514cf629817b3ccc8.jpg
train,train/images/Climbing-perch-48_jpg.rf.78dd5b7d21b9ededd9396b8e0019b8ac.jpg
train,train/images/Climbing-perch-51_jpg.rf.f0f7f3c09ab50a4e32d255db9c5515dc.jpg
train,train/images/Climbing-perch-55_jpg.rf.1f3a50a88a60cb6b6db4b929eed478fa.jpg
train,train/images/Climbing-perch-56_jpg.rf.307cf5f2c5e9d4ebcb8792ee8236a3cf.jpg
train,train/images/Climbing-perch-57_jpg.rf.dd2e234ab1a3406c105cf07fe4252787.jpg
train,train/images/CommonCarp_129_jpg.rf.ed67ed88b8691e55abb218fd02ba7be2.jpg
train,train/images/CommonCarp_130_jpg.rf.df3ae1b35c8b43bdfbb4758b668f9bdd.jpg
train,train/images/CommonCarp_132_jpg.rf.a4483a4df8d5bc74b15a344a933964e2.jpg
train,train/images/CommonCarp_133_jpg.rf.b18be21e904c54d28cf95c3f7be6e06e.jpg
train,train/images/CommonCarp_134_jpg.rf.3f4c6461862c9ac3120ea811b1e8d9c3.jpg
train,train/images/CommonCarp_136_jpg.rf.9425e85908ca1fbae275ff88cb8409e8.jpg
train,train/images/CommonCarp_137_jpg.rf.135708ab3844608773283107ee44afda.jpg
train,train/images/CommonCarp_164_jpg.rf.862ace45a8f18cba96f0ef088b0cb427.jpg
train,train/images/CommonCarp_165_jpg.rf.2b8392978ed2340dc4bb07b76df3f030.jpg
train,train/images/CommonCarp_170_jpg.rf.8500e0694e98da4d46922a2fb9bf1210.jpg
train,train/images/CommonCarp_172_jpg.rf.33f56c39cb58fa18af3a382fa98417de.jpg
train,train/images/CommonCarp_173_jpg.rf.feb06bec7a4f23bb4321f94d3d220270.jpg
train,train/images/CommonCarp_175_jpg.rf.c41dc9f7e910f01e1bffaadd2dd36106.jpg
train,train/images/CommonCarp_176_jpg.rf.48208b3c236bf585ee3ecadca1e2cb82.jpg
train,train/images/CommonCarp_182_jpg.rf.c5dce77023f136ffbe96bc8af3f1f070.jpg
train,train/images/CommonCarp_183_jpg.rf.8586ac2ebdb3eb5defe4637e9ddd5e9f.jpg
train,train/images/CommonCarp_184_jpg.rf.283c1a10024fd008ef61098d7d47f6ce.jpg
train,train/images/CommonCarp_185_jpg.rf.28d117669df13561f5830bf5b53176fc.jpg
train,train/images/Fourfinger-Threadfin-10_jpg.rf.973317bf5011b32ba201a3756fa2de71.jpg
train,train/images/Fourfinger-Threadfin-11_jpg.rf.3b978b00c9845d916154e3f66a186bf2.jpg
train,train/images/Fourfinger-Threadfin-12_jpg.rf.a4874ae7228b655214ad666b8d45b8b1.jpg
train,train/images/Fourfinger-Threadfin-13_jpg.rf.856765a712b7ba8664ba53253acca397.jpg
train,train/images/Fourfinger-Threadfin-14_jpg.rf.456abbdc568cbeb0bef6fe56fc9ea868.jpg
train,train/images/Fourfinger-Threadfin-17_jpg.rf.5fd4f627cffa3889a6cb384be32fe7fd.jpg
train,train/images/Fourfinger-Threadfin-18_jpg.rf.c28192ea6c8567bd60b99b47c56f73f5.jpg
train,train/images/Fourfinger-Threadfin-1_jpg.rf.a58649e675ff5b09a0ddb19499bc9039.jpg
train,train/images/Fourfinger-Threadfin-21_jpg.rf.c45ec8856b51d696f610d3e7c7711366.jpg
train,train/images/Fourfinger-Threadfin-22_jpg.rf.b99a4f1511f27b213815d07a6c2e3f11.jpg
train,train/images/Fourfinger-Threadfin-24_jpg.rf.7ac28780ec6e91d31fe20d4fedf9dfc4.jpg
train,train/images/Fourfinger-Threadfin-26_jpg.rf.e6b6f0c55f896c9b0170b5bb1302ce8a.jpg
train,train/images/Fourfinger-Threadfin-27_jpg.rf.e94d1aa7da7271d31278c67c9cca329a.jpg
train,train/images/Fourfinger-Threadfin-28_jpg.rf.2bd2b4d5593037442633e5ada513f95b.jpg
train,train/images/Fourfinger-Threadfin-29_jpg.rf.25f7f729f68bdf26ec31f013620b0a50.jpg
train,train/images/Fourfinger-Threadfin-2_jpg.rf.058024a98efe6e494d35deca550edb9f.jpg
train,train/images/Fourfinger-Threadfin-30_jpg.rf.d4fadfe7945e121c41bd1b3ab6b8b4e6.jpg
train,train/images/Fourfinger-Threadfin-31_jpg.rf.4ad882d0812ee276ed2e274e3a6faf36.jpg
train,train/images/Fourfinger-Threadfin-33_jpg.rf.80f920e175bd4c0df8c169af30cf32f3.jpg
train,train/images/Fourfinger-Threadfin-34_jpg.rf.a11b08113291f8dddfad1fd49b3966b4.jpg
train,train/images/Fourfinger-Threadfin-36_jpg.rf.dea740dffa1f48192cc8186126f34dec.jpg
train,train/images/Fourfinger-Threadfin-37_jpg.rf.ebfbee744eef6d7ba8b01a714b846cc8.jpg
train,train/images/Fourfinger-Threadfin-38_jpg.rf.71a6e8a2149c940e3865026b681aa9c3.jpg
train,train/images/Fourfinger-Threadfin-39_jpg.rf.5d09664ad4ac3f639bcdbe9a922b5bdc.jpg
train,train/images/Fourfinger-Threadfin-3_jpg.rf.a6763c27d100a08329e95f09a9039363.jpg
train,train/images/Fourfinger-Threadfin-40_jpg.rf.96c2efc5e83c63f710df9b678960b1c4.jpg
train,train/images/Fourfinger-Threadfin-41_jpg.rf.7d738082ec09d38dbd3f9c55b9e68c58.jpg
train,train/images/Fourfinger-Threadfin-42_jpg.rf.286f3f1aed72d41afb7e22330af10c00.jpg
train,train/images/Fourfinger-Threadfin-43_jpg.rf.dc460003d5faa34777a7cdef0765691a.jpg
train,train/images/Fourfinger-Threadfin-44_jpg.rf.6ce67c1a2b1be8e99a65b19bcf4371b4.jpg
train,train/images/Fourfinger-Threadfin-45_jpg.rf.2b8674364cab62432ee8d236989981fd.jpg
train,train/images/Fourfinger-Threadfin-46_jpg.rf.fef2d9bb430211fcb5e6d667b7a71525.jpg
train,train/images/Fourfinger-Threadfin-47_jpg.rf.8637c0f3cd5a9940a47dbec367933358.jpg
train,train/images/Fourfinger-Threadfin-48_jpg.rf.c8b58f4f183078108daf1fd0710dee4e.jpg
train,train/images/Fourfinger-Threadfin-49_jpg.rf.b15917ca15565caa60407086d3d2d140.jpg
train,train/images/Fourfinger-Threadfin-50_jpg.rf.9b869adc822303b7e9c3523665a5741c.jpg
train,train/images/Fourfinger-Threadfin-5_jpg.rf.11b5ca781f9242a2a3234cccceab0714.jpg
train,train/images/Fourfinger-Threadfin-6_jpg.rf.60916069b2b886d891b1da496bdbb515.jpg
train,train/images/Fourfinger-Threadfin-8_jpg.rf.2b99e898a1b2c95814668d1a5538d7e1.jpg
train,train/images/Freshwater-Eel-11_jpg.rf.81161a0712a222fb65ab7c299e511594.jpg
train,train/images/Freshwater-Eel-12_jpg.rf.fe68c32a9178694401c4e749e5be0252.jpg
train,train/images/Freshwater-Eel-14_jpg.rf.b3ab6811a26c08738b5b1beda6848dd8.jpg
train,train/images/Freshwater-Eel-15_jpg.rf.ff28aadfbd95792d208fbdb4835a2f8a.jpg
train,train/images/Freshwater-Eel-16_jpg.rf.8e55b89a1c269fc9a8e2450db2236019.jpg
train,train/images/Freshwater-Eel-17_jpg.rf.5d815fd1047ad7f6c59d2d3f9cb50a89.jpg
train,train/images/Freshwater-Eel-18_jpg.rf.2ba1ee75f6e75c692f307a5e1c6888c9.jpg
train,train/images/Freshwater-Eel-19_jpg.rf.a890e92e83455c5443e68244c9d962e0.jpg
train,train/images/Freshwater-Eel-1_jpg.rf.70bcc20eeb5bc7f6877615cf984ad0c6.jpg
train,train/images/Freshwater-Eel-20_jpg.rf.133ae3ee4d3e57e422d928ef10de44e3.jpg
train,train/images/Freshwater-Eel-23_jpg.rf.cc752e2a6dd351fd319bbbfdd3cd7eb3.jpg
train,train/images/Freshwater-Eel-25_jpg.rf.ee443c4ab8a2e8ccf8f4e5731c17e423.jpg
train,train/images/Freshwater-Eel-26_jpg.rf.41edfc9568430115684e301cd3bca39c.jpg
train,train/images/Freshwater-Eel-30_jpg.rf.9003ffe4a372e8ee1732e577a2b1ee5c.jpg
train,train/images/Freshwater-Eel-31_jpg.rf.c224f4103a2fa30e360bfe06241db4f1.jpg
train,train/images/Freshwater-Eel-33_jpg.rf.bb1820d4e03d1f2a4826ea06bfe5462d.jpg
train,train/images/Freshwater-Eel-34_jpg.rf.2b8fb1152909de7958c1d5c019977b1c.jpg
train,train/images/Freshwater-Eel-35_jpg.rf.ea8b6918d9392734b870e56cd13fca8b.jpg
train,train/images/Freshwater-Eel-37_jpg.rf.183d50ae1ab553a0655b0f41cf27422a.jpg
train,train/images/Freshwater-Eel-41_jpg.rf.1caf98363e8e00b08924176dc719bb6d.jpg
train,train/images/Freshwater-Eel-42_jpg.rf.9696f5c8f65e56a7806303563d028b2f.jpg
train,train/images/Freshwater-Eel-43_jpg.rf.71a6d66b51e2ae1a2bae3dfdf4ec71af.jpg
train,train/images/Freshwater-Eel-45_jpg.rf.1e67b6aa6eb1667222d500aff3637334.jpg
train,train/images/Freshwater-Eel-46_jpg.rf.e5cc2a949f1fb5029c64e44a11a86fd4.jpg
train,train/images/Freshwater-Eel-47_jpg.rf.2e0d8bdedc35a70d54ac3a0d84223aa8.jpg
train,train/images/Freshwater-Eel-48_jpg.rf.db174c295d7a09e414708e70e294e765.jpg
train,train/images/Freshwater-Eel-4_jpg.rf.dc58b8d05dc828753b57299c845170ca.jpg
train,train/images/Freshwater-Eel-6_jpg.rf.5a10fff6b8be26194cd885ae41b8c681.jpg
train,train/images/Freshwater-Eel-7_jpg.rf.3449a3e5db6e15ef3c531723ce9d6635.jpg
train,train/images/Freshwater-Eel-8_jpg.rf.379aa1d624a1cb97fd6c5542b4e497b9.jpg
train,train/images/Freshwater-Eel-9_jpg.rf.a61324a4c41fa08e179a2f6621a9e348.jpg
train,train/images/Glass-Perchlet-10_jpg.rf.c427847c542812c407120ea8f695dedb.jpg
train,train/images/Glass-Perchlet-11_jpg.rf.dd423d0dcc03778697582e4f2b7242fa.jpg
train,train/images/Glass-Perchlet-12_jpg.rf.b4fbabce5d0f18d5c69237301982d5dc.jpg
train,train/images/Glass-Perchlet-13_jpg.rf.37a3e40200c64fa477af7991979cd9f3.jpg
train,train/images/Glass-Perchlet-15_jpg.rf.4e5d3ba138738513ec1ba6b5ff04d502.jpg
train,train/images/Glass-Perchlet-16_jpg.rf.7cee84786ae17624e9d6d922ecb647ba.jpg
train,train/images/Glass-Perchlet-17_jpg.rf.d329d02a16abfd119803ceb159d52c10.jpg
train,train/images/Glass-Perchlet-19_jpg.rf.dd34cd3f4a543aa482625f5460112f84.jpg
train,train/images/Glass-Perchlet-1_jpg.rf.4538b7e924bd0ebd8d06ac4665cf2478.jpg
train,train/images/Glass-Perchlet-20_jpg.rf.d77a75be7d6358aa0e76e74b75c4f507.jpg
train,train/images/Glass-Perchlet-21_jpg.rf.e429ea4ddff61f95cf7fc9cdc4391d2d.jpg
train,train/images/Glass-Perchlet-27_jpg.rf.a5d9fa03fa76e2265814bf603625d078.jpg
train,train/images/Glass-Perchlet-28_jpg.rf.c2c93c96b8cc6f6a937c1bd76384f7a9.jpg
train,train/images/Glass-Perchlet-29_jpg.rf.777837e9a2d2a5fc1fda0e8cbb6e2c84.jpg
train,train/images/Glass-Perchlet-2_jpg.rf.e0370fdf35b1cfcdfdf9d1b29dc1e21f.jpg
train,train/images/Glass-Perchlet-30_jpg.rf.db0a5582ee30f0fbda1d2fe41c776c72.jpg
train,train/images/Glass-Perchlet-33_jpg.rf.57fee20f79a4622a8bc6e6f97ed8cef2.jpg
train,train/images/Glass-Perchlet-35_jpg.rf.8b3f74a005fb31116a8ebd873b55a3b4.jpg
train,train/images/Glass-Perchlet-36_jpg.rf.01af95a64a65936246156ae626be4ad6.jpg
train,train/images/Glass-Perchlet-37_jpg.rf.75ce34292ce1d69a780b455615e757f3.jpg
train,train/images/Glass-Perchlet-38_jpg.rf.fcd498bff227af1ac80415f9a98b6056.jpg
train,train/images/Glass-Perchlet-39_jpg.rf.6215f6f8d720a314d14b32d5ac9bc614.jpg
train,train/images/Glass-Perchlet-3_jpg.rf.50888a6408417021e3761f14b1c035eb.jpg
train,train/images/Glass-Perchlet-40_jpg.rf.da2273625972eebbfd21392433f8d2ce.jpg
train,train/images/Glass-Perchlet-41_jpg.rf.0a0125c24e17ab95f3b7d79dd15198ea.jpg
train,train/images/Glass-Perchlet-42_jpg.rf.fb85551e030250a72581916c034b66a0.jpg
train,train/images/Glass-Perchlet-43_jpg.rf.6cc302b1808c18eef672dc80a8599369.jpg
train,train/images/Glass-Perchlet-44_jpg.rf.5ef8f0fd4985f9a0de504182e2e967d2.jpg
train,train/images/Glass-Perchlet-45_jpg.rf.5cf099ee58499b4afcf2cef596bf6206.jpg
train,train/images/Glass-Perchlet-46_jpg.rf.94ac2308d8719287a692bfb2d82dd2ab.jpg
train,train/images/Glass-Perchlet-47_jpg.rf.99974578801d1cb9630e554a29aa0485.jpg
train,train/images/Glass-Perchlet-49_jpg.rf.d5bf71ea088040861405e5d18a019ce9.jpg
train,train/images/Glass-Perchlet-50_jpg.rf.74278b850b05a4db262e287c905ea233.jpg
train,train/images/Glass-Perchlet-5_jpg.rf.f33baa2210fa208cc968d690636e3702.jpg
train,train/images/Glass-Perchlet-6_jpg.rf.cee7cdde5e0d8be22103500b61fc53eb.jpg
train,train/images/Glass-Perchlet-7_jpg.rf.0e66181bd13db11700ca0ca3287c9994.jpg
train,train/images/Glass-Perchlet-8_jpg.rf.449800727fb4392d951b7e2cf8923f87.jpg
train,train/images/Glass-Perchlet-9_jpg.rf.3e4636abb593d7b1447d5ad73133d03f.jpg
train,train/images/Gold-Fish-10_jpg.rf.3ba106d2e10ca9e8bff681a915761985.jpg
train,train/images/Gold-Fish-12_jpg.rf.7421fb890e44e16a72258f33c3ab3a89.jpg
train,train/images/Gold-Fish-13_jpg.rf.81858104bf6d596c1decf0110f5ef7b1.jpg
train,train/images/Gold-Fish-14_jpg.rf.fe42c36e60cab3fa6a514d43da009ddd.jpg
train,train/images/Gold-Fish-17_jpg.rf.12ee0ba900527a4544914874d7fe07ce.jpg
train,train/images/Gold-Fish-18_jpg.rf.92882002f0e2d6f696e63e2f013480a4.jpg
train,train/images/Gold-Fish-19_jpg.rf.ee099388bb6d16475f1e5f5e28df3c54.jpg
train,train/images/Gold-Fish-1_jpg.rf.845dab1a1585d6e7ae3349cd62001ddf.jpg
train,train/images/Gold-Fish-20_jpg.rf.00effca871abd1f475825320d9ffe24b.jpg
train,train/images/Gold-Fish-23_jpg.rf.0da31f9a1a3e0e0bdb9fd46f65c97fe0.jpg
train,train/images/Gold-Fish-24_jpg.rf.2ea0bcb319d7da46a6fb720efe156400.jpg
train,train/images/Gold-Fish-25_jpg.rf.4ee497953438c410ca1b7523df0f12f4.jpg
train,train/images/Gold-Fish-27_jpg.rf.14e5c46f0158b502336721af4f94380c.jpg
train,train/images/Gold-Fish-28_jpg.rf.c580a064b5d9ce50edaa125f9c3b6841.jpg
train,train/images/Gold-Fish-2_jpg.rf.69107bb51951fc2d11cf3b82527dc5ec.jpg
train,train/images/Gold-Fish-30_jpg.rf.bdffa1845f3afa53de88858bc60a0be5.jpg
train,train/images/Gold-Fish-32_jpg.rf.b3aa823cddc18d9b8b7484b5780e6b43.jpg
train,train/images/Gold-Fish-33_jpg.rf.2208ffc23432138737475e42120d6e6e.jpg
train,train/images/Gold-Fish-34_jpg.rf.008f519e0247438d845eb727b6f6dd13.jpg
train,train/images/Gold-Fish-35_jpg.rf.a976b4535b8cdfab837044b64deaf128.jpg
train,train/images/Gold-Fish-36_jpg.rf.c387e276e1b4de7344a44fe621824f4b.jpg
train,train/images/Gold-Fish-37_jpg.rf.e408d819b1c05015fb01939cf1e5733c.jpg
train,train/images/Gold-Fish-38_jpg.rf.434fe1cce1c20dae0761ce00f63547cd.jpg
train,train/images/Gold-Fish-40_jpg.rf.607d7c65eb13dcd2b854f2358daefc2e.jpg
train,train/images/Gold-Fish-43_jpg.rf.ba331d92a6a9cea65f548d5e0a840c60.jpg
train,train/images/Gold-Fish-44_jpg.rf.d44ded10f8eaa23cd74cf6a053a8859b.jpg
train,train/images/Gold-Fish-45_jpg.rf.99defef2dc3208048ce005330e43d1ad.jpg
train,train/images/Gold-Fish-47_jpg.rf.a5906954f303062341f6f198f0124748.jpg
train,train/images/Gold-Fish-4_jpg.rf.441c3013f74bd03b08e8acb46b696cf8.jpg
train,train/images/Gold-Fish-50_jpg.rf.c9c684586cdca34e79cb451d21b6d56c.jpg
train,train/images/Gold-Fish-6_jpg.rf.aa310105dae26316a4f568b029539426.jpg
train,train/images/Gold-Fish-8_jpg.rf.bd3d24b9e93c2010d941e48a76f250df.jpg
train,train/images/Gold-Fish-9_jpg.rf.b4a459301c05b5455cb19ad8999034aa.jpg
train,train/images/Goldfish-001_jpg.rf.11c815815dd5219d8f76a5255314a529.jpg
train,train/images/Goldfish-002_jpg.rf.32af7f8ee4f0fc82ccd324091283199a.jpg
train,train/images/Goldfish-003_jpg.rf.4356688dffbf5e9b97aff3866a234a15.jpg
train,train/images/Goldfish-005_jpg.rf.d58d6fdda569dbaef570a47daaf2bc27.jpg
train,train/images/Goldfish-006_jpg.rf.f8365472d9901101d49b28f6f3669643.jpg
train,train/images/Goldfish-007_jpg.rf.8a90056ff6a11a6687e3ae080112f810.jpg
train,train/images/Goldfish-008_jpg.rf.480d7e4ec4b389b7f6ce0723968490e3.jpg
train,train/images/Goldfish-009_jpg.rf.ef37f3425335d6b0bb4516ee078efaba.jpg
train,train/images/Goldfish-010_jpg.rf.9dc62a6052619b7787ce4d285339482e.jpg
train,train/images/Goldfish-012_jpg.rf.666c829e4720342d541c22d840dab744.jpg
train,train/images/Goldfish-015_jpg.rf.19b2560eb3a0f393ef248c55b4a5f6c1.jpg
train,train/images/Goldfish-016_jpg.rf.d7c4ef871cf7fd140f5e6cb2070adfc8.jpg
train,train/images/Goldfish-017_jpg.rf.366cf85ed62ee960b212ad72ceed0977.jpg
train,train/images/Goldfish-018_jpg.rf.f1cd963d63a3061fd8f6cfdf2eee8954.jpg
train,train/images/Goldfish-019_jpg.rf.225185aa3936ed361bdaeb57afa40e95.jpg
train,train/images/Goldfish-020_jpg.rf.4622d70b9aa85d52f1052f06082700a5.jpg
train,train/images/Goldfish-021_jpg.rf.39951966fc5f8aa190b54bfe1b9bc459.jpg
train,train/images/Goldfish-022_jpg.rf.43e62a243c50cadce2b9ef9be912fe5e.jpg
train,train/images/Goldfish-023_jpg.rf.3393feb6f94b826a736dd518c8b20308.jpg
train,train/images/Goldfish-024_jpg.rf.fdd262d2dafc71d7cf2a0eed0cd5d86d.jpg
train,train/images/Goldfish-025_jpg.rf.c8e951954e9cadd77a6f3e3f45eae7b7.jpg
train,train/images/Goldfish-027_jpg.rf.5fd5b2e7706888df55b8ccc2b7c14e49.jpg
train,train/images/Goldfish-028_jpg.rf.b7f12414ffc9e16eaa81c4bb0c2cc24f.jpg
train,train/images/Goldfish-030_jpg.rf.7444cfb25051cf16e1d22ceb8baf9f6b.jpg
train,train/images/Goldfish-032_jpg.rf.b8f431df812c10178f074a9be043532f.jpg
train,train/images/Goldfish-033_jpg.rf.41f3d2a336d145ac5ae0961338cb5839.jpg
train,train/images/Goldfish-034_jpg.rf.6fde017969a968ad4c17367cbfc63b81.jpg
train,train/images/Goldfish-035_jpg.rf.7ea0ceeca167ec0976fcc0fa6f219f62.jpg
train,train/images/Goldfish-036_jpg.rf.4963851c8d1b877c678931a983fdf2a3.jpg
train,train/images/Goldfish-038_jpg.rf.b9581b2986cd38fa39d798f3c3e6076a.jpg
train,train/images/Goldfish-044_jpg.rf.29ca53b71be758d92288b8e15699dd88.jpg
train,train/images/Goldfish-045_jpg.rf.6200094859725bab75bf6ab0dbe0bc5f.jpg
train,train/images/Goldfish-046_jpg.rf.6a48d87b191cc1a97b757edfa9c3d120.jpg
train,train/images/Goldfish-048_jpg.rf.33125be76e563c0b0f9205054ab85dfe.jpg
train,train/images/Goldfish-049_jpg.rf.1f3ffca1d1ccd3866bb60ad402acd668.jpg
train,train/images/Goldfish-050_jpg.rf.810817aa1eeb9ca6133fd150b390e9fc.jpg
train,train/images/Goldfish-051_jpg.rf.cdc7c29254defc49cebc121e571a233b.jpg
train,train/images/Goldfish-052_jpg.rf.ae3d0cbf37a4739ed1169f2e8c138252.jpg
train,train/images/Goldfish-055_jpg.rf.b0d7546331b9904ccabef84c9903a652.jpg
train,train/images/Goldfish-056_jpg.rf.be0deba67e45f812750067ae29675645.jpg
train,train/images/Goldfish-057_jpg.rf.a57e1e6ab06eb8c11162c182090e9edf.jpg
train,train/images/Goldfish-059_jpg.rf.8fb7a7587f6ac40f992a38a08ab789b7.jpg
train,train/images/Goldfish-060_jpg.rf.0f34a0e77c969c2a41c0c0f7316fd3e1.jpg
train,train/images/Goldfish-063_jpg.rf.8db4a42d6c95fa2add5cdc483892e9a9.jpg
train,train/images/Goldfish-064_jpg.rf.ec4b741bbe16e1bfcd3274e25110b24e.jpg
train,train/images/Goldfish-065_jpg.rf.f0dcf0be81ce14d3492b4aa9b3317073.jpg
train,train/images/Goldfish-068_jpg.rf.a13fa34d4a688ca49b7b9ab3bad5125a.jpg
train,train/images/Goldfish-069_jpg.rf.4d35135f47c1e8557ee21ca91c8172c4.jpg
train,train/images/Goldfish-070_jpg.rf.c1fb099c47a64836354035a925b42edd.jpg
train,train/images/Goldfish-071_jpg.rf.362903bf32ab1efeae9f39f8701d187e.jpg
train,train/images/Goldfish-072_jpg.rf.012040ccacf785bd28344fbe34448f51.jpg
train,train/images/Goldfish-073_jpg.rf.60c32f5b6055e8ef0d92eeb240093537.jpg
train,train/images/Goldfish-074_jpg.rf.940eaf95047ff45342dcd8c024222f98.jpg
train,train/images/Goldfish-075_jpg.rf.2aa338e756d89b44dec381865c63b792.jpg
train,train/images/Goldfish-076_jpg.rf.c5a93015208a502bf11eed73c517e040.jpg
train,train/images/Goldfish-077_jpg.rf.a9629032508004858b0116853d635010.jpg
train,train/images/Goldfish-078_jpg.rf.2bd685d9cf87927edc6fb19de65b1ee3.jpg
train,train/images/Goldfish-079_jpg.rf.504b73a78adced57ff68302328c38787.jpg
train,train/images/Goldfish-081_jpg.rf.eb08d406786f483dfb96e6fd0ac1eba6.jpg
train,train/images/Goldfish-083_jpg.rf.10545e35622b91b78ab9d3245978e8cd.jpg
train,train/images/Goldfish-086_jpg.rf.af51ab190bf3f504cf0a2a99870feca8.jpg
train,train/images/Goldfish-087_jpg.rf.e1e9d65276c507644df71a401d8ca42d.jpg
train,train/images/Goldfish-089_jpg.rf.bf388fc2709d11bbf46d5f38354b7042.jpg
train,train/images/Goldfish-090_jpg.rf.51ca32009f2752b43b116c8a44924d9d.jpg
train,train/images/Goldfish-092_jpg.rf.d012e5a43b659fd622a460209825dba1.jpg
train,train/images/Goldfish-094_jpg.rf.84ebed0c6d00484a85793f1ae4442dc8.jpg
train,train/images/Goldfish-095_jpg.rf.5d48c007413d1ff7ea45e69de3514dbb.jpg
train,train/images/Goldfish-096_jpg.rf.93e2bdd1d5400867dce41195676d14fc.jpg
train,train/images/Goldfish-097_jpg.rf.555ed79f58a643c3ed529c36fc4919cc.jpg
train,train/images/Goldfish-098_jpg.rf.3ee84e83e01154314f050f03d7fef9bc.jpg
train,train/images/Goldfish-099_jpg.rf.d57c016a791bd3240271d357da8dc3d4.jpg
train,train/images/Goldfish-100_jpg.rf.755a70743ee8fe041d22bb54643ea4ee.jpg
train,train/images/Goldfish-101_jpg.rf.5a18387407a463d46e361dd296c60071.jpg
train,train/images/Goldfish-102_jpg.rf.babb4308cfb2b10953fad4262bf48212.jpg
train,train/images/Goldfish-104_jpg.rf.112cabef41c730874b991e451347606a.jpg
train,train/images/Goldfish-105_jpg.rf.7550d92017621b7bbba4ac66c4d4cd69.jpg
train,train/images/Goldfish-107_jpg.rf.a7118a0c87c17f0652da6cc827d1e764.jpg
train,train/images/Goldfish-108_jpg.rf.48d141a038960cf797fbfd84331aba07.jpg
train,train/images/Goldfish-110_jpg.rf.ead6b057ca7269e138b79144906b7b3c.jpg
train,train/images/Goldfish-112_jpg.rf.89452c3c7c525f878582fdadc50b703f.jpg
train,train/images/Goldfish-113_jpg.rf.f15fba3be1cc98fe8655e50a4a04f577.jpg
train,train/images/Goldfish-114_jpg.rf.389214cd74fd09fcd2b0a14658d7efef.jpg
train,train/images/Goldfish-115_jpg.rf.a402b29872aec7290b1cf1dbb41c2674.jpg
train,train/images/Goldfish-116_jpg.rf.4284af5e2bb7da9aeb66b6afe176f833.jpg
train,train/images/Goldfish-120_jpg.rf.e951b0f317e3a9ba557cff800058b320.jpg
train,train/images/Goldfish-122_jpg.rf.ac5e08894c74dbf836b6f60d61546dfb.jpg
train,train/images/Goldfish-123_jpg.rf.4ff7d87d961b4521d86344b6c841fc37.jpg
train,train/images/Goldfish-124_jpg.rf.4f8e17141c13f4d6c62bb10b34c306ee.jpg
train,train/images/Gulfaam-Body-31-_JPG.rf.1031c76a31c60f370ef1a7590083d996.jpg
train,train/images/Gulfaam-Body-32-_JPG.rf.3e18d09992ed745819fd91bc789b4ad4.jpg
train,train/images/Gulfaam-Body-37-_JPG.rf.a0df1451d2985f42e85abd7c32e6a472.jpg
train,train/images/Gulfaam-Body-38-_JPG.rf.38e1e019d1d79f2529189580dd6ac15b.jpg
train,train/images/Picture100_jpg.rf.5d6911f16025891e375a913e3c8dd7bf.jpg
train,train/images/Picture101_jpg.rf.3a2c59cec6ac45d7e606de1e2c96dd87.jpg
train,train/images/Picture101_jpg.rf.96ee4b7bb77af7d217b2645ff2f37246.jpg
train,train/images/Picture102_jpg.rf.d50c874b3d77ebafd50c4ef89f46d354.jpg
train,train/images/Picture103_jpg.rf.149cf5b69a6c4ec2c2b286dd74b35829.jpg
train,train/images/Picture103_jpg.rf.759e3b30c97497a283f16bfc7c9835d9.jpg
train,train/images/Picture104_jpg.rf.254780a72141338d728a9ba2f86bf5fb.jpg
train,train/images/Picture104_jpg.rf.9308a4e5eba0b96ed4bfaab241bd2cbd.jpg
train,train/images/Picture105_jpg.rf.2f742abe77f15bdc1182d7a457a76930.jpg
train,train/images/Picture106_jpg.rf.d6ab3537bc19ef6d5959b73c2d852e77.jpg
train,train/images/Picture107_jpg.rf.394945d35fd0edbe485c288ab91fc9ac.jpg
train,train/images/Picture107_jpg.rf.aef18b08e888924facf08d3cd4f170ec.jpg
train,train/images/Picture108_jpg.rf.cca2c083ad0120b471de78431d5f3aa5.jpg
train,train/images/Picture109_jpg.rf.0ad0ada5984ed71b0983b190c0215da0.jpg
train,train/images/Picture110_jpg.rf.c71bbc473d8fa0a0165ea7bb012430c2.jpg
train,train/images/Picture111_jpg.rf.b9ced6d8defef8b9875a1bdfeb6f6a43.jpg
train,train/images/Picture112_jpg.rf.41037ad44c43fed269e1569ba5e5806c.jpg
train,train/images/Picture112_jpg.rf.90b065aef007e3f6637fee13dea9c278.jpg
train,train/images/Picture113_jpg.rf.9d2ca985e21eadcb8a03be29be168104.jpg
train,train/images/Picture114_jpg.rf.59f039abf2d8dff1aa0f5d20df1385fd.jpg
train,train/images/Picture114_jpg.rf.b3dba2f8a5e44ddc667c792d5702f7b2.jpg
train,train/images/Picture115_jpg.rf.26eff8e7cfa622a09e026c9f8ea2adf1.jpg
train,train/images/Picture115_jpg.rf.46990751c2e82d6d532c41131f92c951.jpg
train,train/images/Picture116_jpg.rf.463d2f98939dfb976d95ebf6797157b7.jpg
train,train/images/Picture116_jpg.rf.5a858fb17d79d520bdc79c13c5ff3a0f.jpg
train,train/images/Picture117_jpg.rf.2b8544cacb77a62611ba21e6ff113653.jpg
train,train/images/Picture117_jpg.rf.648f7ac34f9b43c07952484dd3b263ed.jpg
train,train/images/Picture118_jpg.rf.8655e804936352a9873cb19e2b187ba6.jpg
train,train/images/Picture118_jpg.rf.ccbc47a3249992d10e749c35406e6992.jpg
train,train/images/Picture119_jpg.rf.798fd9a46c47bff8e5e6cc5feb12246a.jpg
train,train/images/Picture119_jpg.rf.eba0e445a8d0e31d5b68a7551ba0dc61.jpg
train,train/images/Picture11_jpg.rf.a4877c7c7bb56d9f2de3fa5bd4965f38.jpg
train,train/images/Picture120_jpg.rf.6460a07f32183639a5aab7b5dd496698.jpg
train,train/images/Picture121_jpg.rf.ab5c7f3e98acb08c4880d44ad3e19a67.jpg
train,train/images/Picture121_png.rf.47c1ff276ee7fc7ef96c1970f58f3e25.jpg
train,train/images/Picture122_jpg.rf.a4309d8dba615431686a41b0967f528b.jpg
train,train/images/Picture122_jpg.rf.f6a77ecf187b1cc260e25d6bd0650819.jpg
train,train/images/Picture123_jpg.rf.eed9caa7df2be329b373cea6c4dfaf85.jpg
train,train/images/Picture125_jpg.rf.b078d3dd6dde463292c22ec335d6795e.jpg
train,train/images/Picture126_jpg.rf.104327f7532e62b0eba4716b28c04b7f.jpg
train,train/images/Picture127_jpg.rf.7a8f83989be6c37341ac523ff59a3ccb.jpg
train,train/images/Picture127_jpg.rf.8a09380b75746c9d17a519ceed8e97e6.jpg
train,train/images/Picture128_jpg.rf.2cd26b2b1baca71c0a967277f7aeaf2b.jpg
train,train/images/Picture128_jpg.rf.a0bb68fffdfb02d2fb350b0683f61d3d.jpg
train,train/images/Picture129_jpg.rf.c9903993d4dd9b70681f7eec3f4b218d.jpg
train,train/images/Picture12_jpg.rf.8790950cc676e2fa0347edca92bf7f95.jpg
train,train/images/Picture12_jpg.rf.90e87024a49c6e4060af5a2679874d35.jpg
train,train/images/Picture130_jpg.rf.117016d46c22bd56618b7645a80c3325.jpg
train,train/images/Picture130_jpg.rf.59489427375092553243c4a4949e8c4d.jpg
train,train/images/Picture131_jpg.rf.182cc8ac15df28388681ffa40e5b5d2e.jpg
train,train/images/Picture131_jpg.rf.cd36dc51dcda479e6f3bee29199f2c37.jpg
train,train/images/Picture132_jpg.rf.5bf272b68bf8cfbf3a14a167824edd24.jpg
train,train/images/Picture133_jpg.rf.83cbca0d5cab41a344cb1ac24cef260e.jpg
train,train/images/Picture135_jpg.rf.97e270f373673dba7fdcb9cbcf3ba2a4.jpg
train,train/images/Picture136_jpg.rf.7feb2faee720eb0f8bea58f3241aea95.jpg
train,train/images/Picture136_jpg.rf.ae184be8492f372684f5c3c387dcbef7.jpg
train,train/images/Picture137_jpg.rf.06e269a84ae906826e5f005d5dcf224b.jpg
train,train/images/Picture138_jpg.rf.05bfb11e00a10df2c348d2702ec00ad3.jpg
train,train/images/Picture13_jpg.rf.040d978e612262a166d5f72917510b15.jpg
train,train/images/Picture13_jpg.rf.305a8a2dc420b32583198111fbbd1d6a.jpg
train,train/images/Picture140_jpg.rf.04145760b642c9f91b1993a4fdc854c3.jpg
train,train/images/Picture140_jpg.rf.756259f2aa54de3e7e8be2f8ec4dba55.jpg
train,train/images/Picture141_jpg.rf.80f430c67b6d80088a29880ac5b90742.jpg
train,train/images/Picture141_jpg.rf.cc03f823a9f8ceb4e5aa369fa979beed.jpg
train,train/images/Picture142_jpg.rf.2e60984569e58024c2016f998c2be251.jpg
train,train/images/Picture142_jpg.rf.3aca58394e7c9097c84b897ec958d031.jpg
train,train/images/Picture143_jpg.rf.0f9e03e81214f50ebe9add6f8bea41e2.jpg
train,train/images/Picture144_jpg.rf.b35ce764e5de7ca45c2dcf09b0b31a4d.jpg
train,train/images/Picture144_jpg.rf.b747163d4407579884f91aa5a7886e85.jpg
train,train/images/Picture145_jpg.rf.13d2bfb424fbe3a9ea4f10883006de3d.jpg
train,train/images/Picture146_jpg.rf.cec3e16f29fdd197fe2c101f56d295ac.jpg
train,train/images/Picture147_jpg.rf.37de4dc4dac21335149afa36ee077de0.jpg
train,train/images/Picture147_jpg.rf.be87a1263caa6357dfbd017059615212.jpg
train,train/images/Picture148_jpg.rf.3fbd4204d6b40f20553e6b53035efbcf.jpg
train,train/images/Picture149_jpg.rf.cc6d735f31ba358a604635a792999269.jpg
train,train/images/Picture14_jpg.rf.2698c7082a4a69d730557f443bd3c527.jpg
train,train/images/Picture14_jpg.rf.28df19f3c192a970931ad9943f98716b.jpg
train,train/images/Picture150_jpg.rf.0846531d94277285e27dd6cd1f01e98b.jpg
train,train/images/Picture150_jpg.rf.ce940b4c9a4c6e882d1e99801ed9541f.jpg
train,train/images/Picture152_jpg.rf.79c33d9d75bc8dfe057664aa4792db69.jpg
train,train/images/Picture153_jpg.rf.49c2a77bce457a23ba05daa87a0f9032.jpg
train,train/images/Picture154_jpg.rf.8e2170f4cd030eab5b197508c3ac8514.jpg
train,train/images/Picture156_jpg.rf.73112bfac98234a2b970c88d3f453efd.jpg
train,train/images/Picture156_jpg.rf.7b447762e03ad25ff0d2a29948cfc2e2.jpg
train,train/images/Picture158_jpg.rf.135422fc155c615df4344626bd4bc211.jpg
train,train/images/Picture15_jpg.rf.432bd107e37315db8fcf34e37d316fd5.jpg
train,train/images/Picture15_jpg.rf.ad58f461bdc0eb9296d59d98b1815fb2.jpg
train,train/images/Picture160_jpg.rf.ef27e3b7517743c2431a47af76ab01d7.jpg
train,train/images/Picture161_jpg.rf.5736cb6ebde57d797a808334c7c99947.jpg
train,train/images/Picture162_jpg.rf.2aef8c7f3b9bdf5cb34be1aadc1f432b.jpg
train,train/images/Picture163_jpg.rf.6da9d7959526176b51194ccb9b8b6d25.jpg
train,train/images/Picture164_jpg.rf.402560419447f7d62f82833f5c7cc52d.jpg
train,train/images/Picture165_jpg.rf.42e0abe4da293755622c50fecfb8dcb5.jpg
train,train/images/Picture166_jpg.rf.5633fa69aeb981e7bb98bcf2647371e0.jpg
train,train/images/Picture167_jpg.rf.1b0da8f60255dc0b2a927464242a58b1.jpg
train,train/images/Picture169_jpg.rf.3f9456fc6f3172eb4137eb0c6328b2a4.jpg
train,train/images/Picture170_jpg.rf.b188603a1fcef70e74123053b53d7290.jpg
train,train/images/Picture172_jpg.rf.b4f417e3dbe034f12a538b38b29db057.jpg
train,train/images/Picture174_jpg.rf.9b673049b57561a2bd7df982fb4ed496.jpg
train,train/images/Picture175_jpg.rf.fb34ed426e64783fe49b25a6cf04471c.jpg
train,train/images/Picture177_jpg.rf.24c8e0824237dfe4dcb2936c3b86a8e6.jpg
train,train/images/Picture178_jpg.rf.47f090bb9a1210cb6bcf26e04ea3fd1d.jpg
train,train/images/Picture179_jpg.rf.c990c5ae1da0a79f8da968fae9c286e1.jpg
train,train/images/Picture17_jpg.rf.da083d31497e782ef781a08c615f7ea2.jpg
train,train/images/Picture181_jpg.rf.052a31c0005606cc47a63ea6a788d3e6.jpg
train,train/images/Picture182_jpg.rf.1e510bc69810eea366963ef2899f0a3f.jpg
train,train/images/Picture183_jpg.rf.b868afd22c392f656bd464f1a1a5f752.jpg
train,train/images/Picture185_jpg.rf.b02a9f47dae179501e6b9684bf518603.jpg
train,train/images/Picture186_jpg.rf.fd45a05311b5accfaad947c2d79ffcdf.jpg
train,train/images/Picture187_jpg.rf.653449954f71f4b1929b30a2de760c5a.jpg
train,train/images/Picture188_jpg.rf.8f46d23a555c15e9850eac1873b6a318.jpg
train,train/images/Picture189_jpg.rf.88ff6a791732ed8eba947bc84f834d43.jpg
train,train/images/Picture18_jpg.rf.ec9ff8b58fd4ce22ee9a3fab766532f4.jpg
train,train/images/Picture18_jpg.rf.f76dbcb440331513104303acf5800af3.jpg
train,train/images/Picture190_jpg.rf.d3f552d392036e2ceccab97e4dadbbd4.jpg
train,train/images/Picture191_jpg.rf.b4b7bb0caabe02293dc5611f478b68b1.jpg
train,train/images/Picture194_jpg.rf.cc68fc0a8fece52e92a41a7f9bacc5f8.jpg
train,train/images/Picture195_jpg.rf.32b7b15a17633367fccc34199d254ee1.jpg
train,train/images/Picture196_jpg.rf.3e2d02b877a7f1f87fd7c15c131675b4.jpg
train,train/images/Picture197_jpg.rf.57376b60fb3d6d2f96122402f8418eb8.jpg
train,train/images/Picture19_jpg.rf.b6429be48f5ed2268066d59ff1823348.jpg
train,train/images/Picture200_jpg.rf.474275caa54f06da3ad212d3bd2725b3.jpg
train,train/images/Picture205_jpg.rf.4c5a87e39b9a3a726e84221ce0116341.jpg
train,train/images/Picture207_jpg.rf.35cd539592407e96ca4693e1f12e9169.jpg
train,train/images/Picture208_jpg.rf.d0709a5d305aa4301573ae625fbf595f.jpg
train,train/images/Picture20_jpg.rf.3fa54698a876b7a52762848e2ca78ecb.jpg
train,train/images/Picture20_jpg.rf.a4a51eefe18a46e677a0365ab217e02c.jpg
train,train/images/Picture211_jpg.rf.05af48d9f497b9e1c3dc7e346b086957.jpg
train,train/images/Picture213_jpg.rf.785d7739de8cd99afeb88014cc4cf6a3.jpg
train,train/images/Picture215_jpg.rf.46a7ac9bc8eb76ef8b7f5049105ec741.jpg
train,train/images/Picture217_jpg.rf.1cb94547e86f6fc7ed683cfd7ecc1c3c.jpg
train,train/images/Picture219_jpg.rf.0d26eab699637ed0ec47da6f1a13150e.jpg
train,train/images/Picture21_jpg.rf.867e604881d166e5cbecd923125d3b5e.jpg
train,train/images/Picture21_jpg.rf.a5197b335ca8aec8e39d0ee732c71e48.jpg
train,train/images/Picture220_jpg.rf.96a7c8137c6b3b2e5faba7bb95538149.jpg
train,train/images/Picture223_png.rf.2d5872c9cc0e2297a3d4404c1a5184df.jpg
train,train/images/Picture224_jpg.rf.ad6d426efa847190d26c0ead9ce64e5f.jpg
train,train/images/Picture225_jpg.rf.59d02ce56e0f452ce6f59f668c1a76b8.jpg
train,train/images/Picture227_jpg.rf.b01f565013d563cb90c5c6a073138e20.jpg
train,train/images/Picture230_jpg.rf.e8451825f61c214c88aca861e6bd9d5f.jpg
train,train/images/Picture232_jpg.rf.94e37e3701f57c389035a9d581401a1e.jpg
train,train/images/Picture233_jpg.rf.0968e9c866efdcd80e99522f4c2ace66.jpg
train,train/images/Picture236_jpg.rf.9c44e12c85f5d3aa8bece4f111fe9658.jpg
train,train/images/Picture237_jpg.rf.67992cf56a27d33948338a4471c3dd66.jpg
train,train/images/Picture238_jpg.rf.92f7e927f29a9706acdea6279dea6291.jpg
train,train/images/Picture239_jpg.rf.b13f68086e0404a655761ef1451becd1.jpg
train,train/images/Picture23_jpg.rf.33298289b8627ae369c0b4cdcb343e20.jpg
train,train/images/Picture240_jpg.rf.afb577da5a4a5ede1f79b65bcbfefea8.jpg
train,train/images/Picture242_jpg.rf.b48d4fb12c68bbe88b8aa587a6d20527.jpg
train,train/images/Picture243_jpg.rf.211a3a218acc1fbbb0a4f0f200e39128.jpg
train,train/images/Picture244_jpg.rf.837ccad21df44e44565ca4d384d4e264.jpg
train,train/images/Picture245_jpg.rf.1152b80cb3309eafe91034849a5f79f9.jpg
train,train/images/Picture246_jpg.rf.d0ecd60c311e5c85b913bea33518680b.jpg
train,train/images/Picture249_jpg.rf.d86232c83510ab4781dc738fd400db7d.jpg
train,train/images/Picture24_jpg.rf.5076b45ebca2703425184630dcff4247.jpg
train,train/images/Picture250_jpg.rf.36acc72016d377c4b228c517ab1a93e4.jpg
train,train/images/Picture251_jpg.rf.5776168f07f9bd5fbabcaa5c8177762a.jpg
train,train/images/Picture253_jpg.rf.a2193e3e69101f6a19b914b78e54852a.jpg
train,train/images/Picture254_jpg.rf.fba84f0b9bb86e8aaf99f57b7658c371.jpg
train,train/images/Picture256_jpg.rf.539acb6b463b406e0faa7ffd02176677.jpg
train,train/images/Picture257_jpg.rf.d93c5a4bbedd2a7ede888cd0c20d4fce.jpg
train,train/images/Picture25_jpg.rf.d66105bcf27e4a326809a891903bde85.jpg
train,train/images/Picture260_jpg.rf.d1ccaa2f5da98c2576cdd6e342ff1470.jpg
train,train/images/Picture261_jpg.rf.6072184e0c97eb451cb742d755612ecc.jpg
train,train/images/Picture262_jpg.rf.25d67c642472410acca57093a50ae24e.jpg
train,train/images/Picture264_jpg.rf.d966ee358aca7d975b04f107414e9ff9.jpg
train,train/images/Picture265_jpg.rf.96934b362beb24ebdea09cc24d1d5a3f.jpg
train,train/images/Picture266_jpg.rf.9957de09fdbefee8d51e9b9eacccf8d7.jpg
train,train/images/Picture267_jpg.rf.e963d985c411618478750daf3827081e.jpg
train,train/images/Picture268_jpg.rf.94a3a4b99d3e949b2e8ad9934101a0be.jpg
train,train/images/Picture269_jpg.rf.614dc3c74de6d325cdc15e70702e64c0.jpg
train,train/images/Picture26_jpg.rf.543ef4bc60884c8c8f5cc6345678ae25.jpg
train,train/images/Picture270_jpg.rf.2873b4fbf923e0a0d09b9236fb654a27.jpg
train,train/images/Picture271_jpg.rf.792595b5f41250eada675a035d78a5ec.jpg
train,train/images/Picture272_jpg.rf.c7b9b0fc3e1fa16339f9a931b9c3dfd7.jpg
train,train/images/Picture273_jpg.rf.a2027b8228aca1db121d524fad5ccd8c.jpg
train,train/images/Picture274_jpg.rf.654a7a5a24aff3cf37eaf232eded5a66.jpg
train,train/images/Picture276_jpg.rf.68db8d6138ce4a4649dc50fd41e07213.jpg
train,train/images/Picture277_jpg.rf.4deb092cbc459e7c5005d6a2b68e6df0.jpg
train,train/images/Picture278_jpg.rf.ca4ad52627102b095dc18b6fca4908eb.jpg
train,train/images/Picture279_jpg.rf.c9cba1306a9bdda8f8bce738276aefee.jpg
train,train/images/Picture27_jpg.rf.e41dc161f86c8860f1b0b08f91d05d2e.jpg
train,train/images/Picture280_jpg.rf.ac36a881d3e993ebf7700841d20ed291.jpg
train,train/images/Picture283_jpg.rf.3429b1e028cb765a2ae91f7f3d477ebd.jpg
train,train/images/Picture284_jpg.rf.f78e1b29d95e56380546d3dc4dc2365a.jpg
train,train/images/Picture286_jpg.rf.360764a060d387240aa0c42162c5ad41.jpg
train,train/images/Picture287_jpg.rf.fed4278a44c179cc24d52c228280b2ca.jpg
train,train/images/Picture288_jpg.rf.a1ada056c8d8b8c2300a8c82737a1a39.jpg
train,train/images/Picture289_jpg.rf.c5bca347d367d67a12874b6894f99051.jpg
train,train/images/Picture28_jpg.rf.16677f86cc53bb9474b8fe9991cdf48a.jpg
train,train/images/Picture28_jpg.rf.b03bf9f9947860339aa71e049b109ecc.jpg
train,train/images/Picture290_jpg.rf.124d4e08a9ad83076b9ff5281927f726.jpg
train,train/images/Picture292_jpg.rf.78650bbf5f08aa854991c3bb7f52336e.jpg
train,train/images/Picture293_jpg.rf.5a551f893c4022c822f09ff950ec1108.jpg
train,train/images/Picture294_jpg.rf.c1cc4360e709a02a61c41474b84a8d1b.jpg
train,train/images/Picture295_jpg.rf.96cc7ce563441980a904c6a8a81f3fc5.jpg
train,train/images/Picture296_jpg.rf.e597be3dfc2e7a38c090e1ffd122e362.jpg
train,train/images/Picture297_jpg.rf.0d635beb25ee9d582c534cde5de3be48.jpg
train,train/images/Picture298_jpg.rf.06415a48e07ec650a3a0acff6fd7469d.jpg
train,train/images/Picture29_jpg.rf.06eb87632947e1c4726dff223ecce304.jpg
train,train/images/Picture29_jpg.rf.7992f1af85962eea95fb966a118a9762.jpg
train,train/images/Picture2_jpg.rf.a212f6a94d22abc87d27c51444ebca66.jpg
train,train/images/Picture2_jpg.rf.c6d1638cb5046f58d7e5e18e61f4a2a6.jpg
train,train/images/Picture300_jpg.rf.416d90a02d6967009aec1407e31a968c.jpg
train,train/images/Picture301_jpg.rf.e17a3942b6a57dc0c2835f9bd383955f.jpg
train,train/images/Picture302_jpg.rf.f5aee67def9205adcea4d714335673a2.jpg
train,train/images/Picture303_jpg.rf.e463f4cc9baac43f3476405cea0c7a91.jpg
train,train/images/Picture305_jpg.rf.47fe36bac92e0c685c014423b12d432c.jpg
train,train/images/Picture306_jpg.rf.723de889d102835a570c2cfa369b4cdc.jpg
train,train/images/Picture307_jpg.rf.a2b69c8b72c060bf91043b9416b199a5.jpg
train,train/images/Picture309_jpg.rf.a37542ae22ee702652e040a5a413ac72.jpg
train,train/images/Picture30_jpg.rf.d89938a14c1672298558895de4440b93.jpg
train,train/images/Picture310_jpg.rf.2c9e90a2f1e40bd8d3357b4f151aa8fd.jpg
train,train/images/Picture312_jpg.rf.86ead2808ab53b3d5bb8e2b54fd2d096.jpg
train,train/images/Picture313_jpg.rf.76f03bda62b73bcb66e1bb7a7ffbffbe.jpg
train,train/images/Picture314_jpg.rf.6f9f010183532b636614009528d104a4.jpg
train,train/images/Picture315_jpg.rf.13b2da99e90a50364d879717912d841c.jpg
train,train/images/Picture316_jpg.rf.1e86f9881a26fcea4d9e51e66d46016d.jpg
train,train/images/Picture317_png.rf.4cfb1558fb7a8446af6ac04c18683375.jpg
train,train/images/Picture318_jpg.rf.1944ea6ef8d40cc1d602525e41586e1e.jpg
train,train/images/Picture319_jpg.rf.24bb5c5dd13fb187837a49bb894e1f95.jpg
train,train/images/Picture31_jpg.rf.02c5f255ec5284dc903f1e0a8187d0cb.jpg
train,train/images/Picture31_jpg.rf.a16a2784f6de45d968d95e87c7ed4450.jpg
train,train/images/Picture321_jpg.rf.aaa46b4322f1d13804c07b573b029f12.jpg
train,train/images/Picture324_jpg.rf.8cf4fd8c0700c52300b41672d158f516.jpg
train,train/images/Picture325_jpg.rf.6148fd42a6dd6aaa77720b457dcc7c41.jpg
train,train/images/Picture326_jpg.rf.dce49572d1d3fff7e5df5497d14efe85.jpg
train,train/images/Picture327_jpg.rf.3c1d86a53bba7241273806b15e0bc8b4.jpg
train,train/images/Picture328_jpg.rf.dc1d435e911eb9409c363a371aad2c2e.jpg
train,train/images/Picture329_jpg.rf.ab20423ea9093649e46e67769da7d2b0.jpg
train,train/images/Picture32_jpg.rf.5fb9cb3e18a62d850c2d986cea2c8160.jpg
train,train/images/Picture330_jpg.rf.d0537fa2d0181e9723eba5274745abda.jpg
train,train/images/Picture331_jpg.rf.8a53f6fbcb0d38f638553bffc4302bd3.jpg
train,train/images/Picture333_jpg.rf.62d6e6eea287717ab9d6cbebfa406c0f.jpg
train,train/images/Picture334_jpg.rf.d90cb7ef61f510fd9649218388444aef.jpg
train,train/images/Picture335_jpg.rf.bd555f47a3c3a3459ea25fc84b8a7ba0.jpg
train,train/images/Picture336_jpg.rf.dfd978765b1612ba9030aec0cf7f8f23.jpg
train,train/images/Picture338_jpg.rf.e71a4fc840f9090ff18a07754a7ebd21.jpg
train,train/images/Picture339_jpg.rf.e8944dd5aee8175e12e012ed6556a365.jpg
train,train/images/Picture340_jpg.rf.ff2e070407fe0d451d57d45ce8d9ca7d.jpg
train,train/images/Picture342_jpg.rf.cb34480ff2bb24c5ca9a75c82ef3502f.jpg
train,train/images/Picture343_jpg.rf.d919842c493c688ef976d78c30583b90.jpg
train,train/images/Picture344_jpg.rf.7c28391c5effd72714c0c7bccefbcb88.jpg
train,train/images/Picture347_jpg.rf.927f792f53d2bb598aebae05370d559b.jpg
train,train/images/Picture348_jpg.rf.befe7a488f7dfadb68e59aa6b8594f52.jpg
train,train/images/Picture349_jpg.rf.3d9d814fc69f63b14c13f048ab69304a.jpg
train,train/images/Picture34_jpg.rf.392134695787c7251fa1e49e662ff71b.jpg
train,train/images/Picture34_jpg.rf.bee013c375d1b87c327cf45a4c5584f9.jpg
train,train/images/Picture351_jpg.rf.ebe82b58b70eac19b6835e9a291f1e49.jpg
train,train/images/Picture353_jpg.rf.51fc374e5f674558f5ec7c508d3eddf6.jpg
train,train/images/Picture354_jpg.rf.7923407682cc2ac7e221a3c9066778a7.jpg
train,train/images/Picture355_jpg.rf.4b31be7619cb79003dc3bdb7426a320a.jpg
train,train/images/Picture356_jpg.rf.18efa3dfb7be5b249e30809eb5c2ffce.jpg
train,train/images/Picture357_jpg.rf.317a4878949acb6d151f0fb873a5e200.jpg
train,train/images/Picture359_jpg.rf.28e1c6cd492d74f9088dd8880935037a.jpg
train,train/images/Picture35_jpg.rf.59475dd32fe39af0839d0ef838e07090.jpg
train,train/images/Picture35_jpg.rf.b10ae204f3a8dfde4cf8a20eddbc82bc.jpg
train,train/images/Picture360_jpg.rf.6715ca2b974158770ab16fb9d76a07a9.jpg
train,train/images/Picture361_jpg.rf.0fa210b002c5e03c5299b48a11f6c7e6.jpg
train,train/images/Picture362_jpg.rf.273d9f3bf54f33ad58286b01bc3dd69f.jpg
train,train/images/Picture363_jpg.rf.2e461d5545ba91230f2e2fdfea1109e5.jpg
train,train/images/Picture364_jpg.rf.de65dbf4a739212d26597ab8655f0479.jpg
train,train/images/Picture365_jpg.rf.6d2388d5325d2bff1952a3a6f2d1f57c.jpg
train,train/images/Picture366_jpg.rf.05bc5d69896fdb2f66bae047e4c246ab.jpg
train,train/images/Picture369_jpg.rf.13146ed6ce1b67754ef7a58b5f607574.jpg
train,train/images/Picture36_jpg.rf.71869cbdc645879f1f11829a333f87f2.jpg
train,train/images/Picture36_jpg.rf.bcd5f59cc04fcd6338f2262d8816beb7.jpg
train,train/images/Picture370_jpg.rf.fe356caeecf95577e22f2fb658bdc0a4.jpg
train,train/images/Picture371_jpg.rf.220e775ed3aa0e8cb81a083160ae7f9b.jpg
train,train/images/Picture373_jpg.rf.9a5bfa7a3dc3852af2de98acbdb64551.jpg
train,train/images/Picture375_jpg.rf.74874413902c6a9c3a5ac4dfcbecf3d1.jpg
train,train/images/Picture376_jpg.rf.e8be09309156bf37737453adf0245ada.jpg
train,train/images/Picture377_jpg.rf.51d610a8400055671623c10494c709ab.jpg
train,train/images/Picture379_jpg.rf.97186b0832b22eeb24d240789a15160e.jpg
train,train/images/Picture37_jpg.rf.79c3ee73cba9027ffe2472a0ebbea4bd.jpg
train,train/images/Picture37_jpg.rf.8e101c649151310d2c2a283dd525ce6f.jpg
train,train/images/Picture381_jpg.rf.dcda6e7673889598e1feb40e66b7cce4.jpg
train,train/images/Picture382_jpg.rf.4abde35d73428d18eb24991bbbcb5448.jpg
train,train/images/Picture383_jpg.rf.b353e57cb6f831d5ba412ca2964c8e32.jpg
train,train/images/Picture384_jpg.rf.043f66c4902ec16bb66c316179b72a47.jpg
train,train/images/Picture385_jpg.rf.0f603733633b8f6c77d3fe79d4c96c4f.jpg
train,train/images/Picture387_jpg.rf.16064c0cb7a6df4355dad5850f4f9940.jpg
train,train/images/Picture388_jpg.rf.2a535f2c3dd977c1c1aa12a85727541d.jpg
train,train/images/Picture389_jpg.rf.641956b771c789240b1c5da1d48849ad.jpg
train,train/images/Picture38_jpg.rf.0b2e2945f14a69420413fb1ae97eafc6.jpg
train,train/images/Picture390_jpg.rf.e9276256e36b69ead29edac94c8deb92.jpg
train,train/images/Picture391_jpg.rf.1955c10c0fce3afbaffe9fa69797b437.jpg
train,train/images/Picture396_jpg.rf.a187b362d1007cfa4e9049c534e31123.jpg
train,train/images/Picture398_jpg.rf.19fd3b9a412dbddf45866206e3b404cc.jpg
train,train/images/Picture39_jpg.rf.09e4321fb4d71f86b8a08e2d51bb7b47.jpg
train,train/images/Picture3_jpg.rf.920e2f663ca8a19990f58f1f174e46b0.jpg
train,train/images/Picture3_jpg.rf.a65dcfd9ee9b456518ac602dedbcd426.jpg
train,train/images/Picture400_jpg.rf.6eebb2588a7be27090a830868e1b8a0e.jpg
train,train/images/Picture401_jpg.rf.f6088c52c2ef85f5a6310f1b4664e7ee.jpg
train,train/images/Picture402_jpg.rf.0d184f4729b5d536a29b5db9a294b49b.jpg
train,train/images/Picture407_jpg.rf.f5aee6d0c01238d899eb7156bc53acf4.jpg
train,train/images/Picture408_jpg.rf.e04758ca95f00293693ae107d03f6986.jpg
train,train/images/Picture409_jpg.rf.cfa59265d77ef80bc5b4812dd5051bc3.jpg
train,train/images/Picture40_jpg.rf.7d9216367b6f65dca58f0ff3eb3d01d6.jpg
train,train/images/Picture410_jpg.rf.b756aba39bb9a6bc52701f9908972115.jpg
train,train/images/Picture411_jpg.rf.b63f641a5360e6336344bc1dba228dc7.jpg
train,train/images/Picture412_jpg.rf.737e244354a662689213c766779d9729.jpg
train,train/images/Picture413_jpg.rf.8cab0a6eac6bb2930e608d339249a008.jpg
train,train/images/Picture414_jpg.rf.9009be2ab5d075a28b4bd27840ed4995.jpg
train,train/images/Picture415_jpg.rf.a6d79dab21fbd4a049ec6f9d8eabc627.jpg
train,train/images/Picture416_jpg.rf.e95951eaa3d8ff5b750152d97b33bf8d.jpg
train,train/images/Picture418_jpg.rf.9eb6574d2ece68b28088ad5bc175ce2e.jpg
train,train/images/Picture41_jpg.rf.abc5dfa2cffc310fe27c86751cc5c529.jpg
train,train/images/Picture421_jpg.rf.266c0c8bf68db65146ee382b9b24ffa4.jpg
train,train/images/Picture423_jpg.rf.7287351316b81ed85951b3b8d736ec6e.jpg
train,train/images/Picture424_jpg.rf.759542402ea2095d8e80752944cef804.jpg
train,train/images/Picture425_jpg.rf.57cdb518d53fe45550ce10c787d20ceb.jpg
train,train/images/Picture426_jpg.rf.31fdbb8ad34ba8d7a4f528c6c3103c71.jpg
train,train/images/Picture428_jpg.rf.d7784a101ecdffe84fd76220b747b38e.jpg
train,train/images/Picture429_jpg.rf.864502d8605d75c15aa3a17034a44ce9.jpg
train,train/images/Picture42_jpg.rf.702279dfa470fb7988813f8991bc5a4e.jpg
train,train/images/Picture42_jpg.rf.c09f26f998678c9a8df63437acf92f76.jpg
train,train/images/Picture433_jpg.rf.c17762af8ac59a78c5a7fa285b31ac5c.jpg
train,train/images/Picture435_jpg.rf.ed4521511ceac837be6dee41fdfd8401.jpg
train,train/images/Picture436_jpg.rf.10663597eb7ca23a7438119038cc5b7d.jpg
train,train/images/Picture437_jpg.rf.9368225d28ff2d3d652ec4da184a9287.jpg
train,train/images/Picture438_jpg.rf.cfdca72a13257b0a0ca157bc87eae6e5.jpg
train,train/images/Picture439_jpg.rf.862b0aad48e98d2325ccbeb7b381a2f7.jpg
train,train/images/Picture43_jpg.rf.c7f878122b1ba3b36155e33b3cfad285.jpg
train,train/images/Picture43_jpg.rf.e828bf51c7ab4e819bda9f89b9ba98a9.jpg
train,train/images/Picture440_jpg.rf.b3546b263f2b66c694a1a2f324212fd4.jpg
train,train/images/Picture441_jpg.rf.80f6047fe24daa9369a33a355e6523ad.jpg
train,train/images/Picture443_jpg.rf.784b6c7bee7eca83b9a18c99a5b70bd8.jpg
train,train/images/Picture445_jpg.rf.77787b39800a389927334581922e6b0d.jpg
train,train/images/Picture446_jpg.rf.dc95f5b1575fb57f4f9d564e7c666cee.jpg
train,train/images/Picture448_jpg.rf.bdc7d7b641066eff9df6cffdcba70ff8.jpg
train,train/images/Picture449_jpg.rf.862a28acfbe26b18de239a2fc9d6a7d2.jpg
train,train/images/Picture44_jpg.rf.3c18b248492d4e38b9db6f73bf36f45b.jpg
train,train/images/Picture44_jpg.rf.5e29ca34f45e353e8c8b60314ac6bce6.jpg
train,train/images/Picture452_jpg.rf.126c08e6a6677ce6258737340d83e403.jpg
train,train/images/Picture453_jpg.rf.d5a7f262fbe4188248cdfcc035405b6d.jpg
train,train/images/Picture455_jpg.rf.1037b4f246b20c5e55b104113d59559b.jpg
train,train/images/Picture458_jpg.rf.d83af9e76a71fd8b646e353a8402eda5.jpg
train,train/images/Picture460_jpg.rf.4580c3039f9f25d97f4e69aacdfd38d5.jpg
train,train/images/Picture461_jpg.rf.422e5f673feb4b6ad59d860a73d071a4.jpg
train,train/images/Picture462_jpg.rf.53f57f7c4eb605f456c9662ffd1e32b7.jpg
train,train/images/Picture464_jpg.rf.33df8ff7026b90ee0599fc9f2bc7afc0.jpg
train,train/images/Picture465_jpg.rf.3f2ceeb1f6e750701691adde6ca81422.jpg
train,train/images/Picture465_jpg.rf.6c462f6c50d9f7c52ab7fc33e5ddef8a.jpg
train,train/images/Picture466_jpg.rf.0ef93e7b1ab80c68a42ce593e1cddbcb.jpg
train,train/images/Picture466_jpg.rf.aaad61b32b97f57a8de31fe15dcb1d9b.jpg
train,train/images/Picture468_jpg.rf.62768a186cd4bc88da07b1eb91305097.jpg
train,train/images/Picture469_jpg.rf.9564b9fab68ba59412eb9e5c177b9cf5.jpg
train,train/images/Picture469_jpg.rf.a438f60ba29bcdd703c3b182934339ac.jpg
train,train/images/Picture470_jpg.rf.a3a3b38ad5b6b24b99145a2575cf2304.jpg
train,train/images/Picture471_jpg.rf.fd187b3724fdb3f7ccdf29850f2f1974.jpg
train,train/images/Picture472_jpg.rf.4338f0aec62313d7b3ec7a8638004f8f.jpg
train,train/images/Picture472_jpg.rf.6fa61d4fa085a3653213701c6ebbd055.jpg
train,train/images/Picture473_jpg.rf.caa163291d17396d9fc41b18b80edfe8.jpg
train,train/images/Picture474_jpg.rf.1096a7481c46071ea04b8ca88886efaa.jpg
train,train/images/Picture475_jpg.rf.cb589ea559e7136f185352be48590dcb.jpg
train,train/images/Picture476_jpg.rf.29316fbffe98734793b2ff7e5fea1f61.jpg
train,train/images/Picture477_jpg.rf.b9e503b6df10915a6dba2c553a18d9f5.jpg
train,train/images/Picture477_jpg.rf.dc39f8c8d778e9499f0391dc8ae78b4e.jpg
train,train/images/Picture479_jpg.rf.e769979d9072cd623424d977d6024a89.jpg
train,train/images/Picture47_jpg.rf.0b31346dc7874adb70300d1c425a875b.jpg
train,train/images/Picture480_jpg.rf.128798242f94ecefa81789b1252a1710.jpg
train,train/images/Picture481_jpg.rf.04ff7e9b91177c7f5b606047a6a6f364.jpg
train,train/images/Picture482_jpg.rf.4043caf1678fa759a43eef69703e9bf0.jpg
train,train/images/Picture483_jpg.rf.bad54cce9aef10ae7652cba10b980143.jpg
train,train/images/Picture484_jpg.rf.42d5b3f90dfb28916d68eccfe4183598.jpg
train,train/images/Picture485_jpg.rf.28e6a9950858fb826f21a18b30cd6f68.jpg
train,train/images/Picture486_jpg.rf.d5f80b85b1b2f5173df846fbf3e07d5c.jpg
train,train/images/Picture488_jpg.rf.b3b4362eba53229e9faf22dec45a7f2b.jpg
train,train/images/Picture489_jpg.rf.d00e521119ab601601ed42af5f4a6227.jpg
train,train/images/Picture48_jpg.rf.0b97ea200c30d1a58b468278077746dd.jpg
train,train/images/Picture48_jpg.rf.1d36e7d87c23fe9fccdb7fc1399fb067.jpg
train,train/images/Picture491_jpg.rf.162ea2a17fbdda874518b5b3fd628f68.jpg
train,train/images/Picture492_jpg.rf.035a3e341806b48841b6e52e4c0970e2.jpg
train,train/images/Picture493_jpg.rf.5ccf65865211f353ca81795731f2d4ae.jpg
train,train/images/Picture494_jpg.rf.e4b13e5d6e0c15489c3e3792201ee5bf.jpg
train,train/images/Picture495_jpg.rf.5c2a35680d0bc0c6fe82a09572aa36c0.jpg
train,train/images/Picture497_jpg.rf.e50658ed12a9430149b9edd252d18fe9.jpg
train,train/images/Picture49_jpg.rf.d1ac5a7d4a735d21c68afd439d83c67d.jpg
train,train/images/Picture501_jpg.rf.4ed8c9f8401cc81705736cba483cb43a.jpg
train,train/images/Picture502_jpg.rf.93a2155a94d2d7d56f4789f8843e324d.jpg
train,train/images/Picture504_jpg.rf.df0aeeebf8879e91f3615b48e31c06b5.jpg
train,train/images/Picture508_jpg.rf.55efda9155820065e9ed2a434bd52aa9.jpg
train,train/images/Picture509_jpg.rf.f25ba587cbc13f17fe8d1a652d1d04c0.jpg
train,train/images/Picture50_jpg.rf.63e4665f3d193edcacca77cc945a9f2f.jpg
train,train/images/Picture510_jpg.rf.2f7584398cfc2be52bf2ed6b6c1e52b0.jpg
train,train/images/Picture512_jpg.rf.cce6c0ba82bbd3305917b24fe3dc7746.jpg
train,train/images/Picture514_jpg.rf.4f0c9d769bae5c14ae9406f5c3047e7a.jpg
train,train/images/Picture516_jpg.rf.63e38972387f936c118c06a86050dae7.jpg
train,train/images/Picture517_jpg.rf.3065ffff0480df91d21c9234a431491c.jpg
train,train/images/Picture518_jpg.rf.6e337074217cd86c98a5e5cfcdca8dda.jpg
train,train/images/Picture519_jpg.rf.3e7754e9ccbe25c051f8833abc58b496.jpg
train,train/images/Picture51_jpg.rf.307499da8c8831336ae6171ad7b48313.jpg
train,train/images/Picture520_jpg.rf.a343f91a43966da66ffd68f83bb6d84d.jpg
train,train/images/Picture521_jpg.rf.2caa2c7f758afcf978a857507bb9c0ce.jpg
train,train/images/Picture523_jpg.rf.f17317f6673e114f6bbcfa0ed9e88451.jpg
train,train/images/Picture524_jpg.rf.34e6aec0f1f78f4e504159e17d8d2b48.jpg
train,train/images/Picture525_jpg.rf.f8b5817932bfdb4d827e504fa9ba8117.jpg
train,train/images/Picture526_jpg.rf.9a25b01961ee80cfdff46ceb100f3438.jpg
train,train/images/Picture527_jpg.rf.fc6422a0ef83894b4e07d2b120677752.jpg
train,train/images/Picture529_jpg.rf.f04925c3022d234f62ee405877fe9c2a.jpg
train,train/images/Picture52_jpg.rf.1299cc7db9e050ed43a367964ef46b38.jpg
train,train/images/Picture52_jpg.rf.e701600012c85e3964b35feada7c434d.jpg
train,train/images/Picture531_jpg.rf.e8b4ffab1d7ad0de3e46f14c3586ffcc.jpg
train,train/images/Picture532_jpg.rf.36b48b0d3b3db6f6fb3d0373fd13e47b.jpg
train,train/images/Picture533_jpg.rf.2ff250df3dbd31c63ab3183dd496f6e6.jpg
train,train/images/Picture534_jpg.rf.c3264df7f0cebe067e360c342d9eb308.jpg
train,train/images/Picture535_jpg.rf.d58f06a08382a044336a9ad5720aaa6d.jpg
train,train/images/Picture537_jpg.rf.bbd40c79c6ed9540bde97f9e18bd6fd1.jpg
train,train/images/Picture539_jpg.rf.622a873bee2aab81b65a4176b9dca6e3.jpg
train,train/images/Picture542_jpg.rf.0820c34d96f9792fb94ab2e216893c78.jpg
train,train/images/Picture548_jpg.rf.f84348736739d9d786f2ebdd3d7e8ad7.jpg
train,train/images/Picture549_png.rf.2ab3ce1fce3eebfef2a9927766376a65.jpg
train,train/images/Picture54_jpg.rf.2479ed7dba6670d71e4ee1812d96d660.jpg
train,train/images/Picture550_jpg.rf.5186ed0a0759a85c40970d49a62dc781.jpg
train,train/images/Picture551_jpg.rf.4e654c73d35aff6040e0d21b15396584.jpg
train,train/images/Picture552_jpg.rf.773b6738b70652faee799db552e3486c.jpg
train,train/images/Picture553_jpg.rf.3d763bd626aa011248f5d4a6e17260c9.jpg
train,train/images/Picture554_jpg.rf.f966ef4ea2a44adebdd051f62c6817bf.jpg
train,train/images/Picture556_jpg.rf.4de621cf568128337b36e7deef001500.jpg
train,train/images/Picture558_jpg.rf.f21138e99840e96ab258fb5ade7a6965.jpg
train,train/images/Picture55_jpg.rf.f2d35544c49d8a77b20667a371308c4e.jpg
train,train/images/Picture560_jpg.rf.c25822b9d0c4724975f11092df776052.jpg
train,train/images/Picture561_jpg.rf.f91000353799ef236ce8c94275811c18.jpg
train,train/images/Picture563_jpg.rf.0350e737412f29437826595c347234a1.jpg
train,train/images/Picture565_jpg.rf.817f2a1b664f402cfe88d1e0f3662d1d.jpg
train,train/images/Picture566_jpg.rf.ad58c10951fec9ce48b91dc12fa2abd4.jpg
train,train/images/Picture567_jpg.rf.694e98ba120c6b7028b5200f8391fb02.jpg
train,train/images/Picture569_jpg.rf.d5a9a88cb27a587565809d0affd27e46.jpg
train,train/images/Picture56_jpg.rf.b9a3e6a00f95acda9557829985371deb.jpg
train,train/images/Picture570_jpg.rf.12fd40a073103edc37e18d99ffa64409.jpg
train,train/images/Picture571_jpg.rf.29d5fc0ed71c76956250804e5d583434.jpg
train,train/images/Picture572_jpg.rf.d0cdc0e6a877d7b1a9cd1dac5e8924db.jpg
train,train/images/Picture573_jpg.rf.0acce422c14d1fd7c02231c6471c2816.jpg
train,train/images/Picture574_jpg.rf.12ea7eddab09ff771f5785f40508750d.jpg
train,train/images/Picture576_jpg.rf.aead0fdd55b70e07606b76931c59c8f6.jpg
train,train/images/Picture577_jpg.rf.55733f4748c9ff572fbc0ef7cf693b0b.jpg
train,train/images/Picture57_jpg.rf.47f940c7b105dd6f517edac766d6a111.jpg
train,train/images/Picture587_jpg.rf.f250cd4a08ab2c0866af590d21523de2.jpg
train,train/images/Picture588_jpg.rf.d2cc5a65ddb641135e90ed73dd8d43c2.jpg
train,train/images/Picture590_jpg.rf.c9ad3b9c4854dfae2a035483b0f8c0a1.jpg
train,train/images/Picture593_jpg.rf.d2ef027b52b64f3d62398486a8420d8d.jpg
train,train/images/Picture594_jpg.rf.16f4eeb7d391c42e6341d5c970dda3fc.jpg
train,train/images/Picture595_jpg.rf.f4608af9ff6e776df2870206198536cf.jpg
train,train/images/Picture596_jpg.rf.38cf6184526232edb44010fcf802e2c8.jpg
train,train/images/Picture597_jpg.rf.c31c98a9e510f1a7a3d2c9fe84d39bea.jpg
train,train/images/Picture599_jpg.rf.e338a6990ad5d002e08d749caa22bcfd.jpg
train,train/images/Picture59_jpg.rf.3da2ddbe4a1263298d17f0137414213d.jpg
train,train/images/Picture5_jpg.rf.358475bff5c43bc869a1c2c93e3e4750.jpg
train,train/images/Picture602_jpg.rf.f46c2f9ae7596442a6cc7c9196115983.jpg
train,train/images/Picture604_jpg.rf.7723cbca145761ee7576643a1ae593ba.jpg
train,train/images/Picture606_jpg.rf.c3753506091ee1cc92786607a3973599.jpg
train,train/images/Picture609_jpg.rf.c06b079aabfb35dde6c990be626534ab.jpg
train,train/images/Picture60_jpg.rf.1bda7bb16a1710402785e443696be16d.jpg
train,train/images/Picture60_jpg.rf.518a3bcdca9b16057cdffef7a42031ae.jpg
train,train/images/Picture612_jpg.rf.4d0a0214ec890928ab54eba693521009.jpg
train,train/images/Picture613_jpg.rf.c6ae00df8c8568bd8428ffd36b79091a.jpg
train,train/images/Picture614_jpg.rf.69efbec9b5bd70c05ea23988848e7ec5.jpg
train,train/images/Picture615_jpg.rf.49c3145226c4c0a3019e4e0721f85bb1.jpg
train,train/images/Picture616_jpg.rf.c45baedfb0e01b4881f55168c9fca780.jpg
train,train/images/Picture617_jpg.rf.590d86d9ddd0ba11269f5520a48273aa.jpg
train,train/images/Picture618_jpg.rf.c6c5fc6465c4facdb4f5f53d96a6ab26.jpg
train,train/images/Picture619_jpg.rf.a17f8203abd6aef92e78db1f728be7e2.jpg
train,train/images/Picture61_jpg.rf.9628f78a371f4dec9464415d5bf68a37.jpg
train,train/images/Picture61_jpg.rf.ef4cb3cd4050e888836d14b7f86c6d18.jpg
train,train/images/Picture620_jpg.rf.7ab077074067a1ef6f53d8c18accf7f8.jpg
train,train/images/Picture621_jpg.rf.882e84583c26712ae6843c5e72d55350.jpg
train,train/images/Picture622_jpg.rf.dbbf33856f6d34947b70a71c41dca28b.jpg
train,train/images/Picture623_jpg.rf.a130efedacdf32ddcabdc571654afee0.jpg
train,train/images/Picture625_jpg.rf.4e63762e5d3952dfa98bd9fa95078d98.jpg
train,train/images/Picture626_jpg.rf.6855cc36f2b472c75376ec3200aae50f.jpg
train,train/images/Picture628_jpg.rf.fadfa91ef3a7496d62ac85ee13eabb37.jpg
train,train/images/Picture629_jpg.rf.8e6f8280c37d3c6f979d92d408f1ebce.jpg
train,train/images/Picture630_jpg.rf.d7eb26c35916bf7de8ad93ec0e6d1af1.jpg
train,train/images/Picture631_jpg.rf.3441de0a2f0f5f24c152ead51bf4957a.jpg
train,train/images/Picture632_jpg.rf.eb650cc95ec58bd0796101cde878f13c.jpg
train,train/images/Picture634_jpg.rf.52f012aac9ec1804696c58fee032869a.jpg
train,train/images/Picture635_jpg.rf.c23bb71e3c1d507c7c3b9e004f2e44d0.jpg
train,train/images/Picture638_jpg.rf.9c8a9843a2287d6bd15ef48e05723784.jpg
train,train/images/Picture639_jpg.rf.e56f6fd7eaa4969d400e1ee7423bcce9.jpg
train,train/images/Picture640_jpg.rf.e8b1e91508a0dcb5e9e19be5c0ae2637.jpg
train,train/images/Picture641_jpg.rf.11e3855d5844520aff402e1187e0c82b.jpg
train,train/images/Picture644_jpg.rf.06a4a38801d4eacd780102e4f96b5f70.jpg
train,train/images/Picture645_jpg.rf.88952600377ff59d2dc4857653408014.jpg
train,train/images/Picture646_jpg.rf.beb0ba8daf3e038138775a8cc57151fa.jpg
train,train/images/Picture649_jpg.rf.eb5812db91d80cea1bd375dc846aef37.jpg
train,train/images/Picture64_jpg.rf.e5894b385400ff1bd578eb007ef19ee8.jpg
train,train/images/Picture650_jpg.rf.6b55c348ed68635269a7bba274c7a60b.jpg
train,train/images/Picture652_jpg.rf.c68ea61251646f7457a0f020f9d7a36b.jpg
train,train/images/Picture653_jpg.rf.96504cfc8386a034edb02aca423f8591.jpg
train,train/images/Picture656_jpg.rf.f2970b6deee742f3602feb1b291f2294.jpg
train,train/images/Picture657_jpg.rf.7788da35b38eb798e195dbd8d17cc14d.jpg
train,train/images/Picture65_jpg.rf.c936be82ce4ad250f81f9a87df39c59e.jpg
train,train/images/Picture65_jpg.rf.e810196e1758d0d4cebac56ade353682.jpg
train,train/images/Picture661_jpg.rf.1fc945566be0daedcb2201e8b60fa609.jpg
train,train/images/Picture662_jpg.rf.2c7eec051f7cb0cc37a666f64ca6c060.jpg
train,train/images/Picture664_jpg.rf.4902aa5bff1406b9c9ebc75dd3466007.jpg
train,train/images/Picture666_jpg.rf.f8df6c630325f193759f9c4eeccd119a.jpg
train,train/images/Picture667_jpg.rf.bea07170d5a717987d222151f9571b73.jpg
train,train/images/Picture668_jpg.rf.8ad7cf2a2ccd9ad84e151f94bda7198d.jpg
train,train/images/Picture669_jpg.rf.e96a63ea769f0355ba30e5a49ab84c28.jpg
train,train/images/Picture66_jpg.rf.89dc1dfd9e30b297d9fba812bba800f8.jpg
train,train/images/Picture66_jpg.rf.f4068dbff01da49160fd3c7fb3a11b37.jpg
train,train/images/Picture670_jpg.rf.cbed292df677c2bc8577a7b2e767e1ae.jpg
train,train/images/Picture672_jpg.rf.7078d2dc3243f83f71a15f898acb9e28.jpg
train,train/images/Picture673_jpg.rf.efcb560f260f4889db1b2758d6e0d1f1.jpg
train,train/images/Picture674_jpg.rf.6538542cf61fee7dc124421084e4bece.jpg
train,train/images/Picture676_jpg.rf.5505d2b71562948ee2ded3d6588c8429.jpg
train,train/images/Picture677_jpg.rf.7b121ec0d4c1477693fe6eee09131a2c.jpg
train,train/images/Picture67_jpg.rf.27e54c2dca36212b1e9e7df46f1e7cbe.jpg
train,train/images/Picture68_jpg.rf.4087f39f0e07ad5ca650006a553bc5b5.jpg
train,train/images/Picture69_jpg.rf.939d93eee6c4902091ace45ecad1be8a.jpg
train,train/images/Picture69_jpg.rf.def82eff147caef8ee425cf2dadb3708.jpg
train,train/images/Picture6_jpg.rf.c3fc76acd751229ef6af224698af7469.jpg
train,train/images/Picture72_jpg.rf.7df23300150ffde2e8d7b28f6848b2f8.jpg
train,train/images/Picture72_jpg.rf.de380c0f053764724926a159e47da2d5.jpg
train,train/images/Picture74_jpg.rf.f4aec0764b1751a7c09f958a0d267fc1.jpg
train,train/images/Picture75_jpg.rf.45c84a5da9c9cd04e2ca72fcdf8f967e.jpg
train,train/images/Picture75_jpg.rf.9ae55d68544dbb62725eede743b39007.jpg
train,train/images/Picture76_jpg.rf.10b5acf8da3039b2b838dffda2167f34.jpg
train,train/images/Picture76_png.rf.198d1bcd762517a4b2aa35286024c5cd.jpg
train,train/images/Picture78_jpg.rf.1e2474bcebb50bc5086055ec1a13eb18.jpg
train,train/images/Picture78_jpg.rf.87d16f0766e51768a4e79c2135252027.jpg
train,train/images/Picture78_png.rf.0c1145078f47315f74efa86a0426d3bb.jpg
train,train/images/Picture79_jpg.rf.800e354c27d694933065fd7a7450eb70.jpg
train,train/images/Picture79_jpg.rf.96e01a8d376b54bbb2a020a0efc409fb.jpg
train,train/images/Picture80_jpg.rf.d04bb47eb1d14b54472786cf091e0969.jpg
train,train/images/Picture80_jpg.rf.e83a59ee74be5385251a3b1e0d201ade.jpg
train,train/images/Picture81_jpg.rf.39b2095138695fa25d8ed6267d59601b.jpg
train,train/images/Picture81_jpg.rf.49d59b7d1b055b3a0098abaea5cab296.jpg
train,train/images/Picture81_jpg.rf.8a23e4d0a8c044c512579659ad690fcc.jpg
train,train/images/Picture82_jpg.rf.21757dc702a42fe82ffe6304aa596f27.jpg
train,train/images/Picture83_jpg.rf.b0a9cda88638b97fd2386fc5cb4772c5.jpg
train,train/images/Picture84_jpg.rf.7f7d27066d2eb4f735fafbdffa43501c.jpg
train,train/images/Picture85_jpg.rf.66001cc556534aa7d359b2841b05fb28.jpg
train,train/images/Picture86_jpg.rf.a37dea1901a85937d69c74778a116d18.jpg
train,train/images/Picture86_jpg.rf.bc817495185255aafe30aa1df74cec83.jpg
train,train/images/Picture87_jpg.rf.f1b6999dfcc4120a6e6ddb2be9d454b5.jpg
train,train/images/Picture88_jpg.rf.4013ef6123a0d3ee968164e17c5af67b.jpg
train,train/images/Picture88_jpg.rf.c7f127efdee2859eed8fc0111e4eb04d.jpg
train,train/images/Picture89_jpg.rf.2d158f9d7413dda1add39cd113465cf0.jpg
train,train/images/Picture89_jpg.rf.352086bd9f2912657f8ac7f0e4bd5b02.jpg
train,train/images/Picture8_jpg.rf.171c202a122f8f1776bc6586704dd2fa.jpg
train,train/images/Picture8_jpg.rf.3d53bdbfd03ada0af4056ceb45fc0ae0.jpg
train,train/images/Picture90_jpg.rf.115ccd67781e6b4ae1503bed51270bbb.jpg
train,train/images/Picture90_jpg.rf.3b10a0404fc677abad909bd982792896.jpg
train,train/images/Picture91_jpg.rf.25d6d89a134ae37c5798e92691dc7060.jpg
train,train/images/Picture91_jpg.rf.537c7c31d9c509ba8f252ccca9ac37d4.jpg
train,train/images/Picture93_jpg.rf.4f98f5d9dd158c902adabd5da6c29606.jpg
train,train/images/Picture94_jpg.rf.661aa76429a8a027a9d6d572c8fd1766.jpg
train,train/images/Picture94_jpg.rf.d1c04d369ff5cce95f2232d82938fe85.jpg
train,train/images/Picture95_jpg.rf.2df3a7f9235e979c0cd6b6ea38b6c6d9.jpg
train,train/images/Picture95_jpg.rf.c3b425a5d21b2df6ca77fcc9da2f322e.jpg
train,train/images/Picture96_jpg.rf.6081eb209eba88e1306e13b83198b931.jpg
train,train/images/Picture96_jpg.rf.6592e47a20f0b6286556f289df9cf152.jpg
train,train/images/Picture97_jpg.rf.16f4aac9f3044f04c7c08fbf805adf9d.jpg
train,train/images/Picture97_jpg.rf.5ef4452f585949668a32c8da6680d950.jpg
train,train/images/Picture98_jpg.rf.233f7c5929096899a81f4b63529b0bfc.jpg
train,train/images/Picture98_jpg.rf.c16a4949f8a5005ee661ad63a09ae207.jpg
train,train/images/Picture9_jpg.rf.3228f6aebef66c19d6c3002572c5a533.jpg
train,train/images/a02552b9-ba99-4fa6-9c1b-f887b20184bf-1000mm_jpg.rf.51b3e8b018bcdbe1cab47089facce7a6.jpg
train,train/images/a18a97f5-689f-493f-b3fd-63eada49ff36-1120mm_jpg.rf.319d6ce0c953f04475a7184665601515.jpg
train,train/images/a4026b86-26cd-4fd2-abfa-c4f81e962640-1520mm_jpg.rf.576311456907e75f9daec18f1a9c3e2f.jpg
train,train/images/a4fafcc6-cea1-468c-a13d-aa9b38fb00c5-970mm_jpg.rf.6123af71f5aaf897aecaad074c18fd4c.jpg
train,train/images/a5cec6dd-40da-4f26-9f4f-6dccd3f4b1cd-0mm_jpg.rf.514c8944dfc2b34a8d1661d612be04fa.jpg
train,train/images/a772adde-d1ac-42a6-83e3-052aca6c5ab1-990mm_jpg.rf.06f3f2371d5d7cd51da24e4fc9803d7c.jpg
train,train/images/a89670ac-a812-461e-b556-e3402e4d4781-0mm_jpg.rf.7e9920c646d448df9f87666b6b031c82.jpg
train,train/images/a8e9f467-eb09-499d-b70b-01810dc56dd4-950mm_jpg.rf.8a7d465ac39455a732294366ab8e4c76.jpg
train,train/images/a98d5ce5-71fe-49aa-b30f-033830cfa8ee-640mm_jpg.rf.6ee50ff0cc74305138a04586ba9a9200.jpg
train,train/images/aa0d5b29-1487-499f-9c0b-e629f2278450-1900mm_jpg.rf.0e597f74e9e9585e3f00b94261707916.jpg
train,train/images/aa598c44-fbe6-4f04-a01a-3dafafc149eb-0mm_jpg.rf.2ad37fdb1005ed1b0dc8f8dbd5ca5b31.jpg
train,train/images/ab51931d-6b8c-492f-a287-3742d8f3dfe2-1080mm_jpg.rf.971b608593cb2e7c80438233a63a87cf.jpg
train,train/images/aba457bf-e37a-48a3-8caf-c5f60d05ff38-1220mm_jpg.rf.d0f58fdd4a86cec78068602abf4aa2dc.jpg
train,train/images/af00a934-19ea-4142-b39e-5905f3e8c779-1430mm_jpg.rf.d10cfc3546d300774c4db8cf9761cf00.jpg
train,train/images/afa26598-044e-41cc-b773-cb9dde306cec-0mm_jpg.rf.6a3b277a97fa55cb7bcd5de57cbf00f8.jpg
train,train/images/afc3f019-602f-43f4-af0f-41972bf366a4-1190mm_jpg.rf.18fc2e14b38fe155bdfb87520eb293a2.jpg
train,train/images/asdasd_jpg.rf.5df0d0d3a1754e9bf9bae9aeb11a57ed.jpg
train,train/images/asdasdsa_png.rf.6c57f8d2af015a0f4437f6a4985d7f70.jpg
train,train/images/b07d33b3-03b1-4247-a6b6-56adbaed8db2-1150mm_jpg.rf.20b8267ee8f90d33648fb7f01bb9772e.jpg
train,train/images/b0df20c1-df68-49d0-a6be-14e649759834-1130mm_jpg.rf.62e2c6edfad09ef48db896695393f153.jpg
train,train/images/b56183e7-29db-4673-8bd5-7d01c179a845-1210mm_jpg.rf.7236707e5defbb87ab12ebd32cc698cd.jpg
train,train/images/b58192a3-d17f-433d-81de-ac8df5a7215d-600mm_jpg.rf.00d8724387d304cc2ee425d2a37c26c1.jpg
train,train/images/b5b44026-ee41-466c-8dae-221b5fb973ed-930mm_jpg.rf.c35ea41d90bb7b21488c0122b8c19873.jpg
train,train/images/bb6c3108-1be0-4d3b-8386-4b966bd4dbe2-1750mm_jpg.rf.3b16856d81a95dc204d1959192e51ba8.jpg
train,train/images/bce1aca8-41ee-4739-a864-7d87535bda0f-1000mm_jpg.rf.496f4a917a378ded47a503be90682451.jpg
train,train/images/beb704a1-5b89-4f1e-b1d5-10f794a50a72-960mm_jpg.rf.c12490d3f58c16c7a6eed6bedf048a5e.jpg
train,train/images/c216ad95-fae5-494c-a288-6994316e21e4-1200mm_jpg.rf.1707f1eb47d1e42bef2499b85162357a.jpg
train,train/images/c2da0ab6-d3b5-4820-b383-a4837c96e28e-1350mm_jpg.rf.60bda97ce5c286fa7f8d2da7d2a271cc.jpg
train,train/images/c2ec2487-6b90-4e26-86ad-80ceb19d7875-1000mm_jpg.rf.a1cc9342106abf9c40417e5c0ce76764.jpg
train,train/images/c31c5e6b-03c8-42db-8e0d-496ccf7598dd-0mm_jpg.rf.7c8a8ec4cd1670923abc1f909a688e3c.jpg
train,train/images/c6d6183a-2425-40f2-be6f-6b4b4787ba79-620mm_jpg.rf.d8cdee2befb8b2370402eeb115e385a1.jpg
train,train/images/casdcxzcxz_jpg.rf.169d9662d9db7f170c9e8575c2830464.jpg
train,train/images/cb7a4920-3179-4099-8f96-a110e0dbcdea-920mm_jpg.rf.a25d79e057585e701c02a487b07b2428.jpg
train,train/images/cc848fe3-86fc-4556-8392-2885d0e626eb-1000mm_jpg.rf.64eb08d71cda5a1904ddcb9f4d1ac266.jpg
train,train/images/cc9dcd77-22c3-45e5-a148-430b68fe2210-710mm_jpg.rf.11bc6d893e065f1242320c61fa199707.jpg
train,train/images/cef948fd-0a9f-4750-961c-631510710c32-1350mm_jpg.rf.8947df3743c3d1d2f0876212204c5d25.jpg
train,train/images/climbing-perch-1-_jpg.rf.c9ed77799fadd52e82fe6403d8a350d5.jpg
train,train/images/climbing-perch-1-_png.rf.ceaa0ad4c87e72900b3979b97d024bc9.jpg
train,train/images/climbing-perch-10-_jpeg.rf.51cc1c3de75322a6d57d0c6f740126b9.jpg
train,train/images/climbing-perch-10-_jpg.rf.3c4aa545ce22f5ca5d78793852099224.jpg
train,train/images/climbing-perch-11-_jpeg.rf.35f778784fc56e3d624830607c1c55aa.jpg
train,train/images/climbing-perch-12-_jpeg.rf.33cfba1fc0960ba4565cd0f25f287880.jpg
train,train/images/climbing-perch-12-_jpg.rf.1a41b6289f2c1dbfeec4313897f3e0e8.jpg
train,train/images/climbing-perch-13-_jpg.rf.5ecf03d7cfbee8ecbfd12060b85046f3.jpg
train,train/images/climbing-perch-14-_jpg.rf.e0cde225a6bf7b9286d80794a5a6230f.jpg
train,train/images/climbing-perch-16-_jpeg.rf.003facfd05221c99007c6fef3662608b.jpg
train,train/images/climbing-perch-17-_jpeg.rf.7d85e3dd2d7918d498f8c423c2421601.jpg
train,train/images/climbing-perch-17-_jpg.rf.daed0537df3c73d7bd912dc890aedd98.jpg
train,train/images/climbing-perch-18-_jpeg.rf.ed24c80fe7428f877b99ab171ecf1bb1.jpg
train,train/images/climbing-perch-18-_jpg.rf.242426ae5456c92b900ce5948613a35d.jpg
train,train/images/climbing-perch-2-_jpg.rf.0067f9022b1d803e882384fe8c0a16d1.jpg
train,train/images/climbing-perch-20-_jpeg.rf.89beb2dd0b1414bbdf1d7812598dd3cf.jpg
train,train/images/climbing-perch-23-_jpeg.rf.28d7f303e1a8ffedfc39dd8031d1a825.jpg
train,train/images/climbing-perch-24-_jpg.rf.6df836c1dcf640a29e7ab201665b5569.jpg
train,train/images/climbing-perch-27-_jpeg.rf.225b8538d74d7c39a1045df779543820.jpg
train,train/images/climbing-perch-27-_jpg.rf.d2d75256c9be71ac632ab9fe80fdae8b.jpg
train,train/images/climbing-perch-28-_jpg.rf.d95060db2654f46eee793319c89d0b06.jpg
train,train/images/climbing-perch-29-_jpeg.rf.194e17e29b6c5cd683821181c264976f.jpg
train,train/images/climbing-perch-29-_jpg.rf.14d303e5cc71d822bf5b61c5d5e63240.jpg
train,train/images/climbing-perch-3-_jpeg.rf.c745383401f2bf2dc9473213ff7968f7.jpg
train,train/images/climbing-perch-31-_jpeg.rf.82bdd31d08b9cb506881fca17aba121f.jpg
train,train/images/climbing-perch-31-_jpg.rf.0424e56f5870ae01c2b4368b5566f08f.jpg
train,train/images/climbing-perch-32-_jpeg.rf.9285b03c376fe46c9a74b7bc05486d50.jpg
train,train/images/climbing-perch-33-_jpeg.rf.2192bcc190fba705e13de154180f31f8.jpg
train,train/images/climbing-perch-33-_jpg.rf.de4a1d2ded01823c144a562852ce73a6.jpg
train,train/images/climbing-perch-34-_jpeg.rf.9fe06b3e943bc64611d58f593ed371ec.jpg
train,train/images/climbing-perch-35-_jpeg.rf.1721fb240c3e4ac84760e39044018b92.jpg
train,train/images/climbing-perch-35-_jpg.rf.bbd5336a42c143547dd9eb5790bbd8b2.jpg
train,train/images/climbing-perch-36-_jpg.rf.1f2f6f92f7054d1c71c4512626a94928.jpg
train,train/images/climbing-perch-37-_jpeg.rf.41ad09a6febda8db3b0dc7841701bb53.jpg
train,train/images/climbing-perch-37-_jpg.rf.ef9da649e0763c2c238dab2e8fe8542d.jpg
train,train/images/climbing-perch-38-_jpeg.rf.d88ca5f29825a1c76cb2ad757773c46c.jpg
train,train/images/climbing-perch-38-_jpg.rf.f3f075c479db0eef06b885289732e1bb.jpg
train,train/images/climbing-perch-39-_jpeg.rf.21d5325ce0c2cc6430aca01164eaaa26.jpg
train,train/images/climbing-perch-39-_jpg.rf.aec66abe6f116e44d8c28530a97d9ac7.jpg
train,train/images/climbing-perch-4-_jpeg.rf.0a7943771889808331f86ffab8162eb5.jpg
train,train/images/climbing-perch-42-_jpg.rf.512a7286f50a9595c38aa9c8e6ee70a9.jpg
train,train/images/climbing-perch-43-_jpeg.rf.ece3c9b08b9b5d10b1f99f8a4e632477.jpg
train,train/images/climbing-perch-43-_jpg.rf.9ecfd99cc6bc0a553dcd28b7d6cff9de.jpg
train,train/images/climbing-perch-44-_jpeg.rf.49a3eedf43b32478e872e1e4523e35c0.jpg
train,train/images/climbing-perch-45-_jpg.rf.115b2c99c02583c6982a428b4db6a16a.jpg
train,train/images/climbing-perch-46-_jpg.rf.fc72947e634af0b0ba99e2e17ce7559f.jpg
train,train/images/climbing-perch-47-_jpg.rf.09782c67e658388760e87d870b32332d.jpg
train,train/images/climbing-perch-48-_jpg.rf.3fefa43c908161b46018e9c1bbec1fb7.jpg
train,train/images/climbing-perch-5-_jpeg.rf.125da9a55444f153d4ebd475c93574e1.jpg
train,train/images/climbing-perch-51-_JPG.rf.82a77b94d0b092de55b3eaa6bf4b4992.jpg
train,train/images/climbing-perch-52-_jpg.rf.f539be29a89ae734258571c53d965c2a.jpg
train,train/images/climbing-perch-53-_jpg.rf.709b0e6ff4b57f864b379751c85b7ce8.jpg
train,train/images/climbing-perch-54-_jpg.rf.69546959e62a365b6cbfcc615d2a0b30.jpg
train,train/images/climbing-perch-55-_jpg.rf.b2b4cb9cdc4556dc24d15079b7087710.jpg
train,train/images/climbing-perch-56-_jpg.rf.c5c27f09a2ba9029ca0b574012871030.jpg
train,train/images/climbing-perch-6-_jpg.rf.90a30f26b632d3c3fe4f788e43d70686.jpg
train,train/images/climbing-perch-7-_jpeg.rf.f43ca5490095e70e00d08bc3453e24a6.jpg
train,train/images/climbing-perch-7-_jpg.rf.19110c247ad99b953803cf9e5eea9317.jpg
train,train/images/climbing-perch-8-_jpeg.rf.066dca2316f4b138779d2e5b567d6fb9.jpg
train,train/images/climbing-perch-8-_jpg.rf.8c2ad8e1af4a3ca378167d293da93afa.jpg
train,train/images/climbing-perch-9-_jpeg.rf.61a290488d4ac3d264ca6017aa3a6c0e.jpg
train,train/images/climbing-perch-9-_jpg.rf.f37b47e6d95a531a4a55d3380f5b010e.jpg
train,train/images/cretrh_jpg.rf.3d57f6c6230018ef73883ee566cb09a0.jpg
train,train/images/cretvcgrtehyt_jpg.rf.07bc105e4b3672c1e495ea758914383b.jpg
train,train/images/crxtertgvc_jpg.rf.03603b0d3bc31da76e7784a1dc557ee0.jpg
train,train/images/cvvcxvcx_png.rf.3439b8ed6442508149f5c5eb39ead124.jpg
train,train/images/cxzCaxz_jpg.rf.b49b3e337cd282ff5a5f7ef399750bef.jpg
train,train/images/czxczxcxzc_jpg.rf.3a618671c470253286f35b20d74cbcf9.jpg
train,train/images/d007e6ac-e6c2-446e-8f2a-29d777f8e385-600mm_jpg.rf.4b4880cf7720014b3e4e2d270441183b.jpg
train,train/images/d0a58f49-800f-4ed9-b84c-381de87a1e55-860mm_jpg.rf.fb18579bad4cdd39f8f536990ea99a78.jpg
train,train/images/d1d29f18-5763-422c-900d-de436e3e8e8d-1650mm_jpg.rf.48c49ed4f5c63440477b80cdc68dab41.jpg
train,train/images/d1d30aa7-5c18-4271-93ca-fd319ec9720f-1030mm_jpg.rf.de7eca58596856c66e1a218904e1d2ad.jpg
train,train/images/d222851d-5a13-4971-8340-b4dfaec6f8b5-1090mm_jpg.rf.f10ce708204446743c2a14c1d9f49934.jpg
train,train/images/d2fa41fd-4616-474a-bf7d-bda0372f6689-800mm_jpg.rf.c565c1073db2b5bb17dd0c42e7d139f9.jpg
train,train/images/d702e3d8-fc7e-4cd3-a996-9a13e62e80a4-2000mm_jpg.rf.13a8d9e474158523c88ca5e5705f2c79.jpg
train,train/images/d7e687b0-5122-47be-b8c4-3f497bd02f52-1150mm_jpg.rf.31b17f81b2e487f48eafec036de08f25.jpg
train,train/images/d9748f0b-d107-4d57-8b89-ac6088c15022-750mm_jpg.rf.ffe3d5bb936e4618b1e3e1836fc9cc50.jpg
train,train/images/d9f36441-8d50-4eb3-a9da-986390496915-850mm_jpg.rf.18698bd1a1a3703f58c4e643b91f2f6f.jpg
train,train/images/davsfgbb-bfgdbh_png.rf.56875cb09071c9591028c244aa488a28.jpg
train,train/images/dczxczx_jpg.rf.728f04dec3f95e6edc942429310470c5.jpg
train,train/images/ded1fdf0-039d-4a83-bb50-ca6071fc6e6e-450mm_jpg.rf.61a1d1e897ba4e10c3b2058ebbc2e8a1.jpg
train,train/images/dfasfsdf_jpg.rf.9b3913ce3b3abda84b1c4e81b95f9a32.jpg
train,train/images/dfbdgfnbn_png.rf.b34476f9af46cc0db463a60eb852493c.jpg
train,train/images/dfdsf_jpg.rf.55ea01c02a4905880493a0e0666ea889.jpg
train,train/images/dfghgdfbgf_jpg.rf.cea88ea522cdbf71469951eb77486f13.jpg
train,train/images/dfgnbnfgn_jpg.rf.a994839cc499560a975aaba52e617617.jpg
train,train/images/dfvsgf_jpg.rf.6a1304361b5fca4ca1a89f0c2b7081b9.jpg
train,train/images/dscfsdfsd_png.rf.dd490f311e765d498a4f0f1672df0900.jpg
train,train/images/dsfsfdvcx_jpg.rf.a0f284ee6df6fa0659d5e8577cc9dbc1.jpg
train,train/images/e1611636-4c72-403b-a136-17988db66958-980mm_jpg.rf.96106141a22e251b66337750de567400.jpg
train,train/images/e2291a81-cf62-467b-97b7-3e05cfed5ac2-0mm_jpg.rf.99b05324766312fe97c252ffedd5c214.jpg
train,train/images/e3202b1a-085b-4450-b658-3b9d81eb6c6f-680mm_jpg.rf.24a54caa648e80d3d16c24461f188f7c.jpg
train,train/images/e3bfc6a0-3c8c-4707-b12c-a1a67984c89a-1100mm_jpg.rf.801f7779e3cac2952642bb895df6b15d.jpg
train,train/images/e4824e26-e476-408e-bd74-29d96767884b-1690mm_jpg.rf.d6e1412263682cc7c3fd55e0a32f3d36.jpg
train,train/images/e48b52ec-b9e3-44d3-bb88-7173a520eec8-870mm_jpg.rf.ba60401b9020e3b63d30847dd095ec9d.jpg
train,train/images/e727779a-395c-4ad3-b094-2400d1994b57-0mm_jpg.rf.d8c66390a2a8f440823b798654de9999.jpg
train,train/images/eaebc10f-389c-4768-b631-7d8367a5aa54-800mm_jpg.rf.e994909a064131cf072ab3a1206c7045.jpg
train,train/images/ee16553e-3d61-437b-9d7c-288393afd8b2-1880mm_jpg.rf.c309252e9e773e4a5c66b126cf115bee.jpg
train,train/images/ef51f2f3-f0c3-4d8e-8892-8f76c3936356-600mm_jpg.rf.5ee8611a3ba69fdae74f85a04b061b9f.jpg
train,train/images/f150774e-8173-42c4-b6c3-c7581c3fdc21-740mm_jpg.rf.14a0decfa5f0daf43ca6c9ddd69cf336.jpg
train,train/images/f2b4d06b-4c60-45f6-a356-b5aeff1c0efc-1300mm_jpg.rf.6731ef6d2585ed9b81bbd4586c7514bb.jpg
train,train/images/f31ed2f1-87ad-42b1-b2eb-d8fabe8591e9-1110mm_jpg.rf.21be85c48ca712375bf5661c62a188e7.jpg
train,train/images/f3ebd6d2-0a6c-470c-90cd-015255f187b5-0mm_jpg.rf.712f4630ca7e772b3001fb58bb8a7c2d.jpg
train,train/images/fb46e42c-d633-4fd3-b3f9-5e06f445d8a2-0mm_jpg.rf.17e5d84764422dec695c2a908293d551.jpg
train,train/images/fcvsdfvs_jpg.rf.d08ab96ebb992f42fbc9bf669251a653.jpg
train,train/images/fddsfg_jpg.rf.1bb55436cdf069894821d74de02992d0.jpg
train,train/images/fdsgbvccbnbcv_jpg.rf.6ce5a794d063894f4105fd0a6faf9195.jpg
train,train/images/fdsgfsdgdfg_jpg.rf.bf00acdc2e900107353f7ab03abed11d.jpg
train,train/images/fghfg_jpg.rf.816959243fa32753817806fb145a2879.jpg
train,train/images/fghfgh_jpg.rf.5381723f5fe13f2342c31dfd51156e41.jpg
train,train/images/fsdfsd_jpg.rf.7189cf2e36f1f6b465897fa410ebbf91.jpg
train,train/images/gfdhbnfghnb_jpg.rf.e4dceb4b6bcb14a62d9aa868e5fd8fbd.jpg
train,train/images/gfdshgfhfgh_jpg.rf.2621208ca8d6669296a23fe44420098c.jpg
train,train/images/gffdsgdfg_jpg.rf.e67dad40109923f9c9704784ee83bc72.jpg
train,train/images/hdgghgfjnhfgn_jpg.rf.997cc902b53a2b57812d81bd887743ef.jpg
train,train/images/nmnmnmnb_jpg.rf.207d11f47061e6be2f077bf26aadf00e.jpg
train,train/images/popoipio-_png.rf.a2c1b5d91840e57bf2ae54c82cd0d50f.jpg
train,train/images/qewqreqwrte_jpg.rf.41f71cb920f8a27d900349521907ff4b.jpg
train,train/images/qwereqwqr_png.rf.0eb8cd3eec64800635d154d3493b873b.jpg
train,train/images/safdsaf_jpg.rf.79558df55f7d6171cfd20a5c0c1cf751.jpg
train,train/images/sdasdsad_jpg.rf.ae7635b01dd27fb67db25416579db31a.jpg
train,train/images/sdcsdx_jpg.rf.18201e0039cd20f0d210c400ed5cb39e.jpg
train,train/images/sdfgvfdsvfdsf_jpg.rf.c1d882df65e25b7675346feaa4a99b06.jpg
train,train/images/sdsad_jpg.rf.3c0fb701cdc13430a2c4415271b523aa.jpg
train,train/images/sxczcxz_jpg.rf.7f3a22e3aca947b2c9e7a7eb900675c9.jpg
train,train/images/xczxccxcxz_png.rf.31c4da14dc3e51cecc5274542f7fa01e.jpg
train,train/images/xdfvbdffd_jpg.rf.40534a62ae27a6f154d0ac7f485be6b3.jpg
train,train/images/xzcxzcxz_jpg.rf.8b0f4f23d0dc5c626143df24c2563b8c.jpg
train,train/images/yttyyuuy_jpg.rf.c37bf7094b921aaf6bd4ff2e116e543d.jpg
train,train/images/zxcvcx_jpg.rf.f14caa0424b5f7fc04a294319f1ae135.jpg
valid,valid/images/0296c449-823f-46ea-a48d-1e1e6ac38c4a-170mm_jpg.rf.687616fe2bf0e6fd1cd06bf061a1601b.jpg
valid,valid/images/03b78524-e06c-490f-bd3f-1417a6931f2b-870mm_jpg.rf.b46260c1d8592a92701bbad30b2e8c96.jpg
valid,valid/images/06e1dc1e-e4be-4b14-bf77-8d6aef4aeb13-1350mm_jpg.rf.ab8e2183f4a746f24aca4ac5be85f231.jpg
valid,valid/images/0b488ffc-c5f2-4463-8cc6-cb3838a79d0c-700mm_jpg.rf.16390ebc7b8e3aca5965e18ab4a9f10f.jpg
valid,valid/images/0d698763-5f3d-4a30-ad0b-ea5ece10ad30-0mm_jpg.rf.d757cff66f3f06327a6a17fdc23d5dea.jpg
valid,valid/images/0f095fc9-8ef7-4024-8ab6-7f11a0480fb3-200mm_jpg.rf.85238a776e686feaaa2aa737e78c118b.jpg
valid,valid/images/0f0f4726-d10d-48b2-951b-add30b6db8cd-90mm_jpg.rf.318605f65ae34ddb6715fd6cd4a87914.jpg
valid,valid/images/101204-100mm_jpg.rf.9d96069f4b72e29ee5685f1bb8862f63.jpg
valid,valid/images/101469-720mm_jpg.rf.c838ea47d887d2595fb8fcfe1e3b9f5c.jpg
valid,valid/images/103817-110mm_jpg.rf.cdc7877d91c8c76371ca77c2a0b961a1.jpg
valid,valid/images/105178-150mm_jpg.rf.cd3cca550f9bbfb17e4e49811cbaedc4.jpg
valid,valid/images/105645-170mm_jpg.rf.c46683cb001c8fd685790fc8b73fd08a.jpg
valid,valid/images/105941-480mm_jpg.rf.0deabf96b65214b7a2f62e25977fea4d.jpg
valid,valid/images/105978-440mm_jpg.rf.bc1588a3ec6fea6764d29f2287b9e0d5.jpg
valid,valid/images/106097-100mm_jpg.rf.7fa70e1c540497e05676b2fccaddabb5.jpg
valid,valid/images/106660-590mm_jpg.rf.c3f75ffe261a0d09d8f06e13f93a99fc.jpg
valid,valid/images/107313-460mm_jpg.rf.b629ce1645518acc058436a141c50b67.jpg
valid,valid/images/108006-140mm_jpg.rf.7f93acc792693074b1adfb0a29022c2b.jpg
valid,valid/images/108870-1310mm_jpg.rf.17d4277e09d9eb95a3ac568aa5e4a8fa.jpg
valid,valid/images/110241-0mm_jpg.rf.a6e4f7eed0885b9844c5c97d65dfb0c4.jpg
valid,valid/images/111443-0mm_jpg.rf.57d1c8b5410889acbd0a1795b69d5893.jpg
valid,valid/images/11184-80mm_jpg.rf.f25253614cc101ed8ecb457ace4942e6.jpg
valid,valid/images/111849-120mm_jpg.rf.06a782ec639160e0b58e6b06b22ad817.jpg
valid,valid/images/112045-500mm_jpg.rf.c0ef5f42ffc6fecd94fa56b690f25bb9.jpg
valid,valid/images/112112-980mm_jpg.rf.b4fc7c501714b1c450011e8608c1f475.jpg
valid,valid/images/112406-0mm_jpg.rf.698a4c5b34b808b01b36e5129ee01f72.jpg
valid,valid/images/112563-190mm_jpg.rf.15d5aea26d2662103d5ade450af60f88.jpg
valid,valid/images/116280-0mm_jpg.rf.8f040934d7f8183e7f64f856e7f734cf.jpg
valid,valid/images/118244-0mm_jpg.rf.e363625f4145931101bae9d848f5efcc.jpg
valid,valid/images/121477-0mm_jpg.rf.a058833ed606294c856e4715c75b34ea.jpg
valid,valid/images/122380-120mm_jpg.rf.8e5c55818831730ee5c384ed996b4441.jpg
valid,valid/images/122635-120mm_jpg.rf.d27b675ab10765c944505ffd0747b5fd.jpg
valid,valid/images/12335-110mm_jpg.rf.0a05c9f5f3d48c596a7f059006cb1c02.jpg
valid,valid/images/123894-0mm_jpg.rf.8b5591b61a7815e263b1efa1d1b983be.jpg
valid,valid/images/124082-0mm_jpg.rf.9ede154206bcd372b23b6c136ffd237f.jpg
valid,valid/images/126471-120mm_jpg.rf.6acc1b2c0e19a1352b04558e92ae26da.jpg
valid,valid/images/126925-750mm_jpg.rf.1fdea02dbc09c6a8e64533b2eddbf7b9.jpg
valid,valid/images/127003-10mm_jpg.rf.703c52715767f23ef5331cefb6ee0f30.jpg
valid,valid/images/12716-150mm_jpg.rf.6efbfd11c8c8fb345e1f1bc28bde8245.jpg
valid,valid/images/127381-460mm_jpg.rf.13f36219e47e02aaab9c12f8838160cb.jpg
valid,valid/images/127866-730mm_jpg.rf.ebf2ccaf51d7ca8eb86c8b7371de088b.jpg
valid,valid/images/13857-120mm_jpg.rf.e62f85e5303f9d838a09588938b1d9d0.jpg
valid,valid/images/14782-140mm_jpg.rf.abcb38819813967afdd51c290d03f895.jpg
valid,valid/images/16bf2e4d-e434-4fc5-a46f-4132a121c1df-0mm_jpg.rf.ca6bc396f406967b15fc57b097e6fefe.jpg
valid,valid/images/17ebe5f4-80cd-467a-baa5-93733c8ee25f-100mm_jpg.rf.3b461fd1668dd49ce26ee05b88998113.jpg
valid,valid/images/19969-90mm_jpg.rf.abf149158514984b312ff1447355cc2c.jpg
valid,valid/images/1cde260b-471d-4d69-add2-76faba6805ad-1350mm_jpg.rf.3ffa7741b9da6c87a4e1780e686bf91d.jpg
valid,valid/images/1fb6a8d8-6484-485c-b272-275dd5801f7e-120mm_jpg.rf.1c02935f63aeb4c21b45a385eb6d6e76.jpg
valid,valid/images/2070511f-5156-4737-bbb7-ce2a41d58ec3-170mm_jpg.rf.deef1d35d488b3e6877a535cfa9b2b70.jpg
valid,valid/images/20989-120mm_jpg.rf.cd14508202d404ef3daea1cacf639de4.jpg
valid,valid/images/22123b68-acd2-498b-8826-5e1c64ceda5e-130mm_jpg.rf.84ea7164e86dd4d1106b848d05e7fac2.jpg
valid,valid/images/25484-140mm_jpg.rf.cbeb8a4098f047792bff174f9b2c5afe.jpg
valid,valid/images/25dd8cf3-cc77-4b96-80f6-45786797c482-0mm_jpg.rf.256986f1e95570911d2f1b244c8674d1.jpg
valid,valid/images/2604ce91-aac0-4868-b539-f71fae230083-90mm_jpg.rf.1f434e3dbf774a8193ce2f3babfdddbe.jpg
valid,valid/images/26631-70mm_jpg.rf.0f185b2f15ea9c91347595db0f83cb9c.jpg
valid,valid/images/27118-150mm_jpg.rf.e98eb6e51535726a40ab877948065e7f.jpg
valid,valid/images/27479-120mm_jpg.rf.112220055063faf2c6b69b0cd624e6a7.jpg
valid,valid/images/2ee66d62-4425-4808-88fe-2046ea63a658-0mm_jpg.rf.9215c3aa9faae2c8980e4f0f84241137.jpg
valid,valid/images/31c9b2ec-01bc-49be-85d8-210afd4b6b6f-0mm_jpg.rf.79fd7da4ec7fedf358efbb04e99cc76f.jpg
valid,valid/images/32177-150mm_jpg.rf.88c1eb16ddd60e11db973ea78be6de64.jpg
valid,valid/images/33193e34-6d19-412e-b4ee-9df326c6e33a-550mm_jpg.rf.b78b03718ca19c2e062db5d54c4ad965.jpg
valid,valid/images/34bc10d3-ae8e-4cdb-b815-a80b38f16d30-0mm_jpg.rf.310fc2876fb20f5cf62f11cc6db0524e.jpg
valid,valid/images/37238bc3-8558-4e37-9454-d54fcbbf4f40-200mm_jpg.rf.644bf87948bd21f428344cf7f5146f2a.jpg
valid,valid/images/37c1270f-e3ff-4bec-9553-5376d8ceb050-110mm_jpg.rf.88a84590f29e79a6bf0b381dfc1fa4e9.jpg
valid,valid/images/39600-80mm_jpg.rf.9ecbc08b747e07c17e390e8ba0b50de9.jpg
valid,valid/images/3b78cea9-48dc-4e3a-a632-ca4dcc71e384-0mm_jpg.rf.ee1e205271261269d01e54e88f848409.jpg
valid,valid/images/3ee6a741-5746-41c1-adec-54c40d8f7b90-400mm_jpg.rf.aa98921daecce034a26130d46bbe1d76.jpg
valid,valid/images/41d629fe-64a1-457d-ac33-718d1b1dff8e-80mm_jpg.rf.68ba9aecbea7f940df9bba5e60777d34.jpg
valid,valid/images/420ddbfe-01be-41a3-b0fc-df5f7e0148f4-80mm_jpg.rf.ed80314d0d4a56722af446da9d3652ae.jpg
valid,valid/images/437387b2-d44b-44ca-acc5-12d95c5242e0-0mm_jpg.rf.d0cc3731ead676bef19834f36335dfb3.jpg
valid,valid/images/4494e8ec-0b93-4222-b9e5-000627c79b04-500mm_jpg.rf.9f8154025c738d89dc05d4ca31d3765e.jpg
valid,valid/images/488555d2-bedb-4d3e-b71a-155ccde57272-0mm_jpg.rf.729340974a302c272dc68bb555f33bd8.jpg
valid,valid/images/4a6bf24a-d92e-4706-9bea-68f222a4d03a-130mm_jpg.rf.a409ae25ea6d57732f84e3d0fcbea52d.jpg
valid,valid/images/4a7ea889-a5e9-4d0b-baf6-956e03cb749b-0mm_jpg.rf.8ee83075093530c107fb545cb1b89f5b.jpg
valid,valid/images/4d735b3c-9bc9-4f6b-b925-8690a3f22e28-870mm_jpg.rf.5f499f6e95c74b2a133158a0b1d4a75d.jpg
valid,valid/images/4dd7752a-ff78-4a4b-8f99-f34237037969-0mm_jpg.rf.12a1dfaa7aedc6cc28f02d51ebfe82be.jpg
valid,valid/images/4fe82ae1-b6a5-497a-90ab-5acc905f13e3-130mm_jpg.rf.f4499920f16fa8808a0d5b7a2b6486e8.jpg
valid,valid/images/52bafa8b-a23f-45f6-a26e-4a41b2a33f03-60mm_jpg.rf.b98933fe74af7921a9b0efd91df1482c.jpg
valid,valid/images/58073-1110mm_jpg.rf.3350fa81c59fe584fde224d9c25b2a5e.jpg
valid,valid/images/603a4194-c23c-4450-9152-75f2181d5d49-0mm_jpg.rf.a324ad7802a28bfe337f0485ff64cf27.jpg
valid,valid/images/6145f932-4948-4ae0-9587-70172ed850df-1100mm_jpg.rf.98d7180cccc9569f71a6597d150b288d.jpg
valid,valid/images/66ca40c5-b5cd-42bf-abc3-233ffc434485-820mm_jpg.rf.1b7ff68311b03bb08a7edac0f9cf3045.jpg
valid,valid/images/6a5ec122-4232-4348-b9e9-115362bcae57-1150mm_jpg.rf.fa6acd1bffdc57de492726c613cce576.jpg
valid,valid/images/76ace7eb-1357-4580-896e-d800163323d7-1770mm_jpg.rf.8c6281d195c89c1d833f03f8ed0f8af6.jpg
valid,valid/images/7c75d922-30b4-4b64-af89-77784d8030da-550mm_jpg.rf.68e11aaeaa476c9f8f81ee892a5f7f6e.jpg
valid,valid/images/82254-1340mm_jpg.rf.5178a0b2c45fcbee487d52f3310b149e.jpg
valid,valid/images/822de1ac-e1aa-4f26-9e86-7afc47be30a1-1300mm_jpg.rf.c264efa54c2ebd4ac7f6088a08b03bc9.jpg
valid,valid/images/86066-850mm_jpg.rf.ac2d37849a411a9456853c6e0aa648ad.jpg
valid,valid/images/92286-1960mm_jpg.rf.121b5f69ce25d45f8f9a311e1e648881.jpg
valid,valid/images/Bangus-100_jpg.rf.df72cd23a438b135063d591b9f1b4949.jpg
valid,valid/images/Bangus-105_jpg.rf.96f3d4cb2c63a982b07ea236a3b589d1.jpg
valid,valid/images/Bangus-111_jpg.rf.1d5f38172af9c1be402aeb3daaa42f1b.jpg
valid,valid/images/Bangus-115_jpg.rf.0003baa94d50cc167e500d1e961e2597.jpg
valid,valid/images/Bangus-120_jpg.rf.68815c3b38889c65e073e6e01a503be0.jpg
valid,valid/images/Bangus-122_jpg.rf.14f90e5f95a81e2a2eba4081a0c718d6.jpg
valid,valid/images/Bangus-125_jpg.rf.df6ced5582556f596c5480775bb1edcd.jpg
valid,valid/images/Bangus-126_jpg.rf.95c17199c56d637033c30a2fe83b9ff8.jpg
valid,valid/images/Bangus-127_jpg.rf.eab827a1ba691659e5d8daaf3d78acfd.jpg
valid,valid/images/Bangus-128_jpg.rf.f176f53f5dbac3fd086268b73e370192.jpg
valid,valid/images/Bangus-143_jpg.rf.fc92918d9f41bf9c2b6dcbdfe508ddfe.jpg
valid,valid/images/Bangus-148_jpg.rf.59c2b356c8d37ee353172e0d2ef1f7b7.jpg
valid,valid/images/Bangus-14_jpg.rf.d7af2564819383f3c42d3c84efa75f42.jpg
valid,valid/images/Bangus-156_jpg.rf.44166a1b927cb2b63fd757c1cf9ce69e.jpg
valid,valid/images/Bangus-162_jpg.rf.f52072fe91901d6e87b83549a7ba2056.jpg
valid,valid/images/Bangus-169_jpg.rf.588a19f775156d3bfad2ea4e5a50f721.jpg
valid,valid/images/Bangus-19_jpg.rf.7245de2c69b29c2ff420e7c28475c01e.jpg
valid,valid/images/Bangus-31_jpg.rf.1723c18915f58409db054fd141e10c95.jpg
valid,valid/images/Bangus-39_jpg.rf.0c4a8abcffb398df5cefd9ddfb9fdda8.jpg
valid,valid/images/Bangus-3_jpg.rf.2f4300896a60aa7a67be2674f6049ea7.jpg
valid,valid/images/Bangus-44_jpg.rf.a5fd0a12b2cc245cb146c0d2afd31b15.jpg
valid,valid/images/Bangus-45_jpg.rf.8cf18a711ba49b81e839223c49cd076d.jpg
valid,valid/images/Bangus-46_jpg.rf.73931cf3c0b1eff0054d4651ddcea38b.jpg
valid,valid/images/Bangus-48_jpg.rf.9d11a77fd73da3e3a3cc1cf273080ecf.jpg
valid,valid/images/Bangus-50_jpg.rf.2b2ef6ffaf8e41e0b2e4330636bbd9e4.jpg
valid,valid/images/Bangus-65_jpg.rf.adb7232a3700a95db9186eaffa0c1edb.jpg
valid,valid/images/Bangus-70_jpg.rf.8914d892cf19c120d31a409dcda8f447.jpg
valid,valid/images/Bangus-73_jpg.rf.939d103121631d9f6e58d9ea6f025298.jpg
valid,valid/images/Bangus-79_jpg.rf.966f5958519fdb558483dc449f528f43.jpg
valid,valid/images/Bangus-87_jpg.rf.8bcefee05d37a33fc18c142c2e1deb43.jpg
valid,valid/images/Bangus-8_jpg.rf.dc96f0ad41a4eacd47f25061e4d90bea.jpg
valid,valid/images/Bangus-91_jpg.rf.f5b8b1aef31af5704c8b32560f86c5dd.jpg
valid,valid/images/Bangus-93_jpg.rf.472e0907470e759accb558a2e26a93da.jpg
valid,valid/images/Bangus-96_jpg.rf.7813a46159644d6f432d897a69ba88de.jpg
valid,valid/images/Bangus-97_jpg.rf.21c25d0d65487da32bbbb2ac12768db0.jpg
valid,valid/images/Big-Head-Carp-102_jpg.rf.9b357f46c358a85f2cc41ce32b0fc663.jpg
valid,valid/images/Big-Head-Carp-103_jpg.rf.b042e63680f833379b73a70a375d04a3.jpg
valid,valid/images/Big-Head-Carp-109_jpg.rf.8ddcc66814ac79cc15ed331c8b219ed6.jpg
valid,valid/images/Big-Head-Carp-111_jpg.rf.b538033511a285a5a6921b57d349a528.jpg
valid,valid/images/Big-Head-Carp-116_jpg.rf.0af172e224796fce403f7921ab4aef09.jpg
valid,valid/images/Big-Head-Carp-119_jpg.rf.a0b0630e9046ad52a28f95639d8413c8.jpg
valid,valid/images/Big-Head-Carp-121_jpg.rf.5b60d127e57645e967c4807d143a2e5d.jpg
valid,valid/images/Big-Head-Carp-154_jpg.rf.e34b8edff964455fb1c12662264868ae.jpg
valid,valid/images/Big-Head-Carp-166_jpg.rf.7cb5ac242c11380abf9b72ad43d31c77.jpg
valid,valid/images/Big-Head-Carp-16_jpg.rf.634a73302074ac7e461aed45e6f325f8.jpg
valid,valid/images/Big-Head-Carp-171_jpg.rf.74d117cd40c2c42990b278e8501549db.jpg
valid,valid/images/Big-Head-Carp-178_jpg.rf.c37db1705ec9eab5088b54dea5c4846b.jpg
valid,valid/images/Big-Head-Carp-17_jpg.rf.0b702d3d44a264644d56cba477a2ba04.jpg
valid,valid/images/Big-Head-Carp-188_jpg.rf.614e7798942673893fa7c7734289ce0a.jpg
valid,valid/images/Big-Head-Carp-18_jpg.rf.494763e96ff4040abb5273b9f966bdcf.jpg
valid,valid/images/Big-Head-Carp-194_jpg.rf.6ff66895fd07e32b2e2fb1314e060c42.jpg
valid,valid/images/Big-Head-Carp-200_jpg.rf.21e0cd4408f0d7e88c8ea6d3d8c7be6c.jpg
valid,valid/images/Big-Head-Carp-210_jpg.rf.f23a4fdb282fdfaeade810b28f8ce1a6.jpg
valid,valid/images/Big-Head-Carp-213_jpg.rf.8b2128f11adbaaffc67e5240b375970e.jpg
valid,valid/images/Big-Head-Carp-22_jpg.rf.9625fe38b5c52b2600b72e697cb80824.jpg
valid,valid/images/Big-Head-Carp-23_jpg.rf.6c6d26660f26f9e69d7f632fc7e47576.jpg
valid,valid/images/Big-Head-Carp-29_jpg.rf.c07448e243a0fc4b931dd179d7f5632b.jpg
valid,valid/images/Big-Head-Carp-33_jpg.rf.5415367fe4103efa1569833b36a1b3bc.jpg
valid,valid/images/Big-Head-Carp-38_jpg.rf.12c581941d42906fc7807a86d8fc7458.jpg
valid,valid/images/Big-Head-Carp-3_jpg.rf.97020d9e233a256ddbb0404fe756e17e.jpg
valid,valid/images/Big-Head-Carp-42_jpg.rf.1da060247e97cbbc5cc45821c3340a2f.jpg
valid,valid/images/Big-Head-Carp-43_jpg.rf.438e961bbe2a98145feea7158f741a6e.jpg
valid,valid/images/Big-Head-Carp-48_jpg.rf.7219b217b6e08a6b2965a809c6e9dcea.jpg
valid,valid/images/Big-Head-Carp-4_jpg.rf.53d8182a9141ddee74e2ba1f6d9b3de0.jpg
valid,valid/images/Big-Head-Carp-58_jpg.rf.a823bfbe24b7dc5466a7ac0062171b91.jpg
valid,valid/images/Big-Head-Carp-59_jpg.rf.887600ef6dd7382a2724dfa0708fa93b.jpg
valid,valid/images/Big-Head-Carp-63_jpg.rf.1e4cf9ef1dfba104369fa9cf598b8111.jpg
valid,valid/images/Big-Head-Carp-66_jpg.rf.c3d0a114dd02a7417fad6eed46519572.jpg
valid,valid/images/Big-Head-Carp-67_jpg.rf.f7ce30fd7c6f861947207159f86347aa.jpg
valid,valid/images/Big-Head-Carp-70_jpg.rf.39268f1c381adf0decc08def36291734.jpg
valid,valid/images/Big-Head-Carp-74_jpg.rf.378b8adc1941d394f4c1023c7fa339ed.jpg
valid,valid/images/Big-Head-Carp-75_jpg.rf.460835f47f83fd6b36f3ac3e403224b1.jpg
valid,valid/images/Big-Head-Carp-79_jpg.rf.ae07d204673eb7fdb519694d43f4f42e.jpg
valid,valid/images/Big-Head-Carp-87_jpg.rf.78be5f766d31c4dc45bae0ab8f5ae304.jpg
valid,valid/images/Big-Head-Carp-97_jpg.rf.5c5acc81183c208c0f21e7e989407fa9.jpg
valid,valid/images/Big-Head-Carp-98_jpg.rf.05e386e1968718740c7c42a98700b461.jpg
valid,valid/images/Black-Spotted-Barb-23_jpg.rf.2f73ecbdb1ac6bc51c3b1eb11fe06861.jpg
valid,valid/images/Black-Spotted-Barb-24_jpg.rf.be131a8207dfda09e6d6defce27556f5.jpg
valid,valid/images/Black-Spotted-Barb-31_jpg.rf.8bd8e798e713dc0f82223797ef742c31.jpg
valid,valid/images/Black-Spotted-Barb-4_jpg.rf.cc1b9a6ed8a887c54bbdfbdf22dfe921.jpg
valid,valid/images/Black-Spotted-Barb-50_jpg.rf.7f56b8d6411ec1a4bb761ea95c04103e.jpg
valid,valid/images/Black-Spotted-Barb-6_jpg.rf.ad911ebca5f599d76baec9badb3a9db5.jpg
valid,valid/images/Black-Spotted-Barb-8_jpg.rf.fa1bd05382dc93df38c9e3afb512bbb8.jpg
valid,valid/images/Catfish-12_jpg.rf.37b0d1b44009870b19ccc8d113e8f92c.jpg
valid,valid/images/Catfish-18_jpg.rf.a46fea51f813e3f2cf21af6300dbe622.jpg
valid,valid/images/Catfish-24_jpg.rf.1f6bce6d79539fea181e903b5a73f4bd.jpg
valid,valid/images/Catfish-27_jpg.rf.8e986899182f73d4ac7ab8f522f511b6.jpg
valid,valid/images/Catfish-32_jpg.rf.4c3ba33fb681e7144cda4fbdd9dbf2fc.jpg
valid,valid/images/Catfish-33_jpg.rf.15347b153d24579da8d019feb87db947.jpg
valid,valid/images/Catfish-36_jpg.rf.2acdc0c503cf11cb668d4f8a998663f0.jpg
valid,valid/images/Catfish-38_jpg.rf.099c6dce632830e3e6bf7f5040af00d8.jpg
valid,valid/images/Catfish-40_jpg.rf.3cfcd461c483103a4f1f09d10429b519.jpg
valid,valid/images/Catfish-50_jpg.rf.69e6f2a4d5f48c0ade0acf38be71ba1f.jpg
valid,valid/images/Catfish-5_jpg.rf.a1690e8471285b9fc1a7e79673e3dd8d.jpg
valid,valid/images/Catfish-8_jpg.rf.ceba7803e3e4477a6cd10144a1d1d99f.jpg
valid,valid/images/Climbing-perch-002_jpg.rf.4d2948e9b4f9a15e53fb4c7ee429801e.jpg
valid,valid/images/Climbing-perch-003_jpg.rf.4519e85385c47a4a081ec97fcad90e33.jpg
valid,valid/images/Climbing-perch-005_jpg.rf.117916ae6f67d027bc0f3f5d041d7fe9.jpg
valid,valid/images/Climbing-perch-008_jpg.rf.79e95f270f6d394ea634dbedf5ee0334.jpg
valid,valid/images/Climbing-perch-009_jpg.rf.4205f34d6c2f385efa747afd7c153c65.jpg
valid,valid/images/Climbing-perch-013_jpg.rf.b1531ca0d26a9c3ca4b6a186132eabdc.jpg
valid,valid/images/Climbing-perch-02_jpg.rf.869ddc2b8d501cd0af4a604287c8e59b.jpg
valid,valid/images/Climbing-perch-06_jpg.rf.f3d95d3bac145dacddd7b3cafc32c973.jpg
valid,valid/images/Climbing-perch-10_jpg.rf.5bee65a4bb9df051db0a258e85954616.jpg
valid,valid/images/Climbing-perch-17_jpg.rf.b3b082ef1bedc9d74161f919f899b785.jpg
valid,valid/images/Climbing-perch-19_jpg.rf.5414682d145f1c45c3d90c2bfd591eb4.jpg
valid,valid/images/Climbing-perch-22_jpg.rf.e34bef35ed01b974fe67b7583539fdd0.jpg
valid,valid/images/Climbing-perch-28_jpg.rf.406aba682ab1a9249420bce79bac251c.jpg
valid,valid/images/Climbing-perch-31_jpg.rf.137a45528474e1b038193ed1511781d1.jpg
valid,valid/images/Climbing-perch-43_jpg.rf.13f972c96fc11c43027fe67cf7016679.jpg
valid,valid/images/Climbing-perch-44_jpg.rf.2c7e086dea3ac052e1997a31434fab61.jpg
valid,valid/images/Climbing-perch-46_jpg.rf.2a56fe76b5c6a5f70fea0b60e32891f1.jpg
valid,valid/images/Climbing-perch-49_jpg.rf.eaf4800d4ce46555a16555b1b859e256.jpg
valid,valid/images/Climbing-perch-53_jpg.rf.95b178c5597bede5d5332e21803f35bf.jpg
valid,valid/images/Climbing-perch-54_jpg.rf.c4f3790042341521d212c0bf0f42bb79.jpg
valid,valid/images/CommonCarp_131_jpg.rf.15e5729c33e34c1adc26e0f4deaad3b9.jpg
valid,valid/images/CommonCarp_167_jpg.rf.21c3c6d9936e0ba4e59012d478955bce.jpg
valid,valid/images/CommonCarp_169_jpg.rf.fffa917206fcf4833dc096ee12355ed7.jpg
valid,valid/images/CommonCarp_174_jpg.rf.05a64234e7c238082b44e5add433f71f.jpg
valid,valid/images/Fourfinger-Threadfin-15_jpg.rf.1577aadf36fc80ba9df124a0cdbd1818.jpg
valid,valid/images/Fourfinger-Threadfin-16_jpg.rf.f8728ba86efe310d6eab120d2c1e0953.jpg
valid,valid/images/Fourfinger-Threadfin-20_jpg.rf.76d885ebf6420626cafaa9607a6ea9a4.jpg
valid,valid/images/Fourfinger-Threadfin-23_jpg.rf.2fbc06890e4e91df90de681e742e14ba.jpg
valid,valid/images/Fourfinger-Threadfin-25_jpg.rf.967967f57d0c2014774ef1c00628892e.jpg
valid,valid/images/Fourfinger-Threadfin-32_jpg.rf.14834d336458b67ba6b0d14f1c94609f.jpg
valid,valid/images/Fourfinger-Threadfin-4_jpg.rf.b4268b76c8d0d5f1c73eadba93245eae.jpg
valid,valid/images/Fourfinger-Threadfin-9_jpg.rf.3b2ed7b7d8ff3683c0d017d72dcb21e6.jpg
valid,valid/images/Freshwater-Eel-10_jpg.rf.debe49a593c4ff4f13b9ab396c3e1d9a.jpg
valid,valid/images/Freshwater-Eel-13_jpg.rf.8a0f897e919ddb90272d12a106c58e56.jpg
valid,valid/images/Freshwater-Eel-22_jpg.rf.714a7efc3f421a0563d529c9f0a43edf.jpg
valid,valid/images/Freshwater-Eel-24_jpg.rf.9b31c8aa33fa462acfd9143977d54bd0.jpg
valid,valid/images/Freshwater-Eel-27_jpg.rf.2f4073140b5b7e6cd308b216edd2f8a0.jpg
valid,valid/images/Freshwater-Eel-28_jpg.rf.2b8ce18e88432e187cd549d1f6987f15.jpg
valid,valid/images/Freshwater-Eel-32_jpg.rf.6d8e002e0a5cfc4df78d825bf69e1e2d.jpg
valid,valid/images/Freshwater-Eel-44_jpg.rf.511e946f87d9aba944997e285ec77a43.jpg
valid,valid/images/Freshwater-Eel-50_jpg.rf.3275d1ba931d0bd8b40ddcc58a860656.jpg
valid,valid/images/Glass-Perchlet-14_jpg.rf.d130847552e20f90cdda65ff3c5821bf.jpg
valid,valid/images/Glass-Perchlet-23_jpg.rf.72e77589183e600475bc7db1f8c7b45a.jpg
valid,valid/images/Glass-Perchlet-24_jpg.rf.54c1b04af3e1f87788167a62a5e402ce.jpg
valid,valid/images/Glass-Perchlet-26_jpg.rf.9b8c437afa7ac5decd4a9c073f585d6d.jpg
valid,valid/images/Glass-Perchlet-31_jpg.rf.a31980c40d9358085be149025c3d0431.jpg
valid,valid/images/Glass-Perchlet-32_jpg.rf.e62dc4e5a68bdf2314dc4ecb31145086.jpg
valid,valid/images/Glass-Perchlet-48_jpg.rf.06e5b94aba4eb89c537af5ee5c1510a9.jpg
valid,valid/images/Glass-Perchlet-4_jpg.rf.15eb997a5a43fce5755c4320dbd81482.jpg
valid,valid/images/Gold-Fish-15_jpg.rf.d0e37dba049c4800af9f294cbe302195.jpg
valid,valid/images/Gold-Fish-16_jpg.rf.3a3bab0c24be98694d1e70a249c516fd.jpg
valid,valid/images/Gold-Fish-22_jpg.rf.4ec8713c26a698363e67d370f39964bb.jpg
valid,valid/images/Gold-Fish-29_jpg.rf.d82aabb95f5b8badbcd2f8fe678036f1.jpg
valid,valid/images/Gold-Fish-3_jpg.rf.e6ca45129a12c10def6ba68a075b9f1b.jpg
valid,valid/images/Gold-Fish-42_jpg.rf.9c0321a97c50710d838011ecb50d2657.jpg
valid,valid/images/Gold-Fish-46_jpg.rf.b6460a24e6e1dba9cd42a09f1a6fca34.jpg
valid,valid/images/Gold-Fish-49_jpg.rf.c28383ef34fafe9cfad210304402a28c.jpg
valid,valid/images/Gold-Fish-5_jpg.rf.97a426580faf564c3651271475c177f2.jpg
valid,valid/images/Gold-Fish-7_jpg.rf.56a9b31da36b0244f0681afce52107c9.jpg
valid,valid/images/Goldfish-013_jpg.rf.1d0f7800a034b98d2b9edca6ca7bee74.jpg
valid,valid/images/Goldfish-014_jpg.rf.24b8bcc26d67e412c69113c2cb8ebcbc.jpg
valid,valid/images/Goldfish-026_jpg.rf.bc215fcb54a0516417a5cd0ec3c7f991.jpg
valid,valid/images/Goldfish-029_jpg.rf.c5713c1626bf6a05a489a72c4366d026.jpg
valid,valid/images/Goldfish-031_jpg.rf.9c2b68a57cffe7ce3667ab6c3538bb23.jpg
valid,valid/images/Goldfish-037_jpg.rf.143c811696aaa00c0cb4a33107740e98.jpg
valid,valid/images/Goldfish-040_jpg.rf.c28f66bd6f8e2ea3dbba2b74586b3d1e.jpg
valid,valid/images/Goldfish-043_jpg.rf.2e7694fd081272e1588d1c0957789932.jpg
valid,valid/images/Goldfish-058_jpg.rf.f4f8f5c16f17f9f2916ab1fb71bb9bf9.jpg
valid,valid/images/Goldfish-061_jpg.rf.9ffeec4a3343addadc4383e5cf1fbbc2.jpg
valid,valid/images/Goldfish-062_jpg.rf.5c96b15d930025becdfeb6e235726c49.jpg
valid,valid/images/Goldfish-066_jpg.rf.138f19e09ddc92530f1d9f5ebd0c2550.jpg
valid,valid/images/Goldfish-067_jpg.rf.2cdd077c172b5ce681b42a23524aca07.jpg
valid,valid/images/Goldfish-080_jpg.rf.80b2797def20367260c92bc8dec6d50e.jpg
valid,valid/images/Goldfish-082_jpg.rf.e27c275fd5cf1c9132d3ca6db08e0f51.jpg
valid,valid/images/Goldfish-084_jpg.rf.abf73716805be607b1ed0759ac2b4002.jpg
valid,valid/images/Goldfish-088_jpg.rf.1c152fa8c572b687efdd2ed732289e15.jpg
valid,valid/images/Goldfish-091_jpg.rf.6d245ce28efb7ca9d509f9e209486eb1.jpg
valid,valid/images/Goldfish-093_jpg.rf.fea6b8780af0059fc4922cdfe7d4f39c.jpg
valid,valid/images/Goldfish-103_jpg.rf.ac1947a2708cd07fbb62164d61aa0772.jpg
valid,valid/images/Goldfish-109_jpg.rf.d4ed523bb8e34b043f808c3aa56a3e02.jpg
valid,valid/images/Goldfish-111_jpg.rf.c0fa87478398ba965b9fbaca4913445a.jpg
valid,valid/images/Goldfish-118_jpg.rf.24ddd7fa6c5d059352bc8769ce0e9725.jpg
valid,valid/images/Goldfish-119_jpg.rf.cd2c39a486d99954f78fced7033d4f1c.jpg
valid,valid/images/Goldfish-121_jpg.rf.c3bde71285e9e4e455b96e03c87c398c.jpg
valid,valid/images/Picture100_jpg.rf.7f3b880b6b59ab2f9397283a4dbafa52.jpg
valid,valid/images/Picture102_jpg.rf.f7866bcf575a442e948369a6fd9eb122.jpg
valid,valid/images/Picture105_jpg.rf.21d448d1e3f9f774fea0855f63fe8332.jpg
valid,valid/images/Picture106_jpg.rf.67bdf01a2b79ef385841a6f61156542a.jpg
valid,valid/images/Picture108_jpg.rf.7a4caf4691ec3ca687835b9827cab576.jpg
valid,valid/images/Picture109_jpg.rf.45ceb24a5218f4853294f9ecf6d47c33.jpg
valid,valid/images/Picture10_jpg.rf.a1272d966ddb11d9dc6eef8067cbea57.jpg
valid,valid/images/Picture110_jpg.rf.4b4e9333bc4540cae8b167b4f5bcb564.jpg
valid,valid/images/Picture111_jpg.rf.578ba4640afbc1a28253cbad2c50de29.jpg
valid,valid/images/Picture11_jpg.rf.c68ea285a7a62f1b8ebfdb33b118e950.jpg
valid,valid/images/Picture120_jpg.rf.f87907f0238a97613a95a6dc0afd3620.jpg
valid,valid/images/Picture123_jpg.rf.57688f5e33936d3dbec24b50e629dd8b.jpg
valid,valid/images/Picture124_jpg.rf.a5893a02b137025383391de73bebda2f.jpg
valid,valid/images/Picture124_jpg.rf.fcdd3affd57692ef70766cadc6e59d0c.jpg
valid,valid/images/Picture125_jpg.rf.8b89b579aaf84cc395de9dc1a406431c.jpg
valid,valid/images/Picture126_jpg.rf.c2ec4d9aa9365a888ece84edbabb9a49.jpg
valid,valid/images/Picture133_jpg.rf.18b1d298725be169d60ca72931ea9b18.jpg
valid,valid/images/Picture134_jpg.rf.676ca41b6d98a999ff98971757d2c2d9.jpg
valid,valid/images/Picture134_jpg.rf.916eb70fb8a41f11b0cc9a02b2c1b2f6.jpg
valid,valid/images/Picture135_jpg.rf.29bb643e14c39171536e2f0462c93d50.jpg
valid,valid/images/Picture139_jpg.rf.bd3b6fca2e4c8628987c1a2d533ec99a.jpg
valid,valid/images/Picture139_jpg.rf.eab51dc6d94a1c4d6727b12da047fe3f.jpg
valid,valid/images/Picture146_jpg.rf.13dc540a7e44c96691ebc26d294bfdf1.jpg
valid,valid/images/Picture149_jpg.rf.bee1183247e8cbd52b95abd87bbdf15c.jpg
valid,valid/images/Picture151_jpg.rf.4c6ca2c2ac26f84f2e9ec4d7c1e7530a.jpg
valid,valid/images/Picture151_jpg.rf.8674847c683cec066314fa7d8ffd5696.jpg
valid,valid/images/Picture153_jpg.rf.72b5fff273ec701bea486e9388c3d963.jpg
valid,valid/images/Picture159_jpg.rf.9d5b4a4926a07d13302e9d6ec07970cb.jpg
valid,valid/images/Picture168_jpg.rf.44d24cb32ebe3b718cec623fe6c6e2c8.jpg
valid,valid/images/Picture16_jpg.rf.21d93e556961bbd742180de43d28ac1c.jpg
valid,valid/images/Picture16_jpg.rf.6d1bf88df9d23d3e805bc716432f8793.jpg
valid,valid/images/Picture171_jpg.rf.d9953293fbc50562e2917381d6e86337.jpg
valid,valid/images/Picture173_jpg.rf.cc5fab9ad546f56c8964943d84c66390.jpg
valid,valid/images/Picture176_jpg.rf.935c15044ca028814b40eef38fabd392.jpg
valid,valid/images/Picture17_jpg.rf.66f2c22da97aca35a74699105ca6b973.jpg
valid,valid/images/Picture180_jpg.rf.794690e39969f475c70835afc8253bd4.jpg
valid,valid/images/Picture192_jpg.rf.bfbadf9526fe46f903b2e75853ee31b6.jpg
valid,valid/images/Picture198_jpg.rf.14271850de739f0cfcacf548a1cf3112.jpg
valid,valid/images/Picture199_jpg.rf.6a62eb1cfe081d50b2eba90eb6474833.jpg
valid,valid/images/Picture201_jpg.rf.9089a399a8cf7467b5f8ae2276a45fc3.jpg
valid,valid/images/Picture202_jpg.rf.e115247756ed9137ad211522036e692e.jpg
valid,valid/images/Picture206_jpg.rf.98f89ebdac2510937e49f46c11c78d01.jpg
valid,valid/images/Picture210_jpg.rf.bd8051ba364900dab5b73e59a04d0e9d.jpg
valid,valid/images/Picture212_jpg.rf.3554f7f6f13284819dd0461fe0f69f95.jpg
valid,valid/images/Picture216_jpg.rf.b219fd6e819124face5c888c5a9d0260.jpg
valid,valid/images/Picture222_jpg.rf.5b5864a7af8735f3429eb8cf8c41976c.jpg
valid,valid/images/Picture22_jpg.rf.6f5d0870da9bc75d9cd4dd82df483de3.jpg
valid,valid/images/Picture235_jpg.rf.5002a5e3f1ce1ee6cafc92a215921077.jpg
valid,valid/images/Picture23_jpg.rf.718220a90d268fb5330aec511616b148.jpg
valid,valid/images/Picture241_png.rf.84d2a8485e8eefe5c28623beaea90790.jpg
valid,valid/images/Picture247_jpg.rf.81e700b7f3105087e15e9ba09e23571a.jpg
valid,valid/images/Picture248_jpg.rf.a5fd24b6e292fd2a0cde55a09138f3cb.jpg
valid,valid/images/Picture252_jpg.rf.bf77cc7bbb4dd0c3eab173091be6a641.jpg
valid,valid/images/Picture255_jpg.rf.caeb81fb98e6bc8044acacb0179f37b9.jpg
valid,valid/images/Picture258_jpg.rf.dce109faecfddaa1b94359be46fc2a09.jpg
valid,valid/images/Picture259_jpg.rf.d4a7840bdc4f93aad548913fe1247915.jpg
valid,valid/images/Picture263_jpg.rf.0d503a4470bcb605143d59e2532c89e2.jpg
valid,valid/images/Picture26_jpg.rf.e02a4ed0108a9f9aad4806d56d8eb455.jpg
valid,valid/images/Picture27_jpg.rf.8ec2a7b28a1aedb2e4002c034ae6b4f0.jpg
valid,valid/images/Picture299_jpg.rf.dde33bcc03fa42e75ba3f432883c7791.jpg
valid,valid/images/Picture304_jpg.rf.04e0213b0d4509534ae2734c56eb7266.jpg
valid,valid/images/Picture308_jpg.rf.ce06c723b78f52e38948ba3220379183.jpg
valid,valid/images/Picture320_jpg.rf.72336ebb0ba359576d9ef26064799174.jpg
valid,valid/images/Picture322_jpg.rf.a24128446be412c622cdbec19375a415.jpg
valid,valid/images/Picture323_jpg.rf.cc0291a9a0683a1ecd7806d650781bbd.jpg
valid,valid/images/Picture32_jpg.rf.1796f2afb82113efcf382f2c3ae175e9.jpg
valid,valid/images/Picture332_jpg.rf.a76e344a8dc6d80a64b3a75ebb1822a0.jpg
valid,valid/images/Picture33_jpg.rf.2720e8f7f09003bda37fbf24cb586d96.jpg
valid,valid/images/Picture33_jpg.rf.84dd3f188c47427994a8e1b3b55bbe98.jpg
valid,valid/images/Picture345_jpg.rf.c426f2b10730555143c2ce50a0a7374b.jpg
valid,valid/images/Picture352_jpg.rf.7222b7cdd0e5a3f29e5652d6dd57e502.jpg
valid,valid/images/Picture358_jpg.rf.b4e5bfb08f6d2cbae854f9bd8d2e866b.jpg
valid,valid/images/Picture368_jpg.rf.f2794b9983cf29077092245fd11125ee.jpg
valid,valid/images/Picture378_jpg.rf.9c592ddc755687699d1503abf4e1d75a.jpg
valid,valid/images/Picture392_jpg.rf.f0e1f9c21a6b2682467f4599e2f46d30.jpg
valid,valid/images/Picture394_jpg.rf.818617d1cb4d1f76a719a76caac4df74.jpg
valid,valid/images/Picture397_jpg.rf.7a77f88002913afd7b5a03a80a78c3a2.jpg
valid,valid/images/Picture403_jpg.rf.a3c9eb3f71c4a938b73648e8baebe459.jpg
valid,valid/images/Picture404_jpg.rf.749aefc457858ac2e68299ec116b39c9.jpg
valid,valid/images/Picture405_jpg.rf.9fe03292cceabf8aa11b18d8990727f1.jpg
valid,valid/images/Picture419_jpg.rf.680ecb30a6ecdf49d9d0df9e8483b343.jpg
valid,valid/images/Picture422_jpg.rf.8a7e168809f305ac09508900e3a2f4ef.jpg
valid,valid/images/Picture432_jpg.rf.bb3edf5b14dbe7282bf435dee24e2450.jpg
valid,valid/images/Picture434_jpg.rf.0d5613d54fcf8b91790fba3284a7dcf2.jpg
valid,valid/images/Picture442_jpg.rf.58e99d0ff46cf8045d04994855aca6dc.jpg
valid,valid/images/Picture444_jpg.rf.d7f6ef7746eacf73bd8067fd0e99beb1.jpg
valid,valid/images/Picture447_jpg.rf.8bffc86e3d3280a9ba1ad7c0e65e7afc.jpg
valid,valid/images/Picture450_jpg.rf.dcf0b797e316ccd9d18573ddcb775440.jpg
valid,valid/images/Picture451_jpg.rf.f3006af995e56756443d9840a349df06.jpg
valid,valid/images/Picture454_jpg.rf.667ca3f994ecda97f95640cdb7b546d2.jpg
valid,valid/images/Picture456_jpg.rf.ee14ef3dce76b1702a56839b6adad1f9.jpg
valid,valid/images/Picture45_jpg.rf.e946a11488d0f2c25a092e51bb607bfe.jpg
valid,valid/images/Picture464_jpg.rf.a246d249633d8afac90bcbf595d31d59.jpg
valid,valid/images/Picture467_jpg.rf.459cf80579a787052a4f4f25e6ad9a1d.jpg
valid,valid/images/Picture46_jpg.rf.5a1c5788fe3c994271e0c5894ef5f35e.jpg
valid,valid/images/Picture46_jpg.rf.c5e6d5e9b38c8d565179a3b0c7da492e.jpg
valid,valid/images/Picture470_jpg.rf.59e13bd72580866496d604b4c78efc39.jpg
valid,valid/images/Picture471_jpg.rf.bf549d4abc700af2ffb4e80b9aca1551.jpg
valid,valid/images/Picture473_jpg.rf.740ac612c1a479ca91386fcdca5c1942.jpg
valid,valid/images/Picture474_jpg.rf.f551305022515d5431cff2fb55e5ff9d.jpg
valid,valid/images/Picture475_jpg.rf.b1b0c78f756e248966a579745c9f450d.jpg
valid,valid/images/Picture476_jpg.rf.7fd68c1208b606afd964245aab755286.jpg
valid,valid/images/Picture478_jpg.rf.8682aeb80a1048e88349568f2de285cb.jpg
valid,valid/images/Picture47_jpg.rf.5086c5545d63a72674d5e86f4e373e96.jpg
valid,valid/images/Picture487_jpg.rf.6d71bc4c3e5d645542d8bb29e2d0cd87.jpg
valid,valid/images/Picture490_jpg.rf.0cc245b58beea8469d247a213c4a94e7.jpg
valid,valid/images/Picture496_jpg.rf.e38f67791b3697aa5e1300c1f8b551c7.jpg
valid,valid/images/Picture498_jpg.rf.138b3c41119ecf436940434bd0ec7065.jpg
valid,valid/images/Picture499_jpg.rf.de4852c36d007ce914959346131c3c95.jpg
valid,valid/images/Picture4_jpg.rf.f65c4305ae690615a27da5d94edd6ba4.jpg
valid,valid/images/Picture500_jpg.rf.c3e03927a8b9c0c6f1966a94b36b8b11.jpg
valid,valid/images/Picture503_jpg.rf.129527abe9ff551e6c12ce14c9dc2fbb.jpg
valid,valid/images/Picture505_jpg.rf.b11d468e04306c9bf44dd7c985c5bc29.jpg
valid,valid/images/Picture506_jpg.rf.e77076287c87af00387b7f99e4ffc5d5.jpg
valid,valid/images/Picture507_jpg.rf.2d5e58a1b191171fb75bd7679c5d190c.jpg
valid,valid/images/Picture511_jpg.rf.095951addb3f1580fe380a81d2b2d786.jpg
valid,valid/images/Picture530_jpg.rf.dfc380129a622d0d7393fd8cf67cd5e8.jpg
valid,valid/images/Picture536_jpg.rf.120f7b012f31e80179da26196d695196.jpg
valid,valid/images/Picture53_jpg.rf.c1f6ce2f23de3da4d83d22029c85d318.jpg
valid,valid/images/Picture540_jpg.rf.347c68d33bd5a99d45ffb30abe396e48.jpg
valid,valid/images/Picture541_jpg.rf.cfa9df06317fa27ff4b7730f311c9e20.jpg
valid,valid/images/Picture543_jpg.rf.ba3bded4a9b3299791b45ba451a6311e.jpg
valid,valid/images/Picture544_jpg.rf.06320cc4d4e58be05b921e40ebbe8193.jpg
valid,valid/images/Picture545_jpg.rf.50508b1cc7d307f1e8686cf86c05e183.jpg
valid,valid/images/Picture547_jpg.rf.7bf8a067c79ce0cb4e6bf69e13571f6c.jpg
valid,valid/images/Picture54_jpg.rf.047c90bec4cb68db8f3c96f531a18388.jpg
valid,valid/images/Picture557_jpg.rf.ef0f76101d6d198c124bf23652580209.jpg
valid,valid/images/Picture55_jpg.rf.77c5c778ae70656df52802bef16c8619.jpg
valid,valid/images/Picture562_jpg.rf.50abbb5a168ee583b65a7158c07be162.jpg
valid,valid/images/Picture568_jpg.rf.217493f9919126fd0d85807eff4e54aa.jpg
valid,valid/images/Picture56_jpg.rf.2797083f9100035a542a2bdb7e657dfd.jpg
valid,valid/images/Picture575_jpg.rf.02ecae10ffb1d9a33995d5b783546ebd.jpg
valid,valid/images/Picture579_jpg.rf.532729a5e64d5cd487b642b1d29053b4.jpg
valid,valid/images/Picture580_jpg.rf.49e55a7b4bec1a55a5d42a16f72cbed7.jpg
valid,valid/images/Picture589_jpg.rf.4de0ed13b1d9c27f329b369ecfa643eb.jpg
valid,valid/images/Picture58_jpg.rf.9d8d9e006895c8e0a55a0d06c5b77f5c.jpg
valid,valid/images/Picture58_jpg.rf.b572171af8295c67211ceefc9998e70b.jpg
valid,valid/images/Picture592_jpg.rf.10c25247616cabcd167bb3d50350b9c8.jpg
valid,valid/images/Picture59_jpg.rf.25bd06e1aa08ebc0dcdec6452ad4ee32.jpg
valid,valid/images/Picture5_jpg.rf.06bed168f2b67a2a92fd4f155c4414f4.jpg
valid,valid/images/Picture600_jpg.rf.688263b20e5a421805224b300b0a5639.jpg
valid,valid/images/Picture601_jpg.rf.ebd9b517104b178fb82053178e4bf0ca.jpg
valid,valid/images/Picture605_jpg.rf.813950d58dab93dfaaebed2164ecb4c5.jpg
valid,valid/images/Picture607_jpg.rf.4167fa732df0bdab45bfc084ac91b45d.jpg
valid,valid/images/Picture624_jpg.rf.1a9a3230d5ade84854575b417d04b498.jpg
valid,valid/images/Picture62_jpg.rf.9fd2f6523eebcae48a1c1ba427126ab5.jpg
valid,valid/images/Picture636_jpg.rf.929abbfffbedd66deadc61f0895dfdf0.jpg
valid,valid/images/Picture63_jpg.rf.11160bdc097d49513f8ad9bf84cbc947.jpg
valid,valid/images/Picture642_jpg.rf.3918d8985821ce79590dd92baa936a91.jpg
valid,valid/images/Picture648_jpg.rf.a5ec2a4503ff9df2dc7580763be45e43.jpg
valid,valid/images/Picture654_jpg.rf.19b993f2d26f26dd471fa83fc0d16d9b.jpg
valid,valid/images/Picture655_jpg.rf.febc0908f59164ccc800c59f0d36a5d6.jpg
valid,valid/images/Picture658_jpg.rf.2c143b772b8093910183b5be4245f074.jpg
valid,valid/images/Picture659_jpg.rf.4b100805635f3a61d630cb412d00f255.jpg
valid,valid/images/Picture665_jpg.rf.dab06bf611a505ec0152bf40d8bef79d.jpg
valid,valid/images/Picture70_jpg.rf.98df9f15a17972cb712ea92aa0053a06.jpg
valid,valid/images/Picture71_png.rf.9e9cfbfebee4898e4de5a40b7d20836d.jpg
valid,valid/images/Picture73_jpg.rf.151b6ab4eaed079021f9b2811d1841e7.jpg
valid,valid/images/Picture73_jpg.rf.ed1a209a7d965b612071dd126f30c6a2.jpg
valid,valid/images/Picture74_jpg.rf.f5071adf915deaea13364948f24120c9.jpg
valid,valid/images/Picture77_jpg.rf.f0fbeb4ff1a8e4f300c6278e1873b103.jpg
valid,valid/images/Picture7_jpg.rf.24ffb2fabfbd3d627665918d4f7a47e5.jpg
valid,valid/images/Picture7_jpg.rf.50bf13e99a0306cbf23ef8a65e74faa9.jpg
valid,valid/images/Picture82_jpg.rf.c0930f93e9f74c504a6b2bee904c3964.jpg
valid,valid/images/Picture87_jpg.rf.7e3a006d5dee18fe87ee93c0512cd814.jpg
valid,valid/images/Picture92_jpg.rf.7b5e9a0a5ddade41d0e4159723479769.jpg
valid,valid/images/Picture92_jpg.rf.9d59858f2b4c7519bc6bc01df0b5781c.jpg
valid,valid/images/Picture93_jpg.rf.63bf882c5fec41c52664b11e2ef38660.jpg
valid,valid/images/Picture99_jpg.rf.67de87ece5b2b745e273a1006bb442a0.jpg
valid,valid/images/Picture99_jpg.rf.a62f2c37f4c537853bcc8777b8d14b92.jpg
valid,valid/images/Picture9_jpg.rf.f8d15c5b2683f40c1905f7b0fdf51f73.jpg
valid,valid/images/a1b80c82-9df7-4d84-bc75-a009b8fbde95-1580mm_jpg.rf.fa4439a77e8c204d7edc8dc0332958ed.jpg
valid,valid/images/a5ecda8d-51b2-40b7-95f5-c019cc514679-600mm_jpg.rf.0e46ec4f0a6d44be3a214efe25a859f7.jpg
valid,valid/images/adsfdsaf_jpg.rf.5be796951b43d7d057cd148735cf14fb.jpg
valid,valid/images/b1c1e928-3017-45a3-88ed-0c2e05c7aa40-1250mm_jpg.rf.5d9a9adc1308c63e2b9f7c55019af3ae.jpg
valid,valid/images/bb268741-1b5d-4c29-afe0-ca2fcfb0d8d1-1460mm_jpg.rf.cdff57e8aec504c7a19d13c5542ad9a4.jpg
valid,valid/images/bc29ed7e-5063-43fc-99b4-815db1f0d41a-1240mm_jpg.rf.93b0f6256bad56f63516e6703e0f0e40.jpg
valid,valid/images/c18fce93-e743-4696-8e24-f5e40c2778c4-1170mm_jpg.rf.4b4b9a5d560ec3f5a03725784838e2cb.jpg
valid,valid/images/c34f942e-2b3e-48c9-ac7a-8a2bf088c5cb-720mm_jpg.rf.c7f1f273e3f47d277c07d20144891bee.jpg
valid,valid/images/cef04faa-481b-4e14-8b5c-237e69822fa8-0mm_jpg.rf.528bcaf37d552bd38c00ed7f5456e7a9.jpg
valid,valid/images/climbing-perch-11-_jpg.rf.5e94cba1fb1461d0bec84437d3a7b958.jpg
valid,valid/images/climbing-perch-13-_jpeg.rf.34107fd2537e20154325f4f01837aa6a.jpg
valid,valid/images/climbing-perch-14-_jpeg.rf.6e7b6f9272dc3c22c938b82cde45f28d.jpg
valid,valid/images/climbing-perch-26-_jpg.rf.11d199b86dbfb808983e22cae950b0a4.jpg
valid,valid/images/climbing-perch-28-_jpeg.rf.d96713c57b4c67a2e485f5d62a7d7d52.jpg
valid,valid/images/climbing-perch-3-_jpg.rf.9f1554cce3190c7dc5e15409335e1a07.jpg
valid,valid/images/climbing-perch-30-_jpg.rf.020a6a6400ca4db8c36fcd12c080a50b.jpg
valid,valid/images/climbing-perch-36-_jpeg.rf.1de590e48b94b3226a934eb7f11fdb89.jpg
valid,valid/images/climbing-perch-44-_jpg.rf.b006e97bdb18cc31da329db42db5c274.jpg
valid,valid/images/climbing-perch-49-_jpg.rf.58e340c494884ddbd3d918b5de7d3331.jpg
valid,valid/images/climbing-perch-50-_jpg.rf.ea7f5c1af7087cf9424844a36d89e08b.jpg
valid,valid/images/cxzcxzcxz_jpg.rf.1da721b7ca0cb8332c2c4eb6786273df.jpg
valid,valid/images/d021c373-6502-4ef9-b637-09cc25d839a8-870mm_jpg.rf.a37252fdd7e18ac3d392bdcc01b72abd.jpg
valid,valid/images/d16eb67c-e013-49d8-9a69-caf60377679f-1050mm_jpg.rf.43fc6f6bcd20d1abf35cf43355e9150a.jpg
valid,valid/images/dasfdsa_jpg.rf.9d0c370ad18d9c6f2ff1803f408c4052.jpg
valid,valid/images/dasfsdfsd_jpg.rf.60c2a1faf455918996487cfd4e5ad91b.jpg
valid,valid/images/dczxfdsaef_jpg.rf.cceaaf0d4004fce6906798e9226a3993.jpg
valid,valid/images/dsadasda_jpg.rf.8987f7f20e6b18b10084637189cb0f43.jpg
valid,valid/images/dxcdadf_jpg.rf.ed0605db6890c01aec1fde024cfff81d.jpg
valid,valid/images/e2abb001-c797-48a5-a901-f983c8ca6bc8-520mm_jpg.rf.3f13c508299800652e691dcd7ad866d4.jpg
valid,valid/images/e5a93e18-6055-4c8d-a576-1ed39604c67d-1580mm_jpg.rf.a0c7fc4b00c76cc36abde7a8b448062f.jpg
valid,valid/images/ee24d695-45e3-40d5-8e14-5bcab359a4eb-490mm_jpg.rf.ac20503c492a835a2e58cb8a8bf063db.jpg
valid,valid/images/fdgfdgfg_jpg.rf.c289a768f43d5203a3df5f70187bcb94.jpg
valid,valid/images/fe353574-3826-4cca-b9a0-173d1498cfd7-1330mm_jpg.rf.376b48a933126d44f15da8a8e7b301ae.jpg
valid,valid/images/gdfghgdfhgdf_jpg.rf.1255eff829977e3837067279f8c4a669.jpg
valid,valid/images/gvdshty_jpg.rf.623bec4657d13d959140b030107f9c13.jpg
valid,valid/images/sfgdfhbfgnbvnbnv_jpg.rf.e37f15057715fdd922b5fe956688b43b.jpg
valid,valid/images/sxzcxzfc_jpg.rf.1df6538852a41ef2a4992522e53a88e9.jpg
test,test/images/03a14507-f037-4e95-87f5-459f08b0fb4b-20mm_jpg.rf.f181cefb72ca4623e72056cf6a1061bf.jpg
test,test/images/08284483-b24e-4b5f-a94a-56fae8cf831d-60mm_jpg.rf.55cc2b944a8c7c9ff96f4c02dd83d0cb.jpg
test,test/images/0a223afd-a1a6-431b-bcbf-37b675ad1f44-150mm_jpg.rf.3dfffc5913c052ae2c1adbe631445df1.jpg
test,test/images/0e78cb72-76c6-4a9a-a433-80f4005f5ff1-650mm_jpg.rf.1da20c8cfec1ce1b552d6f808e2e18ff.jpg
test,test/images/100919-170mm_jpg.rf.39588e28439a9de7f9bf4801bd02dd7a.jpg
test,test/images/102230-1130mm_jpg.rf.f8bf463c39ebfdb2919e4fbb3795098e.jpg
test,test/images/104900-1000mm_jpg.rf.e1b151550df4cec446216614a3f077f1.jpg
test,test/images/105644-180mm_jpg.rf.b161d75bebe77d2cf7198bbe55babc8e.jpg
test,test/images/106346-400mm_jpg.rf.c694693f4d9d8dd8e0e979f543d1f788.jpg
test,test/images/106376-70mm_jpg.rf.102f8674ab442e13025cb3ee24d4634b.jpg
test,test/images/106554-0mm_jpg.rf.4178366eaee68e0e9db1c43426cd7215.jpg
test,test/images/109947-150mm_jpg.rf.f6f8160abb59d3cefb1fec6c1203b7a0.jpg
test,test/images/109975-1800mm_jpg.rf.2a93adbd4465b7e249796e3deaa4e9e2.jpg
test,test/images/111315-0mm_jpg.rf.1dba64cb59ca45ae2573fb29a46f7360.jpg
test,test/images/111751-1340mm_jpg.rf.7b200129d7bbf973b2fddf43f98782f9.jpg
test,test/images/111933-0mm_jpg.rf.5e163f25698375ba4de061c29033d8cb.jpg
test,test/images/112740-0mm_jpg.rf.9d943a24c09ff128edb85e151865c645.jpg
test,test/images/113037-100mm_jpg.rf.d1cc3040db9c23e7b4caa642cf44b69a.jpg
test,test/images/114540-0mm_jpg.rf.dd5c9f1d3719e98958e4ec8c9dd09c91.jpg
test,test/images/121441-100mm_jpg.rf.5d5a3c64ea8c180a11f3f81c54bea7cf.jpg
test,test/images/122539-130mm_jpg.rf.c713ddbaef6dd27f48a268dce797bd8e.jpg
test,test/images/125729-120mm_jpg.rf.bca9c230de0e9f3667bfd3e1559e7651.jpg
test,test/images/125784-0mm_jpg.rf.b8942dc8da7ab6b0a4655eec356864c9.jpg
test,test/images/126089-1450mm_jpg.rf.f72e886ed8c99268ec216bdc6dba890c.jpg
test,test/images/126215-0mm_jpg.rf.81457ef7fdbbb9f474a2dcf3028dd843.jpg
test,test/images/13897-80mm_jpg.rf.6d380cf3ba20e7f6878adb41ee7b177e.jpg
test,test/images/20475-10mm_jpg.rf.49e83110b99c9ae3b718a33dab4bd026.jpg
test,test/images/268819a4-1f21-4439-903e-aea129dedd6a-1620mm_jpg.rf.982f5522980f1bf9967b9803b84577da.jpg
test,test/images/29782-70mm_jpg.rf.f7d3d10207b6ebf9dbd6563b021a1569.jpg
test,test/images/326ac5b3-7e31-4080-94fb-8c9dba5e40de-110mm_jpg.rf.b2cb8365f73d26b3d6a09b3209738d9b.jpg
test,test/images/3727b22f-ab91-42bb-bddc-5c298977596c-150mm_jpg.rf.9ed6badc620c625104fb534887e0c1f8.jpg
test,test/images/39ee1404-2d80-46c4-b583-f473163d0b8c-1100mm_jpg.rf.3ad531a9cab839407f6d15a2a2184895.jpg
test,test/images/40843-1600mm_jpg.rf.857d2e6c2d90c7c90db8c024e66098af.jpg
test,test/images/40bbf337-ac7a-4eeb-ae1d-59eaa26af47a-0mm_jpg.rf.cd1b486f00d77677e1a301c8115f2a93.jpg
test,test/images/43ddd6da-019d-4caf-82ae-29d7009067c1-0mm_jpg.rf.30ba58985cd468711a9924bebeb85232.jpg
test,test/images/43ffc4ae-21b1-4e57-8eca-b77f7d1c95d8-840mm_jpg.rf.4e95ac67b49863aea765a0b4feab6ba4.jpg
test,test/images/46b9c392-436f-4996-b7c8-9b18927d56b3-150mm_jpg.rf.4e3fd4d9345279496b9d0b344768bb91.jpg
test,test/images/4d627c06-e80a-4b52-8bd2-91689534e549-1480mm_jpg.rf.e98134792c676c309e05a6bb209ab355.jpg
test,test/images/50fee6ed-444f-437b-b8c9-0ac4925e80d9-80mm_jpg.rf.b8231c2fd39e47fc9434efc5058b7c6c.jpg
test,test/images/58443-1380mm_jpg.rf.2dc2bb7b488d326b3c6dbafd9ae56160.jpg
test,test/images/5c4c94cc-88de-49fe-911b-b5d998791b39-950mm_jpg.rf.fadc363c0e8a8ec219dbc7e74a92ade0.jpg
test,test/images/5dc90592-a355-4814-83c6-c44df93878da-1200mm_jpg.rf.c778c42e52a76a3fbff316ba95828e74.jpg
test,test/images/63940-1350mm_jpg.rf.9093b7831c01e4c26d1a18ed076876fb.jpg
test,test/images/6956a002-22c7-415a-8622-0815d779dbd5-1000mm_jpg.rf.0356446602bef1cc5b9fd668a8681e6d.jpg
test,test/images/805229f7-bbc8-46ae-9f22-491ab6721a98-0mm_jpg.rf.4b2459f6958d2068c1cdf0c84d87b6c9.jpg
test,test/images/90024-860mm_jpg.rf.2a3f0e9db019d7b75048786ac86a2259.jpg
test,test/images/Bangus-123_jpg.rf.ec5a5a666f851da9b6b88cda7b43cbc4.jpg
test,test/images/Bangus-124_jpg.rf.7388c5c632991d023577ae3e387bee78.jpg
test,test/images/Bangus-147_jpg.rf.58fb8833439f8fd05ec8a761370ed92d.jpg
test,test/images/Bangus-153_jpg.rf.f014df499a579cef95c83a4a0f1d8c16.jpg
test,test/images/Bangus-163_jpg.rf.38202b55431d2abecafc5fc050844755.jpg
test,test/images/Bangus-168_jpg.rf.f08d77ccbf2c106b757f710855fd6886.jpg
test,test/images/Bangus-23_jpg.rf.fde4dcfa251927fcf40a658708beed51.jpg
test,test/images/Bangus-30_jpg.rf.8a86c799f1b146c7d5d0c0f4a3dce1bd.jpg
test,test/images/Bangus-41_jpg.rf.3d439872b17a7770d44860827ce793f1.jpg
test,test/images/Bangus-4_jpg.rf.dcc9f43b07abd59990d727ca098cc9b5.jpg
test,test/images/Bangus-52_jpg.rf.2832974d446942b0546fc4fd74ac0fea.jpg
test,test/images/Bangus-55_jpg.rf.34d7801daf22238faf0885e4ceee2491.jpg
test,test/images/Bangus-5_jpg.rf.32c82cd4b5c73b34e6b890cf34ac8a81.jpg
test,test/images/Bangus-67_jpg.rf.b38e37dd87ae68dca96a8fcc94712ceb.jpg
test,test/images/Bangus-84_jpg.rf.56c826c29d9f7e8c24446c05322e7f3d.jpg
test,test/images/Bangus-95_jpg.rf.21e652a8ea6e52380d8bab18e5e09a85.jpg
test,test/images/Bangus-9_jpg.rf.11ea6aacbf5ad8525a2cfe2e545d162d.jpg
test,test/images/Big-Head-Carp-118_jpg.rf.75f7aab8f356e94b986f8ac45246d43f.jpg
test,test/images/Big-Head-Carp-122_jpg.rf.870a75cedd998fda0d505dbd84095357.jpg
test,test/images/Big-Head-Carp-140_jpg.rf.d9d7b0818dcb4230f88ea4cec7d93587.jpg
test,test/images/Big-Head-Carp-143_jpg.rf.c0cd567047a52961cc7818de1fc97b1c.jpg
test,test/images/Big-Head-Carp-147_jpg.rf.0a7a6178ad7d599339babfd47a46bcef.jpg
test,test/images/Big-Head-Carp-156_jpg.rf.6ec75ea37684d8e453ea7631cf5aca0f.jpg
test,test/images/Big-Head-Carp-157_jpg.rf.53a262844b2f9c5d213d9a4eac0021d1.jpg
test,test/images/Big-Head-Carp-175_jpg.rf.254e256d7eb225d3f9d618ee09493074.jpg
test,test/images/Big-Head-Carp-179_jpg.rf.8fdeb52b83bfe9d68e15427b08cfb970.jpg
test,test/images/Big-Head-Carp-190_jpg.rf.33b5598558420373446bb74d1552b65f.jpg
test,test/images/Big-Head-Carp-202_jpg.rf.627b50041d35808253b3ee7551cead11.jpg
test,test/images/Big-Head-Carp-204_jpg.rf.95c7b7e58ec5194b92ce3720f9f3559d.jpg
test,test/images/Big-Head-Carp-211_jpg.rf.98e1c65ac3da1523ad45e8111fe2cc13.jpg
test,test/images/Big-Head-Carp-21_jpg.rf.72815c32e7a8a1d33f8d2b3e6f3e72a7.jpg
test,test/images/Big-Head-Carp-27_jpg.rf.6aa8384736d173636f203d19943e9346.jpg
test,test/images/Big-Head-Carp-52_jpg.rf.657984ec7a7059ed6b2ec413959c1c47.jpg
test,test/images/Big-Head-Carp-54_jpg.rf.f01dc91f5158c6480b2ae92e53bada1f.jpg
test,test/images/Big-Head-Carp-61_jpg.rf.378a6da776798d1b38587811d3ac2649.jpg
test,test/images/Big-Head-Carp-84_jpg.rf.d9f45e64d88da9a3902e06f7cf65ad91.jpg
test,test/images/Big-Head-Carp-85_jpg.rf.0f943c21b1105392615d1646d5b4323d.jpg
test,test/images/Big-Head-Carp-8_jpg.rf.b01094913315a7155f646d6e970e4756.jpg
test,test/images/Black-Spotted-Barb-11_jpg.rf.2f2dbe60cbd75da21d26a4e870d88d9c.jpg
test,test/images/Black-Spotted-Barb-37_jpg.rf.48a613ba5d7f90c22d7984142424f088.jpg
test,test/images/Black-Spotted-Barb-41_jpg.rf.648cb0fe586f1e36c01e926d72293f33.jpg
test,test/images/Catfish-34_jpg.rf.0666cbf056785b17135ca9c701a812b5.jpg
test,test/images/Catfish-43_jpg.rf.c8d7b7a4b2497b9041b0b49632246dd1.jpg
test,test/images/Catfish-46_jpg.rf.ccfc740718d1f8da0ae89f72d1093603.jpg
test,test/images/Catfish-4_jpg.rf.2f1cf9d4cba012ef008821d5bee113ed.jpg
test,test/images/Climbing-perch-015_jpg.rf.87246b8b4ebafb692593f6753c125d09.jpg
test,test/images/Climbing-perch-05_jpg.rf.9689fd1f3ac1108e5f1836d1fa1fa468.jpg
test,test/images/Climbing-perch-08_jpg.rf.b8d3ad522ab02b4b2e699e78e84d8b6d.jpg
test,test/images/Climbing-perch-16_jpg.rf.558251453c97bf1ce09b349c86eb1475.jpg
test,test/images/Climbing-perch-25_jpg.rf.5925a9f638b96fe158749cdf75c79a2f.jpg
test,test/images/Climbing-perch-30_jpg.rf.5262e041506db0e170a8e458a57d33d0.jpg
test,test/images/Climbing-perch-35_jpg.rf.ed0d399e658cbb98418e806d0be4aaab.jpg
test,test/images/Climbing-perch-50_jpg.rf.6b49f8f9887abd6ea8ba3824140b1014.jpg
test,test/images/Climbing-perch-52_jpg.rf.ad313fcc62db746de87e92fc339ef9dd.jpg
test,test/images/CommonCarp_166_jpg.rf.59f5874aa7a9e3c4096f634c1493b8eb.jpg
test,test/images/CommonCarp_171_jpg.rf.a79a9c98904fe30a443daa0a885f864b.jpg
test,test/images/Fourfinger-Threadfin-19_jpg.rf.502b1bd106b5bf1da51a7b94e8bf30c7.jpg
test,test/images/Fourfinger-Threadfin-35_jpg.rf.4704ff188cf3767c76bc19c9fece0b42.jpg
test,test/images/Fourfinger-Threadfin-7_jpg.rf.140abea54afcd24d5afc27ef66e57ee4.jpg
test,test/images/Freshwater-Eel-29_jpg.rf.cd29eb3d2d69fbfd87feead6e06a446e.jpg
test,test/images/Freshwater-Eel-38_jpg.rf.34cd4f6f95b8e417e090b22ceca44739.jpg
test,test/images/Freshwater-Eel-3_jpg.rf.fbc92e58291fe476aaa33b3b26045ec0.jpg
test,test/images/Freshwater-Eel-40_jpg.rf.d5452760bca508d503782596d862f80c.jpg
test,test/images/Freshwater-Eel-49_jpg.rf.c7a26f3a7cb1bfcc03440bc3b546bc38.jpg
test,test/images/Glass-Perchlet-18_jpg.rf.7cd5b85400ccce72885cd4b74d8ab45a.jpg
test,test/images/Glass-Perchlet-22_jpg.rf.3b0244f7cf070ab430751f10549875ae.jpg
test,test/images/Glass-Perchlet-34_jpg.rf.f2390a895b2daa0c61b79001428b0f82.jpg
test,test/images/Gold-Fish-11_jpg.rf.3c1a078232d8f495997a902dd8309ccd.jpg
test,test/images/Gold-Fish-21_jpg.rf.1f4d0f84b9adcd14edcc2a1536136a44.jpg
test,test/images/Gold-Fish-26_jpg.rf.e83b06e1d28ca13875585b76c1ee0d83.jpg
test,test/images/Gold-Fish-31_jpg.rf.b8570864df2727a80ad2da9a324acf18.jpg
test,test/images/Gold-Fish-39_jpg.rf.84552e71b07fc0a2671587baff95b7c8.jpg
test,test/images/Gold-Fish-41_jpg.rf.9067a4153029c0f15da6adccaadded67.jpg
test,test/images/Gold-Fish-48_jpg.rf.5d77b34e8fc5f0a1f42309273740039e.jpg
test,test/images/Goldfish-004_jpg.rf.d3a3415a3c3b8ff549fc77cf1ad62bf9.jpg
test,test/images/Goldfish-011_jpg.rf.34ac26a9af40ab3880bc77071aa1ef0f.jpg
test,test/images/Goldfish-039_jpg.rf.79c1d785901c24c3963b9f14e9517e5f.jpg
test,test/images/Goldfish-041_jpg.rf.67b64dbb937a2ffc05e6104b5606a2fe.jpg
test,test/images/Goldfish-042_jpg.rf.aa156d56e44e7cf366f9046734e6ede4.jpg
test,test/images/Goldfish-047_jpg.rf.d02130b2708874df2e91bc7b19889cbd.jpg
test,test/images/Goldfish-053_jpg.rf.0dda4a2ee5c4a3c243ea44abfcbd0bdc.jpg
test,test/images/Goldfish-054_jpg.rf.18be8445d48c53d433a1461c39e7058c.jpg
test,test/images/Goldfish-085_jpg.rf.226441fe555b18272f5b36e66cfc0a43.jpg
test,test/images/Goldfish-106_jpg.rf.14c179aebf0b2fc8b7e8757ccbf7dcee.jpg
test,test/images/Goldfish-117_jpg.rf.3f32c9aacc350407ef55a22493f1e79f.jpg
test,test/images/Gulfaam-Body-39-_JPG.rf.b69c19f10e8b7aee86287ecf424b82bd.jpg
test,test/images/Picture10_jpg.rf.4b24d125d46d624f6495dc01655351c3.jpg
test,test/images/Picture113_jpg.rf.f6f8e5b8399ad605bed1ef660c9af24c.jpg
test,test/images/Picture129_jpg.rf.670f46e8423bce31d85960b818e3779c.jpg
test,test/images/Picture137_jpg.rf.6232705221a55cc53ddb8da8fdda4a84.jpg
test,test/images/Picture138_jpg.rf.f64a4e35e63c216070a96c2132761494.jpg
test,test/images/Picture143_jpg.rf.344ac738d2502d8388a6b140ed58d329.jpg
test,test/images/Picture145_jpg.rf.6b9e01074f253ea04169b795ab38a3c6.jpg
test,test/images/Picture148_jpg.rf.e059e1645b3ee757218d0e8dd2d47a18.jpg
test,test/images/Picture155_jpg.rf.563b52464d459b15d41d384a4f593b6e.jpg
test,test/images/Picture158_jpg.rf.e6db9d88d4fec66f55a65a3845ab2883.jpg
test,test/images/Picture184_jpg.rf.3159f9006aa94167060528d31077a1b0.jpg
test,test/images/Picture19_jpg.rf.f39cccff238238fbf3e14622ed70fecc.jpg
test,test/images/Picture1_jpg.rf.62c70451cc2c915e69b2d775772e3ad5.jpg
test,test/images/Picture1_jpg.rf.99b702918028c0a01ce2e6ee7a0db6a8.jpg
test,test/images/Picture203_jpg.rf.c0d4c325e9e39b179d60aa0125dacf0b.jpg
test,test/images/Picture204_jpg.rf.3e3204ebbd71cb75d492879c126e3794.jpg
test,test/images/Picture209_jpg.rf.80797b04a1b60ca8b0fbf2abc7b552a4.jpg
test,test/images/Picture218_jpg.rf.8d1a5842114659ca75295cae095ca40f.jpg
test,test/images/Picture228_jpg.rf.003dd571c65862afa4d6760abcf57528.jpg
test,test/images/Picture229_jpg.rf.3f43cd553838566350e2500681f8b705.jpg
test,test/images/Picture22_jpg.rf.576269e4942b9ec64363054e4fc471c1.jpg
test,test/images/Picture231_jpg.rf.0eab3d32db93086d9b7b3f5c7ffac382.jpg
test,test/images/Picture234_jpg.rf.57dd9c8757c2db2f7440bbee1f350829.jpg
test,test/images/Picture25_jpg.rf.81298bba99e34cf85fc935b7eee481fd.jpg
test,test/images/Picture275_jpg.rf.acdf055e9f3dc27703676e9d932efbf8.jpg
test,test/images/Picture281_jpg.rf.555eceb8eb05cab759090f0b554aa06d.jpg
test,test/images/Picture282_jpg.rf.1c66d94a5a9d5b38b15fbd6c655c1e01.jpg
test,test/images/Picture285_jpg.rf.2e5146d1b441f6c01238c7609ff2b17e.jpg
test,test/images/Picture291_jpg.rf.25f3c8ddc316d4e6a611b4c1c717b3bb.jpg
test,test/images/Picture30_jpg.rf.0b1e580e20c9348e510157e514ca10e3.jpg
test,test/images/Picture337_jpg.rf.b3f92cfbedc819e4ddd4be06fd5340d8.jpg
test,test/images/Picture346_jpg.rf.18bc76350728c83b095361097f38a8ab.jpg
test,test/images/Picture367_jpg.rf.de8fcb83ffeaf2b8455fc589e5d9c5f2.jpg
test,test/images/Picture372_jpg.rf.926c0b35726ba2d20abb4b7da02bee79.jpg
test,test/images/Picture374_jpg.rf.e9cbc547748f09e6450031caefaf0717.jpg
test,test/images/Picture380_jpg.rf.50d512469cee574d41bfaae975c29391.jpg
test,test/images/Picture386_jpg.rf.38a13b17940296c2398ee7b22af8faa1.jpg
test,test/images/Picture38_jpg.rf.39ff1eb67f9526ccce043f51fcf92221.jpg
test,test/images/Picture393_jpg.rf.31e2c4a2ecb05be0573cedd3d8cb980d.jpg
test,test/images/Picture395_jpg.rf.68e25ce1230a53d693b4a11b98df9985.jpg
test,test/images/Picture399_jpg.rf.f24294fe95fd164ffe838b37ab1c96df.jpg
test,test/images/Picture39_jpg.rf.61aab35dddaaf9075e6dc1a8b0fa725b.jpg
test,test/images/Picture406_jpg.rf.d731179c9366ae5eea87677a797ff056.jpg
test,test/images/Picture40_jpg.rf.0d14dc737bb6c5def1ecf1d59f63d00b.jpg
test,test/images/Picture41_jpg.rf.5312698e19b69d95c5edbab860fa8d84.jpg
test,test/images/Picture420_jpg.rf.055d3075e1d21cd74769ae8fed50f0b5.jpg
test,test/images/Picture427_jpg.rf.cd506ed9b9fd4bdb72d3ac3d91108c1c.jpg
test,test/images/Picture430_jpg.rf.9564c9d8af152cd949838fd80bac61c3.jpg
test,test/images/Picture431_jpg.rf.cc8e58a0cdad563d87edc470b6ec253c.jpg
test,test/images/Picture457_jpg.rf.01123cb5e4ffd5365487efc8cc7cdc45.jpg
test,test/images/Picture459_jpg.rf.490ed7baf90e58fffa741215c5b0e35c.jpg
test,test/images/Picture45_jpg.rf.867f5c64459fd8229c7da33fb426b5d6.jpg
test,test/images/Picture463_jpg.rf.46dd515fb3a8b4b8db516e2ea953c027.jpg
test,test/images/Picture467_png.rf.f05953d7952f52738262b978ab6b289a.jpg
test,test/images/Picture468_jpg.rf.8111185091006e9acc083cdabb964026.jpg
test,test/images/Picture49_jpg.rf.dedf15aa91efb9092b3b58c91b9cf842.jpg
test,test/images/Picture513_jpg.rf.9000c784b70833d8bac1d5fc3caf2b6a.jpg
test,test/images/Picture515_jpg.rf.c499025dbe6feb40ce8d509a9ed3d22c.jpg
test,test/images/Picture528_jpg.rf.adb95663be3d4fbcf379763e2448ca5e.jpg
test,test/images/Picture538_jpg.rf.9cec110df00e6a3c56481365d9433b2f.jpg
test,test/images/Picture546_jpg.rf.16e4ed7973103d11474af0fa066dbdc9.jpg
test,test/images/Picture555_jpg.rf.0fe2f4ae9abf105edeb2829ec898c502.jpg
test,test/images/Picture559_jpg.rf.7f47e1f2a360bad022362cc9dc61a402.jpg
test,test/images/Picture564_jpg.rf.7d0576c5a4a63e76a9e64356f338eede.jpg
test,test/images/Picture578_jpg.rf.3c3e5e7965b165e02017b6eae93a6e41.jpg
test,test/images/Picture583_jpg.rf.da6345ba494501eca357dcc2833035cb.jpg
test,test/images/Picture586_jpg.rf.47feff8c1548271d5ffda59a37457925.jpg
test,test/images/Picture591_jpg.rf.b683b73a45ff066ea5e0f5505d3bc9fa.jpg
test,test/images/Picture610_jpg.rf.75df44f9ad6e9bb37fde6fe88f0b98c0.jpg
test,test/images/Picture627_jpg.rf.ec0893bb15fbf575190677190f070a03.jpg
test,test/images/Picture62_jpg.rf.5f2c10d30c5990dc6dab4d32b66d165e.jpg
test,test/images/Picture637_jpg.rf.6b05d4ba439ec4ddbf487e5f0f29035f.jpg
test,test/images/Picture643_jpg.rf.20ca9bdb8c041c1cdf8d22e927108608.jpg
test,test/images/Picture647_jpg.rf.145946206ddd099d3b0907751197cba0.jpg
test,test/images/Picture663_jpg.rf.b6b2b532f160986695c956aaaa255952.jpg
test,test/images/Picture678_jpg.rf.f4e2150ab63c0ffd1b51b8ed54d6d3d0.jpg
test,test/images/Picture67_jpg.rf.6c9953766dfd83412d1f7a8f0aeb635a.jpg
test,test/images/Picture68_jpg.rf.eda9de320ea6a49a59439434e9fd404a.jpg
test,test/images/Picture70_jpg.rf.5c3b42a8d28938ef207ebee9f9da52ad.jpg
test,test/images/Picture71_png.rf.c97594c59bfd3e5b3cb1ea7a7919d3fa.jpg
test,test/images/Picture79_jpg.rf.20cf6e881770277785ab3e30769741b9.jpg
test,test/images/Picture80_jpg.rf.49c97e66b48aef0e7ccfe1e152a8ba33.jpg
test,test/images/Picture82_jpg.rf.11db17f2799a9ce790067ac1cc4738b5.jpg
test,test/images/Picture83_jpg.rf.3498f2fd3676f8b7fee9057234103edf.jpg
test,test/images/Picture84_jpg.rf.10a8efe2824b8f91f1ac395ff114c34a.jpg
test,test/images/Picture85_jpg.rf.56c83f3e12ce2b2007d28d749400ae4c.jpg
test,test/images/a18eafb0-8d6d-4a8c-982c-e12e090b966b-900mm_jpg.rf.9ad8c845891257dc12131e5dd4d356d2.jpg
test,test/images/cd0fa38c-3969-4fe8-82c3-ceb45f12a78c-700mm_jpg.rf.c329354a9cf787eec4ae7df65488c7ed.jpg
test,test/images/climbing-perch-15-_jpeg.rf.a60397ebd79f2d5990f9fb6f73d5f1c7.jpg
test,test/images/climbing-perch-19-_jpg.rf.2f0ca6a4975bca4bd68e96da9f4ab98d.jpg
test,test/images/climbing-perch-21-_jpeg.rf.eb67464fde54a7eababaa66efc0d170c.jpg
test,test/images/climbing-perch-22-_jpeg.rf.ac64dadbe0300c94b8b8302d78d0fd3b.jpg
test,test/images/climbing-perch-26-_jpeg.rf.d7959a5b9b37031f9fa923f58977ccae.jpg
test,test/images/climbing-perch-45-_jpeg.rf.b04c2d544edbe66e4f3f27772f3b8421.jpg
test,test/images/d434938d-16e4-4533-a495-d2a62706194a-1900mm_jpg.rf.5579676e177da1db4448f93b47132054.jpg
test,test/images/f4b30e73-55cb-4f86-9f49-9c2673bb4f3b-1000mm_jpg.rf.fa90faa665bb4cfc927fc501c1048596.jpg
test,test/images/fa3c2ae3-b4a5-4a01-92be-521288a78a1a-1140mm_jpg.rf.150315f45c4e77cbc60aaa17f422c106.jpg
test,test/images/fa6190bf-f956-42a8-97bf-b58bf4ac5e5c-0mm_jpg.rf.9d5b9680399aab12173f2b05f9b677a7.jpg
test,test/images/fdsf_jpg.rf.2c55500dca748e8b8deb05a90b77b5e6.jpg
test,test/images/fghfghgfh_jpg.rf.187868a5b8f1908722d372da523be7f0.jpg
test,test/images/gdfgbdfdg_jpg.rf.f25e96cae50be1a68961962aa24c57aa.jpg
test,test/images/gdfgfdshg_jpg.rf.a94dca4adae95c1fedfbcdf0ac9dc1c5.jpg
test,test/images/sdfgfsdgf_jpg.rf.917cd2d291eef1405fa7a373da0bf747.jpg
test,test/images/ssdfggs_jpg.rf.6fb9b821364cfdcec1313ec43e47636e.jpg
test,test/images/vbvcnvb_jpg.rf.39381fbbb056d6bed00887cee15df8dc.jpg
test,test/images/vfrseddfbfdb_jpg.rf.36e532c5fb08172c8bac63cc01e3c8ad.jpg
