split,image_path,label_path,classes
train,raw/emam_v14/train/images/Image_100_jpeg_jpg.rf.87ad40fd1c320205c0b84b6aa3474cf6.jpg,raw/emam_v14/train/labels/Image_100_jpeg_jpg.rf.87ad40fd1c320205c0b84b6aa3474cf6.txt,lettuce
train,raw/emam_v14/train/images/Image_100_jpeg_jpg.rf.8c9ba699703fc7eedba3c9518951cec9.jpg,raw/emam_v14/train/labels/Image_100_jpeg_jpg.rf.8c9ba699703fc7eedba3c9518951cec9.txt,lettuce
train,raw/emam_v14/train/images/Image_100_jpeg_jpg.rf.9359ca5ba0a3355a645e0e99ea72467f.jpg,raw/emam_v14/train/labels/Image_100_jpeg_jpg.rf.9359ca5ba0a3355a645e0e99ea72467f.txt,lettuce
train,raw/emam_v14/train/images/Image_100_jpg.rf.0e8a696579d1291fd872bd3194d83437.jpg,raw/emam_v14/train/labels/Image_100_jpg.rf.0e8a696579d1291fd872bd3194d83437.txt,eggplant
train,raw/emam_v14/train/images/Image_100_jpg.rf.261d49b8b9cda60086e587295d67725b.jpg,raw/emam_v14/train/labels/Image_100_jpg.rf.261d49b8b9cda60086e587295d67725b.txt,cucumber
train,raw/emam_v14/train/images/Image_100_jpg.rf.657dc501e6521f1dc8ec768d45754ce4.jpg,raw/emam_v14/train/labels/Image_100_jpg.rf.657dc501e6521f1dc8ec768d45754ce4.txt,carrot
train,raw/emam_v14/train/images/Image_100_jpg.rf.8694fa89e48680a9c6328505fbaef03a.jpg,raw/emam_v14/train/labels/Image_100_jpg.rf.8694fa89e48680a9c6328505fbaef03a.txt,eggplant
train,raw/emam_v14/train/images/Image_100_jpg.rf.915975eb449c68864a4651bd5bfa1afe.jpg,raw/emam_v14/train/labels/Image_100_jpg.rf.915975eb449c68864a4651bd5bfa1afe.txt,eggplant
train,raw/emam_v14/train/images/Image_100_jpg.rf.a2b6df6ae8e305cdbaef2ec381909c34.jpg,raw/emam_v14/train/labels/Image_100_jpg.rf.a2b6df6ae8e305cdbaef2ec381909c34.txt,carrot
train,raw/emam_v14/train/images/Image_100_jpg.rf.afc2693d39bf19814c8e3e51d4201133.jpg,raw/emam_v14/train/labels/Image_100_jpg.rf.afc2693d39bf19814c8e3e51d4201133.txt,cucumber
train,raw/emam_v14/train/images/Image_100_jpg.rf.c3742db2ad7704095a91aad9a937f0ca.jpg,raw/emam_v14/train/labels/Image_100_jpg.rf.c3742db2ad7704095a91aad9a937f0ca.txt,cucumber
train,raw/emam_v14/train/images/Image_100_jpg.rf.f30bfd45ff8beb9f178e126f5eef711e.jpg,raw/emam_v14/train/labels/Image_100_jpg.rf.f30bfd45ff8beb9f178e126f5eef711e.txt,carrot
train,raw/emam_v14/train/images/Image_10_jpeg_jpg.rf.4ed94d7c06cfda7284e9fc6a03ec49e1.jpg,raw/emam_v14/train/labels/Image_10_jpeg_jpg.rf.4ed94d7c06cfda7284e9fc6a03ec49e1.txt,carrot
train,raw/emam_v14/train/images/Image_10_jpeg_jpg.rf.6501c3441859b25d3e67ddaf6a34a8bf.jpg,raw/emam_v14/train/labels/Image_10_jpeg_jpg.rf.6501c3441859b25d3e67ddaf6a34a8bf.txt,carrot
train,raw/emam_v14/train/images/Image_10_jpeg_jpg.rf.ae38ce172cac3eb8f6a35a2bb43d7fa1.jpg,raw/emam_v14/train/labels/Image_10_jpeg_jpg.rf.ae38ce172cac3eb8f6a35a2bb43d7fa1.txt,carrot
train,raw/emam_v14/train/images/Image_10_jpg.rf.00e648ae60d3f3d0fd669da153d3b8cc.jpg,raw/emam_v14/train/labels/Image_10_jpg.rf.00e648ae60d3f3d0fd669da153d3b8cc.txt,cucumber
train,raw/emam_v14/train/images/Image_10_jpg.rf.01609f337b0b76d5cd14546975baec33.jpg,raw/emam_v14/train/labels/Image_10_jpg.rf.01609f337b0b76d5cd14546975baec33.txt,lettuce
train,raw/emam_v14/train/images/Image_10_jpg.rf.05411d7afa410bd676654ec731404d47.jpg,raw/emam_v14/train/labels/Image_10_jpg.rf.05411d7afa410bd676654ec731404d47.txt,radish
train,raw/emam_v14/train/images/Image_10_jpg.rf.0b47856ebdeb02b88500f651b4b4de68.jpg,raw/emam_v14/train/labels/Image_10_jpg.rf.0b47856ebdeb02b88500f651b4b4de68.txt,ladyfinger
train,raw/emam_v14/train/images/Image_10_jpg.rf.0d80558b9a635df6b3d321db59d65dfb.jpg,raw/emam_v14/train/labels/Image_10_jpg.rf.0d80558b9a635df6b3d321db59d65dfb.txt,eggplant
train,raw/emam_v14/train/images/Image_10_jpg.rf.1023e00161488505c94f6f1ea91eabc7.jpg,raw/emam_v14/train/labels/Image_10_jpg.rf.1023e00161488505c94f6f1ea91eabc7.txt,garlic
train,raw/emam_v14/train/images/Image_10_jpg.rf.138dcb80ae24a465c3b5ec48527ca123.jpg,raw/emam_v14/train/labels/Image_10_jpg.rf.138dcb80ae24a465c3b5ec48527ca123.txt,potato
train,raw/emam_v14/train/images/Image_10_jpg.rf.247893022ba53358d8becff8f7644dda.jpg,raw/emam_v14/train/labels/Image_10_jpg.rf.247893022ba53358d8becff8f7644dda.txt,bellpepper
train,raw/emam_v14/train/images/Image_10_jpg.rf.2bf59129858172b5a958105f6bde6578.jpg,raw/emam_v14/train/labels/Image_10_jpg.rf.2bf59129858172b5a958105f6bde6578.txt,cabbage
train,raw/emam_v14/train/images/Image_10_jpg.rf.2c2c6afdf59fe3325079e3f321b6e474.jpg,raw/emam_v14/train/labels/Image_10_jpg.rf.2c2c6afdf59fe3325079e3f321b6e474.txt,garlic
train,raw/emam_v14/train/images/Image_10_jpg.rf.2da666de2551c2eae5df447a28a322a4.jpg,raw/emam_v14/train/labels/Image_10_jpg.rf.2da666de2551c2eae5df447a28a322a4.txt,chillipepper
train,raw/emam_v14/train/images/Image_10_jpg.rf.39796c1ebe22b29e8778fa9a1881e461.jpg,raw/emam_v14/train/labels/Image_10_jpg.rf.39796c1ebe22b29e8778fa9a1881e461.txt,eggplant
train,raw/emam_v14/train/images/Image_10_jpg.rf.3d6f9e8f0be6f5241241560feb2f3aeb.jpg,raw/emam_v14/train/labels/Image_10_jpg.rf.3d6f9e8f0be6f5241241560feb2f3aeb.txt,bellpepper
train,raw/emam_v14/train/images/Image_10_jpg.rf.3fddf1b9aa1f7499f793f6b0c5791bf0.jpg,raw/emam_v14/train/labels/Image_10_jpg.rf.3fddf1b9aa1f7499f793f6b0c5791bf0.txt,cabbage
train,raw/emam_v14/train/images/Image_10_jpg.rf.4301f8dbdc36b575c1b505a9f14f63b5.jpg,raw/emam_v14/train/labels/Image_10_jpg.rf.4301f8dbdc36b575c1b505a9f14f63b5.txt,sweetpotato
train,raw/emam_v14/train/images/Image_10_jpg.rf.4d9fa952b2909747916c8e00b84a258a.jpg,raw/emam_v14/train/labels/Image_10_jpg.rf.4d9fa952b2909747916c8e00b84a258a.txt,potato
train,raw/emam_v14/train/images/Image_10_jpg.rf.4f663a125d4c0d0930ae7f4bde69e879.jpg,raw/emam_v14/train/labels/Image_10_jpg.rf.4f663a125d4c0d0930ae7f4bde69e879.txt,sweetpotato
train,raw/emam_v14/train/images/Image_10_jpg.rf.532c59245a6364b179769696347addfd.jpg,raw/emam_v14/train/labels/Image_10_jpg.rf.532c59245a6364b179769696347addfd.txt,potato
train,raw/emam_v14/train/images/Image_10_jpg.rf.5728f894f91cd3a67415414276bfe192.jpg,raw/emam_v14/train/labels/Image_10_jpg.rf.5728f894f91cd3a67415414276bfe192.txt,bellpepper
train,raw/emam_v14/train/images/Image_10_jpg.rf.5c3adb5ca3c8781097138a3cd720e97d.jpg,raw/emam_v14/train/labels/Image_10_jpg.rf.5c3adb5ca3c8781097138a3cd720e97d.txt,chillipepper
train,raw/emam_v14/train/images/Image_10_jpg.rf.5e397dbeea0aea6f73818d1f10c9f7a9.jpg,raw/emam_v14/train/labels/Image_10_jpg.rf.5e397dbeea0aea6f73818d1f10c9f7a9.txt,radish
train,raw/emam_v14/train/images/Image_10_jpg.rf.5e8a4c5cce631eaaf7e31e6adc34dcf9.jpg,raw/emam_v14/train/labels/Image_10_jpg.rf.5e8a4c5cce631eaaf7e31e6adc34dcf9.txt,jalapeno
train,raw/emam_v14/train/images/Image_10_jpg.rf.607d81af935fa3da201560b42317c561.jpg,raw/emam_v14/train/labels/Image_10_jpg.rf.607d81af935fa3da201560b42317c561.txt,jalapeno
train,raw/emam_v14/train/images/Image_10_jpg.rf.6b7a2d64833c090ed836a6cfa2a18607.jpg,raw/emam_v14/train/labels/Image_10_jpg.rf.6b7a2d64833c090ed836a6cfa2a18607.txt,jalapeno
train,raw/emam_v14/train/images/Image_10_jpg.rf.6f47ecc1a49722a0ae1e2359f3da0ead.jpg,raw/emam_v14/train/labels/Image_10_jpg.rf.6f47ecc1a49722a0ae1e2359f3da0ead.txt,sweetcorn
train,raw/emam_v14/train/images/Image_10_jpg.rf.73bdaf084f8b4f844531ab533b314580.jpg,raw/emam_v14/train/labels/Image_10_jpg.rf.73bdaf084f8b4f844531ab533b314580.txt,lemon
train,raw/emam_v14/train/images/Image_10_jpg.rf.78151340d0e81bf0b1eb2877b4da0953.jpg,raw/emam_v14/train/labels/Image_10_jpg.rf.78151340d0e81bf0b1eb2877b4da0953.txt,bellpepper
train,raw/emam_v14/train/images/Image_10_jpg.rf.78474259ba40829d635c5ffe583cbcc0.jpg,raw/emam_v14/train/labels/Image_10_jpg.rf.78474259ba40829d635c5ffe583cbcc0.txt,corn
train,raw/emam_v14/train/images/Image_10_jpg.rf.7918d026b47dfc56dfa6aa5044250cc6.jpg,raw/emam_v14/train/labels/Image_10_jpg.rf.7918d026b47dfc56dfa6aa5044250cc6.txt,lettuce
train,raw/emam_v14/train/images/Image_10_jpg.rf.7b36062580ec8ffe6f0a541ab94dfd75.jpg,raw/emam_v14/train/labels/Image_10_jpg.rf.7b36062580ec8ffe6f0a541ab94dfd75.txt,cucumber
train,raw/emam_v14/train/images/Image_10_jpg.rf.7cdb8bc883b424f133d4230da908a511.jpg,raw/emam_v14/train/labels/Image_10_jpg.rf.7cdb8bc883b424f133d4230da908a511.txt,sweetpotato
train,raw/emam_v14/train/images/Image_10_jpg.rf.7e04136d718ae2a5320115d9cc090eec.jpg,raw/emam_v14/train/labels/Image_10_jpg.rf.7e04136d718ae2a5320115d9cc090eec.txt,lettuce
train,raw/emam_v14/train/images/Image_10_jpg.rf.8c83db85f9e091b9e92b24aeb1db8226.jpg,raw/emam_v14/train/labels/Image_10_jpg.rf.8c83db85f9e091b9e92b24aeb1db8226.txt,radish
train,raw/emam_v14/train/images/Image_10_jpg.rf.92dc332585f6e74414e18135a7f16566.jpg,raw/emam_v14/train/labels/Image_10_jpg.rf.92dc332585f6e74414e18135a7f16566.txt,ginger
train,raw/emam_v14/train/images/Image_10_jpg.rf.98bd8311fc00feab6a6d1c2d4d63ba53.jpg,raw/emam_v14/train/labels/Image_10_jpg.rf.98bd8311fc00feab6a6d1c2d4d63ba53.txt,corn
train,raw/emam_v14/train/images/Image_10_jpg.rf.98e8e7600d5ff1431cd0d7255ee3b304.jpg,raw/emam_v14/train/labels/Image_10_jpg.rf.98e8e7600d5ff1431cd0d7255ee3b304.txt,potato
train,raw/emam_v14/train/images/Image_10_jpg.rf.9b1b663a69d1c5721f866cba398688ec.jpg,raw/emam_v14/train/labels/Image_10_jpg.rf.9b1b663a69d1c5721f866cba398688ec.txt,garlic
train,raw/emam_v14/train/images/Image_10_jpg.rf.9c81019fb1e901c567284a66b337f98d.jpg,raw/emam_v14/train/labels/Image_10_jpg.rf.9c81019fb1e901c567284a66b337f98d.txt,ginger
train,raw/emam_v14/train/images/Image_10_jpg.rf.9ed7e60f594e8408e9d2dfc262aacc99.jpg,raw/emam_v14/train/labels/Image_10_jpg.rf.9ed7e60f594e8408e9d2dfc262aacc99.txt,cabbage
train,raw/emam_v14/train/images/Image_10_jpg.rf.9f8106470218aa2a5963db7b70a252c9.jpg,raw/emam_v14/train/labels/Image_10_jpg.rf.9f8106470218aa2a5963db7b70a252c9.txt,sweetpotato
train,raw/emam_v14/train/images/Image_10_jpg.rf.a25f01a5989f14003338648948acf924.jpg,raw/emam_v14/train/labels/Image_10_jpg.rf.a25f01a5989f14003338648948acf924.txt,potato
train,raw/emam_v14/train/images/Image_10_jpg.rf.a589aa6b5e17b80de04721512ca8e4ff.jpg,raw/emam_v14/train/labels/Image_10_jpg.rf.a589aa6b5e17b80de04721512ca8e4ff.txt,peas
train,raw/emam_v14/train/images/Image_10_jpg.rf.a66a931ea2fdc74b5037871885c622bc.jpg,raw/emam_v14/train/labels/Image_10_jpg.rf.a66a931ea2fdc74b5037871885c622bc.txt,ginger
train,raw/emam_v14/train/images/Image_10_jpg.rf.a8006e5cfb657d08ce1d3e1bced5aa19.jpg,raw/emam_v14/train/labels/Image_10_jpg.rf.a8006e5cfb657d08ce1d3e1bced5aa19.txt,beetroot
train,raw/emam_v14/train/images/Image_10_jpg.rf.a8b91bc08450da8273ea9ed80e6d2d5d.jpg,raw/emam_v14/train/labels/Image_10_jpg.rf.a8b91bc08450da8273ea9ed80e6d2d5d.txt,potato
train,raw/emam_v14/train/images/Image_10_jpg.rf.a9dead37ea7f650a26603e25feaf02b4.jpg,raw/emam_v14/train/labels/Image_10_jpg.rf.a9dead37ea7f650a26603e25feaf02b4.txt,sweetpotato
train,raw/emam_v14/train/images/Image_10_jpg.rf.b1e6eac6734088d38d89194693b7a660.jpg,raw/emam_v14/train/labels/Image_10_jpg.rf.b1e6eac6734088d38d89194693b7a660.txt,sweetpotato
train,raw/emam_v14/train/images/Image_10_jpg.rf.b294a4c03d32e3007c097deb0cb13444.jpg,raw/emam_v14/train/labels/Image_10_jpg.rf.b294a4c03d32e3007c097deb0cb13444.txt,peas
train,raw/emam_v14/train/images/Image_10_jpg.rf.ba676979a41f85982c497e7789375352.jpg,raw/emam_v14/train/labels/Image_10_jpg.rf.ba676979a41f85982c497e7789375352.txt,bellpepper
train,raw/emam_v14/train/images/Image_10_jpg.rf.bba9c5a64d43794b0ce2a114bc4159fe.jpg,raw/emam_v14/train/labels/Image_10_jpg.rf.bba9c5a64d43794b0ce2a114bc4159fe.txt,beetroot
train,raw/emam_v14/train/images/Image_10_jpg.rf.be7c1108acc5be970f04d1e1334fc9c9.jpg,raw/emam_v14/train/labels/Image_10_jpg.rf.be7c1108acc5be970f04d1e1334fc9c9.txt,cucumber
train,raw/emam_v14/train/images/Image_10_jpg.rf.c7cfd9161c7aac8826bc457e2a47c520.jpg,raw/emam_v14/train/labels/Image_10_jpg.rf.c7cfd9161c7aac8826bc457e2a47c520.txt,lemon
train,raw/emam_v14/train/images/Image_10_jpg.rf.caefff43c0254574c7a0301535c5e6c1.jpg,raw/emam_v14/train/labels/Image_10_jpg.rf.caefff43c0254574c7a0301535c5e6c1.txt,peas
train,raw/emam_v14/train/images/Image_10_jpg.rf.d6644eca1ea1be0671ac48e787a43d37.jpg,raw/emam_v14/train/labels/Image_10_jpg.rf.d6644eca1ea1be0671ac48e787a43d37.txt,corn
train,raw/emam_v14/train/images/Image_10_jpg.rf.dfb7b044a7172cb6f364052222979c07.jpg,raw/emam_v14/train/labels/Image_10_jpg.rf.dfb7b044a7172cb6f364052222979c07.txt,ladyfinger
train,raw/emam_v14/train/images/Image_10_jpg.rf.e08d48b9e2fa70f9f9b10ab30e55348d.jpg,raw/emam_v14/train/labels/Image_10_jpg.rf.e08d48b9e2fa70f9f9b10ab30e55348d.txt,sweetcorn
train,raw/emam_v14/train/images/Image_10_jpg.rf.e2e2969e60dc2ff692bb58abb42a8aca.jpg,raw/emam_v14/train/labels/Image_10_jpg.rf.e2e2969e60dc2ff692bb58abb42a8aca.txt,ladyfinger
train,raw/emam_v14/train/images/Image_10_jpg.rf.e309cd06e859bff7859aa312ed108a8d.jpg,raw/emam_v14/train/labels/Image_10_jpg.rf.e309cd06e859bff7859aa312ed108a8d.txt,lemon
train,raw/emam_v14/train/images/Image_10_jpg.rf.e35a2e79d7361199cce1e0e1fb79f76c.jpg,raw/emam_v14/train/labels/Image_10_jpg.rf.e35a2e79d7361199cce1e0e1fb79f76c.txt,eggplant
train,raw/emam_v14/train/images/Image_10_jpg.rf.e3d7970523882f633aec138b2a9a9bc5.jpg,raw/emam_v14/train/labels/Image_10_jpg.rf.e3d7970523882f633aec138b2a9a9bc5.txt,chillipepper
train,raw/emam_v14/train/images/Image_10_jpg.rf.eebb8d2b65e2b8c68d920098431efc05.jpg,raw/emam_v14/train/labels/Image_10_jpg.rf.eebb8d2b65e2b8c68d920098431efc05.txt,beetroot
train,raw/emam_v14/train/images/Image_10_jpg.rf.f8fbfc8fe26fa85ca51af1d5c278e65e.jpg,raw/emam_v14/train/labels/Image_10_jpg.rf.f8fbfc8fe26fa85ca51af1d5c278e65e.txt,sweetcorn
train,raw/emam_v14/train/images/Image_10_jpg.rf.ff6043446696ee35196cf208cea293d0.jpg,raw/emam_v14/train/labels/Image_10_jpg.rf.ff6043446696ee35196cf208cea293d0.txt,bellpepper
train,raw/emam_v14/train/images/Image_11_jpg.rf.048602f47005b9abe833178a87c28f5b.jpg,raw/emam_v14/train/labels/Image_11_jpg.rf.048602f47005b9abe833178a87c28f5b.txt,ladyfinger
train,raw/emam_v14/train/images/Image_11_jpg.rf.1274e59547d59c83c54c8e2196607892.jpg,raw/emam_v14/train/labels/Image_11_jpg.rf.1274e59547d59c83c54c8e2196607892.txt,lettuce
train,raw/emam_v14/train/images/Image_11_jpg.rf.1bf3eb11dc13fd524a745bc8939a8563.jpg,raw/emam_v14/train/labels/Image_11_jpg.rf.1bf3eb11dc13fd524a745bc8939a8563.txt,bellpepper
train,raw/emam_v14/train/images/Image_11_jpg.rf.22433f877e84b02d78b92a472a02ee91.jpg,raw/emam_v14/train/labels/Image_11_jpg.rf.22433f877e84b02d78b92a472a02ee91.txt,onion
train,raw/emam_v14/train/images/Image_11_jpg.rf.27e28c5e972c8a38827f489fef23aec9.jpg,raw/emam_v14/train/labels/Image_11_jpg.rf.27e28c5e972c8a38827f489fef23aec9.txt,garlic
train,raw/emam_v14/train/images/Image_11_jpg.rf.2826c337ed3a5bd0269eaa12292fd868.jpg,raw/emam_v14/train/labels/Image_11_jpg.rf.2826c337ed3a5bd0269eaa12292fd868.txt,lemon
train,raw/emam_v14/train/images/Image_11_jpg.rf.2d75b1131c8a74aeaa44bd268baa86b6.jpg,raw/emam_v14/train/labels/Image_11_jpg.rf.2d75b1131c8a74aeaa44bd268baa86b6.txt,garlic
train,raw/emam_v14/train/images/Image_11_jpg.rf.315fec3537fdb7cdc2062567879ed851.jpg,raw/emam_v14/train/labels/Image_11_jpg.rf.315fec3537fdb7cdc2062567879ed851.txt,cabbage
train,raw/emam_v14/train/images/Image_11_jpg.rf.397e41288829bc1bdbedb05d2748cd59.jpg,raw/emam_v14/train/labels/Image_11_jpg.rf.397e41288829bc1bdbedb05d2748cd59.txt,beetroot
train,raw/emam_v14/train/images/Image_11_jpg.rf.3fd4357547fd91686287116ef4896a85.jpg,raw/emam_v14/train/labels/Image_11_jpg.rf.3fd4357547fd91686287116ef4896a85.txt,lettuce
train,raw/emam_v14/train/images/Image_11_jpg.rf.42a9682031f19981c09ba3fc61afa317.jpg,raw/emam_v14/train/labels/Image_11_jpg.rf.42a9682031f19981c09ba3fc61afa317.txt,bellpepper
train,raw/emam_v14/train/images/Image_11_jpg.rf.4456625a50648a25b126f1fafabd70d4.jpg,raw/emam_v14/train/labels/Image_11_jpg.rf.4456625a50648a25b126f1fafabd70d4.txt,ladyfinger
train,raw/emam_v14/train/images/Image_11_jpg.rf.45bbb6b14a8e8cf25cc6f9752e45d8ab.jpg,raw/emam_v14/train/labels/Image_11_jpg.rf.45bbb6b14a8e8cf25cc6f9752e45d8ab.txt,cabbage
train,raw/emam_v14/train/images/Image_11_jpg.rf.4a2208e776ecbc1f3ad056e8bf9e839c.jpg,raw/emam_v14/train/labels/Image_11_jpg.rf.4a2208e776ecbc1f3ad056e8bf9e839c.txt,bellpepper
train,raw/emam_v14/train/images/Image_11_jpg.rf.505a25cb75067f48d56864a26a2ebddb.jpg,raw/emam_v14/train/labels/Image_11_jpg.rf.505a25cb75067f48d56864a26a2ebddb.txt,bellpepper
train,raw/emam_v14/train/images/Image_11_jpg.rf.5593c6232c6d9076c31e31c643725c84.jpg,raw/emam_v14/train/labels/Image_11_jpg.rf.5593c6232c6d9076c31e31c643725c84.txt,sweetpotato
train,raw/emam_v14/train/images/Image_11_jpg.rf.5605be705a788cc54eccd2677c2baae4.jpg,raw/emam_v14/train/labels/Image_11_jpg.rf.5605be705a788cc54eccd2677c2baae4.txt,sweetpotato
train,raw/emam_v14/train/images/Image_11_jpg.rf.566599380f466368daccae7badcaa2c1.jpg,raw/emam_v14/train/labels/Image_11_jpg.rf.566599380f466368daccae7badcaa2c1.txt,tomato
train,raw/emam_v14/train/images/Image_11_jpg.rf.5f8a89f5d3c42a0a1fa463691d966614.jpg,raw/emam_v14/train/labels/Image_11_jpg.rf.5f8a89f5d3c42a0a1fa463691d966614.txt,lemon
train,raw/emam_v14/train/images/Image_11_jpg.rf.63ac860264376f95bd29b7653cef166b.jpg,raw/emam_v14/train/labels/Image_11_jpg.rf.63ac860264376f95bd29b7653cef166b.txt,turnip
train,raw/emam_v14/train/images/Image_11_jpg.rf.65e8a812c1a269b1de36d3c36279c5b2.jpg,raw/emam_v14/train/labels/Image_11_jpg.rf.65e8a812c1a269b1de36d3c36279c5b2.txt,onion
train,raw/emam_v14/train/images/Image_11_jpg.rf.6917e77ea3f5dd86ae3303c0f56e51cc.jpg,raw/emam_v14/train/labels/Image_11_jpg.rf.6917e77ea3f5dd86ae3303c0f56e51cc.txt,tomato
train,raw/emam_v14/train/images/Image_11_jpg.rf.6a1a1c7704407ec99e4b553cb74164ec.jpg,raw/emam_v14/train/labels/Image_11_jpg.rf.6a1a1c7704407ec99e4b553cb74164ec.txt,potato
train,raw/emam_v14/train/images/Image_11_jpg.rf.6e644b8784421bb9084d8c7a0fed48d8.jpg,raw/emam_v14/train/labels/Image_11_jpg.rf.6e644b8784421bb9084d8c7a0fed48d8.txt,corn
train,raw/emam_v14/train/images/Image_11_jpg.rf.6fbfb1efda3ed763656a72adafdb2caa.jpg,raw/emam_v14/train/labels/Image_11_jpg.rf.6fbfb1efda3ed763656a72adafdb2caa.txt,corn
train,raw/emam_v14/train/images/Image_11_jpg.rf.7f82090f3727fc5dc630d6249312b3a2.jpg,raw/emam_v14/train/labels/Image_11_jpg.rf.7f82090f3727fc5dc630d6249312b3a2.txt,tomato
train,raw/emam_v14/train/images/Image_11_jpg.rf.94260263ea75f843772807401b839a8b.jpg,raw/emam_v14/train/labels/Image_11_jpg.rf.94260263ea75f843772807401b839a8b.txt,potato
train,raw/emam_v14/train/images/Image_11_jpg.rf.96df26f2ea38393ef6ba3e4951c03bd1.jpg,raw/emam_v14/train/labels/Image_11_jpg.rf.96df26f2ea38393ef6ba3e4951c03bd1.txt,beetroot
train,raw/emam_v14/train/images/Image_11_jpg.rf.9ac463f7057bf4986d90b1d77db1881a.jpg,raw/emam_v14/train/labels/Image_11_jpg.rf.9ac463f7057bf4986d90b1d77db1881a.txt,garlic
train,raw/emam_v14/train/images/Image_11_jpg.rf.a074d2a1ac2943267c675a44e3359952.jpg,raw/emam_v14/train/labels/Image_11_jpg.rf.a074d2a1ac2943267c675a44e3359952.txt,corn
train,raw/emam_v14/train/images/Image_11_jpg.rf.a75f9ef8bb83db15d0ddf40168f9a463.jpg,raw/emam_v14/train/labels/Image_11_jpg.rf.a75f9ef8bb83db15d0ddf40168f9a463.txt,lemon
train,raw/emam_v14/train/images/Image_11_jpg.rf.af72f3efedcd4088e211635f845f698b.jpg,raw/emam_v14/train/labels/Image_11_jpg.rf.af72f3efedcd4088e211635f845f698b.txt,onion
train,raw/emam_v14/train/images/Image_11_jpg.rf.bd5f80b4de7011b5eba1825f4eb2d555.jpg,raw/emam_v14/train/labels/Image_11_jpg.rf.bd5f80b4de7011b5eba1825f4eb2d555.txt,sweetpotato
train,raw/emam_v14/train/images/Image_11_jpg.rf.c863314404bfdce27dcfb590df1b96e1.jpg,raw/emam_v14/train/labels/Image_11_jpg.rf.c863314404bfdce27dcfb590df1b96e1.txt,sweetcorn
train,raw/emam_v14/train/images/Image_11_jpg.rf.cf1dee9efbfbc4f3adaf202ec0cd0622.jpg,raw/emam_v14/train/labels/Image_11_jpg.rf.cf1dee9efbfbc4f3adaf202ec0cd0622.txt,turnip
train,raw/emam_v14/train/images/Image_11_jpg.rf.d4624d371ae87cf7018b38381f219eb1.jpg,raw/emam_v14/train/labels/Image_11_jpg.rf.d4624d371ae87cf7018b38381f219eb1.txt,bellpepper
train,raw/emam_v14/train/images/Image_11_jpg.rf.db590d55413947d2e5d73c3a5cb202a1.jpg,raw/emam_v14/train/labels/Image_11_jpg.rf.db590d55413947d2e5d73c3a5cb202a1.txt,ladyfinger
train,raw/emam_v14/train/images/Image_11_jpg.rf.ddc7631e35143a8b9c65e716e0c15356.jpg,raw/emam_v14/train/labels/Image_11_jpg.rf.ddc7631e35143a8b9c65e716e0c15356.txt,beetroot
train,raw/emam_v14/train/images/Image_11_jpg.rf.e3a7c801161c18412e7bc4e80380cc43.jpg,raw/emam_v14/train/labels/Image_11_jpg.rf.e3a7c801161c18412e7bc4e80380cc43.txt,bellpepper
train,raw/emam_v14/train/images/Image_11_jpg.rf.e454f3dfebb843c17a98259372ecbec7.jpg,raw/emam_v14/train/labels/Image_11_jpg.rf.e454f3dfebb843c17a98259372ecbec7.txt,sweetcorn
train,raw/emam_v14/train/images/Image_11_jpg.rf.e499b60834bad8b95c0c34356b530bdb.jpg,raw/emam_v14/train/labels/Image_11_jpg.rf.e499b60834bad8b95c0c34356b530bdb.txt,sweetcorn
train,raw/emam_v14/train/images/Image_11_jpg.rf.e6c2219d0a24211cafb1e0785b3e2a65.jpg,raw/emam_v14/train/labels/Image_11_jpg.rf.e6c2219d0a24211cafb1e0785b3e2a65.txt,cabbage
train,raw/emam_v14/train/images/Image_11_jpg.rf.eda2f5e6b7c0ecc9e2d67ce2f4f1dca7.jpg,raw/emam_v14/train/labels/Image_11_jpg.rf.eda2f5e6b7c0ecc9e2d67ce2f4f1dca7.txt,potato
train,raw/emam_v14/train/images/Image_11_jpg.rf.f40aaa11aaad58f03ecd7418575b418b.jpg,raw/emam_v14/train/labels/Image_11_jpg.rf.f40aaa11aaad58f03ecd7418575b418b.txt,lettuce
train,raw/emam_v14/train/images/Image_11_jpg.rf.f569a531eb183eff63171d69fe486684.jpg,raw/emam_v14/train/labels/Image_11_jpg.rf.f569a531eb183eff63171d69fe486684.txt,turnip
train,raw/emam_v14/train/images/Image_11_png_jpg.rf.7412516dffe4e7915e950f2c6b2880e0.jpg,raw/emam_v14/train/labels/Image_11_png_jpg.rf.7412516dffe4e7915e950f2c6b2880e0.txt,radish
train,raw/emam_v14/train/images/Image_11_png_jpg.rf.8fa87716d2b39ef4d3868a7689a98691.jpg,raw/emam_v14/train/labels/Image_11_png_jpg.rf.8fa87716d2b39ef4d3868a7689a98691.txt,radish
train,raw/emam_v14/train/images/Image_11_png_jpg.rf.d4889bf1cb0952b4f3edf0d486a3c4f5.jpg,raw/emam_v14/train/labels/Image_11_png_jpg.rf.d4889bf1cb0952b4f3edf0d486a3c4f5.txt,radish
train,raw/emam_v14/train/images/Image_12_jpg.rf.1380f7d0975eca285eb68ad19b07cdf5.jpg,raw/emam_v14/train/labels/Image_12_jpg.rf.1380f7d0975eca285eb68ad19b07cdf5.txt,ladyfinger
train,raw/emam_v14/train/images/Image_12_jpg.rf.1519e215fca81458d3ebc73aa7e74ac7.jpg,raw/emam_v14/train/labels/Image_12_jpg.rf.1519e215fca81458d3ebc73aa7e74ac7.txt,peas
train,raw/emam_v14/train/images/Image_12_jpg.rf.1a25ec3f655eb1649f19a177ed76ea34.jpg,raw/emam_v14/train/labels/Image_12_jpg.rf.1a25ec3f655eb1649f19a177ed76ea34.txt,lettuce
train,raw/emam_v14/train/images/Image_12_jpg.rf.1cb2142939481bed61c05efe49d451f5.jpg,raw/emam_v14/train/labels/Image_12_jpg.rf.1cb2142939481bed61c05efe49d451f5.txt,cabbage
train,raw/emam_v14/train/images/Image_12_jpg.rf.201eee4a5320a806ebc3983d90ec63b0.jpg,raw/emam_v14/train/labels/Image_12_jpg.rf.201eee4a5320a806ebc3983d90ec63b0.txt,sweetcorn
train,raw/emam_v14/train/images/Image_12_jpg.rf.22bc7231dac5505556ceb7051a6bfad5.jpg,raw/emam_v14/train/labels/Image_12_jpg.rf.22bc7231dac5505556ceb7051a6bfad5.txt,cabbage
train,raw/emam_v14/train/images/Image_12_jpg.rf.2642ce9aaf640b005ee6afc079f966f7.jpg,raw/emam_v14/train/labels/Image_12_jpg.rf.2642ce9aaf640b005ee6afc079f966f7.txt,bellpepper
train,raw/emam_v14/train/images/Image_12_jpg.rf.2c9191dad249b255a9b4ad92339b889e.jpg,raw/emam_v14/train/labels/Image_12_jpg.rf.2c9191dad249b255a9b4ad92339b889e.txt,radish
train,raw/emam_v14/train/images/Image_12_jpg.rf.2d0f3788d66fff83cd11cd957bad75dd.jpg,raw/emam_v14/train/labels/Image_12_jpg.rf.2d0f3788d66fff83cd11cd957bad75dd.txt,cucumber
train,raw/emam_v14/train/images/Image_12_jpg.rf.35b38620cca326e348638e7f02778ca1.jpg,raw/emam_v14/train/labels/Image_12_jpg.rf.35b38620cca326e348638e7f02778ca1.txt,lettuce
train,raw/emam_v14/train/images/Image_12_jpg.rf.3cbb0fe1b91d0b3f60c52c79ad0cddbf.jpg,raw/emam_v14/train/labels/Image_12_jpg.rf.3cbb0fe1b91d0b3f60c52c79ad0cddbf.txt,lettuce
train,raw/emam_v14/train/images/Image_12_jpg.rf.41fbf13bb5a90e138dbf1e13e31c1f26.jpg,raw/emam_v14/train/labels/Image_12_jpg.rf.41fbf13bb5a90e138dbf1e13e31c1f26.txt,carrot
train,raw/emam_v14/train/images/Image_12_jpg.rf.4a6009010cf0723223b9ede5f2182e39.jpg,raw/emam_v14/train/labels/Image_12_jpg.rf.4a6009010cf0723223b9ede5f2182e39.txt,bellpepper
train,raw/emam_v14/train/images/Image_12_jpg.rf.4afd7698bb7997bc2a7935cb940865b1.jpg,raw/emam_v14/train/labels/Image_12_jpg.rf.4afd7698bb7997bc2a7935cb940865b1.txt,turnip
train,raw/emam_v14/train/images/Image_12_jpg.rf.4f1e66045f914a4c12bd70c213823638.jpg,raw/emam_v14/train/labels/Image_12_jpg.rf.4f1e66045f914a4c12bd70c213823638.txt,peas
train,raw/emam_v14/train/images/Image_12_jpg.rf.5730abc099c912bf854601963dd2249b.jpg,raw/emam_v14/train/labels/Image_12_jpg.rf.5730abc099c912bf854601963dd2249b.txt,bellpepper
train,raw/emam_v14/train/images/Image_12_jpg.rf.5906976a8785febd20138604a13dc550.jpg,raw/emam_v14/train/labels/Image_12_jpg.rf.5906976a8785febd20138604a13dc550.txt,radish
train,raw/emam_v14/train/images/Image_12_jpg.rf.59275c1ba24b79a700b3bc8c5fcd27e7.jpg,raw/emam_v14/train/labels/Image_12_jpg.rf.59275c1ba24b79a700b3bc8c5fcd27e7.txt,tomato
train,raw/emam_v14/train/images/Image_12_jpg.rf.67a1b0932c794501d32947d27ce1f561.jpg,raw/emam_v14/train/labels/Image_12_jpg.rf.67a1b0932c794501d32947d27ce1f561.txt,cabbage
train,raw/emam_v14/train/images/Image_12_jpg.rf.73158fcbd1632d70df142d89eff34c84.jpg,raw/emam_v14/train/labels/Image_12_jpg.rf.73158fcbd1632d70df142d89eff34c84.txt,ginger
train,raw/emam_v14/train/images/Image_12_jpg.rf.7826507da35c0f453c502f5cfe067f67.jpg,raw/emam_v14/train/labels/Image_12_jpg.rf.7826507da35c0f453c502f5cfe067f67.txt,jalapeno
train,raw/emam_v14/train/images/Image_12_jpg.rf.85fa2bb1b00c1d3e59ba24e19cae062f.jpg,raw/emam_v14/train/labels/Image_12_jpg.rf.85fa2bb1b00c1d3e59ba24e19cae062f.txt,turnip
train,raw/emam_v14/train/images/Image_12_jpg.rf.8b1687f175b78fe23bfd71bc31b36d56.jpg,raw/emam_v14/train/labels/Image_12_jpg.rf.8b1687f175b78fe23bfd71bc31b36d56.txt,bellpepper
train,raw/emam_v14/train/images/Image_12_jpg.rf.8c41f025c0a55b2c158006b301ac44cb.jpg,raw/emam_v14/train/labels/Image_12_jpg.rf.8c41f025c0a55b2c158006b301ac44cb.txt,tomato
train,raw/emam_v14/train/images/Image_12_jpg.rf.969a7820a245474f018762adde8393de.jpg,raw/emam_v14/train/labels/Image_12_jpg.rf.969a7820a245474f018762adde8393de.txt,ladyfinger
train,raw/emam_v14/train/images/Image_12_jpg.rf.9b4bbb92d830af916f6e497958512edb.jpg,raw/emam_v14/train/labels/Image_12_jpg.rf.9b4bbb92d830af916f6e497958512edb.txt,sweetcorn
train,raw/emam_v14/train/images/Image_12_jpg.rf.a08cf45354c5499e718870d0fc1bbbf7.jpg,raw/emam_v14/train/labels/Image_12_jpg.rf.a08cf45354c5499e718870d0fc1bbbf7.txt,spinach
train,raw/emam_v14/train/images/Image_12_jpg.rf.a68e7b1087d33fb0f19131d774c0a62a.jpg,raw/emam_v14/train/labels/Image_12_jpg.rf.a68e7b1087d33fb0f19131d774c0a62a.txt,bellpepper
train,raw/emam_v14/train/images/Image_12_jpg.rf.a7339a5372537faadf144fbad9bb5d82.jpg,raw/emam_v14/train/labels/Image_12_jpg.rf.a7339a5372537faadf144fbad9bb5d82.txt,bellpepper
train,raw/emam_v14/train/images/Image_12_jpg.rf.afb5d006dff43883539b43b7a8b63f79.jpg,raw/emam_v14/train/labels/Image_12_jpg.rf.afb5d006dff43883539b43b7a8b63f79.txt,bellpepper
train,raw/emam_v14/train/images/Image_12_jpg.rf.b845f9dabcf68a5771310161ecb2bd10.jpg,raw/emam_v14/train/labels/Image_12_jpg.rf.b845f9dabcf68a5771310161ecb2bd10.txt,tomato
train,raw/emam_v14/train/images/Image_12_jpg.rf.b8e536775081c758d05a8e8af0b0e6e9.jpg,raw/emam_v14/train/labels/Image_12_jpg.rf.b8e536775081c758d05a8e8af0b0e6e9.txt,sweetcorn
train,raw/emam_v14/train/images/Image_12_jpg.rf.b9434ba32b20fb7df3d69a8c6dbccc84.jpg,raw/emam_v14/train/labels/Image_12_jpg.rf.b9434ba32b20fb7df3d69a8c6dbccc84.txt,ginger
train,raw/emam_v14/train/images/Image_12_jpg.rf.be55b36359d550a76fff5a2ab675208a.jpg,raw/emam_v14/train/labels/Image_12_jpg.rf.be55b36359d550a76fff5a2ab675208a.txt,turnip
train,raw/emam_v14/train/images/Image_12_jpg.rf.c045c0313b49f36fd20a03b4a50ac4e4.jpg,raw/emam_v14/train/labels/Image_12_jpg.rf.c045c0313b49f36fd20a03b4a50ac4e4.txt,peas
train,raw/emam_v14/train/images/Image_12_jpg.rf.c57a7e52e512e9f2c148d1054c733380.jpg,raw/emam_v14/train/labels/Image_12_jpg.rf.c57a7e52e512e9f2c148d1054c733380.txt,cucumber
train,raw/emam_v14/train/images/Image_12_jpg.rf.c602e090d422d455a439d7c17e45273b.jpg,raw/emam_v14/train/labels/Image_12_jpg.rf.c602e090d422d455a439d7c17e45273b.txt,radish
train,raw/emam_v14/train/images/Image_12_jpg.rf.cb2deff08607f5ebbf789cce82eb550c.jpg,raw/emam_v14/train/labels/Image_12_jpg.rf.cb2deff08607f5ebbf789cce82eb550c.txt,jalapeno
train,raw/emam_v14/train/images/Image_12_jpg.rf.cb5389fd3d07e496d86935ad0c894d92.jpg,raw/emam_v14/train/labels/Image_12_jpg.rf.cb5389fd3d07e496d86935ad0c894d92.txt,cucumber
train,raw/emam_v14/train/images/Image_12_jpg.rf.d657ac30d6439fa9bc35dca4b8225c58.jpg,raw/emam_v14/train/labels/Image_12_jpg.rf.d657ac30d6439fa9bc35dca4b8225c58.txt,carrot
train,raw/emam_v14/train/images/Image_12_jpg.rf.dab62b6fe4edafd615a66744b5756f1f.jpg,raw/emam_v14/train/labels/Image_12_jpg.rf.dab62b6fe4edafd615a66744b5756f1f.txt,spinach
train,raw/emam_v14/train/images/Image_12_jpg.rf.dd4ebbb4db966c765c15d024630f87bc.jpg,raw/emam_v14/train/labels/Image_12_jpg.rf.dd4ebbb4db966c765c15d024630f87bc.txt,carrot
train,raw/emam_v14/train/images/Image_12_jpg.rf.ddff4f18bd877b62608f2dacf8024a34.jpg,raw/emam_v14/train/labels/Image_12_jpg.rf.ddff4f18bd877b62608f2dacf8024a34.txt,bellpepper
train,raw/emam_v14/train/images/Image_12_jpg.rf.e6803b6606f77c83da234de7236b65e7.jpg,raw/emam_v14/train/labels/Image_12_jpg.rf.e6803b6606f77c83da234de7236b65e7.txt,spinach
train,raw/emam_v14/train/images/Image_12_jpg.rf.f053b92bd1797e3aca15b08a1787713a.jpg,raw/emam_v14/train/labels/Image_12_jpg.rf.f053b92bd1797e3aca15b08a1787713a.txt,ladyfinger
train,raw/emam_v14/train/images/Image_12_jpg.rf.f0bf34757c43bcba786b57f624784141.jpg,raw/emam_v14/train/labels/Image_12_jpg.rf.f0bf34757c43bcba786b57f624784141.txt,jalapeno
train,raw/emam_v14/train/images/Image_12_jpg.rf.f492c4a34a24ff078b364e803f62a83a.jpg,raw/emam_v14/train/labels/Image_12_jpg.rf.f492c4a34a24ff078b364e803f62a83a.txt,bellpepper
train,raw/emam_v14/train/images/Image_12_jpg.rf.fe5c6948078068a43c9a814935bac0c7.jpg,raw/emam_v14/train/labels/Image_12_jpg.rf.fe5c6948078068a43c9a814935bac0c7.txt,ginger
train,raw/emam_v14/train/images/Image_13_jpg.rf.0036e528b645b34f8475784eb5e8cae2.jpg,raw/emam_v14/train/labels/Image_13_jpg.rf.0036e528b645b34f8475784eb5e8cae2.txt,peas
train,raw/emam_v14/train/images/Image_13_jpg.rf.097debb0101c011e04ae787d74d8de5a.jpg,raw/emam_v14/train/labels/Image_13_jpg.rf.097debb0101c011e04ae787d74d8de5a.txt,bellpepper
train,raw/emam_v14/train/images/Image_13_jpg.rf.0ced42545cb069696aa1f22011bdb950.jpg,raw/emam_v14/train/labels/Image_13_jpg.rf.0ced42545cb069696aa1f22011bdb950.txt,garlic
train,raw/emam_v14/train/images/Image_13_jpg.rf.1187a413d58779a145b1813acbc4ff83.jpg,raw/emam_v14/train/labels/Image_13_jpg.rf.1187a413d58779a145b1813acbc4ff83.txt,onion
train,raw/emam_v14/train/images/Image_13_jpg.rf.127a764d9d1e0e3b47bdacb1a3a0294a.jpg,raw/emam_v14/train/labels/Image_13_jpg.rf.127a764d9d1e0e3b47bdacb1a3a0294a.txt,radish
train,raw/emam_v14/train/images/Image_13_jpg.rf.28419361ae0bfd448110b8bffc3c7aa4.jpg,raw/emam_v14/train/labels/Image_13_jpg.rf.28419361ae0bfd448110b8bffc3c7aa4.txt,corn
train,raw/emam_v14/train/images/Image_13_jpg.rf.2bcb2f784aa414f20dae7fe733bbf1f8.jpg,raw/emam_v14/train/labels/Image_13_jpg.rf.2bcb2f784aa414f20dae7fe733bbf1f8.txt,bellpepper
train,raw/emam_v14/train/images/Image_13_jpg.rf.3e806b85391066e11a13975ba01cbed8.jpg,raw/emam_v14/train/labels/Image_13_jpg.rf.3e806b85391066e11a13975ba01cbed8.txt,radish
train,raw/emam_v14/train/images/Image_13_jpg.rf.4a4583745578c19c70dbafec37be08c4.jpg,raw/emam_v14/train/labels/Image_13_jpg.rf.4a4583745578c19c70dbafec37be08c4.txt,turnip
train,raw/emam_v14/train/images/Image_13_jpg.rf.4bb6f7b4ceda79efbaca24f0a071c12c.jpg,raw/emam_v14/train/labels/Image_13_jpg.rf.4bb6f7b4ceda79efbaca24f0a071c12c.txt,sweetcorn
train,raw/emam_v14/train/images/Image_13_jpg.rf.542d73ff948a1ead8b213a77ff3aa788.jpg,raw/emam_v14/train/labels/Image_13_jpg.rf.542d73ff948a1ead8b213a77ff3aa788.txt,garlic
train,raw/emam_v14/train/images/Image_13_jpg.rf.59855fa4bf8a91996111ce26b9868f33.jpg,raw/emam_v14/train/labels/Image_13_jpg.rf.59855fa4bf8a91996111ce26b9868f33.txt,sweetpotato
train,raw/emam_v14/train/images/Image_13_jpg.rf.6731bdf7be9f48c7c6fb92ed6efa88aa.jpg,raw/emam_v14/train/labels/Image_13_jpg.rf.6731bdf7be9f48c7c6fb92ed6efa88aa.txt,tomato
train,raw/emam_v14/train/images/Image_13_jpg.rf.724d9f0e6c073459c0f59f6b385bcbd5.jpg,raw/emam_v14/train/labels/Image_13_jpg.rf.724d9f0e6c073459c0f59f6b385bcbd5.txt,cauliflower
train,raw/emam_v14/train/images/Image_13_jpg.rf.7b338b0ed6d0fe2c766d3af7d6ad99fe.jpg,raw/emam_v14/train/labels/Image_13_jpg.rf.7b338b0ed6d0fe2c766d3af7d6ad99fe.txt,lettuce
train,raw/emam_v14/train/images/Image_13_jpg.rf.7bf3aaa6a6531ec0e0f5877edfc39b67.jpg,raw/emam_v14/train/labels/Image_13_jpg.rf.7bf3aaa6a6531ec0e0f5877edfc39b67.txt,turnip
train,raw/emam_v14/train/images/Image_13_jpg.rf.7dad514e64204b5c83c0fa6e2b6c6f8f.jpg,raw/emam_v14/train/labels/Image_13_jpg.rf.7dad514e64204b5c83c0fa6e2b6c6f8f.txt,sweetcorn
train,raw/emam_v14/train/images/Image_13_jpg.rf.7e914c7a8ea08ff171a6be8bee8e0bbe.jpg,raw/emam_v14/train/labels/Image_13_jpg.rf.7e914c7a8ea08ff171a6be8bee8e0bbe.txt,bellpepper
train,raw/emam_v14/train/images/Image_13_jpg.rf.890ea16791da4c7cfc7f43e68e98dfa8.jpg,raw/emam_v14/train/labels/Image_13_jpg.rf.890ea16791da4c7cfc7f43e68e98dfa8.txt,cauliflower
train,raw/emam_v14/train/images/Image_13_jpg.rf.95bd600b98290cb52a17f7a839e86c87.jpg,raw/emam_v14/train/labels/Image_13_jpg.rf.95bd600b98290cb52a17f7a839e86c87.txt,lettuce
train,raw/emam_v14/train/images/Image_13_jpg.rf.978304e51521e60bca6da6956f60cc72.jpg,raw/emam_v14/train/labels/Image_13_jpg.rf.978304e51521e60bca6da6956f60cc72.txt,peas
train,raw/emam_v14/train/images/Image_13_jpg.rf.9bb35e7450e8a5b88dc8a2689690738b.jpg,raw/emam_v14/train/labels/Image_13_jpg.rf.9bb35e7450e8a5b88dc8a2689690738b.txt,tomato
train,raw/emam_v14/train/images/Image_13_jpg.rf.a20dd8af75c76adb4edfaf9755f82233.jpg,raw/emam_v14/train/labels/Image_13_jpg.rf.a20dd8af75c76adb4edfaf9755f82233.txt,peas
train,raw/emam_v14/train/images/Image_13_jpg.rf.a2c4ae802bfa6fe751d1f8e63801bdd1.jpg,raw/emam_v14/train/labels/Image_13_jpg.rf.a2c4ae802bfa6fe751d1f8e63801bdd1.txt,lettuce
train,raw/emam_v14/train/images/Image_13_jpg.rf.a68d85c73d642f8a2185d9eb00e1d074.jpg,raw/emam_v14/train/labels/Image_13_jpg.rf.a68d85c73d642f8a2185d9eb00e1d074.txt,sweetcorn
train,raw/emam_v14/train/images/Image_13_jpg.rf.ab8593103823a4793ed367a192df34eb.jpg,raw/emam_v14/train/labels/Image_13_jpg.rf.ab8593103823a4793ed367a192df34eb.txt,onion
train,raw/emam_v14/train/images/Image_13_jpg.rf.b8d4e3184bb6143fb22849ec3b8d46df.jpg,raw/emam_v14/train/labels/Image_13_jpg.rf.b8d4e3184bb6143fb22849ec3b8d46df.txt,cauliflower
train,raw/emam_v14/train/images/Image_13_jpg.rf.ba02132af31c784a770b1dbfa9fcd78a.jpg,raw/emam_v14/train/labels/Image_13_jpg.rf.ba02132af31c784a770b1dbfa9fcd78a.txt,onion
train,raw/emam_v14/train/images/Image_13_jpg.rf.c780796fcebb39661bdafc563612cb91.jpg,raw/emam_v14/train/labels/Image_13_jpg.rf.c780796fcebb39661bdafc563612cb91.txt,corn
train,raw/emam_v14/train/images/Image_13_jpg.rf.ce070455dcff2aa929f724df42058bcf.jpg,raw/emam_v14/train/labels/Image_13_jpg.rf.ce070455dcff2aa929f724df42058bcf.txt,turnip
train,raw/emam_v14/train/images/Image_13_jpg.rf.cfb289da3ce65c18644e257c0dcf87a5.jpg,raw/emam_v14/train/labels/Image_13_jpg.rf.cfb289da3ce65c18644e257c0dcf87a5.txt,bellpepper
train,raw/emam_v14/train/images/Image_13_jpg.rf.d0760c8e79257992519663a789d51e13.jpg,raw/emam_v14/train/labels/Image_13_jpg.rf.d0760c8e79257992519663a789d51e13.txt,radish
train,raw/emam_v14/train/images/Image_13_jpg.rf.d2437112f0e301dca1c1c6f2b902ba93.jpg,raw/emam_v14/train/labels/Image_13_jpg.rf.d2437112f0e301dca1c1c6f2b902ba93.txt,sweetpotato
train,raw/emam_v14/train/images/Image_13_jpg.rf.df9bf932ea41edd51f38cfc278ab8cd6.jpg,raw/emam_v14/train/labels/Image_13_jpg.rf.df9bf932ea41edd51f38cfc278ab8cd6.txt,bellpepper
train,raw/emam_v14/train/images/Image_13_jpg.rf.e2ef151c5d253a09b1508665a9427f0e.jpg,raw/emam_v14/train/labels/Image_13_jpg.rf.e2ef151c5d253a09b1508665a9427f0e.txt,bellpepper
train,raw/emam_v14/train/images/Image_13_jpg.rf.eea4a5f0184849fca4aea714ffed2130.jpg,raw/emam_v14/train/labels/Image_13_jpg.rf.eea4a5f0184849fca4aea714ffed2130.txt,corn
train,raw/emam_v14/train/images/Image_13_jpg.rf.ef15ddb1b3b00ccb820b2d47353dc07b.jpg,raw/emam_v14/train/labels/Image_13_jpg.rf.ef15ddb1b3b00ccb820b2d47353dc07b.txt,garlic
train,raw/emam_v14/train/images/Image_13_jpg.rf.fa16820f86dd08cf7def6e2f390b92c1.jpg,raw/emam_v14/train/labels/Image_13_jpg.rf.fa16820f86dd08cf7def6e2f390b92c1.txt,sweetpotato
train,raw/emam_v14/train/images/Image_13_jpg.rf.fc27e79d8f4b2476f20819efbdb84c00.jpg,raw/emam_v14/train/labels/Image_13_jpg.rf.fc27e79d8f4b2476f20819efbdb84c00.txt,tomato
train,raw/emam_v14/train/images/Image_14_jpg.rf.0014cfecf6a3d729b9d1788184aa80fc.jpg,raw/emam_v14/train/labels/Image_14_jpg.rf.0014cfecf6a3d729b9d1788184aa80fc.txt,chillipepper
train,raw/emam_v14/train/images/Image_14_jpg.rf.0e8a8f7557acc67fe78477c787bcb05b.jpg,raw/emam_v14/train/labels/Image_14_jpg.rf.0e8a8f7557acc67fe78477c787bcb05b.txt,jalapeno
train,raw/emam_v14/train/images/Image_14_jpg.rf.0fc4559c64aedd21cccb1f42d20503b3.jpg,raw/emam_v14/train/labels/Image_14_jpg.rf.0fc4559c64aedd21cccb1f42d20503b3.txt,cucumber
train,raw/emam_v14/train/images/Image_14_jpg.rf.151080d1d0dd9c03499fb65ef5d6bb1a.jpg,raw/emam_v14/train/labels/Image_14_jpg.rf.151080d1d0dd9c03499fb65ef5d6bb1a.txt,eggplant
train,raw/emam_v14/train/images/Image_14_jpg.rf.29b955daf33fe7ffbec921e7eaad4c07.jpg,raw/emam_v14/train/labels/Image_14_jpg.rf.29b955daf33fe7ffbec921e7eaad4c07.txt,cucumber
train,raw/emam_v14/train/images/Image_14_jpg.rf.2f95b29cc04e761eb2935f324c4480f5.jpg,raw/emam_v14/train/labels/Image_14_jpg.rf.2f95b29cc04e761eb2935f324c4480f5.txt,beetroot
train,raw/emam_v14/train/images/Image_14_jpg.rf.33a7339e0d1541465c77bcfeb40aae7c.jpg,raw/emam_v14/train/labels/Image_14_jpg.rf.33a7339e0d1541465c77bcfeb40aae7c.txt,sweetcorn
train,raw/emam_v14/train/images/Image_14_jpg.rf.371887119bd54ea3bbabf2c67180d33f.jpg,raw/emam_v14/train/labels/Image_14_jpg.rf.371887119bd54ea3bbabf2c67180d33f.txt,bellpepper
train,raw/emam_v14/train/images/Image_14_jpg.rf.3b4657211f486b11ef29fc9ab3b12c6a.jpg,raw/emam_v14/train/labels/Image_14_jpg.rf.3b4657211f486b11ef29fc9ab3b12c6a.txt,cabbage
train,raw/emam_v14/train/images/Image_14_jpg.rf.3c8d22170a6d2d186d875068a5eb3f58.jpg,raw/emam_v14/train/labels/Image_14_jpg.rf.3c8d22170a6d2d186d875068a5eb3f58.txt,beetroot
train,raw/emam_v14/train/images/Image_14_jpg.rf.3d0ae2c527900ff978969d0a353a9647.jpg,raw/emam_v14/train/labels/Image_14_jpg.rf.3d0ae2c527900ff978969d0a353a9647.txt,peas
train,raw/emam_v14/train/images/Image_14_jpg.rf.3e2e32ffa23bb7e7c6dffc8517956983.jpg,raw/emam_v14/train/labels/Image_14_jpg.rf.3e2e32ffa23bb7e7c6dffc8517956983.txt,jalapeno
train,raw/emam_v14/train/images/Image_14_jpg.rf.5423725d50c2aeaafcfa1a210d1be1e1.jpg,raw/emam_v14/train/labels/Image_14_jpg.rf.5423725d50c2aeaafcfa1a210d1be1e1.txt,peas
train,raw/emam_v14/train/images/Image_14_jpg.rf.55c0f6b2f90eb05bccc62f0412b966e9.jpg,raw/emam_v14/train/labels/Image_14_jpg.rf.55c0f6b2f90eb05bccc62f0412b966e9.txt,sweetcorn
train,raw/emam_v14/train/images/Image_14_jpg.rf.5e970cb14823b5db58fbccee6f78d640.jpg,raw/emam_v14/train/labels/Image_14_jpg.rf.5e970cb14823b5db58fbccee6f78d640.txt,lettuce
train,raw/emam_v14/train/images/Image_14_jpg.rf.693907c39adc08121dc8f2e781f07025.jpg,raw/emam_v14/train/labels/Image_14_jpg.rf.693907c39adc08121dc8f2e781f07025.txt,turnip
train,raw/emam_v14/train/images/Image_14_jpg.rf.69bea672834b95ca697714c37cc18dfb.jpg,raw/emam_v14/train/labels/Image_14_jpg.rf.69bea672834b95ca697714c37cc18dfb.txt,cauliflower
train,raw/emam_v14/train/images/Image_14_jpg.rf.6d6cb3264cd88381a4286f69acfe8986.jpg,raw/emam_v14/train/labels/Image_14_jpg.rf.6d6cb3264cd88381a4286f69acfe8986.txt,peas
train,raw/emam_v14/train/images/Image_14_jpg.rf.755f9e0453b5d17ac43dadccb7d6b079.jpg,raw/emam_v14/train/labels/Image_14_jpg.rf.755f9e0453b5d17ac43dadccb7d6b079.txt,sweetcorn
train,raw/emam_v14/train/images/Image_14_jpg.rf.77b5636d5438af09fd6888862ee2472c.jpg,raw/emam_v14/train/labels/Image_14_jpg.rf.77b5636d5438af09fd6888862ee2472c.txt,jalapeno
train,raw/emam_v14/train/images/Image_14_jpg.rf.78bf82fa85d122e62ffef0570c796ca9.jpg,raw/emam_v14/train/labels/Image_14_jpg.rf.78bf82fa85d122e62ffef0570c796ca9.txt,turnip
train,raw/emam_v14/train/images/Image_14_jpg.rf.7df9172c76a14cd6d2d407a0e53b4848.jpg,raw/emam_v14/train/labels/Image_14_jpg.rf.7df9172c76a14cd6d2d407a0e53b4848.txt,lettuce
train,raw/emam_v14/train/images/Image_14_jpg.rf.7ea78f301222f1210bba766c2f9408f3.jpg,raw/emam_v14/train/labels/Image_14_jpg.rf.7ea78f301222f1210bba766c2f9408f3.txt,chillipepper
train,raw/emam_v14/train/images/Image_14_jpg.rf.97062fbb616af6c6301a49e3c8b3264b.jpg,raw/emam_v14/train/labels/Image_14_jpg.rf.97062fbb616af6c6301a49e3c8b3264b.txt,cucumber
train,raw/emam_v14/train/images/Image_14_jpg.rf.a971fbc4c4cc92f62e2b43a28c72b6f1.jpg,raw/emam_v14/train/labels/Image_14_jpg.rf.a971fbc4c4cc92f62e2b43a28c72b6f1.txt,lettuce
train,raw/emam_v14/train/images/Image_14_jpg.rf.b53941bad02e2999187f9c31e125c54a.jpg,raw/emam_v14/train/labels/Image_14_jpg.rf.b53941bad02e2999187f9c31e125c54a.txt,bellpepper
train,raw/emam_v14/train/images/Image_14_jpg.rf.cea48c1d3ef7714d2d33e087f5989ad6.jpg,raw/emam_v14/train/labels/Image_14_jpg.rf.cea48c1d3ef7714d2d33e087f5989ad6.txt,cabbage
train,raw/emam_v14/train/images/Image_14_jpg.rf.e1bf16332f9f4dc9b94a52ff3cb30d8d.jpg,raw/emam_v14/train/labels/Image_14_jpg.rf.e1bf16332f9f4dc9b94a52ff3cb30d8d.txt,chillipepper
train,raw/emam_v14/train/images/Image_14_jpg.rf.e2aad1f5226a1513a2b0c19b835ab54c.jpg,raw/emam_v14/train/labels/Image_14_jpg.rf.e2aad1f5226a1513a2b0c19b835ab54c.txt,cabbage
train,raw/emam_v14/train/images/Image_14_jpg.rf.e8f23a6dc5e4de43f06d8323b743a62a.jpg,raw/emam_v14/train/labels/Image_14_jpg.rf.e8f23a6dc5e4de43f06d8323b743a62a.txt,turnip
train,raw/emam_v14/train/images/Image_14_jpg.rf.ec1b90f9d3a4bebaeef68af8c8f20431.jpg,raw/emam_v14/train/labels/Image_14_jpg.rf.ec1b90f9d3a4bebaeef68af8c8f20431.txt,eggplant
train,raw/emam_v14/train/images/Image_14_jpg.rf.ec93043ef354af8406515dec6ca75017.jpg,raw/emam_v14/train/labels/Image_14_jpg.rf.ec93043ef354af8406515dec6ca75017.txt,eggplant
train,raw/emam_v14/train/images/Image_14_jpg.rf.f52e04a67638019528317988812959f9.jpg,raw/emam_v14/train/labels/Image_14_jpg.rf.f52e04a67638019528317988812959f9.txt,bellpepper
train,raw/emam_v14/train/images/Image_14_jpg.rf.f68bc48b5fea0001c0ef7759f4bfc7da.jpg,raw/emam_v14/train/labels/Image_14_jpg.rf.f68bc48b5fea0001c0ef7759f4bfc7da.txt,beetroot
train,raw/emam_v14/train/images/Image_14_jpg.rf.fa552bc25473f4d016eb1406eff608cc.jpg,raw/emam_v14/train/labels/Image_14_jpg.rf.fa552bc25473f4d016eb1406eff608cc.txt,cauliflower
train,raw/emam_v14/train/images/Image_14_jpg.rf.fd6c6ba0d3dce546d51cd6c724e6a62c.jpg,raw/emam_v14/train/labels/Image_14_jpg.rf.fd6c6ba0d3dce546d51cd6c724e6a62c.txt,cauliflower
train,raw/emam_v14/train/images/Image_15_JPG_jpg.rf.03303cc4b9ebe399b393a8c319526954.jpg,raw/emam_v14/train/labels/Image_15_JPG_jpg.rf.03303cc4b9ebe399b393a8c319526954.txt,lemon
train,raw/emam_v14/train/images/Image_15_JPG_jpg.rf.c53ec0a8f661f7fb8325ee8b8e3ed608.jpg,raw/emam_v14/train/labels/Image_15_JPG_jpg.rf.c53ec0a8f661f7fb8325ee8b8e3ed608.txt,lemon
train,raw/emam_v14/train/images/Image_15_JPG_jpg.rf.fe44dc4695223ec2c6fe3215d25c415e.jpg,raw/emam_v14/train/labels/Image_15_JPG_jpg.rf.fe44dc4695223ec2c6fe3215d25c415e.txt,lemon
train,raw/emam_v14/train/images/Image_15_jpeg_jpg.rf.05e045fd2decb6c7defb061a42eb0d81.jpg,raw/emam_v14/train/labels/Image_15_jpeg_jpg.rf.05e045fd2decb6c7defb061a42eb0d81.txt,turnip
train,raw/emam_v14/train/images/Image_15_jpeg_jpg.rf.89117c26d3b39fd3262d47aef8359759.jpg,raw/emam_v14/train/labels/Image_15_jpeg_jpg.rf.89117c26d3b39fd3262d47aef8359759.txt,turnip
train,raw/emam_v14/train/images/Image_15_jpeg_jpg.rf.99294fa1956bda9193fff338a11b1fd0.jpg,raw/emam_v14/train/labels/Image_15_jpeg_jpg.rf.99294fa1956bda9193fff338a11b1fd0.txt,turnip
train,raw/emam_v14/train/images/Image_15_jpg.rf.0b82653e23f1679c8fc07fefe3f249c8.jpg,raw/emam_v14/train/labels/Image_15_jpg.rf.0b82653e23f1679c8fc07fefe3f249c8.txt,bellpepper
train,raw/emam_v14/train/images/Image_15_jpg.rf.16901da0d3c10ba2a6683881fb044a58.jpg,raw/emam_v14/train/labels/Image_15_jpg.rf.16901da0d3c10ba2a6683881fb044a58.txt,cucumber
train,raw/emam_v14/train/images/Image_15_jpg.rf.1946aa8020c01e02bd443bebbad25178.jpg,raw/emam_v14/train/labels/Image_15_jpg.rf.1946aa8020c01e02bd443bebbad25178.txt,bellpepper
train,raw/emam_v14/train/images/Image_15_jpg.rf.2217ab65419cea55c97286624213e655.jpg,raw/emam_v14/train/labels/Image_15_jpg.rf.2217ab65419cea55c97286624213e655.txt,beetroot
train,raw/emam_v14/train/images/Image_15_jpg.rf.23037a2999c49040aa3947c013f4cf9d.jpg,raw/emam_v14/train/labels/Image_15_jpg.rf.23037a2999c49040aa3947c013f4cf9d.txt,bellpepper
train,raw/emam_v14/train/images/Image_15_jpg.rf.35a9682b65395d02a23e47be17e284e8.jpg,raw/emam_v14/train/labels/Image_15_jpg.rf.35a9682b65395d02a23e47be17e284e8.txt,radish
train,raw/emam_v14/train/images/Image_15_jpg.rf.37a345b32fbd442418e6dc81c0d02a15.jpg,raw/emam_v14/train/labels/Image_15_jpg.rf.37a345b32fbd442418e6dc81c0d02a15.txt,peas
train,raw/emam_v14/train/images/Image_15_jpg.rf.3df53f1ae589cf543c04b8d484e30819.jpg,raw/emam_v14/train/labels/Image_15_jpg.rf.3df53f1ae589cf543c04b8d484e30819.txt,radish
train,raw/emam_v14/train/images/Image_15_jpg.rf.3ebe00be7dd890b35a64ef42e1800135.jpg,raw/emam_v14/train/labels/Image_15_jpg.rf.3ebe00be7dd890b35a64ef42e1800135.txt,radish
train,raw/emam_v14/train/images/Image_15_jpg.rf.44e1c8fe3ab9ced0832c8a5dceae85bb.jpg,raw/emam_v14/train/labels/Image_15_jpg.rf.44e1c8fe3ab9ced0832c8a5dceae85bb.txt,cauliflower
train,raw/emam_v14/train/images/Image_15_jpg.rf.4cfe9407c2df13a28f6275caa8cc7005.jpg,raw/emam_v14/train/labels/Image_15_jpg.rf.4cfe9407c2df13a28f6275caa8cc7005.txt,cabbage
train,raw/emam_v14/train/images/Image_15_jpg.rf.4f6b0f211982462ef1e68539cbc63ad0.jpg,raw/emam_v14/train/labels/Image_15_jpg.rf.4f6b0f211982462ef1e68539cbc63ad0.txt,ginger
train,raw/emam_v14/train/images/Image_15_jpg.rf.4fdd9a9d79f0da855687b0008c5fd401.jpg,raw/emam_v14/train/labels/Image_15_jpg.rf.4fdd9a9d79f0da855687b0008c5fd401.txt,beetroot
train,raw/emam_v14/train/images/Image_15_jpg.rf.5cf737b4db0a09b4f5eb22b52a8f8c66.jpg,raw/emam_v14/train/labels/Image_15_jpg.rf.5cf737b4db0a09b4f5eb22b52a8f8c66.txt,beetroot
train,raw/emam_v14/train/images/Image_15_jpg.rf.5ee19a7966ac47f77d3b37f55ee8c1ce.jpg,raw/emam_v14/train/labels/Image_15_jpg.rf.5ee19a7966ac47f77d3b37f55ee8c1ce.txt,bellpepper
train,raw/emam_v14/train/images/Image_15_jpg.rf.720e98415c1e710ae3a6b91ea41e33a5.jpg,raw/emam_v14/train/labels/Image_15_jpg.rf.720e98415c1e710ae3a6b91ea41e33a5.txt,peas
train,raw/emam_v14/train/images/Image_15_jpg.rf.750ce60f63fd729c0f0c5c2b4edbfd0a.jpg,raw/emam_v14/train/labels/Image_15_jpg.rf.750ce60f63fd729c0f0c5c2b4edbfd0a.txt,cucumber
train,raw/emam_v14/train/images/Image_15_jpg.rf.80aa4771f7d9165809ddc5e35296c7ac.jpg,raw/emam_v14/train/labels/Image_15_jpg.rf.80aa4771f7d9165809ddc5e35296c7ac.txt,cauliflower
train,raw/emam_v14/train/images/Image_15_jpg.rf.82613d71e1e612117a47eba2d0e20524.jpg,raw/emam_v14/train/labels/Image_15_jpg.rf.82613d71e1e612117a47eba2d0e20524.txt,chillipepper
train,raw/emam_v14/train/images/Image_15_jpg.rf.8970a70e81aa4b21e7102615405179ee.jpg,raw/emam_v14/train/labels/Image_15_jpg.rf.8970a70e81aa4b21e7102615405179ee.txt,cucumber
train,raw/emam_v14/train/images/Image_15_jpg.rf.8c29ee53a3223d0b8a34d93c7372eed3.jpg,raw/emam_v14/train/labels/Image_15_jpg.rf.8c29ee53a3223d0b8a34d93c7372eed3.txt,ginger
train,raw/emam_v14/train/images/Image_15_jpg.rf.94ffad63437c9b4990bb2d33d204dec4.jpg,raw/emam_v14/train/labels/Image_15_jpg.rf.94ffad63437c9b4990bb2d33d204dec4.txt,eggplant
train,raw/emam_v14/train/images/Image_15_jpg.rf.95ff2e98b0246322cc263270ebfa9e84.jpg,raw/emam_v14/train/labels/Image_15_jpg.rf.95ff2e98b0246322cc263270ebfa9e84.txt,cabbage
train,raw/emam_v14/train/images/Image_15_jpg.rf.a1540c9ef0909084e6136cbc84fbf49e.jpg,raw/emam_v14/train/labels/Image_15_jpg.rf.a1540c9ef0909084e6136cbc84fbf49e.txt,spinach
train,raw/emam_v14/train/images/Image_15_jpg.rf.aa4c133daaeb0af8bb6fa211f6a4fdc2.jpg,raw/emam_v14/train/labels/Image_15_jpg.rf.aa4c133daaeb0af8bb6fa211f6a4fdc2.txt,chillipepper
train,raw/emam_v14/train/images/Image_15_jpg.rf.adff58c9272b8283d5eeef29935fb462.jpg,raw/emam_v14/train/labels/Image_15_jpg.rf.adff58c9272b8283d5eeef29935fb462.txt,ladyfinger
train,raw/emam_v14/train/images/Image_15_jpg.rf.b35b9932937c04bf286e73d49d4ea098.jpg,raw/emam_v14/train/labels/Image_15_jpg.rf.b35b9932937c04bf286e73d49d4ea098.txt,spinach
train,raw/emam_v14/train/images/Image_15_jpg.rf.b3ff4c2140319672c67a24f8370d0aee.jpg,raw/emam_v14/train/labels/Image_15_jpg.rf.b3ff4c2140319672c67a24f8370d0aee.txt,sweetpotato
train,raw/emam_v14/train/images/Image_15_jpg.rf.b6293bafd30532f0671d4b8e44e643a3.jpg,raw/emam_v14/train/labels/Image_15_jpg.rf.b6293bafd30532f0671d4b8e44e643a3.txt,spinach
train,raw/emam_v14/train/images/Image_15_jpg.rf.bba3e44e1fde92a4ea6b0284d51db219.jpg,raw/emam_v14/train/labels/Image_15_jpg.rf.bba3e44e1fde92a4ea6b0284d51db219.txt,peas
train,raw/emam_v14/train/images/Image_15_jpg.rf.bc8c00a50a58db5f8e33035909d316a7.jpg,raw/emam_v14/train/labels/Image_15_jpg.rf.bc8c00a50a58db5f8e33035909d316a7.txt,ginger
train,raw/emam_v14/train/images/Image_15_jpg.rf.bf3dccc9200a705ddd97a5a5a787896b.jpg,raw/emam_v14/train/labels/Image_15_jpg.rf.bf3dccc9200a705ddd97a5a5a787896b.txt,ladyfinger
train,raw/emam_v14/train/images/Image_15_jpg.rf.c42782641e7a0155c0f4ee5c9e3933c4.jpg,raw/emam_v14/train/labels/Image_15_jpg.rf.c42782641e7a0155c0f4ee5c9e3933c4.txt,bellpepper
train,raw/emam_v14/train/images/Image_15_jpg.rf.c5f0f40c158bb5a2f10b9c2505d2c46e.jpg,raw/emam_v14/train/labels/Image_15_jpg.rf.c5f0f40c158bb5a2f10b9c2505d2c46e.txt,eggplant
train,raw/emam_v14/train/images/Image_15_jpg.rf.cc4f4dee8683688b16d50abed6ee0c4c.jpg,raw/emam_v14/train/labels/Image_15_jpg.rf.cc4f4dee8683688b16d50abed6ee0c4c.txt,sweetpotato
train,raw/emam_v14/train/images/Image_15_jpg.rf.d20968f3b8803e2234bc1a6943edbc23.jpg,raw/emam_v14/train/labels/Image_15_jpg.rf.d20968f3b8803e2234bc1a6943edbc23.txt,ladyfinger
train,raw/emam_v14/train/images/Image_15_jpg.rf.d48eac36c84072c71a8a4586000c41fc.jpg,raw/emam_v14/train/labels/Image_15_jpg.rf.d48eac36c84072c71a8a4586000c41fc.txt,sweetpotato
train,raw/emam_v14/train/images/Image_15_jpg.rf.d8a57bec7bf87fa452f8984979f9af44.jpg,raw/emam_v14/train/labels/Image_15_jpg.rf.d8a57bec7bf87fa452f8984979f9af44.txt,eggplant
train,raw/emam_v14/train/images/Image_15_jpg.rf.da30762c00e23c6b60a60df21b60818c.jpg,raw/emam_v14/train/labels/Image_15_jpg.rf.da30762c00e23c6b60a60df21b60818c.txt,cauliflower
train,raw/emam_v14/train/images/Image_15_jpg.rf.dfba629963ae35416d5527b4cd864d04.jpg,raw/emam_v14/train/labels/Image_15_jpg.rf.dfba629963ae35416d5527b4cd864d04.txt,chillipepper
train,raw/emam_v14/train/images/Image_15_jpg.rf.e271e3de9733c84ce87f8ab5da09f8f2.jpg,raw/emam_v14/train/labels/Image_15_jpg.rf.e271e3de9733c84ce87f8ab5da09f8f2.txt,cabbage
train,raw/emam_v14/train/images/Image_15_jpg.rf.e408ecca9c1cefe14cd1369563e3d546.jpg,raw/emam_v14/train/labels/Image_15_jpg.rf.e408ecca9c1cefe14cd1369563e3d546.txt,bellpepper
train,raw/emam_v14/train/images/Image_16_JPG_jpg.rf.1dc2478b3b2f1a52111f2c643816c195.jpg,raw/emam_v14/train/labels/Image_16_JPG_jpg.rf.1dc2478b3b2f1a52111f2c643816c195.txt,turnip
train,raw/emam_v14/train/images/Image_16_JPG_jpg.rf.1f7364fad47fc4a1d60c62d29299a29f.jpg,raw/emam_v14/train/labels/Image_16_JPG_jpg.rf.1f7364fad47fc4a1d60c62d29299a29f.txt,chillipepper
train,raw/emam_v14/train/images/Image_16_JPG_jpg.rf.6be929d319e0a09c864980ffce789336.jpg,raw/emam_v14/train/labels/Image_16_JPG_jpg.rf.6be929d319e0a09c864980ffce789336.txt,chillipepper
train,raw/emam_v14/train/images/Image_16_JPG_jpg.rf.72101d1a0e113c7582f199e51a9775d7.jpg,raw/emam_v14/train/labels/Image_16_JPG_jpg.rf.72101d1a0e113c7582f199e51a9775d7.txt,sweetcorn
train,raw/emam_v14/train/images/Image_16_JPG_jpg.rf.7e59c65a084b4d2fade92cb7ccadbd69.jpg,raw/emam_v14/train/labels/Image_16_JPG_jpg.rf.7e59c65a084b4d2fade92cb7ccadbd69.txt,sweetcorn
train,raw/emam_v14/train/images/Image_16_JPG_jpg.rf.c0586227d5ada981fe097a88c9715894.jpg,raw/emam_v14/train/labels/Image_16_JPG_jpg.rf.c0586227d5ada981fe097a88c9715894.txt,sweetcorn
train,raw/emam_v14/train/images/Image_16_JPG_jpg.rf.c4fcf932caf188b8c5c808b4a1ef79d6.jpg,raw/emam_v14/train/labels/Image_16_JPG_jpg.rf.c4fcf932caf188b8c5c808b4a1ef79d6.txt,turnip
train,raw/emam_v14/train/images/Image_16_JPG_jpg.rf.e9c8b1f872cbb5c7566e019a8b61b50d.jpg,raw/emam_v14/train/labels/Image_16_JPG_jpg.rf.e9c8b1f872cbb5c7566e019a8b61b50d.txt,chillipepper
train,raw/emam_v14/train/images/Image_16_JPG_jpg.rf.ee36802b4846ec944b9f2923f7a2dcec.jpg,raw/emam_v14/train/labels/Image_16_JPG_jpg.rf.ee36802b4846ec944b9f2923f7a2dcec.txt,turnip
train,raw/emam_v14/train/images/Image_16_jpg.rf.045716ec0397a8e11f1810e6c9aacaf0.jpg,raw/emam_v14/train/labels/Image_16_jpg.rf.045716ec0397a8e11f1810e6c9aacaf0.txt,peas
train,raw/emam_v14/train/images/Image_16_jpg.rf.079a572c81fcfb1a6d7ffc82726f22f2.jpg,raw/emam_v14/train/labels/Image_16_jpg.rf.079a572c81fcfb1a6d7ffc82726f22f2.txt,sweetpotato
train,raw/emam_v14/train/images/Image_16_jpg.rf.11100eae9cd27f976719fcf0cf37458a.jpg,raw/emam_v14/train/labels/Image_16_jpg.rf.11100eae9cd27f976719fcf0cf37458a.txt,sweetpotato
train,raw/emam_v14/train/images/Image_16_jpg.rf.12a8b90dc26842cb204d3e494e2c8c42.jpg,raw/emam_v14/train/labels/Image_16_jpg.rf.12a8b90dc26842cb204d3e494e2c8c42.txt,sweetpotato
train,raw/emam_v14/train/images/Image_16_jpg.rf.36758abb8796f7f6b3662b0d07198ad0.jpg,raw/emam_v14/train/labels/Image_16_jpg.rf.36758abb8796f7f6b3662b0d07198ad0.txt,bellpepper
train,raw/emam_v14/train/images/Image_16_jpg.rf.51852fb42d3fe3861d7abfa82b881126.jpg,raw/emam_v14/train/labels/Image_16_jpg.rf.51852fb42d3fe3861d7abfa82b881126.txt,cauliflower
train,raw/emam_v14/train/images/Image_16_jpg.rf.57001ec94f4bc4fed4b6f69f2a3bdbb5.jpg,raw/emam_v14/train/labels/Image_16_jpg.rf.57001ec94f4bc4fed4b6f69f2a3bdbb5.txt,corn
train,raw/emam_v14/train/images/Image_16_jpg.rf.5bfbbd54a03faf09bdef9a4917d25cd4.jpg,raw/emam_v14/train/labels/Image_16_jpg.rf.5bfbbd54a03faf09bdef9a4917d25cd4.txt,lemon
train,raw/emam_v14/train/images/Image_16_jpg.rf.602882450d6ab20ef629d9ce9cc3339e.jpg,raw/emam_v14/train/labels/Image_16_jpg.rf.602882450d6ab20ef629d9ce9cc3339e.txt,cauliflower
train,raw/emam_v14/train/images/Image_16_jpg.rf.623fe67c5071027c5c33f3fea00b1092.jpg,raw/emam_v14/train/labels/Image_16_jpg.rf.623fe67c5071027c5c33f3fea00b1092.txt,cabbage
train,raw/emam_v14/train/images/Image_16_jpg.rf.648aca42eb19cdb67ddaa7a3ab0fd720.jpg,raw/emam_v14/train/labels/Image_16_jpg.rf.648aca42eb19cdb67ddaa7a3ab0fd720.txt,cabbage
train,raw/emam_v14/train/images/Image_16_jpg.rf.690c105c755444d4fde28b1dc24ad0ec.jpg,raw/emam_v14/train/labels/Image_16_jpg.rf.690c105c755444d4fde28b1dc24ad0ec.txt,beetroot
train,raw/emam_v14/train/images/Image_16_jpg.rf.6daf944efd126e4e9398fa6e5420e5bc.jpg,raw/emam_v14/train/labels/Image_16_jpg.rf.6daf944efd126e4e9398fa6e5420e5bc.txt,peas
train,raw/emam_v14/train/images/Image_16_jpg.rf.76a89bbb491d5794dfc6c63b41edb365.jpg,raw/emam_v14/train/labels/Image_16_jpg.rf.76a89bbb491d5794dfc6c63b41edb365.txt,radish
train,raw/emam_v14/train/images/Image_16_jpg.rf.7ea1a0bc5e4d3a6aa72134083168b837.jpg,raw/emam_v14/train/labels/Image_16_jpg.rf.7ea1a0bc5e4d3a6aa72134083168b837.txt,tomato
train,raw/emam_v14/train/images/Image_16_jpg.rf.8a88d9881f819c30ae3f50f1a6ab338b.jpg,raw/emam_v14/train/labels/Image_16_jpg.rf.8a88d9881f819c30ae3f50f1a6ab338b.txt,bellpepper
train,raw/emam_v14/train/images/Image_16_jpg.rf.8aed7210e6de97c7c7e88ab9b5d211bd.jpg,raw/emam_v14/train/labels/Image_16_jpg.rf.8aed7210e6de97c7c7e88ab9b5d211bd.txt,lemon
train,raw/emam_v14/train/images/Image_16_jpg.rf.8c4a7bd35ef078ddce8b8a24d7b06b78.jpg,raw/emam_v14/train/labels/Image_16_jpg.rf.8c4a7bd35ef078ddce8b8a24d7b06b78.txt,peas
train,raw/emam_v14/train/images/Image_16_jpg.rf.8f052422e62a9a003bc1b069307136cf.jpg,raw/emam_v14/train/labels/Image_16_jpg.rf.8f052422e62a9a003bc1b069307136cf.txt,potato
train,raw/emam_v14/train/images/Image_16_jpg.rf.981364624cde49dfbdd152ba66e0b1dc.jpg,raw/emam_v14/train/labels/Image_16_jpg.rf.981364624cde49dfbdd152ba66e0b1dc.txt,potato
train,raw/emam_v14/train/images/Image_16_jpg.rf.a1d656559dd4d9ab5c21e879c8fb9421.jpg,raw/emam_v14/train/labels/Image_16_jpg.rf.a1d656559dd4d9ab5c21e879c8fb9421.txt,tomato
train,raw/emam_v14/train/images/Image_16_jpg.rf.a484b80285cb6425c53d8adf0ad7e57b.jpg,raw/emam_v14/train/labels/Image_16_jpg.rf.a484b80285cb6425c53d8adf0ad7e57b.txt,radish
train,raw/emam_v14/train/images/Image_16_jpg.rf.ab1aeb1b16b01315959a7f354343799b.jpg,raw/emam_v14/train/labels/Image_16_jpg.rf.ab1aeb1b16b01315959a7f354343799b.txt,beetroot
train,raw/emam_v14/train/images/Image_16_jpg.rf.af13093346690ec1d362b7b189f80948.jpg,raw/emam_v14/train/labels/Image_16_jpg.rf.af13093346690ec1d362b7b189f80948.txt,bellpepper
train,raw/emam_v14/train/images/Image_16_jpg.rf.b015bc6d01eb1b19aadc1211969805b8.jpg,raw/emam_v14/train/labels/Image_16_jpg.rf.b015bc6d01eb1b19aadc1211969805b8.txt,ladyfinger
train,raw/emam_v14/train/images/Image_16_jpg.rf.bae22400b5f85f3693e6959fa264ac7b.jpg,raw/emam_v14/train/labels/Image_16_jpg.rf.bae22400b5f85f3693e6959fa264ac7b.txt,bellpepper
train,raw/emam_v14/train/images/Image_16_jpg.rf.c3df1cf730258ca1330b0933b3921334.jpg,raw/emam_v14/train/labels/Image_16_jpg.rf.c3df1cf730258ca1330b0933b3921334.txt,corn
train,raw/emam_v14/train/images/Image_16_jpg.rf.c4dcb30b6914ba7d5de32401f9caef0a.jpg,raw/emam_v14/train/labels/Image_16_jpg.rf.c4dcb30b6914ba7d5de32401f9caef0a.txt,cauliflower
train,raw/emam_v14/train/images/Image_16_jpg.rf.cb896ae21dfa0fe2f427926a8498f188.jpg,raw/emam_v14/train/labels/Image_16_jpg.rf.cb896ae21dfa0fe2f427926a8498f188.txt,cabbage
train,raw/emam_v14/train/images/Image_16_jpg.rf.d1aadcdca178da54a76c203b7a1a8e40.jpg,raw/emam_v14/train/labels/Image_16_jpg.rf.d1aadcdca178da54a76c203b7a1a8e40.txt,bellpepper
train,raw/emam_v14/train/images/Image_16_jpg.rf.d2bce11312fe6dd2671068f73a79a827.jpg,raw/emam_v14/train/labels/Image_16_jpg.rf.d2bce11312fe6dd2671068f73a79a827.txt,potato
train,raw/emam_v14/train/images/Image_16_jpg.rf.d84aea381f8a2f416b00bfd55e5473c9.jpg,raw/emam_v14/train/labels/Image_16_jpg.rf.d84aea381f8a2f416b00bfd55e5473c9.txt,corn
train,raw/emam_v14/train/images/Image_16_jpg.rf.dddc4b0700b3f91f19de80abc69c1f6c.jpg,raw/emam_v14/train/labels/Image_16_jpg.rf.dddc4b0700b3f91f19de80abc69c1f6c.txt,ladyfinger
train,raw/emam_v14/train/images/Image_16_jpg.rf.e1046fdcc5ad96d9eff5ef7c7fb9bd22.jpg,raw/emam_v14/train/labels/Image_16_jpg.rf.e1046fdcc5ad96d9eff5ef7c7fb9bd22.txt,ladyfinger
train,raw/emam_v14/train/images/Image_16_jpg.rf.e3a75209f41087f587c719883e5f5fa1.jpg,raw/emam_v14/train/labels/Image_16_jpg.rf.e3a75209f41087f587c719883e5f5fa1.txt,radish
train,raw/emam_v14/train/images/Image_16_jpg.rf.eb81937655ceac9f96f167f80d52ba37.jpg,raw/emam_v14/train/labels/Image_16_jpg.rf.eb81937655ceac9f96f167f80d52ba37.txt,bellpepper
train,raw/emam_v14/train/images/Image_16_jpg.rf.ebb1f7b7b334ab71e50789fe1892aced.jpg,raw/emam_v14/train/labels/Image_16_jpg.rf.ebb1f7b7b334ab71e50789fe1892aced.txt,beetroot
train,raw/emam_v14/train/images/Image_16_jpg.rf.ed0d32793dbae32cfe7faba00eb7935e.jpg,raw/emam_v14/train/labels/Image_16_jpg.rf.ed0d32793dbae32cfe7faba00eb7935e.txt,lemon
train,raw/emam_v14/train/images/Image_16_jpg.rf.f03382116b9125e47bf56d7c65d2f2f8.jpg,raw/emam_v14/train/labels/Image_16_jpg.rf.f03382116b9125e47bf56d7c65d2f2f8.txt,tomato
train,raw/emam_v14/train/images/Image_17_jpeg_jpg.rf.bb3a7726722a22f2858a0587c560a022.jpg,raw/emam_v14/train/labels/Image_17_jpeg_jpg.rf.bb3a7726722a22f2858a0587c560a022.txt,carrot
train,raw/emam_v14/train/images/Image_17_jpeg_jpg.rf.dfc6822818f631cb73c7548e990836c6.jpg,raw/emam_v14/train/labels/Image_17_jpeg_jpg.rf.dfc6822818f631cb73c7548e990836c6.txt,carrot
train,raw/emam_v14/train/images/Image_17_jpeg_jpg.rf.fb52322b18645fc2b06bfbf25e81162f.jpg,raw/emam_v14/train/labels/Image_17_jpeg_jpg.rf.fb52322b18645fc2b06bfbf25e81162f.txt,carrot
train,raw/emam_v14/train/images/Image_17_jpg.rf.01ce5af2e5d7c778815bf52f1a6c35cd.jpg,raw/emam_v14/train/labels/Image_17_jpg.rf.01ce5af2e5d7c778815bf52f1a6c35cd.txt,turnip
train,raw/emam_v14/train/images/Image_17_jpg.rf.1567010bc6f9c04790b0e250a9e02d7e.jpg,raw/emam_v14/train/labels/Image_17_jpg.rf.1567010bc6f9c04790b0e250a9e02d7e.txt,onion
train,raw/emam_v14/train/images/Image_17_jpg.rf.181db8cf2b572111f7851f25c910fa6d.jpg,raw/emam_v14/train/labels/Image_17_jpg.rf.181db8cf2b572111f7851f25c910fa6d.txt,cabbage
train,raw/emam_v14/train/images/Image_17_jpg.rf.24cf9fd2c09fa0fec19970d0335979fc.jpg,raw/emam_v14/train/labels/Image_17_jpg.rf.24cf9fd2c09fa0fec19970d0335979fc.txt,tomato
train,raw/emam_v14/train/images/Image_17_jpg.rf.260945bd85b2586243babb794bae0ec6.jpg,raw/emam_v14/train/labels/Image_17_jpg.rf.260945bd85b2586243babb794bae0ec6.txt,garlic
train,raw/emam_v14/train/images/Image_17_jpg.rf.2646bf696077d5eb86fbfd547dd36e86.jpg,raw/emam_v14/train/labels/Image_17_jpg.rf.2646bf696077d5eb86fbfd547dd36e86.txt,corn
train,raw/emam_v14/train/images/Image_17_jpg.rf.2a3e6afe13915471b7cdafe3c1f4e4bf.jpg,raw/emam_v14/train/labels/Image_17_jpg.rf.2a3e6afe13915471b7cdafe3c1f4e4bf.txt,turnip
train,raw/emam_v14/train/images/Image_17_jpg.rf.36c4537f407ef39cab7627ff7bd318b1.jpg,raw/emam_v14/train/labels/Image_17_jpg.rf.36c4537f407ef39cab7627ff7bd318b1.txt,peas
train,raw/emam_v14/train/images/Image_17_jpg.rf.3c3ee71916ba9e2a46b46239c6bc1f48.jpg,raw/emam_v14/train/labels/Image_17_jpg.rf.3c3ee71916ba9e2a46b46239c6bc1f48.txt,sweetcorn
train,raw/emam_v14/train/images/Image_17_jpg.rf.3d7e21e19fd003e0b37888f77d45ba95.jpg,raw/emam_v14/train/labels/Image_17_jpg.rf.3d7e21e19fd003e0b37888f77d45ba95.txt,tomato
train,raw/emam_v14/train/images/Image_17_jpg.rf.3efb9d2dd6dbc2715b9e33f48eb2f4a9.jpg,raw/emam_v14/train/labels/Image_17_jpg.rf.3efb9d2dd6dbc2715b9e33f48eb2f4a9.txt,eggplant
train,raw/emam_v14/train/images/Image_17_jpg.rf.3fb6b92b32ce13dac4527b6aa7341199.jpg,raw/emam_v14/train/labels/Image_17_jpg.rf.3fb6b92b32ce13dac4527b6aa7341199.txt,lettuce
train,raw/emam_v14/train/images/Image_17_jpg.rf.4831ba3ca1f0f1473418e8ca756b2a54.jpg,raw/emam_v14/train/labels/Image_17_jpg.rf.4831ba3ca1f0f1473418e8ca756b2a54.txt,corn
train,raw/emam_v14/train/images/Image_17_jpg.rf.4836d7e1c389186f8cbbfab1a808c533.jpg,raw/emam_v14/train/labels/Image_17_jpg.rf.4836d7e1c389186f8cbbfab1a808c533.txt,turnip
train,raw/emam_v14/train/images/Image_17_jpg.rf.4939c122dc785cd76acefd487802775f.jpg,raw/emam_v14/train/labels/Image_17_jpg.rf.4939c122dc785cd76acefd487802775f.txt,lettuce
train,raw/emam_v14/train/images/Image_17_jpg.rf.4c4eb25482c1f36d7ea44342d4680497.jpg,raw/emam_v14/train/labels/Image_17_jpg.rf.4c4eb25482c1f36d7ea44342d4680497.txt,cabbage
train,raw/emam_v14/train/images/Image_17_jpg.rf.581b655b99998065995e103434b58ff7.jpg,raw/emam_v14/train/labels/Image_17_jpg.rf.581b655b99998065995e103434b58ff7.txt,sweetcorn
train,raw/emam_v14/train/images/Image_17_jpg.rf.5edffc9b224c7766b6d7f76012300c53.jpg,raw/emam_v14/train/labels/Image_17_jpg.rf.5edffc9b224c7766b6d7f76012300c53.txt,lettuce
train,raw/emam_v14/train/images/Image_17_jpg.rf.636e6172fdd44f0391c391ad54c7a38c.jpg,raw/emam_v14/train/labels/Image_17_jpg.rf.636e6172fdd44f0391c391ad54c7a38c.txt,onion
train,raw/emam_v14/train/images/Image_17_jpg.rf.707623263365aed5a530671add91704b.jpg,raw/emam_v14/train/labels/Image_17_jpg.rf.707623263365aed5a530671add91704b.txt,bellpepper
train,raw/emam_v14/train/images/Image_17_jpg.rf.81c6f6c4dadcee13d0654317adbba3ae.jpg,raw/emam_v14/train/labels/Image_17_jpg.rf.81c6f6c4dadcee13d0654317adbba3ae.txt,cauliflower
train,raw/emam_v14/train/images/Image_17_jpg.rf.87d49e2e8ead80d1614064112ac60320.jpg,raw/emam_v14/train/labels/Image_17_jpg.rf.87d49e2e8ead80d1614064112ac60320.txt,bellpepper
train,raw/emam_v14/train/images/Image_17_jpg.rf.8bca0c796801ac51318485cac77ce71e.jpg,raw/emam_v14/train/labels/Image_17_jpg.rf.8bca0c796801ac51318485cac77ce71e.txt,tomato
train,raw/emam_v14/train/images/Image_17_jpg.rf.918226aa50adec74cabbb007a7f63286.jpg,raw/emam_v14/train/labels/Image_17_jpg.rf.918226aa50adec74cabbb007a7f63286.txt,peas
train,raw/emam_v14/train/images/Image_17_jpg.rf.93a08ba806576bd1ae9d042736dd5437.jpg,raw/emam_v14/train/labels/Image_17_jpg.rf.93a08ba806576bd1ae9d042736dd5437.txt,eggplant
train,raw/emam_v14/train/images/Image_17_jpg.rf.960d5a85bf54439581b4cc162c0e7f04.jpg,raw/emam_v14/train/labels/Image_17_jpg.rf.960d5a85bf54439581b4cc162c0e7f04.txt,eggplant
train,raw/emam_v14/train/images/Image_17_jpg.rf.9d6b1f7ca3c0a5bfbfb45a77e22740b3.jpg,raw/emam_v14/train/labels/Image_17_jpg.rf.9d6b1f7ca3c0a5bfbfb45a77e22740b3.txt,cucumber
train,raw/emam_v14/train/images/Image_17_jpg.rf.a31ebdb18aebc186fa3b5a227d2cabd7.jpg,raw/emam_v14/train/labels/Image_17_jpg.rf.a31ebdb18aebc186fa3b5a227d2cabd7.txt,cucumber
train,raw/emam_v14/train/images/Image_17_jpg.rf.a6b9bd9ff65fb7ed973dca503a6c69de.jpg,raw/emam_v14/train/labels/Image_17_jpg.rf.a6b9bd9ff65fb7ed973dca503a6c69de.txt,cucumber
train,raw/emam_v14/train/images/Image_17_jpg.rf.b77151f91fda610cdc0d28728e40423c.jpg,raw/emam_v14/train/labels/Image_17_jpg.rf.b77151f91fda610cdc0d28728e40423c.txt,cauliflower
train,raw/emam_v14/train/images/Image_17_jpg.rf.b8951d6008a574d0e37744c3e0e94cf4.jpg,raw/emam_v14/train/labels/Image_17_jpg.rf.b8951d6008a574d0e37744c3e0e94cf4.txt,sweetcorn
train,raw/emam_v14/train/images/Image_17_jpg.rf.c5bdd2caa3e60438ac3f435ba81fd1ea.jpg,raw/emam_v14/train/labels/Image_17_jpg.rf.c5bdd2caa3e60438ac3f435ba81fd1ea.txt,cabbage
train,raw/emam_v14/train/images/Image_17_jpg.rf.d0401b558a6d03945a5f66fafd03f36e.jpg,raw/emam_v14/train/labels/Image_17_jpg.rf.d0401b558a6d03945a5f66fafd03f36e.txt,cauliflower
train,raw/emam_v14/train/images/Image_17_jpg.rf.d31f0b1bf93815d17685448e00f42beb.jpg,raw/emam_v14/train/labels/Image_17_jpg.rf.d31f0b1bf93815d17685448e00f42beb.txt,corn
train,raw/emam_v14/train/images/Image_17_jpg.rf.d6a353ef7177548aca991200e6d4dcb6.jpg,raw/emam_v14/train/labels/Image_17_jpg.rf.d6a353ef7177548aca991200e6d4dcb6.txt,peas
train,raw/emam_v14/train/images/Image_17_jpg.rf.dcc3d6c994a221300adb162beafc564c.jpg,raw/emam_v14/train/labels/Image_17_jpg.rf.dcc3d6c994a221300adb162beafc564c.txt,bellpepper
train,raw/emam_v14/train/images/Image_17_jpg.rf.e07bebb399ebf925c2c058512c843f91.jpg,raw/emam_v14/train/labels/Image_17_jpg.rf.e07bebb399ebf925c2c058512c843f91.txt,garlic
train,raw/emam_v14/train/images/Image_17_jpg.rf.e76af119e8c7c13f0cf446c85b5b68e1.jpg,raw/emam_v14/train/labels/Image_17_jpg.rf.e76af119e8c7c13f0cf446c85b5b68e1.txt,onion
train,raw/emam_v14/train/images/Image_17_jpg.rf.f1d1c1feb9d04b29fa177cf115c0634f.jpg,raw/emam_v14/train/labels/Image_17_jpg.rf.f1d1c1feb9d04b29fa177cf115c0634f.txt,garlic
train,raw/emam_v14/train/images/Image_18_jpg.rf.0136df70bb6602b4a37b1c160d61efe2.jpg,raw/emam_v14/train/labels/Image_18_jpg.rf.0136df70bb6602b4a37b1c160d61efe2.txt,tomato
train,raw/emam_v14/train/images/Image_18_jpg.rf.0ab9d033083a8667c8ac84de02bb66a6.jpg,raw/emam_v14/train/labels/Image_18_jpg.rf.0ab9d033083a8667c8ac84de02bb66a6.txt,garlic
train,raw/emam_v14/train/images/Image_18_jpg.rf.0c8711fbca23b61d1c56f50254b1563e.jpg,raw/emam_v14/train/labels/Image_18_jpg.rf.0c8711fbca23b61d1c56f50254b1563e.txt,bellpepper
train,raw/emam_v14/train/images/Image_18_jpg.rf.0f77099dcfe9f5b3c9e53ae450357753.jpg,raw/emam_v14/train/labels/Image_18_jpg.rf.0f77099dcfe9f5b3c9e53ae450357753.txt,lettuce
train,raw/emam_v14/train/images/Image_18_jpg.rf.22834436e757c1d6e2a2acea185081c5.jpg,raw/emam_v14/train/labels/Image_18_jpg.rf.22834436e757c1d6e2a2acea185081c5.txt,beetroot
train,raw/emam_v14/train/images/Image_18_jpg.rf.273933604cdfcebd9caead96c6422259.jpg,raw/emam_v14/train/labels/Image_18_jpg.rf.273933604cdfcebd9caead96c6422259.txt,sweetpotato
train,raw/emam_v14/train/images/Image_18_jpg.rf.2c863b39ec107df43d4c35dc193b0a4b.jpg,raw/emam_v14/train/labels/Image_18_jpg.rf.2c863b39ec107df43d4c35dc193b0a4b.txt,ginger
train,raw/emam_v14/train/images/Image_18_jpg.rf.2ce07d064c8d4239497ab223ed268462.jpg,raw/emam_v14/train/labels/Image_18_jpg.rf.2ce07d064c8d4239497ab223ed268462.txt,turnip
train,raw/emam_v14/train/images/Image_18_jpg.rf.304ac88b2e408e1550be41ffe009d467.jpg,raw/emam_v14/train/labels/Image_18_jpg.rf.304ac88b2e408e1550be41ffe009d467.txt,beetroot|carrot|radish
train,raw/emam_v14/train/images/Image_18_jpg.rf.3d527f58c29d7522181095744ae73b08.jpg,raw/emam_v14/train/labels/Image_18_jpg.rf.3d527f58c29d7522181095744ae73b08.txt,ladyfinger
train,raw/emam_v14/train/images/Image_18_jpg.rf.3deae10a75a9bdc8829cb36a7df67227.jpg,raw/emam_v14/train/labels/Image_18_jpg.rf.3deae10a75a9bdc8829cb36a7df67227.txt,spinach
train,raw/emam_v14/train/images/Image_18_jpg.rf.4510cdc6b33e9a32135314568263a3ee.jpg,raw/emam_v14/train/labels/Image_18_jpg.rf.4510cdc6b33e9a32135314568263a3ee.txt,cucumber
train,raw/emam_v14/train/images/Image_18_jpg.rf.4646a665b303aa3001c385167dd37cf6.jpg,raw/emam_v14/train/labels/Image_18_jpg.rf.4646a665b303aa3001c385167dd37cf6.txt,chillipepper
train,raw/emam_v14/train/images/Image_18_jpg.rf.625373f2dfe7889bb28633a964ef0381.jpg,raw/emam_v14/train/labels/Image_18_jpg.rf.625373f2dfe7889bb28633a964ef0381.txt,lettuce
train,raw/emam_v14/train/images/Image_18_jpg.rf.684cf48370a2c4a269fe03f4ea446a08.jpg,raw/emam_v14/train/labels/Image_18_jpg.rf.684cf48370a2c4a269fe03f4ea446a08.txt,chillipepper
train,raw/emam_v14/train/images/Image_18_jpg.rf.6e5bf64cab04da5f4679bca1ca292149.jpg,raw/emam_v14/train/labels/Image_18_jpg.rf.6e5bf64cab04da5f4679bca1ca292149.txt,tomato
train,raw/emam_v14/train/images/Image_18_jpg.rf.72051b29c53fb3728fdf71e5a8fee99d.jpg,raw/emam_v14/train/labels/Image_18_jpg.rf.72051b29c53fb3728fdf71e5a8fee99d.txt,turnip
train,raw/emam_v14/train/images/Image_18_jpg.rf.73faa1a8f62849f3b74475a12c2eb8dd.jpg,raw/emam_v14/train/labels/Image_18_jpg.rf.73faa1a8f62849f3b74475a12c2eb8dd.txt,peas
train,raw/emam_v14/train/images/Image_18_jpg.rf.824251dcd8c9a857d0d0a917a774dce1.jpg,raw/emam_v14/train/labels/Image_18_jpg.rf.824251dcd8c9a857d0d0a917a774dce1.txt,bellpepper
train,raw/emam_v14/train/images/Image_18_jpg.rf.8e0fd516a306f6e5ffac78b0b313a1c8.jpg,raw/emam_v14/train/labels/Image_18_jpg.rf.8e0fd516a306f6e5ffac78b0b313a1c8.txt,lettuce
train,raw/emam_v14/train/images/Image_18_jpg.rf.9368c75e45122aeb1d15330ed8a613a6.jpg,raw/emam_v14/train/labels/Image_18_jpg.rf.9368c75e45122aeb1d15330ed8a613a6.txt,tomato
train,raw/emam_v14/train/images/Image_18_jpg.rf.9656ce894b48a87a97c592465873f53c.jpg,raw/emam_v14/train/labels/Image_18_jpg.rf.9656ce894b48a87a97c592465873f53c.txt,spinach
train,raw/emam_v14/train/images/Image_18_jpg.rf.9866eab27763fd0b4ceb9ac3cc8d1d48.jpg,raw/emam_v14/train/labels/Image_18_jpg.rf.9866eab27763fd0b4ceb9ac3cc8d1d48.txt,cucumber
train,raw/emam_v14/train/images/Image_18_jpg.rf.988a71393f7a68558ed752d7da35b59e.jpg,raw/emam_v14/train/labels/Image_18_jpg.rf.988a71393f7a68558ed752d7da35b59e.txt,spinach
train,raw/emam_v14/train/images/Image_18_jpg.rf.99705fba20414e9a93daa4531e39ed69.jpg,raw/emam_v14/train/labels/Image_18_jpg.rf.99705fba20414e9a93daa4531e39ed69.txt,garlic
train,raw/emam_v14/train/images/Image_18_jpg.rf.a09f71ba25f93f4a8212eea5e22cebd2.jpg,raw/emam_v14/train/labels/Image_18_jpg.rf.a09f71ba25f93f4a8212eea5e22cebd2.txt,beetroot|carrot|radish
train,raw/emam_v14/train/images/Image_18_jpg.rf.a0fa4f28fd7d634d2bd688291455ac49.jpg,raw/emam_v14/train/labels/Image_18_jpg.rf.a0fa4f28fd7d634d2bd688291455ac49.txt,bellpepper
train,raw/emam_v14/train/images/Image_18_jpg.rf.a38f17715fb4356cc74ef73855b80449.jpg,raw/emam_v14/train/labels/Image_18_jpg.rf.a38f17715fb4356cc74ef73855b80449.txt,jalapeno
train,raw/emam_v14/train/images/Image_18_jpg.rf.a4ade87f0c3efcb10f00c6e891ac601b.jpg,raw/emam_v14/train/labels/Image_18_jpg.rf.a4ade87f0c3efcb10f00c6e891ac601b.txt,cucumber
train,raw/emam_v14/train/images/Image_18_jpg.rf.aaaa77dec3953a64e7e4a26a6fec5618.jpg,raw/emam_v14/train/labels/Image_18_jpg.rf.aaaa77dec3953a64e7e4a26a6fec5618.txt,jalapeno
train,raw/emam_v14/train/images/Image_18_jpg.rf.bb6d73302bcdc53c1212c57425800993.jpg,raw/emam_v14/train/labels/Image_18_jpg.rf.bb6d73302bcdc53c1212c57425800993.txt,ladyfinger
train,raw/emam_v14/train/images/Image_18_jpg.rf.c1378d478892140f264c6b039e6f526f.jpg,raw/emam_v14/train/labels/Image_18_jpg.rf.c1378d478892140f264c6b039e6f526f.txt,garlic
train,raw/emam_v14/train/images/Image_18_jpg.rf.c277e4dc4a2ededd36ec68540a9b1bd4.jpg,raw/emam_v14/train/labels/Image_18_jpg.rf.c277e4dc4a2ededd36ec68540a9b1bd4.txt,peas
train,raw/emam_v14/train/images/Image_18_jpg.rf.c8012da422807165a67fd7c5be212283.jpg,raw/emam_v14/train/labels/Image_18_jpg.rf.c8012da422807165a67fd7c5be212283.txt,sweetpotato
train,raw/emam_v14/train/images/Image_18_jpg.rf.c8f42333fb12c286013acff3951499e8.jpg,raw/emam_v14/train/labels/Image_18_jpg.rf.c8f42333fb12c286013acff3951499e8.txt,ginger
train,raw/emam_v14/train/images/Image_18_jpg.rf.ca9e1d408c1bf93f3cfdb25f36e597ec.jpg,raw/emam_v14/train/labels/Image_18_jpg.rf.ca9e1d408c1bf93f3cfdb25f36e597ec.txt,ginger
train,raw/emam_v14/train/images/Image_18_jpg.rf.cbb93c87b814a4b291eac43c4830c4c2.jpg,raw/emam_v14/train/labels/Image_18_jpg.rf.cbb93c87b814a4b291eac43c4830c4c2.txt,beetroot|carrot|radish
train,raw/emam_v14/train/images/Image_18_jpg.rf.cc4559c7e9e5e1053d28efc205f29f7d.jpg,raw/emam_v14/train/labels/Image_18_jpg.rf.cc4559c7e9e5e1053d28efc205f29f7d.txt,peas
train,raw/emam_v14/train/images/Image_18_jpg.rf.cca50a1c9cbbe838fb46c93891f799b0.jpg,raw/emam_v14/train/labels/Image_18_jpg.rf.cca50a1c9cbbe838fb46c93891f799b0.txt,sweetpotato
train,raw/emam_v14/train/images/Image_18_jpg.rf.cd4fc9a9b354ba64f401ad01f9392b9d.jpg,raw/emam_v14/train/labels/Image_18_jpg.rf.cd4fc9a9b354ba64f401ad01f9392b9d.txt,beetroot
train,raw/emam_v14/train/images/Image_18_jpg.rf.ce2ba51a4d809ede927c2ccdc494dc07.jpg,raw/emam_v14/train/labels/Image_18_jpg.rf.ce2ba51a4d809ede927c2ccdc494dc07.txt,turnip
train,raw/emam_v14/train/images/Image_18_jpg.rf.d31edaea92ade4691fceb9a502afd2af.jpg,raw/emam_v14/train/labels/Image_18_jpg.rf.d31edaea92ade4691fceb9a502afd2af.txt,ladyfinger
train,raw/emam_v14/train/images/Image_18_jpg.rf.d7d3e6193525cf132e2db922b454798e.jpg,raw/emam_v14/train/labels/Image_18_jpg.rf.d7d3e6193525cf132e2db922b454798e.txt,jalapeno
train,raw/emam_v14/train/images/Image_18_jpg.rf.f3c8469d63bc7a5655a6c6d48c9aa3e7.jpg,raw/emam_v14/train/labels/Image_18_jpg.rf.f3c8469d63bc7a5655a6c6d48c9aa3e7.txt,chillipepper
train,raw/emam_v14/train/images/Image_18_jpg.rf.fb9f3ee9522a0b9aee629d975fed1c52.jpg,raw/emam_v14/train/labels/Image_18_jpg.rf.fb9f3ee9522a0b9aee629d975fed1c52.txt,beetroot
train,raw/emam_v14/train/images/Image_19_jpg.rf.03f94635473c19efa4242699c477c01c.jpg,raw/emam_v14/train/labels/Image_19_jpg.rf.03f94635473c19efa4242699c477c01c.txt,turnip
train,raw/emam_v14/train/images/Image_19_jpg.rf.04a041b8a7954c205a05669bf831c70b.jpg,raw/emam_v14/train/labels/Image_19_jpg.rf.04a041b8a7954c205a05669bf831c70b.txt,garlic
train,raw/emam_v14/train/images/Image_19_jpg.rf.0ac7a72de21ea33fc8a751f2a3b9c794.jpg,raw/emam_v14/train/labels/Image_19_jpg.rf.0ac7a72de21ea33fc8a751f2a3b9c794.txt,bellpepper
train,raw/emam_v14/train/images/Image_19_jpg.rf.0e54366ce30cfc979897914d1dc7f65b.jpg,raw/emam_v14/train/labels/Image_19_jpg.rf.0e54366ce30cfc979897914d1dc7f65b.txt,onion
train,raw/emam_v14/train/images/Image_19_jpg.rf.0e9bcfaafeb93a4ad421acd81088566c.jpg,raw/emam_v14/train/labels/Image_19_jpg.rf.0e9bcfaafeb93a4ad421acd81088566c.txt,garlic
train,raw/emam_v14/train/images/Image_19_jpg.rf.11ccf96f5da6ecb5ca7a750bc1cabe62.jpg,raw/emam_v14/train/labels/Image_19_jpg.rf.11ccf96f5da6ecb5ca7a750bc1cabe62.txt,spinach
train,raw/emam_v14/train/images/Image_19_jpg.rf.13d9e43b6dd64e5496f92d04b2634728.jpg,raw/emam_v14/train/labels/Image_19_jpg.rf.13d9e43b6dd64e5496f92d04b2634728.txt,ginger
train,raw/emam_v14/train/images/Image_19_jpg.rf.156f57d25f2c3d7dc34230fa67ae027e.jpg,raw/emam_v14/train/labels/Image_19_jpg.rf.156f57d25f2c3d7dc34230fa67ae027e.txt,cucumber
train,raw/emam_v14/train/images/Image_19_jpg.rf.1c6b85d716472a4a1ddd90cabf19f8c1.jpg,raw/emam_v14/train/labels/Image_19_jpg.rf.1c6b85d716472a4a1ddd90cabf19f8c1.txt,garlic
train,raw/emam_v14/train/images/Image_19_jpg.rf.349d274e009783b50ffa7cc308b9724a.jpg,raw/emam_v14/train/labels/Image_19_jpg.rf.349d274e009783b50ffa7cc308b9724a.txt,tomato
train,raw/emam_v14/train/images/Image_19_jpg.rf.356b707da2b0a96cd286debbd5267974.jpg,raw/emam_v14/train/labels/Image_19_jpg.rf.356b707da2b0a96cd286debbd5267974.txt,eggplant
train,raw/emam_v14/train/images/Image_19_jpg.rf.427f56cb2c8e8e426d5972774d00cd3f.jpg,raw/emam_v14/train/labels/Image_19_jpg.rf.427f56cb2c8e8e426d5972774d00cd3f.txt,bellpepper
train,raw/emam_v14/train/images/Image_19_jpg.rf.42ee2f7c4e5ee0564d6f299e5b8766d6.jpg,raw/emam_v14/train/labels/Image_19_jpg.rf.42ee2f7c4e5ee0564d6f299e5b8766d6.txt,lemon
train,raw/emam_v14/train/images/Image_19_jpg.rf.459a10f07ebc4f9fdfc2c0b0e0331b67.jpg,raw/emam_v14/train/labels/Image_19_jpg.rf.459a10f07ebc4f9fdfc2c0b0e0331b67.txt,ladyfinger
train,raw/emam_v14/train/images/Image_19_jpg.rf.47991611b75bc16df3ddd455babcd661.jpg,raw/emam_v14/train/labels/Image_19_jpg.rf.47991611b75bc16df3ddd455babcd661.txt,ladyfinger
train,raw/emam_v14/train/images/Image_19_jpg.rf.4efda890745cff203cf723bb88bcbba4.jpg,raw/emam_v14/train/labels/Image_19_jpg.rf.4efda890745cff203cf723bb88bcbba4.txt,turnip
train,raw/emam_v14/train/images/Image_19_jpg.rf.552855a51584eb6b0b0ea7bd897ddc32.jpg,raw/emam_v14/train/labels/Image_19_jpg.rf.552855a51584eb6b0b0ea7bd897ddc32.txt,peas
train,raw/emam_v14/train/images/Image_19_jpg.rf.58399717acd3454cb08503b6bbb196a1.jpg,raw/emam_v14/train/labels/Image_19_jpg.rf.58399717acd3454cb08503b6bbb196a1.txt,sweetpotato
train,raw/emam_v14/train/images/Image_19_jpg.rf.5d66c13831aeca6d79d6546969686287.jpg,raw/emam_v14/train/labels/Image_19_jpg.rf.5d66c13831aeca6d79d6546969686287.txt,ginger
train,raw/emam_v14/train/images/Image_19_jpg.rf.610209e6ce0e1c011dc304ec9ee4fff0.jpg,raw/emam_v14/train/labels/Image_19_jpg.rf.610209e6ce0e1c011dc304ec9ee4fff0.txt,ginger
train,raw/emam_v14/train/images/Image_19_jpg.rf.682684fab64c728e37f720f6fb1171c8.jpg,raw/emam_v14/train/labels/Image_19_jpg.rf.682684fab64c728e37f720f6fb1171c8.txt,eggplant
train,raw/emam_v14/train/images/Image_19_jpg.rf.6bb758076bcc8ced07335c4db6a436b8.jpg,raw/emam_v14/train/labels/Image_19_jpg.rf.6bb758076bcc8ced07335c4db6a436b8.txt,bellpepper
train,raw/emam_v14/train/images/Image_19_jpg.rf.7e2587235425fdb268bcd999f5d44916.jpg,raw/emam_v14/train/labels/Image_19_jpg.rf.7e2587235425fdb268bcd999f5d44916.txt,lemon
train,raw/emam_v14/train/images/Image_19_jpg.rf.7f4b05387b9ded54d407f8f74eb2cd31.jpg,raw/emam_v14/train/labels/Image_19_jpg.rf.7f4b05387b9ded54d407f8f74eb2cd31.txt,cucumber
train,raw/emam_v14/train/images/Image_19_jpg.rf.85dc1994a414bd3399f8155eb4de1db6.jpg,raw/emam_v14/train/labels/Image_19_jpg.rf.85dc1994a414bd3399f8155eb4de1db6.txt,eggplant
train,raw/emam_v14/train/images/Image_19_jpg.rf.8c367426cbbc2e4458fd915167dfc778.jpg,raw/emam_v14/train/labels/Image_19_jpg.rf.8c367426cbbc2e4458fd915167dfc778.txt,lemon
train,raw/emam_v14/train/images/Image_19_jpg.rf.97290599fd6b098f72dc92d8b3b7c48d.jpg,raw/emam_v14/train/labels/Image_19_jpg.rf.97290599fd6b098f72dc92d8b3b7c48d.txt,tomato
train,raw/emam_v14/train/images/Image_19_jpg.rf.a058dc992631405a7bdd6b7e7b3a15d4.jpg,raw/emam_v14/train/labels/Image_19_jpg.rf.a058dc992631405a7bdd6b7e7b3a15d4.txt,bellpepper
train,raw/emam_v14/train/images/Image_19_jpg.rf.b3257f93dab54cfee9c385423a437466.jpg,raw/emam_v14/train/labels/Image_19_jpg.rf.b3257f93dab54cfee9c385423a437466.txt,turnip
train,raw/emam_v14/train/images/Image_19_jpg.rf.b4711a1df270d19be94de5881fd82318.jpg,raw/emam_v14/train/labels/Image_19_jpg.rf.b4711a1df270d19be94de5881fd82318.txt,spinach
train,raw/emam_v14/train/images/Image_19_jpg.rf.b8b679a9f0ebb81fe31b172254d2b574.jpg,raw/emam_v14/train/labels/Image_19_jpg.rf.b8b679a9f0ebb81fe31b172254d2b574.txt,onion
train,raw/emam_v14/train/images/Image_19_jpg.rf.bbc4cb259e7fcc7873e5d0998e02d884.jpg,raw/emam_v14/train/labels/Image_19_jpg.rf.bbc4cb259e7fcc7873e5d0998e02d884.txt,peas
train,raw/emam_v14/train/images/Image_19_jpg.rf.bd14785099f39e8057d6738e18251b3b.jpg,raw/emam_v14/train/labels/Image_19_jpg.rf.bd14785099f39e8057d6738e18251b3b.txt,sweetpotato
train,raw/emam_v14/train/images/Image_19_jpg.rf.c7a3a7c88ac5942551b548c253ae237f.jpg,raw/emam_v14/train/labels/Image_19_jpg.rf.c7a3a7c88ac5942551b548c253ae237f.txt,ladyfinger
train,raw/emam_v14/train/images/Image_19_jpg.rf.ca6e7812bc1ec9098e23defb7c22ec2d.jpg,raw/emam_v14/train/labels/Image_19_jpg.rf.ca6e7812bc1ec9098e23defb7c22ec2d.txt,spinach
train,raw/emam_v14/train/images/Image_19_jpg.rf.cd506680b4a86967f92900940b1baeca.jpg,raw/emam_v14/train/labels/Image_19_jpg.rf.cd506680b4a86967f92900940b1baeca.txt,peas
train,raw/emam_v14/train/images/Image_19_jpg.rf.cdd6e890bc11cf548b11fbd187643491.jpg,raw/emam_v14/train/labels/Image_19_jpg.rf.cdd6e890bc11cf548b11fbd187643491.txt,bellpepper
train,raw/emam_v14/train/images/Image_19_jpg.rf.d0fe426c895a74e5fa24461d8bfdfdac.jpg,raw/emam_v14/train/labels/Image_19_jpg.rf.d0fe426c895a74e5fa24461d8bfdfdac.txt,bellpepper
train,raw/emam_v14/train/images/Image_19_jpg.rf.da8530a8b79d752c9cec4723d9eeae12.jpg,raw/emam_v14/train/labels/Image_19_jpg.rf.da8530a8b79d752c9cec4723d9eeae12.txt,onion
train,raw/emam_v14/train/images/Image_19_jpg.rf.dccf1d461012743c7e4dbeae9c3edda3.jpg,raw/emam_v14/train/labels/Image_19_jpg.rf.dccf1d461012743c7e4dbeae9c3edda3.txt,lettuce
train,raw/emam_v14/train/images/Image_19_jpg.rf.ddc61d44c81f87419c05bf3e40356c5e.jpg,raw/emam_v14/train/labels/Image_19_jpg.rf.ddc61d44c81f87419c05bf3e40356c5e.txt,lettuce
train,raw/emam_v14/train/images/Image_19_jpg.rf.e0ad91ba0500dfcd9b593e0a8565f298.jpg,raw/emam_v14/train/labels/Image_19_jpg.rf.e0ad91ba0500dfcd9b593e0a8565f298.txt,cucumber
train,raw/emam_v14/train/images/Image_19_jpg.rf.f09949d39026c41683c64ccd312a03cd.jpg,raw/emam_v14/train/labels/Image_19_jpg.rf.f09949d39026c41683c64ccd312a03cd.txt,sweetpotato
train,raw/emam_v14/train/images/Image_19_jpg.rf.fb21ddea6c251e08437647d4b0f60e04.jpg,raw/emam_v14/train/labels/Image_19_jpg.rf.fb21ddea6c251e08437647d4b0f60e04.txt,tomato
train,raw/emam_v14/train/images/Image_19_jpg.rf.fdc8f08c7f5a36521629303748946ebb.jpg,raw/emam_v14/train/labels/Image_19_jpg.rf.fdc8f08c7f5a36521629303748946ebb.txt,lettuce
train,raw/emam_v14/train/images/Image_1_jpeg_jpg.rf.469de7b67fba793b590e2c85658154a3.jpg,raw/emam_v14/train/labels/Image_1_jpeg_jpg.rf.469de7b67fba793b590e2c85658154a3.txt,jalapeno
train,raw/emam_v14/train/images/Image_1_jpeg_jpg.rf.d838d019f742048b5d2cfc8b7e588666.jpg,raw/emam_v14/train/labels/Image_1_jpeg_jpg.rf.d838d019f742048b5d2cfc8b7e588666.txt,jalapeno
train,raw/emam_v14/train/images/Image_1_jpeg_jpg.rf.dd13e7bf7778b695218dcb414d31ef0a.jpg,raw/emam_v14/train/labels/Image_1_jpeg_jpg.rf.dd13e7bf7778b695218dcb414d31ef0a.txt,jalapeno
train,raw/emam_v14/train/images/Image_1_jpg.rf.03c7bc1d318fb79868672aac26349124.jpg,raw/emam_v14/train/labels/Image_1_jpg.rf.03c7bc1d318fb79868672aac26349124.txt,sweetcorn
train,raw/emam_v14/train/images/Image_1_jpg.rf.120dadbcb9d07e76cf2a61cd5122c2a7.jpg,raw/emam_v14/train/labels/Image_1_jpg.rf.120dadbcb9d07e76cf2a61cd5122c2a7.txt,turnip
train,raw/emam_v14/train/images/Image_1_jpg.rf.141ed302a1898e00475b3a943aa471f7.jpg,raw/emam_v14/train/labels/Image_1_jpg.rf.141ed302a1898e00475b3a943aa471f7.txt,ladyfinger
train,raw/emam_v14/train/images/Image_1_jpg.rf.1ba8e4468205ff4c94c96fac45273dd0.jpg,raw/emam_v14/train/labels/Image_1_jpg.rf.1ba8e4468205ff4c94c96fac45273dd0.txt,chillipepper
train,raw/emam_v14/train/images/Image_1_jpg.rf.21c983188f2e72307625ebdaf3f73f04.jpg,raw/emam_v14/train/labels/Image_1_jpg.rf.21c983188f2e72307625ebdaf3f73f04.txt,cauliflower
train,raw/emam_v14/train/images/Image_1_jpg.rf.23c1be64f9d2902fcc3053cda07238d7.jpg,raw/emam_v14/train/labels/Image_1_jpg.rf.23c1be64f9d2902fcc3053cda07238d7.txt,bellpepper
train,raw/emam_v14/train/images/Image_1_jpg.rf.23cba00aa239b44dc128cc6dcd76462c.jpg,raw/emam_v14/train/labels/Image_1_jpg.rf.23cba00aa239b44dc128cc6dcd76462c.txt,turnip
train,raw/emam_v14/train/images/Image_1_jpg.rf.29d6bbe61007a0a0358307a234378fdd.jpg,raw/emam_v14/train/labels/Image_1_jpg.rf.29d6bbe61007a0a0358307a234378fdd.txt,ginger
train,raw/emam_v14/train/images/Image_1_jpg.rf.2e588ff36f83d2e74daf6b8bca611c5b.jpg,raw/emam_v14/train/labels/Image_1_jpg.rf.2e588ff36f83d2e74daf6b8bca611c5b.txt,spinach
train,raw/emam_v14/train/images/Image_1_jpg.rf.38977acf538a924ddf85eaf447db6d2b.jpg,raw/emam_v14/train/labels/Image_1_jpg.rf.38977acf538a924ddf85eaf447db6d2b.txt,ladyfinger
train,raw/emam_v14/train/images/Image_1_jpg.rf.39c5e81d9e42923164f56c8fda69a1a0.jpg,raw/emam_v14/train/labels/Image_1_jpg.rf.39c5e81d9e42923164f56c8fda69a1a0.txt,bellpepper
train,raw/emam_v14/train/images/Image_1_jpg.rf.4dc90c210d7b59cdc4b37824bd2328ae.jpg,raw/emam_v14/train/labels/Image_1_jpg.rf.4dc90c210d7b59cdc4b37824bd2328ae.txt,lettuce
train,raw/emam_v14/train/images/Image_1_jpg.rf.4f1c5bf39e2f3eec32cb95bc244d1496.jpg,raw/emam_v14/train/labels/Image_1_jpg.rf.4f1c5bf39e2f3eec32cb95bc244d1496.txt,turnip
train,raw/emam_v14/train/images/Image_1_jpg.rf.52141ffd20d57bdc5ae89be1ac4b06ac.jpg,raw/emam_v14/train/labels/Image_1_jpg.rf.52141ffd20d57bdc5ae89be1ac4b06ac.txt,cauliflower
train,raw/emam_v14/train/images/Image_1_jpg.rf.53cb7ba393be239ed81f633501486808.jpg,raw/emam_v14/train/labels/Image_1_jpg.rf.53cb7ba393be239ed81f633501486808.txt,lettuce
train,raw/emam_v14/train/images/Image_1_jpg.rf.5da26b477a0f8bd1d57266783a40a886.jpg,raw/emam_v14/train/labels/Image_1_jpg.rf.5da26b477a0f8bd1d57266783a40a886.txt,ginger
train,raw/emam_v14/train/images/Image_1_jpg.rf.6904ed5570186060b2029a0ff6f5d746.jpg,raw/emam_v14/train/labels/Image_1_jpg.rf.6904ed5570186060b2029a0ff6f5d746.txt,spinach
train,raw/emam_v14/train/images/Image_1_jpg.rf.727981579a864c0886dad157f0149bc6.jpg,raw/emam_v14/train/labels/Image_1_jpg.rf.727981579a864c0886dad157f0149bc6.txt,eggplant
train,raw/emam_v14/train/images/Image_1_jpg.rf.74cdd754a86a6fc0780fefbe92a235c5.jpg,raw/emam_v14/train/labels/Image_1_jpg.rf.74cdd754a86a6fc0780fefbe92a235c5.txt,lettuce
train,raw/emam_v14/train/images/Image_1_jpg.rf.7d471e6f7b5598cf4f2fb04e4173ab8f.jpg,raw/emam_v14/train/labels/Image_1_jpg.rf.7d471e6f7b5598cf4f2fb04e4173ab8f.txt,potato
train,raw/emam_v14/train/images/Image_1_jpg.rf.83d25231a9538fae1043f29b2916077e.jpg,raw/emam_v14/train/labels/Image_1_jpg.rf.83d25231a9538fae1043f29b2916077e.txt,bellpepper
train,raw/emam_v14/train/images/Image_1_jpg.rf.84bb7738280e112beb72988b078fadb1.jpg,raw/emam_v14/train/labels/Image_1_jpg.rf.84bb7738280e112beb72988b078fadb1.txt,sweetcorn
train,raw/emam_v14/train/images/Image_1_jpg.rf.a15ffae2cd708885907812d57d7020e1.jpg,raw/emam_v14/train/labels/Image_1_jpg.rf.a15ffae2cd708885907812d57d7020e1.txt,tomato
train,raw/emam_v14/train/images/Image_1_jpg.rf.b2ab3465bffd2a861824581fadf23310.jpg,raw/emam_v14/train/labels/Image_1_jpg.rf.b2ab3465bffd2a861824581fadf23310.txt,spinach
train,raw/emam_v14/train/images/Image_1_jpg.rf.b691986b439342e99919379901297602.jpg,raw/emam_v14/train/labels/Image_1_jpg.rf.b691986b439342e99919379901297602.txt,cauliflower
train,raw/emam_v14/train/images/Image_1_jpg.rf.b7e09f7e3775e28feb40b3c208768676.jpg,raw/emam_v14/train/labels/Image_1_jpg.rf.b7e09f7e3775e28feb40b3c208768676.txt,tomato
train,raw/emam_v14/train/images/Image_1_jpg.rf.c4d86d580c915efdb71d594e53c3552a.jpg,raw/emam_v14/train/labels/Image_1_jpg.rf.c4d86d580c915efdb71d594e53c3552a.txt,chillipepper
train,raw/emam_v14/train/images/Image_1_jpg.rf.c9c12ab80cb26decc1dcf5ff4bfcd5cf.jpg,raw/emam_v14/train/labels/Image_1_jpg.rf.c9c12ab80cb26decc1dcf5ff4bfcd5cf.txt,bellpepper
train,raw/emam_v14/train/images/Image_1_jpg.rf.d6e4084c5de78638dff7ded0544ad9ab.jpg,raw/emam_v14/train/labels/Image_1_jpg.rf.d6e4084c5de78638dff7ded0544ad9ab.txt,sweetcorn
train,raw/emam_v14/train/images/Image_1_jpg.rf.d8b264b817986b6bf32abbf1b5d43e6a.jpg,raw/emam_v14/train/labels/Image_1_jpg.rf.d8b264b817986b6bf32abbf1b5d43e6a.txt,ginger
train,raw/emam_v14/train/images/Image_1_jpg.rf.dc3e42e459fcf117b137a707c63a4e1d.jpg,raw/emam_v14/train/labels/Image_1_jpg.rf.dc3e42e459fcf117b137a707c63a4e1d.txt,potato
train,raw/emam_v14/train/images/Image_1_jpg.rf.de61582f2d67f8e4939525b1368ff023.jpg,raw/emam_v14/train/labels/Image_1_jpg.rf.de61582f2d67f8e4939525b1368ff023.txt,bellpepper
train,raw/emam_v14/train/images/Image_1_jpg.rf.df2f84b1a4900c671c3ed0edc7129e95.jpg,raw/emam_v14/train/labels/Image_1_jpg.rf.df2f84b1a4900c671c3ed0edc7129e95.txt,eggplant
train,raw/emam_v14/train/images/Image_1_jpg.rf.e1ebd05e93e3bcec27db3d113351eb0a.jpg,raw/emam_v14/train/labels/Image_1_jpg.rf.e1ebd05e93e3bcec27db3d113351eb0a.txt,chillipepper
train,raw/emam_v14/train/images/Image_1_jpg.rf.e8c3aaef69b9bcdfb5b72d38c2bf0f60.jpg,raw/emam_v14/train/labels/Image_1_jpg.rf.e8c3aaef69b9bcdfb5b72d38c2bf0f60.txt,potato
train,raw/emam_v14/train/images/Image_1_jpg.rf.edfafccaa2a5fcac7e24dbe46333be4e.jpg,raw/emam_v14/train/labels/Image_1_jpg.rf.edfafccaa2a5fcac7e24dbe46333be4e.txt,eggplant
train,raw/emam_v14/train/images/Image_1_jpg.rf.f31640b8fcff492964f63aae98da1930.jpg,raw/emam_v14/train/labels/Image_1_jpg.rf.f31640b8fcff492964f63aae98da1930.txt,bellpepper
train,raw/emam_v14/train/images/Image_1_jpg.rf.f681d12bfd7af369beef704d8ddfb827.jpg,raw/emam_v14/train/labels/Image_1_jpg.rf.f681d12bfd7af369beef704d8ddfb827.txt,tomato
train,raw/emam_v14/train/images/Image_1_jpg.rf.fa6f12eea2d6eb80c4a7bc35b98eb27d.jpg,raw/emam_v14/train/labels/Image_1_jpg.rf.fa6f12eea2d6eb80c4a7bc35b98eb27d.txt,ladyfinger
train,raw/emam_v14/train/images/Image_20_jpg.rf.0803db25be2ddcecd295f8c135025270.jpg,raw/emam_v14/train/labels/Image_20_jpg.rf.0803db25be2ddcecd295f8c135025270.txt,turnip
train,raw/emam_v14/train/images/Image_20_jpg.rf.0e64c2f05f6b9577b64dd7cd4b12504b.jpg,raw/emam_v14/train/labels/Image_20_jpg.rf.0e64c2f05f6b9577b64dd7cd4b12504b.txt,chillipepper
train,raw/emam_v14/train/images/Image_20_jpg.rf.11b05e2e62db7c2d3094fa7161b7bdf4.jpg,raw/emam_v14/train/labels/Image_20_jpg.rf.11b05e2e62db7c2d3094fa7161b7bdf4.txt,tomato
train,raw/emam_v14/train/images/Image_20_jpg.rf.1529c8b4df87582dbd24dde78174a314.jpg,raw/emam_v14/train/labels/Image_20_jpg.rf.1529c8b4df87582dbd24dde78174a314.txt,bellpepper
train,raw/emam_v14/train/images/Image_20_jpg.rf.1612ce2df3bef9b9157b03ce1af11756.jpg,raw/emam_v14/train/labels/Image_20_jpg.rf.1612ce2df3bef9b9157b03ce1af11756.txt,turnip
train,raw/emam_v14/train/images/Image_20_jpg.rf.167b744388dc0440148cd8b8ee49e5ec.jpg,raw/emam_v14/train/labels/Image_20_jpg.rf.167b744388dc0440148cd8b8ee49e5ec.txt,cucumber
train,raw/emam_v14/train/images/Image_20_jpg.rf.1c82302ac6f71504e2703e5bd4e11d11.jpg,raw/emam_v14/train/labels/Image_20_jpg.rf.1c82302ac6f71504e2703e5bd4e11d11.txt,beetroot
train,raw/emam_v14/train/images/Image_20_jpg.rf.1cf1b0cf76c0cc906ce45cb4e7fe9492.jpg,raw/emam_v14/train/labels/Image_20_jpg.rf.1cf1b0cf76c0cc906ce45cb4e7fe9492.txt,cabbage
train,raw/emam_v14/train/images/Image_20_jpg.rf.1edc8bbee42c977eda0560a3ee60409c.jpg,raw/emam_v14/train/labels/Image_20_jpg.rf.1edc8bbee42c977eda0560a3ee60409c.txt,bellpepper
train,raw/emam_v14/train/images/Image_20_jpg.rf.2137a842adc233c58b101b7c43e83374.jpg,raw/emam_v14/train/labels/Image_20_jpg.rf.2137a842adc233c58b101b7c43e83374.txt,eggplant
train,raw/emam_v14/train/images/Image_20_jpg.rf.22c699475dc50cdcc5e4cc14f824a9f4.jpg,raw/emam_v14/train/labels/Image_20_jpg.rf.22c699475dc50cdcc5e4cc14f824a9f4.txt,turnip
train,raw/emam_v14/train/images/Image_20_jpg.rf.3b9131db265ce2f0c3f4c7400c52fc2c.jpg,raw/emam_v14/train/labels/Image_20_jpg.rf.3b9131db265ce2f0c3f4c7400c52fc2c.txt,bellpepper
train,raw/emam_v14/train/images/Image_20_jpg.rf.40ee2f5db332e230a45d724aa32bacfd.jpg,raw/emam_v14/train/labels/Image_20_jpg.rf.40ee2f5db332e230a45d724aa32bacfd.txt,carrot
train,raw/emam_v14/train/images/Image_20_jpg.rf.46451892b590d133e07ca9b265427238.jpg,raw/emam_v14/train/labels/Image_20_jpg.rf.46451892b590d133e07ca9b265427238.txt,radish
train,raw/emam_v14/train/images/Image_20_jpg.rf.4abf4048810669bb38bf9fb14a59978d.jpg,raw/emam_v14/train/labels/Image_20_jpg.rf.4abf4048810669bb38bf9fb14a59978d.txt,cabbage
train,raw/emam_v14/train/images/Image_20_jpg.rf.4d28865d0471e9faa1b2cf43e2c60c51.jpg,raw/emam_v14/train/labels/Image_20_jpg.rf.4d28865d0471e9faa1b2cf43e2c60c51.txt,peas
train,raw/emam_v14/train/images/Image_20_jpg.rf.52f855d0ab582c0989e231d9dcdc59d2.jpg,raw/emam_v14/train/labels/Image_20_jpg.rf.52f855d0ab582c0989e231d9dcdc59d2.txt,cabbage
train,raw/emam_v14/train/images/Image_20_jpg.rf.53fd8d0ce1d6e3f666687a51d1829635.jpg,raw/emam_v14/train/labels/Image_20_jpg.rf.53fd8d0ce1d6e3f666687a51d1829635.txt,cauliflower
train,raw/emam_v14/train/images/Image_20_jpg.rf.5545736b4d9a6a52ca09fd4996ca87ad.jpg,raw/emam_v14/train/labels/Image_20_jpg.rf.5545736b4d9a6a52ca09fd4996ca87ad.txt,bellpepper
train,raw/emam_v14/train/images/Image_20_jpg.rf.55814472eab421746279c7af6ce39f01.jpg,raw/emam_v14/train/labels/Image_20_jpg.rf.55814472eab421746279c7af6ce39f01.txt,chillipepper
train,raw/emam_v14/train/images/Image_20_jpg.rf.5607a10d87c8db1e8cf4dcd2d07ad86d.jpg,raw/emam_v14/train/labels/Image_20_jpg.rf.5607a10d87c8db1e8cf4dcd2d07ad86d.txt,chillipepper
train,raw/emam_v14/train/images/Image_20_jpg.rf.5db0b8270f9f1e932da4e58e3525634a.jpg,raw/emam_v14/train/labels/Image_20_jpg.rf.5db0b8270f9f1e932da4e58e3525634a.txt,ginger
train,raw/emam_v14/train/images/Image_20_jpg.rf.5e2abb6bdbdbfda425f48107de6f3749.jpg,raw/emam_v14/train/labels/Image_20_jpg.rf.5e2abb6bdbdbfda425f48107de6f3749.txt,radish
train,raw/emam_v14/train/images/Image_20_jpg.rf.68ed95744029c19ac5b873b657b9e9ba.jpg,raw/emam_v14/train/labels/Image_20_jpg.rf.68ed95744029c19ac5b873b657b9e9ba.txt,bellpepper
train,raw/emam_v14/train/images/Image_20_jpg.rf.6a3d75c2dbafc5a315cfc94aab0740fe.jpg,raw/emam_v14/train/labels/Image_20_jpg.rf.6a3d75c2dbafc5a315cfc94aab0740fe.txt,garlic
train,raw/emam_v14/train/images/Image_20_jpg.rf.6b17374d9907317ea31acb450ac6e2e6.jpg,raw/emam_v14/train/labels/Image_20_jpg.rf.6b17374d9907317ea31acb450ac6e2e6.txt,eggplant
train,raw/emam_v14/train/images/Image_20_jpg.rf.73f518e61613d3a5342f9ba27a724d4c.jpg,raw/emam_v14/train/labels/Image_20_jpg.rf.73f518e61613d3a5342f9ba27a724d4c.txt,sweetcorn
train,raw/emam_v14/train/images/Image_20_jpg.rf.759b745d8d79c27e10551b292431f2b1.jpg,raw/emam_v14/train/labels/Image_20_jpg.rf.759b745d8d79c27e10551b292431f2b1.txt,beetroot
train,raw/emam_v14/train/images/Image_20_jpg.rf.8196a8a730819efd949247f4d65236fa.jpg,raw/emam_v14/train/labels/Image_20_jpg.rf.8196a8a730819efd949247f4d65236fa.txt,cucumber
train,raw/emam_v14/train/images/Image_20_jpg.rf.822524db8571de2cfce96e0628bff97a.jpg,raw/emam_v14/train/labels/Image_20_jpg.rf.822524db8571de2cfce96e0628bff97a.txt,garlic
train,raw/emam_v14/train/images/Image_20_jpg.rf.83e9658dd625f6ab04a68e0116d36e6b.jpg,raw/emam_v14/train/labels/Image_20_jpg.rf.83e9658dd625f6ab04a68e0116d36e6b.txt,carrot
train,raw/emam_v14/train/images/Image_20_jpg.rf.88e191105f9e24a0e7b46585a1aed167.jpg,raw/emam_v14/train/labels/Image_20_jpg.rf.88e191105f9e24a0e7b46585a1aed167.txt,tomato
train,raw/emam_v14/train/images/Image_20_jpg.rf.8c7c69f31897a3d2c9fca8505b626499.jpg,raw/emam_v14/train/labels/Image_20_jpg.rf.8c7c69f31897a3d2c9fca8505b626499.txt,eggplant
train,raw/emam_v14/train/images/Image_20_jpg.rf.95f2cb6457f58d932dfe5b2225567e56.jpg,raw/emam_v14/train/labels/Image_20_jpg.rf.95f2cb6457f58d932dfe5b2225567e56.txt,cauliflower
train,raw/emam_v14/train/images/Image_20_jpg.rf.9e3bc29cf3965fdb4a8061adb2bbc9ad.jpg,raw/emam_v14/train/labels/Image_20_jpg.rf.9e3bc29cf3965fdb4a8061adb2bbc9ad.txt,bellpepper
train,raw/emam_v14/train/images/Image_20_jpg.rf.a42ae6cb5232dce69d078cfb04f7da79.jpg,raw/emam_v14/train/labels/Image_20_jpg.rf.a42ae6cb5232dce69d078cfb04f7da79.txt,ginger
train,raw/emam_v14/train/images/Image_20_jpg.rf.a4b2b6a89b94efbe3343b4f58847848b.jpg,raw/emam_v14/train/labels/Image_20_jpg.rf.a4b2b6a89b94efbe3343b4f58847848b.txt,carrot
train,raw/emam_v14/train/images/Image_20_jpg.rf.ac24c2d2a06865e633cb0dcd4e356587.jpg,raw/emam_v14/train/labels/Image_20_jpg.rf.ac24c2d2a06865e633cb0dcd4e356587.txt,cauliflower
train,raw/emam_v14/train/images/Image_20_jpg.rf.b7ffb393f76ad91844246c6d6ac8cd88.jpg,raw/emam_v14/train/labels/Image_20_jpg.rf.b7ffb393f76ad91844246c6d6ac8cd88.txt,peas
train,raw/emam_v14/train/images/Image_20_jpg.rf.ce35db66343e15ce93791b9ae294a9e8.jpg,raw/emam_v14/train/labels/Image_20_jpg.rf.ce35db66343e15ce93791b9ae294a9e8.txt,sweetcorn
train,raw/emam_v14/train/images/Image_20_jpg.rf.d0edec7b2c19ad6a5bd42372491c2053.jpg,raw/emam_v14/train/labels/Image_20_jpg.rf.d0edec7b2c19ad6a5bd42372491c2053.txt,garlic
train,raw/emam_v14/train/images/Image_20_jpg.rf.d20bdf2da09de0e8414a566b91bddb57.jpg,raw/emam_v14/train/labels/Image_20_jpg.rf.d20bdf2da09de0e8414a566b91bddb57.txt,ginger
train,raw/emam_v14/train/images/Image_20_jpg.rf.d2cc36ec4f2c3b7128f4654814809a39.jpg,raw/emam_v14/train/labels/Image_20_jpg.rf.d2cc36ec4f2c3b7128f4654814809a39.txt,beetroot
train,raw/emam_v14/train/images/Image_20_jpg.rf.d418dda0b4114337a489ee612123ba6b.jpg,raw/emam_v14/train/labels/Image_20_jpg.rf.d418dda0b4114337a489ee612123ba6b.txt,radish
train,raw/emam_v14/train/images/Image_20_jpg.rf.e2fff364bf7d167602570e39d520ad0c.jpg,raw/emam_v14/train/labels/Image_20_jpg.rf.e2fff364bf7d167602570e39d520ad0c.txt,peas
train,raw/emam_v14/train/images/Image_20_jpg.rf.e690a30229c1b2734f6dd69c3ce0e8e4.jpg,raw/emam_v14/train/labels/Image_20_jpg.rf.e690a30229c1b2734f6dd69c3ce0e8e4.txt,tomato
train,raw/emam_v14/train/images/Image_20_jpg.rf.e838c2a379a979f9486f03ba7f338d86.jpg,raw/emam_v14/train/labels/Image_20_jpg.rf.e838c2a379a979f9486f03ba7f338d86.txt,sweetcorn
train,raw/emam_v14/train/images/Image_20_jpg.rf.fdd5021fb2e046b6a3d4aa9b5fa4942d.jpg,raw/emam_v14/train/labels/Image_20_jpg.rf.fdd5021fb2e046b6a3d4aa9b5fa4942d.txt,cucumber
train,raw/emam_v14/train/images/Image_21_jpg.rf.026675fd8eb52252a9d29837ccbe51be.jpg,raw/emam_v14/train/labels/Image_21_jpg.rf.026675fd8eb52252a9d29837ccbe51be.txt,sweetcorn
train,raw/emam_v14/train/images/Image_21_jpg.rf.058914fac8c93bc34fd9aa8e570ef16b.jpg,raw/emam_v14/train/labels/Image_21_jpg.rf.058914fac8c93bc34fd9aa8e570ef16b.txt,spinach
train,raw/emam_v14/train/images/Image_21_jpg.rf.076a0ad325a3fc4c81af96e4d8d9a9c8.jpg,raw/emam_v14/train/labels/Image_21_jpg.rf.076a0ad325a3fc4c81af96e4d8d9a9c8.txt,ginger
train,raw/emam_v14/train/images/Image_21_jpg.rf.08e2bccc9d0943733837e9a3adb8761c.jpg,raw/emam_v14/train/labels/Image_21_jpg.rf.08e2bccc9d0943733837e9a3adb8761c.txt,onion
train,raw/emam_v14/train/images/Image_21_jpg.rf.0ded6fa0cd1bd106e09b4a4cd31dc12b.jpg,raw/emam_v14/train/labels/Image_21_jpg.rf.0ded6fa0cd1bd106e09b4a4cd31dc12b.txt,onion
train,raw/emam_v14/train/images/Image_21_jpg.rf.1063d6a2652edfcaa766b6ba4b5dd9dd.jpg,raw/emam_v14/train/labels/Image_21_jpg.rf.1063d6a2652edfcaa766b6ba4b5dd9dd.txt,bellpepper
train,raw/emam_v14/train/images/Image_21_jpg.rf.14ffa53c4a3d3da1b04ab658c2f217ff.jpg,raw/emam_v14/train/labels/Image_21_jpg.rf.14ffa53c4a3d3da1b04ab658c2f217ff.txt,ladyfinger
train,raw/emam_v14/train/images/Image_21_jpg.rf.1913a771d83e5ad1c490a2128c57b905.jpg,raw/emam_v14/train/labels/Image_21_jpg.rf.1913a771d83e5ad1c490a2128c57b905.txt,ginger
train,raw/emam_v14/train/images/Image_21_jpg.rf.23bd428eb5e284baa629e8216bfcb67b.jpg,raw/emam_v14/train/labels/Image_21_jpg.rf.23bd428eb5e284baa629e8216bfcb67b.txt,bellpepper
train,raw/emam_v14/train/images/Image_21_jpg.rf.2a762cdc37d1ef5f231de19b4b6c5031.jpg,raw/emam_v14/train/labels/Image_21_jpg.rf.2a762cdc37d1ef5f231de19b4b6c5031.txt,bellpepper
train,raw/emam_v14/train/images/Image_21_jpg.rf.345d6d5d9da057509f65a1e42901c934.jpg,raw/emam_v14/train/labels/Image_21_jpg.rf.345d6d5d9da057509f65a1e42901c934.txt,onion
train,raw/emam_v14/train/images/Image_21_jpg.rf.4505c3ec41a97d174cee1284c361420c.jpg,raw/emam_v14/train/labels/Image_21_jpg.rf.4505c3ec41a97d174cee1284c361420c.txt,ladyfinger
train,raw/emam_v14/train/images/Image_21_jpg.rf.4b92fed4647fc2e5de5705375c4d3fa9.jpg,raw/emam_v14/train/labels/Image_21_jpg.rf.4b92fed4647fc2e5de5705375c4d3fa9.txt,lettuce
train,raw/emam_v14/train/images/Image_21_jpg.rf.502023538bc3e4ea87447699e01415e8.jpg,raw/emam_v14/train/labels/Image_21_jpg.rf.502023538bc3e4ea87447699e01415e8.txt,ladyfinger
train,raw/emam_v14/train/images/Image_21_jpg.rf.504273d8b4ca81c1323b06ab7715aee6.jpg,raw/emam_v14/train/labels/Image_21_jpg.rf.504273d8b4ca81c1323b06ab7715aee6.txt,sweetpotato
train,raw/emam_v14/train/images/Image_21_jpg.rf.50c23c44607b07cd2e9a5053f6a286c0.jpg,raw/emam_v14/train/labels/Image_21_jpg.rf.50c23c44607b07cd2e9a5053f6a286c0.txt,chillipepper
train,raw/emam_v14/train/images/Image_21_jpg.rf.5acdefaaf20da39192b463fc709e3e7e.jpg,raw/emam_v14/train/labels/Image_21_jpg.rf.5acdefaaf20da39192b463fc709e3e7e.txt,bellpepper
train,raw/emam_v14/train/images/Image_21_jpg.rf.5ce04685abb778bd9441c37c5c61390f.jpg,raw/emam_v14/train/labels/Image_21_jpg.rf.5ce04685abb778bd9441c37c5c61390f.txt,radish
train,raw/emam_v14/train/images/Image_21_jpg.rf.5e3f0dc1bb4ee6ca7982d966caec6f3f.jpg,raw/emam_v14/train/labels/Image_21_jpg.rf.5e3f0dc1bb4ee6ca7982d966caec6f3f.txt,peas
train,raw/emam_v14/train/images/Image_21_jpg.rf.62c29ca907e21b3fe2c5996e02eab4f5.jpg,raw/emam_v14/train/labels/Image_21_jpg.rf.62c29ca907e21b3fe2c5996e02eab4f5.txt,spinach
train,raw/emam_v14/train/images/Image_21_jpg.rf.6414d4503cf0df4aae0866eba2ef9dba.jpg,raw/emam_v14/train/labels/Image_21_jpg.rf.6414d4503cf0df4aae0866eba2ef9dba.txt,tomato
train,raw/emam_v14/train/images/Image_21_jpg.rf.6b2d1a4645dcc5382d61a94c2e5a7031.jpg,raw/emam_v14/train/labels/Image_21_jpg.rf.6b2d1a4645dcc5382d61a94c2e5a7031.txt,garlic
train,raw/emam_v14/train/images/Image_21_jpg.rf.6bedbed707d0e06db4e1d0a4ae4bc928.jpg,raw/emam_v14/train/labels/Image_21_jpg.rf.6bedbed707d0e06db4e1d0a4ae4bc928.txt,sweetcorn
train,raw/emam_v14/train/images/Image_21_jpg.rf.70b9425bd27204a5f23d692a1117e700.jpg,raw/emam_v14/train/labels/Image_21_jpg.rf.70b9425bd27204a5f23d692a1117e700.txt,tomato
train,raw/emam_v14/train/images/Image_21_jpg.rf.755e0d54a8cdc1b65e8d03bb56d9d64d.jpg,raw/emam_v14/train/labels/Image_21_jpg.rf.755e0d54a8cdc1b65e8d03bb56d9d64d.txt,radish
train,raw/emam_v14/train/images/Image_21_jpg.rf.7c7813dfed703faeb570006b7495b5de.jpg,raw/emam_v14/train/labels/Image_21_jpg.rf.7c7813dfed703faeb570006b7495b5de.txt,bellpepper
train,raw/emam_v14/train/images/Image_21_jpg.rf.7f259f0aeec6f510ec978fc7b7b88c3d.jpg,raw/emam_v14/train/labels/Image_21_jpg.rf.7f259f0aeec6f510ec978fc7b7b88c3d.txt,sweetcorn
train,raw/emam_v14/train/images/Image_21_jpg.rf.8121df60b28b780b6a0a9a44f919e5cd.jpg,raw/emam_v14/train/labels/Image_21_jpg.rf.8121df60b28b780b6a0a9a44f919e5cd.txt,chillipepper
train,raw/emam_v14/train/images/Image_21_jpg.rf.8c65283c0f848bc8bfa37fd3088f72b2.jpg,raw/emam_v14/train/labels/Image_21_jpg.rf.8c65283c0f848bc8bfa37fd3088f72b2.txt,eggplant
train,raw/emam_v14/train/images/Image_21_jpg.rf.915dcce3813cc50d10ea3921e121cc9b.jpg,raw/emam_v14/train/labels/Image_21_jpg.rf.915dcce3813cc50d10ea3921e121cc9b.txt,cucumber
train,raw/emam_v14/train/images/Image_21_jpg.rf.9253dffd24713e9f7333ad6ad663ae50.jpg,raw/emam_v14/train/labels/Image_21_jpg.rf.9253dffd24713e9f7333ad6ad663ae50.txt,garlic
train,raw/emam_v14/train/images/Image_21_jpg.rf.96eb3d54799ef617c0d53a3aaec3baef.jpg,raw/emam_v14/train/labels/Image_21_jpg.rf.96eb3d54799ef617c0d53a3aaec3baef.txt,chillipepper
train,raw/emam_v14/train/images/Image_21_jpg.rf.98f81b0757a6a7724093cc4a8d4335a9.jpg,raw/emam_v14/train/labels/Image_21_jpg.rf.98f81b0757a6a7724093cc4a8d4335a9.txt,tomato
train,raw/emam_v14/train/images/Image_21_jpg.rf.9e7564b704c545c8e6e0e44825993d83.jpg,raw/emam_v14/train/labels/Image_21_jpg.rf.9e7564b704c545c8e6e0e44825993d83.txt,bellpepper
train,raw/emam_v14/train/images/Image_21_jpg.rf.9f84c248c2c8ac01564bbabae95ef5a0.jpg,raw/emam_v14/train/labels/Image_21_jpg.rf.9f84c248c2c8ac01564bbabae95ef5a0.txt,cucumber
train,raw/emam_v14/train/images/Image_21_jpg.rf.a2fa9283dac18581cb9366ebef641e4c.jpg,raw/emam_v14/train/labels/Image_21_jpg.rf.a2fa9283dac18581cb9366ebef641e4c.txt,eggplant
train,raw/emam_v14/train/images/Image_21_jpg.rf.a7cdbd2c33793a359211ed9b72f4ea78.jpg,raw/emam_v14/train/labels/Image_21_jpg.rf.a7cdbd2c33793a359211ed9b72f4ea78.txt,ginger
train,raw/emam_v14/train/images/Image_21_jpg.rf.aca20a317903ab419a6f4b2fb371267d.jpg,raw/emam_v14/train/labels/Image_21_jpg.rf.aca20a317903ab419a6f4b2fb371267d.txt,tomato
train,raw/emam_v14/train/images/Image_21_jpg.rf.ae17dc02343ca41fec4bbf226596c4bb.jpg,raw/emam_v14/train/labels/Image_21_jpg.rf.ae17dc02343ca41fec4bbf226596c4bb.txt,bellpepper
train,raw/emam_v14/train/images/Image_21_jpg.rf.b4a20c3edf2ce49f8a24ccee7281b282.jpg,raw/emam_v14/train/labels/Image_21_jpg.rf.b4a20c3edf2ce49f8a24ccee7281b282.txt,tomato
train,raw/emam_v14/train/images/Image_21_jpg.rf.ba8ffe33d89d0dbd445167ef2a27a858.jpg,raw/emam_v14/train/labels/Image_21_jpg.rf.ba8ffe33d89d0dbd445167ef2a27a858.txt,cucumber
train,raw/emam_v14/train/images/Image_21_jpg.rf.bb8ffcaa82cf0292ce2f60c01e4c090b.jpg,raw/emam_v14/train/labels/Image_21_jpg.rf.bb8ffcaa82cf0292ce2f60c01e4c090b.txt,sweetpotato
train,raw/emam_v14/train/images/Image_21_jpg.rf.bc89e037cda0521a4cfd04d2aa39a88f.jpg,raw/emam_v14/train/labels/Image_21_jpg.rf.bc89e037cda0521a4cfd04d2aa39a88f.txt,sweetpotato
train,raw/emam_v14/train/images/Image_21_jpg.rf.c10b8355b5735fd432bf9703320e6db9.jpg,raw/emam_v14/train/labels/Image_21_jpg.rf.c10b8355b5735fd432bf9703320e6db9.txt,radish
train,raw/emam_v14/train/images/Image_21_jpg.rf.c5181ad302c5c51e302193d490ea672c.jpg,raw/emam_v14/train/labels/Image_21_jpg.rf.c5181ad302c5c51e302193d490ea672c.txt,bellpepper
train,raw/emam_v14/train/images/Image_21_jpg.rf.c769fc67ce3c455b15c64a4cfd0575c7.jpg,raw/emam_v14/train/labels/Image_21_jpg.rf.c769fc67ce3c455b15c64a4cfd0575c7.txt,eggplant
train,raw/emam_v14/train/images/Image_21_jpg.rf.d45182e5fa2f482e6f64054fc935a7d0.jpg,raw/emam_v14/train/labels/Image_21_jpg.rf.d45182e5fa2f482e6f64054fc935a7d0.txt,garlic
train,raw/emam_v14/train/images/Image_21_jpg.rf.d64d10212da60c79e855aad426880f93.jpg,raw/emam_v14/train/labels/Image_21_jpg.rf.d64d10212da60c79e855aad426880f93.txt,tomato
train,raw/emam_v14/train/images/Image_21_jpg.rf.e3f8810b9b8d65fcb6c2243e5fe94a4a.jpg,raw/emam_v14/train/labels/Image_21_jpg.rf.e3f8810b9b8d65fcb6c2243e5fe94a4a.txt,spinach
train,raw/emam_v14/train/images/Image_21_jpg.rf.ea047fcba7d43f903994058016749734.jpg,raw/emam_v14/train/labels/Image_21_jpg.rf.ea047fcba7d43f903994058016749734.txt,lettuce
train,raw/emam_v14/train/images/Image_21_jpg.rf.ebf9a9335eab4762044e3c66a2889830.jpg,raw/emam_v14/train/labels/Image_21_jpg.rf.ebf9a9335eab4762044e3c66a2889830.txt,peas
train,raw/emam_v14/train/images/Image_21_jpg.rf.f6f30038ac8e73581b718086e1132911.jpg,raw/emam_v14/train/labels/Image_21_jpg.rf.f6f30038ac8e73581b718086e1132911.txt,lettuce
train,raw/emam_v14/train/images/Image_21_jpg.rf.f8e7d5d1ac8d858f84130aec4bd9b8a7.jpg,raw/emam_v14/train/labels/Image_21_jpg.rf.f8e7d5d1ac8d858f84130aec4bd9b8a7.txt,bellpepper
train,raw/emam_v14/train/images/Image_21_jpg.rf.fc28dcc552b783469b2c8944cc75f54e.jpg,raw/emam_v14/train/labels/Image_21_jpg.rf.fc28dcc552b783469b2c8944cc75f54e.txt,peas
train,raw/emam_v14/train/images/Image_21_png_jpg.rf.5a4a875f945e8094b70cabb48f9405e3.jpg,raw/emam_v14/train/labels/Image_21_png_jpg.rf.5a4a875f945e8094b70cabb48f9405e3.txt,cauliflower
train,raw/emam_v14/train/images/Image_21_png_jpg.rf.65818164d34305ba456bd073476c0dbd.jpg,raw/emam_v14/train/labels/Image_21_png_jpg.rf.65818164d34305ba456bd073476c0dbd.txt,cauliflower
train,raw/emam_v14/train/images/Image_21_png_jpg.rf.c119d4f949642bd905eb46dd33701008.jpg,raw/emam_v14/train/labels/Image_21_png_jpg.rf.c119d4f949642bd905eb46dd33701008.txt,cauliflower
train,raw/emam_v14/train/images/Image_22_jpg.rf.0253af7491a41d42881fea2fc5fad4b6.jpg,raw/emam_v14/train/labels/Image_22_jpg.rf.0253af7491a41d42881fea2fc5fad4b6.txt,chillipepper
train,raw/emam_v14/train/images/Image_22_jpg.rf.02a87a12010e2e10550c21df8cd3ecba.jpg,raw/emam_v14/train/labels/Image_22_jpg.rf.02a87a12010e2e10550c21df8cd3ecba.txt,onion
train,raw/emam_v14/train/images/Image_22_jpg.rf.06a5f542745eecd30611a5f3e984f03b.jpg,raw/emam_v14/train/labels/Image_22_jpg.rf.06a5f542745eecd30611a5f3e984f03b.txt,peas
train,raw/emam_v14/train/images/Image_22_jpg.rf.0a258373fdeb0118f8ed2d652b3c8e5c.jpg,raw/emam_v14/train/labels/Image_22_jpg.rf.0a258373fdeb0118f8ed2d652b3c8e5c.txt,ginger
train,raw/emam_v14/train/images/Image_22_jpg.rf.0f6624ece7a89bd5172a122ef3a38b75.jpg,raw/emam_v14/train/labels/Image_22_jpg.rf.0f6624ece7a89bd5172a122ef3a38b75.txt,garlic
train,raw/emam_v14/train/images/Image_22_jpg.rf.14f9f58dd2a92569098db1fa9676ed8a.jpg,raw/emam_v14/train/labels/Image_22_jpg.rf.14f9f58dd2a92569098db1fa9676ed8a.txt,cauliflower
train,raw/emam_v14/train/images/Image_22_jpg.rf.1846d3ecd4ad9a4719fc06c053be1e0e.jpg,raw/emam_v14/train/labels/Image_22_jpg.rf.1846d3ecd4ad9a4719fc06c053be1e0e.txt,sweetcorn
train,raw/emam_v14/train/images/Image_22_jpg.rf.1d0e8230f8a9a2c8b12cae28d16c2165.jpg,raw/emam_v14/train/labels/Image_22_jpg.rf.1d0e8230f8a9a2c8b12cae28d16c2165.txt,tomato
train,raw/emam_v14/train/images/Image_22_jpg.rf.222ef64e42e20d14a815611fe9d9ca1a.jpg,raw/emam_v14/train/labels/Image_22_jpg.rf.222ef64e42e20d14a815611fe9d9ca1a.txt,bellpepper
train,raw/emam_v14/train/images/Image_22_jpg.rf.24ad5bdcfaa8b67f4eff7e52ee632f47.jpg,raw/emam_v14/train/labels/Image_22_jpg.rf.24ad5bdcfaa8b67f4eff7e52ee632f47.txt,onion
train,raw/emam_v14/train/images/Image_22_jpg.rf.2a19f4f81813c6372c38c257a2872f26.jpg,raw/emam_v14/train/labels/Image_22_jpg.rf.2a19f4f81813c6372c38c257a2872f26.txt,peas
train,raw/emam_v14/train/images/Image_22_jpg.rf.2b4cea3492ede11d3f4e9717b50bc618.jpg,raw/emam_v14/train/labels/Image_22_jpg.rf.2b4cea3492ede11d3f4e9717b50bc618.txt,bellpepper
train,raw/emam_v14/train/images/Image_22_jpg.rf.2e00953ee847f78dd440d0f44bc09369.jpg,raw/emam_v14/train/labels/Image_22_jpg.rf.2e00953ee847f78dd440d0f44bc09369.txt,corn
train,raw/emam_v14/train/images/Image_22_jpg.rf.347da65c4ac5f5fe5e35109e1686ea74.jpg,raw/emam_v14/train/labels/Image_22_jpg.rf.347da65c4ac5f5fe5e35109e1686ea74.txt,sweetcorn
train,raw/emam_v14/train/images/Image_22_jpg.rf.37436c673ce6d548a087a5c58468473a.jpg,raw/emam_v14/train/labels/Image_22_jpg.rf.37436c673ce6d548a087a5c58468473a.txt,sweetpotato
train,raw/emam_v14/train/images/Image_22_jpg.rf.43dad1922d1b356b9b9ae3089216b4e3.jpg,raw/emam_v14/train/labels/Image_22_jpg.rf.43dad1922d1b356b9b9ae3089216b4e3.txt,cucumber
train,raw/emam_v14/train/images/Image_22_jpg.rf.4980a143fcac466d953e50a083552d4d.jpg,raw/emam_v14/train/labels/Image_22_jpg.rf.4980a143fcac466d953e50a083552d4d.txt,cucumber
train,raw/emam_v14/train/images/Image_22_jpg.rf.4d7c13a8cf98b85703a8200f43828b52.jpg,raw/emam_v14/train/labels/Image_22_jpg.rf.4d7c13a8cf98b85703a8200f43828b52.txt,bellpepper
train,raw/emam_v14/train/images/Image_22_jpg.rf.59e7994eb569547e395a6755eb3f8091.jpg,raw/emam_v14/train/labels/Image_22_jpg.rf.59e7994eb569547e395a6755eb3f8091.txt,lemon
train,raw/emam_v14/train/images/Image_22_jpg.rf.609f2539d6541374b1efad97d353d5f6.jpg,raw/emam_v14/train/labels/Image_22_jpg.rf.609f2539d6541374b1efad97d353d5f6.txt,sweetcorn
train,raw/emam_v14/train/images/Image_22_jpg.rf.705cbfd10a20e652c59a779a636b767f.jpg,raw/emam_v14/train/labels/Image_22_jpg.rf.705cbfd10a20e652c59a779a636b767f.txt,bellpepper
train,raw/emam_v14/train/images/Image_22_jpg.rf.7164f392d0169496302101a1d82f290d.jpg,raw/emam_v14/train/labels/Image_22_jpg.rf.7164f392d0169496302101a1d82f290d.txt,peas
train,raw/emam_v14/train/images/Image_22_jpg.rf.772bd65e77397699b02ce53303dcf170.jpg,raw/emam_v14/train/labels/Image_22_jpg.rf.772bd65e77397699b02ce53303dcf170.txt,corn
train,raw/emam_v14/train/images/Image_22_jpg.rf.78753a2d7ed8f131e667748e9b2b445d.jpg,raw/emam_v14/train/labels/Image_22_jpg.rf.78753a2d7ed8f131e667748e9b2b445d.txt,chillipepper
train,raw/emam_v14/train/images/Image_22_jpg.rf.7abeb6f957c834c3ba0085b281397704.jpg,raw/emam_v14/train/labels/Image_22_jpg.rf.7abeb6f957c834c3ba0085b281397704.txt,cauliflower
train,raw/emam_v14/train/images/Image_22_jpg.rf.88d3234e4836fd15d86de521b80394c5.jpg,raw/emam_v14/train/labels/Image_22_jpg.rf.88d3234e4836fd15d86de521b80394c5.txt,ladyfinger
train,raw/emam_v14/train/images/Image_22_jpg.rf.969e0afa2ec240e0f27ead7f5f56d2e5.jpg,raw/emam_v14/train/labels/Image_22_jpg.rf.969e0afa2ec240e0f27ead7f5f56d2e5.txt,ladyfinger
train,raw/emam_v14/train/images/Image_22_jpg.rf.9a1bc1eacae6cbe4122372a4e90ec40c.jpg,raw/emam_v14/train/labels/Image_22_jpg.rf.9a1bc1eacae6cbe4122372a4e90ec40c.txt,ladyfinger
train,raw/emam_v14/train/images/Image_22_jpg.rf.9dc5cff3c1d1d492b921c32d9ec84f92.jpg,raw/emam_v14/train/labels/Image_22_jpg.rf.9dc5cff3c1d1d492b921c32d9ec84f92.txt,ginger
train,raw/emam_v14/train/images/Image_22_jpg.rf.a1a83041f40db12416885a689478cf50.jpg,raw/emam_v14/train/labels/Image_22_jpg.rf.a1a83041f40db12416885a689478cf50.txt,lettuce
train,raw/emam_v14/train/images/Image_22_jpg.rf.a6bf1b4d805ac4d03fd1ed8ee2668cd5.jpg,raw/emam_v14/train/labels/Image_22_jpg.rf.a6bf1b4d805ac4d03fd1ed8ee2668cd5.txt,garlic
train,raw/emam_v14/train/images/Image_22_jpg.rf.a9da95032cb76ba825d54ca10ba4efac.jpg,raw/emam_v14/train/labels/Image_22_jpg.rf.a9da95032cb76ba825d54ca10ba4efac.txt,garlic
train,raw/emam_v14/train/images/Image_22_jpg.rf.ab71f56031ebf80237bc0beb9ab01e1f.jpg,raw/emam_v14/train/labels/Image_22_jpg.rf.ab71f56031ebf80237bc0beb9ab01e1f.txt,lettuce
train,raw/emam_v14/train/images/Image_22_jpg.rf.ae6c317df7532da10dba47b528a9ccce.jpg,raw/emam_v14/train/labels/Image_22_jpg.rf.ae6c317df7532da10dba47b528a9ccce.txt,tomato
train,raw/emam_v14/train/images/Image_22_jpg.rf.b2088653228995ab43bfc56534617723.jpg,raw/emam_v14/train/labels/Image_22_jpg.rf.b2088653228995ab43bfc56534617723.txt,onion
train,raw/emam_v14/train/images/Image_22_jpg.rf.b605f871c71a8f9dc8941ea9bd597ff8.jpg,raw/emam_v14/train/labels/Image_22_jpg.rf.b605f871c71a8f9dc8941ea9bd597ff8.txt,lemon
train,raw/emam_v14/train/images/Image_22_jpg.rf.b6d288eeca89a7c7b855aed7b673a529.jpg,raw/emam_v14/train/labels/Image_22_jpg.rf.b6d288eeca89a7c7b855aed7b673a529.txt,sweetpotato
train,raw/emam_v14/train/images/Image_22_jpg.rf.b7a4b003fa97877ff468020541dcbee6.jpg,raw/emam_v14/train/labels/Image_22_jpg.rf.b7a4b003fa97877ff468020541dcbee6.txt,chillipepper
train,raw/emam_v14/train/images/Image_22_jpg.rf.be6508d34c2ecee97a0f278d559ee2db.jpg,raw/emam_v14/train/labels/Image_22_jpg.rf.be6508d34c2ecee97a0f278d559ee2db.txt,cucumber
train,raw/emam_v14/train/images/Image_22_jpg.rf.cac41d10387ee1b18e7ef30a58536d75.jpg,raw/emam_v14/train/labels/Image_22_jpg.rf.cac41d10387ee1b18e7ef30a58536d75.txt,corn
train,raw/emam_v14/train/images/Image_22_jpg.rf.cea3c9fc54f78a17aa16fb5275e648c8.jpg,raw/emam_v14/train/labels/Image_22_jpg.rf.cea3c9fc54f78a17aa16fb5275e648c8.txt,lemon
train,raw/emam_v14/train/images/Image_22_jpg.rf.ddab18f5e04893f58c00ec9800cb09f6.jpg,raw/emam_v14/train/labels/Image_22_jpg.rf.ddab18f5e04893f58c00ec9800cb09f6.txt,bellpepper
train,raw/emam_v14/train/images/Image_22_jpg.rf.e4b42fa3bd6905a7fbe43ebd3c5bbfcf.jpg,raw/emam_v14/train/labels/Image_22_jpg.rf.e4b42fa3bd6905a7fbe43ebd3c5bbfcf.txt,tomato
train,raw/emam_v14/train/images/Image_22_jpg.rf.ec5ff9d818131b17d54742bcc67f2d74.jpg,raw/emam_v14/train/labels/Image_22_jpg.rf.ec5ff9d818131b17d54742bcc67f2d74.txt,bellpepper
train,raw/emam_v14/train/images/Image_22_jpg.rf.f5e0820d3471cd2dfeb0d5bcc1847ad4.jpg,raw/emam_v14/train/labels/Image_22_jpg.rf.f5e0820d3471cd2dfeb0d5bcc1847ad4.txt,lettuce
train,raw/emam_v14/train/images/Image_22_jpg.rf.f8b1d71c430e0716262e85ef382cb058.jpg,raw/emam_v14/train/labels/Image_22_jpg.rf.f8b1d71c430e0716262e85ef382cb058.txt,ginger
train,raw/emam_v14/train/images/Image_22_jpg.rf.fab9aafbe5704d56ea9f2002886214e9.jpg,raw/emam_v14/train/labels/Image_22_jpg.rf.fab9aafbe5704d56ea9f2002886214e9.txt,cauliflower
train,raw/emam_v14/train/images/Image_22_jpg.rf.ff62a5669b2038f1dc8af148b3038a7d.jpg,raw/emam_v14/train/labels/Image_22_jpg.rf.ff62a5669b2038f1dc8af148b3038a7d.txt,sweetpotato
train,raw/emam_v14/train/images/Image_22_png_jpg.rf.005c5ad884e2654583482431d63d3db6.jpg,raw/emam_v14/train/labels/Image_22_png_jpg.rf.005c5ad884e2654583482431d63d3db6.txt,potato
train,raw/emam_v14/train/images/Image_22_png_jpg.rf.12b1c99c7afc493d96049e29d28acf06.jpg,raw/emam_v14/train/labels/Image_22_png_jpg.rf.12b1c99c7afc493d96049e29d28acf06.txt,turnip
train,raw/emam_v14/train/images/Image_22_png_jpg.rf.9a85446fa520fd206718352b08630d8d.jpg,raw/emam_v14/train/labels/Image_22_png_jpg.rf.9a85446fa520fd206718352b08630d8d.txt,potato
train,raw/emam_v14/train/images/Image_22_png_jpg.rf.9d61adc56e4b81f60931157e5162c46d.jpg,raw/emam_v14/train/labels/Image_22_png_jpg.rf.9d61adc56e4b81f60931157e5162c46d.txt,turnip
train,raw/emam_v14/train/images/Image_22_png_jpg.rf.a01ca0917e38d8dfb8ea0876c81fcc85.jpg,raw/emam_v14/train/labels/Image_22_png_jpg.rf.a01ca0917e38d8dfb8ea0876c81fcc85.txt,potato
train,raw/emam_v14/train/images/Image_22_png_jpg.rf.f56d75707555d8209c8b63c0c44e8a74.jpg,raw/emam_v14/train/labels/Image_22_png_jpg.rf.f56d75707555d8209c8b63c0c44e8a74.txt,turnip
train,raw/emam_v14/train/images/Image_23_jpeg_jpg.rf.1fbcfa468a066dd096764a06a83159d6.jpg,raw/emam_v14/train/labels/Image_23_jpeg_jpg.rf.1fbcfa468a066dd096764a06a83159d6.txt,lettuce
train,raw/emam_v14/train/images/Image_23_jpeg_jpg.rf.52d4afccf0ddb1613d05ae770918bde9.jpg,raw/emam_v14/train/labels/Image_23_jpeg_jpg.rf.52d4afccf0ddb1613d05ae770918bde9.txt,lettuce
train,raw/emam_v14/train/images/Image_23_jpeg_jpg.rf.65749c3ca0b2f9913442d719b2401768.jpg,raw/emam_v14/train/labels/Image_23_jpeg_jpg.rf.65749c3ca0b2f9913442d719b2401768.txt,lettuce
train,raw/emam_v14/train/images/Image_23_jpg.rf.02d17390bfaf65fd2cc0f873fb7ba7b3.jpg,raw/emam_v14/train/labels/Image_23_jpg.rf.02d17390bfaf65fd2cc0f873fb7ba7b3.txt,peas
train,raw/emam_v14/train/images/Image_23_jpg.rf.0ceab52d080c242f8a541e45c08a5036.jpg,raw/emam_v14/train/labels/Image_23_jpg.rf.0ceab52d080c242f8a541e45c08a5036.txt,cauliflower
train,raw/emam_v14/train/images/Image_23_jpg.rf.0f452f76077f799293319f796fa7bf6e.jpg,raw/emam_v14/train/labels/Image_23_jpg.rf.0f452f76077f799293319f796fa7bf6e.txt,garlic
train,raw/emam_v14/train/images/Image_23_jpg.rf.1687d793d493af34cd0d9efa36a9fc3f.jpg,raw/emam_v14/train/labels/Image_23_jpg.rf.1687d793d493af34cd0d9efa36a9fc3f.txt,radish
train,raw/emam_v14/train/images/Image_23_jpg.rf.1fbc5b25c8a4520930ae191f58e146a1.jpg,raw/emam_v14/train/labels/Image_23_jpg.rf.1fbc5b25c8a4520930ae191f58e146a1.txt,garlic
train,raw/emam_v14/train/images/Image_23_jpg.rf.24cfbd8721632c9d8e5dac6e39166e72.jpg,raw/emam_v14/train/labels/Image_23_jpg.rf.24cfbd8721632c9d8e5dac6e39166e72.txt,beetroot
train,raw/emam_v14/train/images/Image_23_jpg.rf.26826e4a9a89b50c3cd7b4e9d24b68ed.jpg,raw/emam_v14/train/labels/Image_23_jpg.rf.26826e4a9a89b50c3cd7b4e9d24b68ed.txt,bellpepper
train,raw/emam_v14/train/images/Image_23_jpg.rf.2d2ef1fe5d154473e04f4ac23136ea9a.jpg,raw/emam_v14/train/labels/Image_23_jpg.rf.2d2ef1fe5d154473e04f4ac23136ea9a.txt,onion
train,raw/emam_v14/train/images/Image_23_jpg.rf.2d42ddaaf9ac9233921fe5bcfa7a6429.jpg,raw/emam_v14/train/labels/Image_23_jpg.rf.2d42ddaaf9ac9233921fe5bcfa7a6429.txt,onion
train,raw/emam_v14/train/images/Image_23_jpg.rf.34985aa051077a5c6126825164ba09ac.jpg,raw/emam_v14/train/labels/Image_23_jpg.rf.34985aa051077a5c6126825164ba09ac.txt,corn
train,raw/emam_v14/train/images/Image_23_jpg.rf.34f9730e8f69f00725f6347728dd3d5e.jpg,raw/emam_v14/train/labels/Image_23_jpg.rf.34f9730e8f69f00725f6347728dd3d5e.txt,cauliflower
train,raw/emam_v14/train/images/Image_23_jpg.rf.46af5aaac337ec48ecf143b14a36b0ab.jpg,raw/emam_v14/train/labels/Image_23_jpg.rf.46af5aaac337ec48ecf143b14a36b0ab.txt,beetroot
train,raw/emam_v14/train/images/Image_23_jpg.rf.4a9ccf1d38dd8572dfd91aa38a9a1975.jpg,raw/emam_v14/train/labels/Image_23_jpg.rf.4a9ccf1d38dd8572dfd91aa38a9a1975.txt,bellpepper
train,raw/emam_v14/train/images/Image_23_jpg.rf.52f7633bf99554d7d110a6fe104d41e7.jpg,raw/emam_v14/train/labels/Image_23_jpg.rf.52f7633bf99554d7d110a6fe104d41e7.txt,cabbage
train,raw/emam_v14/train/images/Image_23_jpg.rf.585c83d0ddb9ebf4bc734da492418a8d.jpg,raw/emam_v14/train/labels/Image_23_jpg.rf.585c83d0ddb9ebf4bc734da492418a8d.txt,peas
train,raw/emam_v14/train/images/Image_23_jpg.rf.5f24e01656d293d5ad62fdb4b119d841.jpg,raw/emam_v14/train/labels/Image_23_jpg.rf.5f24e01656d293d5ad62fdb4b119d841.txt,cucumber
train,raw/emam_v14/train/images/Image_23_jpg.rf.61975cce014df4862496f9761d92ef38.jpg,raw/emam_v14/train/labels/Image_23_jpg.rf.61975cce014df4862496f9761d92ef38.txt,carrot
train,raw/emam_v14/train/images/Image_23_jpg.rf.6454ec33fa33c68d04483f2bead78e3e.jpg,raw/emam_v14/train/labels/Image_23_jpg.rf.6454ec33fa33c68d04483f2bead78e3e.txt,corn
train,raw/emam_v14/train/images/Image_23_jpg.rf.649da7999cb777c5654c562eb9e4d438.jpg,raw/emam_v14/train/labels/Image_23_jpg.rf.649da7999cb777c5654c562eb9e4d438.txt,lemon
train,raw/emam_v14/train/images/Image_23_jpg.rf.6794cb224bd164eb21ae7c245e2feb66.jpg,raw/emam_v14/train/labels/Image_23_jpg.rf.6794cb224bd164eb21ae7c245e2feb66.txt,cabbage
train,raw/emam_v14/train/images/Image_23_jpg.rf.6798a46256453cdf5504a5dc91910004.jpg,raw/emam_v14/train/labels/Image_23_jpg.rf.6798a46256453cdf5504a5dc91910004.txt,carrot
train,raw/emam_v14/train/images/Image_23_jpg.rf.68b42284144e5f5b71653ec94982c378.jpg,raw/emam_v14/train/labels/Image_23_jpg.rf.68b42284144e5f5b71653ec94982c378.txt,corn
train,raw/emam_v14/train/images/Image_23_jpg.rf.6be5b60b759509f5b82038d0768da637.jpg,raw/emam_v14/train/labels/Image_23_jpg.rf.6be5b60b759509f5b82038d0768da637.txt,bellpepper
train,raw/emam_v14/train/images/Image_23_jpg.rf.6e8068eedc57b89b5416f2f26bfcb02c.jpg,raw/emam_v14/train/labels/Image_23_jpg.rf.6e8068eedc57b89b5416f2f26bfcb02c.txt,jalapeno
train,raw/emam_v14/train/images/Image_23_jpg.rf.790591be7034da3dcdaa5433c500b5a0.jpg,raw/emam_v14/train/labels/Image_23_jpg.rf.790591be7034da3dcdaa5433c500b5a0.txt,lemon
train,raw/emam_v14/train/images/Image_23_jpg.rf.82ff7efb1609e31938f9937e642b8abe.jpg,raw/emam_v14/train/labels/Image_23_jpg.rf.82ff7efb1609e31938f9937e642b8abe.txt,onion
train,raw/emam_v14/train/images/Image_23_jpg.rf.86337a2d93b2a004174d9f0ae680b57d.jpg,raw/emam_v14/train/labels/Image_23_jpg.rf.86337a2d93b2a004174d9f0ae680b57d.txt,lemon
train,raw/emam_v14/train/images/Image_23_jpg.rf.881c8b188b67a0feb7ee324453ad0c19.jpg,raw/emam_v14/train/labels/Image_23_jpg.rf.881c8b188b67a0feb7ee324453ad0c19.txt,cucumber
train,raw/emam_v14/train/images/Image_23_jpg.rf.89f6645d524f752c76d8ff82addbec58.jpg,raw/emam_v14/train/labels/Image_23_jpg.rf.89f6645d524f752c76d8ff82addbec58.txt,carrot
train,raw/emam_v14/train/images/Image_23_jpg.rf.8a38bb71c41de9c831d666d04738a97e.jpg,raw/emam_v14/train/labels/Image_23_jpg.rf.8a38bb71c41de9c831d666d04738a97e.txt,radish
train,raw/emam_v14/train/images/Image_23_jpg.rf.8ade5489cafd11a79607e2ed1bfa86d9.jpg,raw/emam_v14/train/labels/Image_23_jpg.rf.8ade5489cafd11a79607e2ed1bfa86d9.txt,garlic
train,raw/emam_v14/train/images/Image_23_jpg.rf.9406a310f69885fcde6b3724ded2fdde.jpg,raw/emam_v14/train/labels/Image_23_jpg.rf.9406a310f69885fcde6b3724ded2fdde.txt,jalapeno
train,raw/emam_v14/train/images/Image_23_jpg.rf.994d2680b8736ed4e2f37611183de8bb.jpg,raw/emam_v14/train/labels/Image_23_jpg.rf.994d2680b8736ed4e2f37611183de8bb.txt,cauliflower
train,raw/emam_v14/train/images/Image_23_jpg.rf.9d7defb7de83a2982972955c1b2858d4.jpg,raw/emam_v14/train/labels/Image_23_jpg.rf.9d7defb7de83a2982972955c1b2858d4.txt,spinach
train,raw/emam_v14/train/images/Image_23_jpg.rf.c1b03132c8345059ab949da417aac2d6.jpg,raw/emam_v14/train/labels/Image_23_jpg.rf.c1b03132c8345059ab949da417aac2d6.txt,radish
train,raw/emam_v14/train/images/Image_23_jpg.rf.c6abf91e50f2fb8f619f6fee8fc381e2.jpg,raw/emam_v14/train/labels/Image_23_jpg.rf.c6abf91e50f2fb8f619f6fee8fc381e2.txt,peas
train,raw/emam_v14/train/images/Image_23_jpg.rf.dbe4b7bf322e1e21b983694fff728b95.jpg,raw/emam_v14/train/labels/Image_23_jpg.rf.dbe4b7bf322e1e21b983694fff728b95.txt,spinach
train,raw/emam_v14/train/images/Image_23_jpg.rf.e6766ed538d4c8ce1daa7395e1fce388.jpg,raw/emam_v14/train/labels/Image_23_jpg.rf.e6766ed538d4c8ce1daa7395e1fce388.txt,cabbage
train,raw/emam_v14/train/images/Image_23_jpg.rf.eb46558a704c5f38cc4de5966b6aaa07.jpg,raw/emam_v14/train/labels/Image_23_jpg.rf.eb46558a704c5f38cc4de5966b6aaa07.txt,spinach
train,raw/emam_v14/train/images/Image_23_jpg.rf.f2c173a39372406f87173c0068774166.jpg,raw/emam_v14/train/labels/Image_23_jpg.rf.f2c173a39372406f87173c0068774166.txt,beetroot
train,raw/emam_v14/train/images/Image_23_jpg.rf.fa2460fe9c829ea4f9de71283d43dbc8.jpg,raw/emam_v14/train/labels/Image_23_jpg.rf.fa2460fe9c829ea4f9de71283d43dbc8.txt,jalapeno
train,raw/emam_v14/train/images/Image_23_jpg.rf.fcf9337f639009c3a0af64a8937fdad1.jpg,raw/emam_v14/train/labels/Image_23_jpg.rf.fcf9337f639009c3a0af64a8937fdad1.txt,cucumber
train,raw/emam_v14/train/images/Image_24_JPG_jpg.rf.1a81b3b51461a0b794c5cc83bd7cf323.jpg,raw/emam_v14/train/labels/Image_24_JPG_jpg.rf.1a81b3b51461a0b794c5cc83bd7cf323.txt,radish
train,raw/emam_v14/train/images/Image_24_JPG_jpg.rf.9643676a0b02f916d090026f63df9a9c.jpg,raw/emam_v14/train/labels/Image_24_JPG_jpg.rf.9643676a0b02f916d090026f63df9a9c.txt,radish
train,raw/emam_v14/train/images/Image_24_JPG_jpg.rf.b5891be487c3733748147fef9d847c8b.jpg,raw/emam_v14/train/labels/Image_24_JPG_jpg.rf.b5891be487c3733748147fef9d847c8b.txt,radish
train,raw/emam_v14/train/images/Image_24_jpg.rf.08d354a87dd7a9cbda3881bba03e0d51.jpg,raw/emam_v14/train/labels/Image_24_jpg.rf.08d354a87dd7a9cbda3881bba03e0d51.txt,corn
train,raw/emam_v14/train/images/Image_24_jpg.rf.1324e4cb89255c4b9a5790f2b4fe0768.jpg,raw/emam_v14/train/labels/Image_24_jpg.rf.1324e4cb89255c4b9a5790f2b4fe0768.txt,turnip
train,raw/emam_v14/train/images/Image_24_jpg.rf.1bf8d3e02f8a8bc9d2627dfb4d60b499.jpg,raw/emam_v14/train/labels/Image_24_jpg.rf.1bf8d3e02f8a8bc9d2627dfb4d60b499.txt,sweetcorn
train,raw/emam_v14/train/images/Image_24_jpg.rf.2696109103763b3f682c89079d7e5ffb.jpg,raw/emam_v14/train/labels/Image_24_jpg.rf.2696109103763b3f682c89079d7e5ffb.txt,eggplant
train,raw/emam_v14/train/images/Image_24_jpg.rf.3044ec969bfe17eada08f3a99c9d3612.jpg,raw/emam_v14/train/labels/Image_24_jpg.rf.3044ec969bfe17eada08f3a99c9d3612.txt,ginger
train,raw/emam_v14/train/images/Image_24_jpg.rf.33c854903469433a6c359c75e2ca9602.jpg,raw/emam_v14/train/labels/Image_24_jpg.rf.33c854903469433a6c359c75e2ca9602.txt,cauliflower
train,raw/emam_v14/train/images/Image_24_jpg.rf.3bc62a6f94bad90645fe67363647b0a0.jpg,raw/emam_v14/train/labels/Image_24_jpg.rf.3bc62a6f94bad90645fe67363647b0a0.txt,bellpepper
train,raw/emam_v14/train/images/Image_24_jpg.rf.3dfc2ca7b89420dd2096a98da6d351f2.jpg,raw/emam_v14/train/labels/Image_24_jpg.rf.3dfc2ca7b89420dd2096a98da6d351f2.txt,ladyfinger
train,raw/emam_v14/train/images/Image_24_jpg.rf.3e7a253f968742fb392bf022243f6b11.jpg,raw/emam_v14/train/labels/Image_24_jpg.rf.3e7a253f968742fb392bf022243f6b11.txt,corn
train,raw/emam_v14/train/images/Image_24_jpg.rf.4302ebca09fbf9885305b04f198c3b7d.jpg,raw/emam_v14/train/labels/Image_24_jpg.rf.4302ebca09fbf9885305b04f198c3b7d.txt,chillipepper
train,raw/emam_v14/train/images/Image_24_jpg.rf.43c300d7c0373567ee376dd458728137.jpg,raw/emam_v14/train/labels/Image_24_jpg.rf.43c300d7c0373567ee376dd458728137.txt,ginger
train,raw/emam_v14/train/images/Image_24_jpg.rf.447a9725c9217628ed9d44741170b5e4.jpg,raw/emam_v14/train/labels/Image_24_jpg.rf.447a9725c9217628ed9d44741170b5e4.txt,ladyfinger
train,raw/emam_v14/train/images/Image_24_jpg.rf.4892dd2c11bf9dc0a889551fecaf670c.jpg,raw/emam_v14/train/labels/Image_24_jpg.rf.4892dd2c11bf9dc0a889551fecaf670c.txt,peas
train,raw/emam_v14/train/images/Image_24_jpg.rf.48dfdd6bbe6002d8b7d7f0b447e35d52.jpg,raw/emam_v14/train/labels/Image_24_jpg.rf.48dfdd6bbe6002d8b7d7f0b447e35d52.txt,onion
train,raw/emam_v14/train/images/Image_24_jpg.rf.4c029bf89e2055015406a94e893bdea8.jpg,raw/emam_v14/train/labels/Image_24_jpg.rf.4c029bf89e2055015406a94e893bdea8.txt,lemon
train,raw/emam_v14/train/images/Image_24_jpg.rf.4d07b8eef689f0e105f561953a6189fe.jpg,raw/emam_v14/train/labels/Image_24_jpg.rf.4d07b8eef689f0e105f561953a6189fe.txt,lemon
train,raw/emam_v14/train/images/Image_24_jpg.rf.52976aafec63565ec18a417d3902bd15.jpg,raw/emam_v14/train/labels/Image_24_jpg.rf.52976aafec63565ec18a417d3902bd15.txt,onion
train,raw/emam_v14/train/images/Image_24_jpg.rf.5755c87b7f6a871c0fe664cb6938cb74.jpg,raw/emam_v14/train/labels/Image_24_jpg.rf.5755c87b7f6a871c0fe664cb6938cb74.txt,turnip
train,raw/emam_v14/train/images/Image_24_jpg.rf.6305bcddab156915fa07ccbdbe1477e0.jpg,raw/emam_v14/train/labels/Image_24_jpg.rf.6305bcddab156915fa07ccbdbe1477e0.txt,corn
train,raw/emam_v14/train/images/Image_24_jpg.rf.66d1fda285b4321ace465950ae47336d.jpg,raw/emam_v14/train/labels/Image_24_jpg.rf.66d1fda285b4321ace465950ae47336d.txt,cucumber
train,raw/emam_v14/train/images/Image_24_jpg.rf.69cd3aca27c1306c1feccadbcd0641f0.jpg,raw/emam_v14/train/labels/Image_24_jpg.rf.69cd3aca27c1306c1feccadbcd0641f0.txt,bellpepper
train,raw/emam_v14/train/images/Image_24_jpg.rf.69fb8d645120866adae30a3ff43d4dbf.jpg,raw/emam_v14/train/labels/Image_24_jpg.rf.69fb8d645120866adae30a3ff43d4dbf.txt,lemon
train,raw/emam_v14/train/images/Image_24_jpg.rf.6db49f0a142b6adc643987b3650ff8a2.jpg,raw/emam_v14/train/labels/Image_24_jpg.rf.6db49f0a142b6adc643987b3650ff8a2.txt,cucumber
train,raw/emam_v14/train/images/Image_24_jpg.rf.72cb978e3ba724a644bcc5eccbf548f2.jpg,raw/emam_v14/train/labels/Image_24_jpg.rf.72cb978e3ba724a644bcc5eccbf548f2.txt,bellpepper
train,raw/emam_v14/train/images/Image_24_jpg.rf.7309d6517266c4cc7b1efddbb046ab55.jpg,raw/emam_v14/train/labels/Image_24_jpg.rf.7309d6517266c4cc7b1efddbb046ab55.txt,ginger
train,raw/emam_v14/train/images/Image_24_jpg.rf.7635b3a37f32107a0986248fd714ab47.jpg,raw/emam_v14/train/labels/Image_24_jpg.rf.7635b3a37f32107a0986248fd714ab47.txt,peas
train,raw/emam_v14/train/images/Image_24_jpg.rf.7c23e671fb805960dace1598dccf0fbb.jpg,raw/emam_v14/train/labels/Image_24_jpg.rf.7c23e671fb805960dace1598dccf0fbb.txt,onion
train,raw/emam_v14/train/images/Image_24_jpg.rf.80d03b27b893248484c2c26035acc2a1.jpg,raw/emam_v14/train/labels/Image_24_jpg.rf.80d03b27b893248484c2c26035acc2a1.txt,chillipepper
train,raw/emam_v14/train/images/Image_24_jpg.rf.829573ebe91beb098f7df9923eb44622.jpg,raw/emam_v14/train/labels/Image_24_jpg.rf.829573ebe91beb098f7df9923eb44622.txt,turnip
train,raw/emam_v14/train/images/Image_24_jpg.rf.992fa6756b3e6896dd06106b9af855fc.jpg,raw/emam_v14/train/labels/Image_24_jpg.rf.992fa6756b3e6896dd06106b9af855fc.txt,cucumber
train,raw/emam_v14/train/images/Image_24_jpg.rf.a2e49a413a8efe504f723ea1e5c8ab95.jpg,raw/emam_v14/train/labels/Image_24_jpg.rf.a2e49a413a8efe504f723ea1e5c8ab95.txt,cauliflower
train,raw/emam_v14/train/images/Image_24_jpg.rf.a611829f72317c73d43a872f33cbf15d.jpg,raw/emam_v14/train/labels/Image_24_jpg.rf.a611829f72317c73d43a872f33cbf15d.txt,bellpepper
train,raw/emam_v14/train/images/Image_24_jpg.rf.afeec9325ecbb587f4e7960caca2cc4c.jpg,raw/emam_v14/train/labels/Image_24_jpg.rf.afeec9325ecbb587f4e7960caca2cc4c.txt,sweetcorn
train,raw/emam_v14/train/images/Image_24_jpg.rf.b9d4f3a87bc491231b62265fe5f3f026.jpg,raw/emam_v14/train/labels/Image_24_jpg.rf.b9d4f3a87bc491231b62265fe5f3f026.txt,bellpepper
train,raw/emam_v14/train/images/Image_24_jpg.rf.ba369480369546ad0b86fdc1380479b9.jpg,raw/emam_v14/train/labels/Image_24_jpg.rf.ba369480369546ad0b86fdc1380479b9.txt,ladyfinger
train,raw/emam_v14/train/images/Image_24_jpg.rf.bae08187fafc024ac03a14c587984cae.jpg,raw/emam_v14/train/labels/Image_24_jpg.rf.bae08187fafc024ac03a14c587984cae.txt,chillipepper
train,raw/emam_v14/train/images/Image_24_jpg.rf.c329bb4b4290875d1f933e5c91d83034.jpg,raw/emam_v14/train/labels/Image_24_jpg.rf.c329bb4b4290875d1f933e5c91d83034.txt,sweetcorn
train,raw/emam_v14/train/images/Image_24_jpg.rf.c87f8eabba191d38e109d1b2704b03d5.jpg,raw/emam_v14/train/labels/Image_24_jpg.rf.c87f8eabba191d38e109d1b2704b03d5.txt,peas
train,raw/emam_v14/train/images/Image_24_jpg.rf.db2ba3b00ccea0edafe77e8fdf43d412.jpg,raw/emam_v14/train/labels/Image_24_jpg.rf.db2ba3b00ccea0edafe77e8fdf43d412.txt,bellpepper
train,raw/emam_v14/train/images/Image_24_jpg.rf.e98c5913416f3422634270f75ff7d72c.jpg,raw/emam_v14/train/labels/Image_24_jpg.rf.e98c5913416f3422634270f75ff7d72c.txt,cauliflower
train,raw/emam_v14/train/images/Image_24_jpg.rf.e9dbd1c19f33855265c8d743e3a2a6fb.jpg,raw/emam_v14/train/labels/Image_24_jpg.rf.e9dbd1c19f33855265c8d743e3a2a6fb.txt,eggplant
train,raw/emam_v14/train/images/Image_24_jpg.rf.f43e7adbc294636aa3389a85ea6de5b9.jpg,raw/emam_v14/train/labels/Image_24_jpg.rf.f43e7adbc294636aa3389a85ea6de5b9.txt,eggplant
train,raw/emam_v14/train/images/Image_25_JPG_jpg.rf.4a72b9cd7754be64edc9e32692d92e8d.jpg,raw/emam_v14/train/labels/Image_25_JPG_jpg.rf.4a72b9cd7754be64edc9e32692d92e8d.txt,eggplant
train,raw/emam_v14/train/images/Image_25_JPG_jpg.rf.9df83ad240f205cb111eb7b2858d745c.jpg,raw/emam_v14/train/labels/Image_25_JPG_jpg.rf.9df83ad240f205cb111eb7b2858d745c.txt,eggplant
train,raw/emam_v14/train/images/Image_25_JPG_jpg.rf.ea37f0e5411a67ce619952928cda73e5.jpg,raw/emam_v14/train/labels/Image_25_JPG_jpg.rf.ea37f0e5411a67ce619952928cda73e5.txt,eggplant
train,raw/emam_v14/train/images/Image_25_jpeg_jpg.rf.b488838a37706328af7af611bf0d7a29.jpg,raw/emam_v14/train/labels/Image_25_jpeg_jpg.rf.b488838a37706328af7af611bf0d7a29.txt,garlic
train,raw/emam_v14/train/images/Image_25_jpeg_jpg.rf.d1f2ee6847ce64798056403531b611cc.jpg,raw/emam_v14/train/labels/Image_25_jpeg_jpg.rf.d1f2ee6847ce64798056403531b611cc.txt,garlic
train,raw/emam_v14/train/images/Image_25_jpeg_jpg.rf.e20967e761cc88db1ccc2980449befe9.jpg,raw/emam_v14/train/labels/Image_25_jpeg_jpg.rf.e20967e761cc88db1ccc2980449befe9.txt,garlic
train,raw/emam_v14/train/images/Image_25_jpg.rf.00dff9d62fb0d23def0a379fb80fbde3.jpg,raw/emam_v14/train/labels/Image_25_jpg.rf.00dff9d62fb0d23def0a379fb80fbde3.txt,radish
train,raw/emam_v14/train/images/Image_25_jpg.rf.029fc536c24038ec1a00d317f813878f.jpg,raw/emam_v14/train/labels/Image_25_jpg.rf.029fc536c24038ec1a00d317f813878f.txt,tomato
train,raw/emam_v14/train/images/Image_25_jpg.rf.0a87b03be1bc20bd0ba59a0a56785d15.jpg,raw/emam_v14/train/labels/Image_25_jpg.rf.0a87b03be1bc20bd0ba59a0a56785d15.txt,bellpepper
train,raw/emam_v14/train/images/Image_25_jpg.rf.10c2e062d03f12590526fbcd92462cf8.jpg,raw/emam_v14/train/labels/Image_25_jpg.rf.10c2e062d03f12590526fbcd92462cf8.txt,lettuce
train,raw/emam_v14/train/images/Image_25_jpg.rf.10dc6db190f1c3958d480547401a8a2f.jpg,raw/emam_v14/train/labels/Image_25_jpg.rf.10dc6db190f1c3958d480547401a8a2f.txt,peas
train,raw/emam_v14/train/images/Image_25_jpg.rf.1a34af7791139ce23e57c868cb4d4b8d.jpg,raw/emam_v14/train/labels/Image_25_jpg.rf.1a34af7791139ce23e57c868cb4d4b8d.txt,sweetpotato
train,raw/emam_v14/train/images/Image_25_jpg.rf.20e2ead1a4463e073ab641cd6b8ca2ab.jpg,raw/emam_v14/train/labels/Image_25_jpg.rf.20e2ead1a4463e073ab641cd6b8ca2ab.txt,sweetcorn
train,raw/emam_v14/train/images/Image_25_jpg.rf.2db5edd61ddaf2db67d2e232957e109a.jpg,raw/emam_v14/train/labels/Image_25_jpg.rf.2db5edd61ddaf2db67d2e232957e109a.txt,jalapeno
train,raw/emam_v14/train/images/Image_25_jpg.rf.3ffa6a839da602fe335d3c695b3cf57d.jpg,raw/emam_v14/train/labels/Image_25_jpg.rf.3ffa6a839da602fe335d3c695b3cf57d.txt,carrot
train,raw/emam_v14/train/images/Image_25_jpg.rf.4733e5eb7ee310f71258e1b0aad7ede8.jpg,raw/emam_v14/train/labels/Image_25_jpg.rf.4733e5eb7ee310f71258e1b0aad7ede8.txt,sweetcorn
train,raw/emam_v14/train/images/Image_25_jpg.rf.48d8772d43d94895ffb5ebd9e720cb27.jpg,raw/emam_v14/train/labels/Image_25_jpg.rf.48d8772d43d94895ffb5ebd9e720cb27.txt,beetroot
train,raw/emam_v14/train/images/Image_25_jpg.rf.48d9e9f9fe1ef3ed506a3a7be84b48c6.jpg,raw/emam_v14/train/labels/Image_25_jpg.rf.48d9e9f9fe1ef3ed506a3a7be84b48c6.txt,corn
train,raw/emam_v14/train/images/Image_25_jpg.rf.4c681a3b7141e3695e7b0fe3c8da4286.jpg,raw/emam_v14/train/labels/Image_25_jpg.rf.4c681a3b7141e3695e7b0fe3c8da4286.txt,radish
train,raw/emam_v14/train/images/Image_25_jpg.rf.4d4e320f1f874759164d4ab984b58b8e.jpg,raw/emam_v14/train/labels/Image_25_jpg.rf.4d4e320f1f874759164d4ab984b58b8e.txt,tomato
train,raw/emam_v14/train/images/Image_25_jpg.rf.4d55340be5562fab835baaeaea5eb132.jpg,raw/emam_v14/train/labels/Image_25_jpg.rf.4d55340be5562fab835baaeaea5eb132.txt,carrot
train,raw/emam_v14/train/images/Image_25_jpg.rf.503e3b01d980a5ed29c66e4926bd2707.jpg,raw/emam_v14/train/labels/Image_25_jpg.rf.503e3b01d980a5ed29c66e4926bd2707.txt,lettuce
train,raw/emam_v14/train/images/Image_25_jpg.rf.570b18720d2919a7e77043929020998d.jpg,raw/emam_v14/train/labels/Image_25_jpg.rf.570b18720d2919a7e77043929020998d.txt,sweetcorn
train,raw/emam_v14/train/images/Image_25_jpg.rf.605e5d09df4908dee642f8c924533d63.jpg,raw/emam_v14/train/labels/Image_25_jpg.rf.605e5d09df4908dee642f8c924533d63.txt,bellpepper
train,raw/emam_v14/train/images/Image_25_jpg.rf.64ba105d72593d461f03e153e251a57d.jpg,raw/emam_v14/train/labels/Image_25_jpg.rf.64ba105d72593d461f03e153e251a57d.txt,bellpepper
train,raw/emam_v14/train/images/Image_25_jpg.rf.69a7a6220b89ce71d1d414db5913db9e.jpg,raw/emam_v14/train/labels/Image_25_jpg.rf.69a7a6220b89ce71d1d414db5913db9e.txt,carrot
train,raw/emam_v14/train/images/Image_25_jpg.rf.71644d0efadaa6d68becd2af7f9c2536.jpg,raw/emam_v14/train/labels/Image_25_jpg.rf.71644d0efadaa6d68becd2af7f9c2536.txt,ladyfinger
train,raw/emam_v14/train/images/Image_25_jpg.rf.7799b6473e1cecdc9b779d3329482a0d.jpg,raw/emam_v14/train/labels/Image_25_jpg.rf.7799b6473e1cecdc9b779d3329482a0d.txt,spinach
train,raw/emam_v14/train/images/Image_25_jpg.rf.797674e921a05eda458f58b75663d71a.jpg,raw/emam_v14/train/labels/Image_25_jpg.rf.797674e921a05eda458f58b75663d71a.txt,sweetpotato
train,raw/emam_v14/train/images/Image_25_jpg.rf.7cb5b38f86892a0bd735a142277f9086.jpg,raw/emam_v14/train/labels/Image_25_jpg.rf.7cb5b38f86892a0bd735a142277f9086.txt,peas
train,raw/emam_v14/train/images/Image_25_jpg.rf.91c48b173e62cca9b55a322debeba763.jpg,raw/emam_v14/train/labels/Image_25_jpg.rf.91c48b173e62cca9b55a322debeba763.txt,radish
train,raw/emam_v14/train/images/Image_25_jpg.rf.9638dc41a82263d54b71075c07426071.jpg,raw/emam_v14/train/labels/Image_25_jpg.rf.9638dc41a82263d54b71075c07426071.txt,corn
train,raw/emam_v14/train/images/Image_25_jpg.rf.974dc3964cc7c5f2ab58781253c55050.jpg,raw/emam_v14/train/labels/Image_25_jpg.rf.974dc3964cc7c5f2ab58781253c55050.txt,jalapeno
train,raw/emam_v14/train/images/Image_25_jpg.rf.9c584d50bd030886e5a6660d70e55170.jpg,raw/emam_v14/train/labels/Image_25_jpg.rf.9c584d50bd030886e5a6660d70e55170.txt,peas
train,raw/emam_v14/train/images/Image_25_jpg.rf.b601b6352beca640e9f064666179802a.jpg,raw/emam_v14/train/labels/Image_25_jpg.rf.b601b6352beca640e9f064666179802a.txt,ladyfinger
train,raw/emam_v14/train/images/Image_25_jpg.rf.bc00f85dfcca326dc2802d938e76cd53.jpg,raw/emam_v14/train/labels/Image_25_jpg.rf.bc00f85dfcca326dc2802d938e76cd53.txt,spinach
train,raw/emam_v14/train/images/Image_25_jpg.rf.c1ae482cc1e8611c217c8f14de4bb2b5.jpg,raw/emam_v14/train/labels/Image_25_jpg.rf.c1ae482cc1e8611c217c8f14de4bb2b5.txt,tomato
train,raw/emam_v14/train/images/Image_25_jpg.rf.cc5c460de978ce376275256a5bf3eea0.jpg,raw/emam_v14/train/labels/Image_25_jpg.rf.cc5c460de978ce376275256a5bf3eea0.txt,sweetpotato
train,raw/emam_v14/train/images/Image_25_jpg.rf.cca001e38a4cf6506837b23a267d1365.jpg,raw/emam_v14/train/labels/Image_25_jpg.rf.cca001e38a4cf6506837b23a267d1365.txt,beetroot
train,raw/emam_v14/train/images/Image_25_jpg.rf.ce3b8b2281b9aa4918aac2305c57ad1e.jpg,raw/emam_v14/train/labels/Image_25_jpg.rf.ce3b8b2281b9aa4918aac2305c57ad1e.txt,jalapeno
train,raw/emam_v14/train/images/Image_25_jpg.rf.d2198006327506833908b39d15539bf4.jpg,raw/emam_v14/train/labels/Image_25_jpg.rf.d2198006327506833908b39d15539bf4.txt,corn
train,raw/emam_v14/train/images/Image_25_jpg.rf.d4e03e808e1ebfbf4b9ce7e5cbaab242.jpg,raw/emam_v14/train/labels/Image_25_jpg.rf.d4e03e808e1ebfbf4b9ce7e5cbaab242.txt,cabbage
train,raw/emam_v14/train/images/Image_25_jpg.rf.d8ed955225b586ed4d777640314f635c.jpg,raw/emam_v14/train/labels/Image_25_jpg.rf.d8ed955225b586ed4d777640314f635c.txt,ladyfinger
train,raw/emam_v14/train/images/Image_25_jpg.rf.daf2fed408eca77fea5a3749c8edd73c.jpg,raw/emam_v14/train/labels/Image_25_jpg.rf.daf2fed408eca77fea5a3749c8edd73c.txt,spinach
train,raw/emam_v14/train/images/Image_25_jpg.rf.dc02c7dffed66812b662e2d904d0d5ea.jpg,raw/emam_v14/train/labels/Image_25_jpg.rf.dc02c7dffed66812b662e2d904d0d5ea.txt,cabbage
train,raw/emam_v14/train/images/Image_25_jpg.rf.ddb77e3c74301e12352a3cc561e73c9d.jpg,raw/emam_v14/train/labels/Image_25_jpg.rf.ddb77e3c74301e12352a3cc561e73c9d.txt,cabbage
train,raw/emam_v14/train/images/Image_25_jpg.rf.f239381f8dc11ee4e6b6130102810126.jpg,raw/emam_v14/train/labels/Image_25_jpg.rf.f239381f8dc11ee4e6b6130102810126.txt,beetroot
train,raw/emam_v14/train/images/Image_25_jpg.rf.f2e763f03261a773d2747eb457529002.jpg,raw/emam_v14/train/labels/Image_25_jpg.rf.f2e763f03261a773d2747eb457529002.txt,lettuce
train,raw/emam_v14/train/images/Image_26_JPG_jpg.rf.8f231dc7e579b1867eb4fdff9dfd094e.jpg,raw/emam_v14/train/labels/Image_26_JPG_jpg.rf.8f231dc7e579b1867eb4fdff9dfd094e.txt,cabbage
train,raw/emam_v14/train/images/Image_26_JPG_jpg.rf.affab4cbe3cdffb5f65e34baf50069d5.jpg,raw/emam_v14/train/labels/Image_26_JPG_jpg.rf.affab4cbe3cdffb5f65e34baf50069d5.txt,cabbage
train,raw/emam_v14/train/images/Image_26_JPG_jpg.rf.bfae088295ff3112144241ca737431d5.jpg,raw/emam_v14/train/labels/Image_26_JPG_jpg.rf.bfae088295ff3112144241ca737431d5.txt,cabbage
train,raw/emam_v14/train/images/Image_26_jpg.rf.0f13266ec6e50c2cc3a54586a78594c8.jpg,raw/emam_v14/train/labels/Image_26_jpg.rf.0f13266ec6e50c2cc3a54586a78594c8.txt,ginger
train,raw/emam_v14/train/images/Image_26_jpg.rf.0f7308cf88fcca14150147ccf7fa3edb.jpg,raw/emam_v14/train/labels/Image_26_jpg.rf.0f7308cf88fcca14150147ccf7fa3edb.txt,spinach
train,raw/emam_v14/train/images/Image_26_jpg.rf.1f38b6226df46ec43410aa4cb19eb3b8.jpg,raw/emam_v14/train/labels/Image_26_jpg.rf.1f38b6226df46ec43410aa4cb19eb3b8.txt,garlic
train,raw/emam_v14/train/images/Image_26_jpg.rf.21bfff9d05d151bd8c8d508c852f4962.jpg,raw/emam_v14/train/labels/Image_26_jpg.rf.21bfff9d05d151bd8c8d508c852f4962.txt,chillipepper
train,raw/emam_v14/train/images/Image_26_jpg.rf.275d77ce2e6b6697615ca8b3d31f1f99.jpg,raw/emam_v14/train/labels/Image_26_jpg.rf.275d77ce2e6b6697615ca8b3d31f1f99.txt,radish
train,raw/emam_v14/train/images/Image_26_jpg.rf.2b291a288aa578c3abb233382f180691.jpg,raw/emam_v14/train/labels/Image_26_jpg.rf.2b291a288aa578c3abb233382f180691.txt,jalapeno
train,raw/emam_v14/train/images/Image_26_jpg.rf.35c88c81a8e7b6374267b7bee6e0b391.jpg,raw/emam_v14/train/labels/Image_26_jpg.rf.35c88c81a8e7b6374267b7bee6e0b391.txt,radish
train,raw/emam_v14/train/images/Image_26_jpg.rf.557f9cfbba77ddc6f22417b86ba044e2.jpg,raw/emam_v14/train/labels/Image_26_jpg.rf.557f9cfbba77ddc6f22417b86ba044e2.txt,ginger
train,raw/emam_v14/train/images/Image_26_jpg.rf.565fbe2bb684b96f78ec400e18c75a47.jpg,raw/emam_v14/train/labels/Image_26_jpg.rf.565fbe2bb684b96f78ec400e18c75a47.txt,beetroot
train,raw/emam_v14/train/images/Image_26_jpg.rf.660d54a239871a48ea59d84ca5582856.jpg,raw/emam_v14/train/labels/Image_26_jpg.rf.660d54a239871a48ea59d84ca5582856.txt,sweetcorn
train,raw/emam_v14/train/images/Image_26_jpg.rf.6740ef8439cd576a9c6bed58f9eb7325.jpg,raw/emam_v14/train/labels/Image_26_jpg.rf.6740ef8439cd576a9c6bed58f9eb7325.txt,spinach
train,raw/emam_v14/train/images/Image_26_jpg.rf.6b3d61b8c1f910f9ade59947355e79cb.jpg,raw/emam_v14/train/labels/Image_26_jpg.rf.6b3d61b8c1f910f9ade59947355e79cb.txt,ladyfinger
train,raw/emam_v14/train/images/Image_26_jpg.rf.6c98e7165fd6809c039ae164b36c1024.jpg,raw/emam_v14/train/labels/Image_26_jpg.rf.6c98e7165fd6809c039ae164b36c1024.txt,sweetcorn
train,raw/emam_v14/train/images/Image_26_jpg.rf.7b7342b7e8bf88ff0e55ccec9fab407a.jpg,raw/emam_v14/train/labels/Image_26_jpg.rf.7b7342b7e8bf88ff0e55ccec9fab407a.txt,beetroot
train,raw/emam_v14/train/images/Image_26_jpg.rf.7c17f7fca86e347ae164bfda0a1023e6.jpg,raw/emam_v14/train/labels/Image_26_jpg.rf.7c17f7fca86e347ae164bfda0a1023e6.txt,cucumber
train,raw/emam_v14/train/images/Image_26_jpg.rf.8508861915a80a55e22ca4d60e316e29.jpg,raw/emam_v14/train/labels/Image_26_jpg.rf.8508861915a80a55e22ca4d60e316e29.txt,ginger
train,raw/emam_v14/train/images/Image_26_jpg.rf.860dd3bd23acf514c4f8e79065621156.jpg,raw/emam_v14/train/labels/Image_26_jpg.rf.860dd3bd23acf514c4f8e79065621156.txt,cucumber
train,raw/emam_v14/train/images/Image_26_jpg.rf.8d45d01e4b2dd287dd37ba57a3cdb9b9.jpg,raw/emam_v14/train/labels/Image_26_jpg.rf.8d45d01e4b2dd287dd37ba57a3cdb9b9.txt,jalapeno
train,raw/emam_v14/train/images/Image_26_jpg.rf.90a3f12f6254bd33e12e0889a5c81cf0.jpg,raw/emam_v14/train/labels/Image_26_jpg.rf.90a3f12f6254bd33e12e0889a5c81cf0.txt,garlic
train,raw/emam_v14/train/images/Image_26_jpg.rf.91f970f30815b694bf1d76d1b3ca82f9.jpg,raw/emam_v14/train/labels/Image_26_jpg.rf.91f970f30815b694bf1d76d1b3ca82f9.txt,corn
train,raw/emam_v14/train/images/Image_26_jpg.rf.93cd0b85118eddf7d21b3f9d4314535c.jpg,raw/emam_v14/train/labels/Image_26_jpg.rf.93cd0b85118eddf7d21b3f9d4314535c.txt,onion
train,raw/emam_v14/train/images/Image_26_jpg.rf.95862c092933ae08e917503d494a3924.jpg,raw/emam_v14/train/labels/Image_26_jpg.rf.95862c092933ae08e917503d494a3924.txt,radish
train,raw/emam_v14/train/images/Image_26_jpg.rf.9e03a047d02e4e53576ddca4713b546f.jpg,raw/emam_v14/train/labels/Image_26_jpg.rf.9e03a047d02e4e53576ddca4713b546f.txt,onion
train,raw/emam_v14/train/images/Image_26_jpg.rf.a0b6de46ddf89e03e7317e3127c9681f.jpg,raw/emam_v14/train/labels/Image_26_jpg.rf.a0b6de46ddf89e03e7317e3127c9681f.txt,corn
train,raw/emam_v14/train/images/Image_26_jpg.rf.a4fe1afc6393f85a04bae9d8cdc685cf.jpg,raw/emam_v14/train/labels/Image_26_jpg.rf.a4fe1afc6393f85a04bae9d8cdc685cf.txt,jalapeno
train,raw/emam_v14/train/images/Image_26_jpg.rf.ade4326a80c8ae0d026093205b80cfaf.jpg,raw/emam_v14/train/labels/Image_26_jpg.rf.ade4326a80c8ae0d026093205b80cfaf.txt,ladyfinger
train,raw/emam_v14/train/images/Image_26_jpg.rf.ae465482ab5026deed176b4e182b12d6.jpg,raw/emam_v14/train/labels/Image_26_jpg.rf.ae465482ab5026deed176b4e182b12d6.txt,chillipepper
train,raw/emam_v14/train/images/Image_26_jpg.rf.b5cc49f19c3395e4d7180d2506ac5141.jpg,raw/emam_v14/train/labels/Image_26_jpg.rf.b5cc49f19c3395e4d7180d2506ac5141.txt,ladyfinger
train,raw/emam_v14/train/images/Image_26_jpg.rf.c1ecd39fe8270f13e7e746ffad7daee9.jpg,raw/emam_v14/train/labels/Image_26_jpg.rf.c1ecd39fe8270f13e7e746ffad7daee9.txt,cucumber
train,raw/emam_v14/train/images/Image_26_jpg.rf.c978c59a9b5d5b1d4adf9b2161ea8fb5.jpg,raw/emam_v14/train/labels/Image_26_jpg.rf.c978c59a9b5d5b1d4adf9b2161ea8fb5.txt,spinach
train,raw/emam_v14/train/images/Image_26_jpg.rf.d27d4e602c0aeb3c27f180441a7964c6.jpg,raw/emam_v14/train/labels/Image_26_jpg.rf.d27d4e602c0aeb3c27f180441a7964c6.txt,garlic
train,raw/emam_v14/train/images/Image_26_jpg.rf.eb4d1227b1f76286071215f0ec13a6cc.jpg,raw/emam_v14/train/labels/Image_26_jpg.rf.eb4d1227b1f76286071215f0ec13a6cc.txt,beetroot
train,raw/emam_v14/train/images/Image_26_jpg.rf.f450f6ecf3117020ed6607e3c0ee0080.jpg,raw/emam_v14/train/labels/Image_26_jpg.rf.f450f6ecf3117020ed6607e3c0ee0080.txt,onion
train,raw/emam_v14/train/images/Image_26_jpg.rf.f81797e80ee2f3134f31381964c5edb4.jpg,raw/emam_v14/train/labels/Image_26_jpg.rf.f81797e80ee2f3134f31381964c5edb4.txt,sweetcorn
train,raw/emam_v14/train/images/Image_26_jpg.rf.f8ea0bba651a2fdb5ec26f7cd80d6c43.jpg,raw/emam_v14/train/labels/Image_26_jpg.rf.f8ea0bba651a2fdb5ec26f7cd80d6c43.txt,chillipepper
train,raw/emam_v14/train/images/Image_26_jpg.rf.f912c74d750667e4cbc1d93e98291244.jpg,raw/emam_v14/train/labels/Image_26_jpg.rf.f912c74d750667e4cbc1d93e98291244.txt,corn
train,raw/emam_v14/train/images/Image_26_png_jpg.rf.80960a3274e3290b70c51d331ed8e1be.jpg,raw/emam_v14/train/labels/Image_26_png_jpg.rf.80960a3274e3290b70c51d331ed8e1be.txt,peas
train,raw/emam_v14/train/images/Image_26_png_jpg.rf.992ab3b83b66317b93a614130b20fb4d.jpg,raw/emam_v14/train/labels/Image_26_png_jpg.rf.992ab3b83b66317b93a614130b20fb4d.txt,peas
train,raw/emam_v14/train/images/Image_26_png_jpg.rf.b2fc7d4b889571599858a646cac51260.jpg,raw/emam_v14/train/labels/Image_26_png_jpg.rf.b2fc7d4b889571599858a646cac51260.txt,eggplant
train,raw/emam_v14/train/images/Image_26_png_jpg.rf.cf01231ca147c49a74e4557cb8bcf632.jpg,raw/emam_v14/train/labels/Image_26_png_jpg.rf.cf01231ca147c49a74e4557cb8bcf632.txt,eggplant
train,raw/emam_v14/train/images/Image_26_png_jpg.rf.dbdd3ee69e3f3fab2a003fedcf29ae9a.jpg,raw/emam_v14/train/labels/Image_26_png_jpg.rf.dbdd3ee69e3f3fab2a003fedcf29ae9a.txt,peas
train,raw/emam_v14/train/images/Image_26_png_jpg.rf.f642411e972a6fc93851216e33273daa.jpg,raw/emam_v14/train/labels/Image_26_png_jpg.rf.f642411e972a6fc93851216e33273daa.txt,eggplant
train,raw/emam_v14/train/images/Image_27_jpg.rf.000419c48f6559d01ac921d4ca646b3c.jpg,raw/emam_v14/train/labels/Image_27_jpg.rf.000419c48f6559d01ac921d4ca646b3c.txt,lemon
train,raw/emam_v14/train/images/Image_27_jpg.rf.10714aff9e42b9b1a8a5a1cdf1ab7838.jpg,raw/emam_v14/train/labels/Image_27_jpg.rf.10714aff9e42b9b1a8a5a1cdf1ab7838.txt,spinach
train,raw/emam_v14/train/images/Image_27_jpg.rf.13d4976d8026a08bc6d90f3722b7e31d.jpg,raw/emam_v14/train/labels/Image_27_jpg.rf.13d4976d8026a08bc6d90f3722b7e31d.txt,radish
train,raw/emam_v14/train/images/Image_27_jpg.rf.185627c401828d131d037de9c519cf36.jpg,raw/emam_v14/train/labels/Image_27_jpg.rf.185627c401828d131d037de9c519cf36.txt,ladyfinger
train,raw/emam_v14/train/images/Image_27_jpg.rf.1a79a0b34609d3ec86c3896e953c7b43.jpg,raw/emam_v14/train/labels/Image_27_jpg.rf.1a79a0b34609d3ec86c3896e953c7b43.txt,tomato
train,raw/emam_v14/train/images/Image_27_jpg.rf.22104ff29884691f90dc826b673dceac.jpg,raw/emam_v14/train/labels/Image_27_jpg.rf.22104ff29884691f90dc826b673dceac.txt,spinach
train,raw/emam_v14/train/images/Image_27_jpg.rf.259062e3f3a1e5d045e6b2bbe32f805f.jpg,raw/emam_v14/train/labels/Image_27_jpg.rf.259062e3f3a1e5d045e6b2bbe32f805f.txt,cabbage
train,raw/emam_v14/train/images/Image_27_jpg.rf.2a00421e050d72d9c1e1a477d9af94f8.jpg,raw/emam_v14/train/labels/Image_27_jpg.rf.2a00421e050d72d9c1e1a477d9af94f8.txt,lemon
train,raw/emam_v14/train/images/Image_27_jpg.rf.2a56853110a0ef8363f5c6b044c91351.jpg,raw/emam_v14/train/labels/Image_27_jpg.rf.2a56853110a0ef8363f5c6b044c91351.txt,radish
train,raw/emam_v14/train/images/Image_27_jpg.rf.4b666089501a5e6045b0032b78f1f636.jpg,raw/emam_v14/train/labels/Image_27_jpg.rf.4b666089501a5e6045b0032b78f1f636.txt,peas
train,raw/emam_v14/train/images/Image_27_jpg.rf.4cff8a7a7c6c40f1d54a3a9283f34bd1.jpg,raw/emam_v14/train/labels/Image_27_jpg.rf.4cff8a7a7c6c40f1d54a3a9283f34bd1.txt,bellpepper
train,raw/emam_v14/train/images/Image_27_jpg.rf.4e2e0539c62967a74577db8297d4222e.jpg,raw/emam_v14/train/labels/Image_27_jpg.rf.4e2e0539c62967a74577db8297d4222e.txt,bellpepper
train,raw/emam_v14/train/images/Image_27_jpg.rf.5eeaf446e94fad41d6276f4665115071.jpg,raw/emam_v14/train/labels/Image_27_jpg.rf.5eeaf446e94fad41d6276f4665115071.txt,bellpepper
train,raw/emam_v14/train/images/Image_27_jpg.rf.6a8d051e169ece5ac43fa391ee13a90e.jpg,raw/emam_v14/train/labels/Image_27_jpg.rf.6a8d051e169ece5ac43fa391ee13a90e.txt,ladyfinger
train,raw/emam_v14/train/images/Image_27_jpg.rf.6e8e31c5478e89c1bd753af8691fecdd.jpg,raw/emam_v14/train/labels/Image_27_jpg.rf.6e8e31c5478e89c1bd753af8691fecdd.txt,lemon
train,raw/emam_v14/train/images/Image_27_jpg.rf.6f5b9cdb5b9e3cf43e2135a9977c4f0e.jpg,raw/emam_v14/train/labels/Image_27_jpg.rf.6f5b9cdb5b9e3cf43e2135a9977c4f0e.txt,beetroot
train,raw/emam_v14/train/images/Image_27_jpg.rf.7228000086d0458852ad25676f7248c5.jpg,raw/emam_v14/train/labels/Image_27_jpg.rf.7228000086d0458852ad25676f7248c5.txt,ladyfinger
train,raw/emam_v14/train/images/Image_27_jpg.rf.74dd30de2299c22284dc6b61552364ae.jpg,raw/emam_v14/train/labels/Image_27_jpg.rf.74dd30de2299c22284dc6b61552364ae.txt,cabbage
train,raw/emam_v14/train/images/Image_27_jpg.rf.79d0d355cac06a2ccafe00459b5f9867.jpg,raw/emam_v14/train/labels/Image_27_jpg.rf.79d0d355cac06a2ccafe00459b5f9867.txt,garlic
train,raw/emam_v14/train/images/Image_27_jpg.rf.7f25ca163c45192512c0a75d04270826.jpg,raw/emam_v14/train/labels/Image_27_jpg.rf.7f25ca163c45192512c0a75d04270826.txt,ginger
train,raw/emam_v14/train/images/Image_27_jpg.rf.84dcb802cad70b2037837ffcff0078ab.jpg,raw/emam_v14/train/labels/Image_27_jpg.rf.84dcb802cad70b2037837ffcff0078ab.txt,ginger
train,raw/emam_v14/train/images/Image_27_jpg.rf.89da84e0ebba6327edafb9872a11ff5f.jpg,raw/emam_v14/train/labels/Image_27_jpg.rf.89da84e0ebba6327edafb9872a11ff5f.txt,cabbage
train,raw/emam_v14/train/images/Image_27_jpg.rf.8a40fabce416fcad80e8edf77e4bb220.jpg,raw/emam_v14/train/labels/Image_27_jpg.rf.8a40fabce416fcad80e8edf77e4bb220.txt,garlic
train,raw/emam_v14/train/images/Image_27_jpg.rf.8bc10ee5088b31c5b707abdb9ba8969f.jpg,raw/emam_v14/train/labels/Image_27_jpg.rf.8bc10ee5088b31c5b707abdb9ba8969f.txt,radish
train,raw/emam_v14/train/images/Image_27_jpg.rf.8cc61fd7d1c146cfeafe931bf7127f71.jpg,raw/emam_v14/train/labels/Image_27_jpg.rf.8cc61fd7d1c146cfeafe931bf7127f71.txt,bellpepper
train,raw/emam_v14/train/images/Image_27_jpg.rf.928ee929f542f66bb33670da6e404bea.jpg,raw/emam_v14/train/labels/Image_27_jpg.rf.928ee929f542f66bb33670da6e404bea.txt,bellpepper
train,raw/emam_v14/train/images/Image_27_jpg.rf.9defc5cb1297e99560d8b3c54b2468b6.jpg,raw/emam_v14/train/labels/Image_27_jpg.rf.9defc5cb1297e99560d8b3c54b2468b6.txt,chillipepper
train,raw/emam_v14/train/images/Image_27_jpg.rf.a04d108b7b245acdcc2a2d569a3260ee.jpg,raw/emam_v14/train/labels/Image_27_jpg.rf.a04d108b7b245acdcc2a2d569a3260ee.txt,tomato
train,raw/emam_v14/train/images/Image_27_jpg.rf.a33989909d0521394553b8e01e7cae5c.jpg,raw/emam_v14/train/labels/Image_27_jpg.rf.a33989909d0521394553b8e01e7cae5c.txt,tomato
train,raw/emam_v14/train/images/Image_27_jpg.rf.b21daab5dac940f26d1a59f4d4960751.jpg,raw/emam_v14/train/labels/Image_27_jpg.rf.b21daab5dac940f26d1a59f4d4960751.txt,beetroot
train,raw/emam_v14/train/images/Image_27_jpg.rf.b439c147bd52f9bc8168da2f27956675.jpg,raw/emam_v14/train/labels/Image_27_jpg.rf.b439c147bd52f9bc8168da2f27956675.txt,spinach
train,raw/emam_v14/train/images/Image_27_jpg.rf.b5f7a9197c8c867043d271059b5007f8.jpg,raw/emam_v14/train/labels/Image_27_jpg.rf.b5f7a9197c8c867043d271059b5007f8.txt,cauliflower
train,raw/emam_v14/train/images/Image_27_jpg.rf.b87e8b7f685c6a3e91080210a6bb6616.jpg,raw/emam_v14/train/labels/Image_27_jpg.rf.b87e8b7f685c6a3e91080210a6bb6616.txt,lettuce
train,raw/emam_v14/train/images/Image_27_jpg.rf.b94f0474c0bc0737a869dfffb2cf6fd6.jpg,raw/emam_v14/train/labels/Image_27_jpg.rf.b94f0474c0bc0737a869dfffb2cf6fd6.txt,garlic
train,raw/emam_v14/train/images/Image_27_jpg.rf.ba919a7c93add3e9dc0ab9605ca1f2a5.jpg,raw/emam_v14/train/labels/Image_27_jpg.rf.ba919a7c93add3e9dc0ab9605ca1f2a5.txt,cauliflower
train,raw/emam_v14/train/images/Image_27_jpg.rf.bcf523ee7de4b5d34cdf9f7c1a15d443.jpg,raw/emam_v14/train/labels/Image_27_jpg.rf.bcf523ee7de4b5d34cdf9f7c1a15d443.txt,lettuce
train,raw/emam_v14/train/images/Image_27_jpg.rf.bf3b24fbf878a5cd771efd42564093dc.jpg,raw/emam_v14/train/labels/Image_27_jpg.rf.bf3b24fbf878a5cd771efd42564093dc.txt,bellpepper
train,raw/emam_v14/train/images/Image_27_jpg.rf.c5d43b27afd01a21cc51a864a15f142b.jpg,raw/emam_v14/train/labels/Image_27_jpg.rf.c5d43b27afd01a21cc51a864a15f142b.txt,chillipepper
train,raw/emam_v14/train/images/Image_27_jpg.rf.c8bfe6b27133e578dc996d0ae3030f9d.jpg,raw/emam_v14/train/labels/Image_27_jpg.rf.c8bfe6b27133e578dc996d0ae3030f9d.txt,peas
train,raw/emam_v14/train/images/Image_27_jpg.rf.d112067f7141c82389d2b01228203256.jpg,raw/emam_v14/train/labels/Image_27_jpg.rf.d112067f7141c82389d2b01228203256.txt,lettuce
train,raw/emam_v14/train/images/Image_27_jpg.rf.d77b7cd042c51a89d67137beeeb2d070.jpg,raw/emam_v14/train/labels/Image_27_jpg.rf.d77b7cd042c51a89d67137beeeb2d070.txt,beetroot
train,raw/emam_v14/train/images/Image_27_jpg.rf.e0cbaa21645e1b2f4894171f10ea45a8.jpg,raw/emam_v14/train/labels/Image_27_jpg.rf.e0cbaa21645e1b2f4894171f10ea45a8.txt,cauliflower
train,raw/emam_v14/train/images/Image_27_jpg.rf.ea6911bc43815956a23a628b4b124ece.jpg,raw/emam_v14/train/labels/Image_27_jpg.rf.ea6911bc43815956a23a628b4b124ece.txt,peas
train,raw/emam_v14/train/images/Image_27_jpg.rf.fa250e8b65e007055cab056f3d1db369.jpg,raw/emam_v14/train/labels/Image_27_jpg.rf.fa250e8b65e007055cab056f3d1db369.txt,ginger
train,raw/emam_v14/train/images/Image_27_jpg.rf.fc746134d1ff07ac007fa9095535325d.jpg,raw/emam_v14/train/labels/Image_27_jpg.rf.fc746134d1ff07ac007fa9095535325d.txt,chillipepper
train,raw/emam_v14/train/images/Image_28_JPG_jpg.rf.36e8309548d19a8087b2d3c931c1ccbd.jpg,raw/emam_v14/train/labels/Image_28_JPG_jpg.rf.36e8309548d19a8087b2d3c931c1ccbd.txt,lettuce
train,raw/emam_v14/train/images/Image_28_JPG_jpg.rf.a68b644a2dadd7c987e5827cec0bc7ca.jpg,raw/emam_v14/train/labels/Image_28_JPG_jpg.rf.a68b644a2dadd7c987e5827cec0bc7ca.txt,lettuce
train,raw/emam_v14/train/images/Image_28_JPG_jpg.rf.cd1a234110880a71162293d97856ce3e.jpg,raw/emam_v14/train/labels/Image_28_JPG_jpg.rf.cd1a234110880a71162293d97856ce3e.txt,lettuce
train,raw/emam_v14/train/images/Image_28_jpg.rf.027e5a9bef50360ee84f3558571eb960.jpg,raw/emam_v14/train/labels/Image_28_jpg.rf.027e5a9bef50360ee84f3558571eb960.txt,beetroot
train,raw/emam_v14/train/images/Image_28_jpg.rf.085119209fcf0550679b0bbafbffaf70.jpg,raw/emam_v14/train/labels/Image_28_jpg.rf.085119209fcf0550679b0bbafbffaf70.txt,corn
train,raw/emam_v14/train/images/Image_28_jpg.rf.091bb07cb4e2ebda332c9db99c18395c.jpg,raw/emam_v14/train/labels/Image_28_jpg.rf.091bb07cb4e2ebda332c9db99c18395c.txt,tomato
train,raw/emam_v14/train/images/Image_28_jpg.rf.0dbddea1d05058f2c8b2b86a01e4be25.jpg,raw/emam_v14/train/labels/Image_28_jpg.rf.0dbddea1d05058f2c8b2b86a01e4be25.txt,radish
train,raw/emam_v14/train/images/Image_28_jpg.rf.17a10cb5bab7940b893026263895bc0d.jpg,raw/emam_v14/train/labels/Image_28_jpg.rf.17a10cb5bab7940b893026263895bc0d.txt,lemon
train,raw/emam_v14/train/images/Image_28_jpg.rf.26ca5dfd45f829e8abade887abeee3df.jpg,raw/emam_v14/train/labels/Image_28_jpg.rf.26ca5dfd45f829e8abade887abeee3df.txt,onion
train,raw/emam_v14/train/images/Image_28_jpg.rf.27a67afa01a983ba1ea4227aa6760e0d.jpg,raw/emam_v14/train/labels/Image_28_jpg.rf.27a67afa01a983ba1ea4227aa6760e0d.txt,sweetpotato
train,raw/emam_v14/train/images/Image_28_jpg.rf.2edd1c5180fa39f00aaa5bce8aac6c69.jpg,raw/emam_v14/train/labels/Image_28_jpg.rf.2edd1c5180fa39f00aaa5bce8aac6c69.txt,sweetpotato
train,raw/emam_v14/train/images/Image_28_jpg.rf.34f2d4ef19ee4187d6108f31dcd37351.jpg,raw/emam_v14/train/labels/Image_28_jpg.rf.34f2d4ef19ee4187d6108f31dcd37351.txt,tomato
train,raw/emam_v14/train/images/Image_28_jpg.rf.38aca3a3eff8a48d8fb0af4aa1e320c4.jpg,raw/emam_v14/train/labels/Image_28_jpg.rf.38aca3a3eff8a48d8fb0af4aa1e320c4.txt,eggplant
train,raw/emam_v14/train/images/Image_28_jpg.rf.39544e13ca21b436486fcfacef65f7fa.jpg,raw/emam_v14/train/labels/Image_28_jpg.rf.39544e13ca21b436486fcfacef65f7fa.txt,corn
train,raw/emam_v14/train/images/Image_28_jpg.rf.4757545d485204a6190234440d8beb59.jpg,raw/emam_v14/train/labels/Image_28_jpg.rf.4757545d485204a6190234440d8beb59.txt,cucumber
train,raw/emam_v14/train/images/Image_28_jpg.rf.47b4baebd99c8e254e52684728599631.jpg,raw/emam_v14/train/labels/Image_28_jpg.rf.47b4baebd99c8e254e52684728599631.txt,lemon
train,raw/emam_v14/train/images/Image_28_jpg.rf.545245cdff36edc262b5c6425cb7579a.jpg,raw/emam_v14/train/labels/Image_28_jpg.rf.545245cdff36edc262b5c6425cb7579a.txt,cucumber
train,raw/emam_v14/train/images/Image_28_jpg.rf.5ef97b45477b7643d45c3e3d1f3cedf6.jpg,raw/emam_v14/train/labels/Image_28_jpg.rf.5ef97b45477b7643d45c3e3d1f3cedf6.txt,garlic
train,raw/emam_v14/train/images/Image_28_jpg.rf.630019b601726e578a1d7e1ddbc87f5a.jpg,raw/emam_v14/train/labels/Image_28_jpg.rf.630019b601726e578a1d7e1ddbc87f5a.txt,ladyfinger
train,raw/emam_v14/train/images/Image_28_jpg.rf.6c22836f89882a6cff42a287e2b09e5f.jpg,raw/emam_v14/train/labels/Image_28_jpg.rf.6c22836f89882a6cff42a287e2b09e5f.txt,corn
train,raw/emam_v14/train/images/Image_28_jpg.rf.758e58fd9965d004d39b0bf74abb2136.jpg,raw/emam_v14/train/labels/Image_28_jpg.rf.758e58fd9965d004d39b0bf74abb2136.txt,bellpepper
train,raw/emam_v14/train/images/Image_28_jpg.rf.793e0028b0be572e1ba64663c51205c9.jpg,raw/emam_v14/train/labels/Image_28_jpg.rf.793e0028b0be572e1ba64663c51205c9.txt,peas
train,raw/emam_v14/train/images/Image_28_jpg.rf.7b242a418830ae4f2ec7c37544818c46.jpg,raw/emam_v14/train/labels/Image_28_jpg.rf.7b242a418830ae4f2ec7c37544818c46.txt,eggplant
train,raw/emam_v14/train/images/Image_28_jpg.rf.7ea860548d87027c9e665969c96cc92d.jpg,raw/emam_v14/train/labels/Image_28_jpg.rf.7ea860548d87027c9e665969c96cc92d.txt,bellpepper
train,raw/emam_v14/train/images/Image_28_jpg.rf.833d47a9e0052b60aed2f76f7cebc143.jpg,raw/emam_v14/train/labels/Image_28_jpg.rf.833d47a9e0052b60aed2f76f7cebc143.txt,ladyfinger
train,raw/emam_v14/train/images/Image_28_jpg.rf.83b1ea462d6d309c1e2599b8980abe90.jpg,raw/emam_v14/train/labels/Image_28_jpg.rf.83b1ea462d6d309c1e2599b8980abe90.txt,tomato
train,raw/emam_v14/train/images/Image_28_jpg.rf.881db5beef8f992bdbb42584adf3c468.jpg,raw/emam_v14/train/labels/Image_28_jpg.rf.881db5beef8f992bdbb42584adf3c468.txt,ladyfinger
train,raw/emam_v14/train/images/Image_28_jpg.rf.8952898c37d4675287e05bfc42161877.jpg,raw/emam_v14/train/labels/Image_28_jpg.rf.8952898c37d4675287e05bfc42161877.txt,garlic
train,raw/emam_v14/train/images/Image_28_jpg.rf.8f2703d1b76bf9a6a9f14be8bd114c97.jpg,raw/emam_v14/train/labels/Image_28_jpg.rf.8f2703d1b76bf9a6a9f14be8bd114c97.txt,spinach
train,raw/emam_v14/train/images/Image_28_jpg.rf.8f395d1e32e02d361a82d2fff7033c28.jpg,raw/emam_v14/train/labels/Image_28_jpg.rf.8f395d1e32e02d361a82d2fff7033c28.txt,sweetpotato
train,raw/emam_v14/train/images/Image_28_jpg.rf.8fc886deafeb54f6db24f26df811d060.jpg,raw/emam_v14/train/labels/Image_28_jpg.rf.8fc886deafeb54f6db24f26df811d060.txt,bellpepper
train,raw/emam_v14/train/images/Image_28_jpg.rf.95c863071ec9b345745e8c85436e681e.jpg,raw/emam_v14/train/labels/Image_28_jpg.rf.95c863071ec9b345745e8c85436e681e.txt,garlic
train,raw/emam_v14/train/images/Image_28_jpg.rf.96e55e66204ece9732a14972966a6694.jpg,raw/emam_v14/train/labels/Image_28_jpg.rf.96e55e66204ece9732a14972966a6694.txt,beetroot
train,raw/emam_v14/train/images/Image_28_jpg.rf.a4bbbee4cc531836f555c1bab4ed2ae5.jpg,raw/emam_v14/train/labels/Image_28_jpg.rf.a4bbbee4cc531836f555c1bab4ed2ae5.txt,tomato
train,raw/emam_v14/train/images/Image_28_jpg.rf.a8e9e99ea79236775e79ecb3f4c12eae.jpg,raw/emam_v14/train/labels/Image_28_jpg.rf.a8e9e99ea79236775e79ecb3f4c12eae.txt,spinach
train,raw/emam_v14/train/images/Image_28_jpg.rf.ac32ece827370a66d3e17bd76dca9f1b.jpg,raw/emam_v14/train/labels/Image_28_jpg.rf.ac32ece827370a66d3e17bd76dca9f1b.txt,spinach
train,raw/emam_v14/train/images/Image_28_jpg.rf.b15c97af96515475af79f47f5b8e2f53.jpg,raw/emam_v14/train/labels/Image_28_jpg.rf.b15c97af96515475af79f47f5b8e2f53.txt,peas
train,raw/emam_v14/train/images/Image_28_jpg.rf.b693537f0c13872f9d6181d84540cdb3.jpg,raw/emam_v14/train/labels/Image_28_jpg.rf.b693537f0c13872f9d6181d84540cdb3.txt,cucumber
train,raw/emam_v14/train/images/Image_28_jpg.rf.ba22d49e366954132941c11f64dfddf0.jpg,raw/emam_v14/train/labels/Image_28_jpg.rf.ba22d49e366954132941c11f64dfddf0.txt,eggplant
train,raw/emam_v14/train/images/Image_28_jpg.rf.c93cf693fbd148da7d6c17430eb4f40f.jpg,raw/emam_v14/train/labels/Image_28_jpg.rf.c93cf693fbd148da7d6c17430eb4f40f.txt,peas
train,raw/emam_v14/train/images/Image_28_jpg.rf.cc6f27c40018b73d1ebe96731c2cae79.jpg,raw/emam_v14/train/labels/Image_28_jpg.rf.cc6f27c40018b73d1ebe96731c2cae79.txt,onion
train,raw/emam_v14/train/images/Image_28_jpg.rf.dd9c5802c6ceb890afaac4936c29fd51.jpg,raw/emam_v14/train/labels/Image_28_jpg.rf.dd9c5802c6ceb890afaac4936c29fd51.txt,radish
train,raw/emam_v14/train/images/Image_28_jpg.rf.e52ae471406dc85b4ca003a250be9c02.jpg,raw/emam_v14/train/labels/Image_28_jpg.rf.e52ae471406dc85b4ca003a250be9c02.txt,onion
train,raw/emam_v14/train/images/Image_28_jpg.rf.e56aa5b7829e2488f2b4caf417fed025.jpg,raw/emam_v14/train/labels/Image_28_jpg.rf.e56aa5b7829e2488f2b4caf417fed025.txt,radish
train,raw/emam_v14/train/images/Image_28_jpg.rf.f33036699bd3b539869009044357f192.jpg,raw/emam_v14/train/labels/Image_28_jpg.rf.f33036699bd3b539869009044357f192.txt,tomato
train,raw/emam_v14/train/images/Image_28_jpg.rf.fc394814b676f4503da40ffd36e0814b.jpg,raw/emam_v14/train/labels/Image_28_jpg.rf.fc394814b676f4503da40ffd36e0814b.txt,lemon
train,raw/emam_v14/train/images/Image_28_jpg.rf.febfba47746772e6103d8adeb487d8b0.jpg,raw/emam_v14/train/labels/Image_28_jpg.rf.febfba47746772e6103d8adeb487d8b0.txt,beetroot
train,raw/emam_v14/train/images/Image_28_jpg.rf.ffc3e516fa528cb87ae94257206290ba.jpg,raw/emam_v14/train/labels/Image_28_jpg.rf.ffc3e516fa528cb87ae94257206290ba.txt,tomato
train,raw/emam_v14/train/images/Image_29_jpeg_jpg.rf.039948c2018d6e162c3a2f3a33d24f37.jpg,raw/emam_v14/train/labels/Image_29_jpeg_jpg.rf.039948c2018d6e162c3a2f3a33d24f37.txt,lemon
train,raw/emam_v14/train/images/Image_29_jpeg_jpg.rf.55e24a689b3d424d49d26e1e2858eaeb.jpg,raw/emam_v14/train/labels/Image_29_jpeg_jpg.rf.55e24a689b3d424d49d26e1e2858eaeb.txt,lemon
train,raw/emam_v14/train/images/Image_29_jpeg_jpg.rf.5af3084fa1e9274fceb5035bed728db5.jpg,raw/emam_v14/train/labels/Image_29_jpeg_jpg.rf.5af3084fa1e9274fceb5035bed728db5.txt,lemon
train,raw/emam_v14/train/images/Image_29_jpg.rf.00f21e0445fa53d4cc8766f73d6ef17b.jpg,raw/emam_v14/train/labels/Image_29_jpg.rf.00f21e0445fa53d4cc8766f73d6ef17b.txt,peas
train,raw/emam_v14/train/images/Image_29_jpg.rf.01d56a58521b42495554bc2735a4fe5e.jpg,raw/emam_v14/train/labels/Image_29_jpg.rf.01d56a58521b42495554bc2735a4fe5e.txt,bellpepper
train,raw/emam_v14/train/images/Image_29_jpg.rf.091ebfef3fac0c3ebb78e5771aaab11c.jpg,raw/emam_v14/train/labels/Image_29_jpg.rf.091ebfef3fac0c3ebb78e5771aaab11c.txt,cucumber
train,raw/emam_v14/train/images/Image_29_jpg.rf.163a744cc07e317f8212abf24dcaaaa5.jpg,raw/emam_v14/train/labels/Image_29_jpg.rf.163a744cc07e317f8212abf24dcaaaa5.txt,sweetpotato
train,raw/emam_v14/train/images/Image_29_jpg.rf.16f18f139ad21e73451f4c52b073817f.jpg,raw/emam_v14/train/labels/Image_29_jpg.rf.16f18f139ad21e73451f4c52b073817f.txt,ladyfinger
train,raw/emam_v14/train/images/Image_29_jpg.rf.16fbd2068b876d8d4929ce77f293f62e.jpg,raw/emam_v14/train/labels/Image_29_jpg.rf.16fbd2068b876d8d4929ce77f293f62e.txt,turnip
train,raw/emam_v14/train/images/Image_29_jpg.rf.19efaf078dc9c154a5fc71a77ebc97f6.jpg,raw/emam_v14/train/labels/Image_29_jpg.rf.19efaf078dc9c154a5fc71a77ebc97f6.txt,chillipepper
train,raw/emam_v14/train/images/Image_29_jpg.rf.1b7bd3c58de55b46386a8bbf4cc9ff5e.jpg,raw/emam_v14/train/labels/Image_29_jpg.rf.1b7bd3c58de55b46386a8bbf4cc9ff5e.txt,lettuce
train,raw/emam_v14/train/images/Image_29_jpg.rf.206c89ec0dc8a5dec3d7c64a159581bc.jpg,raw/emam_v14/train/labels/Image_29_jpg.rf.206c89ec0dc8a5dec3d7c64a159581bc.txt,bellpepper
train,raw/emam_v14/train/images/Image_29_jpg.rf.214c0964c02abd98acf2b017894548dd.jpg,raw/emam_v14/train/labels/Image_29_jpg.rf.214c0964c02abd98acf2b017894548dd.txt,ladyfinger
train,raw/emam_v14/train/images/Image_29_jpg.rf.2285eee92d6f8b3f2968a13a210e74c4.jpg,raw/emam_v14/train/labels/Image_29_jpg.rf.2285eee92d6f8b3f2968a13a210e74c4.txt,beetroot
train,raw/emam_v14/train/images/Image_29_jpg.rf.237b3f0d9e7e9c1239ca945cdad06ff0.jpg,raw/emam_v14/train/labels/Image_29_jpg.rf.237b3f0d9e7e9c1239ca945cdad06ff0.txt,peas
train,raw/emam_v14/train/images/Image_29_jpg.rf.26a864978e7f273b7504ba1451d2e78d.jpg,raw/emam_v14/train/labels/Image_29_jpg.rf.26a864978e7f273b7504ba1451d2e78d.txt,onion
train,raw/emam_v14/train/images/Image_29_jpg.rf.2716ff199f29199c09d9b9a19ada0ed3.jpg,raw/emam_v14/train/labels/Image_29_jpg.rf.2716ff199f29199c09d9b9a19ada0ed3.txt,bellpepper
train,raw/emam_v14/train/images/Image_29_jpg.rf.2dcabd73eb712aec51eaf5b89bbac4cf.jpg,raw/emam_v14/train/labels/Image_29_jpg.rf.2dcabd73eb712aec51eaf5b89bbac4cf.txt,corn
train,raw/emam_v14/train/images/Image_29_jpg.rf.2e8c2f1f5536931358552200c905ed9e.jpg,raw/emam_v14/train/labels/Image_29_jpg.rf.2e8c2f1f5536931358552200c905ed9e.txt,cabbage
train,raw/emam_v14/train/images/Image_29_jpg.rf.36b4a59acc5d152d4e6237beed0777a8.jpg,raw/emam_v14/train/labels/Image_29_jpg.rf.36b4a59acc5d152d4e6237beed0777a8.txt,peas
train,raw/emam_v14/train/images/Image_29_jpg.rf.3dbf9b2476d936fdf46189275d0e568f.jpg,raw/emam_v14/train/labels/Image_29_jpg.rf.3dbf9b2476d936fdf46189275d0e568f.txt,beetroot
train,raw/emam_v14/train/images/Image_29_jpg.rf.4246168ce960fca359c3f57fac8a4f3e.jpg,raw/emam_v14/train/labels/Image_29_jpg.rf.4246168ce960fca359c3f57fac8a4f3e.txt,cabbage
train,raw/emam_v14/train/images/Image_29_jpg.rf.434e37c6e21e4482aa560eb50b6fc47c.jpg,raw/emam_v14/train/labels/Image_29_jpg.rf.434e37c6e21e4482aa560eb50b6fc47c.txt,bellpepper
train,raw/emam_v14/train/images/Image_29_jpg.rf.443b0e9e810c083127a4e30d710e4482.jpg,raw/emam_v14/train/labels/Image_29_jpg.rf.443b0e9e810c083127a4e30d710e4482.txt,tomato
train,raw/emam_v14/train/images/Image_29_jpg.rf.4be222b8c5c5b83029603b3d0c1cfcd2.jpg,raw/emam_v14/train/labels/Image_29_jpg.rf.4be222b8c5c5b83029603b3d0c1cfcd2.txt,bellpepper
train,raw/emam_v14/train/images/Image_29_jpg.rf.4c3f6d4c964a9beaef91480745b8a5ab.jpg,raw/emam_v14/train/labels/Image_29_jpg.rf.4c3f6d4c964a9beaef91480745b8a5ab.txt,eggplant
train,raw/emam_v14/train/images/Image_29_jpg.rf.50e703a4b658fb7257ac738c7a1de661.jpg,raw/emam_v14/train/labels/Image_29_jpg.rf.50e703a4b658fb7257ac738c7a1de661.txt,sweetcorn
train,raw/emam_v14/train/images/Image_29_jpg.rf.58d988d7057ef174525d346a42ab8c9f.jpg,raw/emam_v14/train/labels/Image_29_jpg.rf.58d988d7057ef174525d346a42ab8c9f.txt,sweetpotato
train,raw/emam_v14/train/images/Image_29_jpg.rf.5d2002ad3454aa6116613ebaa4caaae3.jpg,raw/emam_v14/train/labels/Image_29_jpg.rf.5d2002ad3454aa6116613ebaa4caaae3.txt,onion
train,raw/emam_v14/train/images/Image_29_jpg.rf.625a1362ed2a991b6e74ebc41443408b.jpg,raw/emam_v14/train/labels/Image_29_jpg.rf.625a1362ed2a991b6e74ebc41443408b.txt,turnip
train,raw/emam_v14/train/images/Image_29_jpg.rf.67ae89ed5352e1d2284b65476c8a154e.jpg,raw/emam_v14/train/labels/Image_29_jpg.rf.67ae89ed5352e1d2284b65476c8a154e.txt,cauliflower
train,raw/emam_v14/train/images/Image_29_jpg.rf.6ad078801f784f7c7f0b707faed38a2f.jpg,raw/emam_v14/train/labels/Image_29_jpg.rf.6ad078801f784f7c7f0b707faed38a2f.txt,ladyfinger
train,raw/emam_v14/train/images/Image_29_jpg.rf.6af3ea78f32e770442be6c98b44070f0.jpg,raw/emam_v14/train/labels/Image_29_jpg.rf.6af3ea78f32e770442be6c98b44070f0.txt,cauliflower
train,raw/emam_v14/train/images/Image_29_jpg.rf.76d7699e4df48eb4db5fabe0665767f5.jpg,raw/emam_v14/train/labels/Image_29_jpg.rf.76d7699e4df48eb4db5fabe0665767f5.txt,beetroot
train,raw/emam_v14/train/images/Image_29_jpg.rf.841f4a35456f1b3af707f99577a86075.jpg,raw/emam_v14/train/labels/Image_29_jpg.rf.841f4a35456f1b3af707f99577a86075.txt,tomato
train,raw/emam_v14/train/images/Image_29_jpg.rf.88fdf831943aca9b2dd5540aa566d238.jpg,raw/emam_v14/train/labels/Image_29_jpg.rf.88fdf831943aca9b2dd5540aa566d238.txt,tomato
train,raw/emam_v14/train/images/Image_29_jpg.rf.94af77d08739b7012460b4149ad88c79.jpg,raw/emam_v14/train/labels/Image_29_jpg.rf.94af77d08739b7012460b4149ad88c79.txt,garlic
train,raw/emam_v14/train/images/Image_29_jpg.rf.a8121718dae243c79a43d9bc2ab80797.jpg,raw/emam_v14/train/labels/Image_29_jpg.rf.a8121718dae243c79a43d9bc2ab80797.txt,chillipepper
train,raw/emam_v14/train/images/Image_29_jpg.rf.a970c2c6952d193430564613c80fe538.jpg,raw/emam_v14/train/labels/Image_29_jpg.rf.a970c2c6952d193430564613c80fe538.txt,corn
train,raw/emam_v14/train/images/Image_29_jpg.rf.a9eacfcec4ce2844ee92c05d9e123430.jpg,raw/emam_v14/train/labels/Image_29_jpg.rf.a9eacfcec4ce2844ee92c05d9e123430.txt,sweetcorn
train,raw/emam_v14/train/images/Image_29_jpg.rf.ab85d6067c20df13b7ff1a6eee84c6de.jpg,raw/emam_v14/train/labels/Image_29_jpg.rf.ab85d6067c20df13b7ff1a6eee84c6de.txt,bellpepper
train,raw/emam_v14/train/images/Image_29_jpg.rf.b40168d9d65089a69a196bbe57c8be1e.jpg,raw/emam_v14/train/labels/Image_29_jpg.rf.b40168d9d65089a69a196bbe57c8be1e.txt,cucumber
train,raw/emam_v14/train/images/Image_29_jpg.rf.bb0e8f8f86548c8653bbe396af73abd4.jpg,raw/emam_v14/train/labels/Image_29_jpg.rf.bb0e8f8f86548c8653bbe396af73abd4.txt,sweetpotato
train,raw/emam_v14/train/images/Image_29_jpg.rf.bb609ea4228922c4f1225fcdbeb79c6e.jpg,raw/emam_v14/train/labels/Image_29_jpg.rf.bb609ea4228922c4f1225fcdbeb79c6e.txt,eggplant
train,raw/emam_v14/train/images/Image_29_jpg.rf.bed001de247f24d20e6cfe42837eb566.jpg,raw/emam_v14/train/labels/Image_29_jpg.rf.bed001de247f24d20e6cfe42837eb566.txt,cabbage
train,raw/emam_v14/train/images/Image_29_jpg.rf.c4fd108d08f8247a2af540d67ec7d7ce.jpg,raw/emam_v14/train/labels/Image_29_jpg.rf.c4fd108d08f8247a2af540d67ec7d7ce.txt,eggplant
train,raw/emam_v14/train/images/Image_29_jpg.rf.cdc89b8d3164a3523c4fb3e031245632.jpg,raw/emam_v14/train/labels/Image_29_jpg.rf.cdc89b8d3164a3523c4fb3e031245632.txt,cauliflower
train,raw/emam_v14/train/images/Image_29_jpg.rf.d5cabeb29b91aa8b40afd7206d947e41.jpg,raw/emam_v14/train/labels/Image_29_jpg.rf.d5cabeb29b91aa8b40afd7206d947e41.txt,garlic
train,raw/emam_v14/train/images/Image_29_jpg.rf.d8692c77518420d67f0355da760089e3.jpg,raw/emam_v14/train/labels/Image_29_jpg.rf.d8692c77518420d67f0355da760089e3.txt,lettuce
train,raw/emam_v14/train/images/Image_29_jpg.rf.dab3e67eb0879eee41763ff58623752a.jpg,raw/emam_v14/train/labels/Image_29_jpg.rf.dab3e67eb0879eee41763ff58623752a.txt,chillipepper
train,raw/emam_v14/train/images/Image_29_jpg.rf.e5aa6761c8fa90ca882bb3de1c503e23.jpg,raw/emam_v14/train/labels/Image_29_jpg.rf.e5aa6761c8fa90ca882bb3de1c503e23.txt,onion
train,raw/emam_v14/train/images/Image_29_jpg.rf.e8025671d8ef2635a2a676e13e9ef005.jpg,raw/emam_v14/train/labels/Image_29_jpg.rf.e8025671d8ef2635a2a676e13e9ef005.txt,corn
train,raw/emam_v14/train/images/Image_29_jpg.rf.ec9f1e9323fbbb18e05ba6c69f388254.jpg,raw/emam_v14/train/labels/Image_29_jpg.rf.ec9f1e9323fbbb18e05ba6c69f388254.txt,sweetcorn
train,raw/emam_v14/train/images/Image_29_jpg.rf.f11a58ed289efdd7a40b21324e71a2f1.jpg,raw/emam_v14/train/labels/Image_29_jpg.rf.f11a58ed289efdd7a40b21324e71a2f1.txt,garlic
train,raw/emam_v14/train/images/Image_29_jpg.rf.f1b2363b21eff980cf0ed1c810316563.jpg,raw/emam_v14/train/labels/Image_29_jpg.rf.f1b2363b21eff980cf0ed1c810316563.txt,cucumber
train,raw/emam_v14/train/images/Image_29_jpg.rf.f971640c045665cb4391a546733175b6.jpg,raw/emam_v14/train/labels/Image_29_jpg.rf.f971640c045665cb4391a546733175b6.txt,lettuce
train,raw/emam_v14/train/images/Image_29_jpg.rf.fbf5c7d8ef0f46c45bc98dfd6969b64b.jpg,raw/emam_v14/train/labels/Image_29_jpg.rf.fbf5c7d8ef0f46c45bc98dfd6969b64b.txt,turnip
train,raw/emam_v14/train/images/Image_2_jpg.rf.09fcf7fa4c8ea8617196239f34a62798.jpg,raw/emam_v14/train/labels/Image_2_jpg.rf.09fcf7fa4c8ea8617196239f34a62798.txt,cabbage
train,raw/emam_v14/train/images/Image_2_jpg.rf.0a4e4dbc791f9eafad2dc3b31828a6fb.jpg,raw/emam_v14/train/labels/Image_2_jpg.rf.0a4e4dbc791f9eafad2dc3b31828a6fb.txt,cabbage
train,raw/emam_v14/train/images/Image_2_jpg.rf.1afe3afcf47fe21a0b25060968b23915.jpg,raw/emam_v14/train/labels/Image_2_jpg.rf.1afe3afcf47fe21a0b25060968b23915.txt,garlic
train,raw/emam_v14/train/images/Image_2_jpg.rf.22f6164cf1c52155ef838c857a9ff4d0.jpg,raw/emam_v14/train/labels/Image_2_jpg.rf.22f6164cf1c52155ef838c857a9ff4d0.txt,sweetcorn
train,raw/emam_v14/train/images/Image_2_jpg.rf.2437a3634c9272a34f2ec5ff5ac70113.jpg,raw/emam_v14/train/labels/Image_2_jpg.rf.2437a3634c9272a34f2ec5ff5ac70113.txt,garlic
train,raw/emam_v14/train/images/Image_2_jpg.rf.255f42d50cab8d3b38621a8e00fc7eaf.jpg,raw/emam_v14/train/labels/Image_2_jpg.rf.255f42d50cab8d3b38621a8e00fc7eaf.txt,lettuce
train,raw/emam_v14/train/images/Image_2_jpg.rf.256fb2af3284249a6dafeaaa43bff8a3.jpg,raw/emam_v14/train/labels/Image_2_jpg.rf.256fb2af3284249a6dafeaaa43bff8a3.txt,sweetcorn
train,raw/emam_v14/train/images/Image_2_jpg.rf.2a84453f80c141aa4502a81580800da7.jpg,raw/emam_v14/train/labels/Image_2_jpg.rf.2a84453f80c141aa4502a81580800da7.txt,cucumber
train,raw/emam_v14/train/images/Image_2_jpg.rf.2f74e2350aa633a17a6084031086c75e.jpg,raw/emam_v14/train/labels/Image_2_jpg.rf.2f74e2350aa633a17a6084031086c75e.txt,tomato
train,raw/emam_v14/train/images/Image_2_jpg.rf.2fed0132a7e91bc0fab77ebbf485b026.jpg,raw/emam_v14/train/labels/Image_2_jpg.rf.2fed0132a7e91bc0fab77ebbf485b026.txt,carrot
train,raw/emam_v14/train/images/Image_2_jpg.rf.319f402bb462e28ad57c0858a10ffcb0.jpg,raw/emam_v14/train/labels/Image_2_jpg.rf.319f402bb462e28ad57c0858a10ffcb0.txt,lettuce
train,raw/emam_v14/train/images/Image_2_jpg.rf.3298f6bd3fc85decf085f8ec98e20a54.jpg,raw/emam_v14/train/labels/Image_2_jpg.rf.3298f6bd3fc85decf085f8ec98e20a54.txt,sweetcorn
train,raw/emam_v14/train/images/Image_2_jpg.rf.372657150f27c1e4d4125fd08684dd47.jpg,raw/emam_v14/train/labels/Image_2_jpg.rf.372657150f27c1e4d4125fd08684dd47.txt,lettuce
train,raw/emam_v14/train/images/Image_2_jpg.rf.3ad05f027c8b816b41e1ef067f3b5dcb.jpg,raw/emam_v14/train/labels/Image_2_jpg.rf.3ad05f027c8b816b41e1ef067f3b5dcb.txt,onion
train,raw/emam_v14/train/images/Image_2_jpg.rf.432ccdd6a3b3a9e5e1f686cf3591a1c0.jpg,raw/emam_v14/train/labels/Image_2_jpg.rf.432ccdd6a3b3a9e5e1f686cf3591a1c0.txt,bellpepper
train,raw/emam_v14/train/images/Image_2_jpg.rf.47cddb47ae19736ea93ef35f0ef0fb25.jpg,raw/emam_v14/train/labels/Image_2_jpg.rf.47cddb47ae19736ea93ef35f0ef0fb25.txt,beetroot
train,raw/emam_v14/train/images/Image_2_jpg.rf.4d926eb334ea5524f7556b8bb4349b1f.jpg,raw/emam_v14/train/labels/Image_2_jpg.rf.4d926eb334ea5524f7556b8bb4349b1f.txt,tomato
train,raw/emam_v14/train/images/Image_2_jpg.rf.5de74a94459e23d548cbc24f388fe26e.jpg,raw/emam_v14/train/labels/Image_2_jpg.rf.5de74a94459e23d548cbc24f388fe26e.txt,bellpepper
train,raw/emam_v14/train/images/Image_2_jpg.rf.5edb7a4ceb8447d5bd3140f454091e46.jpg,raw/emam_v14/train/labels/Image_2_jpg.rf.5edb7a4ceb8447d5bd3140f454091e46.txt,carrot
train,raw/emam_v14/train/images/Image_2_jpg.rf.5f5b18eed0c56e347245184b28f00c20.jpg,raw/emam_v14/train/labels/Image_2_jpg.rf.5f5b18eed0c56e347245184b28f00c20.txt,onion
train,raw/emam_v14/train/images/Image_2_jpg.rf.6193ec538004ebadf1adb5220b5e2f60.jpg,raw/emam_v14/train/labels/Image_2_jpg.rf.6193ec538004ebadf1adb5220b5e2f60.txt,bellpepper
train,raw/emam_v14/train/images/Image_2_jpg.rf.6628b3ff39afece97421ea313310b7f5.jpg,raw/emam_v14/train/labels/Image_2_jpg.rf.6628b3ff39afece97421ea313310b7f5.txt,sweetcorn
train,raw/emam_v14/train/images/Image_2_jpg.rf.6687b2cbd6c31c5bd619a102777f0fd4.jpg,raw/emam_v14/train/labels/Image_2_jpg.rf.6687b2cbd6c31c5bd619a102777f0fd4.txt,ladyfinger
train,raw/emam_v14/train/images/Image_2_jpg.rf.6a68a46f887c652e4164bd2b54aa77a9.jpg,raw/emam_v14/train/labels/Image_2_jpg.rf.6a68a46f887c652e4164bd2b54aa77a9.txt,ladyfinger
train,raw/emam_v14/train/images/Image_2_jpg.rf.6b2b279a94c1470b88346190569be8c2.jpg,raw/emam_v14/train/labels/Image_2_jpg.rf.6b2b279a94c1470b88346190569be8c2.txt,cabbage
train,raw/emam_v14/train/images/Image_2_jpg.rf.7066d193e2f768eca7962b1bcbb4c044.jpg,raw/emam_v14/train/labels/Image_2_jpg.rf.7066d193e2f768eca7962b1bcbb4c044.txt,sweetcorn
train,raw/emam_v14/train/images/Image_2_jpg.rf.73dda38f5f51d9a171d72607a1117678.jpg,raw/emam_v14/train/labels/Image_2_jpg.rf.73dda38f5f51d9a171d72607a1117678.txt,peas
train,raw/emam_v14/train/images/Image_2_jpg.rf.74d2f1275c47dd9a39696b0eb2025908.jpg,raw/emam_v14/train/labels/Image_2_jpg.rf.74d2f1275c47dd9a39696b0eb2025908.txt,carrot
train,raw/emam_v14/train/images/Image_2_jpg.rf.7c2b775c3f411eb9e9464c3dabdfebda.jpg,raw/emam_v14/train/labels/Image_2_jpg.rf.7c2b775c3f411eb9e9464c3dabdfebda.txt,lemon
train,raw/emam_v14/train/images/Image_2_jpg.rf.897d99413100a7516c1512bca3e84c20.jpg,raw/emam_v14/train/labels/Image_2_jpg.rf.897d99413100a7516c1512bca3e84c20.txt,ladyfinger
train,raw/emam_v14/train/images/Image_2_jpg.rf.8d398d232175e4de4e1e0b6f69389424.jpg,raw/emam_v14/train/labels/Image_2_jpg.rf.8d398d232175e4de4e1e0b6f69389424.txt,bellpepper
train,raw/emam_v14/train/images/Image_2_jpg.rf.9445b309eaea80ae3e5a244ba0042c9c.jpg,raw/emam_v14/train/labels/Image_2_jpg.rf.9445b309eaea80ae3e5a244ba0042c9c.txt,sweetcorn
train,raw/emam_v14/train/images/Image_2_jpg.rf.9636e3bd85a6b8f625d862dc1579f0ed.jpg,raw/emam_v14/train/labels/Image_2_jpg.rf.9636e3bd85a6b8f625d862dc1579f0ed.txt,cauliflower
train,raw/emam_v14/train/images/Image_2_jpg.rf.98f06fbadc10e165a6a890d9f360ae5c.jpg,raw/emam_v14/train/labels/Image_2_jpg.rf.98f06fbadc10e165a6a890d9f360ae5c.txt,cauliflower
train,raw/emam_v14/train/images/Image_2_jpg.rf.a543dfd51fad30b7e0ef4dbdf98b80ab.jpg,raw/emam_v14/train/labels/Image_2_jpg.rf.a543dfd51fad30b7e0ef4dbdf98b80ab.txt,tomato
train,raw/emam_v14/train/images/Image_2_jpg.rf.a90ccb1c5c70a46d8ae948bdeb9c3d33.jpg,raw/emam_v14/train/labels/Image_2_jpg.rf.a90ccb1c5c70a46d8ae948bdeb9c3d33.txt,peas
train,raw/emam_v14/train/images/Image_2_jpg.rf.aeafce4cc0cd8e2cf6b45bcee545defe.jpg,raw/emam_v14/train/labels/Image_2_jpg.rf.aeafce4cc0cd8e2cf6b45bcee545defe.txt,garlic
train,raw/emam_v14/train/images/Image_2_jpg.rf.aff2e1a47da35f9f68320a50a0d45f1b.jpg,raw/emam_v14/train/labels/Image_2_jpg.rf.aff2e1a47da35f9f68320a50a0d45f1b.txt,onion
train,raw/emam_v14/train/images/Image_2_jpg.rf.bb1d39876b19899f15cea53d30c13651.jpg,raw/emam_v14/train/labels/Image_2_jpg.rf.bb1d39876b19899f15cea53d30c13651.txt,bellpepper
train,raw/emam_v14/train/images/Image_2_jpg.rf.c0460a08752e3f660bf83dcf0cb57ec8.jpg,raw/emam_v14/train/labels/Image_2_jpg.rf.c0460a08752e3f660bf83dcf0cb57ec8.txt,beetroot
train,raw/emam_v14/train/images/Image_2_jpg.rf.c6e8a39e2818279716dac542ba1eec05.jpg,raw/emam_v14/train/labels/Image_2_jpg.rf.c6e8a39e2818279716dac542ba1eec05.txt,bellpepper
train,raw/emam_v14/train/images/Image_2_jpg.rf.cfd21e7737941444b4158d4e542592b3.jpg,raw/emam_v14/train/labels/Image_2_jpg.rf.cfd21e7737941444b4158d4e542592b3.txt,peas
train,raw/emam_v14/train/images/Image_2_jpg.rf.d01da680f4abf29e115bd2033d413a79.jpg,raw/emam_v14/train/labels/Image_2_jpg.rf.d01da680f4abf29e115bd2033d413a79.txt,cucumber
train,raw/emam_v14/train/images/Image_2_jpg.rf.d1ca8007d02369c91b5ee3f96eb9c994.jpg,raw/emam_v14/train/labels/Image_2_jpg.rf.d1ca8007d02369c91b5ee3f96eb9c994.txt,cucumber
train,raw/emam_v14/train/images/Image_2_jpg.rf.d8ba26e590ad516b189a8a643b4c92de.jpg,raw/emam_v14/train/labels/Image_2_jpg.rf.d8ba26e590ad516b189a8a643b4c92de.txt,beetroot
train,raw/emam_v14/train/images/Image_2_jpg.rf.e56767e3d9e3f9db96120781f46112c8.jpg,raw/emam_v14/train/labels/Image_2_jpg.rf.e56767e3d9e3f9db96120781f46112c8.txt,cauliflower
train,raw/emam_v14/train/images/Image_2_jpg.rf.f81c687b78085fb61de5def99f739408.jpg,raw/emam_v14/train/labels/Image_2_jpg.rf.f81c687b78085fb61de5def99f739408.txt,lemon
train,raw/emam_v14/train/images/Image_2_jpg.rf.fc7ae12845f9af7ce926b1a7dcf363db.jpg,raw/emam_v14/train/labels/Image_2_jpg.rf.fc7ae12845f9af7ce926b1a7dcf363db.txt,lemon
train,raw/emam_v14/train/images/Image_30_JPG_jpg.rf.7d62ce30fd00c30f7c4791e17dfc6289.jpg,raw/emam_v14/train/labels/Image_30_JPG_jpg.rf.7d62ce30fd00c30f7c4791e17dfc6289.txt,radish
train,raw/emam_v14/train/images/Image_30_JPG_jpg.rf.a06d177f97927ffe6ae88cd85c465bc6.jpg,raw/emam_v14/train/labels/Image_30_JPG_jpg.rf.a06d177f97927ffe6ae88cd85c465bc6.txt,radish
train,raw/emam_v14/train/images/Image_30_JPG_jpg.rf.fd0f6ba8797a2d9bfb609a1347a2c70f.jpg,raw/emam_v14/train/labels/Image_30_JPG_jpg.rf.fd0f6ba8797a2d9bfb609a1347a2c70f.txt,radish
train,raw/emam_v14/train/images/Image_30_jpeg_jpg.rf.08c2a315edf7fbb83a56ff4fcd801756.jpg,raw/emam_v14/train/labels/Image_30_jpeg_jpg.rf.08c2a315edf7fbb83a56ff4fcd801756.txt,sweetpotato
train,raw/emam_v14/train/images/Image_30_jpeg_jpg.rf.d064b96c32e00c6bbb8e503666e76f90.jpg,raw/emam_v14/train/labels/Image_30_jpeg_jpg.rf.d064b96c32e00c6bbb8e503666e76f90.txt,sweetpotato
train,raw/emam_v14/train/images/Image_30_jpeg_jpg.rf.d0fb9b133ac92e94d6876532c47095b3.jpg,raw/emam_v14/train/labels/Image_30_jpeg_jpg.rf.d0fb9b133ac92e94d6876532c47095b3.txt,sweetpotato
train,raw/emam_v14/train/images/Image_30_jpg.rf.060afeeda68e38b826bc7005e37ce8fb.jpg,raw/emam_v14/train/labels/Image_30_jpg.rf.060afeeda68e38b826bc7005e37ce8fb.txt,tomato
train,raw/emam_v14/train/images/Image_30_jpg.rf.1190ee8bdc765cb8278eb5d073c8dbbd.jpg,raw/emam_v14/train/labels/Image_30_jpg.rf.1190ee8bdc765cb8278eb5d073c8dbbd.txt,eggplant
train,raw/emam_v14/train/images/Image_30_jpg.rf.1d77b1aa5f514e436712d39aa08e4800.jpg,raw/emam_v14/train/labels/Image_30_jpg.rf.1d77b1aa5f514e436712d39aa08e4800.txt,tomato
train,raw/emam_v14/train/images/Image_30_jpg.rf.1f75550f6adebda54e7889a4c3113db2.jpg,raw/emam_v14/train/labels/Image_30_jpg.rf.1f75550f6adebda54e7889a4c3113db2.txt,ginger
train,raw/emam_v14/train/images/Image_30_jpg.rf.26c048e7234d068e11d3e4ff2a3aa4ac.jpg,raw/emam_v14/train/labels/Image_30_jpg.rf.26c048e7234d068e11d3e4ff2a3aa4ac.txt,spinach
train,raw/emam_v14/train/images/Image_30_jpg.rf.3ca1b9d7d602728ea1238f158800c264.jpg,raw/emam_v14/train/labels/Image_30_jpg.rf.3ca1b9d7d602728ea1238f158800c264.txt,tomato
train,raw/emam_v14/train/images/Image_30_jpg.rf.40f9ae8dd629acfe1f85ecececcd5510.jpg,raw/emam_v14/train/labels/Image_30_jpg.rf.40f9ae8dd629acfe1f85ecececcd5510.txt,cucumber
train,raw/emam_v14/train/images/Image_30_jpg.rf.481ae0dac8b50e392f2bfbcdff092926.jpg,raw/emam_v14/train/labels/Image_30_jpg.rf.481ae0dac8b50e392f2bfbcdff092926.txt,jalapeno
train,raw/emam_v14/train/images/Image_30_jpg.rf.5364c1d08644038481f275b2ccd4272c.jpg,raw/emam_v14/train/labels/Image_30_jpg.rf.5364c1d08644038481f275b2ccd4272c.txt,lemon
train,raw/emam_v14/train/images/Image_30_jpg.rf.569e146ede25aae4bf40d0b185ea05c4.jpg,raw/emam_v14/train/labels/Image_30_jpg.rf.569e146ede25aae4bf40d0b185ea05c4.txt,onion
train,raw/emam_v14/train/images/Image_30_jpg.rf.60cdc16becae45b425e164cde404258e.jpg,raw/emam_v14/train/labels/Image_30_jpg.rf.60cdc16becae45b425e164cde404258e.txt,jalapeno
train,raw/emam_v14/train/images/Image_30_jpg.rf.65df7d7dacd5ce011c659fce8473bfdd.jpg,raw/emam_v14/train/labels/Image_30_jpg.rf.65df7d7dacd5ce011c659fce8473bfdd.txt,bellpepper
train,raw/emam_v14/train/images/Image_30_jpg.rf.705c7e17811733ca7e6e9cf86df297ed.jpg,raw/emam_v14/train/labels/Image_30_jpg.rf.705c7e17811733ca7e6e9cf86df297ed.txt,onion
train,raw/emam_v14/train/images/Image_30_jpg.rf.758fd361629c4bca8aaac40aaa573aff.jpg,raw/emam_v14/train/labels/Image_30_jpg.rf.758fd361629c4bca8aaac40aaa573aff.txt,lettuce
train,raw/emam_v14/train/images/Image_30_jpg.rf.76972cdb989c23b94125ac8e2ecadd4f.jpg,raw/emam_v14/train/labels/Image_30_jpg.rf.76972cdb989c23b94125ac8e2ecadd4f.txt,onion
train,raw/emam_v14/train/images/Image_30_jpg.rf.7d7045abd166573fc6d44e4b561541f8.jpg,raw/emam_v14/train/labels/Image_30_jpg.rf.7d7045abd166573fc6d44e4b561541f8.txt,cauliflower
train,raw/emam_v14/train/images/Image_30_jpg.rf.7f406c88f5723bfad8a3c53f3f6ba727.jpg,raw/emam_v14/train/labels/Image_30_jpg.rf.7f406c88f5723bfad8a3c53f3f6ba727.txt,ginger
train,raw/emam_v14/train/images/Image_30_jpg.rf.7f4bd3494ddd856432c6c3453a827ed6.jpg,raw/emam_v14/train/labels/Image_30_jpg.rf.7f4bd3494ddd856432c6c3453a827ed6.txt,cauliflower
train,raw/emam_v14/train/images/Image_30_jpg.rf.8905317e77edcbf467b159c9a4a0695d.jpg,raw/emam_v14/train/labels/Image_30_jpg.rf.8905317e77edcbf467b159c9a4a0695d.txt,eggplant
train,raw/emam_v14/train/images/Image_30_jpg.rf.89624417c1523365c9e1693b8e7ef414.jpg,raw/emam_v14/train/labels/Image_30_jpg.rf.89624417c1523365c9e1693b8e7ef414.txt,lettuce
train,raw/emam_v14/train/images/Image_30_jpg.rf.8b86d92d1f51b23839a97ea0fe0097bc.jpg,raw/emam_v14/train/labels/Image_30_jpg.rf.8b86d92d1f51b23839a97ea0fe0097bc.txt,jalapeno
train,raw/emam_v14/train/images/Image_30_jpg.rf.9b666e11a048befd3b1501a9730c62a5.jpg,raw/emam_v14/train/labels/Image_30_jpg.rf.9b666e11a048befd3b1501a9730c62a5.txt,spinach
train,raw/emam_v14/train/images/Image_30_jpg.rf.a2cdaae82cec70fa15bf6294880480c8.jpg,raw/emam_v14/train/labels/Image_30_jpg.rf.a2cdaae82cec70fa15bf6294880480c8.txt,garlic
train,raw/emam_v14/train/images/Image_30_jpg.rf.a6752b93ccc1e3ccada871676c0bc848.jpg,raw/emam_v14/train/labels/Image_30_jpg.rf.a6752b93ccc1e3ccada871676c0bc848.txt,cucumber
train,raw/emam_v14/train/images/Image_30_jpg.rf.a92326db47f632642d1320f3b399f373.jpg,raw/emam_v14/train/labels/Image_30_jpg.rf.a92326db47f632642d1320f3b399f373.txt,bellpepper
train,raw/emam_v14/train/images/Image_30_jpg.rf.aa822edc7f2599a75aad7060851d38b1.jpg,raw/emam_v14/train/labels/Image_30_jpg.rf.aa822edc7f2599a75aad7060851d38b1.txt,chillipepper
train,raw/emam_v14/train/images/Image_30_jpg.rf.ae73dfe19532ccde9cce07ec12741837.jpg,raw/emam_v14/train/labels/Image_30_jpg.rf.ae73dfe19532ccde9cce07ec12741837.txt,bellpepper
train,raw/emam_v14/train/images/Image_30_jpg.rf.c1b577043387a806d8a01c42733aa276.jpg,raw/emam_v14/train/labels/Image_30_jpg.rf.c1b577043387a806d8a01c42733aa276.txt,lemon
train,raw/emam_v14/train/images/Image_30_jpg.rf.c5ffad1a2e0d69ae29aced204d955df8.jpg,raw/emam_v14/train/labels/Image_30_jpg.rf.c5ffad1a2e0d69ae29aced204d955df8.txt,cauliflower
train,raw/emam_v14/train/images/Image_30_jpg.rf.cd03d639a50e27c0617ce3dfaa190d84.jpg,raw/emam_v14/train/labels/Image_30_jpg.rf.cd03d639a50e27c0617ce3dfaa190d84.txt,lemon
train,raw/emam_v14/train/images/Image_30_jpg.rf.cfb29ffa983b7e941b540fa5f2b3cfb4.jpg,raw/emam_v14/train/labels/Image_30_jpg.rf.cfb29ffa983b7e941b540fa5f2b3cfb4.txt,lettuce
train,raw/emam_v14/train/images/Image_30_jpg.rf.d49b68aa89f1669c16cca28d05473837.jpg,raw/emam_v14/train/labels/Image_30_jpg.rf.d49b68aa89f1669c16cca28d05473837.txt,chillipepper
train,raw/emam_v14/train/images/Image_30_jpg.rf.dce0f10ae8c54a16dd514a82562837e0.jpg,raw/emam_v14/train/labels/Image_30_jpg.rf.dce0f10ae8c54a16dd514a82562837e0.txt,chillipepper
train,raw/emam_v14/train/images/Image_30_jpg.rf.e051d75cfcb99b1a2fbdd931ae7837c7.jpg,raw/emam_v14/train/labels/Image_30_jpg.rf.e051d75cfcb99b1a2fbdd931ae7837c7.txt,spinach
train,raw/emam_v14/train/images/Image_30_jpg.rf.e1ae0d06addcd38c940f0155e6249325.jpg,raw/emam_v14/train/labels/Image_30_jpg.rf.e1ae0d06addcd38c940f0155e6249325.txt,ginger
train,raw/emam_v14/train/images/Image_30_jpg.rf.e6c448a33ac38a0017ab983d34f6e990.jpg,raw/emam_v14/train/labels/Image_30_jpg.rf.e6c448a33ac38a0017ab983d34f6e990.txt,garlic
train,raw/emam_v14/train/images/Image_30_jpg.rf.ef8a13bad4fd1e46bc3ad57a8402360d.jpg,raw/emam_v14/train/labels/Image_30_jpg.rf.ef8a13bad4fd1e46bc3ad57a8402360d.txt,garlic
train,raw/emam_v14/train/images/Image_30_jpg.rf.f52e413a859abae74fb4c2ee2040e4da.jpg,raw/emam_v14/train/labels/Image_30_jpg.rf.f52e413a859abae74fb4c2ee2040e4da.txt,eggplant
train,raw/emam_v14/train/images/Image_30_jpg.rf.f75aa92a463bb84c872e02a398fae1de.jpg,raw/emam_v14/train/labels/Image_30_jpg.rf.f75aa92a463bb84c872e02a398fae1de.txt,cucumber
train,raw/emam_v14/train/images/Image_30_png_jpg.rf.29137a989557bcdb9e95ad30bda62112.jpg,raw/emam_v14/train/labels/Image_30_png_jpg.rf.29137a989557bcdb9e95ad30bda62112.txt,peas
train,raw/emam_v14/train/images/Image_30_png_jpg.rf.69be6c021a8c20d8440f77361830bfa0.jpg,raw/emam_v14/train/labels/Image_30_png_jpg.rf.69be6c021a8c20d8440f77361830bfa0.txt,peas
train,raw/emam_v14/train/images/Image_30_png_jpg.rf.936cfc9da7af4bf362dd54dd7cfe64e6.jpg,raw/emam_v14/train/labels/Image_30_png_jpg.rf.936cfc9da7af4bf362dd54dd7cfe64e6.txt,peas
train,raw/emam_v14/train/images/Image_31_jpg.rf.0138425f1bb6adf5cd00afc7c4f1f1ec.jpg,raw/emam_v14/train/labels/Image_31_jpg.rf.0138425f1bb6adf5cd00afc7c4f1f1ec.txt,chillipepper
train,raw/emam_v14/train/images/Image_31_jpg.rf.01c82ce5ad67050525b33f48dc6596f2.jpg,raw/emam_v14/train/labels/Image_31_jpg.rf.01c82ce5ad67050525b33f48dc6596f2.txt,cauliflower
train,raw/emam_v14/train/images/Image_31_jpg.rf.06946981c39583b106cfaeb40e13c18d.jpg,raw/emam_v14/train/labels/Image_31_jpg.rf.06946981c39583b106cfaeb40e13c18d.txt,sweetcorn
train,raw/emam_v14/train/images/Image_31_jpg.rf.0973d36bd797aa91d5607c34b388de0d.jpg,raw/emam_v14/train/labels/Image_31_jpg.rf.0973d36bd797aa91d5607c34b388de0d.txt,corn
train,raw/emam_v14/train/images/Image_31_jpg.rf.0a217100f482d604b3731354f45fc7e5.jpg,raw/emam_v14/train/labels/Image_31_jpg.rf.0a217100f482d604b3731354f45fc7e5.txt,jalapeno
train,raw/emam_v14/train/images/Image_31_jpg.rf.117b766b482bba51d4af552ec80a64a1.jpg,raw/emam_v14/train/labels/Image_31_jpg.rf.117b766b482bba51d4af552ec80a64a1.txt,beetroot
train,raw/emam_v14/train/images/Image_31_jpg.rf.1f0f8e29ef54249ca72ad182d7405c3a.jpg,raw/emam_v14/train/labels/Image_31_jpg.rf.1f0f8e29ef54249ca72ad182d7405c3a.txt,lemon
train,raw/emam_v14/train/images/Image_31_jpg.rf.2286f5eb10d898bf50b030a5dfe62962.jpg,raw/emam_v14/train/labels/Image_31_jpg.rf.2286f5eb10d898bf50b030a5dfe62962.txt,sweetcorn
train,raw/emam_v14/train/images/Image_31_jpg.rf.2d2fc2a074a0e52a13aa685db7ffa3e6.jpg,raw/emam_v14/train/labels/Image_31_jpg.rf.2d2fc2a074a0e52a13aa685db7ffa3e6.txt,beetroot
train,raw/emam_v14/train/images/Image_31_jpg.rf.2e0a2c2a6f19ef15cd0574b48920f898.jpg,raw/emam_v14/train/labels/Image_31_jpg.rf.2e0a2c2a6f19ef15cd0574b48920f898.txt,cauliflower
train,raw/emam_v14/train/images/Image_31_jpg.rf.38e22d1859fcae8b6ec1c5d88874f92c.jpg,raw/emam_v14/train/labels/Image_31_jpg.rf.38e22d1859fcae8b6ec1c5d88874f92c.txt,turnip
train,raw/emam_v14/train/images/Image_31_jpg.rf.45d36014b783d41ccf12941463ffb215.jpg,raw/emam_v14/train/labels/Image_31_jpg.rf.45d36014b783d41ccf12941463ffb215.txt,ginger
train,raw/emam_v14/train/images/Image_31_jpg.rf.489cce69419971e7833928625caf42cd.jpg,raw/emam_v14/train/labels/Image_31_jpg.rf.489cce69419971e7833928625caf42cd.txt,peas
train,raw/emam_v14/train/images/Image_31_jpg.rf.526cc8b3950fcb8e247ae4cd29b77d0d.jpg,raw/emam_v14/train/labels/Image_31_jpg.rf.526cc8b3950fcb8e247ae4cd29b77d0d.txt,cucumber
train,raw/emam_v14/train/images/Image_31_jpg.rf.59168c94ee1295f45287c3820b6285f0.jpg,raw/emam_v14/train/labels/Image_31_jpg.rf.59168c94ee1295f45287c3820b6285f0.txt,garlic
train,raw/emam_v14/train/images/Image_31_jpg.rf.5b3f5464fbfdecf036a57a06ae86a71a.jpg,raw/emam_v14/train/labels/Image_31_jpg.rf.5b3f5464fbfdecf036a57a06ae86a71a.txt,carrot
train,raw/emam_v14/train/images/Image_31_jpg.rf.6032abeccb26df3df5ad4f04e42126bd.jpg,raw/emam_v14/train/labels/Image_31_jpg.rf.6032abeccb26df3df5ad4f04e42126bd.txt,ladyfinger
train,raw/emam_v14/train/images/Image_31_jpg.rf.717262bf47b33fa6c2fc5e8065696488.jpg,raw/emam_v14/train/labels/Image_31_jpg.rf.717262bf47b33fa6c2fc5e8065696488.txt,lettuce
train,raw/emam_v14/train/images/Image_31_jpg.rf.766a7b7c8d8c7e0798dea2300b9a95b3.jpg,raw/emam_v14/train/labels/Image_31_jpg.rf.766a7b7c8d8c7e0798dea2300b9a95b3.txt,eggplant
train,raw/emam_v14/train/images/Image_31_jpg.rf.7798db0a859d3a9b871e72e4345e28b4.jpg,raw/emam_v14/train/labels/Image_31_jpg.rf.7798db0a859d3a9b871e72e4345e28b4.txt,eggplant
train,raw/emam_v14/train/images/Image_31_jpg.rf.799ffa68aeed000cea829ec2c944a140.jpg,raw/emam_v14/train/labels/Image_31_jpg.rf.799ffa68aeed000cea829ec2c944a140.txt,cucumber
train,raw/emam_v14/train/images/Image_31_jpg.rf.7c7fbee16b183ee4abc0beb49f4f33ae.jpg,raw/emam_v14/train/labels/Image_31_jpg.rf.7c7fbee16b183ee4abc0beb49f4f33ae.txt,cabbage
train,raw/emam_v14/train/images/Image_31_jpg.rf.7e95fb6347f6cb056ae7319c6138dcf2.jpg,raw/emam_v14/train/labels/Image_31_jpg.rf.7e95fb6347f6cb056ae7319c6138dcf2.txt,turnip
train,raw/emam_v14/train/images/Image_31_jpg.rf.7fa78db2f57280692d61557a929bf7a2.jpg,raw/emam_v14/train/labels/Image_31_jpg.rf.7fa78db2f57280692d61557a929bf7a2.txt,lemon
train,raw/emam_v14/train/images/Image_31_jpg.rf.877b66c450e6b28883569604b4b21e50.jpg,raw/emam_v14/train/labels/Image_31_jpg.rf.877b66c450e6b28883569604b4b21e50.txt,carrot
train,raw/emam_v14/train/images/Image_31_jpg.rf.8f41254d43e8545b41927815066e15a6.jpg,raw/emam_v14/train/labels/Image_31_jpg.rf.8f41254d43e8545b41927815066e15a6.txt,cabbage
train,raw/emam_v14/train/images/Image_31_jpg.rf.922a59bacfb187a33296dcadfdf44445.jpg,raw/emam_v14/train/labels/Image_31_jpg.rf.922a59bacfb187a33296dcadfdf44445.txt,ginger
train,raw/emam_v14/train/images/Image_31_jpg.rf.9d3600eb7fad246850329d74f579523a.jpg,raw/emam_v14/train/labels/Image_31_jpg.rf.9d3600eb7fad246850329d74f579523a.txt,corn
train,raw/emam_v14/train/images/Image_31_jpg.rf.9fcdbbf96d4e2e9bf467f42cb66148d6.jpg,raw/emam_v14/train/labels/Image_31_jpg.rf.9fcdbbf96d4e2e9bf467f42cb66148d6.txt,lemon
train,raw/emam_v14/train/images/Image_31_jpg.rf.a3898924879f3e3445776d12506d3d93.jpg,raw/emam_v14/train/labels/Image_31_jpg.rf.a3898924879f3e3445776d12506d3d93.txt,corn
train,raw/emam_v14/train/images/Image_31_jpg.rf.a4ca54a3add999301d2cd985d9db300c.jpg,raw/emam_v14/train/labels/Image_31_jpg.rf.a4ca54a3add999301d2cd985d9db300c.txt,carrot
train,raw/emam_v14/train/images/Image_31_jpg.rf.a76778d8bb5f1a5abd5da05cfbb76b45.jpg,raw/emam_v14/train/labels/Image_31_jpg.rf.a76778d8bb5f1a5abd5da05cfbb76b45.txt,lettuce
train,raw/emam_v14/train/images/Image_31_jpg.rf.aba7e4a46eb2a9a7ae1fdb7be864919f.jpg,raw/emam_v14/train/labels/Image_31_jpg.rf.aba7e4a46eb2a9a7ae1fdb7be864919f.txt,peas
train,raw/emam_v14/train/images/Image_31_jpg.rf.ad02a8f0847cb305e8231dc0f0dde560.jpg,raw/emam_v14/train/labels/Image_31_jpg.rf.ad02a8f0847cb305e8231dc0f0dde560.txt,jalapeno
train,raw/emam_v14/train/images/Image_31_jpg.rf.b1e0e1347f1b6401d8641d1c0c3b80f3.jpg,raw/emam_v14/train/labels/Image_31_jpg.rf.b1e0e1347f1b6401d8641d1c0c3b80f3.txt,ladyfinger
train,raw/emam_v14/train/images/Image_31_jpg.rf.b4310a1fc04314389d3bc440b2500e92.jpg,raw/emam_v14/train/labels/Image_31_jpg.rf.b4310a1fc04314389d3bc440b2500e92.txt,cauliflower
train,raw/emam_v14/train/images/Image_31_jpg.rf.b5b89ee023eeab9e3bb02415ce2a6d44.jpg,raw/emam_v14/train/labels/Image_31_jpg.rf.b5b89ee023eeab9e3bb02415ce2a6d44.txt,chillipepper
train,raw/emam_v14/train/images/Image_31_jpg.rf.b7dbdae83a4227f6b17600310773a7ec.jpg,raw/emam_v14/train/labels/Image_31_jpg.rf.b7dbdae83a4227f6b17600310773a7ec.txt,sweetcorn
train,raw/emam_v14/train/images/Image_31_jpg.rf.b9501e131daa6638309d3f8389f5c690.jpg,raw/emam_v14/train/labels/Image_31_jpg.rf.b9501e131daa6638309d3f8389f5c690.txt,garlic
train,raw/emam_v14/train/images/Image_31_jpg.rf.c168ae9812dce76702da8947262cb208.jpg,raw/emam_v14/train/labels/Image_31_jpg.rf.c168ae9812dce76702da8947262cb208.txt,peas
train,raw/emam_v14/train/images/Image_31_jpg.rf.c1742dd3c6759f29478d80a06d64dae2.jpg,raw/emam_v14/train/labels/Image_31_jpg.rf.c1742dd3c6759f29478d80a06d64dae2.txt,garlic
train,raw/emam_v14/train/images/Image_31_jpg.rf.c77c430cb9811a5c90a61e73e1a80b42.jpg,raw/emam_v14/train/labels/Image_31_jpg.rf.c77c430cb9811a5c90a61e73e1a80b42.txt,eggplant
train,raw/emam_v14/train/images/Image_31_jpg.rf.c95c3aa30ce467054f3dc8d7bbbb30a2.jpg,raw/emam_v14/train/labels/Image_31_jpg.rf.c95c3aa30ce467054f3dc8d7bbbb30a2.txt,cucumber
train,raw/emam_v14/train/images/Image_31_jpg.rf.cb8aa4de58629f9a26627f17a2dd7089.jpg,raw/emam_v14/train/labels/Image_31_jpg.rf.cb8aa4de58629f9a26627f17a2dd7089.txt,cabbage
train,raw/emam_v14/train/images/Image_31_jpg.rf.d2db1dcbf79f20421ffa6c516435afd3.jpg,raw/emam_v14/train/labels/Image_31_jpg.rf.d2db1dcbf79f20421ffa6c516435afd3.txt,ladyfinger
train,raw/emam_v14/train/images/Image_31_jpg.rf.e1e9256841266d5643f118b6c4645630.jpg,raw/emam_v14/train/labels/Image_31_jpg.rf.e1e9256841266d5643f118b6c4645630.txt,jalapeno
train,raw/emam_v14/train/images/Image_31_jpg.rf.e963f96a40f07d060460ccbb8de98505.jpg,raw/emam_v14/train/labels/Image_31_jpg.rf.e963f96a40f07d060460ccbb8de98505.txt,beetroot
train,raw/emam_v14/train/images/Image_31_jpg.rf.efa4a93a4a720eb094c6a98ec37f81a2.jpg,raw/emam_v14/train/labels/Image_31_jpg.rf.efa4a93a4a720eb094c6a98ec37f81a2.txt,ginger
train,raw/emam_v14/train/images/Image_31_jpg.rf.f05f12493cd20d500e65c468dea1574e.jpg,raw/emam_v14/train/labels/Image_31_jpg.rf.f05f12493cd20d500e65c468dea1574e.txt,turnip
train,raw/emam_v14/train/images/Image_31_jpg.rf.f3a6b4739f6ce6e9bd282f59f970b953.jpg,raw/emam_v14/train/labels/Image_31_jpg.rf.f3a6b4739f6ce6e9bd282f59f970b953.txt,chillipepper
train,raw/emam_v14/train/images/Image_31_jpg.rf.faebd6c24fd33d5bd177ae02bd4b4341.jpg,raw/emam_v14/train/labels/Image_31_jpg.rf.faebd6c24fd33d5bd177ae02bd4b4341.txt,lettuce
train,raw/emam_v14/train/images/Image_31_png_jpg.rf.391da504273999b0284bb996c3540653.jpg,raw/emam_v14/train/labels/Image_31_png_jpg.rf.391da504273999b0284bb996c3540653.txt,tomato
train,raw/emam_v14/train/images/Image_31_png_jpg.rf.d6a36e9e798f4f523dc3c22252fb64ea.jpg,raw/emam_v14/train/labels/Image_31_png_jpg.rf.d6a36e9e798f4f523dc3c22252fb64ea.txt,tomato
train,raw/emam_v14/train/images/Image_31_png_jpg.rf.ee46be7b31cfa62d3505d9590e7915d5.jpg,raw/emam_v14/train/labels/Image_31_png_jpg.rf.ee46be7b31cfa62d3505d9590e7915d5.txt,tomato
train,raw/emam_v14/train/images/Image_32_JPG_jpg.rf.4ae9aaa99b976d79f4bf61a22849ece8.jpg,raw/emam_v14/train/labels/Image_32_JPG_jpg.rf.4ae9aaa99b976d79f4bf61a22849ece8.txt,jalapeno
train,raw/emam_v14/train/images/Image_32_JPG_jpg.rf.97d1c1bf269f41409d973ec23c1ebf4d.jpg,raw/emam_v14/train/labels/Image_32_JPG_jpg.rf.97d1c1bf269f41409d973ec23c1ebf4d.txt,bellpepper
train,raw/emam_v14/train/images/Image_32_JPG_jpg.rf.c7cf88987b2b0c65af56dd7c35d20b3e.jpg,raw/emam_v14/train/labels/Image_32_JPG_jpg.rf.c7cf88987b2b0c65af56dd7c35d20b3e.txt,jalapeno
train,raw/emam_v14/train/images/Image_32_JPG_jpg.rf.d95e93510162643b9e0287e7c7c60a44.jpg,raw/emam_v14/train/labels/Image_32_JPG_jpg.rf.d95e93510162643b9e0287e7c7c60a44.txt,bellpepper
train,raw/emam_v14/train/images/Image_32_JPG_jpg.rf.e688e39477be9fc8aaa214fa824372d1.jpg,raw/emam_v14/train/labels/Image_32_JPG_jpg.rf.e688e39477be9fc8aaa214fa824372d1.txt,jalapeno
train,raw/emam_v14/train/images/Image_32_JPG_jpg.rf.e8fff41656cca1be4a2325ccf6d21710.jpg,raw/emam_v14/train/labels/Image_32_JPG_jpg.rf.e8fff41656cca1be4a2325ccf6d21710.txt,bellpepper
train,raw/emam_v14/train/images/Image_32_jpg.rf.013fb188361650cc30583af78040dd55.jpg,raw/emam_v14/train/labels/Image_32_jpg.rf.013fb188361650cc30583af78040dd55.txt,ladyfinger
train,raw/emam_v14/train/images/Image_32_jpg.rf.0f9d7b537bb718ff681f322cb633dfd5.jpg,raw/emam_v14/train/labels/Image_32_jpg.rf.0f9d7b537bb718ff681f322cb633dfd5.txt,lemon
train,raw/emam_v14/train/images/Image_32_jpg.rf.100599ce252b1df2959e315558e562e7.jpg,raw/emam_v14/train/labels/Image_32_jpg.rf.100599ce252b1df2959e315558e562e7.txt,tomato
train,raw/emam_v14/train/images/Image_32_jpg.rf.1c92f4a1e19514b2a3d093aa74213c76.jpg,raw/emam_v14/train/labels/Image_32_jpg.rf.1c92f4a1e19514b2a3d093aa74213c76.txt,peas
train,raw/emam_v14/train/images/Image_32_jpg.rf.1da61a5d39ab2c22c4451add398af4e7.jpg,raw/emam_v14/train/labels/Image_32_jpg.rf.1da61a5d39ab2c22c4451add398af4e7.txt,sweetpotato
train,raw/emam_v14/train/images/Image_32_jpg.rf.1ee055bbbd12cdd99f223af2f52b9b86.jpg,raw/emam_v14/train/labels/Image_32_jpg.rf.1ee055bbbd12cdd99f223af2f52b9b86.txt,ladyfinger
train,raw/emam_v14/train/images/Image_32_jpg.rf.34a38592bc397acc65a73deca6bb1c35.jpg,raw/emam_v14/train/labels/Image_32_jpg.rf.34a38592bc397acc65a73deca6bb1c35.txt,sweetcorn
train,raw/emam_v14/train/images/Image_32_jpg.rf.3696aa00816bf46d01c95744aaa080ea.jpg,raw/emam_v14/train/labels/Image_32_jpg.rf.3696aa00816bf46d01c95744aaa080ea.txt,cauliflower
train,raw/emam_v14/train/images/Image_32_jpg.rf.40593f789bdb163d73009d10c9cb4b50.jpg,raw/emam_v14/train/labels/Image_32_jpg.rf.40593f789bdb163d73009d10c9cb4b50.txt,spinach
train,raw/emam_v14/train/images/Image_32_jpg.rf.41440dd0bdad696c3382363d02f7725c.jpg,raw/emam_v14/train/labels/Image_32_jpg.rf.41440dd0bdad696c3382363d02f7725c.txt,turnip
train,raw/emam_v14/train/images/Image_32_jpg.rf.4a56c6600fbf7ff0d589165fceea8a36.jpg,raw/emam_v14/train/labels/Image_32_jpg.rf.4a56c6600fbf7ff0d589165fceea8a36.txt,lettuce
train,raw/emam_v14/train/images/Image_32_jpg.rf.4ccf3569544d85848ce064260b334066.jpg,raw/emam_v14/train/labels/Image_32_jpg.rf.4ccf3569544d85848ce064260b334066.txt,cucumber
train,raw/emam_v14/train/images/Image_32_jpg.rf.4dc308d6af29e09643673925ce563df4.jpg,raw/emam_v14/train/labels/Image_32_jpg.rf.4dc308d6af29e09643673925ce563df4.txt,radish
train,raw/emam_v14/train/images/Image_32_jpg.rf.5570a7b87cc419f50da947a35990fb11.jpg,raw/emam_v14/train/labels/Image_32_jpg.rf.5570a7b87cc419f50da947a35990fb11.txt,turnip
train,raw/emam_v14/train/images/Image_32_jpg.rf.5c7a9bfa616e6352ec8736817e5be1b1.jpg,raw/emam_v14/train/labels/Image_32_jpg.rf.5c7a9bfa616e6352ec8736817e5be1b1.txt,spinach
train,raw/emam_v14/train/images/Image_32_jpg.rf.69b6be3f136efe6fdeaa4a6b12587f17.jpg,raw/emam_v14/train/labels/Image_32_jpg.rf.69b6be3f136efe6fdeaa4a6b12587f17.txt,spinach
train,raw/emam_v14/train/images/Image_32_jpg.rf.69c47b1bfd191b5c64f5b553d647fa1f.jpg,raw/emam_v14/train/labels/Image_32_jpg.rf.69c47b1bfd191b5c64f5b553d647fa1f.txt,garlic
train,raw/emam_v14/train/images/Image_32_jpg.rf.6bb1434f61e5e077688c750d3ad35cf2.jpg,raw/emam_v14/train/labels/Image_32_jpg.rf.6bb1434f61e5e077688c750d3ad35cf2.txt,carrot
train,raw/emam_v14/train/images/Image_32_jpg.rf.6c6d4bdffa86c2125c07f3ce4720b0af.jpg,raw/emam_v14/train/labels/Image_32_jpg.rf.6c6d4bdffa86c2125c07f3ce4720b0af.txt,cauliflower
train,raw/emam_v14/train/images/Image_32_jpg.rf.6e85eab69f4c6023f7e3b4bb1e5864db.jpg,raw/emam_v14/train/labels/Image_32_jpg.rf.6e85eab69f4c6023f7e3b4bb1e5864db.txt,sweetpotato
train,raw/emam_v14/train/images/Image_32_jpg.rf.6eb4cc024720ebc4439bad59f4108342.jpg,raw/emam_v14/train/labels/Image_32_jpg.rf.6eb4cc024720ebc4439bad59f4108342.txt,lettuce
train,raw/emam_v14/train/images/Image_32_jpg.rf.8c722f7a1620a5f339c1c4963897847b.jpg,raw/emam_v14/train/labels/Image_32_jpg.rf.8c722f7a1620a5f339c1c4963897847b.txt,carrot
train,raw/emam_v14/train/images/Image_32_jpg.rf.8dc4de40390cfa891d41eda1dc4afc2a.jpg,raw/emam_v14/train/labels/Image_32_jpg.rf.8dc4de40390cfa891d41eda1dc4afc2a.txt,carrot
train,raw/emam_v14/train/images/Image_32_jpg.rf.9538fe8143a3dbdbf5b78c74e70ee05f.jpg,raw/emam_v14/train/labels/Image_32_jpg.rf.9538fe8143a3dbdbf5b78c74e70ee05f.txt,sweetcorn
train,raw/emam_v14/train/images/Image_32_jpg.rf.95c977588aacfec24e85da790ab72f89.jpg,raw/emam_v14/train/labels/Image_32_jpg.rf.95c977588aacfec24e85da790ab72f89.txt,sweetpotato
train,raw/emam_v14/train/images/Image_32_jpg.rf.a3bb232abcc1b0a2d24311f61ac1dfc9.jpg,raw/emam_v14/train/labels/Image_32_jpg.rf.a3bb232abcc1b0a2d24311f61ac1dfc9.txt,lemon
train,raw/emam_v14/train/images/Image_32_jpg.rf.a49730e974b66397ce5b1a2ac14b0552.jpg,raw/emam_v14/train/labels/Image_32_jpg.rf.a49730e974b66397ce5b1a2ac14b0552.txt,bellpepper
train,raw/emam_v14/train/images/Image_32_jpg.rf.a7cd297c247fb58a4a61606cd1358e56.jpg,raw/emam_v14/train/labels/Image_32_jpg.rf.a7cd297c247fb58a4a61606cd1358e56.txt,garlic
train,raw/emam_v14/train/images/Image_32_jpg.rf.acf910f015dd68c6896c5e51ff4151d9.jpg,raw/emam_v14/train/labels/Image_32_jpg.rf.acf910f015dd68c6896c5e51ff4151d9.txt,radish
train,raw/emam_v14/train/images/Image_32_jpg.rf.af9e309d6f83536125b4cebe3cc29ae0.jpg,raw/emam_v14/train/labels/Image_32_jpg.rf.af9e309d6f83536125b4cebe3cc29ae0.txt,bellpepper
train,raw/emam_v14/train/images/Image_32_jpg.rf.bb25b562d3b2e27573d719a8e9c86474.jpg,raw/emam_v14/train/labels/Image_32_jpg.rf.bb25b562d3b2e27573d719a8e9c86474.txt,peas
train,raw/emam_v14/train/images/Image_32_jpg.rf.bd5a1736c294bda3225883b06ad8ed4b.jpg,raw/emam_v14/train/labels/Image_32_jpg.rf.bd5a1736c294bda3225883b06ad8ed4b.txt,peas
train,raw/emam_v14/train/images/Image_32_jpg.rf.c27fb7a984eeb7fa734ba55804c95eaa.jpg,raw/emam_v14/train/labels/Image_32_jpg.rf.c27fb7a984eeb7fa734ba55804c95eaa.txt,radish
train,raw/emam_v14/train/images/Image_32_jpg.rf.c30af082f586c7844bf5db3bc1e3c74d.jpg,raw/emam_v14/train/labels/Image_32_jpg.rf.c30af082f586c7844bf5db3bc1e3c74d.txt,tomato
train,raw/emam_v14/train/images/Image_32_jpg.rf.c7d11158077042221fdec4d06f88d423.jpg,raw/emam_v14/train/labels/Image_32_jpg.rf.c7d11158077042221fdec4d06f88d423.txt,tomato
train,raw/emam_v14/train/images/Image_32_jpg.rf.cd8a3e2831d02b71be26687b2fcf4176.jpg,raw/emam_v14/train/labels/Image_32_jpg.rf.cd8a3e2831d02b71be26687b2fcf4176.txt,cauliflower
train,raw/emam_v14/train/images/Image_32_jpg.rf.cdfaa6789ce54db008b8a8499c7d796e.jpg,raw/emam_v14/train/labels/Image_32_jpg.rf.cdfaa6789ce54db008b8a8499c7d796e.txt,sweetcorn
train,raw/emam_v14/train/images/Image_32_jpg.rf.d49cfedfe3d90084475733abb13cb8a4.jpg,raw/emam_v14/train/labels/Image_32_jpg.rf.d49cfedfe3d90084475733abb13cb8a4.txt,cucumber
train,raw/emam_v14/train/images/Image_32_jpg.rf.e3ef01f2a13a88d56a6398b47d8482ef.jpg,raw/emam_v14/train/labels/Image_32_jpg.rf.e3ef01f2a13a88d56a6398b47d8482ef.txt,turnip
train,raw/emam_v14/train/images/Image_32_jpg.rf.e65ce454723a7495ddb050604ea782b5.jpg,raw/emam_v14/train/labels/Image_32_jpg.rf.e65ce454723a7495ddb050604ea782b5.txt,lettuce
train,raw/emam_v14/train/images/Image_32_jpg.rf.e830d074c81991383981c972a022dd1c.jpg,raw/emam_v14/train/labels/Image_32_jpg.rf.e830d074c81991383981c972a022dd1c.txt,garlic
train,raw/emam_v14/train/images/Image_32_jpg.rf.f197b5db0ab8d1f7f5038a57502990f2.jpg,raw/emam_v14/train/labels/Image_32_jpg.rf.f197b5db0ab8d1f7f5038a57502990f2.txt,bellpepper
train,raw/emam_v14/train/images/Image_32_jpg.rf.f42f246e7720e008f8dd974b6214b5b8.jpg,raw/emam_v14/train/labels/Image_32_jpg.rf.f42f246e7720e008f8dd974b6214b5b8.txt,lemon
train,raw/emam_v14/train/images/Image_32_jpg.rf.fa24393a97e07279d020f8352b5e3684.jpg,raw/emam_v14/train/labels/Image_32_jpg.rf.fa24393a97e07279d020f8352b5e3684.txt,ladyfinger
train,raw/emam_v14/train/images/Image_32_jpg.rf.fc856ecd2adc1f19c1f6e62d289f1edd.jpg,raw/emam_v14/train/labels/Image_32_jpg.rf.fc856ecd2adc1f19c1f6e62d289f1edd.txt,cucumber
train,raw/emam_v14/train/images/Image_32_png_jpg.rf.208d8601cb8971c7ac550c12ee4e1113.jpg,raw/emam_v14/train/labels/Image_32_png_jpg.rf.208d8601cb8971c7ac550c12ee4e1113.txt,corn
train,raw/emam_v14/train/images/Image_32_png_jpg.rf.2256f1ef6c3d55ec77d532a1b2afd260.jpg,raw/emam_v14/train/labels/Image_32_png_jpg.rf.2256f1ef6c3d55ec77d532a1b2afd260.txt,corn
train,raw/emam_v14/train/images/Image_32_png_jpg.rf.96b29ca072acf8ed1fb17876e1b99375.jpg,raw/emam_v14/train/labels/Image_32_png_jpg.rf.96b29ca072acf8ed1fb17876e1b99375.txt,corn
train,raw/emam_v14/train/images/Image_33_jpg.rf.02b05cd1997c7a2c4a02d8d19a4ba927.jpg,raw/emam_v14/train/labels/Image_33_jpg.rf.02b05cd1997c7a2c4a02d8d19a4ba927.txt,chillipepper
train,raw/emam_v14/train/images/Image_33_jpg.rf.07b03a321077443f3afe45bdca9f54ba.jpg,raw/emam_v14/train/labels/Image_33_jpg.rf.07b03a321077443f3afe45bdca9f54ba.txt,ginger
train,raw/emam_v14/train/images/Image_33_jpg.rf.07f7b5784114d6ea89b3b44e73d3ea07.jpg,raw/emam_v14/train/labels/Image_33_jpg.rf.07f7b5784114d6ea89b3b44e73d3ea07.txt,bellpepper
train,raw/emam_v14/train/images/Image_33_jpg.rf.0acc693f42964ee5021cdbb9d64cfc20.jpg,raw/emam_v14/train/labels/Image_33_jpg.rf.0acc693f42964ee5021cdbb9d64cfc20.txt,radish
train,raw/emam_v14/train/images/Image_33_jpg.rf.0f492a853c665050f662e6b2a7ed2086.jpg,raw/emam_v14/train/labels/Image_33_jpg.rf.0f492a853c665050f662e6b2a7ed2086.txt,cabbage
train,raw/emam_v14/train/images/Image_33_jpg.rf.14b99f17b4826935d25200ef81f9cc4c.jpg,raw/emam_v14/train/labels/Image_33_jpg.rf.14b99f17b4826935d25200ef81f9cc4c.txt,cabbage
train,raw/emam_v14/train/images/Image_33_jpg.rf.188d8da73dd1274f9cc1a1ef9c338aff.jpg,raw/emam_v14/train/labels/Image_33_jpg.rf.188d8da73dd1274f9cc1a1ef9c338aff.txt,garlic
train,raw/emam_v14/train/images/Image_33_jpg.rf.353bcda43bafad810b81c2c4bb1d0da3.jpg,raw/emam_v14/train/labels/Image_33_jpg.rf.353bcda43bafad810b81c2c4bb1d0da3.txt,garlic
train,raw/emam_v14/train/images/Image_33_jpg.rf.3896952bb56f801edddebb4ffbd02ee9.jpg,raw/emam_v14/train/labels/Image_33_jpg.rf.3896952bb56f801edddebb4ffbd02ee9.txt,cucumber
train,raw/emam_v14/train/images/Image_33_jpg.rf.40a548c75258710214e3a3c6fd996fcc.jpg,raw/emam_v14/train/labels/Image_33_jpg.rf.40a548c75258710214e3a3c6fd996fcc.txt,ginger
train,raw/emam_v14/train/images/Image_33_jpg.rf.542a67b4f8c919144813418e7485f59e.jpg,raw/emam_v14/train/labels/Image_33_jpg.rf.542a67b4f8c919144813418e7485f59e.txt,radish
train,raw/emam_v14/train/images/Image_33_jpg.rf.581dbeaf76e72eb726ba4b76ce0e9480.jpg,raw/emam_v14/train/labels/Image_33_jpg.rf.581dbeaf76e72eb726ba4b76ce0e9480.txt,bellpepper
train,raw/emam_v14/train/images/Image_33_jpg.rf.5e1b08453a34affb73b8a9def43853c0.jpg,raw/emam_v14/train/labels/Image_33_jpg.rf.5e1b08453a34affb73b8a9def43853c0.txt,ginger
train,raw/emam_v14/train/images/Image_33_jpg.rf.66bad401342d9ee93f67dd9bb3185171.jpg,raw/emam_v14/train/labels/Image_33_jpg.rf.66bad401342d9ee93f67dd9bb3185171.txt,eggplant
train,raw/emam_v14/train/images/Image_33_jpg.rf.66fa1fa47d36f81cb433c025c5580120.jpg,raw/emam_v14/train/labels/Image_33_jpg.rf.66fa1fa47d36f81cb433c025c5580120.txt,corn
train,raw/emam_v14/train/images/Image_33_jpg.rf.6f074914c05907e5bbbdb41ce293b0bf.jpg,raw/emam_v14/train/labels/Image_33_jpg.rf.6f074914c05907e5bbbdb41ce293b0bf.txt,corn
train,raw/emam_v14/train/images/Image_33_jpg.rf.7c94898ba8212d4cb60d04a1d4bcc4f9.jpg,raw/emam_v14/train/labels/Image_33_jpg.rf.7c94898ba8212d4cb60d04a1d4bcc4f9.txt,bellpepper
train,raw/emam_v14/train/images/Image_33_jpg.rf.7ea2a302ff1b68b9014c83619790a984.jpg,raw/emam_v14/train/labels/Image_33_jpg.rf.7ea2a302ff1b68b9014c83619790a984.txt,eggplant
train,raw/emam_v14/train/images/Image_33_jpg.rf.7f14eda37d158cf9e548cd4d42104588.jpg,raw/emam_v14/train/labels/Image_33_jpg.rf.7f14eda37d158cf9e548cd4d42104588.txt,chillipepper
train,raw/emam_v14/train/images/Image_33_jpg.rf.827238e19dec03e4fd1a397a5af0f5ac.jpg,raw/emam_v14/train/labels/Image_33_jpg.rf.827238e19dec03e4fd1a397a5af0f5ac.txt,garlic
train,raw/emam_v14/train/images/Image_33_jpg.rf.884f8dea53b2e4b807f459ec647fd3dd.jpg,raw/emam_v14/train/labels/Image_33_jpg.rf.884f8dea53b2e4b807f459ec647fd3dd.txt,tomato
train,raw/emam_v14/train/images/Image_33_jpg.rf.8a1c173e761c0fe76ef21e3fbf575862.jpg,raw/emam_v14/train/labels/Image_33_jpg.rf.8a1c173e761c0fe76ef21e3fbf575862.txt,corn
train,raw/emam_v14/train/images/Image_33_jpg.rf.940f54771ba4867f639c385461ec8ca5.jpg,raw/emam_v14/train/labels/Image_33_jpg.rf.940f54771ba4867f639c385461ec8ca5.txt,cucumber
train,raw/emam_v14/train/images/Image_33_jpg.rf.99460c9136016aaac34a6868bd08ce64.jpg,raw/emam_v14/train/labels/Image_33_jpg.rf.99460c9136016aaac34a6868bd08ce64.txt,cucumber
train,raw/emam_v14/train/images/Image_33_jpg.rf.9bcaa9776d29f5d405e13850eaf112c6.jpg,raw/emam_v14/train/labels/Image_33_jpg.rf.9bcaa9776d29f5d405e13850eaf112c6.txt,eggplant
train,raw/emam_v14/train/images/Image_33_jpg.rf.aca29d14192eee374ce002fd722e72cb.jpg,raw/emam_v14/train/labels/Image_33_jpg.rf.aca29d14192eee374ce002fd722e72cb.txt,ladyfinger
train,raw/emam_v14/train/images/Image_33_jpg.rf.b0a59da9bf52e3a9858e1f672ac8dfa1.jpg,raw/emam_v14/train/labels/Image_33_jpg.rf.b0a59da9bf52e3a9858e1f672ac8dfa1.txt,ladyfinger
train,raw/emam_v14/train/images/Image_33_jpg.rf.bd710edcece3112e7aec4da1ad47c4a8.jpg,raw/emam_v14/train/labels/Image_33_jpg.rf.bd710edcece3112e7aec4da1ad47c4a8.txt,cabbage
train,raw/emam_v14/train/images/Image_33_jpg.rf.bdbb38c492384c7d5dec567b896295fe.jpg,raw/emam_v14/train/labels/Image_33_jpg.rf.bdbb38c492384c7d5dec567b896295fe.txt,ladyfinger
train,raw/emam_v14/train/images/Image_33_jpg.rf.e2e01aa54f9a408f441b093292ee7458.jpg,raw/emam_v14/train/labels/Image_33_jpg.rf.e2e01aa54f9a408f441b093292ee7458.txt,chillipepper
train,raw/emam_v14/train/images/Image_33_jpg.rf.e57619c00f1d8272d341ead1648aaac5.jpg,raw/emam_v14/train/labels/Image_33_jpg.rf.e57619c00f1d8272d341ead1648aaac5.txt,tomato
train,raw/emam_v14/train/images/Image_33_jpg.rf.ef3fcd61d88d3b70e3e4e69135e82738.jpg,raw/emam_v14/train/labels/Image_33_jpg.rf.ef3fcd61d88d3b70e3e4e69135e82738.txt,radish
train,raw/emam_v14/train/images/Image_33_jpg.rf.f65c9b842ca7b9fdaff7385fe617bc8a.jpg,raw/emam_v14/train/labels/Image_33_jpg.rf.f65c9b842ca7b9fdaff7385fe617bc8a.txt,tomato
train,raw/emam_v14/train/images/Image_33_png_jpg.rf.07d1fcef820a2fc17194633146d1e16c.jpg,raw/emam_v14/train/labels/Image_33_png_jpg.rf.07d1fcef820a2fc17194633146d1e16c.txt,cauliflower
train,raw/emam_v14/train/images/Image_33_png_jpg.rf.0ceeb2fe9eeea50f86a8abb51da21bf1.jpg,raw/emam_v14/train/labels/Image_33_png_jpg.rf.0ceeb2fe9eeea50f86a8abb51da21bf1.txt,cauliflower
train,raw/emam_v14/train/images/Image_33_png_jpg.rf.4ee96bcf9a5355205a168276f733b780.jpg,raw/emam_v14/train/labels/Image_33_png_jpg.rf.4ee96bcf9a5355205a168276f733b780.txt,onion
train,raw/emam_v14/train/images/Image_33_png_jpg.rf.55141691fc6bcf840436bb8eda323602.jpg,raw/emam_v14/train/labels/Image_33_png_jpg.rf.55141691fc6bcf840436bb8eda323602.txt,peas
train,raw/emam_v14/train/images/Image_33_png_jpg.rf.69a5c5eee071e77b525e369ad9b5bbea.jpg,raw/emam_v14/train/labels/Image_33_png_jpg.rf.69a5c5eee071e77b525e369ad9b5bbea.txt,onion
train,raw/emam_v14/train/images/Image_33_png_jpg.rf.960afb5e8d6a2bd44b31acd147edd72e.jpg,raw/emam_v14/train/labels/Image_33_png_jpg.rf.960afb5e8d6a2bd44b31acd147edd72e.txt,peas
train,raw/emam_v14/train/images/Image_33_png_jpg.rf.b191495f652da8d9a0997eea2ebdeaa7.jpg,raw/emam_v14/train/labels/Image_33_png_jpg.rf.b191495f652da8d9a0997eea2ebdeaa7.txt,onion
train,raw/emam_v14/train/images/Image_33_png_jpg.rf.cad1df855fd39a8c50586eee5e060803.jpg,raw/emam_v14/train/labels/Image_33_png_jpg.rf.cad1df855fd39a8c50586eee5e060803.txt,cauliflower
train,raw/emam_v14/train/images/Image_33_png_jpg.rf.fd65a4e34476bfb77e2c61eaaedca849.jpg,raw/emam_v14/train/labels/Image_33_png_jpg.rf.fd65a4e34476bfb77e2c61eaaedca849.txt,peas
train,raw/emam_v14/train/images/Image_34_JPG_jpg.rf.0ec9b92178779778617ffd72ed3dbfbd.jpg,raw/emam_v14/train/labels/Image_34_JPG_jpg.rf.0ec9b92178779778617ffd72ed3dbfbd.txt,corn
train,raw/emam_v14/train/images/Image_34_JPG_jpg.rf.38c288339714a2aacbf09b2b421e3f48.jpg,raw/emam_v14/train/labels/Image_34_JPG_jpg.rf.38c288339714a2aacbf09b2b421e3f48.txt,eggplant
train,raw/emam_v14/train/images/Image_34_JPG_jpg.rf.595644930b3a20019566dab296b9553f.jpg,raw/emam_v14/train/labels/Image_34_JPG_jpg.rf.595644930b3a20019566dab296b9553f.txt,corn
train,raw/emam_v14/train/images/Image_34_JPG_jpg.rf.853224988e6ef62b54c0d5e0e084864a.jpg,raw/emam_v14/train/labels/Image_34_JPG_jpg.rf.853224988e6ef62b54c0d5e0e084864a.txt,cauliflower
train,raw/emam_v14/train/images/Image_34_JPG_jpg.rf.8b1a29b32b9f91619de5e84e58b6d79f.jpg,raw/emam_v14/train/labels/Image_34_JPG_jpg.rf.8b1a29b32b9f91619de5e84e58b6d79f.txt,eggplant
train,raw/emam_v14/train/images/Image_34_JPG_jpg.rf.cb02a786b4ab48363e2cb4161e42d150.jpg,raw/emam_v14/train/labels/Image_34_JPG_jpg.rf.cb02a786b4ab48363e2cb4161e42d150.txt,cauliflower
train,raw/emam_v14/train/images/Image_34_JPG_jpg.rf.e773730ad55c559a6da2221608d3e24b.jpg,raw/emam_v14/train/labels/Image_34_JPG_jpg.rf.e773730ad55c559a6da2221608d3e24b.txt,eggplant
train,raw/emam_v14/train/images/Image_34_JPG_jpg.rf.f793a4af3b25a5aa3b0bda1f139995a1.jpg,raw/emam_v14/train/labels/Image_34_JPG_jpg.rf.f793a4af3b25a5aa3b0bda1f139995a1.txt,cauliflower
train,raw/emam_v14/train/images/Image_34_JPG_jpg.rf.fcaf31bf274bf5d54a3923baaa0a1a0f.jpg,raw/emam_v14/train/labels/Image_34_JPG_jpg.rf.fcaf31bf274bf5d54a3923baaa0a1a0f.txt,corn
train,raw/emam_v14/train/images/Image_34_jpg.rf.01356e007c4ec48236ea7e293e7a318d.jpg,raw/emam_v14/train/labels/Image_34_jpg.rf.01356e007c4ec48236ea7e293e7a318d.txt,sweetcorn
train,raw/emam_v14/train/images/Image_34_jpg.rf.04d7e970c587f9ffaa0132afd5377eb3.jpg,raw/emam_v14/train/labels/Image_34_jpg.rf.04d7e970c587f9ffaa0132afd5377eb3.txt,turnip
train,raw/emam_v14/train/images/Image_34_jpg.rf.097a3ad6a50ecf1f6109ccf9142033e5.jpg,raw/emam_v14/train/labels/Image_34_jpg.rf.097a3ad6a50ecf1f6109ccf9142033e5.txt,sweetcorn
train,raw/emam_v14/train/images/Image_34_jpg.rf.0b8fe8a7b5ace48379e11ca07cf6ea35.jpg,raw/emam_v14/train/labels/Image_34_jpg.rf.0b8fe8a7b5ace48379e11ca07cf6ea35.txt,cucumber
train,raw/emam_v14/train/images/Image_34_jpg.rf.0cae85d11251abf141e899bc1786da1a.jpg,raw/emam_v14/train/labels/Image_34_jpg.rf.0cae85d11251abf141e899bc1786da1a.txt,radish
train,raw/emam_v14/train/images/Image_34_jpg.rf.1827fdb6441d958d28ff718a80666ed6.jpg,raw/emam_v14/train/labels/Image_34_jpg.rf.1827fdb6441d958d28ff718a80666ed6.txt,carrot
train,raw/emam_v14/train/images/Image_34_jpg.rf.219f7d37e663faa8161e628b5f0bf396.jpg,raw/emam_v14/train/labels/Image_34_jpg.rf.219f7d37e663faa8161e628b5f0bf396.txt,bellpepper
train,raw/emam_v14/train/images/Image_34_jpg.rf.24b71b9ac922986cb7379f4ef11c7bac.jpg,raw/emam_v14/train/labels/Image_34_jpg.rf.24b71b9ac922986cb7379f4ef11c7bac.txt,bellpepper
train,raw/emam_v14/train/images/Image_34_jpg.rf.26c05e8b17354e23ad23df304b540618.jpg,raw/emam_v14/train/labels/Image_34_jpg.rf.26c05e8b17354e23ad23df304b540618.txt,cabbage
train,raw/emam_v14/train/images/Image_34_jpg.rf.307f0422544f3cb52c88424e2f0a2188.jpg,raw/emam_v14/train/labels/Image_34_jpg.rf.307f0422544f3cb52c88424e2f0a2188.txt,bellpepper
train,raw/emam_v14/train/images/Image_34_jpg.rf.3db0b77e4d6223c6e455c00ab0fb7630.jpg,raw/emam_v14/train/labels/Image_34_jpg.rf.3db0b77e4d6223c6e455c00ab0fb7630.txt,beetroot
train,raw/emam_v14/train/images/Image_34_jpg.rf.40dc092f8d08ff48020e973cbd258c81.jpg,raw/emam_v14/train/labels/Image_34_jpg.rf.40dc092f8d08ff48020e973cbd258c81.txt,tomato
train,raw/emam_v14/train/images/Image_34_jpg.rf.4276952b27e2fa0c9ac19cd9cbb47799.jpg,raw/emam_v14/train/labels/Image_34_jpg.rf.4276952b27e2fa0c9ac19cd9cbb47799.txt,ginger
train,raw/emam_v14/train/images/Image_34_jpg.rf.43d2071bb52c15d6148734f219bc3982.jpg,raw/emam_v14/train/labels/Image_34_jpg.rf.43d2071bb52c15d6148734f219bc3982.txt,beetroot
train,raw/emam_v14/train/images/Image_34_jpg.rf.4c94926520c18184ddb579ac4cfa5abc.jpg,raw/emam_v14/train/labels/Image_34_jpg.rf.4c94926520c18184ddb579ac4cfa5abc.txt,ginger
train,raw/emam_v14/train/images/Image_34_jpg.rf.503d0a81fdf39e40c42e5ac05fba195c.jpg,raw/emam_v14/train/labels/Image_34_jpg.rf.503d0a81fdf39e40c42e5ac05fba195c.txt,cucumber
train,raw/emam_v14/train/images/Image_34_jpg.rf.51df32c979b1e4b38a50e5172f1119fc.jpg,raw/emam_v14/train/labels/Image_34_jpg.rf.51df32c979b1e4b38a50e5172f1119fc.txt,bellpepper
train,raw/emam_v14/train/images/Image_34_jpg.rf.54c96d478ec3f1cdfe2eaeacf2e8b4a4.jpg,raw/emam_v14/train/labels/Image_34_jpg.rf.54c96d478ec3f1cdfe2eaeacf2e8b4a4.txt,peas
train,raw/emam_v14/train/images/Image_34_jpg.rf.55f35dc5572b8ceb01e418a5c7c4553f.jpg,raw/emam_v14/train/labels/Image_34_jpg.rf.55f35dc5572b8ceb01e418a5c7c4553f.txt,bellpepper
train,raw/emam_v14/train/images/Image_34_jpg.rf.57aa82adb82923046d1d753fcbe8901c.jpg,raw/emam_v14/train/labels/Image_34_jpg.rf.57aa82adb82923046d1d753fcbe8901c.txt,carrot
train,raw/emam_v14/train/images/Image_34_jpg.rf.5fce020df0526435fa6c378a36459161.jpg,raw/emam_v14/train/labels/Image_34_jpg.rf.5fce020df0526435fa6c378a36459161.txt,bellpepper
train,raw/emam_v14/train/images/Image_34_jpg.rf.664876d7b7a8e6988711cd414aa0e5c0.jpg,raw/emam_v14/train/labels/Image_34_jpg.rf.664876d7b7a8e6988711cd414aa0e5c0.txt,cabbage
train,raw/emam_v14/train/images/Image_34_jpg.rf.672da1de26f3b0ba498484108981e6dc.jpg,raw/emam_v14/train/labels/Image_34_jpg.rf.672da1de26f3b0ba498484108981e6dc.txt,tomato
train,raw/emam_v14/train/images/Image_34_jpg.rf.6a4f38e3f6a981be19482f2b7593429e.jpg,raw/emam_v14/train/labels/Image_34_jpg.rf.6a4f38e3f6a981be19482f2b7593429e.txt,sweetpotato
train,raw/emam_v14/train/images/Image_34_jpg.rf.7ea73357655d7ae71d04a3dd1bd43e91.jpg,raw/emam_v14/train/labels/Image_34_jpg.rf.7ea73357655d7ae71d04a3dd1bd43e91.txt,peas
train,raw/emam_v14/train/images/Image_34_jpg.rf.7ed685ada381a60e15ca731bec1b6e08.jpg,raw/emam_v14/train/labels/Image_34_jpg.rf.7ed685ada381a60e15ca731bec1b6e08.txt,sweetpotato
train,raw/emam_v14/train/images/Image_34_jpg.rf.7fa8c321f216b795edb8b0284950810d.jpg,raw/emam_v14/train/labels/Image_34_jpg.rf.7fa8c321f216b795edb8b0284950810d.txt,potato
train,raw/emam_v14/train/images/Image_34_jpg.rf.8ac481af4cd0f450e97cd9a737bbb065.jpg,raw/emam_v14/train/labels/Image_34_jpg.rf.8ac481af4cd0f450e97cd9a737bbb065.txt,radish
train,raw/emam_v14/train/images/Image_34_jpg.rf.8ed671d80fb4d4195ee266384677b0bb.jpg,raw/emam_v14/train/labels/Image_34_jpg.rf.8ed671d80fb4d4195ee266384677b0bb.txt,tomato
train,raw/emam_v14/train/images/Image_34_jpg.rf.99564571d460f8562f5fa793d7461730.jpg,raw/emam_v14/train/labels/Image_34_jpg.rf.99564571d460f8562f5fa793d7461730.txt,cabbage
train,raw/emam_v14/train/images/Image_34_jpg.rf.9a549cf6cb104d7bc61b0091a634c1d8.jpg,raw/emam_v14/train/labels/Image_34_jpg.rf.9a549cf6cb104d7bc61b0091a634c1d8.txt,carrot
train,raw/emam_v14/train/images/Image_34_jpg.rf.9d977864019b903ac5a00b2c5703fc73.jpg,raw/emam_v14/train/labels/Image_34_jpg.rf.9d977864019b903ac5a00b2c5703fc73.txt,peas
train,raw/emam_v14/train/images/Image_34_jpg.rf.a819452360b69733fadd073294b56550.jpg,raw/emam_v14/train/labels/Image_34_jpg.rf.a819452360b69733fadd073294b56550.txt,sweetpotato
train,raw/emam_v14/train/images/Image_34_jpg.rf.b674a11831795bf7364c5d68bd672fac.jpg,raw/emam_v14/train/labels/Image_34_jpg.rf.b674a11831795bf7364c5d68bd672fac.txt,ginger
train,raw/emam_v14/train/images/Image_34_jpg.rf.b87d53558b4b144367fe380f20d0b8eb.jpg,raw/emam_v14/train/labels/Image_34_jpg.rf.b87d53558b4b144367fe380f20d0b8eb.txt,cucumber
train,raw/emam_v14/train/images/Image_34_jpg.rf.bbbaf56379477cfaa768a18d7acf4f3e.jpg,raw/emam_v14/train/labels/Image_34_jpg.rf.bbbaf56379477cfaa768a18d7acf4f3e.txt,turnip
train,raw/emam_v14/train/images/Image_34_jpg.rf.bf887937c9c76a7d452f063dfdf34e97.jpg,raw/emam_v14/train/labels/Image_34_jpg.rf.bf887937c9c76a7d452f063dfdf34e97.txt,beetroot
train,raw/emam_v14/train/images/Image_34_jpg.rf.cfe93ee961da7cc292323baf926c0fb1.jpg,raw/emam_v14/train/labels/Image_34_jpg.rf.cfe93ee961da7cc292323baf926c0fb1.txt,potato
train,raw/emam_v14/train/images/Image_34_jpg.rf.e0dc44b4927c7b8ced4ef6e74fcafd8d.jpg,raw/emam_v14/train/labels/Image_34_jpg.rf.e0dc44b4927c7b8ced4ef6e74fcafd8d.txt,turnip
train,raw/emam_v14/train/images/Image_34_jpg.rf.e59aca5a6cd5168efc516e20746ecdb2.jpg,raw/emam_v14/train/labels/Image_34_jpg.rf.e59aca5a6cd5168efc516e20746ecdb2.txt,radish
train,raw/emam_v14/train/images/Image_34_jpg.rf.f4e5de25c8bd05111f2e613119d23221.jpg,raw/emam_v14/train/labels/Image_34_jpg.rf.f4e5de25c8bd05111f2e613119d23221.txt,potato
train,raw/emam_v14/train/images/Image_34_jpg.rf.fe0e0a333016107f8853b5a07c495455.jpg,raw/emam_v14/train/labels/Image_34_jpg.rf.fe0e0a333016107f8853b5a07c495455.txt,sweetcorn
train,raw/emam_v14/train/images/Image_34_png_jpg.rf.0ae12d7d828a493de39d81026a156c9b.jpg,raw/emam_v14/train/labels/Image_34_png_jpg.rf.0ae12d7d828a493de39d81026a156c9b.txt,onion
train,raw/emam_v14/train/images/Image_34_png_jpg.rf.1632f4f6ffc34cb6c517051efe419024.jpg,raw/emam_v14/train/labels/Image_34_png_jpg.rf.1632f4f6ffc34cb6c517051efe419024.txt,onion
train,raw/emam_v14/train/images/Image_34_png_jpg.rf.5792c96cdc9f123127dd63d28623cbc8.jpg,raw/emam_v14/train/labels/Image_34_png_jpg.rf.5792c96cdc9f123127dd63d28623cbc8.txt,onion
train,raw/emam_v14/train/images/Image_35_jpeg_jpg.rf.52298a8328e87372038db6cff21aad7d.jpg,raw/emam_v14/train/labels/Image_35_jpeg_jpg.rf.52298a8328e87372038db6cff21aad7d.txt,tomato
train,raw/emam_v14/train/images/Image_35_jpeg_jpg.rf.a6d36a819755b85517662904ab53656f.jpg,raw/emam_v14/train/labels/Image_35_jpeg_jpg.rf.a6d36a819755b85517662904ab53656f.txt,tomato
train,raw/emam_v14/train/images/Image_35_jpeg_jpg.rf.e79c21dc999eb97fed384c384b7be591.jpg,raw/emam_v14/train/labels/Image_35_jpeg_jpg.rf.e79c21dc999eb97fed384c384b7be591.txt,tomato
train,raw/emam_v14/train/images/Image_35_jpg.rf.084d07f28e9a9db773525cdbf1b9baa6.jpg,raw/emam_v14/train/labels/Image_35_jpg.rf.084d07f28e9a9db773525cdbf1b9baa6.txt,ginger
train,raw/emam_v14/train/images/Image_35_jpg.rf.1d29ad4c362e9d47cfac34fe4e64285e.jpg,raw/emam_v14/train/labels/Image_35_jpg.rf.1d29ad4c362e9d47cfac34fe4e64285e.txt,sweetpotato
train,raw/emam_v14/train/images/Image_35_jpg.rf.2266193f69d32bbb2493465d638b1b78.jpg,raw/emam_v14/train/labels/Image_35_jpg.rf.2266193f69d32bbb2493465d638b1b78.txt,bellpepper
train,raw/emam_v14/train/images/Image_35_jpg.rf.2e82417b2b15704c3add0b8e54c25960.jpg,raw/emam_v14/train/labels/Image_35_jpg.rf.2e82417b2b15704c3add0b8e54c25960.txt,ladyfinger
train,raw/emam_v14/train/images/Image_35_jpg.rf.3495accaf91bf7514d1cb60706e047a5.jpg,raw/emam_v14/train/labels/Image_35_jpg.rf.3495accaf91bf7514d1cb60706e047a5.txt,lettuce
train,raw/emam_v14/train/images/Image_35_jpg.rf.3b156547fc568185c1bf4d348a6983ef.jpg,raw/emam_v14/train/labels/Image_35_jpg.rf.3b156547fc568185c1bf4d348a6983ef.txt,carrot
train,raw/emam_v14/train/images/Image_35_jpg.rf.3db493d63d9b17c1071869c4b2d74e2a.jpg,raw/emam_v14/train/labels/Image_35_jpg.rf.3db493d63d9b17c1071869c4b2d74e2a.txt,bellpepper
train,raw/emam_v14/train/images/Image_35_jpg.rf.47b1218267bf14eec613aa3b89ada60f.jpg,raw/emam_v14/train/labels/Image_35_jpg.rf.47b1218267bf14eec613aa3b89ada60f.txt,ladyfinger
train,raw/emam_v14/train/images/Image_35_jpg.rf.4c4a6e6b0fe8c42e0cebe32af9bc1dda.jpg,raw/emam_v14/train/labels/Image_35_jpg.rf.4c4a6e6b0fe8c42e0cebe32af9bc1dda.txt,bellpepper
train,raw/emam_v14/train/images/Image_35_jpg.rf.51b440641f4239f116bab84c0171f049.jpg,raw/emam_v14/train/labels/Image_35_jpg.rf.51b440641f4239f116bab84c0171f049.txt,turnip
train,raw/emam_v14/train/images/Image_35_jpg.rf.54a7903ad388811ca6a314103f203ca7.jpg,raw/emam_v14/train/labels/Image_35_jpg.rf.54a7903ad388811ca6a314103f203ca7.txt,turnip
train,raw/emam_v14/train/images/Image_35_jpg.rf.5c21985ac060db7f10a61a032dba57d2.jpg,raw/emam_v14/train/labels/Image_35_jpg.rf.5c21985ac060db7f10a61a032dba57d2.txt,beetroot
train,raw/emam_v14/train/images/Image_35_jpg.rf.6acde0636f53a4a14b6772e5b39ce642.jpg,raw/emam_v14/train/labels/Image_35_jpg.rf.6acde0636f53a4a14b6772e5b39ce642.txt,ginger
train,raw/emam_v14/train/images/Image_35_jpg.rf.6d74f453d9f05f592cea6d63a941709c.jpg,raw/emam_v14/train/labels/Image_35_jpg.rf.6d74f453d9f05f592cea6d63a941709c.txt,lettuce
train,raw/emam_v14/train/images/Image_35_jpg.rf.727ee61510a67d99fddc8cb675812cc0.jpg,raw/emam_v14/train/labels/Image_35_jpg.rf.727ee61510a67d99fddc8cb675812cc0.txt,peas
train,raw/emam_v14/train/images/Image_35_jpg.rf.78d371dfba0226077e0047c13957af12.jpg,raw/emam_v14/train/labels/Image_35_jpg.rf.78d371dfba0226077e0047c13957af12.txt,lemon
train,raw/emam_v14/train/images/Image_35_jpg.rf.7cd406328949ce6a37124873c5687554.jpg,raw/emam_v14/train/labels/Image_35_jpg.rf.7cd406328949ce6a37124873c5687554.txt,carrot
train,raw/emam_v14/train/images/Image_35_jpg.rf.8337906ec1e5c8f3f69e91605b605feb.jpg,raw/emam_v14/train/labels/Image_35_jpg.rf.8337906ec1e5c8f3f69e91605b605feb.txt,chillipepper
train,raw/emam_v14/train/images/Image_35_jpg.rf.83771a8f350aa26c64fd3ea14a9d77b7.jpg,raw/emam_v14/train/labels/Image_35_jpg.rf.83771a8f350aa26c64fd3ea14a9d77b7.txt,chillipepper
train,raw/emam_v14/train/images/Image_35_jpg.rf.85df8a28507a76466ec35024ba6351eb.jpg,raw/emam_v14/train/labels/Image_35_jpg.rf.85df8a28507a76466ec35024ba6351eb.txt,sweetpotato
train,raw/emam_v14/train/images/Image_35_jpg.rf.879080a6ba992570e636e7ac54fb91b6.jpg,raw/emam_v14/train/labels/Image_35_jpg.rf.879080a6ba992570e636e7ac54fb91b6.txt,radish
train,raw/emam_v14/train/images/Image_35_jpg.rf.884083e761400e187c7181c19e216a83.jpg,raw/emam_v14/train/labels/Image_35_jpg.rf.884083e761400e187c7181c19e216a83.txt,sweetpotato
train,raw/emam_v14/train/images/Image_35_jpg.rf.93bd4fafaaf2e7da5139d1b9b58266ca.jpg,raw/emam_v14/train/labels/Image_35_jpg.rf.93bd4fafaaf2e7da5139d1b9b58266ca.txt,peas
train,raw/emam_v14/train/images/Image_35_jpg.rf.962f3c095809fb147e993f33404b140f.jpg,raw/emam_v14/train/labels/Image_35_jpg.rf.962f3c095809fb147e993f33404b140f.txt,radish
train,raw/emam_v14/train/images/Image_35_jpg.rf.9a83b4f1783c253d9d418f911fe10d2d.jpg,raw/emam_v14/train/labels/Image_35_jpg.rf.9a83b4f1783c253d9d418f911fe10d2d.txt,lettuce
train,raw/emam_v14/train/images/Image_35_jpg.rf.9bc700d35efdf2123967707a559987a1.jpg,raw/emam_v14/train/labels/Image_35_jpg.rf.9bc700d35efdf2123967707a559987a1.txt,turnip
train,raw/emam_v14/train/images/Image_35_jpg.rf.9cd9fa2f862032e06f8024e8ff701af6.jpg,raw/emam_v14/train/labels/Image_35_jpg.rf.9cd9fa2f862032e06f8024e8ff701af6.txt,lemon
train,raw/emam_v14/train/images/Image_35_jpg.rf.a588f4fee06e816e800960b52729073a.jpg,raw/emam_v14/train/labels/Image_35_jpg.rf.a588f4fee06e816e800960b52729073a.txt,carrot
train,raw/emam_v14/train/images/Image_35_jpg.rf.affddae1a9d6807a131a3e5f1c215366.jpg,raw/emam_v14/train/labels/Image_35_jpg.rf.affddae1a9d6807a131a3e5f1c215366.txt,radish
train,raw/emam_v14/train/images/Image_35_jpg.rf.b94ebdd0f7055ccc805e9dd916381176.jpg,raw/emam_v14/train/labels/Image_35_jpg.rf.b94ebdd0f7055ccc805e9dd916381176.txt,beetroot
train,raw/emam_v14/train/images/Image_35_jpg.rf.bddcf137da6de0158fffb06c8a1b32a1.jpg,raw/emam_v14/train/labels/Image_35_jpg.rf.bddcf137da6de0158fffb06c8a1b32a1.txt,ladyfinger
train,raw/emam_v14/train/images/Image_35_jpg.rf.ca9689716692b7535ffbf982c2aed963.jpg,raw/emam_v14/train/labels/Image_35_jpg.rf.ca9689716692b7535ffbf982c2aed963.txt,ginger
train,raw/emam_v14/train/images/Image_35_jpg.rf.d386bea378cee5fd5d3160b97426d111.jpg,raw/emam_v14/train/labels/Image_35_jpg.rf.d386bea378cee5fd5d3160b97426d111.txt,beetroot
train,raw/emam_v14/train/images/Image_35_jpg.rf.e49e1c1fed3dcede1b4abdb8184c334b.jpg,raw/emam_v14/train/labels/Image_35_jpg.rf.e49e1c1fed3dcede1b4abdb8184c334b.txt,chillipepper
train,raw/emam_v14/train/images/Image_35_jpg.rf.e4ad3d210266b6fd49a2b1389f9e3238.jpg,raw/emam_v14/train/labels/Image_35_jpg.rf.e4ad3d210266b6fd49a2b1389f9e3238.txt,lemon
train,raw/emam_v14/train/images/Image_35_jpg.rf.f586b0fe191da0187f0577fc240cb0c2.jpg,raw/emam_v14/train/labels/Image_35_jpg.rf.f586b0fe191da0187f0577fc240cb0c2.txt,peas
train,raw/emam_v14/train/images/Image_35_png_jpg.rf.38ed3352613d5c9a03204ebf5116a961.jpg,raw/emam_v14/train/labels/Image_35_png_jpg.rf.38ed3352613d5c9a03204ebf5116a961.txt,onion
train,raw/emam_v14/train/images/Image_35_png_jpg.rf.8db1b54807e783e054603e7b5349720f.jpg,raw/emam_v14/train/labels/Image_35_png_jpg.rf.8db1b54807e783e054603e7b5349720f.txt,onion
train,raw/emam_v14/train/images/Image_35_png_jpg.rf.fce4d4fe1b50ce0ae7db7a451130dfa7.jpg,raw/emam_v14/train/labels/Image_35_png_jpg.rf.fce4d4fe1b50ce0ae7db7a451130dfa7.txt,onion
train,raw/emam_v14/train/images/Image_36_JPG_jpg.rf.45e80734ed54721b2fa7ae88812d4eab.jpg,raw/emam_v14/train/labels/Image_36_JPG_jpg.rf.45e80734ed54721b2fa7ae88812d4eab.txt,lettuce
train,raw/emam_v14/train/images/Image_36_JPG_jpg.rf.a2af9ab01ebd0de4f0b198e2605160fe.jpg,raw/emam_v14/train/labels/Image_36_JPG_jpg.rf.a2af9ab01ebd0de4f0b198e2605160fe.txt,lettuce
train,raw/emam_v14/train/images/Image_36_JPG_jpg.rf.e67cbee11523c8586eb0a141435bc464.jpg,raw/emam_v14/train/labels/Image_36_JPG_jpg.rf.e67cbee11523c8586eb0a141435bc464.txt,lettuce
train,raw/emam_v14/train/images/Image_36_jpeg_jpg.rf.549d0c7263515532e5955e34d698579a.jpg,raw/emam_v14/train/labels/Image_36_jpeg_jpg.rf.549d0c7263515532e5955e34d698579a.txt,cucumber
train,raw/emam_v14/train/images/Image_36_jpeg_jpg.rf.d99433c30aa07791603cf6a70703ee06.jpg,raw/emam_v14/train/labels/Image_36_jpeg_jpg.rf.d99433c30aa07791603cf6a70703ee06.txt,cucumber
train,raw/emam_v14/train/images/Image_36_jpeg_jpg.rf.f24d27d0cde7cf43d6069966640b9d2f.jpg,raw/emam_v14/train/labels/Image_36_jpeg_jpg.rf.f24d27d0cde7cf43d6069966640b9d2f.txt,cucumber
train,raw/emam_v14/train/images/Image_36_jpg.rf.095786643d49bce576767547d948e1aa.jpg,raw/emam_v14/train/labels/Image_36_jpg.rf.095786643d49bce576767547d948e1aa.txt,cauliflower
train,raw/emam_v14/train/images/Image_36_jpg.rf.0c6e05a7fb813b551acdbe998792c25e.jpg,raw/emam_v14/train/labels/Image_36_jpg.rf.0c6e05a7fb813b551acdbe998792c25e.txt,sweetcorn
train,raw/emam_v14/train/images/Image_36_jpg.rf.0e4c0c7dea401b87d5b04faa4fdb895a.jpg,raw/emam_v14/train/labels/Image_36_jpg.rf.0e4c0c7dea401b87d5b04faa4fdb895a.txt,cauliflower
train,raw/emam_v14/train/images/Image_36_jpg.rf.1760d8c9f653a1b77d36a0d48c3c69e6.jpg,raw/emam_v14/train/labels/Image_36_jpg.rf.1760d8c9f653a1b77d36a0d48c3c69e6.txt,radish
train,raw/emam_v14/train/images/Image_36_jpg.rf.17b33932e2cf3ee195d990202d01b260.jpg,raw/emam_v14/train/labels/Image_36_jpg.rf.17b33932e2cf3ee195d990202d01b260.txt,spinach
train,raw/emam_v14/train/images/Image_36_jpg.rf.1aa40463988a30c4b3da94bd5640a289.jpg,raw/emam_v14/train/labels/Image_36_jpg.rf.1aa40463988a30c4b3da94bd5640a289.txt,sweetpotato
train,raw/emam_v14/train/images/Image_36_jpg.rf.1f9388ee148563b0cc18346f31285699.jpg,raw/emam_v14/train/labels/Image_36_jpg.rf.1f9388ee148563b0cc18346f31285699.txt,bellpepper
train,raw/emam_v14/train/images/Image_36_jpg.rf.2377abae4cb9569fafbb82b2b069dd6c.jpg,raw/emam_v14/train/labels/Image_36_jpg.rf.2377abae4cb9569fafbb82b2b069dd6c.txt,peas
train,raw/emam_v14/train/images/Image_36_jpg.rf.28e7bd91960557fa61c8c2fb69c5c928.jpg,raw/emam_v14/train/labels/Image_36_jpg.rf.28e7bd91960557fa61c8c2fb69c5c928.txt,chillipepper
train,raw/emam_v14/train/images/Image_36_jpg.rf.2be6deeee1cf8f8833a40aafb9ec49f4.jpg,raw/emam_v14/train/labels/Image_36_jpg.rf.2be6deeee1cf8f8833a40aafb9ec49f4.txt,carrot
train,raw/emam_v14/train/images/Image_36_jpg.rf.2f366b7b261e78055ae315f7a616fd08.jpg,raw/emam_v14/train/labels/Image_36_jpg.rf.2f366b7b261e78055ae315f7a616fd08.txt,carrot
train,raw/emam_v14/train/images/Image_36_jpg.rf.30aa055d268cc4b302299f852002a985.jpg,raw/emam_v14/train/labels/Image_36_jpg.rf.30aa055d268cc4b302299f852002a985.txt,ladyfinger
train,raw/emam_v14/train/images/Image_36_jpg.rf.3733110ffc28f40e68c46a6ab99133e1.jpg,raw/emam_v14/train/labels/Image_36_jpg.rf.3733110ffc28f40e68c46a6ab99133e1.txt,radish
train,raw/emam_v14/train/images/Image_36_jpg.rf.403bce0af0acf45139f90ff25f97c9e9.jpg,raw/emam_v14/train/labels/Image_36_jpg.rf.403bce0af0acf45139f90ff25f97c9e9.txt,carrot
train,raw/emam_v14/train/images/Image_36_jpg.rf.4d724ea8a38f1a859e78fe08e2989db4.jpg,raw/emam_v14/train/labels/Image_36_jpg.rf.4d724ea8a38f1a859e78fe08e2989db4.txt,spinach
train,raw/emam_v14/train/images/Image_36_jpg.rf.5597d6e9de068e30bb91f89ff7d29b69.jpg,raw/emam_v14/train/labels/Image_36_jpg.rf.5597d6e9de068e30bb91f89ff7d29b69.txt,peas
train,raw/emam_v14/train/images/Image_36_jpg.rf.585ff44a1c16e5440bff619f21f36277.jpg,raw/emam_v14/train/labels/Image_36_jpg.rf.585ff44a1c16e5440bff619f21f36277.txt,chillipepper
train,raw/emam_v14/train/images/Image_36_jpg.rf.5a4c518a7e2f3d0885862a0845c4b8a7.jpg,raw/emam_v14/train/labels/Image_36_jpg.rf.5a4c518a7e2f3d0885862a0845c4b8a7.txt,bellpepper
train,raw/emam_v14/train/images/Image_36_jpg.rf.5ac121e5301de4d0792170ce2a257fe0.jpg,raw/emam_v14/train/labels/Image_36_jpg.rf.5ac121e5301de4d0792170ce2a257fe0.txt,spinach
train,raw/emam_v14/train/images/Image_36_jpg.rf.5e38cffa2d7751583afba0e4dfbdfb0c.jpg,raw/emam_v14/train/labels/Image_36_jpg.rf.5e38cffa2d7751583afba0e4dfbdfb0c.txt,bellpepper
train,raw/emam_v14/train/images/Image_36_jpg.rf.66668b771b9dcd3e43e08a48cac1b6be.jpg,raw/emam_v14/train/labels/Image_36_jpg.rf.66668b771b9dcd3e43e08a48cac1b6be.txt,jalapeno
train,raw/emam_v14/train/images/Image_36_jpg.rf.734a71f0844b9910e7c600f0fbc9103c.jpg,raw/emam_v14/train/labels/Image_36_jpg.rf.734a71f0844b9910e7c600f0fbc9103c.txt,bellpepper
train,raw/emam_v14/train/images/Image_36_jpg.rf.7897e0d5c456938b2f6400afa92d546f.jpg,raw/emam_v14/train/labels/Image_36_jpg.rf.7897e0d5c456938b2f6400afa92d546f.txt,beetroot
train,raw/emam_v14/train/images/Image_36_jpg.rf.8d031bf7511dbdf630bd0a78718cf0ad.jpg,raw/emam_v14/train/labels/Image_36_jpg.rf.8d031bf7511dbdf630bd0a78718cf0ad.txt,beetroot
train,raw/emam_v14/train/images/Image_36_jpg.rf.93b3ec2e3176156ccce6fb83fa4a01fb.jpg,raw/emam_v14/train/labels/Image_36_jpg.rf.93b3ec2e3176156ccce6fb83fa4a01fb.txt,sweetcorn
train,raw/emam_v14/train/images/Image_36_jpg.rf.96cc3405fdee5eb7288585a261c1ea1b.jpg,raw/emam_v14/train/labels/Image_36_jpg.rf.96cc3405fdee5eb7288585a261c1ea1b.txt,sweetpotato
train,raw/emam_v14/train/images/Image_36_jpg.rf.a0c7d01547bd1255d196910ebb13791c.jpg,raw/emam_v14/train/labels/Image_36_jpg.rf.a0c7d01547bd1255d196910ebb13791c.txt,radish
train,raw/emam_v14/train/images/Image_36_jpg.rf.b9a146e72286d3a6dbf027a1a58de8fc.jpg,raw/emam_v14/train/labels/Image_36_jpg.rf.b9a146e72286d3a6dbf027a1a58de8fc.txt,peas
train,raw/emam_v14/train/images/Image_36_jpg.rf.ba698c16e4d86e65cfbb7692c38235be.jpg,raw/emam_v14/train/labels/Image_36_jpg.rf.ba698c16e4d86e65cfbb7692c38235be.txt,cauliflower
train,raw/emam_v14/train/images/Image_36_jpg.rf.bd5caded451661700de66c52445bfe4a.jpg,raw/emam_v14/train/labels/Image_36_jpg.rf.bd5caded451661700de66c52445bfe4a.txt,chillipepper
train,raw/emam_v14/train/images/Image_36_jpg.rf.be31772d3afe36e7057655ac9cd9e704.jpg,raw/emam_v14/train/labels/Image_36_jpg.rf.be31772d3afe36e7057655ac9cd9e704.txt,beetroot
train,raw/emam_v14/train/images/Image_36_jpg.rf.c0f8bac7b7f49cd5c2ed2c1e0983c1c6.jpg,raw/emam_v14/train/labels/Image_36_jpg.rf.c0f8bac7b7f49cd5c2ed2c1e0983c1c6.txt,sweetcorn
train,raw/emam_v14/train/images/Image_36_jpg.rf.c916e53bf05f9a6b133966c10708d933.jpg,raw/emam_v14/train/labels/Image_36_jpg.rf.c916e53bf05f9a6b133966c10708d933.txt,ladyfinger
train,raw/emam_v14/train/images/Image_36_jpg.rf.cd8565880f2748b28725bfa45ad5121b.jpg,raw/emam_v14/train/labels/Image_36_jpg.rf.cd8565880f2748b28725bfa45ad5121b.txt,jalapeno
train,raw/emam_v14/train/images/Image_36_jpg.rf.ddf03ed4da6e2beb4069f581f99fcb48.jpg,raw/emam_v14/train/labels/Image_36_jpg.rf.ddf03ed4da6e2beb4069f581f99fcb48.txt,sweetpotato
train,raw/emam_v14/train/images/Image_36_jpg.rf.e8d212a69ef36ff1bdc46dfe40432d17.jpg,raw/emam_v14/train/labels/Image_36_jpg.rf.e8d212a69ef36ff1bdc46dfe40432d17.txt,bellpepper
train,raw/emam_v14/train/images/Image_36_jpg.rf.f18930062c5a5cc472992c3cbe5c7205.jpg,raw/emam_v14/train/labels/Image_36_jpg.rf.f18930062c5a5cc472992c3cbe5c7205.txt,ladyfinger
train,raw/emam_v14/train/images/Image_36_jpg.rf.f35927c477a8e2b34a5416792e192401.jpg,raw/emam_v14/train/labels/Image_36_jpg.rf.f35927c477a8e2b34a5416792e192401.txt,bellpepper
train,raw/emam_v14/train/images/Image_36_jpg.rf.f42d97b8465168e1b674a0ffe65c63cb.jpg,raw/emam_v14/train/labels/Image_36_jpg.rf.f42d97b8465168e1b674a0ffe65c63cb.txt,jalapeno
train,raw/emam_v14/train/images/Image_36_png_jpg.rf.143a74627da3d222bcb4e01cda3803a6.jpg,raw/emam_v14/train/labels/Image_36_png_jpg.rf.143a74627da3d222bcb4e01cda3803a6.txt,garlic
train,raw/emam_v14/train/images/Image_36_png_jpg.rf.367bfd5f4ffb7f61e700971e1e7145b9.jpg,raw/emam_v14/train/labels/Image_36_png_jpg.rf.367bfd5f4ffb7f61e700971e1e7145b9.txt,garlic
train,raw/emam_v14/train/images/Image_36_png_jpg.rf.8dcc6f240f4818c86be3422883446117.jpg,raw/emam_v14/train/labels/Image_36_png_jpg.rf.8dcc6f240f4818c86be3422883446117.txt,garlic
train,raw/emam_v14/train/images/Image_37_jpg.rf.087c18a36c7e0788ad13036504f74723.jpg,raw/emam_v14/train/labels/Image_37_jpg.rf.087c18a36c7e0788ad13036504f74723.txt,beetroot
train,raw/emam_v14/train/images/Image_37_jpg.rf.0b67f393afce7391c0dd9cc1b9601e29.jpg,raw/emam_v14/train/labels/Image_37_jpg.rf.0b67f393afce7391c0dd9cc1b9601e29.txt,corn
train,raw/emam_v14/train/images/Image_37_jpg.rf.0fa26a054bea954b73247b890ae86195.jpg,raw/emam_v14/train/labels/Image_37_jpg.rf.0fa26a054bea954b73247b890ae86195.txt,chillipepper
train,raw/emam_v14/train/images/Image_37_jpg.rf.1896fa04308d29c1c6d029d91dc443be.jpg,raw/emam_v14/train/labels/Image_37_jpg.rf.1896fa04308d29c1c6d029d91dc443be.txt,cucumber
train,raw/emam_v14/train/images/Image_37_jpg.rf.1c6442a515f3d5de019cb409b8717b2b.jpg,raw/emam_v14/train/labels/Image_37_jpg.rf.1c6442a515f3d5de019cb409b8717b2b.txt,sweetcorn
train,raw/emam_v14/train/images/Image_37_jpg.rf.1c7d84959c66544389b7b0817dbae591.jpg,raw/emam_v14/train/labels/Image_37_jpg.rf.1c7d84959c66544389b7b0817dbae591.txt,bellpepper
train,raw/emam_v14/train/images/Image_37_jpg.rf.1ee62f3a837d145f9d3bc24c6acd337c.jpg,raw/emam_v14/train/labels/Image_37_jpg.rf.1ee62f3a837d145f9d3bc24c6acd337c.txt,tomato
train,raw/emam_v14/train/images/Image_37_jpg.rf.278d548844822f524994c4d1240ce293.jpg,raw/emam_v14/train/labels/Image_37_jpg.rf.278d548844822f524994c4d1240ce293.txt,lettuce
train,raw/emam_v14/train/images/Image_37_jpg.rf.285e6c372ddc14135190347b5ebb8848.jpg,raw/emam_v14/train/labels/Image_37_jpg.rf.285e6c372ddc14135190347b5ebb8848.txt,cabbage
train,raw/emam_v14/train/images/Image_37_jpg.rf.2d97484c489e9e8be7447b34206c259b.jpg,raw/emam_v14/train/labels/Image_37_jpg.rf.2d97484c489e9e8be7447b34206c259b.txt,carrot
train,raw/emam_v14/train/images/Image_37_jpg.rf.314320bc361e9635bb5f381972dfe302.jpg,raw/emam_v14/train/labels/Image_37_jpg.rf.314320bc361e9635bb5f381972dfe302.txt,spinach
train,raw/emam_v14/train/images/Image_37_jpg.rf.33bc575a23d4616a04b623ce1066b9ec.jpg,raw/emam_v14/train/labels/Image_37_jpg.rf.33bc575a23d4616a04b623ce1066b9ec.txt,cauliflower
train,raw/emam_v14/train/images/Image_37_jpg.rf.39cb059a53c39e7da5cc8e304856c938.jpg,raw/emam_v14/train/labels/Image_37_jpg.rf.39cb059a53c39e7da5cc8e304856c938.txt,tomato
train,raw/emam_v14/train/images/Image_37_jpg.rf.3ad6a364a8adfea061bc2e81bbcbaae4.jpg,raw/emam_v14/train/labels/Image_37_jpg.rf.3ad6a364a8adfea061bc2e81bbcbaae4.txt,lettuce
train,raw/emam_v14/train/images/Image_37_jpg.rf.4b606def8f05b0e1533bc8c2a138413d.jpg,raw/emam_v14/train/labels/Image_37_jpg.rf.4b606def8f05b0e1533bc8c2a138413d.txt,ginger
train,raw/emam_v14/train/images/Image_37_jpg.rf.4cad00fa30bdd0cbf004f84c2fcae74f.jpg,raw/emam_v14/train/labels/Image_37_jpg.rf.4cad00fa30bdd0cbf004f84c2fcae74f.txt,bellpepper
train,raw/emam_v14/train/images/Image_37_jpg.rf.4d5051abd0b254f9494c19d0532eb961.jpg,raw/emam_v14/train/labels/Image_37_jpg.rf.4d5051abd0b254f9494c19d0532eb961.txt,cabbage
train,raw/emam_v14/train/images/Image_37_jpg.rf.4eebb0bca649c69a010961a68db13742.jpg,raw/emam_v14/train/labels/Image_37_jpg.rf.4eebb0bca649c69a010961a68db13742.txt,sweetcorn
train,raw/emam_v14/train/images/Image_37_jpg.rf.4f6eae3fc907da74a35dff1807a781ba.jpg,raw/emam_v14/train/labels/Image_37_jpg.rf.4f6eae3fc907da74a35dff1807a781ba.txt,sweetcorn
train,raw/emam_v14/train/images/Image_37_jpg.rf.51a63cc9b345626a8f9819804a52c861.jpg,raw/emam_v14/train/labels/Image_37_jpg.rf.51a63cc9b345626a8f9819804a52c861.txt,ginger
train,raw/emam_v14/train/images/Image_37_jpg.rf.56fd3b82229ae15eee13aa5923a08e57.jpg,raw/emam_v14/train/labels/Image_37_jpg.rf.56fd3b82229ae15eee13aa5923a08e57.txt,bellpepper
train,raw/emam_v14/train/images/Image_37_jpg.rf.5d81a051097fa34efdf24950f3f9b0c8.jpg,raw/emam_v14/train/labels/Image_37_jpg.rf.5d81a051097fa34efdf24950f3f9b0c8.txt,spinach
train,raw/emam_v14/train/images/Image_37_jpg.rf.624998fb80ac3a339fb31d5e68651af1.jpg,raw/emam_v14/train/labels/Image_37_jpg.rf.624998fb80ac3a339fb31d5e68651af1.txt,sweetpotato
train,raw/emam_v14/train/images/Image_37_jpg.rf.658cb298a4fff7e7030775e6744c8cd2.jpg,raw/emam_v14/train/labels/Image_37_jpg.rf.658cb298a4fff7e7030775e6744c8cd2.txt,cabbage
train,raw/emam_v14/train/images/Image_37_jpg.rf.664d75bdacffac1370d1751793c15e41.jpg,raw/emam_v14/train/labels/Image_37_jpg.rf.664d75bdacffac1370d1751793c15e41.txt,corn
train,raw/emam_v14/train/images/Image_37_jpg.rf.72f648f6b07f0d3c20ee92c0dc07213a.jpg,raw/emam_v14/train/labels/Image_37_jpg.rf.72f648f6b07f0d3c20ee92c0dc07213a.txt,cauliflower
train,raw/emam_v14/train/images/Image_37_jpg.rf.79076af01fc2182a92afc3249af7da4f.jpg,raw/emam_v14/train/labels/Image_37_jpg.rf.79076af01fc2182a92afc3249af7da4f.txt,bellpepper
train,raw/emam_v14/train/images/Image_37_jpg.rf.8328fc30496502e5cec9c608de655c37.jpg,raw/emam_v14/train/labels/Image_37_jpg.rf.8328fc30496502e5cec9c608de655c37.txt,carrot
train,raw/emam_v14/train/images/Image_37_jpg.rf.843d3d1ab937939f041d0768daf1b248.jpg,raw/emam_v14/train/labels/Image_37_jpg.rf.843d3d1ab937939f041d0768daf1b248.txt,radish
train,raw/emam_v14/train/images/Image_37_jpg.rf.851086560003fc7f51af3871fcf07e2d.jpg,raw/emam_v14/train/labels/Image_37_jpg.rf.851086560003fc7f51af3871fcf07e2d.txt,bellpepper
train,raw/emam_v14/train/images/Image_37_jpg.rf.8f8fb1d2911e8cb5f3d33cf13c26baf8.jpg,raw/emam_v14/train/labels/Image_37_jpg.rf.8f8fb1d2911e8cb5f3d33cf13c26baf8.txt,turnip
train,raw/emam_v14/train/images/Image_37_jpg.rf.9096f1383c3c2e47bc91155c8b216c87.jpg,raw/emam_v14/train/labels/Image_37_jpg.rf.9096f1383c3c2e47bc91155c8b216c87.txt,lettuce
train,raw/emam_v14/train/images/Image_37_jpg.rf.9d7342e088f7e70d759e1832944bb31c.jpg,raw/emam_v14/train/labels/Image_37_jpg.rf.9d7342e088f7e70d759e1832944bb31c.txt,radish
train,raw/emam_v14/train/images/Image_37_jpg.rf.aa3bfb8e50f01f05a2e99211b75bee79.jpg,raw/emam_v14/train/labels/Image_37_jpg.rf.aa3bfb8e50f01f05a2e99211b75bee79.txt,bellpepper
train,raw/emam_v14/train/images/Image_37_jpg.rf.ac4b051e7277ed4c6c3d9e659c9b8e6d.jpg,raw/emam_v14/train/labels/Image_37_jpg.rf.ac4b051e7277ed4c6c3d9e659c9b8e6d.txt,carrot
train,raw/emam_v14/train/images/Image_37_jpg.rf.ad28cdd2a015da2b28f5c914aaacb1f3.jpg,raw/emam_v14/train/labels/Image_37_jpg.rf.ad28cdd2a015da2b28f5c914aaacb1f3.txt,cauliflower
train,raw/emam_v14/train/images/Image_37_jpg.rf.b136ab4451c36929d78410b4e65551cb.jpg,raw/emam_v14/train/labels/Image_37_jpg.rf.b136ab4451c36929d78410b4e65551cb.txt,beetroot
train,raw/emam_v14/train/images/Image_37_jpg.rf.b1b033ecab9d598d858eaac17149e189.jpg,raw/emam_v14/train/labels/Image_37_jpg.rf.b1b033ecab9d598d858eaac17149e189.txt,cucumber
train,raw/emam_v14/train/images/Image_37_jpg.rf.b2ae712dad4a3641a5a9c26c6f07200a.jpg,raw/emam_v14/train/labels/Image_37_jpg.rf.b2ae712dad4a3641a5a9c26c6f07200a.txt,radish
train,raw/emam_v14/train/images/Image_37_jpg.rf.b5c1b7fde1d1b43229628677c2f61a7b.jpg,raw/emam_v14/train/labels/Image_37_jpg.rf.b5c1b7fde1d1b43229628677c2f61a7b.txt,sweetpotato
train,raw/emam_v14/train/images/Image_37_jpg.rf.b67b8e90ef17bbf5e0337222a9689088.jpg,raw/emam_v14/train/labels/Image_37_jpg.rf.b67b8e90ef17bbf5e0337222a9689088.txt,beetroot
train,raw/emam_v14/train/images/Image_37_jpg.rf.bb5bad5e2a2d407ec5f4f59d30a3655f.jpg,raw/emam_v14/train/labels/Image_37_jpg.rf.bb5bad5e2a2d407ec5f4f59d30a3655f.txt,turnip
train,raw/emam_v14/train/images/Image_37_jpg.rf.c20e43168f8c673acfaf32d0e1c761a2.jpg,raw/emam_v14/train/labels/Image_37_jpg.rf.c20e43168f8c673acfaf32d0e1c761a2.txt,sweetpotato
train,raw/emam_v14/train/images/Image_37_jpg.rf.c2911963ea9d70c628780c42987784be.jpg,raw/emam_v14/train/labels/Image_37_jpg.rf.c2911963ea9d70c628780c42987784be.txt,chillipepper
train,raw/emam_v14/train/images/Image_37_jpg.rf.c7bc91f0721a3f6aec771b2f45e8d833.jpg,raw/emam_v14/train/labels/Image_37_jpg.rf.c7bc91f0721a3f6aec771b2f45e8d833.txt,cucumber
train,raw/emam_v14/train/images/Image_37_jpg.rf.d7115f88d1b460fb8478adc65738a518.jpg,raw/emam_v14/train/labels/Image_37_jpg.rf.d7115f88d1b460fb8478adc65738a518.txt,ginger
train,raw/emam_v14/train/images/Image_37_jpg.rf.d7a8ae308ca0801db75be111d6637ee5.jpg,raw/emam_v14/train/labels/Image_37_jpg.rf.d7a8ae308ca0801db75be111d6637ee5.txt,corn
train,raw/emam_v14/train/images/Image_37_jpg.rf.d8b70185f9a2f94ebfef13bb1e4ebb29.jpg,raw/emam_v14/train/labels/Image_37_jpg.rf.d8b70185f9a2f94ebfef13bb1e4ebb29.txt,chillipepper
train,raw/emam_v14/train/images/Image_37_jpg.rf.dfc210638c65d66249170d861c0ca7be.jpg,raw/emam_v14/train/labels/Image_37_jpg.rf.dfc210638c65d66249170d861c0ca7be.txt,spinach
train,raw/emam_v14/train/images/Image_37_jpg.rf.e2c38cd48ad3eaa1cab46455475067e8.jpg,raw/emam_v14/train/labels/Image_37_jpg.rf.e2c38cd48ad3eaa1cab46455475067e8.txt,turnip
train,raw/emam_v14/train/images/Image_37_jpg.rf.e48b310921665bbfe1a7d385ab62df54.jpg,raw/emam_v14/train/labels/Image_37_jpg.rf.e48b310921665bbfe1a7d385ab62df54.txt,tomato
train,raw/emam_v14/train/images/Image_37_png_jpg.rf.45bdd6d8430f04272608659e21ac7339.jpg,raw/emam_v14/train/labels/Image_37_png_jpg.rf.45bdd6d8430f04272608659e21ac7339.txt,onion
train,raw/emam_v14/train/images/Image_37_png_jpg.rf.52ebc6ced0dda94b154fb358e92eaaf1.jpg,raw/emam_v14/train/labels/Image_37_png_jpg.rf.52ebc6ced0dda94b154fb358e92eaaf1.txt,peas
train,raw/emam_v14/train/images/Image_37_png_jpg.rf.5bb1789540e2cad392772ec2dfffe750.jpg,raw/emam_v14/train/labels/Image_37_png_jpg.rf.5bb1789540e2cad392772ec2dfffe750.txt,onion
train,raw/emam_v14/train/images/Image_37_png_jpg.rf.9ed3ba52593b6d2c6d2166975920ca3a.jpg,raw/emam_v14/train/labels/Image_37_png_jpg.rf.9ed3ba52593b6d2c6d2166975920ca3a.txt,onion
train,raw/emam_v14/train/images/Image_37_png_jpg.rf.a3116f37921449a445c4829e4d5ed232.jpg,raw/emam_v14/train/labels/Image_37_png_jpg.rf.a3116f37921449a445c4829e4d5ed232.txt,peas
train,raw/emam_v14/train/images/Image_37_png_jpg.rf.d4a1438ce9531bce894900176d890986.jpg,raw/emam_v14/train/labels/Image_37_png_jpg.rf.d4a1438ce9531bce894900176d890986.txt,peas
train,raw/emam_v14/train/images/Image_38_jpg.rf.096aef91f99d837d00c1133d54949837.jpg,raw/emam_v14/train/labels/Image_38_jpg.rf.096aef91f99d837d00c1133d54949837.txt,ladyfinger
train,raw/emam_v14/train/images/Image_38_jpg.rf.21e3bf078681aaa357faa98871a3c7f4.jpg,raw/emam_v14/train/labels/Image_38_jpg.rf.21e3bf078681aaa357faa98871a3c7f4.txt,corn
train,raw/emam_v14/train/images/Image_38_jpg.rf.236daf9576690004cdd48bd57d7019e6.jpg,raw/emam_v14/train/labels/Image_38_jpg.rf.236daf9576690004cdd48bd57d7019e6.txt,sweetpotato
train,raw/emam_v14/train/images/Image_38_jpg.rf.32f1ebdb4a55e31f2e7e2021544bd5b1.jpg,raw/emam_v14/train/labels/Image_38_jpg.rf.32f1ebdb4a55e31f2e7e2021544bd5b1.txt,spinach
train,raw/emam_v14/train/images/Image_38_jpg.rf.33ce23ef6f7bab8aed03b085ae17f8d0.jpg,raw/emam_v14/train/labels/Image_38_jpg.rf.33ce23ef6f7bab8aed03b085ae17f8d0.txt,potato
train,raw/emam_v14/train/images/Image_38_jpg.rf.3968487b1563aa949eea51f2a61f6a93.jpg,raw/emam_v14/train/labels/Image_38_jpg.rf.3968487b1563aa949eea51f2a61f6a93.txt,ginger
train,raw/emam_v14/train/images/Image_38_jpg.rf.3fd550c6b59afdb9fd337b282facc84b.jpg,raw/emam_v14/train/labels/Image_38_jpg.rf.3fd550c6b59afdb9fd337b282facc84b.txt,tomato
train,raw/emam_v14/train/images/Image_38_jpg.rf.403e8634a399804df47a6927c2fffce1.jpg,raw/emam_v14/train/labels/Image_38_jpg.rf.403e8634a399804df47a6927c2fffce1.txt,tomato
train,raw/emam_v14/train/images/Image_38_jpg.rf.41540ecb5e6f5b03ea76e1d27cf28cce.jpg,raw/emam_v14/train/labels/Image_38_jpg.rf.41540ecb5e6f5b03ea76e1d27cf28cce.txt,sweetpotato
train,raw/emam_v14/train/images/Image_38_jpg.rf.4374f7d4f4041d23159d15b7f8af8371.jpg,raw/emam_v14/train/labels/Image_38_jpg.rf.4374f7d4f4041d23159d15b7f8af8371.txt,sweetcorn
train,raw/emam_v14/train/images/Image_38_jpg.rf.4761bf92ccb0165f354cba637964bc0b.jpg,raw/emam_v14/train/labels/Image_38_jpg.rf.4761bf92ccb0165f354cba637964bc0b.txt,corn
train,raw/emam_v14/train/images/Image_38_jpg.rf.4d64bb8e6247ec38d77fec97ae43d531.jpg,raw/emam_v14/train/labels/Image_38_jpg.rf.4d64bb8e6247ec38d77fec97ae43d531.txt,onion
train,raw/emam_v14/train/images/Image_38_jpg.rf.53fd6a4e76c550000e09ced85b5ccf5a.jpg,raw/emam_v14/train/labels/Image_38_jpg.rf.53fd6a4e76c550000e09ced85b5ccf5a.txt,cauliflower
train,raw/emam_v14/train/images/Image_38_jpg.rf.589425d068d498eb4426e11aeb206cc7.jpg,raw/emam_v14/train/labels/Image_38_jpg.rf.589425d068d498eb4426e11aeb206cc7.txt,ginger
train,raw/emam_v14/train/images/Image_38_jpg.rf.5ce76548ddb34e0d9a6e7ad369b81526.jpg,raw/emam_v14/train/labels/Image_38_jpg.rf.5ce76548ddb34e0d9a6e7ad369b81526.txt,potato
train,raw/emam_v14/train/images/Image_38_jpg.rf.6ea0506a55568388205316893d3d423c.jpg,raw/emam_v14/train/labels/Image_38_jpg.rf.6ea0506a55568388205316893d3d423c.txt,spinach
train,raw/emam_v14/train/images/Image_38_jpg.rf.71061df669f029ad4599e9591cb1af75.jpg,raw/emam_v14/train/labels/Image_38_jpg.rf.71061df669f029ad4599e9591cb1af75.txt,bellpepper
train,raw/emam_v14/train/images/Image_38_jpg.rf.7df18efa3db8cde683afb879e93425c4.jpg,raw/emam_v14/train/labels/Image_38_jpg.rf.7df18efa3db8cde683afb879e93425c4.txt,spinach
train,raw/emam_v14/train/images/Image_38_jpg.rf.9442f060535e585b27b0bff8eea8c7b8.jpg,raw/emam_v14/train/labels/Image_38_jpg.rf.9442f060535e585b27b0bff8eea8c7b8.txt,sweetpotato
train,raw/emam_v14/train/images/Image_38_jpg.rf.a2cf909fded1904946bbb9cc12e7e330.jpg,raw/emam_v14/train/labels/Image_38_jpg.rf.a2cf909fded1904946bbb9cc12e7e330.txt,sweetcorn
train,raw/emam_v14/train/images/Image_38_jpg.rf.a433a84fde84e1d03f5d36cf105dc395.jpg,raw/emam_v14/train/labels/Image_38_jpg.rf.a433a84fde84e1d03f5d36cf105dc395.txt,bellpepper
train,raw/emam_v14/train/images/Image_38_jpg.rf.a6b5208ea65c36d3f3a456e02229793c.jpg,raw/emam_v14/train/labels/Image_38_jpg.rf.a6b5208ea65c36d3f3a456e02229793c.txt,sweetcorn
train,raw/emam_v14/train/images/Image_38_jpg.rf.ae96654d8e5ea46bf2a6776bc76daea9.jpg,raw/emam_v14/train/labels/Image_38_jpg.rf.ae96654d8e5ea46bf2a6776bc76daea9.txt,onion
train,raw/emam_v14/train/images/Image_38_jpg.rf.aef26d6a4f5cce04e3763cc92570a7db.jpg,raw/emam_v14/train/labels/Image_38_jpg.rf.aef26d6a4f5cce04e3763cc92570a7db.txt,ladyfinger
train,raw/emam_v14/train/images/Image_38_jpg.rf.b5dc9a4e1e5934811f5fc91bec3e9cbf.jpg,raw/emam_v14/train/labels/Image_38_jpg.rf.b5dc9a4e1e5934811f5fc91bec3e9cbf.txt,ginger
train,raw/emam_v14/train/images/Image_38_jpg.rf.b6a70aec400e6b34688ea92ea0ef44be.jpg,raw/emam_v14/train/labels/Image_38_jpg.rf.b6a70aec400e6b34688ea92ea0ef44be.txt,cauliflower
train,raw/emam_v14/train/images/Image_38_jpg.rf.ba72fb25ec819cbe3f32ad3dfd7dd262.jpg,raw/emam_v14/train/labels/Image_38_jpg.rf.ba72fb25ec819cbe3f32ad3dfd7dd262.txt,cauliflower
train,raw/emam_v14/train/images/Image_38_jpg.rf.bd65f3c586ef8f26152947039a4f861b.jpg,raw/emam_v14/train/labels/Image_38_jpg.rf.bd65f3c586ef8f26152947039a4f861b.txt,tomato
train,raw/emam_v14/train/images/Image_38_jpg.rf.c512361e2bcc57c7379bd670222b314d.jpg,raw/emam_v14/train/labels/Image_38_jpg.rf.c512361e2bcc57c7379bd670222b314d.txt,cabbage
train,raw/emam_v14/train/images/Image_38_jpg.rf.c7b3a592c4735fdf4dfa5ff699d0bdee.jpg,raw/emam_v14/train/labels/Image_38_jpg.rf.c7b3a592c4735fdf4dfa5ff699d0bdee.txt,ladyfinger
train,raw/emam_v14/train/images/Image_38_jpg.rf.c7fafd5f26ad9d015ea1da48b9ebcc6b.jpg,raw/emam_v14/train/labels/Image_38_jpg.rf.c7fafd5f26ad9d015ea1da48b9ebcc6b.txt,cabbage
train,raw/emam_v14/train/images/Image_38_jpg.rf.cc1bb52e9166ddd94ca9b6c1f966399f.jpg,raw/emam_v14/train/labels/Image_38_jpg.rf.cc1bb52e9166ddd94ca9b6c1f966399f.txt,cabbage
train,raw/emam_v14/train/images/Image_38_jpg.rf.d53246991b769c683b01d8f3eb51ec1a.jpg,raw/emam_v14/train/labels/Image_38_jpg.rf.d53246991b769c683b01d8f3eb51ec1a.txt,bellpepper
train,raw/emam_v14/train/images/Image_38_jpg.rf.d7bbef0792efed6627ca5ba0e122361a.jpg,raw/emam_v14/train/labels/Image_38_jpg.rf.d7bbef0792efed6627ca5ba0e122361a.txt,onion
train,raw/emam_v14/train/images/Image_38_jpg.rf.dc43292925c1fcf43ef823001a0183cd.jpg,raw/emam_v14/train/labels/Image_38_jpg.rf.dc43292925c1fcf43ef823001a0183cd.txt,lettuce
train,raw/emam_v14/train/images/Image_38_jpg.rf.ee22d7b624fb08fd817c4f84771e7742.jpg,raw/emam_v14/train/labels/Image_38_jpg.rf.ee22d7b624fb08fd817c4f84771e7742.txt,corn
train,raw/emam_v14/train/images/Image_38_jpg.rf.f4fde91f407e7a0911bff950154380de.jpg,raw/emam_v14/train/labels/Image_38_jpg.rf.f4fde91f407e7a0911bff950154380de.txt,lettuce
train,raw/emam_v14/train/images/Image_38_jpg.rf.f753aab641fda9bf2d95adda45466104.jpg,raw/emam_v14/train/labels/Image_38_jpg.rf.f753aab641fda9bf2d95adda45466104.txt,potato
train,raw/emam_v14/train/images/Image_38_jpg.rf.f80142e461eb5c908bbf0a0228145889.jpg,raw/emam_v14/train/labels/Image_38_jpg.rf.f80142e461eb5c908bbf0a0228145889.txt,lettuce
train,raw/emam_v14/train/images/Image_38_png_jpg.rf.38fb35d91245e0d1294b2702c656e528.jpg,raw/emam_v14/train/labels/Image_38_png_jpg.rf.38fb35d91245e0d1294b2702c656e528.txt,eggplant
train,raw/emam_v14/train/images/Image_38_png_jpg.rf.a29319b341d7d67294b2115529644cff.jpg,raw/emam_v14/train/labels/Image_38_png_jpg.rf.a29319b341d7d67294b2115529644cff.txt,eggplant
train,raw/emam_v14/train/images/Image_38_png_jpg.rf.ede4211778e831e4acd77032dda2700c.jpg,raw/emam_v14/train/labels/Image_38_png_jpg.rf.ede4211778e831e4acd77032dda2700c.txt,eggplant
train,raw/emam_v14/train/images/Image_39_jpg.rf.040f360b640bc1775cf4733fcab75a89.jpg,raw/emam_v14/train/labels/Image_39_jpg.rf.040f360b640bc1775cf4733fcab75a89.txt,spinach
train,raw/emam_v14/train/images/Image_39_jpg.rf.153183261aa95f944361c1377aa8dcb4.jpg,raw/emam_v14/train/labels/Image_39_jpg.rf.153183261aa95f944361c1377aa8dcb4.txt,cabbage
train,raw/emam_v14/train/images/Image_39_jpg.rf.18815c888fee8b784615ddc6664fdcb2.jpg,raw/emam_v14/train/labels/Image_39_jpg.rf.18815c888fee8b784615ddc6664fdcb2.txt,cabbage
train,raw/emam_v14/train/images/Image_39_jpg.rf.1baf95f7c4c1c4acd722e05654dcd6a9.jpg,raw/emam_v14/train/labels/Image_39_jpg.rf.1baf95f7c4c1c4acd722e05654dcd6a9.txt,carrot|radish
train,raw/emam_v14/train/images/Image_39_jpg.rf.2aa6bbf63e48979c6c96443151b84853.jpg,raw/emam_v14/train/labels/Image_39_jpg.rf.2aa6bbf63e48979c6c96443151b84853.txt,tomato
train,raw/emam_v14/train/images/Image_39_jpg.rf.304c2593268ad2bd9657cd13da6efdb0.jpg,raw/emam_v14/train/labels/Image_39_jpg.rf.304c2593268ad2bd9657cd13da6efdb0.txt,eggplant
train,raw/emam_v14/train/images/Image_39_jpg.rf.35ddfec955d8f5775e925ac6828b0edd.jpg,raw/emam_v14/train/labels/Image_39_jpg.rf.35ddfec955d8f5775e925ac6828b0edd.txt,eggplant
train,raw/emam_v14/train/images/Image_39_jpg.rf.3c1a43bbc8ea6a80958db84fbfc476d1.jpg,raw/emam_v14/train/labels/Image_39_jpg.rf.3c1a43bbc8ea6a80958db84fbfc476d1.txt,corn
train,raw/emam_v14/train/images/Image_39_jpg.rf.3d93fab9713baa450622864c4d8327cf.jpg,raw/emam_v14/train/labels/Image_39_jpg.rf.3d93fab9713baa450622864c4d8327cf.txt,tomato
train,raw/emam_v14/train/images/Image_39_jpg.rf.433391696fddd3965cc2345faaec6709.jpg,raw/emam_v14/train/labels/Image_39_jpg.rf.433391696fddd3965cc2345faaec6709.txt,eggplant
train,raw/emam_v14/train/images/Image_39_jpg.rf.4939045a86ebd42f61dc740279198f3d.jpg,raw/emam_v14/train/labels/Image_39_jpg.rf.4939045a86ebd42f61dc740279198f3d.txt,bellpepper
train,raw/emam_v14/train/images/Image_39_jpg.rf.5c5ec62957e855292747e526c1e228f5.jpg,raw/emam_v14/train/labels/Image_39_jpg.rf.5c5ec62957e855292747e526c1e228f5.txt,spinach
train,raw/emam_v14/train/images/Image_39_jpg.rf.6518e7f289b6fbda376491b70d37e777.jpg,raw/emam_v14/train/labels/Image_39_jpg.rf.6518e7f289b6fbda376491b70d37e777.txt,lettuce
train,raw/emam_v14/train/images/Image_39_jpg.rf.6ef3fe2af7cc35bfc78719d4f9ee1382.jpg,raw/emam_v14/train/labels/Image_39_jpg.rf.6ef3fe2af7cc35bfc78719d4f9ee1382.txt,corn
train,raw/emam_v14/train/images/Image_39_jpg.rf.79ab57c80c054bb572664b3a7c99d459.jpg,raw/emam_v14/train/labels/Image_39_jpg.rf.79ab57c80c054bb572664b3a7c99d459.txt,carrot|radish
train,raw/emam_v14/train/images/Image_39_jpg.rf.86f90c3384a4e290e574e4395216ebaa.jpg,raw/emam_v14/train/labels/Image_39_jpg.rf.86f90c3384a4e290e574e4395216ebaa.txt,carrot|radish
train,raw/emam_v14/train/images/Image_39_jpg.rf.87ae64f230d8ed48a038cc6c46ca0ffc.jpg,raw/emam_v14/train/labels/Image_39_jpg.rf.87ae64f230d8ed48a038cc6c46ca0ffc.txt,tomato
train,raw/emam_v14/train/images/Image_39_jpg.rf.8a3aeaf5a337f61a7c553cc3504fce63.jpg,raw/emam_v14/train/labels/Image_39_jpg.rf.8a3aeaf5a337f61a7c553cc3504fce63.txt,bellpepper
train,raw/emam_v14/train/images/Image_39_jpg.rf.8ce6e2a8c8b97ee79dba07dfbbf616a7.jpg,raw/emam_v14/train/labels/Image_39_jpg.rf.8ce6e2a8c8b97ee79dba07dfbbf616a7.txt,corn
train,raw/emam_v14/train/images/Image_39_jpg.rf.982a2d66b75a75b4762131ed0d45877a.jpg,raw/emam_v14/train/labels/Image_39_jpg.rf.982a2d66b75a75b4762131ed0d45877a.txt,bellpepper
train,raw/emam_v14/train/images/Image_39_jpg.rf.ae1b85150b6814c5358190379a460ce6.jpg,raw/emam_v14/train/labels/Image_39_jpg.rf.ae1b85150b6814c5358190379a460ce6.txt,bellpepper
train,raw/emam_v14/train/images/Image_39_jpg.rf.b6825ecaad8b6b88130893408f32c1a9.jpg,raw/emam_v14/train/labels/Image_39_jpg.rf.b6825ecaad8b6b88130893408f32c1a9.txt,spinach
train,raw/emam_v14/train/images/Image_39_jpg.rf.bfbc66d5f333745039b797d9cdd51862.jpg,raw/emam_v14/train/labels/Image_39_jpg.rf.bfbc66d5f333745039b797d9cdd51862.txt,bellpepper
train,raw/emam_v14/train/images/Image_39_jpg.rf.c48450a20e0d7b8d68eb8b3e95a21339.jpg,raw/emam_v14/train/labels/Image_39_jpg.rf.c48450a20e0d7b8d68eb8b3e95a21339.txt,cabbage
train,raw/emam_v14/train/images/Image_39_jpg.rf.cb04fd0f432d5f69b750bb6261b9f1b9.jpg,raw/emam_v14/train/labels/Image_39_jpg.rf.cb04fd0f432d5f69b750bb6261b9f1b9.txt,lettuce
train,raw/emam_v14/train/images/Image_39_jpg.rf.ea495ea2335dbfd867f71f37d27a85f9.jpg,raw/emam_v14/train/labels/Image_39_jpg.rf.ea495ea2335dbfd867f71f37d27a85f9.txt,bellpepper
train,raw/emam_v14/train/images/Image_39_jpg.rf.edd47909bd616232de9442196bd19040.jpg,raw/emam_v14/train/labels/Image_39_jpg.rf.edd47909bd616232de9442196bd19040.txt,lettuce
train,raw/emam_v14/train/images/Image_39_png_jpg.rf.109a284953d3824ed4e549b4ae3b44fe.jpg,raw/emam_v14/train/labels/Image_39_png_jpg.rf.109a284953d3824ed4e549b4ae3b44fe.txt,ginger
train,raw/emam_v14/train/images/Image_39_png_jpg.rf.3b534371c58477ce7ebaec707850f324.jpg,raw/emam_v14/train/labels/Image_39_png_jpg.rf.3b534371c58477ce7ebaec707850f324.txt,turnip
train,raw/emam_v14/train/images/Image_39_png_jpg.rf.7c3ff9c9047f8ba9a04fa5ddfc1ec0fb.jpg,raw/emam_v14/train/labels/Image_39_png_jpg.rf.7c3ff9c9047f8ba9a04fa5ddfc1ec0fb.txt,cauliflower
train,raw/emam_v14/train/images/Image_39_png_jpg.rf.82db79035ef225a076bbb2c96d6683d5.jpg,raw/emam_v14/train/labels/Image_39_png_jpg.rf.82db79035ef225a076bbb2c96d6683d5.txt,cauliflower
train,raw/emam_v14/train/images/Image_39_png_jpg.rf.b51d7991bafc2da8a5c9f92e08880730.jpg,raw/emam_v14/train/labels/Image_39_png_jpg.rf.b51d7991bafc2da8a5c9f92e08880730.txt,cauliflower
train,raw/emam_v14/train/images/Image_39_png_jpg.rf.d0c9596139d568dd9458dbfc4eb6c050.jpg,raw/emam_v14/train/labels/Image_39_png_jpg.rf.d0c9596139d568dd9458dbfc4eb6c050.txt,ginger
train,raw/emam_v14/train/images/Image_39_png_jpg.rf.e5025974f03c4956f11802899f47cbee.jpg,raw/emam_v14/train/labels/Image_39_png_jpg.rf.e5025974f03c4956f11802899f47cbee.txt,turnip
train,raw/emam_v14/train/images/Image_39_png_jpg.rf.ea580385f30ef837bc1405b53bd8b5b6.jpg,raw/emam_v14/train/labels/Image_39_png_jpg.rf.ea580385f30ef837bc1405b53bd8b5b6.txt,turnip
train,raw/emam_v14/train/images/Image_39_png_jpg.rf.f84a2835a6ab02f2a5f4e594f3f3886e.jpg,raw/emam_v14/train/labels/Image_39_png_jpg.rf.f84a2835a6ab02f2a5f4e594f3f3886e.txt,ginger
train,raw/emam_v14/train/images/Image_3_jpeg_jpg.rf.762d5478e20304a66bde5c39426b03b4.jpg,raw/emam_v14/train/labels/Image_3_jpeg_jpg.rf.762d5478e20304a66bde5c39426b03b4.txt,bellpepper
train,raw/emam_v14/train/images/Image_3_jpeg_jpg.rf.a292c32d8447b77eeb7261d9e4dea362.jpg,raw/emam_v14/train/labels/Image_3_jpeg_jpg.rf.a292c32d8447b77eeb7261d9e4dea362.txt,bellpepper
train,raw/emam_v14/train/images/Image_3_jpeg_jpg.rf.b4527fedc1c16d9809806484ea406b97.jpg,raw/emam_v14/train/labels/Image_3_jpeg_jpg.rf.b4527fedc1c16d9809806484ea406b97.txt,bellpepper
train,raw/emam_v14/train/images/Image_3_jpg.rf.00fff7808974cf26f5bbf7d5f15d33d2.jpg,raw/emam_v14/train/labels/Image_3_jpg.rf.00fff7808974cf26f5bbf7d5f15d33d2.txt,cabbage
train,raw/emam_v14/train/images/Image_3_jpg.rf.09bd2b2c088768dc64c6e1c0c5bad468.jpg,raw/emam_v14/train/labels/Image_3_jpg.rf.09bd2b2c088768dc64c6e1c0c5bad468.txt,lemon
train,raw/emam_v14/train/images/Image_3_jpg.rf.0dde5c2a186fe708f0ea7bc31e027703.jpg,raw/emam_v14/train/labels/Image_3_jpg.rf.0dde5c2a186fe708f0ea7bc31e027703.txt,ginger
train,raw/emam_v14/train/images/Image_3_jpg.rf.1368c1865cdc08c4db3586def19bb683.jpg,raw/emam_v14/train/labels/Image_3_jpg.rf.1368c1865cdc08c4db3586def19bb683.txt,cucumber
train,raw/emam_v14/train/images/Image_3_jpg.rf.17a542cf423de8098cdf181fc8a55274.jpg,raw/emam_v14/train/labels/Image_3_jpg.rf.17a542cf423de8098cdf181fc8a55274.txt,peas
train,raw/emam_v14/train/images/Image_3_jpg.rf.1ae17e08ef0c2ee689e21fc13ee98f51.jpg,raw/emam_v14/train/labels/Image_3_jpg.rf.1ae17e08ef0c2ee689e21fc13ee98f51.txt,turnip
train,raw/emam_v14/train/images/Image_3_jpg.rf.1d91c9e650bfa0284167b711fd66e2cb.jpg,raw/emam_v14/train/labels/Image_3_jpg.rf.1d91c9e650bfa0284167b711fd66e2cb.txt,chillipepper
train,raw/emam_v14/train/images/Image_3_jpg.rf.349fbf0c1adf30392e347fcadc002025.jpg,raw/emam_v14/train/labels/Image_3_jpg.rf.349fbf0c1adf30392e347fcadc002025.txt,turnip
train,raw/emam_v14/train/images/Image_3_jpg.rf.4344e306421a7749f0bae5d82806ece8.jpg,raw/emam_v14/train/labels/Image_3_jpg.rf.4344e306421a7749f0bae5d82806ece8.txt,cucumber
train,raw/emam_v14/train/images/Image_3_jpg.rf.4579a279d42ff01a0af0b9a301e8981e.jpg,raw/emam_v14/train/labels/Image_3_jpg.rf.4579a279d42ff01a0af0b9a301e8981e.txt,sweetpotato
train,raw/emam_v14/train/images/Image_3_jpg.rf.4b49f9d329ba8d72a33d2c04f5d5ca4f.jpg,raw/emam_v14/train/labels/Image_3_jpg.rf.4b49f9d329ba8d72a33d2c04f5d5ca4f.txt,cabbage
train,raw/emam_v14/train/images/Image_3_jpg.rf.5cb476e6275207619806581d576c2d0e.jpg,raw/emam_v14/train/labels/Image_3_jpg.rf.5cb476e6275207619806581d576c2d0e.txt,cauliflower
train,raw/emam_v14/train/images/Image_3_jpg.rf.6091ee1c6c5695525ca4940a27eae646.jpg,raw/emam_v14/train/labels/Image_3_jpg.rf.6091ee1c6c5695525ca4940a27eae646.txt,chillipepper
train,raw/emam_v14/train/images/Image_3_jpg.rf.619cd14b692bea7116cd0b60a9e66f59.jpg,raw/emam_v14/train/labels/Image_3_jpg.rf.619cd14b692bea7116cd0b60a9e66f59.txt,sweetpotato
train,raw/emam_v14/train/images/Image_3_jpg.rf.624b208d5cda2e57eb9ad547c789f5d0.jpg,raw/emam_v14/train/labels/Image_3_jpg.rf.624b208d5cda2e57eb9ad547c789f5d0.txt,cabbage
train,raw/emam_v14/train/images/Image_3_jpg.rf.6942a1ec6434af4ea27552cc1ec95afb.jpg,raw/emam_v14/train/labels/Image_3_jpg.rf.6942a1ec6434af4ea27552cc1ec95afb.txt,jalapeno
train,raw/emam_v14/train/images/Image_3_jpg.rf.735684d054a858b684b464b63b4ed9cb.jpg,raw/emam_v14/train/labels/Image_3_jpg.rf.735684d054a858b684b464b63b4ed9cb.txt,ladyfinger
train,raw/emam_v14/train/images/Image_3_jpg.rf.75fcd5c44883e6a30ae3889ec029e2a8.jpg,raw/emam_v14/train/labels/Image_3_jpg.rf.75fcd5c44883e6a30ae3889ec029e2a8.txt,carrot
train,raw/emam_v14/train/images/Image_3_jpg.rf.7660b52bc820c18130d0ab2e8cd096b0.jpg,raw/emam_v14/train/labels/Image_3_jpg.rf.7660b52bc820c18130d0ab2e8cd096b0.txt,sweetpotato
train,raw/emam_v14/train/images/Image_3_jpg.rf.98e53c0573fbe813888e08fd67a224ec.jpg,raw/emam_v14/train/labels/Image_3_jpg.rf.98e53c0573fbe813888e08fd67a224ec.txt,chillipepper
train,raw/emam_v14/train/images/Image_3_jpg.rf.9a00a6bad2d9ef5ea057726f9d47a265.jpg,raw/emam_v14/train/labels/Image_3_jpg.rf.9a00a6bad2d9ef5ea057726f9d47a265.txt,ginger
train,raw/emam_v14/train/images/Image_3_jpg.rf.9cff548c0e1e4b89ace44f3169f48020.jpg,raw/emam_v14/train/labels/Image_3_jpg.rf.9cff548c0e1e4b89ace44f3169f48020.txt,lemon
train,raw/emam_v14/train/images/Image_3_jpg.rf.9def942b4b6c7b75312133c44541891f.jpg,raw/emam_v14/train/labels/Image_3_jpg.rf.9def942b4b6c7b75312133c44541891f.txt,ladyfinger
train,raw/emam_v14/train/images/Image_3_jpg.rf.9f3b2f2bde71229ee33bab4d490f51d0.jpg,raw/emam_v14/train/labels/Image_3_jpg.rf.9f3b2f2bde71229ee33bab4d490f51d0.txt,peas
train,raw/emam_v14/train/images/Image_3_jpg.rf.acc25e2fe9c482f39336c6e24bca8cd8.jpg,raw/emam_v14/train/labels/Image_3_jpg.rf.acc25e2fe9c482f39336c6e24bca8cd8.txt,cauliflower
train,raw/emam_v14/train/images/Image_3_jpg.rf.b02b22f395c521b6a794a51525eef003.jpg,raw/emam_v14/train/labels/Image_3_jpg.rf.b02b22f395c521b6a794a51525eef003.txt,cauliflower
train,raw/emam_v14/train/images/Image_3_jpg.rf.b5a9ce6aed118a3e1ca84dbeb2921838.jpg,raw/emam_v14/train/labels/Image_3_jpg.rf.b5a9ce6aed118a3e1ca84dbeb2921838.txt,carrot
train,raw/emam_v14/train/images/Image_3_jpg.rf.b868ca0fbe5ba91e035cb6c1a27bb816.jpg,raw/emam_v14/train/labels/Image_3_jpg.rf.b868ca0fbe5ba91e035cb6c1a27bb816.txt,carrot
train,raw/emam_v14/train/images/Image_3_jpg.rf.b989c9515cf960f5d5408f562189e530.jpg,raw/emam_v14/train/labels/Image_3_jpg.rf.b989c9515cf960f5d5408f562189e530.txt,lemon
train,raw/emam_v14/train/images/Image_3_jpg.rf.ba39c2d4676aa63f989d0b535bc80553.jpg,raw/emam_v14/train/labels/Image_3_jpg.rf.ba39c2d4676aa63f989d0b535bc80553.txt,turnip
train,raw/emam_v14/train/images/Image_3_jpg.rf.ca024b0c34c3533464e7a54f6982e636.jpg,raw/emam_v14/train/labels/Image_3_jpg.rf.ca024b0c34c3533464e7a54f6982e636.txt,cucumber
train,raw/emam_v14/train/images/Image_3_jpg.rf.cac9cccefe21adb5d8ecce1980e359cf.jpg,raw/emam_v14/train/labels/Image_3_jpg.rf.cac9cccefe21adb5d8ecce1980e359cf.txt,jalapeno
train,raw/emam_v14/train/images/Image_3_jpg.rf.d39e8e2d881680c981e3f2210da3130b.jpg,raw/emam_v14/train/labels/Image_3_jpg.rf.d39e8e2d881680c981e3f2210da3130b.txt,ginger
train,raw/emam_v14/train/images/Image_3_jpg.rf.d64c1af728a3747d0f2f160d02ea8d85.jpg,raw/emam_v14/train/labels/Image_3_jpg.rf.d64c1af728a3747d0f2f160d02ea8d85.txt,jalapeno
train,raw/emam_v14/train/images/Image_3_jpg.rf.d9057ec64ac162ce0aebde4a62a105bc.jpg,raw/emam_v14/train/labels/Image_3_jpg.rf.d9057ec64ac162ce0aebde4a62a105bc.txt,chillipepper
train,raw/emam_v14/train/images/Image_3_jpg.rf.d92bef5ef9e75a6db98d92f18aeeff6f.jpg,raw/emam_v14/train/labels/Image_3_jpg.rf.d92bef5ef9e75a6db98d92f18aeeff6f.txt,tomato
train,raw/emam_v14/train/images/Image_3_jpg.rf.db5ff065e9c312f425ddb0817a5c8bcc.jpg,raw/emam_v14/train/labels/Image_3_jpg.rf.db5ff065e9c312f425ddb0817a5c8bcc.txt,tomato
train,raw/emam_v14/train/images/Image_3_jpg.rf.f0444fe83bd34653930c376095b10757.jpg,raw/emam_v14/train/labels/Image_3_jpg.rf.f0444fe83bd34653930c376095b10757.txt,chillipepper
train,raw/emam_v14/train/images/Image_3_jpg.rf.f0577a90f56e1e9bec70cac04a87822d.jpg,raw/emam_v14/train/labels/Image_3_jpg.rf.f0577a90f56e1e9bec70cac04a87822d.txt,tomato
train,raw/emam_v14/train/images/Image_3_jpg.rf.f15debedac85557fedda509629d36524.jpg,raw/emam_v14/train/labels/Image_3_jpg.rf.f15debedac85557fedda509629d36524.txt,ladyfinger
train,raw/emam_v14/train/images/Image_3_jpg.rf.f2b21594023762832dd9c1f947840b17.jpg,raw/emam_v14/train/labels/Image_3_jpg.rf.f2b21594023762832dd9c1f947840b17.txt,chillipepper
train,raw/emam_v14/train/images/Image_3_jpg.rf.fe84310988111f7e03f7f1bf49f8704f.jpg,raw/emam_v14/train/labels/Image_3_jpg.rf.fe84310988111f7e03f7f1bf49f8704f.txt,peas
train,raw/emam_v14/train/images/Image_40_jpg.rf.0790b78aae31b5239067a843313a1715.jpg,raw/emam_v14/train/labels/Image_40_jpg.rf.0790b78aae31b5239067a843313a1715.txt,cauliflower
train,raw/emam_v14/train/images/Image_40_jpg.rf.0a5cf56a4d4fd02039cd1c9e1fd8e035.jpg,raw/emam_v14/train/labels/Image_40_jpg.rf.0a5cf56a4d4fd02039cd1c9e1fd8e035.txt,garlic
train,raw/emam_v14/train/images/Image_40_jpg.rf.0fadacc105e7566e253ec4cbff31d0f3.jpg,raw/emam_v14/train/labels/Image_40_jpg.rf.0fadacc105e7566e253ec4cbff31d0f3.txt,chillipepper
train,raw/emam_v14/train/images/Image_40_jpg.rf.1ba7adb28130f5b5f8bcbb6fe5e0d874.jpg,raw/emam_v14/train/labels/Image_40_jpg.rf.1ba7adb28130f5b5f8bcbb6fe5e0d874.txt,bellpepper
train,raw/emam_v14/train/images/Image_40_jpg.rf.2163b322a4b88a8cb25f1bd1447911ba.jpg,raw/emam_v14/train/labels/Image_40_jpg.rf.2163b322a4b88a8cb25f1bd1447911ba.txt,cauliflower
train,raw/emam_v14/train/images/Image_40_jpg.rf.225b52dc04c6f15047cc675d1396920e.jpg,raw/emam_v14/train/labels/Image_40_jpg.rf.225b52dc04c6f15047cc675d1396920e.txt,ladyfinger
train,raw/emam_v14/train/images/Image_40_jpg.rf.22d26dc841c2f69ab2f1e5b236ee442c.jpg,raw/emam_v14/train/labels/Image_40_jpg.rf.22d26dc841c2f69ab2f1e5b236ee442c.txt,lettuce
train,raw/emam_v14/train/images/Image_40_jpg.rf.2c51202d75948af16750f510f6788575.jpg,raw/emam_v14/train/labels/Image_40_jpg.rf.2c51202d75948af16750f510f6788575.txt,cucumber
train,raw/emam_v14/train/images/Image_40_jpg.rf.2c94a487a6663d83c535194dff971fa4.jpg,raw/emam_v14/train/labels/Image_40_jpg.rf.2c94a487a6663d83c535194dff971fa4.txt,radish
train,raw/emam_v14/train/images/Image_40_jpg.rf.32a7601f7919cf6a456fb6252d976337.jpg,raw/emam_v14/train/labels/Image_40_jpg.rf.32a7601f7919cf6a456fb6252d976337.txt,spinach
train,raw/emam_v14/train/images/Image_40_jpg.rf.3c75f8dcc500b4217e0d4ddfe9fb7e72.jpg,raw/emam_v14/train/labels/Image_40_jpg.rf.3c75f8dcc500b4217e0d4ddfe9fb7e72.txt,ginger
train,raw/emam_v14/train/images/Image_40_jpg.rf.3fc3ac75b0556fc350c85b5b8fb90f24.jpg,raw/emam_v14/train/labels/Image_40_jpg.rf.3fc3ac75b0556fc350c85b5b8fb90f24.txt,radish
train,raw/emam_v14/train/images/Image_40_jpg.rf.4083ec30181917288fd7baae0bfb68be.jpg,raw/emam_v14/train/labels/Image_40_jpg.rf.4083ec30181917288fd7baae0bfb68be.txt,cucumber
train,raw/emam_v14/train/images/Image_40_jpg.rf.41308dd54e626146d0a77faac8b5f882.jpg,raw/emam_v14/train/labels/Image_40_jpg.rf.41308dd54e626146d0a77faac8b5f882.txt,spinach
train,raw/emam_v14/train/images/Image_40_jpg.rf.417efddbee88ada506c48d40000c76a3.jpg,raw/emam_v14/train/labels/Image_40_jpg.rf.417efddbee88ada506c48d40000c76a3.txt,tomato
train,raw/emam_v14/train/images/Image_40_jpg.rf.43387b84dace52911f7e6ad564ea3b00.jpg,raw/emam_v14/train/labels/Image_40_jpg.rf.43387b84dace52911f7e6ad564ea3b00.txt,sweetpotato
train,raw/emam_v14/train/images/Image_40_jpg.rf.47c1da090cf0e6c74344dae808e57727.jpg,raw/emam_v14/train/labels/Image_40_jpg.rf.47c1da090cf0e6c74344dae808e57727.txt,bellpepper
train,raw/emam_v14/train/images/Image_40_jpg.rf.4c994c6fd7c7136abb39b921bae58a0b.jpg,raw/emam_v14/train/labels/Image_40_jpg.rf.4c994c6fd7c7136abb39b921bae58a0b.txt,sweetpotato
train,raw/emam_v14/train/images/Image_40_jpg.rf.4e5fb94f57da7c49a3282bbd919bc445.jpg,raw/emam_v14/train/labels/Image_40_jpg.rf.4e5fb94f57da7c49a3282bbd919bc445.txt,ginger
train,raw/emam_v14/train/images/Image_40_jpg.rf.5c13cdbd096c0860d097f704eda7df9f.jpg,raw/emam_v14/train/labels/Image_40_jpg.rf.5c13cdbd096c0860d097f704eda7df9f.txt,turnip
train,raw/emam_v14/train/images/Image_40_jpg.rf.5f5ca4da397dc2911b8277ffe111a1bc.jpg,raw/emam_v14/train/labels/Image_40_jpg.rf.5f5ca4da397dc2911b8277ffe111a1bc.txt,bellpepper
train,raw/emam_v14/train/images/Image_40_jpg.rf.62be5877b64c2480ee22865831f3369f.jpg,raw/emam_v14/train/labels/Image_40_jpg.rf.62be5877b64c2480ee22865831f3369f.txt,sweetpotato
train,raw/emam_v14/train/images/Image_40_jpg.rf.64cd80690ce4e4fe1e6658b5b612ed65.jpg,raw/emam_v14/train/labels/Image_40_jpg.rf.64cd80690ce4e4fe1e6658b5b612ed65.txt,lettuce
train,raw/emam_v14/train/images/Image_40_jpg.rf.6887e1b1f1ce15ed2039525bac5915f3.jpg,raw/emam_v14/train/labels/Image_40_jpg.rf.6887e1b1f1ce15ed2039525bac5915f3.txt,ladyfinger
train,raw/emam_v14/train/images/Image_40_jpg.rf.85720a2910aac8edc1b0af3e70ef0a36.jpg,raw/emam_v14/train/labels/Image_40_jpg.rf.85720a2910aac8edc1b0af3e70ef0a36.txt,turnip
train,raw/emam_v14/train/images/Image_40_jpg.rf.936412141e12336428ae140d11702807.jpg,raw/emam_v14/train/labels/Image_40_jpg.rf.936412141e12336428ae140d11702807.txt,chillipepper
train,raw/emam_v14/train/images/Image_40_jpg.rf.961711d7c853e1b428ac7aca8f14eaeb.jpg,raw/emam_v14/train/labels/Image_40_jpg.rf.961711d7c853e1b428ac7aca8f14eaeb.txt,bellpepper
train,raw/emam_v14/train/images/Image_40_jpg.rf.9adf7cf4d22a770741de41668c3ce6e2.jpg,raw/emam_v14/train/labels/Image_40_jpg.rf.9adf7cf4d22a770741de41668c3ce6e2.txt,cauliflower
train,raw/emam_v14/train/images/Image_40_jpg.rf.9d4330d380d702e0c01c0120046c0e66.jpg,raw/emam_v14/train/labels/Image_40_jpg.rf.9d4330d380d702e0c01c0120046c0e66.txt,lettuce
train,raw/emam_v14/train/images/Image_40_jpg.rf.a673c2e19c9812872423f7e2b6bcc010.jpg,raw/emam_v14/train/labels/Image_40_jpg.rf.a673c2e19c9812872423f7e2b6bcc010.txt,bellpepper
train,raw/emam_v14/train/images/Image_40_jpg.rf.b0901fe2d70428af07bcbb699205110b.jpg,raw/emam_v14/train/labels/Image_40_jpg.rf.b0901fe2d70428af07bcbb699205110b.txt,garlic
train,raw/emam_v14/train/images/Image_40_jpg.rf.b16e0e6c5f9df6cb53087508712cf700.jpg,raw/emam_v14/train/labels/Image_40_jpg.rf.b16e0e6c5f9df6cb53087508712cf700.txt,cucumber
train,raw/emam_v14/train/images/Image_40_jpg.rf.b5e9f31962ae9d160baceca2d6eeda39.jpg,raw/emam_v14/train/labels/Image_40_jpg.rf.b5e9f31962ae9d160baceca2d6eeda39.txt,radish
train,raw/emam_v14/train/images/Image_40_jpg.rf.c80cf535a7470759b8d243b462d27289.jpg,raw/emam_v14/train/labels/Image_40_jpg.rf.c80cf535a7470759b8d243b462d27289.txt,spinach
train,raw/emam_v14/train/images/Image_40_jpg.rf.cb34f9b0b1ea558be845416b479deb3a.jpg,raw/emam_v14/train/labels/Image_40_jpg.rf.cb34f9b0b1ea558be845416b479deb3a.txt,ladyfinger
train,raw/emam_v14/train/images/Image_40_jpg.rf.d8597a7dbe460a40fcf0175e57d15f5d.jpg,raw/emam_v14/train/labels/Image_40_jpg.rf.d8597a7dbe460a40fcf0175e57d15f5d.txt,chillipepper
train,raw/emam_v14/train/images/Image_40_jpg.rf.e12238afc1aba4b46e2b092a7037b131.jpg,raw/emam_v14/train/labels/Image_40_jpg.rf.e12238afc1aba4b46e2b092a7037b131.txt,garlic
train,raw/emam_v14/train/images/Image_40_jpg.rf.e3af1c5668906954d88ac21787ca8ffc.jpg,raw/emam_v14/train/labels/Image_40_jpg.rf.e3af1c5668906954d88ac21787ca8ffc.txt,tomato
train,raw/emam_v14/train/images/Image_40_jpg.rf.e70cd9762c5fd50c37d3f89a1ea89a6d.jpg,raw/emam_v14/train/labels/Image_40_jpg.rf.e70cd9762c5fd50c37d3f89a1ea89a6d.txt,ginger
train,raw/emam_v14/train/images/Image_40_jpg.rf.e887abffdc66b25e89e3c2bf725151b6.jpg,raw/emam_v14/train/labels/Image_40_jpg.rf.e887abffdc66b25e89e3c2bf725151b6.txt,turnip
train,raw/emam_v14/train/images/Image_40_jpg.rf.f97577c40c3f7762bb8c675bb56eeb3a.jpg,raw/emam_v14/train/labels/Image_40_jpg.rf.f97577c40c3f7762bb8c675bb56eeb3a.txt,tomato
train,raw/emam_v14/train/images/Image_40_jpg.rf.f9774b4fadc520ea59902635a32dcc34.jpg,raw/emam_v14/train/labels/Image_40_jpg.rf.f9774b4fadc520ea59902635a32dcc34.txt,bellpepper
train,raw/emam_v14/train/images/Image_40_png_jpg.rf.0675a49a2686b7f5cec7c240b17c3dc9.jpg,raw/emam_v14/train/labels/Image_40_png_jpg.rf.0675a49a2686b7f5cec7c240b17c3dc9.txt,eggplant
train,raw/emam_v14/train/images/Image_40_png_jpg.rf.ab8634e9f3dcd19874d655bbecb9c259.jpg,raw/emam_v14/train/labels/Image_40_png_jpg.rf.ab8634e9f3dcd19874d655bbecb9c259.txt,eggplant
train,raw/emam_v14/train/images/Image_40_png_jpg.rf.f5d538b4464d8d3fd6e6bd85741ebc60.jpg,raw/emam_v14/train/labels/Image_40_png_jpg.rf.f5d538b4464d8d3fd6e6bd85741ebc60.txt,eggplant
train,raw/emam_v14/train/images/Image_41_jpg.rf.05ce5c9eb45d4277a94221ffe97327ca.jpg,raw/emam_v14/train/labels/Image_41_jpg.rf.05ce5c9eb45d4277a94221ffe97327ca.txt,radish
train,raw/emam_v14/train/images/Image_41_jpg.rf.07616f40d02f9422d20031514465fc66.jpg,raw/emam_v14/train/labels/Image_41_jpg.rf.07616f40d02f9422d20031514465fc66.txt,sweetpotato
train,raw/emam_v14/train/images/Image_41_jpg.rf.07bfa44861c1a0be5648dec44eb094bb.jpg,raw/emam_v14/train/labels/Image_41_jpg.rf.07bfa44861c1a0be5648dec44eb094bb.txt,ladyfinger
train,raw/emam_v14/train/images/Image_41_jpg.rf.09c3396aa17593acb5f2bfbd00c734ca.jpg,raw/emam_v14/train/labels/Image_41_jpg.rf.09c3396aa17593acb5f2bfbd00c734ca.txt,sweetcorn
train,raw/emam_v14/train/images/Image_41_jpg.rf.0f0f2c02c5ea53d536ebb73f19cbb97b.jpg,raw/emam_v14/train/labels/Image_41_jpg.rf.0f0f2c02c5ea53d536ebb73f19cbb97b.txt,cauliflower
train,raw/emam_v14/train/images/Image_41_jpg.rf.10894180026657c8bc179cb0aa47b3b9.jpg,raw/emam_v14/train/labels/Image_41_jpg.rf.10894180026657c8bc179cb0aa47b3b9.txt,corn
train,raw/emam_v14/train/images/Image_41_jpg.rf.1482922f40c4a62ab31f95f423cc6abd.jpg,raw/emam_v14/train/labels/Image_41_jpg.rf.1482922f40c4a62ab31f95f423cc6abd.txt,ginger
train,raw/emam_v14/train/images/Image_41_jpg.rf.1a554043b6f049e78c243c0543b67603.jpg,raw/emam_v14/train/labels/Image_41_jpg.rf.1a554043b6f049e78c243c0543b67603.txt,cauliflower
train,raw/emam_v14/train/images/Image_41_jpg.rf.1d8bead60fe24e66d21fa6ea6a2f89c8.jpg,raw/emam_v14/train/labels/Image_41_jpg.rf.1d8bead60fe24e66d21fa6ea6a2f89c8.txt,lettuce
train,raw/emam_v14/train/images/Image_41_jpg.rf.207383ec8d528cf03d1efbedb861f2f8.jpg,raw/emam_v14/train/labels/Image_41_jpg.rf.207383ec8d528cf03d1efbedb861f2f8.txt,corn
train,raw/emam_v14/train/images/Image_41_jpg.rf.2bed9fffe90cb36cc1448ff9a228379c.jpg,raw/emam_v14/train/labels/Image_41_jpg.rf.2bed9fffe90cb36cc1448ff9a228379c.txt,spinach
train,raw/emam_v14/train/images/Image_41_jpg.rf.2d88f9905db34ac6d73db8f394a1b03a.jpg,raw/emam_v14/train/labels/Image_41_jpg.rf.2d88f9905db34ac6d73db8f394a1b03a.txt,ladyfinger
train,raw/emam_v14/train/images/Image_41_jpg.rf.38301de8d7c2bd916b93bfa1a4367a2c.jpg,raw/emam_v14/train/labels/Image_41_jpg.rf.38301de8d7c2bd916b93bfa1a4367a2c.txt,eggplant
train,raw/emam_v14/train/images/Image_41_jpg.rf.3b5d829de48b361b6776e8416e3ca300.jpg,raw/emam_v14/train/labels/Image_41_jpg.rf.3b5d829de48b361b6776e8416e3ca300.txt,sweetpotato
train,raw/emam_v14/train/images/Image_41_jpg.rf.4558f7b89c5aed3240c1c0a40e35e311.jpg,raw/emam_v14/train/labels/Image_41_jpg.rf.4558f7b89c5aed3240c1c0a40e35e311.txt,garlic
train,raw/emam_v14/train/images/Image_41_jpg.rf.46ae886791920cfcaa5a8e4bc8a7fc49.jpg,raw/emam_v14/train/labels/Image_41_jpg.rf.46ae886791920cfcaa5a8e4bc8a7fc49.txt,garlic
train,raw/emam_v14/train/images/Image_41_jpg.rf.470d9a442b34560a42fd4ce68878d89f.jpg,raw/emam_v14/train/labels/Image_41_jpg.rf.470d9a442b34560a42fd4ce68878d89f.txt,chillipepper
train,raw/emam_v14/train/images/Image_41_jpg.rf.47a2792ca9932568037fbce1116d87c1.jpg,raw/emam_v14/train/labels/Image_41_jpg.rf.47a2792ca9932568037fbce1116d87c1.txt,turnip
train,raw/emam_v14/train/images/Image_41_jpg.rf.55aead02206a0a8ed658714729ec1739.jpg,raw/emam_v14/train/labels/Image_41_jpg.rf.55aead02206a0a8ed658714729ec1739.txt,sweetpotato
train,raw/emam_v14/train/images/Image_41_jpg.rf.5a03dd76d7e37ebed13fb65f9d27ee10.jpg,raw/emam_v14/train/labels/Image_41_jpg.rf.5a03dd76d7e37ebed13fb65f9d27ee10.txt,radish
train,raw/emam_v14/train/images/Image_41_jpg.rf.63db747c472002c72f49377def6999a4.jpg,raw/emam_v14/train/labels/Image_41_jpg.rf.63db747c472002c72f49377def6999a4.txt,cauliflower
train,raw/emam_v14/train/images/Image_41_jpg.rf.66c993b8ba4131dd05c0335d0fd01bc7.jpg,raw/emam_v14/train/labels/Image_41_jpg.rf.66c993b8ba4131dd05c0335d0fd01bc7.txt,ginger
train,raw/emam_v14/train/images/Image_41_jpg.rf.6b6cba25ac21e3bfb2037bcedbfb9596.jpg,raw/emam_v14/train/labels/Image_41_jpg.rf.6b6cba25ac21e3bfb2037bcedbfb9596.txt,beetroot
train,raw/emam_v14/train/images/Image_41_jpg.rf.6fdcd88a3946da874cddc7416c82071b.jpg,raw/emam_v14/train/labels/Image_41_jpg.rf.6fdcd88a3946da874cddc7416c82071b.txt,turnip
train,raw/emam_v14/train/images/Image_41_jpg.rf.761acf99163a0794f55c89a9dbfaa99f.jpg,raw/emam_v14/train/labels/Image_41_jpg.rf.761acf99163a0794f55c89a9dbfaa99f.txt,eggplant
train,raw/emam_v14/train/images/Image_41_jpg.rf.7a7fc3787eda90edf41beebac134680b.jpg,raw/emam_v14/train/labels/Image_41_jpg.rf.7a7fc3787eda90edf41beebac134680b.txt,lemon
train,raw/emam_v14/train/images/Image_41_jpg.rf.7b1e2da5b328b1bbf45ef29d0747c0b0.jpg,raw/emam_v14/train/labels/Image_41_jpg.rf.7b1e2da5b328b1bbf45ef29d0747c0b0.txt,corn
train,raw/emam_v14/train/images/Image_41_jpg.rf.7b94dada9ca068ef6d3d513243509707.jpg,raw/emam_v14/train/labels/Image_41_jpg.rf.7b94dada9ca068ef6d3d513243509707.txt,ginger
train,raw/emam_v14/train/images/Image_41_jpg.rf.7f669a9d7e72a3fac6a7d7b08f1eb43d.jpg,raw/emam_v14/train/labels/Image_41_jpg.rf.7f669a9d7e72a3fac6a7d7b08f1eb43d.txt,chillipepper
train,raw/emam_v14/train/images/Image_41_jpg.rf.87444b2202d21918d319871f1e1d5814.jpg,raw/emam_v14/train/labels/Image_41_jpg.rf.87444b2202d21918d319871f1e1d5814.txt,eggplant
train,raw/emam_v14/train/images/Image_41_jpg.rf.9216d9ce7f2945e52077863f11df3953.jpg,raw/emam_v14/train/labels/Image_41_jpg.rf.9216d9ce7f2945e52077863f11df3953.txt,radish
train,raw/emam_v14/train/images/Image_41_jpg.rf.9314b4c6038f39b15678568c6aadda10.jpg,raw/emam_v14/train/labels/Image_41_jpg.rf.9314b4c6038f39b15678568c6aadda10.txt,garlic
train,raw/emam_v14/train/images/Image_41_jpg.rf.a1dc8b4e8e123c88e7c27ead3cde89e7.jpg,raw/emam_v14/train/labels/Image_41_jpg.rf.a1dc8b4e8e123c88e7c27ead3cde89e7.txt,chillipepper
train,raw/emam_v14/train/images/Image_41_jpg.rf.a680917faff4dde69149fc7698aa07b4.jpg,raw/emam_v14/train/labels/Image_41_jpg.rf.a680917faff4dde69149fc7698aa07b4.txt,beetroot
train,raw/emam_v14/train/images/Image_41_jpg.rf.aa9efcf8b4b3bc53c2cac221034525ab.jpg,raw/emam_v14/train/labels/Image_41_jpg.rf.aa9efcf8b4b3bc53c2cac221034525ab.txt,beetroot
train,raw/emam_v14/train/images/Image_41_jpg.rf.ab588543df851000e4338376fd962cd6.jpg,raw/emam_v14/train/labels/Image_41_jpg.rf.ab588543df851000e4338376fd962cd6.txt,sweetcorn
train,raw/emam_v14/train/images/Image_41_jpg.rf.c0ea5657029220ccb0b3ede0829dbac5.jpg,raw/emam_v14/train/labels/Image_41_jpg.rf.c0ea5657029220ccb0b3ede0829dbac5.txt,sweetcorn
train,raw/emam_v14/train/images/Image_41_jpg.rf.cd1791e16a1d4c778a3f7db71a6aba63.jpg,raw/emam_v14/train/labels/Image_41_jpg.rf.cd1791e16a1d4c778a3f7db71a6aba63.txt,lemon
train,raw/emam_v14/train/images/Image_41_jpg.rf.ce229460164a917186492b245c831705.jpg,raw/emam_v14/train/labels/Image_41_jpg.rf.ce229460164a917186492b245c831705.txt,spinach
train,raw/emam_v14/train/images/Image_41_jpg.rf.cf83cf7d2876700ffd760ba98574b6e5.jpg,raw/emam_v14/train/labels/Image_41_jpg.rf.cf83cf7d2876700ffd760ba98574b6e5.txt,spinach
train,raw/emam_v14/train/images/Image_41_jpg.rf.d5e6d693ccd3966d2bd704e7da555d7e.jpg,raw/emam_v14/train/labels/Image_41_jpg.rf.d5e6d693ccd3966d2bd704e7da555d7e.txt,lettuce
train,raw/emam_v14/train/images/Image_41_jpg.rf.e5b246e64053140229fca049537f9331.jpg,raw/emam_v14/train/labels/Image_41_jpg.rf.e5b246e64053140229fca049537f9331.txt,turnip
train,raw/emam_v14/train/images/Image_41_jpg.rf.e69015b6a42e85c6aa6ae4b7224b04d4.jpg,raw/emam_v14/train/labels/Image_41_jpg.rf.e69015b6a42e85c6aa6ae4b7224b04d4.txt,lemon
train,raw/emam_v14/train/images/Image_41_jpg.rf.f6c1ea4dd5640ce75532b1efd7079f71.jpg,raw/emam_v14/train/labels/Image_41_jpg.rf.f6c1ea4dd5640ce75532b1efd7079f71.txt,lettuce
train,raw/emam_v14/train/images/Image_41_jpg.rf.f8e595758c7cafb2af2e714ff05b7e35.jpg,raw/emam_v14/train/labels/Image_41_jpg.rf.f8e595758c7cafb2af2e714ff05b7e35.txt,ladyfinger
train,raw/emam_v14/train/images/Image_42_jpg.rf.0bf9a6517b44f43b27fb0cb5c04b4283.jpg,raw/emam_v14/train/labels/Image_42_jpg.rf.0bf9a6517b44f43b27fb0cb5c04b4283.txt,turnip
train,raw/emam_v14/train/images/Image_42_jpg.rf.16361024dbf8484bc7d257dd69f0f5bf.jpg,raw/emam_v14/train/labels/Image_42_jpg.rf.16361024dbf8484bc7d257dd69f0f5bf.txt,corn
train,raw/emam_v14/train/images/Image_42_jpg.rf.413dd6acf48417af9ea8d39cfbf3669e.jpg,raw/emam_v14/train/labels/Image_42_jpg.rf.413dd6acf48417af9ea8d39cfbf3669e.txt,turnip
train,raw/emam_v14/train/images/Image_42_jpg.rf.47ee276cfe634ae05ac64ab77effe747.jpg,raw/emam_v14/train/labels/Image_42_jpg.rf.47ee276cfe634ae05ac64ab77effe747.txt,cabbage
train,raw/emam_v14/train/images/Image_42_jpg.rf.5920ca9c210929b00e6b794494bb56ba.jpg,raw/emam_v14/train/labels/Image_42_jpg.rf.5920ca9c210929b00e6b794494bb56ba.txt,chillipepper
train,raw/emam_v14/train/images/Image_42_jpg.rf.6a0ee9cfab3a0e071615624a696f423d.jpg,raw/emam_v14/train/labels/Image_42_jpg.rf.6a0ee9cfab3a0e071615624a696f423d.txt,beetroot
train,raw/emam_v14/train/images/Image_42_jpg.rf.72a1aa525ac95f3e932b194c830a16b2.jpg,raw/emam_v14/train/labels/Image_42_jpg.rf.72a1aa525ac95f3e932b194c830a16b2.txt,chillipepper
train,raw/emam_v14/train/images/Image_42_jpg.rf.75391aaa9fe21ca4eceb642b441e872c.jpg,raw/emam_v14/train/labels/Image_42_jpg.rf.75391aaa9fe21ca4eceb642b441e872c.txt,corn
train,raw/emam_v14/train/images/Image_42_jpg.rf.7a3079364eb528d9bf8ce895bfd5c190.jpg,raw/emam_v14/train/labels/Image_42_jpg.rf.7a3079364eb528d9bf8ce895bfd5c190.txt,radish
train,raw/emam_v14/train/images/Image_42_jpg.rf.7a35e3a42281aaae4a0d7bd939b1812c.jpg,raw/emam_v14/train/labels/Image_42_jpg.rf.7a35e3a42281aaae4a0d7bd939b1812c.txt,ladyfinger
train,raw/emam_v14/train/images/Image_42_jpg.rf.8ebb8e578356b00952dd2133c4c0ac92.jpg,raw/emam_v14/train/labels/Image_42_jpg.rf.8ebb8e578356b00952dd2133c4c0ac92.txt,cabbage
train,raw/emam_v14/train/images/Image_42_jpg.rf.9be577ee170c3c3df0a83bab110b5242.jpg,raw/emam_v14/train/labels/Image_42_jpg.rf.9be577ee170c3c3df0a83bab110b5242.txt,ladyfinger
train,raw/emam_v14/train/images/Image_42_jpg.rf.a7cad899f12749a71b2db45beb70029b.jpg,raw/emam_v14/train/labels/Image_42_jpg.rf.a7cad899f12749a71b2db45beb70029b.txt,chillipepper
train,raw/emam_v14/train/images/Image_42_jpg.rf.a8b6a9217d24ba65ad2453e63bac4986.jpg,raw/emam_v14/train/labels/Image_42_jpg.rf.a8b6a9217d24ba65ad2453e63bac4986.txt,chillipepper
train,raw/emam_v14/train/images/Image_42_jpg.rf.a95b8c387f96e8db3cc0a1fd0b7d7f88.jpg,raw/emam_v14/train/labels/Image_42_jpg.rf.a95b8c387f96e8db3cc0a1fd0b7d7f88.txt,chillipepper
train,raw/emam_v14/train/images/Image_42_jpg.rf.a966e86ff23ea2211c2c8674dd0cc211.jpg,raw/emam_v14/train/labels/Image_42_jpg.rf.a966e86ff23ea2211c2c8674dd0cc211.txt,turnip
train,raw/emam_v14/train/images/Image_42_jpg.rf.ab8522a72f4d8955e429e7745f19f727.jpg,raw/emam_v14/train/labels/Image_42_jpg.rf.ab8522a72f4d8955e429e7745f19f727.txt,lettuce
train,raw/emam_v14/train/images/Image_42_jpg.rf.ac2eb2079c6d576d664de19010dec87c.jpg,raw/emam_v14/train/labels/Image_42_jpg.rf.ac2eb2079c6d576d664de19010dec87c.txt,eggplant
train,raw/emam_v14/train/images/Image_42_jpg.rf.aee502f416ec623b899431d8d2958dde.jpg,raw/emam_v14/train/labels/Image_42_jpg.rf.aee502f416ec623b899431d8d2958dde.txt,ladyfinger
train,raw/emam_v14/train/images/Image_42_jpg.rf.af97797723483dc91757851e156c7d23.jpg,raw/emam_v14/train/labels/Image_42_jpg.rf.af97797723483dc91757851e156c7d23.txt,radish
train,raw/emam_v14/train/images/Image_42_jpg.rf.b7add608f1a4b36da4e8a72bc1524121.jpg,raw/emam_v14/train/labels/Image_42_jpg.rf.b7add608f1a4b36da4e8a72bc1524121.txt,eggplant
train,raw/emam_v14/train/images/Image_42_jpg.rf.ba0da7d884b69d8d6cb3440e8a612fb8.jpg,raw/emam_v14/train/labels/Image_42_jpg.rf.ba0da7d884b69d8d6cb3440e8a612fb8.txt,beetroot
train,raw/emam_v14/train/images/Image_42_jpg.rf.c3a196bf37a7997e01b8276b2f7602c6.jpg,raw/emam_v14/train/labels/Image_42_jpg.rf.c3a196bf37a7997e01b8276b2f7602c6.txt,eggplant
train,raw/emam_v14/train/images/Image_42_jpg.rf.c784362b5804015e64be4861ac2d1fe2.jpg,raw/emam_v14/train/labels/Image_42_jpg.rf.c784362b5804015e64be4861ac2d1fe2.txt,lettuce
train,raw/emam_v14/train/images/Image_42_jpg.rf.cdd8835548f23651cbb28396d784c9e1.jpg,raw/emam_v14/train/labels/Image_42_jpg.rf.cdd8835548f23651cbb28396d784c9e1.txt,lettuce
train,raw/emam_v14/train/images/Image_42_jpg.rf.d0e2fc5e1a28635cbb56efdc74cb2b9d.jpg,raw/emam_v14/train/labels/Image_42_jpg.rf.d0e2fc5e1a28635cbb56efdc74cb2b9d.txt,beetroot
train,raw/emam_v14/train/images/Image_42_jpg.rf.e5abc75720086a38ebde8a0a1cf92915.jpg,raw/emam_v14/train/labels/Image_42_jpg.rf.e5abc75720086a38ebde8a0a1cf92915.txt,chillipepper
train,raw/emam_v14/train/images/Image_42_jpg.rf.eb8bf19223a94cecaa7f1406a04adffe.jpg,raw/emam_v14/train/labels/Image_42_jpg.rf.eb8bf19223a94cecaa7f1406a04adffe.txt,radish
train,raw/emam_v14/train/images/Image_42_jpg.rf.f17d8cdc4efa6d94f6b746082ba0e6f9.jpg,raw/emam_v14/train/labels/Image_42_jpg.rf.f17d8cdc4efa6d94f6b746082ba0e6f9.txt,cabbage
train,raw/emam_v14/train/images/Image_42_jpg.rf.f747da1764d91b1d6582645add04ed52.jpg,raw/emam_v14/train/labels/Image_42_jpg.rf.f747da1764d91b1d6582645add04ed52.txt,corn
train,raw/emam_v14/train/images/Image_42_png_jpg.rf.64894292f613be1ddc1371298094d0da.jpg,raw/emam_v14/train/labels/Image_42_png_jpg.rf.64894292f613be1ddc1371298094d0da.txt,tomato
train,raw/emam_v14/train/images/Image_42_png_jpg.rf.6763409b7677cef181d3c67499b8e30a.jpg,raw/emam_v14/train/labels/Image_42_png_jpg.rf.6763409b7677cef181d3c67499b8e30a.txt,ginger
train,raw/emam_v14/train/images/Image_42_png_jpg.rf.7260519e0eabe0c481b7997ace1cb4dc.jpg,raw/emam_v14/train/labels/Image_42_png_jpg.rf.7260519e0eabe0c481b7997ace1cb4dc.txt,tomato
train,raw/emam_v14/train/images/Image_42_png_jpg.rf.808f73cedb1034a148b79301338d54b4.jpg,raw/emam_v14/train/labels/Image_42_png_jpg.rf.808f73cedb1034a148b79301338d54b4.txt,tomato
train,raw/emam_v14/train/images/Image_42_png_jpg.rf.c833b71e9b27c6221c1d61b596dc5388.jpg,raw/emam_v14/train/labels/Image_42_png_jpg.rf.c833b71e9b27c6221c1d61b596dc5388.txt,ginger
train,raw/emam_v14/train/images/Image_42_png_jpg.rf.e50f73475adbafe2666e6afe081a784d.jpg,raw/emam_v14/train/labels/Image_42_png_jpg.rf.e50f73475adbafe2666e6afe081a784d.txt,ginger
train,raw/emam_v14/train/images/Image_43_jpg.rf.02d6cfe4649fa56a1a7b930f2c05ba1b.jpg,raw/emam_v14/train/labels/Image_43_jpg.rf.02d6cfe4649fa56a1a7b930f2c05ba1b.txt,onion
train,raw/emam_v14/train/images/Image_43_jpg.rf.1091ccc393087e44459e23c7188a98fc.jpg,raw/emam_v14/train/labels/Image_43_jpg.rf.1091ccc393087e44459e23c7188a98fc.txt,potato
train,raw/emam_v14/train/images/Image_43_jpg.rf.22f7e512aec10124753856dea0de65b6.jpg,raw/emam_v14/train/labels/Image_43_jpg.rf.22f7e512aec10124753856dea0de65b6.txt,spinach
train,raw/emam_v14/train/images/Image_43_jpg.rf.242b5db3d182b73a53f774aff66cfa3e.jpg,raw/emam_v14/train/labels/Image_43_jpg.rf.242b5db3d182b73a53f774aff66cfa3e.txt,sweetcorn
train,raw/emam_v14/train/images/Image_43_jpg.rf.2d97bc6109e381032d39c48d8401aba1.jpg,raw/emam_v14/train/labels/Image_43_jpg.rf.2d97bc6109e381032d39c48d8401aba1.txt,bellpepper
train,raw/emam_v14/train/images/Image_43_jpg.rf.3d37b7c56442816b2a98ebe72aacf973.jpg,raw/emam_v14/train/labels/Image_43_jpg.rf.3d37b7c56442816b2a98ebe72aacf973.txt,turnip
train,raw/emam_v14/train/images/Image_43_jpg.rf.425bb9760fe656754203c88026c6a548.jpg,raw/emam_v14/train/labels/Image_43_jpg.rf.425bb9760fe656754203c88026c6a548.txt,turnip
train,raw/emam_v14/train/images/Image_43_jpg.rf.476f6ca96ba780076bcbfa2a3d6e847f.jpg,raw/emam_v14/train/labels/Image_43_jpg.rf.476f6ca96ba780076bcbfa2a3d6e847f.txt,ladyfinger
train,raw/emam_v14/train/images/Image_43_jpg.rf.4ae3b8ba8165e5f234e28e8ecbc2c956.jpg,raw/emam_v14/train/labels/Image_43_jpg.rf.4ae3b8ba8165e5f234e28e8ecbc2c956.txt,tomato
train,raw/emam_v14/train/images/Image_43_jpg.rf.56d504c4b74dba98d08435b9ff075872.jpg,raw/emam_v14/train/labels/Image_43_jpg.rf.56d504c4b74dba98d08435b9ff075872.txt,peas
train,raw/emam_v14/train/images/Image_43_jpg.rf.6a8882fb89e756a341c784f8dc248991.jpg,raw/emam_v14/train/labels/Image_43_jpg.rf.6a8882fb89e756a341c784f8dc248991.txt,onion
train,raw/emam_v14/train/images/Image_43_jpg.rf.6b37d519a1442c8a07fba9880b390f6c.jpg,raw/emam_v14/train/labels/Image_43_jpg.rf.6b37d519a1442c8a07fba9880b390f6c.txt,peas
train,raw/emam_v14/train/images/Image_43_jpg.rf.80b79e4dfe542f248e69400ed824fbf6.jpg,raw/emam_v14/train/labels/Image_43_jpg.rf.80b79e4dfe542f248e69400ed824fbf6.txt,cauliflower
train,raw/emam_v14/train/images/Image_43_jpg.rf.825cb4fab3391844c982192cb684f8a9.jpg,raw/emam_v14/train/labels/Image_43_jpg.rf.825cb4fab3391844c982192cb684f8a9.txt,sweetcorn
train,raw/emam_v14/train/images/Image_43_jpg.rf.957dee146db501f020c3f3245b45a694.jpg,raw/emam_v14/train/labels/Image_43_jpg.rf.957dee146db501f020c3f3245b45a694.txt,potato
train,raw/emam_v14/train/images/Image_43_jpg.rf.983381d86cd76020e8c8e7a16456c654.jpg,raw/emam_v14/train/labels/Image_43_jpg.rf.983381d86cd76020e8c8e7a16456c654.txt,spinach
train,raw/emam_v14/train/images/Image_43_jpg.rf.98840fd5c9ecc2b4c10a5193731bc425.jpg,raw/emam_v14/train/labels/Image_43_jpg.rf.98840fd5c9ecc2b4c10a5193731bc425.txt,tomato
train,raw/emam_v14/train/images/Image_43_jpg.rf.98ced418bfc8f6047297d7d3eefbbb84.jpg,raw/emam_v14/train/labels/Image_43_jpg.rf.98ced418bfc8f6047297d7d3eefbbb84.txt,bellpepper
train,raw/emam_v14/train/images/Image_43_jpg.rf.a272b92cd1be861ede00a469b5a16057.jpg,raw/emam_v14/train/labels/Image_43_jpg.rf.a272b92cd1be861ede00a469b5a16057.txt,ginger
train,raw/emam_v14/train/images/Image_43_jpg.rf.a3fb833388ceec50dad043c5cc118bac.jpg,raw/emam_v14/train/labels/Image_43_jpg.rf.a3fb833388ceec50dad043c5cc118bac.txt,sweetcorn
train,raw/emam_v14/train/images/Image_43_jpg.rf.a43544a2745bfdc238c4c9f2f80433d6.jpg,raw/emam_v14/train/labels/Image_43_jpg.rf.a43544a2745bfdc238c4c9f2f80433d6.txt,onion
train,raw/emam_v14/train/images/Image_43_jpg.rf.a55fbd496c6f062ce99d47af10468f49.jpg,raw/emam_v14/train/labels/Image_43_jpg.rf.a55fbd496c6f062ce99d47af10468f49.txt,potato
train,raw/emam_v14/train/images/Image_43_jpg.rf.aadef68ea048e182272c9611666fd2d5.jpg,raw/emam_v14/train/labels/Image_43_jpg.rf.aadef68ea048e182272c9611666fd2d5.txt,cauliflower
train,raw/emam_v14/train/images/Image_43_jpg.rf.ad298c4f7f1ceacd11c1fcb5dc131a4c.jpg,raw/emam_v14/train/labels/Image_43_jpg.rf.ad298c4f7f1ceacd11c1fcb5dc131a4c.txt,tomato
train,raw/emam_v14/train/images/Image_43_jpg.rf.b8a096d57038a1ee31253d51a5f54920.jpg,raw/emam_v14/train/labels/Image_43_jpg.rf.b8a096d57038a1ee31253d51a5f54920.txt,bellpepper
train,raw/emam_v14/train/images/Image_43_jpg.rf.c0e03a26bd7a3dd4925d3e17ec5b3f93.jpg,raw/emam_v14/train/labels/Image_43_jpg.rf.c0e03a26bd7a3dd4925d3e17ec5b3f93.txt,turnip
train,raw/emam_v14/train/images/Image_43_jpg.rf.d3cc567b29db9d1a5eced9e1cd990559.jpg,raw/emam_v14/train/labels/Image_43_jpg.rf.d3cc567b29db9d1a5eced9e1cd990559.txt,ginger
train,raw/emam_v14/train/images/Image_43_jpg.rf.d77bf4bbd2b1795b8af5baa1e568a9d0.jpg,raw/emam_v14/train/labels/Image_43_jpg.rf.d77bf4bbd2b1795b8af5baa1e568a9d0.txt,ginger
train,raw/emam_v14/train/images/Image_43_jpg.rf.dd4f88a6b2677419ae935494e75e2ebc.jpg,raw/emam_v14/train/labels/Image_43_jpg.rf.dd4f88a6b2677419ae935494e75e2ebc.txt,spinach
train,raw/emam_v14/train/images/Image_43_jpg.rf.df9703e75117021cd0e61b59dec800de.jpg,raw/emam_v14/train/labels/Image_43_jpg.rf.df9703e75117021cd0e61b59dec800de.txt,peas
train,raw/emam_v14/train/images/Image_43_jpg.rf.e737c239788c716a75825392e0cec448.jpg,raw/emam_v14/train/labels/Image_43_jpg.rf.e737c239788c716a75825392e0cec448.txt,ladyfinger
train,raw/emam_v14/train/images/Image_43_jpg.rf.f141e04511b772ccd42a862e7f2b54e0.jpg,raw/emam_v14/train/labels/Image_43_jpg.rf.f141e04511b772ccd42a862e7f2b54e0.txt,cauliflower
train,raw/emam_v14/train/images/Image_43_jpg.rf.f34159fae94c5765499d6529db988c87.jpg,raw/emam_v14/train/labels/Image_43_jpg.rf.f34159fae94c5765499d6529db988c87.txt,ladyfinger
train,raw/emam_v14/train/images/Image_44_JPG_jpg.rf.0d68516929689339ea60846316b19de5.jpg,raw/emam_v14/train/labels/Image_44_JPG_jpg.rf.0d68516929689339ea60846316b19de5.txt,chillipepper
train,raw/emam_v14/train/images/Image_44_JPG_jpg.rf.29f21fd2582ba3f219729610a37fc01d.jpg,raw/emam_v14/train/labels/Image_44_JPG_jpg.rf.29f21fd2582ba3f219729610a37fc01d.txt,chillipepper
train,raw/emam_v14/train/images/Image_44_JPG_jpg.rf.a2b1ba9f26e2b571696671e74082911e.jpg,raw/emam_v14/train/labels/Image_44_JPG_jpg.rf.a2b1ba9f26e2b571696671e74082911e.txt,chillipepper
train,raw/emam_v14/train/images/Image_44_jpg.rf.00584490af39dbb290abe0d34ae6a398.jpg,raw/emam_v14/train/labels/Image_44_jpg.rf.00584490af39dbb290abe0d34ae6a398.txt,ladyfinger
train,raw/emam_v14/train/images/Image_44_jpg.rf.00a9f1c9dc623967a0eb4bfca173f24b.jpg,raw/emam_v14/train/labels/Image_44_jpg.rf.00a9f1c9dc623967a0eb4bfca173f24b.txt,spinach
train,raw/emam_v14/train/images/Image_44_jpg.rf.058a363d7b5fc4145d7ace71289badcc.jpg,raw/emam_v14/train/labels/Image_44_jpg.rf.058a363d7b5fc4145d7ace71289badcc.txt,potato
train,raw/emam_v14/train/images/Image_44_jpg.rf.0cb72c47d75e962965cb01b44d7399f7.jpg,raw/emam_v14/train/labels/Image_44_jpg.rf.0cb72c47d75e962965cb01b44d7399f7.txt,eggplant
train,raw/emam_v14/train/images/Image_44_jpg.rf.12ac9b2b0f335de0dfa5d69d962ce1dd.jpg,raw/emam_v14/train/labels/Image_44_jpg.rf.12ac9b2b0f335de0dfa5d69d962ce1dd.txt,cauliflower
train,raw/emam_v14/train/images/Image_44_jpg.rf.2b30e0e9e2acc38e3004378ed0397d98.jpg,raw/emam_v14/train/labels/Image_44_jpg.rf.2b30e0e9e2acc38e3004378ed0397d98.txt,spinach
train,raw/emam_v14/train/images/Image_44_jpg.rf.2db31b0f84231950cf62709e2d0f06dc.jpg,raw/emam_v14/train/labels/Image_44_jpg.rf.2db31b0f84231950cf62709e2d0f06dc.txt,radish
train,raw/emam_v14/train/images/Image_44_jpg.rf.35d467ec7c23798e69a0fa6ac16caa06.jpg,raw/emam_v14/train/labels/Image_44_jpg.rf.35d467ec7c23798e69a0fa6ac16caa06.txt,peas
train,raw/emam_v14/train/images/Image_44_jpg.rf.38ad583a20f041ba88bd7da64e71aab0.jpg,raw/emam_v14/train/labels/Image_44_jpg.rf.38ad583a20f041ba88bd7da64e71aab0.txt,eggplant
train,raw/emam_v14/train/images/Image_44_jpg.rf.3e8fd1551255855f8a7be0a3de7738ef.jpg,raw/emam_v14/train/labels/Image_44_jpg.rf.3e8fd1551255855f8a7be0a3de7738ef.txt,jalapeno
train,raw/emam_v14/train/images/Image_44_jpg.rf.46e1c78949908129a57930fa269a2343.jpg,raw/emam_v14/train/labels/Image_44_jpg.rf.46e1c78949908129a57930fa269a2343.txt,peas
train,raw/emam_v14/train/images/Image_44_jpg.rf.52e3f6b86f2b2fe1a4b206bc6e4462ca.jpg,raw/emam_v14/train/labels/Image_44_jpg.rf.52e3f6b86f2b2fe1a4b206bc6e4462ca.txt,cabbage
train,raw/emam_v14/train/images/Image_44_jpg.rf.6bf6a5f09e3f30d5fd3dff610b99e427.jpg,raw/emam_v14/train/labels/Image_44_jpg.rf.6bf6a5f09e3f30d5fd3dff610b99e427.txt,ladyfinger
train,raw/emam_v14/train/images/Image_44_jpg.rf.6d90aa3a73e0d7d129ac1f8da3444a78.jpg,raw/emam_v14/train/labels/Image_44_jpg.rf.6d90aa3a73e0d7d129ac1f8da3444a78.txt,garlic
train,raw/emam_v14/train/images/Image_44_jpg.rf.6f245c68381c00e3a421b9d180d9a549.jpg,raw/emam_v14/train/labels/Image_44_jpg.rf.6f245c68381c00e3a421b9d180d9a549.txt,potato
train,raw/emam_v14/train/images/Image_44_jpg.rf.73d39b1e733eda87fc0b111b538fceeb.jpg,raw/emam_v14/train/labels/Image_44_jpg.rf.73d39b1e733eda87fc0b111b538fceeb.txt,cabbage
train,raw/emam_v14/train/images/Image_44_jpg.rf.74dc74bbd26e6a7e87d4e2e3488013a7.jpg,raw/emam_v14/train/labels/Image_44_jpg.rf.74dc74bbd26e6a7e87d4e2e3488013a7.txt,sweetcorn
train,raw/emam_v14/train/images/Image_44_jpg.rf.87dbb3ee33afe14977bba2011afcd71a.jpg,raw/emam_v14/train/labels/Image_44_jpg.rf.87dbb3ee33afe14977bba2011afcd71a.txt,peas
train,raw/emam_v14/train/images/Image_44_jpg.rf.8ae57b6449ff4b47b63ad9427d9e31ad.jpg,raw/emam_v14/train/labels/Image_44_jpg.rf.8ae57b6449ff4b47b63ad9427d9e31ad.txt,garlic
train,raw/emam_v14/train/images/Image_44_jpg.rf.8d142ef0c28b24116ff211cf483d52b0.jpg,raw/emam_v14/train/labels/Image_44_jpg.rf.8d142ef0c28b24116ff211cf483d52b0.txt,bellpepper
train,raw/emam_v14/train/images/Image_44_jpg.rf.8e6819b3f2ce9dbb5fb4626bf11f22ce.jpg,raw/emam_v14/train/labels/Image_44_jpg.rf.8e6819b3f2ce9dbb5fb4626bf11f22ce.txt,sweetcorn
train,raw/emam_v14/train/images/Image_44_jpg.rf.8f71b70778d0802a2a81263b21064a99.jpg,raw/emam_v14/train/labels/Image_44_jpg.rf.8f71b70778d0802a2a81263b21064a99.txt,bellpepper
train,raw/emam_v14/train/images/Image_44_jpg.rf.994e05426e9394c5c3c239108fc0c172.jpg,raw/emam_v14/train/labels/Image_44_jpg.rf.994e05426e9394c5c3c239108fc0c172.txt,ladyfinger
train,raw/emam_v14/train/images/Image_44_jpg.rf.a6f9fe6f2555fc6e505ebd00e31315d9.jpg,raw/emam_v14/train/labels/Image_44_jpg.rf.a6f9fe6f2555fc6e505ebd00e31315d9.txt,cauliflower
train,raw/emam_v14/train/images/Image_44_jpg.rf.a768e6ce24c768a73582e23a6d71122f.jpg,raw/emam_v14/train/labels/Image_44_jpg.rf.a768e6ce24c768a73582e23a6d71122f.txt,radish
train,raw/emam_v14/train/images/Image_44_jpg.rf.c27ff16d9a28187c164f13c1509c65a4.jpg,raw/emam_v14/train/labels/Image_44_jpg.rf.c27ff16d9a28187c164f13c1509c65a4.txt,jalapeno
train,raw/emam_v14/train/images/Image_44_jpg.rf.c3c387820c2957aa1fe33b4e25392dab.jpg,raw/emam_v14/train/labels/Image_44_jpg.rf.c3c387820c2957aa1fe33b4e25392dab.txt,sweetcorn
train,raw/emam_v14/train/images/Image_44_jpg.rf.caf8f0895297d16ada94b4d29f71897e.jpg,raw/emam_v14/train/labels/Image_44_jpg.rf.caf8f0895297d16ada94b4d29f71897e.txt,jalapeno
train,raw/emam_v14/train/images/Image_44_jpg.rf.cc06859dcd33061e076b6e7ea51e17e2.jpg,raw/emam_v14/train/labels/Image_44_jpg.rf.cc06859dcd33061e076b6e7ea51e17e2.txt,radish
train,raw/emam_v14/train/images/Image_44_jpg.rf.cc91bc91cf291e8700495185f27bd58e.jpg,raw/emam_v14/train/labels/Image_44_jpg.rf.cc91bc91cf291e8700495185f27bd58e.txt,eggplant
train,raw/emam_v14/train/images/Image_44_jpg.rf.d70a39ecf84281f5f4bf4b9c4af93a1a.jpg,raw/emam_v14/train/labels/Image_44_jpg.rf.d70a39ecf84281f5f4bf4b9c4af93a1a.txt,spinach
train,raw/emam_v14/train/images/Image_44_jpg.rf.e1572903134f5ff0827f1df6196d5db5.jpg,raw/emam_v14/train/labels/Image_44_jpg.rf.e1572903134f5ff0827f1df6196d5db5.txt,cabbage
train,raw/emam_v14/train/images/Image_44_jpg.rf.e254ccc5d159dea1a089d7324a33909d.jpg,raw/emam_v14/train/labels/Image_44_jpg.rf.e254ccc5d159dea1a089d7324a33909d.txt,potato
train,raw/emam_v14/train/images/Image_44_jpg.rf.e424bfb78a9fccbf960c6de9ddd53644.jpg,raw/emam_v14/train/labels/Image_44_jpg.rf.e424bfb78a9fccbf960c6de9ddd53644.txt,cauliflower
train,raw/emam_v14/train/images/Image_44_jpg.rf.e5f23069306b298da0c80df771eb0e97.jpg,raw/emam_v14/train/labels/Image_44_jpg.rf.e5f23069306b298da0c80df771eb0e97.txt,garlic
train,raw/emam_v14/train/images/Image_44_jpg.rf.e616c2977e925c674c0b6b42dc50e210.jpg,raw/emam_v14/train/labels/Image_44_jpg.rf.e616c2977e925c674c0b6b42dc50e210.txt,bellpepper
train,raw/emam_v14/train/images/Image_44_png_jpg.rf.5252a65a492451e26749cfdb0e9bf0c0.jpg,raw/emam_v14/train/labels/Image_44_png_jpg.rf.5252a65a492451e26749cfdb0e9bf0c0.txt,carrot
train,raw/emam_v14/train/images/Image_44_png_jpg.rf.9f9edeb1480ea4fe531fcf8378c65f91.jpg,raw/emam_v14/train/labels/Image_44_png_jpg.rf.9f9edeb1480ea4fe531fcf8378c65f91.txt,carrot
train,raw/emam_v14/train/images/Image_44_png_jpg.rf.be273f714521ad8b15ca1b63ef495676.jpg,raw/emam_v14/train/labels/Image_44_png_jpg.rf.be273f714521ad8b15ca1b63ef495676.txt,carrot
train,raw/emam_v14/train/images/Image_45_jpg.rf.023fbe483a20e4e78b6bcf5e5b9d0042.jpg,raw/emam_v14/train/labels/Image_45_jpg.rf.023fbe483a20e4e78b6bcf5e5b9d0042.txt,bellpepper
train,raw/emam_v14/train/images/Image_45_jpg.rf.14020749516e6eefb6b0a31ba9877f78.jpg,raw/emam_v14/train/labels/Image_45_jpg.rf.14020749516e6eefb6b0a31ba9877f78.txt,lettuce
train,raw/emam_v14/train/images/Image_45_jpg.rf.18afaad70cc25be79c82a8b343fe1db1.jpg,raw/emam_v14/train/labels/Image_45_jpg.rf.18afaad70cc25be79c82a8b343fe1db1.txt,bellpepper
train,raw/emam_v14/train/images/Image_45_jpg.rf.2bd40dc47b9d5576b8d486070a03b21a.jpg,raw/emam_v14/train/labels/Image_45_jpg.rf.2bd40dc47b9d5576b8d486070a03b21a.txt,bellpepper
train,raw/emam_v14/train/images/Image_45_jpg.rf.2e960ded6f964b2113a5a7d456563030.jpg,raw/emam_v14/train/labels/Image_45_jpg.rf.2e960ded6f964b2113a5a7d456563030.txt,lettuce
train,raw/emam_v14/train/images/Image_45_jpg.rf.40b67f17610acf28ac9d2f5726ee4d2e.jpg,raw/emam_v14/train/labels/Image_45_jpg.rf.40b67f17610acf28ac9d2f5726ee4d2e.txt,beetroot
train,raw/emam_v14/train/images/Image_45_jpg.rf.4c664870674bfd724a305df6f8b6eb13.jpg,raw/emam_v14/train/labels/Image_45_jpg.rf.4c664870674bfd724a305df6f8b6eb13.txt,turnip
train,raw/emam_v14/train/images/Image_45_jpg.rf.58bdcd0f97a53b2140a507b693e8fa68.jpg,raw/emam_v14/train/labels/Image_45_jpg.rf.58bdcd0f97a53b2140a507b693e8fa68.txt,onion
train,raw/emam_v14/train/images/Image_45_jpg.rf.5a3b6bc2b2a6f3eebc2d9e2d60985d24.jpg,raw/emam_v14/train/labels/Image_45_jpg.rf.5a3b6bc2b2a6f3eebc2d9e2d60985d24.txt,tomato
train,raw/emam_v14/train/images/Image_45_jpg.rf.5a8d32be6acdbbf90eab5cc2c673db8a.jpg,raw/emam_v14/train/labels/Image_45_jpg.rf.5a8d32be6acdbbf90eab5cc2c673db8a.txt,turnip
train,raw/emam_v14/train/images/Image_45_jpg.rf.5b3a768329eedca2abfd085ed1f34559.jpg,raw/emam_v14/train/labels/Image_45_jpg.rf.5b3a768329eedca2abfd085ed1f34559.txt,cabbage
train,raw/emam_v14/train/images/Image_45_jpg.rf.5f5e181c706ffa1c9f6b8f2b3ebfcf09.jpg,raw/emam_v14/train/labels/Image_45_jpg.rf.5f5e181c706ffa1c9f6b8f2b3ebfcf09.txt,ladyfinger
train,raw/emam_v14/train/images/Image_45_jpg.rf.61327e2912086b4129a028450f328a1c.jpg,raw/emam_v14/train/labels/Image_45_jpg.rf.61327e2912086b4129a028450f328a1c.txt,cabbage
train,raw/emam_v14/train/images/Image_45_jpg.rf.650fb2115f7b47ea484120b4f0db280c.jpg,raw/emam_v14/train/labels/Image_45_jpg.rf.650fb2115f7b47ea484120b4f0db280c.txt,tomato
train,raw/emam_v14/train/images/Image_45_jpg.rf.68a88e0fbe70a63ad37a2d43e79a3530.jpg,raw/emam_v14/train/labels/Image_45_jpg.rf.68a88e0fbe70a63ad37a2d43e79a3530.txt,eggplant
train,raw/emam_v14/train/images/Image_45_jpg.rf.6bdf0a842bacfaba454630e26b2fce48.jpg,raw/emam_v14/train/labels/Image_45_jpg.rf.6bdf0a842bacfaba454630e26b2fce48.txt,bellpepper
train,raw/emam_v14/train/images/Image_45_jpg.rf.76618e36e5fddec432ddea3e6c18f56b.jpg,raw/emam_v14/train/labels/Image_45_jpg.rf.76618e36e5fddec432ddea3e6c18f56b.txt,bellpepper
train,raw/emam_v14/train/images/Image_45_jpg.rf.773a0456b180642905c941cd406ea743.jpg,raw/emam_v14/train/labels/Image_45_jpg.rf.773a0456b180642905c941cd406ea743.txt,lettuce
train,raw/emam_v14/train/images/Image_45_jpg.rf.7febfad531cf300ad941ded6acf3a041.jpg,raw/emam_v14/train/labels/Image_45_jpg.rf.7febfad531cf300ad941ded6acf3a041.txt,cabbage
train,raw/emam_v14/train/images/Image_45_jpg.rf.888d7e0ae101c9e5e7ee043aa6c176d6.jpg,raw/emam_v14/train/labels/Image_45_jpg.rf.888d7e0ae101c9e5e7ee043aa6c176d6.txt,beetroot
train,raw/emam_v14/train/images/Image_45_jpg.rf.9a0064d763b44199b48bf861030a0f79.jpg,raw/emam_v14/train/labels/Image_45_jpg.rf.9a0064d763b44199b48bf861030a0f79.txt,eggplant
train,raw/emam_v14/train/images/Image_45_jpg.rf.9d232ec9ba384892faea645c35ca65d0.jpg,raw/emam_v14/train/labels/Image_45_jpg.rf.9d232ec9ba384892faea645c35ca65d0.txt,onion
train,raw/emam_v14/train/images/Image_45_jpg.rf.a4651f9a34bf934f238bc8b92ee6aafc.jpg,raw/emam_v14/train/labels/Image_45_jpg.rf.a4651f9a34bf934f238bc8b92ee6aafc.txt,chillipepper
train,raw/emam_v14/train/images/Image_45_jpg.rf.a644090ba3263a2bf59cfaa216a56757.jpg,raw/emam_v14/train/labels/Image_45_jpg.rf.a644090ba3263a2bf59cfaa216a56757.txt,onion
train,raw/emam_v14/train/images/Image_45_jpg.rf.a9840c44480aff31ddc30c2f6db3227d.jpg,raw/emam_v14/train/labels/Image_45_jpg.rf.a9840c44480aff31ddc30c2f6db3227d.txt,bellpepper
train,raw/emam_v14/train/images/Image_45_jpg.rf.ac5baaff77a0c8b9fe33f5aa6c7b28ce.jpg,raw/emam_v14/train/labels/Image_45_jpg.rf.ac5baaff77a0c8b9fe33f5aa6c7b28ce.txt,chillipepper
train,raw/emam_v14/train/images/Image_45_jpg.rf.b7ea14b63f12a75a13620d2b8b6f20ab.jpg,raw/emam_v14/train/labels/Image_45_jpg.rf.b7ea14b63f12a75a13620d2b8b6f20ab.txt,eggplant
train,raw/emam_v14/train/images/Image_45_jpg.rf.bf5360540f03f71d955a931ef337a989.jpg,raw/emam_v14/train/labels/Image_45_jpg.rf.bf5360540f03f71d955a931ef337a989.txt,ladyfinger
train,raw/emam_v14/train/images/Image_45_jpg.rf.bf63a7ac4b41c90b3d0ab31810fdd795.jpg,raw/emam_v14/train/labels/Image_45_jpg.rf.bf63a7ac4b41c90b3d0ab31810fdd795.txt,ladyfinger
train,raw/emam_v14/train/images/Image_45_jpg.rf.bfa02a5ba11bc0bddead7b18fd36e0a5.jpg,raw/emam_v14/train/labels/Image_45_jpg.rf.bfa02a5ba11bc0bddead7b18fd36e0a5.txt,beetroot
train,raw/emam_v14/train/images/Image_45_jpg.rf.c5cf13d8075b8710b3f57eaf05e6bb12.jpg,raw/emam_v14/train/labels/Image_45_jpg.rf.c5cf13d8075b8710b3f57eaf05e6bb12.txt,tomato
train,raw/emam_v14/train/images/Image_45_jpg.rf.c7ae74362b6173f9279f4155e31290e6.jpg,raw/emam_v14/train/labels/Image_45_jpg.rf.c7ae74362b6173f9279f4155e31290e6.txt,chillipepper
train,raw/emam_v14/train/images/Image_45_jpg.rf.d5393d6a06af28b0058febf7c8472289.jpg,raw/emam_v14/train/labels/Image_45_jpg.rf.d5393d6a06af28b0058febf7c8472289.txt,turnip
train,raw/emam_v14/train/images/Image_46_jpg.rf.2f2d7b1fae43118e2fdd07e585adfe9a.jpg,raw/emam_v14/train/labels/Image_46_jpg.rf.2f2d7b1fae43118e2fdd07e585adfe9a.txt,lettuce
train,raw/emam_v14/train/images/Image_46_jpg.rf.3394f016239c5d42bd60c315f3b51316.jpg,raw/emam_v14/train/labels/Image_46_jpg.rf.3394f016239c5d42bd60c315f3b51316.txt,beetroot
train,raw/emam_v14/train/images/Image_46_jpg.rf.391ee71bda7fa1f7b86034cfb1e9937c.jpg,raw/emam_v14/train/labels/Image_46_jpg.rf.391ee71bda7fa1f7b86034cfb1e9937c.txt,beetroot
train,raw/emam_v14/train/images/Image_46_jpg.rf.40be1de0f887e85d0960502e8f0188f4.jpg,raw/emam_v14/train/labels/Image_46_jpg.rf.40be1de0f887e85d0960502e8f0188f4.txt,cabbage
train,raw/emam_v14/train/images/Image_46_jpg.rf.46f266ffc0c64e68d54f5f3a26ef1ec1.jpg,raw/emam_v14/train/labels/Image_46_jpg.rf.46f266ffc0c64e68d54f5f3a26ef1ec1.txt,spinach
train,raw/emam_v14/train/images/Image_46_jpg.rf.5b32ec5377963db3462cfe9a63c1d8eb.jpg,raw/emam_v14/train/labels/Image_46_jpg.rf.5b32ec5377963db3462cfe9a63c1d8eb.txt,carrot
train,raw/emam_v14/train/images/Image_46_jpg.rf.639d3049c4251565f70fdf9a698ce302.jpg,raw/emam_v14/train/labels/Image_46_jpg.rf.639d3049c4251565f70fdf9a698ce302.txt,eggplant
train,raw/emam_v14/train/images/Image_46_jpg.rf.6d14d7adae0a1a04adfdc0e5b4aa7be4.jpg,raw/emam_v14/train/labels/Image_46_jpg.rf.6d14d7adae0a1a04adfdc0e5b4aa7be4.txt,cucumber
train,raw/emam_v14/train/images/Image_46_jpg.rf.7b89cafcaaebed1400b761178a70e9de.jpg,raw/emam_v14/train/labels/Image_46_jpg.rf.7b89cafcaaebed1400b761178a70e9de.txt,onion
train,raw/emam_v14/train/images/Image_46_jpg.rf.83a64b3d8dce58e765d46fe566084a76.jpg,raw/emam_v14/train/labels/Image_46_jpg.rf.83a64b3d8dce58e765d46fe566084a76.txt,beetroot
train,raw/emam_v14/train/images/Image_46_jpg.rf.94d005a35dc2b8abefbe62a14535c23c.jpg,raw/emam_v14/train/labels/Image_46_jpg.rf.94d005a35dc2b8abefbe62a14535c23c.txt,cabbage
train,raw/emam_v14/train/images/Image_46_jpg.rf.9bf42b5913fc73902b66b62490bb07c6.jpg,raw/emam_v14/train/labels/Image_46_jpg.rf.9bf42b5913fc73902b66b62490bb07c6.txt,onion
train,raw/emam_v14/train/images/Image_46_jpg.rf.9c85071e73c809f68cb8c415a70912ac.jpg,raw/emam_v14/train/labels/Image_46_jpg.rf.9c85071e73c809f68cb8c415a70912ac.txt,eggplant
train,raw/emam_v14/train/images/Image_46_jpg.rf.a5328fcbaf057898d43528af02f857bb.jpg,raw/emam_v14/train/labels/Image_46_jpg.rf.a5328fcbaf057898d43528af02f857bb.txt,spinach
train,raw/emam_v14/train/images/Image_46_jpg.rf.a5358326d67017829c16a6bbf271b66d.jpg,raw/emam_v14/train/labels/Image_46_jpg.rf.a5358326d67017829c16a6bbf271b66d.txt,lettuce
train,raw/emam_v14/train/images/Image_46_jpg.rf.ac9170378f3ff443b0436257c48bc9fe.jpg,raw/emam_v14/train/labels/Image_46_jpg.rf.ac9170378f3ff443b0436257c48bc9fe.txt,onion
train,raw/emam_v14/train/images/Image_46_jpg.rf.b296ef887a76256216a35fe2132f556e.jpg,raw/emam_v14/train/labels/Image_46_jpg.rf.b296ef887a76256216a35fe2132f556e.txt,carrot
train,raw/emam_v14/train/images/Image_46_jpg.rf.c001b591e8c57f7ff1f94e72d0c01edc.jpg,raw/emam_v14/train/labels/Image_46_jpg.rf.c001b591e8c57f7ff1f94e72d0c01edc.txt,cucumber
train,raw/emam_v14/train/images/Image_46_jpg.rf.c295153a5e8991d7335d6535b74e044c.jpg,raw/emam_v14/train/labels/Image_46_jpg.rf.c295153a5e8991d7335d6535b74e044c.txt,cucumber
train,raw/emam_v14/train/images/Image_46_jpg.rf.c7cc6a1adc3f3730f2dff9a609e2a3f4.jpg,raw/emam_v14/train/labels/Image_46_jpg.rf.c7cc6a1adc3f3730f2dff9a609e2a3f4.txt,garlic
train,raw/emam_v14/train/images/Image_46_jpg.rf.d359232afa9d6f4d07dc159cabb6dd7f.jpg,raw/emam_v14/train/labels/Image_46_jpg.rf.d359232afa9d6f4d07dc159cabb6dd7f.txt,eggplant
train,raw/emam_v14/train/images/Image_46_jpg.rf.e1130bbd93fce2c284d719b826664a1c.jpg,raw/emam_v14/train/labels/Image_46_jpg.rf.e1130bbd93fce2c284d719b826664a1c.txt,carrot
train,raw/emam_v14/train/images/Image_46_jpg.rf.e185cb016068df8cbef129ebf96f2b43.jpg,raw/emam_v14/train/labels/Image_46_jpg.rf.e185cb016068df8cbef129ebf96f2b43.txt,cabbage
train,raw/emam_v14/train/images/Image_46_jpg.rf.ea28ab64cf6b15debf8b8c8036c4fbc9.jpg,raw/emam_v14/train/labels/Image_46_jpg.rf.ea28ab64cf6b15debf8b8c8036c4fbc9.txt,garlic
train,raw/emam_v14/train/images/Image_46_jpg.rf.ef91cd1e40ab62a89f5e449b6d93f220.jpg,raw/emam_v14/train/labels/Image_46_jpg.rf.ef91cd1e40ab62a89f5e449b6d93f220.txt,lettuce
train,raw/emam_v14/train/images/Image_46_jpg.rf.f17703eabb3f9528ce766884b98f1992.jpg,raw/emam_v14/train/labels/Image_46_jpg.rf.f17703eabb3f9528ce766884b98f1992.txt,garlic
train,raw/emam_v14/train/images/Image_46_jpg.rf.ff0afd3f1b4a0f790d201f9ae36f3f44.jpg,raw/emam_v14/train/labels/Image_46_jpg.rf.ff0afd3f1b4a0f790d201f9ae36f3f44.txt,spinach
train,raw/emam_v14/train/images/Image_46_png_jpg.rf.1b5cfab6795ff1cc133b5a126e17988f.jpg,raw/emam_v14/train/labels/Image_46_png_jpg.rf.1b5cfab6795ff1cc133b5a126e17988f.txt,potato
train,raw/emam_v14/train/images/Image_46_png_jpg.rf.328f952e2784cd94826ba3075ec09e48.jpg,raw/emam_v14/train/labels/Image_46_png_jpg.rf.328f952e2784cd94826ba3075ec09e48.txt,tomato
train,raw/emam_v14/train/images/Image_46_png_jpg.rf.55ac63d361b6af43cedf090f89e75f50.jpg,raw/emam_v14/train/labels/Image_46_png_jpg.rf.55ac63d361b6af43cedf090f89e75f50.txt,tomato
train,raw/emam_v14/train/images/Image_46_png_jpg.rf.90b1868ee8aef7013984b01192750e31.jpg,raw/emam_v14/train/labels/Image_46_png_jpg.rf.90b1868ee8aef7013984b01192750e31.txt,potato
train,raw/emam_v14/train/images/Image_46_png_jpg.rf.a8a70485bab7991c414bebf829971567.jpg,raw/emam_v14/train/labels/Image_46_png_jpg.rf.a8a70485bab7991c414bebf829971567.txt,potato
train,raw/emam_v14/train/images/Image_46_png_jpg.rf.d21c4a4c5ee88973049ec65331f50145.jpg,raw/emam_v14/train/labels/Image_46_png_jpg.rf.d21c4a4c5ee88973049ec65331f50145.txt,tomato
train,raw/emam_v14/train/images/Image_47_JPG_jpg.rf.27913f27f5bd06459063b12b69d482e8.jpg,raw/emam_v14/train/labels/Image_47_JPG_jpg.rf.27913f27f5bd06459063b12b69d482e8.txt,cabbage
train,raw/emam_v14/train/images/Image_47_JPG_jpg.rf.89dec85a0a06376322c6e317c8eb66dd.jpg,raw/emam_v14/train/labels/Image_47_JPG_jpg.rf.89dec85a0a06376322c6e317c8eb66dd.txt,cabbage
train,raw/emam_v14/train/images/Image_47_JPG_jpg.rf.b0d960fd1a5b689e0d9ee6cf7e235d7b.jpg,raw/emam_v14/train/labels/Image_47_JPG_jpg.rf.b0d960fd1a5b689e0d9ee6cf7e235d7b.txt,cabbage
train,raw/emam_v14/train/images/Image_47_JPG_jpg.rf.cb37b4c444d72efa78d31d4e7291980a.jpg,raw/emam_v14/train/labels/Image_47_JPG_jpg.rf.cb37b4c444d72efa78d31d4e7291980a.txt,chillipepper
train,raw/emam_v14/train/images/Image_47_JPG_jpg.rf.deef2f95f20143b36cd24ace92859d6a.jpg,raw/emam_v14/train/labels/Image_47_JPG_jpg.rf.deef2f95f20143b36cd24ace92859d6a.txt,chillipepper
train,raw/emam_v14/train/images/Image_47_JPG_jpg.rf.edf8a1b0b5c57a99ebd4dce6a4ff77f8.jpg,raw/emam_v14/train/labels/Image_47_JPG_jpg.rf.edf8a1b0b5c57a99ebd4dce6a4ff77f8.txt,chillipepper
train,raw/emam_v14/train/images/Image_47_jpeg_jpg.rf.4a24f2fe7e5c4c2b06a891db5b21cbbe.jpg,raw/emam_v14/train/labels/Image_47_jpeg_jpg.rf.4a24f2fe7e5c4c2b06a891db5b21cbbe.txt,ladyfinger
train,raw/emam_v14/train/images/Image_47_jpeg_jpg.rf.67f26bde1da63fa363ba3a5b8d624a5d.jpg,raw/emam_v14/train/labels/Image_47_jpeg_jpg.rf.67f26bde1da63fa363ba3a5b8d624a5d.txt,ladyfinger
train,raw/emam_v14/train/images/Image_47_jpeg_jpg.rf.c0d3aa5e825c136fb895b431d5d23c19.jpg,raw/emam_v14/train/labels/Image_47_jpeg_jpg.rf.c0d3aa5e825c136fb895b431d5d23c19.txt,ladyfinger
train,raw/emam_v14/train/images/Image_47_jpg.rf.0b35f08b7fa47c207060abcaeb0cb757.jpg,raw/emam_v14/train/labels/Image_47_jpg.rf.0b35f08b7fa47c207060abcaeb0cb757.txt,potato
train,raw/emam_v14/train/images/Image_47_jpg.rf.1e61faa793c31a03feb23d23da7ca15a.jpg,raw/emam_v14/train/labels/Image_47_jpg.rf.1e61faa793c31a03feb23d23da7ca15a.txt,carrot
train,raw/emam_v14/train/images/Image_47_jpg.rf.29951b0b153b7b382e630f8b05b69eeb.jpg,raw/emam_v14/train/labels/Image_47_jpg.rf.29951b0b153b7b382e630f8b05b69eeb.txt,bellpepper
train,raw/emam_v14/train/images/Image_47_jpg.rf.3adcbfcc5c7dbbbdb39c80343188dc7e.jpg,raw/emam_v14/train/labels/Image_47_jpg.rf.3adcbfcc5c7dbbbdb39c80343188dc7e.txt,eggplant
train,raw/emam_v14/train/images/Image_47_jpg.rf.3cd2201cec3e4128fe5b2b5e07b6ec6f.jpg,raw/emam_v14/train/labels/Image_47_jpg.rf.3cd2201cec3e4128fe5b2b5e07b6ec6f.txt,jalapeno
train,raw/emam_v14/train/images/Image_47_jpg.rf.470bae4b125f4ed26feb4d317913acd1.jpg,raw/emam_v14/train/labels/Image_47_jpg.rf.470bae4b125f4ed26feb4d317913acd1.txt,bellpepper
train,raw/emam_v14/train/images/Image_47_jpg.rf.84f1ab642c2f67fa8062ca0a2927d34a.jpg,raw/emam_v14/train/labels/Image_47_jpg.rf.84f1ab642c2f67fa8062ca0a2927d34a.txt,potato
train,raw/emam_v14/train/images/Image_47_jpg.rf.8b25a8bd408141c7dc259f0f426ebde7.jpg,raw/emam_v14/train/labels/Image_47_jpg.rf.8b25a8bd408141c7dc259f0f426ebde7.txt,beetroot
train,raw/emam_v14/train/images/Image_47_jpg.rf.8c9f17232968c80860ee2082cf991a32.jpg,raw/emam_v14/train/labels/Image_47_jpg.rf.8c9f17232968c80860ee2082cf991a32.txt,cucumber
train,raw/emam_v14/train/images/Image_47_jpg.rf.8cc3afc43ffb80a1455176b7dbcb99c7.jpg,raw/emam_v14/train/labels/Image_47_jpg.rf.8cc3afc43ffb80a1455176b7dbcb99c7.txt,eggplant
train,raw/emam_v14/train/images/Image_47_jpg.rf.92c1a097fb235e19e3cf545c0b3a394c.jpg,raw/emam_v14/train/labels/Image_47_jpg.rf.92c1a097fb235e19e3cf545c0b3a394c.txt,beetroot
train,raw/emam_v14/train/images/Image_47_jpg.rf.9718f6dc61edda841d58d549af222511.jpg,raw/emam_v14/train/labels/Image_47_jpg.rf.9718f6dc61edda841d58d549af222511.txt,lemon
train,raw/emam_v14/train/images/Image_47_jpg.rf.9ffd4c6f419f6fc873dfdee9d5acadec.jpg,raw/emam_v14/train/labels/Image_47_jpg.rf.9ffd4c6f419f6fc873dfdee9d5acadec.txt,potato
train,raw/emam_v14/train/images/Image_47_jpg.rf.b0575046dd82b21d4aa73dcd01968f40.jpg,raw/emam_v14/train/labels/Image_47_jpg.rf.b0575046dd82b21d4aa73dcd01968f40.txt,beetroot
train,raw/emam_v14/train/images/Image_47_jpg.rf.b3c3d2ca1ea297e52f4a4334ef00e462.jpg,raw/emam_v14/train/labels/Image_47_jpg.rf.b3c3d2ca1ea297e52f4a4334ef00e462.txt,bellpepper
train,raw/emam_v14/train/images/Image_47_jpg.rf.ba74c5c6086211800d9f5990343a6657.jpg,raw/emam_v14/train/labels/Image_47_jpg.rf.ba74c5c6086211800d9f5990343a6657.txt,eggplant
train,raw/emam_v14/train/images/Image_47_jpg.rf.bd39df9c9cac69300201a2cd55cd609b.jpg,raw/emam_v14/train/labels/Image_47_jpg.rf.bd39df9c9cac69300201a2cd55cd609b.txt,lemon
train,raw/emam_v14/train/images/Image_47_jpg.rf.d01aca2fa2b3c113380187c672dc295a.jpg,raw/emam_v14/train/labels/Image_47_jpg.rf.d01aca2fa2b3c113380187c672dc295a.txt,cucumber
train,raw/emam_v14/train/images/Image_47_jpg.rf.d15c479640df99dda3fd6e12714d6d2b.jpg,raw/emam_v14/train/labels/Image_47_jpg.rf.d15c479640df99dda3fd6e12714d6d2b.txt,jalapeno
train,raw/emam_v14/train/images/Image_47_jpg.rf.e045411d8be5897880d1609adb3f945e.jpg,raw/emam_v14/train/labels/Image_47_jpg.rf.e045411d8be5897880d1609adb3f945e.txt,carrot
train,raw/emam_v14/train/images/Image_47_jpg.rf.e3650d0eca3cd4495e65d5652903b0c2.jpg,raw/emam_v14/train/labels/Image_47_jpg.rf.e3650d0eca3cd4495e65d5652903b0c2.txt,lemon
train,raw/emam_v14/train/images/Image_47_jpg.rf.e627457d402d5fb6b3caa639796a241c.jpg,raw/emam_v14/train/labels/Image_47_jpg.rf.e627457d402d5fb6b3caa639796a241c.txt,carrot
train,raw/emam_v14/train/images/Image_47_jpg.rf.ecdd7d9c3d6e4348f462b71b3a2dc9ea.jpg,raw/emam_v14/train/labels/Image_47_jpg.rf.ecdd7d9c3d6e4348f462b71b3a2dc9ea.txt,cucumber
train,raw/emam_v14/train/images/Image_47_jpg.rf.f2e49fefd130cd2dc3acd77a5ce184a7.jpg,raw/emam_v14/train/labels/Image_47_jpg.rf.f2e49fefd130cd2dc3acd77a5ce184a7.txt,jalapeno
train,raw/emam_v14/train/images/Image_48_jpg.rf.07a259299c9757419068c677649d5480.jpg,raw/emam_v14/train/labels/Image_48_jpg.rf.07a259299c9757419068c677649d5480.txt,sweetcorn
train,raw/emam_v14/train/images/Image_48_jpg.rf.0b47e76e3764a49fca18e176da50633e.jpg,raw/emam_v14/train/labels/Image_48_jpg.rf.0b47e76e3764a49fca18e176da50633e.txt,spinach
train,raw/emam_v14/train/images/Image_48_jpg.rf.17d661c0cb26640b4416a23c7fc9f53d.jpg,raw/emam_v14/train/labels/Image_48_jpg.rf.17d661c0cb26640b4416a23c7fc9f53d.txt,garlic
train,raw/emam_v14/train/images/Image_48_jpg.rf.1aa6977dc5a21cad57bab65dbd64af62.jpg,raw/emam_v14/train/labels/Image_48_jpg.rf.1aa6977dc5a21cad57bab65dbd64af62.txt,cucumber
train,raw/emam_v14/train/images/Image_48_jpg.rf.28f524c1e0c75c6e6f4a5161dfb3fec0.jpg,raw/emam_v14/train/labels/Image_48_jpg.rf.28f524c1e0c75c6e6f4a5161dfb3fec0.txt,cucumber
train,raw/emam_v14/train/images/Image_48_jpg.rf.2e726de9dde1b3fb78eacd59fbc6218e.jpg,raw/emam_v14/train/labels/Image_48_jpg.rf.2e726de9dde1b3fb78eacd59fbc6218e.txt,turnip
train,raw/emam_v14/train/images/Image_48_jpg.rf.4aa48a0dea4a83c29063da2f2c3bc63c.jpg,raw/emam_v14/train/labels/Image_48_jpg.rf.4aa48a0dea4a83c29063da2f2c3bc63c.txt,sweetcorn
train,raw/emam_v14/train/images/Image_48_jpg.rf.66c2cfde3ecc32a26ffbb079b72faec5.jpg,raw/emam_v14/train/labels/Image_48_jpg.rf.66c2cfde3ecc32a26ffbb079b72faec5.txt,turnip
train,raw/emam_v14/train/images/Image_48_jpg.rf.81b7f585a8e566b3a95e0980544c910a.jpg,raw/emam_v14/train/labels/Image_48_jpg.rf.81b7f585a8e566b3a95e0980544c910a.txt,spinach
train,raw/emam_v14/train/images/Image_48_jpg.rf.9cde95abb5027d68d91414ebe898789d.jpg,raw/emam_v14/train/labels/Image_48_jpg.rf.9cde95abb5027d68d91414ebe898789d.txt,turnip
train,raw/emam_v14/train/images/Image_48_jpg.rf.9d0fdb00fbec246178f05fef283c9fe6.jpg,raw/emam_v14/train/labels/Image_48_jpg.rf.9d0fdb00fbec246178f05fef283c9fe6.txt,garlic
train,raw/emam_v14/train/images/Image_48_jpg.rf.ae08bc7ff41adca384e406b21e4b5450.jpg,raw/emam_v14/train/labels/Image_48_jpg.rf.ae08bc7ff41adca384e406b21e4b5450.txt,chillipepper
train,raw/emam_v14/train/images/Image_48_jpg.rf.b2b7e9969ec13ac4133766b754ad48c6.jpg,raw/emam_v14/train/labels/Image_48_jpg.rf.b2b7e9969ec13ac4133766b754ad48c6.txt,chillipepper
train,raw/emam_v14/train/images/Image_48_jpg.rf.ba487d40f07e2a0d1e860f7b2cfafce3.jpg,raw/emam_v14/train/labels/Image_48_jpg.rf.ba487d40f07e2a0d1e860f7b2cfafce3.txt,sweetcorn
train,raw/emam_v14/train/images/Image_48_jpg.rf.cbf95fd49fbedafbef4decebe807d6af.jpg,raw/emam_v14/train/labels/Image_48_jpg.rf.cbf95fd49fbedafbef4decebe807d6af.txt,chillipepper
train,raw/emam_v14/train/images/Image_48_jpg.rf.dda33a2fac712c340efb6fec6065450e.jpg,raw/emam_v14/train/labels/Image_48_jpg.rf.dda33a2fac712c340efb6fec6065450e.txt,cucumber
train,raw/emam_v14/train/images/Image_48_jpg.rf.e748a767d79369627c0b9e9abe8d45a7.jpg,raw/emam_v14/train/labels/Image_48_jpg.rf.e748a767d79369627c0b9e9abe8d45a7.txt,spinach
train,raw/emam_v14/train/images/Image_48_jpg.rf.f7cdae6784ec18435134bd53b2696f3c.jpg,raw/emam_v14/train/labels/Image_48_jpg.rf.f7cdae6784ec18435134bd53b2696f3c.txt,garlic
train,raw/emam_v14/train/images/Image_48_png_jpg.rf.2605d3fe14b638fe1ab825b9d00e33ba.jpg,raw/emam_v14/train/labels/Image_48_png_jpg.rf.2605d3fe14b638fe1ab825b9d00e33ba.txt,radish
train,raw/emam_v14/train/images/Image_48_png_jpg.rf.a0dff4f8739bdb22e3023041f7f9e592.jpg,raw/emam_v14/train/labels/Image_48_png_jpg.rf.a0dff4f8739bdb22e3023041f7f9e592.txt,radish
train,raw/emam_v14/train/images/Image_48_png_jpg.rf.b72e9edec95f530c25d11778f857765f.jpg,raw/emam_v14/train/labels/Image_48_png_jpg.rf.b72e9edec95f530c25d11778f857765f.txt,radish
train,raw/emam_v14/train/images/Image_49_JPG_jpg.rf.182b6c25e9f543566cc778d0f7cc5e2b.jpg,raw/emam_v14/train/labels/Image_49_JPG_jpg.rf.182b6c25e9f543566cc778d0f7cc5e2b.txt,cabbage
train,raw/emam_v14/train/images/Image_49_JPG_jpg.rf.2ac4136a1a850a8b58170139f17548c7.jpg,raw/emam_v14/train/labels/Image_49_JPG_jpg.rf.2ac4136a1a850a8b58170139f17548c7.txt,cabbage
train,raw/emam_v14/train/images/Image_49_JPG_jpg.rf.3e3918c89d8c029bb9245825e6ee7dc3.jpg,raw/emam_v14/train/labels/Image_49_JPG_jpg.rf.3e3918c89d8c029bb9245825e6ee7dc3.txt,cabbage
train,raw/emam_v14/train/images/Image_49_jpeg_jpg.rf.9e81edf8993191bfe9848f107f5b0869.jpg,raw/emam_v14/train/labels/Image_49_jpeg_jpg.rf.9e81edf8993191bfe9848f107f5b0869.txt,ladyfinger
train,raw/emam_v14/train/images/Image_49_jpeg_jpg.rf.ae5ab539cea7cc19f00e277488875e4e.jpg,raw/emam_v14/train/labels/Image_49_jpeg_jpg.rf.ae5ab539cea7cc19f00e277488875e4e.txt,ladyfinger
train,raw/emam_v14/train/images/Image_49_jpeg_jpg.rf.f0023d6b63416a837afd83241fec9760.jpg,raw/emam_v14/train/labels/Image_49_jpeg_jpg.rf.f0023d6b63416a837afd83241fec9760.txt,ladyfinger
train,raw/emam_v14/train/images/Image_49_jpg.rf.02b192c54e25049cdaec0bdcdd9b08e6.jpg,raw/emam_v14/train/labels/Image_49_jpg.rf.02b192c54e25049cdaec0bdcdd9b08e6.txt,corn
train,raw/emam_v14/train/images/Image_49_jpg.rf.02f9440e0f76aa7a121dbb55de04696a.jpg,raw/emam_v14/train/labels/Image_49_jpg.rf.02f9440e0f76aa7a121dbb55de04696a.txt,potato
train,raw/emam_v14/train/images/Image_49_jpg.rf.05f132bcf750b38d2e6f63d206a296b1.jpg,raw/emam_v14/train/labels/Image_49_jpg.rf.05f132bcf750b38d2e6f63d206a296b1.txt,peas
train,raw/emam_v14/train/images/Image_49_jpg.rf.090c85083b09a064b1236ce5677a9c17.jpg,raw/emam_v14/train/labels/Image_49_jpg.rf.090c85083b09a064b1236ce5677a9c17.txt,chillipepper
train,raw/emam_v14/train/images/Image_49_jpg.rf.0d27b16e3dd72c6c2a489dfb562e779f.jpg,raw/emam_v14/train/labels/Image_49_jpg.rf.0d27b16e3dd72c6c2a489dfb562e779f.txt,potato
train,raw/emam_v14/train/images/Image_49_jpg.rf.0e7bebf085a4fb4baa3c68a0deb7aaab.jpg,raw/emam_v14/train/labels/Image_49_jpg.rf.0e7bebf085a4fb4baa3c68a0deb7aaab.txt,corn
train,raw/emam_v14/train/images/Image_49_jpg.rf.1043785829409a4227315f606da01304.jpg,raw/emam_v14/train/labels/Image_49_jpg.rf.1043785829409a4227315f606da01304.txt,garlic
train,raw/emam_v14/train/images/Image_49_jpg.rf.270b32f1cacb14706e963ceeb2755534.jpg,raw/emam_v14/train/labels/Image_49_jpg.rf.270b32f1cacb14706e963ceeb2755534.txt,carrot
train,raw/emam_v14/train/images/Image_49_jpg.rf.2b67833d6ee7ed1d19b150339ba8c185.jpg,raw/emam_v14/train/labels/Image_49_jpg.rf.2b67833d6ee7ed1d19b150339ba8c185.txt,garlic
train,raw/emam_v14/train/images/Image_49_jpg.rf.30a0ecec2f17f1eb8ba90811b9fb5083.jpg,raw/emam_v14/train/labels/Image_49_jpg.rf.30a0ecec2f17f1eb8ba90811b9fb5083.txt,cauliflower
train,raw/emam_v14/train/images/Image_49_jpg.rf.32240ce0b2c61bdf3c0f265d6c52d1a4.jpg,raw/emam_v14/train/labels/Image_49_jpg.rf.32240ce0b2c61bdf3c0f265d6c52d1a4.txt,garlic
train,raw/emam_v14/train/images/Image_49_jpg.rf.486c19749f28f6a6a78201687cb651be.jpg,raw/emam_v14/train/labels/Image_49_jpg.rf.486c19749f28f6a6a78201687cb651be.txt,radish
train,raw/emam_v14/train/images/Image_49_jpg.rf.4f08759adcffacbbbcae61cfdeabf29a.jpg,raw/emam_v14/train/labels/Image_49_jpg.rf.4f08759adcffacbbbcae61cfdeabf29a.txt,peas
train,raw/emam_v14/train/images/Image_49_jpg.rf.599fae3defa15141affafed0cbc42693.jpg,raw/emam_v14/train/labels/Image_49_jpg.rf.599fae3defa15141affafed0cbc42693.txt,radish
train,raw/emam_v14/train/images/Image_49_jpg.rf.5f10fb1f4d829c2dce5a67e6962bc227.jpg,raw/emam_v14/train/labels/Image_49_jpg.rf.5f10fb1f4d829c2dce5a67e6962bc227.txt,cauliflower
train,raw/emam_v14/train/images/Image_49_jpg.rf.6f6bb59ac256205095131b6c707560ed.jpg,raw/emam_v14/train/labels/Image_49_jpg.rf.6f6bb59ac256205095131b6c707560ed.txt,potato
train,raw/emam_v14/train/images/Image_49_jpg.rf.8e44820843c0d01b269562a89942cd05.jpg,raw/emam_v14/train/labels/Image_49_jpg.rf.8e44820843c0d01b269562a89942cd05.txt,lettuce
train,raw/emam_v14/train/images/Image_49_jpg.rf.a216f3067e9c89e93dfff8085a18f5a5.jpg,raw/emam_v14/train/labels/Image_49_jpg.rf.a216f3067e9c89e93dfff8085a18f5a5.txt,lettuce
train,raw/emam_v14/train/images/Image_49_jpg.rf.a3ebb27f64e651d6695553e51fdb62e7.jpg,raw/emam_v14/train/labels/Image_49_jpg.rf.a3ebb27f64e651d6695553e51fdb62e7.txt,lettuce
train,raw/emam_v14/train/images/Image_49_jpg.rf.a72792869635a36d311cc956755d6f2f.jpg,raw/emam_v14/train/labels/Image_49_jpg.rf.a72792869635a36d311cc956755d6f2f.txt,corn
train,raw/emam_v14/train/images/Image_49_jpg.rf.b46cb58967ad056c4890ec30512c99b9.jpg,raw/emam_v14/train/labels/Image_49_jpg.rf.b46cb58967ad056c4890ec30512c99b9.txt,chillipepper
train,raw/emam_v14/train/images/Image_49_jpg.rf.beec6d15dd3e632e408d972a9dd6178e.jpg,raw/emam_v14/train/labels/Image_49_jpg.rf.beec6d15dd3e632e408d972a9dd6178e.txt,carrot
train,raw/emam_v14/train/images/Image_49_jpg.rf.c124ef8af0f139f896d2651f81064e98.jpg,raw/emam_v14/train/labels/Image_49_jpg.rf.c124ef8af0f139f896d2651f81064e98.txt,radish
train,raw/emam_v14/train/images/Image_49_jpg.rf.c9f762907d58b3a04e5a21e44356f146.jpg,raw/emam_v14/train/labels/Image_49_jpg.rf.c9f762907d58b3a04e5a21e44356f146.txt,cauliflower
train,raw/emam_v14/train/images/Image_49_jpg.rf.d5c09d642076c1347d5427c54ea73654.jpg,raw/emam_v14/train/labels/Image_49_jpg.rf.d5c09d642076c1347d5427c54ea73654.txt,carrot
train,raw/emam_v14/train/images/Image_49_jpg.rf.e9d7396ae8bed8050aeb20e44707851f.jpg,raw/emam_v14/train/labels/Image_49_jpg.rf.e9d7396ae8bed8050aeb20e44707851f.txt,peas
train,raw/emam_v14/train/images/Image_49_jpg.rf.edd6c2f8bf8a7a7a551b68d3461c6c50.jpg,raw/emam_v14/train/labels/Image_49_jpg.rf.edd6c2f8bf8a7a7a551b68d3461c6c50.txt,chillipepper
train,raw/emam_v14/train/images/Image_49_png_jpg.rf.33384e575d4a6c2b2a19c623eb96181b.jpg,raw/emam_v14/train/labels/Image_49_png_jpg.rf.33384e575d4a6c2b2a19c623eb96181b.txt,spinach
train,raw/emam_v14/train/images/Image_49_png_jpg.rf.3ad88e86da8b741f3d4868aee5e9ba63.jpg,raw/emam_v14/train/labels/Image_49_png_jpg.rf.3ad88e86da8b741f3d4868aee5e9ba63.txt,bellpepper
train,raw/emam_v14/train/images/Image_49_png_jpg.rf.3e283252d1c4e1e0d54929af8d2a4a3a.jpg,raw/emam_v14/train/labels/Image_49_png_jpg.rf.3e283252d1c4e1e0d54929af8d2a4a3a.txt,bellpepper
train,raw/emam_v14/train/images/Image_49_png_jpg.rf.402a7d809fcbc6eb1b2750d721b5e56a.jpg,raw/emam_v14/train/labels/Image_49_png_jpg.rf.402a7d809fcbc6eb1b2750d721b5e56a.txt,spinach
train,raw/emam_v14/train/images/Image_49_png_jpg.rf.9c8d8f9a67193602b1bd1401ced8c577.jpg,raw/emam_v14/train/labels/Image_49_png_jpg.rf.9c8d8f9a67193602b1bd1401ced8c577.txt,bellpepper
train,raw/emam_v14/train/images/Image_49_png_jpg.rf.c2cf6c65ef7bb21a792adbb90724bb7f.jpg,raw/emam_v14/train/labels/Image_49_png_jpg.rf.c2cf6c65ef7bb21a792adbb90724bb7f.txt,spinach
train,raw/emam_v14/train/images/Image_4_jpg.rf.0240584c69c2726ffa98fa09cb46c2ba.jpg,raw/emam_v14/train/labels/Image_4_jpg.rf.0240584c69c2726ffa98fa09cb46c2ba.txt,jalapeno
train,raw/emam_v14/train/images/Image_4_jpg.rf.03dac69fbffa5a7c9ae825974a81f577.jpg,raw/emam_v14/train/labels/Image_4_jpg.rf.03dac69fbffa5a7c9ae825974a81f577.txt,bellpepper
train,raw/emam_v14/train/images/Image_4_jpg.rf.04b54f41991bb2d1140e35246c3e0936.jpg,raw/emam_v14/train/labels/Image_4_jpg.rf.04b54f41991bb2d1140e35246c3e0936.txt,ginger
train,raw/emam_v14/train/images/Image_4_jpg.rf.227365bbcca3f5bbe7a3d56a80029439.jpg,raw/emam_v14/train/labels/Image_4_jpg.rf.227365bbcca3f5bbe7a3d56a80029439.txt,eggplant
train,raw/emam_v14/train/images/Image_4_jpg.rf.375f3475824ddeb044646bb16fe4b776.jpg,raw/emam_v14/train/labels/Image_4_jpg.rf.375f3475824ddeb044646bb16fe4b776.txt,onion
train,raw/emam_v14/train/images/Image_4_jpg.rf.38f35fb716fd05000724b33bd5596fde.jpg,raw/emam_v14/train/labels/Image_4_jpg.rf.38f35fb716fd05000724b33bd5596fde.txt,tomato
train,raw/emam_v14/train/images/Image_4_jpg.rf.4b51db85e0cb36ebada5189774e3aeae.jpg,raw/emam_v14/train/labels/Image_4_jpg.rf.4b51db85e0cb36ebada5189774e3aeae.txt,spinach
train,raw/emam_v14/train/images/Image_4_jpg.rf.4bd24121e40b7eb498f658036c115681.jpg,raw/emam_v14/train/labels/Image_4_jpg.rf.4bd24121e40b7eb498f658036c115681.txt,bellpepper
train,raw/emam_v14/train/images/Image_4_jpg.rf.4cba7eeec70a62fa1d7f4685a2a34c13.jpg,raw/emam_v14/train/labels/Image_4_jpg.rf.4cba7eeec70a62fa1d7f4685a2a34c13.txt,bellpepper
train,raw/emam_v14/train/images/Image_4_jpg.rf.51d29c1595ffb7f9490d9e459c67ff2f.jpg,raw/emam_v14/train/labels/Image_4_jpg.rf.51d29c1595ffb7f9490d9e459c67ff2f.txt,eggplant
train,raw/emam_v14/train/images/Image_4_jpg.rf.54c6704aa7e6c372d04e1a60b0c96501.jpg,raw/emam_v14/train/labels/Image_4_jpg.rf.54c6704aa7e6c372d04e1a60b0c96501.txt,sweetpotato
train,raw/emam_v14/train/images/Image_4_jpg.rf.54f11b0c4b64140031d1f5435253bbb3.jpg,raw/emam_v14/train/labels/Image_4_jpg.rf.54f11b0c4b64140031d1f5435253bbb3.txt,sweetcorn
train,raw/emam_v14/train/images/Image_4_jpg.rf.5a6cdc79f680e9382fe29690f4b98c85.jpg,raw/emam_v14/train/labels/Image_4_jpg.rf.5a6cdc79f680e9382fe29690f4b98c85.txt,bellpepper
train,raw/emam_v14/train/images/Image_4_jpg.rf.5b96d08d53e7d90ecabcccea5c465918.jpg,raw/emam_v14/train/labels/Image_4_jpg.rf.5b96d08d53e7d90ecabcccea5c465918.txt,cabbage
train,raw/emam_v14/train/images/Image_4_jpg.rf.62c09ec3d03eee262dafc1ca5513bf8f.jpg,raw/emam_v14/train/labels/Image_4_jpg.rf.62c09ec3d03eee262dafc1ca5513bf8f.txt,lemon
train,raw/emam_v14/train/images/Image_4_jpg.rf.6426f75da67d736a8e3f66ca934a1da2.jpg,raw/emam_v14/train/labels/Image_4_jpg.rf.6426f75da67d736a8e3f66ca934a1da2.txt,ginger
train,raw/emam_v14/train/images/Image_4_jpg.rf.65cdd55a4f6b7fe400dbfc6187f40625.jpg,raw/emam_v14/train/labels/Image_4_jpg.rf.65cdd55a4f6b7fe400dbfc6187f40625.txt,sweetcorn
train,raw/emam_v14/train/images/Image_4_jpg.rf.6e2bf285bc68cdcf59b6f3d875cd25a9.jpg,raw/emam_v14/train/labels/Image_4_jpg.rf.6e2bf285bc68cdcf59b6f3d875cd25a9.txt,eggplant
train,raw/emam_v14/train/images/Image_4_jpg.rf.70f92ab71adbdd338be1bedf5a776f88.jpg,raw/emam_v14/train/labels/Image_4_jpg.rf.70f92ab71adbdd338be1bedf5a776f88.txt,tomato
train,raw/emam_v14/train/images/Image_4_jpg.rf.88a1b02abe8d0ddd2b2d31e57faf6cb4.jpg,raw/emam_v14/train/labels/Image_4_jpg.rf.88a1b02abe8d0ddd2b2d31e57faf6cb4.txt,lemon
train,raw/emam_v14/train/images/Image_4_jpg.rf.95c29264631e1e0c27538a8126947bf6.jpg,raw/emam_v14/train/labels/Image_4_jpg.rf.95c29264631e1e0c27538a8126947bf6.txt,jalapeno
train,raw/emam_v14/train/images/Image_4_jpg.rf.969a0213dcc9f1dbb443a326dc3c4840.jpg,raw/emam_v14/train/labels/Image_4_jpg.rf.969a0213dcc9f1dbb443a326dc3c4840.txt,spinach
train,raw/emam_v14/train/images/Image_4_jpg.rf.98e51e331e1f198668c947e3bbace888.jpg,raw/emam_v14/train/labels/Image_4_jpg.rf.98e51e331e1f198668c947e3bbace888.txt,sweetcorn
train,raw/emam_v14/train/images/Image_4_jpg.rf.9c016df968b3da993168994404c278b9.jpg,raw/emam_v14/train/labels/Image_4_jpg.rf.9c016df968b3da993168994404c278b9.txt,cabbage
train,raw/emam_v14/train/images/Image_4_jpg.rf.b651f87f846a21dc1d779f2c272e5f89.jpg,raw/emam_v14/train/labels/Image_4_jpg.rf.b651f87f846a21dc1d779f2c272e5f89.txt,sweetpotato
train,raw/emam_v14/train/images/Image_4_jpg.rf.bcb21a5de8141831c0a61537902eef09.jpg,raw/emam_v14/train/labels/Image_4_jpg.rf.bcb21a5de8141831c0a61537902eef09.txt,bellpepper
train,raw/emam_v14/train/images/Image_4_jpg.rf.c7b539ebe62d079867cae50078daebb2.jpg,raw/emam_v14/train/labels/Image_4_jpg.rf.c7b539ebe62d079867cae50078daebb2.txt,sweetpotato
train,raw/emam_v14/train/images/Image_4_jpg.rf.c90c5286667f142d0a6e1eacbba7b0cb.jpg,raw/emam_v14/train/labels/Image_4_jpg.rf.c90c5286667f142d0a6e1eacbba7b0cb.txt,tomato
train,raw/emam_v14/train/images/Image_4_jpg.rf.d06a8963b6bbf8ef45d6012ff0f0ebc0.jpg,raw/emam_v14/train/labels/Image_4_jpg.rf.d06a8963b6bbf8ef45d6012ff0f0ebc0.txt,ginger
train,raw/emam_v14/train/images/Image_4_jpg.rf.d1ef7342e0321ac836d82e52ce51de51.jpg,raw/emam_v14/train/labels/Image_4_jpg.rf.d1ef7342e0321ac836d82e52ce51de51.txt,jalapeno
train,raw/emam_v14/train/images/Image_4_jpg.rf.d2017ba364e8783bcd943a7ff6bba375.jpg,raw/emam_v14/train/labels/Image_4_jpg.rf.d2017ba364e8783bcd943a7ff6bba375.txt,cabbage
train,raw/emam_v14/train/images/Image_4_jpg.rf.d2851ae46772e572110ef92496687987.jpg,raw/emam_v14/train/labels/Image_4_jpg.rf.d2851ae46772e572110ef92496687987.txt,lemon
train,raw/emam_v14/train/images/Image_4_jpg.rf.db7d9dac3bbd7a4a14b14a50d493a85e.jpg,raw/emam_v14/train/labels/Image_4_jpg.rf.db7d9dac3bbd7a4a14b14a50d493a85e.txt,bellpepper
train,raw/emam_v14/train/images/Image_4_jpg.rf.e1957e988ffefb84f462f6b84a433d03.jpg,raw/emam_v14/train/labels/Image_4_jpg.rf.e1957e988ffefb84f462f6b84a433d03.txt,onion
train,raw/emam_v14/train/images/Image_4_jpg.rf.e435e7ad8bbf7711f77a353c09684886.jpg,raw/emam_v14/train/labels/Image_4_jpg.rf.e435e7ad8bbf7711f77a353c09684886.txt,bellpepper
train,raw/emam_v14/train/images/Image_4_jpg.rf.e76cefabbcc89528c53de7cd9aa352a4.jpg,raw/emam_v14/train/labels/Image_4_jpg.rf.e76cefabbcc89528c53de7cd9aa352a4.txt,bellpepper
train,raw/emam_v14/train/images/Image_4_jpg.rf.eae728607d6c533049ffaa18da4d4ece.jpg,raw/emam_v14/train/labels/Image_4_jpg.rf.eae728607d6c533049ffaa18da4d4ece.txt,onion
train,raw/emam_v14/train/images/Image_4_jpg.rf.ed3cd0ba6936534e22504bc225f1d9d4.jpg,raw/emam_v14/train/labels/Image_4_jpg.rf.ed3cd0ba6936534e22504bc225f1d9d4.txt,spinach
train,raw/emam_v14/train/images/Image_4_jpg.rf.f2838ec27e8c83bae936a290524c7166.jpg,raw/emam_v14/train/labels/Image_4_jpg.rf.f2838ec27e8c83bae936a290524c7166.txt,bellpepper
train,raw/emam_v14/train/images/Image_50_jpg.rf.058d18914bebd162f20125cfb16e004c.jpg,raw/emam_v14/train/labels/Image_50_jpg.rf.058d18914bebd162f20125cfb16e004c.txt,cauliflower
train,raw/emam_v14/train/images/Image_50_jpg.rf.19bbc5e4f87b3e287a84f1bbb675a314.jpg,raw/emam_v14/train/labels/Image_50_jpg.rf.19bbc5e4f87b3e287a84f1bbb675a314.txt,spinach
train,raw/emam_v14/train/images/Image_50_jpg.rf.1e3862529a810afb66dea5a3ec82e876.jpg,raw/emam_v14/train/labels/Image_50_jpg.rf.1e3862529a810afb66dea5a3ec82e876.txt,lettuce
train,raw/emam_v14/train/images/Image_50_jpg.rf.24e0371e55730efa5b65997a3ca11ce8.jpg,raw/emam_v14/train/labels/Image_50_jpg.rf.24e0371e55730efa5b65997a3ca11ce8.txt,beetroot
train,raw/emam_v14/train/images/Image_50_jpg.rf.2a7082ae239241a9942f2c670a19e5c3.jpg,raw/emam_v14/train/labels/Image_50_jpg.rf.2a7082ae239241a9942f2c670a19e5c3.txt,garlic
train,raw/emam_v14/train/images/Image_50_jpg.rf.3b5d0fcdc0c24fee7a43196a93235be6.jpg,raw/emam_v14/train/labels/Image_50_jpg.rf.3b5d0fcdc0c24fee7a43196a93235be6.txt,chillipepper
train,raw/emam_v14/train/images/Image_50_jpg.rf.4ae6e20e1d1d3a828d808eeec5f9c399.jpg,raw/emam_v14/train/labels/Image_50_jpg.rf.4ae6e20e1d1d3a828d808eeec5f9c399.txt,carrot
train,raw/emam_v14/train/images/Image_50_jpg.rf.4b7bb20069915c9956fadbc3f9a4676d.jpg,raw/emam_v14/train/labels/Image_50_jpg.rf.4b7bb20069915c9956fadbc3f9a4676d.txt,peas
train,raw/emam_v14/train/images/Image_50_jpg.rf.4db11e0fdb9534cd52dd79dba006bfe1.jpg,raw/emam_v14/train/labels/Image_50_jpg.rf.4db11e0fdb9534cd52dd79dba006bfe1.txt,cauliflower
train,raw/emam_v14/train/images/Image_50_jpg.rf.53bc15368c1ae357132cefac23c65daf.jpg,raw/emam_v14/train/labels/Image_50_jpg.rf.53bc15368c1ae357132cefac23c65daf.txt,chillipepper
train,raw/emam_v14/train/images/Image_50_jpg.rf.54821473352430c94c4b7f3ff6b69cdf.jpg,raw/emam_v14/train/labels/Image_50_jpg.rf.54821473352430c94c4b7f3ff6b69cdf.txt,radish
train,raw/emam_v14/train/images/Image_50_jpg.rf.55079a96115827de10174da739dab971.jpg,raw/emam_v14/train/labels/Image_50_jpg.rf.55079a96115827de10174da739dab971.txt,radish
train,raw/emam_v14/train/images/Image_50_jpg.rf.5a10356d695920d048cee3a9074de1a4.jpg,raw/emam_v14/train/labels/Image_50_jpg.rf.5a10356d695920d048cee3a9074de1a4.txt,beetroot
train,raw/emam_v14/train/images/Image_50_jpg.rf.5e08475b12783627117ba5c56a453e21.jpg,raw/emam_v14/train/labels/Image_50_jpg.rf.5e08475b12783627117ba5c56a453e21.txt,turnip
train,raw/emam_v14/train/images/Image_50_jpg.rf.5e8f500957e024888739c061a6b57ad2.jpg,raw/emam_v14/train/labels/Image_50_jpg.rf.5e8f500957e024888739c061a6b57ad2.txt,potato
train,raw/emam_v14/train/images/Image_50_jpg.rf.6951ce4c58836f86bfc6a37e135d7646.jpg,raw/emam_v14/train/labels/Image_50_jpg.rf.6951ce4c58836f86bfc6a37e135d7646.txt,tomato
train,raw/emam_v14/train/images/Image_50_jpg.rf.707bede57c1eed64e489ee30a2c23c4a.jpg,raw/emam_v14/train/labels/Image_50_jpg.rf.707bede57c1eed64e489ee30a2c23c4a.txt,potato
train,raw/emam_v14/train/images/Image_50_jpg.rf.737b9be59862b4a8e7739274a5ec052b.jpg,raw/emam_v14/train/labels/Image_50_jpg.rf.737b9be59862b4a8e7739274a5ec052b.txt,carrot
train,raw/emam_v14/train/images/Image_50_jpg.rf.7ec92747a658f52b253032a3b127ba49.jpg,raw/emam_v14/train/labels/Image_50_jpg.rf.7ec92747a658f52b253032a3b127ba49.txt,potato
train,raw/emam_v14/train/images/Image_50_jpg.rf.8306de7f44146db4cac67513b9936082.jpg,raw/emam_v14/train/labels/Image_50_jpg.rf.8306de7f44146db4cac67513b9936082.txt,onion
train,raw/emam_v14/train/images/Image_50_jpg.rf.85f50eaf262cbd302abc9004737842be.jpg,raw/emam_v14/train/labels/Image_50_jpg.rf.85f50eaf262cbd302abc9004737842be.txt,garlic
train,raw/emam_v14/train/images/Image_50_jpg.rf.99058c45edfad651e4412cdb73ab6c76.jpg,raw/emam_v14/train/labels/Image_50_jpg.rf.99058c45edfad651e4412cdb73ab6c76.txt,tomato
train,raw/emam_v14/train/images/Image_50_jpg.rf.a33f7cba44aead86c01265438c3decc1.jpg,raw/emam_v14/train/labels/Image_50_jpg.rf.a33f7cba44aead86c01265438c3decc1.txt,turnip
train,raw/emam_v14/train/images/Image_50_jpg.rf.a378a620875bd40408bb05d48b7bb3f3.jpg,raw/emam_v14/train/labels/Image_50_jpg.rf.a378a620875bd40408bb05d48b7bb3f3.txt,sweetpotato
train,raw/emam_v14/train/images/Image_50_jpg.rf.a5df4daf28bd60982ec7877886c9d5f2.jpg,raw/emam_v14/train/labels/Image_50_jpg.rf.a5df4daf28bd60982ec7877886c9d5f2.txt,spinach
train,raw/emam_v14/train/images/Image_50_jpg.rf.a60c336c5255471d253206f81d8d51a7.jpg,raw/emam_v14/train/labels/Image_50_jpg.rf.a60c336c5255471d253206f81d8d51a7.txt,sweetpotato
train,raw/emam_v14/train/images/Image_50_jpg.rf.a6aec37589cc1120b1dd791f200245e8.jpg,raw/emam_v14/train/labels/Image_50_jpg.rf.a6aec37589cc1120b1dd791f200245e8.txt,lettuce
train,raw/emam_v14/train/images/Image_50_jpg.rf.a6fdb22ec666db5151d71925f3ed7390.jpg,raw/emam_v14/train/labels/Image_50_jpg.rf.a6fdb22ec666db5151d71925f3ed7390.txt,beetroot
train,raw/emam_v14/train/images/Image_50_jpg.rf.a7dcc6bf38653e9ea96e7c552445f1a7.jpg,raw/emam_v14/train/labels/Image_50_jpg.rf.a7dcc6bf38653e9ea96e7c552445f1a7.txt,cauliflower
train,raw/emam_v14/train/images/Image_50_jpg.rf.b6b1a83ad16163008650d1022ec970cb.jpg,raw/emam_v14/train/labels/Image_50_jpg.rf.b6b1a83ad16163008650d1022ec970cb.txt,tomato
train,raw/emam_v14/train/images/Image_50_jpg.rf.b85c7ed4366a8891c63e5cc168d5200b.jpg,raw/emam_v14/train/labels/Image_50_jpg.rf.b85c7ed4366a8891c63e5cc168d5200b.txt,onion
train,raw/emam_v14/train/images/Image_50_jpg.rf.c5449f750e3d9388ab96eac1d82a9d3f.jpg,raw/emam_v14/train/labels/Image_50_jpg.rf.c5449f750e3d9388ab96eac1d82a9d3f.txt,peas
train,raw/emam_v14/train/images/Image_50_jpg.rf.cc1034ed0981567df557f9f8f9365968.jpg,raw/emam_v14/train/labels/Image_50_jpg.rf.cc1034ed0981567df557f9f8f9365968.txt,radish
train,raw/emam_v14/train/images/Image_50_jpg.rf.d42922f62a0737dd759902161103ef74.jpg,raw/emam_v14/train/labels/Image_50_jpg.rf.d42922f62a0737dd759902161103ef74.txt,lettuce
train,raw/emam_v14/train/images/Image_50_jpg.rf.d63f30566ded4d026d3f66ef032ce72d.jpg,raw/emam_v14/train/labels/Image_50_jpg.rf.d63f30566ded4d026d3f66ef032ce72d.txt,onion
train,raw/emam_v14/train/images/Image_50_jpg.rf.e342ab253ccf25fde5c94621bf145464.jpg,raw/emam_v14/train/labels/Image_50_jpg.rf.e342ab253ccf25fde5c94621bf145464.txt,garlic
train,raw/emam_v14/train/images/Image_50_jpg.rf.e65049473eff60462c1feb78c5841f2d.jpg,raw/emam_v14/train/labels/Image_50_jpg.rf.e65049473eff60462c1feb78c5841f2d.txt,sweetpotato
train,raw/emam_v14/train/images/Image_50_jpg.rf.ec632142480e3b9116ec90ac6d53dcc9.jpg,raw/emam_v14/train/labels/Image_50_jpg.rf.ec632142480e3b9116ec90ac6d53dcc9.txt,peas
train,raw/emam_v14/train/images/Image_50_jpg.rf.ee38dad3a2f772f2ecec73e390241abd.jpg,raw/emam_v14/train/labels/Image_50_jpg.rf.ee38dad3a2f772f2ecec73e390241abd.txt,spinach
train,raw/emam_v14/train/images/Image_50_jpg.rf.f024f57d673e7ff926f4e997f99690e6.jpg,raw/emam_v14/train/labels/Image_50_jpg.rf.f024f57d673e7ff926f4e997f99690e6.txt,chillipepper
train,raw/emam_v14/train/images/Image_50_jpg.rf.f7e83e9efef85092fbdcc91376498a68.jpg,raw/emam_v14/train/labels/Image_50_jpg.rf.f7e83e9efef85092fbdcc91376498a68.txt,carrot
train,raw/emam_v14/train/images/Image_50_jpg.rf.fd7808bdcf0546f59c4235bdf5bc6b5d.jpg,raw/emam_v14/train/labels/Image_50_jpg.rf.fd7808bdcf0546f59c4235bdf5bc6b5d.txt,turnip
train,raw/emam_v14/train/images/Image_51_jpeg_jpg.rf.3377780814770079a5a9a36d97192374.jpg,raw/emam_v14/train/labels/Image_51_jpeg_jpg.rf.3377780814770079a5a9a36d97192374.txt,ladyfinger
train,raw/emam_v14/train/images/Image_51_jpeg_jpg.rf.49275e99e24ca354ed72130bef8a98c7.jpg,raw/emam_v14/train/labels/Image_51_jpeg_jpg.rf.49275e99e24ca354ed72130bef8a98c7.txt,ladyfinger
train,raw/emam_v14/train/images/Image_51_jpeg_jpg.rf.db39192bf7ac4eb47398e6878470e74d.jpg,raw/emam_v14/train/labels/Image_51_jpeg_jpg.rf.db39192bf7ac4eb47398e6878470e74d.txt,ladyfinger
train,raw/emam_v14/train/images/Image_51_jpg.rf.03d74803caa3a9db808e70c739e65a44.jpg,raw/emam_v14/train/labels/Image_51_jpg.rf.03d74803caa3a9db808e70c739e65a44.txt,corn
train,raw/emam_v14/train/images/Image_51_jpg.rf.07807b2d5c7dd2ccc2abb361ff1f23c9.jpg,raw/emam_v14/train/labels/Image_51_jpg.rf.07807b2d5c7dd2ccc2abb361ff1f23c9.txt,chillipepper
train,raw/emam_v14/train/images/Image_51_jpg.rf.10173c6ae590f4d880d339cf5f1c9ba1.jpg,raw/emam_v14/train/labels/Image_51_jpg.rf.10173c6ae590f4d880d339cf5f1c9ba1.txt,jalapeno
train,raw/emam_v14/train/images/Image_51_jpg.rf.20aa33ce9023c2f4238fbf896e575020.jpg,raw/emam_v14/train/labels/Image_51_jpg.rf.20aa33ce9023c2f4238fbf896e575020.txt,tomato
train,raw/emam_v14/train/images/Image_51_jpg.rf.2bc2c5d456e1afd9550d72e787e0b5f7.jpg,raw/emam_v14/train/labels/Image_51_jpg.rf.2bc2c5d456e1afd9550d72e787e0b5f7.txt,chillipepper
train,raw/emam_v14/train/images/Image_51_jpg.rf.31e69f83742116ca9d971627b03c57fd.jpg,raw/emam_v14/train/labels/Image_51_jpg.rf.31e69f83742116ca9d971627b03c57fd.txt,garlic
train,raw/emam_v14/train/images/Image_51_jpg.rf.391793b6e18e59294e57776da4b0ec0f.jpg,raw/emam_v14/train/labels/Image_51_jpg.rf.391793b6e18e59294e57776da4b0ec0f.txt,corn
train,raw/emam_v14/train/images/Image_51_jpg.rf.3faf14c2c92605e8af38212af52df2a5.jpg,raw/emam_v14/train/labels/Image_51_jpg.rf.3faf14c2c92605e8af38212af52df2a5.txt,bellpepper
train,raw/emam_v14/train/images/Image_51_jpg.rf.40c9d0c7478225e19e894378b8ebe061.jpg,raw/emam_v14/train/labels/Image_51_jpg.rf.40c9d0c7478225e19e894378b8ebe061.txt,tomato
train,raw/emam_v14/train/images/Image_51_jpg.rf.4371cda5a87fb00ffd6c7cfd30ae22f1.jpg,raw/emam_v14/train/labels/Image_51_jpg.rf.4371cda5a87fb00ffd6c7cfd30ae22f1.txt,bellpepper
train,raw/emam_v14/train/images/Image_51_jpg.rf.5236b24e806d51f60f20e0c55017b535.jpg,raw/emam_v14/train/labels/Image_51_jpg.rf.5236b24e806d51f60f20e0c55017b535.txt,jalapeno
train,raw/emam_v14/train/images/Image_51_jpg.rf.53d5892f611fcac029b88965f367aeca.jpg,raw/emam_v14/train/labels/Image_51_jpg.rf.53d5892f611fcac029b88965f367aeca.txt,corn
train,raw/emam_v14/train/images/Image_51_jpg.rf.5a388ea0922324b2aaaafa1d8e8dc1bc.jpg,raw/emam_v14/train/labels/Image_51_jpg.rf.5a388ea0922324b2aaaafa1d8e8dc1bc.txt,beetroot
train,raw/emam_v14/train/images/Image_51_jpg.rf.797a95d6aa4deace08b0ecb1edf397a8.jpg,raw/emam_v14/train/labels/Image_51_jpg.rf.797a95d6aa4deace08b0ecb1edf397a8.txt,bellpepper
train,raw/emam_v14/train/images/Image_51_jpg.rf.833db58a3616d6b45f222af4651379fc.jpg,raw/emam_v14/train/labels/Image_51_jpg.rf.833db58a3616d6b45f222af4651379fc.txt,chillipepper
train,raw/emam_v14/train/images/Image_51_jpg.rf.9122272fad6f7a706d66b08f2d10aa9e.jpg,raw/emam_v14/train/labels/Image_51_jpg.rf.9122272fad6f7a706d66b08f2d10aa9e.txt,tomato
train,raw/emam_v14/train/images/Image_51_jpg.rf.a4fa1f003887a56e4a597cc11c7d2aba.jpg,raw/emam_v14/train/labels/Image_51_jpg.rf.a4fa1f003887a56e4a597cc11c7d2aba.txt,beetroot
train,raw/emam_v14/train/images/Image_51_jpg.rf.a5c48e3b7ccdbd00f4de3a9be4f8af38.jpg,raw/emam_v14/train/labels/Image_51_jpg.rf.a5c48e3b7ccdbd00f4de3a9be4f8af38.txt,bellpepper
train,raw/emam_v14/train/images/Image_51_jpg.rf.af5f3f148ab15d401b39cc64dd12508a.jpg,raw/emam_v14/train/labels/Image_51_jpg.rf.af5f3f148ab15d401b39cc64dd12508a.txt,spinach
train,raw/emam_v14/train/images/Image_51_jpg.rf.b0bed710e9dfb2936512db7b3c130c9c.jpg,raw/emam_v14/train/labels/Image_51_jpg.rf.b0bed710e9dfb2936512db7b3c130c9c.txt,garlic
train,raw/emam_v14/train/images/Image_51_jpg.rf.b3a1b9781f26efbc0842c470f8d94e80.jpg,raw/emam_v14/train/labels/Image_51_jpg.rf.b3a1b9781f26efbc0842c470f8d94e80.txt,garlic
train,raw/emam_v14/train/images/Image_51_jpg.rf.bfe2fe91eed1a1808a3bbc32e913f0f7.jpg,raw/emam_v14/train/labels/Image_51_jpg.rf.bfe2fe91eed1a1808a3bbc32e913f0f7.txt,jalapeno
train,raw/emam_v14/train/images/Image_51_jpg.rf.c07610576408cae766fcf7151a483214.jpg,raw/emam_v14/train/labels/Image_51_jpg.rf.c07610576408cae766fcf7151a483214.txt,spinach
train,raw/emam_v14/train/images/Image_51_jpg.rf.c7e7336d6f37c9d877167410e22efd7b.jpg,raw/emam_v14/train/labels/Image_51_jpg.rf.c7e7336d6f37c9d877167410e22efd7b.txt,spinach
train,raw/emam_v14/train/images/Image_51_jpg.rf.dfacb789383bef8d0de35e81254a5f82.jpg,raw/emam_v14/train/labels/Image_51_jpg.rf.dfacb789383bef8d0de35e81254a5f82.txt,beetroot
train,raw/emam_v14/train/images/Image_51_jpg.rf.ea487870cee3cb41ef8fe6f1b2870688.jpg,raw/emam_v14/train/labels/Image_51_jpg.rf.ea487870cee3cb41ef8fe6f1b2870688.txt,bellpepper
train,raw/emam_v14/train/images/Image_51_jpg.rf.f6f08aa016978e61d8afa3237b04ad27.jpg,raw/emam_v14/train/labels/Image_51_jpg.rf.f6f08aa016978e61d8afa3237b04ad27.txt,bellpepper
train,raw/emam_v14/train/images/Image_51_png_jpg.rf.7f3d9f9b1ec4e5fa1c3111df0886a9eb.jpg,raw/emam_v14/train/labels/Image_51_png_jpg.rf.7f3d9f9b1ec4e5fa1c3111df0886a9eb.txt,turnip
train,raw/emam_v14/train/images/Image_51_png_jpg.rf.d0bad3922a96f0c6318a52eb9de255bd.jpg,raw/emam_v14/train/labels/Image_51_png_jpg.rf.d0bad3922a96f0c6318a52eb9de255bd.txt,turnip
train,raw/emam_v14/train/images/Image_51_png_jpg.rf.ec5f0300c1017b338d7555a0f64b53f2.jpg,raw/emam_v14/train/labels/Image_51_png_jpg.rf.ec5f0300c1017b338d7555a0f64b53f2.txt,turnip
train,raw/emam_v14/train/images/Image_52_jpeg_jpg.rf.213207132de1e6612d011e8b1b06a7ee.jpg,raw/emam_v14/train/labels/Image_52_jpeg_jpg.rf.213207132de1e6612d011e8b1b06a7ee.txt,spinach
train,raw/emam_v14/train/images/Image_52_jpeg_jpg.rf.48d029e682127f294538d511004b3568.jpg,raw/emam_v14/train/labels/Image_52_jpeg_jpg.rf.48d029e682127f294538d511004b3568.txt,spinach
train,raw/emam_v14/train/images/Image_52_jpeg_jpg.rf.94fdea6d48ea60e90823122b8163df7d.jpg,raw/emam_v14/train/labels/Image_52_jpeg_jpg.rf.94fdea6d48ea60e90823122b8163df7d.txt,spinach
train,raw/emam_v14/train/images/Image_52_jpg.rf.03448b2adf9156b5917313617a7f9cce.jpg,raw/emam_v14/train/labels/Image_52_jpg.rf.03448b2adf9156b5917313617a7f9cce.txt,carrot
train,raw/emam_v14/train/images/Image_52_jpg.rf.06802add71c8477d3169a196a971c3fa.jpg,raw/emam_v14/train/labels/Image_52_jpg.rf.06802add71c8477d3169a196a971c3fa.txt,bellpepper
train,raw/emam_v14/train/images/Image_52_jpg.rf.1411f216ee920d088e6cde173422c470.jpg,raw/emam_v14/train/labels/Image_52_jpg.rf.1411f216ee920d088e6cde173422c470.txt,garlic
train,raw/emam_v14/train/images/Image_52_jpg.rf.23ece545244a9df5b5db9d412a724cab.jpg,raw/emam_v14/train/labels/Image_52_jpg.rf.23ece545244a9df5b5db9d412a724cab.txt,tomato
train,raw/emam_v14/train/images/Image_52_jpg.rf.286a737b3afb443debc62a3994dbe17f.jpg,raw/emam_v14/train/labels/Image_52_jpg.rf.286a737b3afb443debc62a3994dbe17f.txt,turnip
train,raw/emam_v14/train/images/Image_52_jpg.rf.3cc06125fef7f9074016865851d81766.jpg,raw/emam_v14/train/labels/Image_52_jpg.rf.3cc06125fef7f9074016865851d81766.txt,sweetcorn
train,raw/emam_v14/train/images/Image_52_jpg.rf.4be7abcf375ae7bfc6ffeb6d5831e894.jpg,raw/emam_v14/train/labels/Image_52_jpg.rf.4be7abcf375ae7bfc6ffeb6d5831e894.txt,beetroot
train,raw/emam_v14/train/images/Image_52_jpg.rf.55aa015beb8d5f18098cb79b10032c13.jpg,raw/emam_v14/train/labels/Image_52_jpg.rf.55aa015beb8d5f18098cb79b10032c13.txt,onion
train,raw/emam_v14/train/images/Image_52_jpg.rf.699fb8d2fe46f83a86bce6ac3dc5bc44.jpg,raw/emam_v14/train/labels/Image_52_jpg.rf.699fb8d2fe46f83a86bce6ac3dc5bc44.txt,turnip
train,raw/emam_v14/train/images/Image_52_jpg.rf.6e1f5b75cacdc6cb55a0734f54347564.jpg,raw/emam_v14/train/labels/Image_52_jpg.rf.6e1f5b75cacdc6cb55a0734f54347564.txt,potato
train,raw/emam_v14/train/images/Image_52_jpg.rf.75ec31dfbfdf8b587449b6ed3533bc85.jpg,raw/emam_v14/train/labels/Image_52_jpg.rf.75ec31dfbfdf8b587449b6ed3533bc85.txt,garlic
train,raw/emam_v14/train/images/Image_52_jpg.rf.79b1cfe27e0ec03043401e0fe061359d.jpg,raw/emam_v14/train/labels/Image_52_jpg.rf.79b1cfe27e0ec03043401e0fe061359d.txt,jalapeno
train,raw/emam_v14/train/images/Image_52_jpg.rf.84d31eeb0b50c746a1153d3314119604.jpg,raw/emam_v14/train/labels/Image_52_jpg.rf.84d31eeb0b50c746a1153d3314119604.txt,jalapeno
train,raw/emam_v14/train/images/Image_52_jpg.rf.892fb34aa4d117a77ae38f1779f266af.jpg,raw/emam_v14/train/labels/Image_52_jpg.rf.892fb34aa4d117a77ae38f1779f266af.txt,cucumber
train,raw/emam_v14/train/images/Image_52_jpg.rf.8bfa3951e2018b9b8a2038cb74cd1e96.jpg,raw/emam_v14/train/labels/Image_52_jpg.rf.8bfa3951e2018b9b8a2038cb74cd1e96.txt,tomato
train,raw/emam_v14/train/images/Image_52_jpg.rf.8d5a6085a643e32baf5717e7bf6a5dd8.jpg,raw/emam_v14/train/labels/Image_52_jpg.rf.8d5a6085a643e32baf5717e7bf6a5dd8.txt,peas
train,raw/emam_v14/train/images/Image_52_jpg.rf.9213a29eb41e7f8dbf3591cee782d5d4.jpg,raw/emam_v14/train/labels/Image_52_jpg.rf.9213a29eb41e7f8dbf3591cee782d5d4.txt,beetroot
train,raw/emam_v14/train/images/Image_52_jpg.rf.95239199725979e187ec7f727fcf1caf.jpg,raw/emam_v14/train/labels/Image_52_jpg.rf.95239199725979e187ec7f727fcf1caf.txt,garlic
train,raw/emam_v14/train/images/Image_52_jpg.rf.96eb6b5aead2cd4a4fc0b26855f49278.jpg,raw/emam_v14/train/labels/Image_52_jpg.rf.96eb6b5aead2cd4a4fc0b26855f49278.txt,sweetcorn
train,raw/emam_v14/train/images/Image_52_jpg.rf.997ad5d196f05dd2024ef7b6989ffda8.jpg,raw/emam_v14/train/labels/Image_52_jpg.rf.997ad5d196f05dd2024ef7b6989ffda8.txt,onion
train,raw/emam_v14/train/images/Image_52_jpg.rf.9c6dcdf8c4a6dbbaa97ebbdd0b0e0ec2.jpg,raw/emam_v14/train/labels/Image_52_jpg.rf.9c6dcdf8c4a6dbbaa97ebbdd0b0e0ec2.txt,peas
train,raw/emam_v14/train/images/Image_52_jpg.rf.9fab64fe8cf8b0bc92dbe8e3283a9159.jpg,raw/emam_v14/train/labels/Image_52_jpg.rf.9fab64fe8cf8b0bc92dbe8e3283a9159.txt,beetroot
train,raw/emam_v14/train/images/Image_52_jpg.rf.b1503cf2e1ad5efaaa9492566b2a21ab.jpg,raw/emam_v14/train/labels/Image_52_jpg.rf.b1503cf2e1ad5efaaa9492566b2a21ab.txt,cabbage
train,raw/emam_v14/train/images/Image_52_jpg.rf.bd260101e58eeda9670e038d33316051.jpg,raw/emam_v14/train/labels/Image_52_jpg.rf.bd260101e58eeda9670e038d33316051.txt,bellpepper
train,raw/emam_v14/train/images/Image_52_jpg.rf.bd2b162612a4d32c4859e0e3f75a2834.jpg,raw/emam_v14/train/labels/Image_52_jpg.rf.bd2b162612a4d32c4859e0e3f75a2834.txt,cabbage
train,raw/emam_v14/train/images/Image_52_jpg.rf.c125ba8e6590f74959476bbb33fdc18b.jpg,raw/emam_v14/train/labels/Image_52_jpg.rf.c125ba8e6590f74959476bbb33fdc18b.txt,potato
train,raw/emam_v14/train/images/Image_52_jpg.rf.c1651df9746e6b2e5bf0f3a66397dbc3.jpg,raw/emam_v14/train/labels/Image_52_jpg.rf.c1651df9746e6b2e5bf0f3a66397dbc3.txt,cabbage
train,raw/emam_v14/train/images/Image_52_jpg.rf.c17cadb99ea7ae1dc152b5121482581c.jpg,raw/emam_v14/train/labels/Image_52_jpg.rf.c17cadb99ea7ae1dc152b5121482581c.txt,potato
train,raw/emam_v14/train/images/Image_52_jpg.rf.c4f24dd0fda3314c55c169051af746f7.jpg,raw/emam_v14/train/labels/Image_52_jpg.rf.c4f24dd0fda3314c55c169051af746f7.txt,tomato
train,raw/emam_v14/train/images/Image_52_jpg.rf.c6dcc6039eb900d262a605928d4a99ec.jpg,raw/emam_v14/train/labels/Image_52_jpg.rf.c6dcc6039eb900d262a605928d4a99ec.txt,peas
train,raw/emam_v14/train/images/Image_52_jpg.rf.c7747a8b62433c306e76bf562407911d.jpg,raw/emam_v14/train/labels/Image_52_jpg.rf.c7747a8b62433c306e76bf562407911d.txt,jalapeno
train,raw/emam_v14/train/images/Image_52_jpg.rf.cc78ce2599c6efa1b0c29ecd0714211a.jpg,raw/emam_v14/train/labels/Image_52_jpg.rf.cc78ce2599c6efa1b0c29ecd0714211a.txt,cucumber
train,raw/emam_v14/train/images/Image_52_jpg.rf.cd91a81ff98ded65e9fa6bc4c1f6342d.jpg,raw/emam_v14/train/labels/Image_52_jpg.rf.cd91a81ff98ded65e9fa6bc4c1f6342d.txt,onion
train,raw/emam_v14/train/images/Image_52_jpg.rf.e27f507e9eef42ec27e9071c2da6bd5b.jpg,raw/emam_v14/train/labels/Image_52_jpg.rf.e27f507e9eef42ec27e9071c2da6bd5b.txt,turnip
train,raw/emam_v14/train/images/Image_52_jpg.rf.f912ade2dee88019eb7e7d04c71c7d2a.jpg,raw/emam_v14/train/labels/Image_52_jpg.rf.f912ade2dee88019eb7e7d04c71c7d2a.txt,carrot
train,raw/emam_v14/train/images/Image_52_jpg.rf.fa389a5262a3ed32cb96c80a1a112a36.jpg,raw/emam_v14/train/labels/Image_52_jpg.rf.fa389a5262a3ed32cb96c80a1a112a36.txt,bellpepper
train,raw/emam_v14/train/images/Image_52_jpg.rf.fc2165776742eea94fe65b565491fc40.jpg,raw/emam_v14/train/labels/Image_52_jpg.rf.fc2165776742eea94fe65b565491fc40.txt,carrot
train,raw/emam_v14/train/images/Image_52_jpg.rf.fc7dc59fbf049959a3df091aab80ff75.jpg,raw/emam_v14/train/labels/Image_52_jpg.rf.fc7dc59fbf049959a3df091aab80ff75.txt,cucumber
train,raw/emam_v14/train/images/Image_52_jpg.rf.fca882483b5a6c0f6fac67e8bea1a9a3.jpg,raw/emam_v14/train/labels/Image_52_jpg.rf.fca882483b5a6c0f6fac67e8bea1a9a3.txt,sweetcorn
train,raw/emam_v14/train/images/Image_52_png_jpg.rf.2e2c05f4fa67c53ac4b6bcc8bb696f37.jpg,raw/emam_v14/train/labels/Image_52_png_jpg.rf.2e2c05f4fa67c53ac4b6bcc8bb696f37.txt,cauliflower
train,raw/emam_v14/train/images/Image_52_png_jpg.rf.b391710867699e069e92ef99c8b64624.jpg,raw/emam_v14/train/labels/Image_52_png_jpg.rf.b391710867699e069e92ef99c8b64624.txt,cauliflower
train,raw/emam_v14/train/images/Image_52_png_jpg.rf.d0c6ba82980cca4b67c6c966b990987a.jpg,raw/emam_v14/train/labels/Image_52_png_jpg.rf.d0c6ba82980cca4b67c6c966b990987a.txt,cauliflower
train,raw/emam_v14/train/images/Image_53_JPG_jpg.rf.0fe45554336cc41dfd45c2114d765ee8.jpg,raw/emam_v14/train/labels/Image_53_JPG_jpg.rf.0fe45554336cc41dfd45c2114d765ee8.txt,cucumber
train,raw/emam_v14/train/images/Image_53_JPG_jpg.rf.bf02c03f7c97ecf53c0986df9b379219.jpg,raw/emam_v14/train/labels/Image_53_JPG_jpg.rf.bf02c03f7c97ecf53c0986df9b379219.txt,cucumber
train,raw/emam_v14/train/images/Image_53_JPG_jpg.rf.f6093dfc8ef01261fdf17575f6fad3de.jpg,raw/emam_v14/train/labels/Image_53_JPG_jpg.rf.f6093dfc8ef01261fdf17575f6fad3de.txt,cucumber
train,raw/emam_v14/train/images/Image_53_jpg.rf.00530a63b837b7f3993a4e7545eccac7.jpg,raw/emam_v14/train/labels/Image_53_jpg.rf.00530a63b837b7f3993a4e7545eccac7.txt,chillipepper
train,raw/emam_v14/train/images/Image_53_jpg.rf.01e2d9f146f9d59a6dec1557283469f3.jpg,raw/emam_v14/train/labels/Image_53_jpg.rf.01e2d9f146f9d59a6dec1557283469f3.txt,carrot
train,raw/emam_v14/train/images/Image_53_jpg.rf.06ff43f07224388a97a9741d00bb1193.jpg,raw/emam_v14/train/labels/Image_53_jpg.rf.06ff43f07224388a97a9741d00bb1193.txt,cabbage
train,raw/emam_v14/train/images/Image_53_jpg.rf.0cfdfae02b82bf7c7a9140d9e698401c.jpg,raw/emam_v14/train/labels/Image_53_jpg.rf.0cfdfae02b82bf7c7a9140d9e698401c.txt,bellpepper
train,raw/emam_v14/train/images/Image_53_jpg.rf.162caa7113739027a1dd37a4425cf7a9.jpg,raw/emam_v14/train/labels/Image_53_jpg.rf.162caa7113739027a1dd37a4425cf7a9.txt,onion
train,raw/emam_v14/train/images/Image_53_jpg.rf.18ae954dbece648fbe75b4f58976c951.jpg,raw/emam_v14/train/labels/Image_53_jpg.rf.18ae954dbece648fbe75b4f58976c951.txt,spinach
train,raw/emam_v14/train/images/Image_53_jpg.rf.1d5096e43ab9ce1f3701a02ac41d2e26.jpg,raw/emam_v14/train/labels/Image_53_jpg.rf.1d5096e43ab9ce1f3701a02ac41d2e26.txt,lettuce
train,raw/emam_v14/train/images/Image_53_jpg.rf.20f0968081a4943a8ad6d288ee4948f8.jpg,raw/emam_v14/train/labels/Image_53_jpg.rf.20f0968081a4943a8ad6d288ee4948f8.txt,cabbage
train,raw/emam_v14/train/images/Image_53_jpg.rf.26e0e237c8066fe2e89a9202cc0a1db7.jpg,raw/emam_v14/train/labels/Image_53_jpg.rf.26e0e237c8066fe2e89a9202cc0a1db7.txt,jalapeno
train,raw/emam_v14/train/images/Image_53_jpg.rf.3ce89d58469a4f2b9b930aca039f3dcb.jpg,raw/emam_v14/train/labels/Image_53_jpg.rf.3ce89d58469a4f2b9b930aca039f3dcb.txt,spinach
train,raw/emam_v14/train/images/Image_53_jpg.rf.3cfeacdf2516579efcb1042d445fbbee.jpg,raw/emam_v14/train/labels/Image_53_jpg.rf.3cfeacdf2516579efcb1042d445fbbee.txt,turnip
train,raw/emam_v14/train/images/Image_53_jpg.rf.3f36eaa1959a773967cc0a565dc6829f.jpg,raw/emam_v14/train/labels/Image_53_jpg.rf.3f36eaa1959a773967cc0a565dc6829f.txt,sweetcorn
train,raw/emam_v14/train/images/Image_53_jpg.rf.40ff073936242b67b0a40bd9ea11bc15.jpg,raw/emam_v14/train/labels/Image_53_jpg.rf.40ff073936242b67b0a40bd9ea11bc15.txt,cabbage
train,raw/emam_v14/train/images/Image_53_jpg.rf.4477b3cf302037eec862458fda6fde92.jpg,raw/emam_v14/train/labels/Image_53_jpg.rf.4477b3cf302037eec862458fda6fde92.txt,cauliflower
train,raw/emam_v14/train/images/Image_53_jpg.rf.4d4bfa75078408d032433c04a4abd62c.jpg,raw/emam_v14/train/labels/Image_53_jpg.rf.4d4bfa75078408d032433c04a4abd62c.txt,beetroot
train,raw/emam_v14/train/images/Image_53_jpg.rf.515edc72a8b19290b6089d4364a963f3.jpg,raw/emam_v14/train/labels/Image_53_jpg.rf.515edc72a8b19290b6089d4364a963f3.txt,spinach
train,raw/emam_v14/train/images/Image_53_jpg.rf.535b7f17ad9c62e402b4bb5db65762d6.jpg,raw/emam_v14/train/labels/Image_53_jpg.rf.535b7f17ad9c62e402b4bb5db65762d6.txt,garlic
train,raw/emam_v14/train/images/Image_53_jpg.rf.5c1ac01029effc9750a4b545741ec1bc.jpg,raw/emam_v14/train/labels/Image_53_jpg.rf.5c1ac01029effc9750a4b545741ec1bc.txt,cauliflower
train,raw/emam_v14/train/images/Image_53_jpg.rf.6370e19a4764b587553bb71c09c96ff9.jpg,raw/emam_v14/train/labels/Image_53_jpg.rf.6370e19a4764b587553bb71c09c96ff9.txt,turnip
train,raw/emam_v14/train/images/Image_53_jpg.rf.6a47e235fe3b59ce426497e8c2d59206.jpg,raw/emam_v14/train/labels/Image_53_jpg.rf.6a47e235fe3b59ce426497e8c2d59206.txt,jalapeno
train,raw/emam_v14/train/images/Image_53_jpg.rf.6f667ee6eb3d2ab19298d1173eeda63c.jpg,raw/emam_v14/train/labels/Image_53_jpg.rf.6f667ee6eb3d2ab19298d1173eeda63c.txt,lettuce
train,raw/emam_v14/train/images/Image_53_jpg.rf.81be9c63b2fd4b232754e9f033c7e1f3.jpg,raw/emam_v14/train/labels/Image_53_jpg.rf.81be9c63b2fd4b232754e9f033c7e1f3.txt,bellpepper
train,raw/emam_v14/train/images/Image_53_jpg.rf.86627cc93a09577d3169bc59db4c4eda.jpg,raw/emam_v14/train/labels/Image_53_jpg.rf.86627cc93a09577d3169bc59db4c4eda.txt,sweetcorn
train,raw/emam_v14/train/images/Image_53_jpg.rf.87eeaa73f8cfa41c1539813ff5d7f6cb.jpg,raw/emam_v14/train/labels/Image_53_jpg.rf.87eeaa73f8cfa41c1539813ff5d7f6cb.txt,jalapeno
train,raw/emam_v14/train/images/Image_53_jpg.rf.8a902b2d62bf34beed7deb077e8c1314.jpg,raw/emam_v14/train/labels/Image_53_jpg.rf.8a902b2d62bf34beed7deb077e8c1314.txt,onion
train,raw/emam_v14/train/images/Image_53_jpg.rf.9063bc986ef1b59efb02ad31a05429a4.jpg,raw/emam_v14/train/labels/Image_53_jpg.rf.9063bc986ef1b59efb02ad31a05429a4.txt,chillipepper
train,raw/emam_v14/train/images/Image_53_jpg.rf.917657361087d5cbd4153d0f715c2669.jpg,raw/emam_v14/train/labels/Image_53_jpg.rf.917657361087d5cbd4153d0f715c2669.txt,peas
train,raw/emam_v14/train/images/Image_53_jpg.rf.91f738b9dcda0af02be05a17bafdec19.jpg,raw/emam_v14/train/labels/Image_53_jpg.rf.91f738b9dcda0af02be05a17bafdec19.txt,beetroot
train,raw/emam_v14/train/images/Image_53_jpg.rf.9988b1859a206301634b294455ac36a6.jpg,raw/emam_v14/train/labels/Image_53_jpg.rf.9988b1859a206301634b294455ac36a6.txt,peas
train,raw/emam_v14/train/images/Image_53_jpg.rf.9a3824feb31218113d7847252921ac86.jpg,raw/emam_v14/train/labels/Image_53_jpg.rf.9a3824feb31218113d7847252921ac86.txt,carrot
train,raw/emam_v14/train/images/Image_53_jpg.rf.a6268847ad311a5cfabc73d7c9f97079.jpg,raw/emam_v14/train/labels/Image_53_jpg.rf.a6268847ad311a5cfabc73d7c9f97079.txt,bellpepper
train,raw/emam_v14/train/images/Image_53_jpg.rf.b050e556361e4ef70fc8fbfacc768a7d.jpg,raw/emam_v14/train/labels/Image_53_jpg.rf.b050e556361e4ef70fc8fbfacc768a7d.txt,peas
train,raw/emam_v14/train/images/Image_53_jpg.rf.b44b007450126a5693436c6da08991d5.jpg,raw/emam_v14/train/labels/Image_53_jpg.rf.b44b007450126a5693436c6da08991d5.txt,cauliflower
train,raw/emam_v14/train/images/Image_53_jpg.rf.bab025816b384088259d1f08b6b192e5.jpg,raw/emam_v14/train/labels/Image_53_jpg.rf.bab025816b384088259d1f08b6b192e5.txt,onion
train,raw/emam_v14/train/images/Image_53_jpg.rf.c87eb6c8dc06ad6726fc21a1eac488f1.jpg,raw/emam_v14/train/labels/Image_53_jpg.rf.c87eb6c8dc06ad6726fc21a1eac488f1.txt,beetroot
train,raw/emam_v14/train/images/Image_53_jpg.rf.cbf9ab2fc2c38875430a0d668b5bcb97.jpg,raw/emam_v14/train/labels/Image_53_jpg.rf.cbf9ab2fc2c38875430a0d668b5bcb97.txt,chillipepper
train,raw/emam_v14/train/images/Image_53_jpg.rf.cfe39ef1251bc8566769f34fccc834f4.jpg,raw/emam_v14/train/labels/Image_53_jpg.rf.cfe39ef1251bc8566769f34fccc834f4.txt,carrot
train,raw/emam_v14/train/images/Image_53_jpg.rf.d1eb504e8d0f343c3358855ed1144af7.jpg,raw/emam_v14/train/labels/Image_53_jpg.rf.d1eb504e8d0f343c3358855ed1144af7.txt,lettuce
train,raw/emam_v14/train/images/Image_53_jpg.rf.db7e09288355b9286d3bb5f656b595d7.jpg,raw/emam_v14/train/labels/Image_53_jpg.rf.db7e09288355b9286d3bb5f656b595d7.txt,turnip
train,raw/emam_v14/train/images/Image_53_jpg.rf.e6d65a037650b06d57feb251f2bd95ef.jpg,raw/emam_v14/train/labels/Image_53_jpg.rf.e6d65a037650b06d57feb251f2bd95ef.txt,garlic
train,raw/emam_v14/train/images/Image_53_jpg.rf.f250e122b4dfad24fa5720de820ad7a4.jpg,raw/emam_v14/train/labels/Image_53_jpg.rf.f250e122b4dfad24fa5720de820ad7a4.txt,sweetcorn
train,raw/emam_v14/train/images/Image_53_jpg.rf.ff5c679b8d8978636cf1d14c5d6d7d49.jpg,raw/emam_v14/train/labels/Image_53_jpg.rf.ff5c679b8d8978636cf1d14c5d6d7d49.txt,garlic
train,raw/emam_v14/train/images/Image_54_jpeg_jpg.rf.18dd8185971aeee22215e63a9ba7f049.jpg,raw/emam_v14/train/labels/Image_54_jpeg_jpg.rf.18dd8185971aeee22215e63a9ba7f049.txt,chillipepper
train,raw/emam_v14/train/images/Image_54_jpeg_jpg.rf.7cb6d90c82d4f93f6ea19c63aba5f9d7.jpg,raw/emam_v14/train/labels/Image_54_jpeg_jpg.rf.7cb6d90c82d4f93f6ea19c63aba5f9d7.txt,ladyfinger
train,raw/emam_v14/train/images/Image_54_jpeg_jpg.rf.a7977f51c36a53acacb7ca9000083cfb.jpg,raw/emam_v14/train/labels/Image_54_jpeg_jpg.rf.a7977f51c36a53acacb7ca9000083cfb.txt,chillipepper
train,raw/emam_v14/train/images/Image_54_jpeg_jpg.rf.aeeec403a4eb433df35b813b5fa0b3c1.jpg,raw/emam_v14/train/labels/Image_54_jpeg_jpg.rf.aeeec403a4eb433df35b813b5fa0b3c1.txt,chillipepper
train,raw/emam_v14/train/images/Image_54_jpeg_jpg.rf.c85a28d4de9f5a7f18ea4d6bb7c9f27c.jpg,raw/emam_v14/train/labels/Image_54_jpeg_jpg.rf.c85a28d4de9f5a7f18ea4d6bb7c9f27c.txt,ladyfinger
train,raw/emam_v14/train/images/Image_54_jpeg_jpg.rf.ce57fd4daea8c55a41988d3cf61df9a1.jpg,raw/emam_v14/train/labels/Image_54_jpeg_jpg.rf.ce57fd4daea8c55a41988d3cf61df9a1.txt,ladyfinger
train,raw/emam_v14/train/images/Image_54_jpg.rf.031fe588275ef18e1f5451ef4cbc548d.jpg,raw/emam_v14/train/labels/Image_54_jpg.rf.031fe588275ef18e1f5451ef4cbc548d.txt,bellpepper
train,raw/emam_v14/train/images/Image_54_jpg.rf.0544c18c834f0e1d3069d418073d0b71.jpg,raw/emam_v14/train/labels/Image_54_jpg.rf.0544c18c834f0e1d3069d418073d0b71.txt,potato
train,raw/emam_v14/train/images/Image_54_jpg.rf.05d9a25e26ebfdd6b24f52c45b49ca16.jpg,raw/emam_v14/train/labels/Image_54_jpg.rf.05d9a25e26ebfdd6b24f52c45b49ca16.txt,lettuce
train,raw/emam_v14/train/images/Image_54_jpg.rf.0990a3deed2690f25fea862c68dfad2b.jpg,raw/emam_v14/train/labels/Image_54_jpg.rf.0990a3deed2690f25fea862c68dfad2b.txt,bellpepper
train,raw/emam_v14/train/images/Image_54_jpg.rf.1db1b0e83ebabcf99c5978dbf64f67bd.jpg,raw/emam_v14/train/labels/Image_54_jpg.rf.1db1b0e83ebabcf99c5978dbf64f67bd.txt,onion
train,raw/emam_v14/train/images/Image_54_jpg.rf.25f3b5449b52af576b680fcad99615c6.jpg,raw/emam_v14/train/labels/Image_54_jpg.rf.25f3b5449b52af576b680fcad99615c6.txt,peas
train,raw/emam_v14/train/images/Image_54_jpg.rf.2a8f4e27aca561fbc8931a8dbb50f24d.jpg,raw/emam_v14/train/labels/Image_54_jpg.rf.2a8f4e27aca561fbc8931a8dbb50f24d.txt,cabbage
train,raw/emam_v14/train/images/Image_54_jpg.rf.359625e5ee99992532680ee69874fb39.jpg,raw/emam_v14/train/labels/Image_54_jpg.rf.359625e5ee99992532680ee69874fb39.txt,onion
train,raw/emam_v14/train/images/Image_54_jpg.rf.42020c7f9f6d65f9de4129f0d126b9a3.jpg,raw/emam_v14/train/labels/Image_54_jpg.rf.42020c7f9f6d65f9de4129f0d126b9a3.txt,spinach
train,raw/emam_v14/train/images/Image_54_jpg.rf.479993845a143ad04db1b644b5b9efa0.jpg,raw/emam_v14/train/labels/Image_54_jpg.rf.479993845a143ad04db1b644b5b9efa0.txt,onion
train,raw/emam_v14/train/images/Image_54_jpg.rf.4fdbaea4f452d69c8eac845bd195a7fe.jpg,raw/emam_v14/train/labels/Image_54_jpg.rf.4fdbaea4f452d69c8eac845bd195a7fe.txt,ginger
train,raw/emam_v14/train/images/Image_54_jpg.rf.500a12b4754730147f6a8134ea327b86.jpg,raw/emam_v14/train/labels/Image_54_jpg.rf.500a12b4754730147f6a8134ea327b86.txt,turnip
train,raw/emam_v14/train/images/Image_54_jpg.rf.544bed7b65ea693a22480eede0c1cd87.jpg,raw/emam_v14/train/labels/Image_54_jpg.rf.544bed7b65ea693a22480eede0c1cd87.txt,peas
train,raw/emam_v14/train/images/Image_54_jpg.rf.611ac64ff80aacbfa7d5a24557c2fe48.jpg,raw/emam_v14/train/labels/Image_54_jpg.rf.611ac64ff80aacbfa7d5a24557c2fe48.txt,cabbage
train,raw/emam_v14/train/images/Image_54_jpg.rf.62fd7b83d7ca55f54833904311ba812a.jpg,raw/emam_v14/train/labels/Image_54_jpg.rf.62fd7b83d7ca55f54833904311ba812a.txt,spinach
train,raw/emam_v14/train/images/Image_54_jpg.rf.6643d1c2184b8239e5b45fa4e8b35c84.jpg,raw/emam_v14/train/labels/Image_54_jpg.rf.6643d1c2184b8239e5b45fa4e8b35c84.txt,peas
train,raw/emam_v14/train/images/Image_54_jpg.rf.6c8529cf1dede96d9cde3c1b96cacfc3.jpg,raw/emam_v14/train/labels/Image_54_jpg.rf.6c8529cf1dede96d9cde3c1b96cacfc3.txt,potato
train,raw/emam_v14/train/images/Image_54_jpg.rf.72b40082a24a02908f1d658300d48638.jpg,raw/emam_v14/train/labels/Image_54_jpg.rf.72b40082a24a02908f1d658300d48638.txt,tomato
train,raw/emam_v14/train/images/Image_54_jpg.rf.75805afe95055d5704bacf8bfb83b1e0.jpg,raw/emam_v14/train/labels/Image_54_jpg.rf.75805afe95055d5704bacf8bfb83b1e0.txt,bellpepper
train,raw/emam_v14/train/images/Image_54_jpg.rf.7c15bdf1defdd758266e67a6481edd1c.jpg,raw/emam_v14/train/labels/Image_54_jpg.rf.7c15bdf1defdd758266e67a6481edd1c.txt,bellpepper
train,raw/emam_v14/train/images/Image_54_jpg.rf.7d59450bee8919228c5764c12c1bb3c7.jpg,raw/emam_v14/train/labels/Image_54_jpg.rf.7d59450bee8919228c5764c12c1bb3c7.txt,potato
train,raw/emam_v14/train/images/Image_54_jpg.rf.85c0dad3ad1024f055c704614d77f2de.jpg,raw/emam_v14/train/labels/Image_54_jpg.rf.85c0dad3ad1024f055c704614d77f2de.txt,sweetcorn
train,raw/emam_v14/train/images/Image_54_jpg.rf.87977434a5c789f9e55153492f22e62b.jpg,raw/emam_v14/train/labels/Image_54_jpg.rf.87977434a5c789f9e55153492f22e62b.txt,cabbage
train,raw/emam_v14/train/images/Image_54_jpg.rf.8c334e8ac36a1592cf319e2aefef0a85.jpg,raw/emam_v14/train/labels/Image_54_jpg.rf.8c334e8ac36a1592cf319e2aefef0a85.txt,sweetcorn
train,raw/emam_v14/train/images/Image_54_jpg.rf.94b22f972bdd48397f92b99d046fd36f.jpg,raw/emam_v14/train/labels/Image_54_jpg.rf.94b22f972bdd48397f92b99d046fd36f.txt,bellpepper
train,raw/emam_v14/train/images/Image_54_jpg.rf.9ef3ed226419fb17caa84b9ddf4a80fb.jpg,raw/emam_v14/train/labels/Image_54_jpg.rf.9ef3ed226419fb17caa84b9ddf4a80fb.txt,lettuce
train,raw/emam_v14/train/images/Image_54_jpg.rf.af62a182b535d8286d073cec6a0a0037.jpg,raw/emam_v14/train/labels/Image_54_jpg.rf.af62a182b535d8286d073cec6a0a0037.txt,turnip
train,raw/emam_v14/train/images/Image_54_jpg.rf.bab90e82ff9c40f8266d10ca29d337fc.jpg,raw/emam_v14/train/labels/Image_54_jpg.rf.bab90e82ff9c40f8266d10ca29d337fc.txt,sweetcorn
train,raw/emam_v14/train/images/Image_54_jpg.rf.c2bc02e09d441b477480c6fb6511276f.jpg,raw/emam_v14/train/labels/Image_54_jpg.rf.c2bc02e09d441b477480c6fb6511276f.txt,tomato
train,raw/emam_v14/train/images/Image_54_jpg.rf.cb525f30ce579609847bd48e9a46df2e.jpg,raw/emam_v14/train/labels/Image_54_jpg.rf.cb525f30ce579609847bd48e9a46df2e.txt,ginger
train,raw/emam_v14/train/images/Image_54_jpg.rf.d18747e34d8703144f545d09f0d7865e.jpg,raw/emam_v14/train/labels/Image_54_jpg.rf.d18747e34d8703144f545d09f0d7865e.txt,spinach
train,raw/emam_v14/train/images/Image_54_jpg.rf.df6faf5a4263383b0367e892619807f4.jpg,raw/emam_v14/train/labels/Image_54_jpg.rf.df6faf5a4263383b0367e892619807f4.txt,tomato
train,raw/emam_v14/train/images/Image_54_jpg.rf.e2be1090d649559d11d65a89191d6db0.jpg,raw/emam_v14/train/labels/Image_54_jpg.rf.e2be1090d649559d11d65a89191d6db0.txt,turnip
train,raw/emam_v14/train/images/Image_54_jpg.rf.ecc1e6bc308ecb292b6ba38720cc63d8.jpg,raw/emam_v14/train/labels/Image_54_jpg.rf.ecc1e6bc308ecb292b6ba38720cc63d8.txt,ginger
train,raw/emam_v14/train/images/Image_54_jpg.rf.fab9354c50d31a559d2f7577d03e6463.jpg,raw/emam_v14/train/labels/Image_54_jpg.rf.fab9354c50d31a559d2f7577d03e6463.txt,lettuce
train,raw/emam_v14/train/images/Image_54_jpg.rf.ffabe2ef223b0590227d6e0826a010d7.jpg,raw/emam_v14/train/labels/Image_54_jpg.rf.ffabe2ef223b0590227d6e0826a010d7.txt,bellpepper
train,raw/emam_v14/train/images/Image_54_png_jpg.rf.12ac6730f76227ea25fd5289ddd11957.jpg,raw/emam_v14/train/labels/Image_54_png_jpg.rf.12ac6730f76227ea25fd5289ddd11957.txt,beetroot
train,raw/emam_v14/train/images/Image_54_png_jpg.rf.1432d3657264e64d6f33e38d59cc076d.jpg,raw/emam_v14/train/labels/Image_54_png_jpg.rf.1432d3657264e64d6f33e38d59cc076d.txt,eggplant
train,raw/emam_v14/train/images/Image_54_png_jpg.rf.27ed4e8167dc4f7abcd528c815986870.jpg,raw/emam_v14/train/labels/Image_54_png_jpg.rf.27ed4e8167dc4f7abcd528c815986870.txt,beetroot
train,raw/emam_v14/train/images/Image_54_png_jpg.rf.2ea67504a31a01d3f53f2046f6e38cff.jpg,raw/emam_v14/train/labels/Image_54_png_jpg.rf.2ea67504a31a01d3f53f2046f6e38cff.txt,beetroot
train,raw/emam_v14/train/images/Image_54_png_jpg.rf.2f77cb892918d44e4afe924b8aba1cd7.jpg,raw/emam_v14/train/labels/Image_54_png_jpg.rf.2f77cb892918d44e4afe924b8aba1cd7.txt,cucumber
train,raw/emam_v14/train/images/Image_54_png_jpg.rf.3a253bbb2432f20e1303dcbc94b04f26.jpg,raw/emam_v14/train/labels/Image_54_png_jpg.rf.3a253bbb2432f20e1303dcbc94b04f26.txt,cucumber
train,raw/emam_v14/train/images/Image_54_png_jpg.rf.4054583629bb56944dd0d75661cd44f1.jpg,raw/emam_v14/train/labels/Image_54_png_jpg.rf.4054583629bb56944dd0d75661cd44f1.txt,cucumber
train,raw/emam_v14/train/images/Image_54_png_jpg.rf.58b19fc91a62f86a4a34a8fcabcc8b35.jpg,raw/emam_v14/train/labels/Image_54_png_jpg.rf.58b19fc91a62f86a4a34a8fcabcc8b35.txt,radish
train,raw/emam_v14/train/images/Image_54_png_jpg.rf.98b7fa29161ddfafc36a3a0ac2afa1a4.jpg,raw/emam_v14/train/labels/Image_54_png_jpg.rf.98b7fa29161ddfafc36a3a0ac2afa1a4.txt,eggplant
train,raw/emam_v14/train/images/Image_54_png_jpg.rf.a4090b8061521d0c2e0d43138b39aa3c.jpg,raw/emam_v14/train/labels/Image_54_png_jpg.rf.a4090b8061521d0c2e0d43138b39aa3c.txt,radish
train,raw/emam_v14/train/images/Image_54_png_jpg.rf.bec41aa66f716ee0256a252278204084.jpg,raw/emam_v14/train/labels/Image_54_png_jpg.rf.bec41aa66f716ee0256a252278204084.txt,eggplant
train,raw/emam_v14/train/images/Image_54_png_jpg.rf.c16ba545c6116f3971b93edd8f881c8f.jpg,raw/emam_v14/train/labels/Image_54_png_jpg.rf.c16ba545c6116f3971b93edd8f881c8f.txt,radish
train,raw/emam_v14/train/images/Image_55_jpeg_jpg.rf.7806a5fd92d0ac541d53094986d36b8c.jpg,raw/emam_v14/train/labels/Image_55_jpeg_jpg.rf.7806a5fd92d0ac541d53094986d36b8c.txt,jalapeno
train,raw/emam_v14/train/images/Image_55_jpeg_jpg.rf.c50c1b86a713373596879045428db175.jpg,raw/emam_v14/train/labels/Image_55_jpeg_jpg.rf.c50c1b86a713373596879045428db175.txt,jalapeno
train,raw/emam_v14/train/images/Image_55_jpeg_jpg.rf.ff8fabd190ad25d8d446c6c7f862f9e1.jpg,raw/emam_v14/train/labels/Image_55_jpeg_jpg.rf.ff8fabd190ad25d8d446c6c7f862f9e1.txt,jalapeno
train,raw/emam_v14/train/images/Image_55_jpg.rf.0547b071fafb62841d444ce44093e20a.jpg,raw/emam_v14/train/labels/Image_55_jpg.rf.0547b071fafb62841d444ce44093e20a.txt,turnip
train,raw/emam_v14/train/images/Image_55_jpg.rf.05c797929bccbfd3321346bfd4952f99.jpg,raw/emam_v14/train/labels/Image_55_jpg.rf.05c797929bccbfd3321346bfd4952f99.txt,turnip
train,raw/emam_v14/train/images/Image_55_jpg.rf.15b2656645d6d4ce2510afb725b7bdcc.jpg,raw/emam_v14/train/labels/Image_55_jpg.rf.15b2656645d6d4ce2510afb725b7bdcc.txt,cauliflower
train,raw/emam_v14/train/images/Image_55_jpg.rf.1b0eb07761aaa41165b16338ec2afd40.jpg,raw/emam_v14/train/labels/Image_55_jpg.rf.1b0eb07761aaa41165b16338ec2afd40.txt,radish
train,raw/emam_v14/train/images/Image_55_jpg.rf.2b3e158e3b9dc0d9cf930c67a8a96709.jpg,raw/emam_v14/train/labels/Image_55_jpg.rf.2b3e158e3b9dc0d9cf930c67a8a96709.txt,beetroot
train,raw/emam_v14/train/images/Image_55_jpg.rf.375d48b9de3a25775730d323b65fd082.jpg,raw/emam_v14/train/labels/Image_55_jpg.rf.375d48b9de3a25775730d323b65fd082.txt,lettuce
train,raw/emam_v14/train/images/Image_55_jpg.rf.44a51b33b82875e450fcddec97f71663.jpg,raw/emam_v14/train/labels/Image_55_jpg.rf.44a51b33b82875e450fcddec97f71663.txt,radish
train,raw/emam_v14/train/images/Image_55_jpg.rf.465e87e7be07c9297f33726733156650.jpg,raw/emam_v14/train/labels/Image_55_jpg.rf.465e87e7be07c9297f33726733156650.txt,bellpepper
train,raw/emam_v14/train/images/Image_55_jpg.rf.4b27c563666b1c28b5f0e0746450ad03.jpg,raw/emam_v14/train/labels/Image_55_jpg.rf.4b27c563666b1c28b5f0e0746450ad03.txt,corn
train,raw/emam_v14/train/images/Image_55_jpg.rf.4bef6a99db26770b635be5b7b45a4dbd.jpg,raw/emam_v14/train/labels/Image_55_jpg.rf.4bef6a99db26770b635be5b7b45a4dbd.txt,turnip
train,raw/emam_v14/train/images/Image_55_jpg.rf.515d5c099e4172a5267674ecb7eb9830.jpg,raw/emam_v14/train/labels/Image_55_jpg.rf.515d5c099e4172a5267674ecb7eb9830.txt,cauliflower
train,raw/emam_v14/train/images/Image_55_jpg.rf.595db1808678a732fb47a40e736da852.jpg,raw/emam_v14/train/labels/Image_55_jpg.rf.595db1808678a732fb47a40e736da852.txt,bellpepper
train,raw/emam_v14/train/images/Image_55_jpg.rf.5cf2de75461d9871dde6416d5d504698.jpg,raw/emam_v14/train/labels/Image_55_jpg.rf.5cf2de75461d9871dde6416d5d504698.txt,chillipepper
train,raw/emam_v14/train/images/Image_55_jpg.rf.5d812b5d139087dc8f59760a8dcc8cc5.jpg,raw/emam_v14/train/labels/Image_55_jpg.rf.5d812b5d139087dc8f59760a8dcc8cc5.txt,onion
train,raw/emam_v14/train/images/Image_55_jpg.rf.6349a875dee20258a03500cda69a4da0.jpg,raw/emam_v14/train/labels/Image_55_jpg.rf.6349a875dee20258a03500cda69a4da0.txt,radish
train,raw/emam_v14/train/images/Image_55_jpg.rf.6b140b845bb7928fe71a029e0f33a5d9.jpg,raw/emam_v14/train/labels/Image_55_jpg.rf.6b140b845bb7928fe71a029e0f33a5d9.txt,lemon
train,raw/emam_v14/train/images/Image_55_jpg.rf.73094a8c4db4e3af7d6f8315558a830a.jpg,raw/emam_v14/train/labels/Image_55_jpg.rf.73094a8c4db4e3af7d6f8315558a830a.txt,cabbage
train,raw/emam_v14/train/images/Image_55_jpg.rf.7cf5909f4724421c2efe99c43ecab40f.jpg,raw/emam_v14/train/labels/Image_55_jpg.rf.7cf5909f4724421c2efe99c43ecab40f.txt,corn
train,raw/emam_v14/train/images/Image_55_jpg.rf.825e5a5b8c2bbf731dec2943c023866e.jpg,raw/emam_v14/train/labels/Image_55_jpg.rf.825e5a5b8c2bbf731dec2943c023866e.txt,bellpepper
train,raw/emam_v14/train/images/Image_55_jpg.rf.97ba8def3772f17ff32013af6cf1925e.jpg,raw/emam_v14/train/labels/Image_55_jpg.rf.97ba8def3772f17ff32013af6cf1925e.txt,cabbage
train,raw/emam_v14/train/images/Image_55_jpg.rf.997b2c607e97d5e6952e8c77a858f261.jpg,raw/emam_v14/train/labels/Image_55_jpg.rf.997b2c607e97d5e6952e8c77a858f261.txt,cabbage
train,raw/emam_v14/train/images/Image_55_jpg.rf.9ce26854a3fb572faef4cf09ffe4b5b4.jpg,raw/emam_v14/train/labels/Image_55_jpg.rf.9ce26854a3fb572faef4cf09ffe4b5b4.txt,bellpepper
train,raw/emam_v14/train/images/Image_55_jpg.rf.9fdda2953126a67da467aa138a593645.jpg,raw/emam_v14/train/labels/Image_55_jpg.rf.9fdda2953126a67da467aa138a593645.txt,spinach
train,raw/emam_v14/train/images/Image_55_jpg.rf.a29ddcbd75222d3e0d6633af21b25297.jpg,raw/emam_v14/train/labels/Image_55_jpg.rf.a29ddcbd75222d3e0d6633af21b25297.txt,bellpepper
train,raw/emam_v14/train/images/Image_55_jpg.rf.a4055d5edfe01dba360d27bea2763e7b.jpg,raw/emam_v14/train/labels/Image_55_jpg.rf.a4055d5edfe01dba360d27bea2763e7b.txt,cauliflower
train,raw/emam_v14/train/images/Image_55_jpg.rf.a8875ab2b2353048196a9985ab49b711.jpg,raw/emam_v14/train/labels/Image_55_jpg.rf.a8875ab2b2353048196a9985ab49b711.txt,chillipepper
train,raw/emam_v14/train/images/Image_55_jpg.rf.aaffe86bd2a92936cbf549e40ddc74b8.jpg,raw/emam_v14/train/labels/Image_55_jpg.rf.aaffe86bd2a92936cbf549e40ddc74b8.txt,onion
train,raw/emam_v14/train/images/Image_55_jpg.rf.ac448d0eaca154512f622f427f1ac403.jpg,raw/emam_v14/train/labels/Image_55_jpg.rf.ac448d0eaca154512f622f427f1ac403.txt,lettuce
train,raw/emam_v14/train/images/Image_55_jpg.rf.ccda0b6ac49d7e2a0733c74363297282.jpg,raw/emam_v14/train/labels/Image_55_jpg.rf.ccda0b6ac49d7e2a0733c74363297282.txt,lemon
train,raw/emam_v14/train/images/Image_55_jpg.rf.d41c0a822f030cdc7d62fbfdff5ce754.jpg,raw/emam_v14/train/labels/Image_55_jpg.rf.d41c0a822f030cdc7d62fbfdff5ce754.txt,lettuce
train,raw/emam_v14/train/images/Image_55_jpg.rf.d431edbf2995d069005c6a828492b5e9.jpg,raw/emam_v14/train/labels/Image_55_jpg.rf.d431edbf2995d069005c6a828492b5e9.txt,corn
train,raw/emam_v14/train/images/Image_55_jpg.rf.e67f1137b95f96f0851f839d76891113.jpg,raw/emam_v14/train/labels/Image_55_jpg.rf.e67f1137b95f96f0851f839d76891113.txt,onion
train,raw/emam_v14/train/images/Image_55_jpg.rf.e986b8a955b95abdef030db3af79f675.jpg,raw/emam_v14/train/labels/Image_55_jpg.rf.e986b8a955b95abdef030db3af79f675.txt,beetroot
train,raw/emam_v14/train/images/Image_55_jpg.rf.ea923e188043a5c166e02839b2ee93d5.jpg,raw/emam_v14/train/labels/Image_55_jpg.rf.ea923e188043a5c166e02839b2ee93d5.txt,bellpepper
train,raw/emam_v14/train/images/Image_55_jpg.rf.eab77121bd88d5d1d1051bd5d14e3bd0.jpg,raw/emam_v14/train/labels/Image_55_jpg.rf.eab77121bd88d5d1d1051bd5d14e3bd0.txt,lemon
train,raw/emam_v14/train/images/Image_55_jpg.rf.f0573c3b5ba8c4bfe17689aa3264a226.jpg,raw/emam_v14/train/labels/Image_55_jpg.rf.f0573c3b5ba8c4bfe17689aa3264a226.txt,spinach
train,raw/emam_v14/train/images/Image_55_jpg.rf.f52dbffe57bf583c6d922988cc887162.jpg,raw/emam_v14/train/labels/Image_55_jpg.rf.f52dbffe57bf583c6d922988cc887162.txt,spinach
train,raw/emam_v14/train/images/Image_55_jpg.rf.face9d9cb1bef92bc7366684951caf44.jpg,raw/emam_v14/train/labels/Image_55_jpg.rf.face9d9cb1bef92bc7366684951caf44.txt,chillipepper
train,raw/emam_v14/train/images/Image_55_jpg.rf.fbb9a54aa6eb863e27ba385adb03c3bd.jpg,raw/emam_v14/train/labels/Image_55_jpg.rf.fbb9a54aa6eb863e27ba385adb03c3bd.txt,beetroot
train,raw/emam_v14/train/images/Image_55_png_jpg.rf.507c3920e5c7d8cff0f053ccda1c6ee1.jpg,raw/emam_v14/train/labels/Image_55_png_jpg.rf.507c3920e5c7d8cff0f053ccda1c6ee1.txt,sweetcorn
train,raw/emam_v14/train/images/Image_55_png_jpg.rf.6862b2a08f6319e0195842f7ca9b5cd9.jpg,raw/emam_v14/train/labels/Image_55_png_jpg.rf.6862b2a08f6319e0195842f7ca9b5cd9.txt,sweetcorn
train,raw/emam_v14/train/images/Image_55_png_jpg.rf.f243c9242a7578221aa16687963eebe3.jpg,raw/emam_v14/train/labels/Image_55_png_jpg.rf.f243c9242a7578221aa16687963eebe3.txt,sweetcorn
train,raw/emam_v14/train/images/Image_56_jpeg_jpg.rf.2920ff336c15936a0d335bb639a301f2.jpg,raw/emam_v14/train/labels/Image_56_jpeg_jpg.rf.2920ff336c15936a0d335bb639a301f2.txt,garlic
train,raw/emam_v14/train/images/Image_56_jpeg_jpg.rf.65646b559b6d6b0e6a74365df691a565.jpg,raw/emam_v14/train/labels/Image_56_jpeg_jpg.rf.65646b559b6d6b0e6a74365df691a565.txt,ladyfinger
train,raw/emam_v14/train/images/Image_56_jpeg_jpg.rf.902597beeb1e723ae74179f6443df064.jpg,raw/emam_v14/train/labels/Image_56_jpeg_jpg.rf.902597beeb1e723ae74179f6443df064.txt,ladyfinger
train,raw/emam_v14/train/images/Image_56_jpeg_jpg.rf.c1e60757dbda84ac429865e7b4774184.jpg,raw/emam_v14/train/labels/Image_56_jpeg_jpg.rf.c1e60757dbda84ac429865e7b4774184.txt,garlic
train,raw/emam_v14/train/images/Image_56_jpeg_jpg.rf.d9b3a4bd85638fb4fcc2b64a77c506ab.jpg,raw/emam_v14/train/labels/Image_56_jpeg_jpg.rf.d9b3a4bd85638fb4fcc2b64a77c506ab.txt,garlic
train,raw/emam_v14/train/images/Image_56_jpeg_jpg.rf.f00aa8817e36030f671a768f7c93a7d4.jpg,raw/emam_v14/train/labels/Image_56_jpeg_jpg.rf.f00aa8817e36030f671a768f7c93a7d4.txt,ladyfinger
train,raw/emam_v14/train/images/Image_56_jpg.rf.0c06f57fe3874bc2736a9a0e544da42c.jpg,raw/emam_v14/train/labels/Image_56_jpg.rf.0c06f57fe3874bc2736a9a0e544da42c.txt,cucumber
train,raw/emam_v14/train/images/Image_56_jpg.rf.0cf9d84ba00b0b01e64e971187cec7b5.jpg,raw/emam_v14/train/labels/Image_56_jpg.rf.0cf9d84ba00b0b01e64e971187cec7b5.txt,bellpepper
train,raw/emam_v14/train/images/Image_56_jpg.rf.13288543cfeabc7e8d3be9caf8284e70.jpg,raw/emam_v14/train/labels/Image_56_jpg.rf.13288543cfeabc7e8d3be9caf8284e70.txt,radish
train,raw/emam_v14/train/images/Image_56_jpg.rf.1c8a106df7c1ecb50fc9e57ceada2cd8.jpg,raw/emam_v14/train/labels/Image_56_jpg.rf.1c8a106df7c1ecb50fc9e57ceada2cd8.txt,beetroot
train,raw/emam_v14/train/images/Image_56_jpg.rf.1d2d43ed6159f91933cb8233cfa86e50.jpg,raw/emam_v14/train/labels/Image_56_jpg.rf.1d2d43ed6159f91933cb8233cfa86e50.txt,potato
train,raw/emam_v14/train/images/Image_56_jpg.rf.1d8cb53531fc54ebff2744cd58cd33fb.jpg,raw/emam_v14/train/labels/Image_56_jpg.rf.1d8cb53531fc54ebff2744cd58cd33fb.txt,cucumber
train,raw/emam_v14/train/images/Image_56_jpg.rf.2141a334ad816a593011aee2e93a605e.jpg,raw/emam_v14/train/labels/Image_56_jpg.rf.2141a334ad816a593011aee2e93a605e.txt,carrot
train,raw/emam_v14/train/images/Image_56_jpg.rf.261b192c957d6d7e7bea27c87cbcfd9c.jpg,raw/emam_v14/train/labels/Image_56_jpg.rf.261b192c957d6d7e7bea27c87cbcfd9c.txt,tomato
train,raw/emam_v14/train/images/Image_56_jpg.rf.27e6bae876b46f29e25b4707d13e41ce.jpg,raw/emam_v14/train/labels/Image_56_jpg.rf.27e6bae876b46f29e25b4707d13e41ce.txt,onion
train,raw/emam_v14/train/images/Image_56_jpg.rf.34ac347be42a16e50d856af4a5808045.jpg,raw/emam_v14/train/labels/Image_56_jpg.rf.34ac347be42a16e50d856af4a5808045.txt,cucumber
train,raw/emam_v14/train/images/Image_56_jpg.rf.41c12412e31e65fac30b05f5a91c5595.jpg,raw/emam_v14/train/labels/Image_56_jpg.rf.41c12412e31e65fac30b05f5a91c5595.txt,chillipepper
train,raw/emam_v14/train/images/Image_56_jpg.rf.59d98fc3d017154b8a01453c961bdaf3.jpg,raw/emam_v14/train/labels/Image_56_jpg.rf.59d98fc3d017154b8a01453c961bdaf3.txt,cabbage
train,raw/emam_v14/train/images/Image_56_jpg.rf.5d57c8b0fe87ce8c4ad6c6a02e8f94e7.jpg,raw/emam_v14/train/labels/Image_56_jpg.rf.5d57c8b0fe87ce8c4ad6c6a02e8f94e7.txt,turnip
train,raw/emam_v14/train/images/Image_56_jpg.rf.5f7555d7169c50276960721829701696.jpg,raw/emam_v14/train/labels/Image_56_jpg.rf.5f7555d7169c50276960721829701696.txt,tomato
train,raw/emam_v14/train/images/Image_56_jpg.rf.65ddb6c7302e4f593941aae110672156.jpg,raw/emam_v14/train/labels/Image_56_jpg.rf.65ddb6c7302e4f593941aae110672156.txt,peas
train,raw/emam_v14/train/images/Image_56_jpg.rf.69d0b01c131a3d13b2ed68398a7145bf.jpg,raw/emam_v14/train/labels/Image_56_jpg.rf.69d0b01c131a3d13b2ed68398a7145bf.txt,radish
train,raw/emam_v14/train/images/Image_56_jpg.rf.72ee4a2f3edb47a1cd2e10a7f63c6e63.jpg,raw/emam_v14/train/labels/Image_56_jpg.rf.72ee4a2f3edb47a1cd2e10a7f63c6e63.txt,onion
train,raw/emam_v14/train/images/Image_56_jpg.rf.89c2e698e507555001586df92d56579c.jpg,raw/emam_v14/train/labels/Image_56_jpg.rf.89c2e698e507555001586df92d56579c.txt,potato
train,raw/emam_v14/train/images/Image_56_jpg.rf.9ea3d85f8098efdacc402dec2611bc81.jpg,raw/emam_v14/train/labels/Image_56_jpg.rf.9ea3d85f8098efdacc402dec2611bc81.txt,bellpepper
train,raw/emam_v14/train/images/Image_56_jpg.rf.a5b8b44332c307b2feb7bf483fa627f5.jpg,raw/emam_v14/train/labels/Image_56_jpg.rf.a5b8b44332c307b2feb7bf483fa627f5.txt,beetroot
train,raw/emam_v14/train/images/Image_56_jpg.rf.ab7ab34bb1fecae70aff8cc285dc3ffc.jpg,raw/emam_v14/train/labels/Image_56_jpg.rf.ab7ab34bb1fecae70aff8cc285dc3ffc.txt,chillipepper
train,raw/emam_v14/train/images/Image_56_jpg.rf.af9cd2f2b04e1d10c391bfba70c5366b.jpg,raw/emam_v14/train/labels/Image_56_jpg.rf.af9cd2f2b04e1d10c391bfba70c5366b.txt,chillipepper
train,raw/emam_v14/train/images/Image_56_jpg.rf.b34ac144e29b21714c37f8fdbc230216.jpg,raw/emam_v14/train/labels/Image_56_jpg.rf.b34ac144e29b21714c37f8fdbc230216.txt,beetroot
train,raw/emam_v14/train/images/Image_56_jpg.rf.bd6c1ed409be6fe4b10adba978489884.jpg,raw/emam_v14/train/labels/Image_56_jpg.rf.bd6c1ed409be6fe4b10adba978489884.txt,onion
train,raw/emam_v14/train/images/Image_56_jpg.rf.bdf8fd5db8d502e147788def4f79e121.jpg,raw/emam_v14/train/labels/Image_56_jpg.rf.bdf8fd5db8d502e147788def4f79e121.txt,carrot
train,raw/emam_v14/train/images/Image_56_jpg.rf.c2464b636a2a12f041fd4db712c753f2.jpg,raw/emam_v14/train/labels/Image_56_jpg.rf.c2464b636a2a12f041fd4db712c753f2.txt,cabbage
train,raw/emam_v14/train/images/Image_56_jpg.rf.c6f831bafa4a411bb74a46cabcf1834b.jpg,raw/emam_v14/train/labels/Image_56_jpg.rf.c6f831bafa4a411bb74a46cabcf1834b.txt,carrot
train,raw/emam_v14/train/images/Image_56_jpg.rf.d1e7378f456e4016b92eaa21238daae3.jpg,raw/emam_v14/train/labels/Image_56_jpg.rf.d1e7378f456e4016b92eaa21238daae3.txt,bellpepper
train,raw/emam_v14/train/images/Image_56_jpg.rf.d3a2047c1ecfdd250b372682be7ed732.jpg,raw/emam_v14/train/labels/Image_56_jpg.rf.d3a2047c1ecfdd250b372682be7ed732.txt,peas
train,raw/emam_v14/train/images/Image_56_jpg.rf.dc839b5edfcf5eaf8b29e6de65f257c1.jpg,raw/emam_v14/train/labels/Image_56_jpg.rf.dc839b5edfcf5eaf8b29e6de65f257c1.txt,turnip
train,raw/emam_v14/train/images/Image_56_jpg.rf.de02dd4743d1f7bc0762a2ac7f128864.jpg,raw/emam_v14/train/labels/Image_56_jpg.rf.de02dd4743d1f7bc0762a2ac7f128864.txt,peas
train,raw/emam_v14/train/images/Image_56_jpg.rf.e1fd2bfeae45e0c032b4a0fa6118cdcc.jpg,raw/emam_v14/train/labels/Image_56_jpg.rf.e1fd2bfeae45e0c032b4a0fa6118cdcc.txt,cabbage
train,raw/emam_v14/train/images/Image_56_jpg.rf.ea4608c3c90a6e1797ad9aa70831d8d1.jpg,raw/emam_v14/train/labels/Image_56_jpg.rf.ea4608c3c90a6e1797ad9aa70831d8d1.txt,tomato
train,raw/emam_v14/train/images/Image_56_jpg.rf.ee13a76b12c00a1e7e86de864ed0e5cd.jpg,raw/emam_v14/train/labels/Image_56_jpg.rf.ee13a76b12c00a1e7e86de864ed0e5cd.txt,potato
train,raw/emam_v14/train/images/Image_56_jpg.rf.f4071481d260a21062a1c91f86bbbfb7.jpg,raw/emam_v14/train/labels/Image_56_jpg.rf.f4071481d260a21062a1c91f86bbbfb7.txt,radish
train,raw/emam_v14/train/images/Image_56_jpg.rf.f5511696300c05aea6ed512cbadcf5f1.jpg,raw/emam_v14/train/labels/Image_56_jpg.rf.f5511696300c05aea6ed512cbadcf5f1.txt,turnip
train,raw/emam_v14/train/images/Image_57_jpeg_jpg.rf.7e60b6af14566c841e5b74ddbf07801a.jpg,raw/emam_v14/train/labels/Image_57_jpeg_jpg.rf.7e60b6af14566c841e5b74ddbf07801a.txt,ladyfinger
train,raw/emam_v14/train/images/Image_57_jpeg_jpg.rf.e1fa74e5cef6b23a212a617cdb151478.jpg,raw/emam_v14/train/labels/Image_57_jpeg_jpg.rf.e1fa74e5cef6b23a212a617cdb151478.txt,ladyfinger
train,raw/emam_v14/train/images/Image_57_jpeg_jpg.rf.f11595f12e6f62680f92874cf46a1672.jpg,raw/emam_v14/train/labels/Image_57_jpeg_jpg.rf.f11595f12e6f62680f92874cf46a1672.txt,ladyfinger
train,raw/emam_v14/train/images/Image_57_jpg.rf.005ceaef597c09227f94010ce8c95306.jpg,raw/emam_v14/train/labels/Image_57_jpg.rf.005ceaef597c09227f94010ce8c95306.txt,lemon
train,raw/emam_v14/train/images/Image_57_jpg.rf.0bedc6d3b3263c4ba5e038cfd2499390.jpg,raw/emam_v14/train/labels/Image_57_jpg.rf.0bedc6d3b3263c4ba5e038cfd2499390.txt,potato
train,raw/emam_v14/train/images/Image_57_jpg.rf.0f10060d4591fc1ee5c6d330d6eb310c.jpg,raw/emam_v14/train/labels/Image_57_jpg.rf.0f10060d4591fc1ee5c6d330d6eb310c.txt,cabbage
train,raw/emam_v14/train/images/Image_57_jpg.rf.145cd58e7aa77f11d6790179eeca7df0.jpg,raw/emam_v14/train/labels/Image_57_jpg.rf.145cd58e7aa77f11d6790179eeca7df0.txt,bellpepper
train,raw/emam_v14/train/images/Image_57_jpg.rf.150c7a3861600b5c9c81cfae43bb2b81.jpg,raw/emam_v14/train/labels/Image_57_jpg.rf.150c7a3861600b5c9c81cfae43bb2b81.txt,bellpepper
train,raw/emam_v14/train/images/Image_57_jpg.rf.1ccc06466a36d9bb186937af706beb3f.jpg,raw/emam_v14/train/labels/Image_57_jpg.rf.1ccc06466a36d9bb186937af706beb3f.txt,cabbage
train,raw/emam_v14/train/images/Image_57_jpg.rf.2545490fcf5527b98780db4da2fec901.jpg,raw/emam_v14/train/labels/Image_57_jpg.rf.2545490fcf5527b98780db4da2fec901.txt,lettuce
train,raw/emam_v14/train/images/Image_57_jpg.rf.368b8b5e4df2e6d3785e9a7e8c6a644f.jpg,raw/emam_v14/train/labels/Image_57_jpg.rf.368b8b5e4df2e6d3785e9a7e8c6a644f.txt,chillipepper
train,raw/emam_v14/train/images/Image_57_jpg.rf.3da3b448f894b092da1f4fd9c5ad05a1.jpg,raw/emam_v14/train/labels/Image_57_jpg.rf.3da3b448f894b092da1f4fd9c5ad05a1.txt,lettuce
train,raw/emam_v14/train/images/Image_57_jpg.rf.40ff16c3754178a50ce3ae18539e06c4.jpg,raw/emam_v14/train/labels/Image_57_jpg.rf.40ff16c3754178a50ce3ae18539e06c4.txt,bellpepper
train,raw/emam_v14/train/images/Image_57_jpg.rf.41c2356f43aa3ca1588762a71e75a1f5.jpg,raw/emam_v14/train/labels/Image_57_jpg.rf.41c2356f43aa3ca1588762a71e75a1f5.txt,bellpepper
train,raw/emam_v14/train/images/Image_57_jpg.rf.524a1758b7b10466334d2c8dc54de934.jpg,raw/emam_v14/train/labels/Image_57_jpg.rf.524a1758b7b10466334d2c8dc54de934.txt,potato
train,raw/emam_v14/train/images/Image_57_jpg.rf.5b3e17fcc3bde619b6aa6188b569bc87.jpg,raw/emam_v14/train/labels/Image_57_jpg.rf.5b3e17fcc3bde619b6aa6188b569bc87.txt,corn
train,raw/emam_v14/train/images/Image_57_jpg.rf.5c6af8662f4cf451397a2a9b3cb40d35.jpg,raw/emam_v14/train/labels/Image_57_jpg.rf.5c6af8662f4cf451397a2a9b3cb40d35.txt,lettuce
train,raw/emam_v14/train/images/Image_57_jpg.rf.674f02c6700bfad25a793c0e16235028.jpg,raw/emam_v14/train/labels/Image_57_jpg.rf.674f02c6700bfad25a793c0e16235028.txt,turnip
train,raw/emam_v14/train/images/Image_57_jpg.rf.695aa0476bd16c9b49183f28c4c5da33.jpg,raw/emam_v14/train/labels/Image_57_jpg.rf.695aa0476bd16c9b49183f28c4c5da33.txt,lemon
train,raw/emam_v14/train/images/Image_57_jpg.rf.69b9ae7cac378e1d1dfbc674c872aa65.jpg,raw/emam_v14/train/labels/Image_57_jpg.rf.69b9ae7cac378e1d1dfbc674c872aa65.txt,corn
train,raw/emam_v14/train/images/Image_57_jpg.rf.850c38684fcb3626bec5226465ace8de.jpg,raw/emam_v14/train/labels/Image_57_jpg.rf.850c38684fcb3626bec5226465ace8de.txt,cauliflower
train,raw/emam_v14/train/images/Image_57_jpg.rf.8ddd4511cc08bec8b76a090225c591ab.jpg,raw/emam_v14/train/labels/Image_57_jpg.rf.8ddd4511cc08bec8b76a090225c591ab.txt,turnip
train,raw/emam_v14/train/images/Image_57_jpg.rf.946851b6401761c66b83d69eb526332e.jpg,raw/emam_v14/train/labels/Image_57_jpg.rf.946851b6401761c66b83d69eb526332e.txt,potato
train,raw/emam_v14/train/images/Image_57_jpg.rf.9819e73c636c78a636d4df34d6e81d4e.jpg,raw/emam_v14/train/labels/Image_57_jpg.rf.9819e73c636c78a636d4df34d6e81d4e.txt,cauliflower
train,raw/emam_v14/train/images/Image_57_jpg.rf.a514bef66df379260fecab3a69ed0e23.jpg,raw/emam_v14/train/labels/Image_57_jpg.rf.a514bef66df379260fecab3a69ed0e23.txt,turnip
train,raw/emam_v14/train/images/Image_57_jpg.rf.a92b47f5ac103dff0d8b33a142bdef3a.jpg,raw/emam_v14/train/labels/Image_57_jpg.rf.a92b47f5ac103dff0d8b33a142bdef3a.txt,chillipepper
train,raw/emam_v14/train/images/Image_57_jpg.rf.ab88989a39c16c044d294e0d1decc2b2.jpg,raw/emam_v14/train/labels/Image_57_jpg.rf.ab88989a39c16c044d294e0d1decc2b2.txt,chillipepper
train,raw/emam_v14/train/images/Image_57_jpg.rf.b0512ad505fa4b11a0d3d4fb99ea87f6.jpg,raw/emam_v14/train/labels/Image_57_jpg.rf.b0512ad505fa4b11a0d3d4fb99ea87f6.txt,bellpepper
train,raw/emam_v14/train/images/Image_57_jpg.rf.b29b7cb4d38a4ba1d657ba2714a78c1b.jpg,raw/emam_v14/train/labels/Image_57_jpg.rf.b29b7cb4d38a4ba1d657ba2714a78c1b.txt,corn
train,raw/emam_v14/train/images/Image_57_jpg.rf.c7100ceab3bf5a080ae4868b165f7a46.jpg,raw/emam_v14/train/labels/Image_57_jpg.rf.c7100ceab3bf5a080ae4868b165f7a46.txt,cauliflower
train,raw/emam_v14/train/images/Image_57_jpg.rf.cd8b03473679d18e34401dbf5adae5f1.jpg,raw/emam_v14/train/labels/Image_57_jpg.rf.cd8b03473679d18e34401dbf5adae5f1.txt,cabbage
train,raw/emam_v14/train/images/Image_57_jpg.rf.df7745f5d37ea715902f1f7740190594.jpg,raw/emam_v14/train/labels/Image_57_jpg.rf.df7745f5d37ea715902f1f7740190594.txt,lemon
train,raw/emam_v14/train/images/Image_57_jpg.rf.ee08a7d4dc60806f080b10ec0c9a30a5.jpg,raw/emam_v14/train/labels/Image_57_jpg.rf.ee08a7d4dc60806f080b10ec0c9a30a5.txt,bellpepper
train,raw/emam_v14/train/images/Image_58_jpeg_jpg.rf.627c02726131272e5f0a1c07f370c8a4.jpg,raw/emam_v14/train/labels/Image_58_jpeg_jpg.rf.627c02726131272e5f0a1c07f370c8a4.txt,ladyfinger
train,raw/emam_v14/train/images/Image_58_jpeg_jpg.rf.b469d358b2007d6c205da19bfc32e72d.jpg,raw/emam_v14/train/labels/Image_58_jpeg_jpg.rf.b469d358b2007d6c205da19bfc32e72d.txt,ladyfinger
train,raw/emam_v14/train/images/Image_58_jpeg_jpg.rf.e96f63e6d2af5b0264357946a9c2a140.jpg,raw/emam_v14/train/labels/Image_58_jpeg_jpg.rf.e96f63e6d2af5b0264357946a9c2a140.txt,ladyfinger
train,raw/emam_v14/train/images/Image_58_jpg.rf.01174017b2087dbf591748bfc16225be.jpg,raw/emam_v14/train/labels/Image_58_jpg.rf.01174017b2087dbf591748bfc16225be.txt,eggplant
train,raw/emam_v14/train/images/Image_58_jpg.rf.055369132a793c80b81938b595d5744a.jpg,raw/emam_v14/train/labels/Image_58_jpg.rf.055369132a793c80b81938b595d5744a.txt,cucumber
train,raw/emam_v14/train/images/Image_58_jpg.rf.0aca23fb1df9185c258bb4f1b977fbcd.jpg,raw/emam_v14/train/labels/Image_58_jpg.rf.0aca23fb1df9185c258bb4f1b977fbcd.txt,eggplant
train,raw/emam_v14/train/images/Image_58_jpg.rf.14e4dcd25429eeac0fe059bc56a9c632.jpg,raw/emam_v14/train/labels/Image_58_jpg.rf.14e4dcd25429eeac0fe059bc56a9c632.txt,turnip
train,raw/emam_v14/train/images/Image_58_jpg.rf.1cfeb098bcada461b1517024784211be.jpg,raw/emam_v14/train/labels/Image_58_jpg.rf.1cfeb098bcada461b1517024784211be.txt,turnip
train,raw/emam_v14/train/images/Image_58_jpg.rf.1f431469e6f520a91777df0ac84a73ed.jpg,raw/emam_v14/train/labels/Image_58_jpg.rf.1f431469e6f520a91777df0ac84a73ed.txt,onion
train,raw/emam_v14/train/images/Image_58_jpg.rf.22d573d1c8767651002c41afe8c8cf1e.jpg,raw/emam_v14/train/labels/Image_58_jpg.rf.22d573d1c8767651002c41afe8c8cf1e.txt,peas
train,raw/emam_v14/train/images/Image_58_jpg.rf.2354413bbfb0e1b4deed2e687ce95d28.jpg,raw/emam_v14/train/labels/Image_58_jpg.rf.2354413bbfb0e1b4deed2e687ce95d28.txt,beetroot
train,raw/emam_v14/train/images/Image_58_jpg.rf.3d31c1e647f0f06765bcc43ab6749e67.jpg,raw/emam_v14/train/labels/Image_58_jpg.rf.3d31c1e647f0f06765bcc43ab6749e67.txt,jalapeno
train,raw/emam_v14/train/images/Image_58_jpg.rf.4202bc96152e590e5917a3c81e90ec4d.jpg,raw/emam_v14/train/labels/Image_58_jpg.rf.4202bc96152e590e5917a3c81e90ec4d.txt,beetroot
train,raw/emam_v14/train/images/Image_58_jpg.rf.4e406a64f1f3c6c4811980e7ef34b3df.jpg,raw/emam_v14/train/labels/Image_58_jpg.rf.4e406a64f1f3c6c4811980e7ef34b3df.txt,corn
train,raw/emam_v14/train/images/Image_58_jpg.rf.58a114704f79c8a5a9d19093799d8255.jpg,raw/emam_v14/train/labels/Image_58_jpg.rf.58a114704f79c8a5a9d19093799d8255.txt,jalapeno
train,raw/emam_v14/train/images/Image_58_jpg.rf.5dec1663d9b3358475372b93203785c6.jpg,raw/emam_v14/train/labels/Image_58_jpg.rf.5dec1663d9b3358475372b93203785c6.txt,potato
train,raw/emam_v14/train/images/Image_58_jpg.rf.633efb248f89f8eb9d39b310f6805d44.jpg,raw/emam_v14/train/labels/Image_58_jpg.rf.633efb248f89f8eb9d39b310f6805d44.txt,tomato
train,raw/emam_v14/train/images/Image_58_jpg.rf.6d4a76268b4098dddf855473173557f7.jpg,raw/emam_v14/train/labels/Image_58_jpg.rf.6d4a76268b4098dddf855473173557f7.txt,tomato
train,raw/emam_v14/train/images/Image_58_jpg.rf.754c145fa1e7f7d6060a5512736ed02a.jpg,raw/emam_v14/train/labels/Image_58_jpg.rf.754c145fa1e7f7d6060a5512736ed02a.txt,beetroot
train,raw/emam_v14/train/images/Image_58_jpg.rf.87daa5392ea11127f91effde50057c58.jpg,raw/emam_v14/train/labels/Image_58_jpg.rf.87daa5392ea11127f91effde50057c58.txt,lemon
train,raw/emam_v14/train/images/Image_58_jpg.rf.929d46f4f79ae837523450c7acd812d5.jpg,raw/emam_v14/train/labels/Image_58_jpg.rf.929d46f4f79ae837523450c7acd812d5.txt,sweetcorn
train,raw/emam_v14/train/images/Image_58_jpg.rf.96641bffc595ab3843d5da3a0637c935.jpg,raw/emam_v14/train/labels/Image_58_jpg.rf.96641bffc595ab3843d5da3a0637c935.txt,cucumber
train,raw/emam_v14/train/images/Image_58_jpg.rf.9808f297d11fd35e8fb963f5a3771582.jpg,raw/emam_v14/train/labels/Image_58_jpg.rf.9808f297d11fd35e8fb963f5a3771582.txt,onion
train,raw/emam_v14/train/images/Image_58_jpg.rf.9cb344734e873ff6c855482834d118f2.jpg,raw/emam_v14/train/labels/Image_58_jpg.rf.9cb344734e873ff6c855482834d118f2.txt,lemon
train,raw/emam_v14/train/images/Image_58_jpg.rf.9d46304a2a9440add6d0f8cd08515d9a.jpg,raw/emam_v14/train/labels/Image_58_jpg.rf.9d46304a2a9440add6d0f8cd08515d9a.txt,corn
train,raw/emam_v14/train/images/Image_58_jpg.rf.b14cd61521499f0992e06be25ce4554b.jpg,raw/emam_v14/train/labels/Image_58_jpg.rf.b14cd61521499f0992e06be25ce4554b.txt,onion
train,raw/emam_v14/train/images/Image_58_jpg.rf.b6c2fe55fdbc75fb9883124d312913c9.jpg,raw/emam_v14/train/labels/Image_58_jpg.rf.b6c2fe55fdbc75fb9883124d312913c9.txt,sweetcorn
train,raw/emam_v14/train/images/Image_58_jpg.rf.b854d63418d90a43765a2ec5c75ba86d.jpg,raw/emam_v14/train/labels/Image_58_jpg.rf.b854d63418d90a43765a2ec5c75ba86d.txt,peas
train,raw/emam_v14/train/images/Image_58_jpg.rf.b93fe77aae8c4c1cf0a69711375752cc.jpg,raw/emam_v14/train/labels/Image_58_jpg.rf.b93fe77aae8c4c1cf0a69711375752cc.txt,potato
train,raw/emam_v14/train/images/Image_58_jpg.rf.c1b9c4872687f508242a0aa532f1ee6f.jpg,raw/emam_v14/train/labels/Image_58_jpg.rf.c1b9c4872687f508242a0aa532f1ee6f.txt,corn
train,raw/emam_v14/train/images/Image_58_jpg.rf.cd0d1237f698308faead0d110b5c07bb.jpg,raw/emam_v14/train/labels/Image_58_jpg.rf.cd0d1237f698308faead0d110b5c07bb.txt,jalapeno
train,raw/emam_v14/train/images/Image_58_jpg.rf.cfc2ceb30faf6757bf9c17aa3f8cf3db.jpg,raw/emam_v14/train/labels/Image_58_jpg.rf.cfc2ceb30faf6757bf9c17aa3f8cf3db.txt,turnip
train,raw/emam_v14/train/images/Image_58_jpg.rf.d4b448f5440aab395d1cf561fa51a964.jpg,raw/emam_v14/train/labels/Image_58_jpg.rf.d4b448f5440aab395d1cf561fa51a964.txt,lemon
train,raw/emam_v14/train/images/Image_58_jpg.rf.e42b710b0110b19f32eac81abec30f5f.jpg,raw/emam_v14/train/labels/Image_58_jpg.rf.e42b710b0110b19f32eac81abec30f5f.txt,potato
train,raw/emam_v14/train/images/Image_58_jpg.rf.e9dc1872d1a70985fa9d0d0fba0a7735.jpg,raw/emam_v14/train/labels/Image_58_jpg.rf.e9dc1872d1a70985fa9d0d0fba0a7735.txt,cucumber
train,raw/emam_v14/train/images/Image_58_jpg.rf.ea9d3468748b67d0499ce518dca36feb.jpg,raw/emam_v14/train/labels/Image_58_jpg.rf.ea9d3468748b67d0499ce518dca36feb.txt,peas
train,raw/emam_v14/train/images/Image_58_jpg.rf.ed603fee9b85894fe014a954d9eb12f0.jpg,raw/emam_v14/train/labels/Image_58_jpg.rf.ed603fee9b85894fe014a954d9eb12f0.txt,tomato
train,raw/emam_v14/train/images/Image_58_jpg.rf.f527e0566e696ba5b98fc623aa891a05.jpg,raw/emam_v14/train/labels/Image_58_jpg.rf.f527e0566e696ba5b98fc623aa891a05.txt,eggplant
train,raw/emam_v14/train/images/Image_58_jpg.rf.f6ae8ec71f8a0860e47ad47fc2d645a4.jpg,raw/emam_v14/train/labels/Image_58_jpg.rf.f6ae8ec71f8a0860e47ad47fc2d645a4.txt,sweetcorn
train,raw/emam_v14/train/images/Image_59_jpg.rf.0637ebc0a16b0bce8cefc4a839f72a3f.jpg,raw/emam_v14/train/labels/Image_59_jpg.rf.0637ebc0a16b0bce8cefc4a839f72a3f.txt,cauliflower
train,raw/emam_v14/train/images/Image_59_jpg.rf.0e89409e50c9d46db431bea1604f4470.jpg,raw/emam_v14/train/labels/Image_59_jpg.rf.0e89409e50c9d46db431bea1604f4470.txt,cabbage
train,raw/emam_v14/train/images/Image_59_jpg.rf.11620937c2f7699f4cf074bb730356a8.jpg,raw/emam_v14/train/labels/Image_59_jpg.rf.11620937c2f7699f4cf074bb730356a8.txt,corn
train,raw/emam_v14/train/images/Image_59_jpg.rf.18f7db2741a5e52741982bd6501d2c68.jpg,raw/emam_v14/train/labels/Image_59_jpg.rf.18f7db2741a5e52741982bd6501d2c68.txt,cabbage
train,raw/emam_v14/train/images/Image_59_jpg.rf.2cdac2e88290161baa59329d86682939.jpg,raw/emam_v14/train/labels/Image_59_jpg.rf.2cdac2e88290161baa59329d86682939.txt,turnip
train,raw/emam_v14/train/images/Image_59_jpg.rf.376e987054269a85d7d3172b071fca81.jpg,raw/emam_v14/train/labels/Image_59_jpg.rf.376e987054269a85d7d3172b071fca81.txt,turnip
train,raw/emam_v14/train/images/Image_59_jpg.rf.509a8a8f5fd2d4e3038284bb0de8b403.jpg,raw/emam_v14/train/labels/Image_59_jpg.rf.509a8a8f5fd2d4e3038284bb0de8b403.txt,chillipepper
train,raw/emam_v14/train/images/Image_59_jpg.rf.5834821665ec71c181d055a0b0f4db7e.jpg,raw/emam_v14/train/labels/Image_59_jpg.rf.5834821665ec71c181d055a0b0f4db7e.txt,cabbage
train,raw/emam_v14/train/images/Image_59_jpg.rf.5d8b59e3014820349e66054c4adcd0bb.jpg,raw/emam_v14/train/labels/Image_59_jpg.rf.5d8b59e3014820349e66054c4adcd0bb.txt,peas
train,raw/emam_v14/train/images/Image_59_jpg.rf.6473c1e56d32cc406df3584223fc3a09.jpg,raw/emam_v14/train/labels/Image_59_jpg.rf.6473c1e56d32cc406df3584223fc3a09.txt,carrot
train,raw/emam_v14/train/images/Image_59_jpg.rf.71166098bc2395675aead38b2a03b02e.jpg,raw/emam_v14/train/labels/Image_59_jpg.rf.71166098bc2395675aead38b2a03b02e.txt,peas
train,raw/emam_v14/train/images/Image_59_jpg.rf.7d5d093cede96df25e55aed1a33a034c.jpg,raw/emam_v14/train/labels/Image_59_jpg.rf.7d5d093cede96df25e55aed1a33a034c.txt,tomato
train,raw/emam_v14/train/images/Image_59_jpg.rf.85080b49f12376dd84a09873d301a612.jpg,raw/emam_v14/train/labels/Image_59_jpg.rf.85080b49f12376dd84a09873d301a612.txt,tomato
train,raw/emam_v14/train/images/Image_59_jpg.rf.9394adbe26cff4cb337046080737d484.jpg,raw/emam_v14/train/labels/Image_59_jpg.rf.9394adbe26cff4cb337046080737d484.txt,corn
train,raw/emam_v14/train/images/Image_59_jpg.rf.a22194bde1387ec26e45d50919addeab.jpg,raw/emam_v14/train/labels/Image_59_jpg.rf.a22194bde1387ec26e45d50919addeab.txt,jalapeno
train,raw/emam_v14/train/images/Image_59_jpg.rf.b2af8fed224d33f9d905ce07adbb7e70.jpg,raw/emam_v14/train/labels/Image_59_jpg.rf.b2af8fed224d33f9d905ce07adbb7e70.txt,corn
train,raw/emam_v14/train/images/Image_59_jpg.rf.b5f767bb0a53a055a61dc20be26d991a.jpg,raw/emam_v14/train/labels/Image_59_jpg.rf.b5f767bb0a53a055a61dc20be26d991a.txt,carrot
train,raw/emam_v14/train/images/Image_59_jpg.rf.b6ce578468255b9575866f058c992861.jpg,raw/emam_v14/train/labels/Image_59_jpg.rf.b6ce578468255b9575866f058c992861.txt,carrot
train,raw/emam_v14/train/images/Image_59_jpg.rf.b8c1d508b027016e78fce813f7066c2a.jpg,raw/emam_v14/train/labels/Image_59_jpg.rf.b8c1d508b027016e78fce813f7066c2a.txt,jalapeno
train,raw/emam_v14/train/images/Image_59_jpg.rf.bc39164ca8479e5b52b09edacf4a9d08.jpg,raw/emam_v14/train/labels/Image_59_jpg.rf.bc39164ca8479e5b52b09edacf4a9d08.txt,turnip
train,raw/emam_v14/train/images/Image_59_jpg.rf.c248ca4e86b4c428008cdf0b39b11dc8.jpg,raw/emam_v14/train/labels/Image_59_jpg.rf.c248ca4e86b4c428008cdf0b39b11dc8.txt,jalapeno
train,raw/emam_v14/train/images/Image_59_jpg.rf.c3db3cedcf852abb4626e7fb2961c818.jpg,raw/emam_v14/train/labels/Image_59_jpg.rf.c3db3cedcf852abb4626e7fb2961c818.txt,cauliflower
train,raw/emam_v14/train/images/Image_59_jpg.rf.c5376d0c68bd80e7e6c27a68cbf6ff8b.jpg,raw/emam_v14/train/labels/Image_59_jpg.rf.c5376d0c68bd80e7e6c27a68cbf6ff8b.txt,tomato
train,raw/emam_v14/train/images/Image_59_jpg.rf.e8d3b453b7177b20a77643f1eee62acb.jpg,raw/emam_v14/train/labels/Image_59_jpg.rf.e8d3b453b7177b20a77643f1eee62acb.txt,cauliflower
train,raw/emam_v14/train/images/Image_59_jpg.rf.e9de9314653a1c1310a0794f53fd3120.jpg,raw/emam_v14/train/labels/Image_59_jpg.rf.e9de9314653a1c1310a0794f53fd3120.txt,peas
train,raw/emam_v14/train/images/Image_59_jpg.rf.ee59b392f138ab4adce202f3f581c46c.jpg,raw/emam_v14/train/labels/Image_59_jpg.rf.ee59b392f138ab4adce202f3f581c46c.txt,chillipepper
train,raw/emam_v14/train/images/Image_59_jpg.rf.f9101913297807968ed919720be75383.jpg,raw/emam_v14/train/labels/Image_59_jpg.rf.f9101913297807968ed919720be75383.txt,chillipepper
train,raw/emam_v14/train/images/Image_5_JPG_jpg.rf.64a7c95aa1a0c2e1313789cb81c7fc08.jpg,raw/emam_v14/train/labels/Image_5_JPG_jpg.rf.64a7c95aa1a0c2e1313789cb81c7fc08.txt,cauliflower
train,raw/emam_v14/train/images/Image_5_JPG_jpg.rf.7505abadb4ff9c138266ad13b2c981aa.jpg,raw/emam_v14/train/labels/Image_5_JPG_jpg.rf.7505abadb4ff9c138266ad13b2c981aa.txt,potato
train,raw/emam_v14/train/images/Image_5_JPG_jpg.rf.ac8823f0fb924b6f3c35f6f764b9ef8c.jpg,raw/emam_v14/train/labels/Image_5_JPG_jpg.rf.ac8823f0fb924b6f3c35f6f764b9ef8c.txt,cauliflower
train,raw/emam_v14/train/images/Image_5_JPG_jpg.rf.cbcc7a54483053b99fa9736d907ccad5.jpg,raw/emam_v14/train/labels/Image_5_JPG_jpg.rf.cbcc7a54483053b99fa9736d907ccad5.txt,potato
train,raw/emam_v14/train/images/Image_5_JPG_jpg.rf.db43186603601daa28de849307d5fa32.jpg,raw/emam_v14/train/labels/Image_5_JPG_jpg.rf.db43186603601daa28de849307d5fa32.txt,potato
train,raw/emam_v14/train/images/Image_5_JPG_jpg.rf.f5c2e8569bb4356559e27bfb1b177dc3.jpg,raw/emam_v14/train/labels/Image_5_JPG_jpg.rf.f5c2e8569bb4356559e27bfb1b177dc3.txt,cauliflower
train,raw/emam_v14/train/images/Image_5_jpg.rf.00f2a71d07d4ba0a8ac19a22345fe254.jpg,raw/emam_v14/train/labels/Image_5_jpg.rf.00f2a71d07d4ba0a8ac19a22345fe254.txt,eggplant
train,raw/emam_v14/train/images/Image_5_jpg.rf.0302ab1dd5ca9a79dc5122ebd999741d.jpg,raw/emam_v14/train/labels/Image_5_jpg.rf.0302ab1dd5ca9a79dc5122ebd999741d.txt,bellpepper
train,raw/emam_v14/train/images/Image_5_jpg.rf.05ac38d08382252f8b78e44da07bc656.jpg,raw/emam_v14/train/labels/Image_5_jpg.rf.05ac38d08382252f8b78e44da07bc656.txt,bellpepper
train,raw/emam_v14/train/images/Image_5_jpg.rf.06cd2fb53927fd8decd0d28a5ba888de.jpg,raw/emam_v14/train/labels/Image_5_jpg.rf.06cd2fb53927fd8decd0d28a5ba888de.txt,ginger
train,raw/emam_v14/train/images/Image_5_jpg.rf.072c2d144c3795140277075e198c5e8a.jpg,raw/emam_v14/train/labels/Image_5_jpg.rf.072c2d144c3795140277075e198c5e8a.txt,beetroot
train,raw/emam_v14/train/images/Image_5_jpg.rf.07a0bdf0b6fbbce62e6d4295314a5f4f.jpg,raw/emam_v14/train/labels/Image_5_jpg.rf.07a0bdf0b6fbbce62e6d4295314a5f4f.txt,turnip
train,raw/emam_v14/train/images/Image_5_jpg.rf.167a409e4439a1c4319de5d14982717b.jpg,raw/emam_v14/train/labels/Image_5_jpg.rf.167a409e4439a1c4319de5d14982717b.txt,bellpepper
train,raw/emam_v14/train/images/Image_5_jpg.rf.1f7f1fb0cadbef200cc215d6a6834bd5.jpg,raw/emam_v14/train/labels/Image_5_jpg.rf.1f7f1fb0cadbef200cc215d6a6834bd5.txt,sweetcorn
train,raw/emam_v14/train/images/Image_5_jpg.rf.267c8ad4d2216269d67a6d5eb098aba9.jpg,raw/emam_v14/train/labels/Image_5_jpg.rf.267c8ad4d2216269d67a6d5eb098aba9.txt,turnip
train,raw/emam_v14/train/images/Image_5_jpg.rf.2dab7fe414fbfe6ed2338f9a52e4c57a.jpg,raw/emam_v14/train/labels/Image_5_jpg.rf.2dab7fe414fbfe6ed2338f9a52e4c57a.txt,spinach
train,raw/emam_v14/train/images/Image_5_jpg.rf.3e6eaf155195273df0866ba8870b0b58.jpg,raw/emam_v14/train/labels/Image_5_jpg.rf.3e6eaf155195273df0866ba8870b0b58.txt,sweetpotato
train,raw/emam_v14/train/images/Image_5_jpg.rf.46bf85a268f55eb24f31bed8e5ca9f88.jpg,raw/emam_v14/train/labels/Image_5_jpg.rf.46bf85a268f55eb24f31bed8e5ca9f88.txt,onion
train,raw/emam_v14/train/images/Image_5_jpg.rf.4d76b07078a022e67e877400586e2cd6.jpg,raw/emam_v14/train/labels/Image_5_jpg.rf.4d76b07078a022e67e877400586e2cd6.txt,ginger
train,raw/emam_v14/train/images/Image_5_jpg.rf.4e3bb754c285c9ca9a15555618d1778e.jpg,raw/emam_v14/train/labels/Image_5_jpg.rf.4e3bb754c285c9ca9a15555618d1778e.txt,spinach
train,raw/emam_v14/train/images/Image_5_jpg.rf.4f4e69e0be975ab86b7c1d3962bbba44.jpg,raw/emam_v14/train/labels/Image_5_jpg.rf.4f4e69e0be975ab86b7c1d3962bbba44.txt,garlic
train,raw/emam_v14/train/images/Image_5_jpg.rf.52b3a91834c2bcf8dc80b296f46a3e1f.jpg,raw/emam_v14/train/labels/Image_5_jpg.rf.52b3a91834c2bcf8dc80b296f46a3e1f.txt,carrot
train,raw/emam_v14/train/images/Image_5_jpg.rf.538e6c506707d294671c35a5177b9987.jpg,raw/emam_v14/train/labels/Image_5_jpg.rf.538e6c506707d294671c35a5177b9987.txt,tomato
train,raw/emam_v14/train/images/Image_5_jpg.rf.558d5b973a970c532b7a40b4588ae0ff.jpg,raw/emam_v14/train/labels/Image_5_jpg.rf.558d5b973a970c532b7a40b4588ae0ff.txt,sweetcorn
train,raw/emam_v14/train/images/Image_5_jpg.rf.58866f5ea96d86e617deadcefb7a4fe1.jpg,raw/emam_v14/train/labels/Image_5_jpg.rf.58866f5ea96d86e617deadcefb7a4fe1.txt,ginger
train,raw/emam_v14/train/images/Image_5_jpg.rf.5d332492a05c8d2bda85aa1f1e1ea813.jpg,raw/emam_v14/train/labels/Image_5_jpg.rf.5d332492a05c8d2bda85aa1f1e1ea813.txt,eggplant
train,raw/emam_v14/train/images/Image_5_jpg.rf.5e172a0547d946dbb6214c8151cf3d34.jpg,raw/emam_v14/train/labels/Image_5_jpg.rf.5e172a0547d946dbb6214c8151cf3d34.txt,beetroot
train,raw/emam_v14/train/images/Image_5_jpg.rf.5f7214b6d313247c0dde1cef8b78fa76.jpg,raw/emam_v14/train/labels/Image_5_jpg.rf.5f7214b6d313247c0dde1cef8b78fa76.txt,sweetpotato
train,raw/emam_v14/train/images/Image_5_jpg.rf.644fa2e4ff78ebc30ddf0fe7e7f13727.jpg,raw/emam_v14/train/labels/Image_5_jpg.rf.644fa2e4ff78ebc30ddf0fe7e7f13727.txt,bellpepper
train,raw/emam_v14/train/images/Image_5_jpg.rf.64c6d007667aef4fbe86864459ae0529.jpg,raw/emam_v14/train/labels/Image_5_jpg.rf.64c6d007667aef4fbe86864459ae0529.txt,ladyfinger
train,raw/emam_v14/train/images/Image_5_jpg.rf.6671adb7cf2a580b31ad27d9ba80b814.jpg,raw/emam_v14/train/labels/Image_5_jpg.rf.6671adb7cf2a580b31ad27d9ba80b814.txt,bellpepper
train,raw/emam_v14/train/images/Image_5_jpg.rf.6c02c4066906540ba36010aaa2b1ed04.jpg,raw/emam_v14/train/labels/Image_5_jpg.rf.6c02c4066906540ba36010aaa2b1ed04.txt,tomato
train,raw/emam_v14/train/images/Image_5_jpg.rf.6c1feba1b458c5426a23b28bdc4cece0.jpg,raw/emam_v14/train/labels/Image_5_jpg.rf.6c1feba1b458c5426a23b28bdc4cece0.txt,ladyfinger
train,raw/emam_v14/train/images/Image_5_jpg.rf.6cef311902e13ead290b7dbcc3b474fc.jpg,raw/emam_v14/train/labels/Image_5_jpg.rf.6cef311902e13ead290b7dbcc3b474fc.txt,garlic
train,raw/emam_v14/train/images/Image_5_jpg.rf.710ac5ef04109bab27af0f3e168f0dd8.jpg,raw/emam_v14/train/labels/Image_5_jpg.rf.710ac5ef04109bab27af0f3e168f0dd8.txt,jalapeno
train,raw/emam_v14/train/images/Image_5_jpg.rf.73b49edd52f674d9e31b6d060257e10d.jpg,raw/emam_v14/train/labels/Image_5_jpg.rf.73b49edd52f674d9e31b6d060257e10d.txt,turnip
train,raw/emam_v14/train/images/Image_5_jpg.rf.891d8b08eba66abf44d0a5c4e98dd86a.jpg,raw/emam_v14/train/labels/Image_5_jpg.rf.891d8b08eba66abf44d0a5c4e98dd86a.txt,cabbage
train,raw/emam_v14/train/images/Image_5_jpg.rf.9058ea9d070075056b9a262ef089936f.jpg,raw/emam_v14/train/labels/Image_5_jpg.rf.9058ea9d070075056b9a262ef089936f.txt,sweetcorn
train,raw/emam_v14/train/images/Image_5_jpg.rf.94ca9d603539109d615d64853ee8b5c1.jpg,raw/emam_v14/train/labels/Image_5_jpg.rf.94ca9d603539109d615d64853ee8b5c1.txt,lemon
train,raw/emam_v14/train/images/Image_5_jpg.rf.9f0a1dff48784c89733cae10d77065c6.jpg,raw/emam_v14/train/labels/Image_5_jpg.rf.9f0a1dff48784c89733cae10d77065c6.txt,eggplant
train,raw/emam_v14/train/images/Image_5_jpg.rf.9f9e62769a903174cd5ca12734185e3a.jpg,raw/emam_v14/train/labels/Image_5_jpg.rf.9f9e62769a903174cd5ca12734185e3a.txt,ladyfinger
train,raw/emam_v14/train/images/Image_5_jpg.rf.ae930ca15caca6bf1e6983b8f90a0976.jpg,raw/emam_v14/train/labels/Image_5_jpg.rf.ae930ca15caca6bf1e6983b8f90a0976.txt,beetroot
train,raw/emam_v14/train/images/Image_5_jpg.rf.b28317d3b552a5bf5590c5659b983277.jpg,raw/emam_v14/train/labels/Image_5_jpg.rf.b28317d3b552a5bf5590c5659b983277.txt,bellpepper
train,raw/emam_v14/train/images/Image_5_jpg.rf.baf6253736bdbc64d138d3061cd9858f.jpg,raw/emam_v14/train/labels/Image_5_jpg.rf.baf6253736bdbc64d138d3061cd9858f.txt,tomato
train,raw/emam_v14/train/images/Image_5_jpg.rf.bcd6a5695a33ed160ecef3be49bd20d2.jpg,raw/emam_v14/train/labels/Image_5_jpg.rf.bcd6a5695a33ed160ecef3be49bd20d2.txt,sweetpotato
train,raw/emam_v14/train/images/Image_5_jpg.rf.be34feebed4ed27adcacc8298b6fe017.jpg,raw/emam_v14/train/labels/Image_5_jpg.rf.be34feebed4ed27adcacc8298b6fe017.txt,garlic
train,raw/emam_v14/train/images/Image_5_jpg.rf.c4dc61fa7a44222e506a4261a07a72ab.jpg,raw/emam_v14/train/labels/Image_5_jpg.rf.c4dc61fa7a44222e506a4261a07a72ab.txt,carrot
train,raw/emam_v14/train/images/Image_5_jpg.rf.cca8a000fb90594ea38c3d71c2449e7f.jpg,raw/emam_v14/train/labels/Image_5_jpg.rf.cca8a000fb90594ea38c3d71c2449e7f.txt,cabbage
train,raw/emam_v14/train/images/Image_5_jpg.rf.dafac2e381e44a1420a033416d92ec77.jpg,raw/emam_v14/train/labels/Image_5_jpg.rf.dafac2e381e44a1420a033416d92ec77.txt,lemon
train,raw/emam_v14/train/images/Image_5_jpg.rf.de442b7f5c945f45ec232455b9141144.jpg,raw/emam_v14/train/labels/Image_5_jpg.rf.de442b7f5c945f45ec232455b9141144.txt,lemon
train,raw/emam_v14/train/images/Image_5_jpg.rf.de859a4eafc1ff1ce8e4b01fb01d3947.jpg,raw/emam_v14/train/labels/Image_5_jpg.rf.de859a4eafc1ff1ce8e4b01fb01d3947.txt,jalapeno
train,raw/emam_v14/train/images/Image_5_jpg.rf.deea9926f07ca3497b17aa8b945aa96f.jpg,raw/emam_v14/train/labels/Image_5_jpg.rf.deea9926f07ca3497b17aa8b945aa96f.txt,onion
train,raw/emam_v14/train/images/Image_5_jpg.rf.e9d01dbdea5f83b6f51f9f08add8770e.jpg,raw/emam_v14/train/labels/Image_5_jpg.rf.e9d01dbdea5f83b6f51f9f08add8770e.txt,carrot
train,raw/emam_v14/train/images/Image_5_jpg.rf.ed42cdb7c14ff4bd2acfd2a9f9d2a1b5.jpg,raw/emam_v14/train/labels/Image_5_jpg.rf.ed42cdb7c14ff4bd2acfd2a9f9d2a1b5.txt,onion
train,raw/emam_v14/train/images/Image_5_jpg.rf.f42ba062835d8256fb97c38d6f1b60f3.jpg,raw/emam_v14/train/labels/Image_5_jpg.rf.f42ba062835d8256fb97c38d6f1b60f3.txt,jalapeno
train,raw/emam_v14/train/images/Image_5_jpg.rf.fcbb3e692b37b0e1e2e34ffa38a045f8.jpg,raw/emam_v14/train/labels/Image_5_jpg.rf.fcbb3e692b37b0e1e2e34ffa38a045f8.txt,spinach
train,raw/emam_v14/train/images/Image_5_jpg.rf.fe6c2107d1d0ff74607626efbe1363e5.jpg,raw/emam_v14/train/labels/Image_5_jpg.rf.fe6c2107d1d0ff74607626efbe1363e5.txt,cabbage
train,raw/emam_v14/train/images/Image_5_png_jpg.rf.2030925897b62760912339f8007051a8.jpg,raw/emam_v14/train/labels/Image_5_png_jpg.rf.2030925897b62760912339f8007051a8.txt,chillipepper
train,raw/emam_v14/train/images/Image_5_png_jpg.rf.2873bdf6b539f02f369efebd3c0bd278.jpg,raw/emam_v14/train/labels/Image_5_png_jpg.rf.2873bdf6b539f02f369efebd3c0bd278.txt,radish
train,raw/emam_v14/train/images/Image_5_png_jpg.rf.2b15156f1f33aaa89c3026fca592d4bc.jpg,raw/emam_v14/train/labels/Image_5_png_jpg.rf.2b15156f1f33aaa89c3026fca592d4bc.txt,chillipepper
train,raw/emam_v14/train/images/Image_5_png_jpg.rf.63595ceb3a8df985077f754528658eef.jpg,raw/emam_v14/train/labels/Image_5_png_jpg.rf.63595ceb3a8df985077f754528658eef.txt,radish
train,raw/emam_v14/train/images/Image_5_png_jpg.rf.79408e860d54d71d5f2c976785ad54c3.jpg,raw/emam_v14/train/labels/Image_5_png_jpg.rf.79408e860d54d71d5f2c976785ad54c3.txt,chillipepper
train,raw/emam_v14/train/images/Image_5_png_jpg.rf.7af6bdcc73d0a63f5f8c5d49fb54dc6d.jpg,raw/emam_v14/train/labels/Image_5_png_jpg.rf.7af6bdcc73d0a63f5f8c5d49fb54dc6d.txt,radish
train,raw/emam_v14/train/images/Image_60_jpg.rf.009b397807a60842dae463861a8da2f5.jpg,raw/emam_v14/train/labels/Image_60_jpg.rf.009b397807a60842dae463861a8da2f5.txt,bellpepper
train,raw/emam_v14/train/images/Image_60_jpg.rf.149a523fedf53464be23f05d4821838a.jpg,raw/emam_v14/train/labels/Image_60_jpg.rf.149a523fedf53464be23f05d4821838a.txt,bellpepper
train,raw/emam_v14/train/images/Image_60_jpg.rf.241e3fa50e4b8ba48cc166a8a55d721e.jpg,raw/emam_v14/train/labels/Image_60_jpg.rf.241e3fa50e4b8ba48cc166a8a55d721e.txt,jalapeno
train,raw/emam_v14/train/images/Image_60_jpg.rf.2ea9374ab7f3b9b41577192c8b0e4b10.jpg,raw/emam_v14/train/labels/Image_60_jpg.rf.2ea9374ab7f3b9b41577192c8b0e4b10.txt,potato
train,raw/emam_v14/train/images/Image_60_jpg.rf.31e9a5cb259e702b6ee673955d75cf7d.jpg,raw/emam_v14/train/labels/Image_60_jpg.rf.31e9a5cb259e702b6ee673955d75cf7d.txt,bellpepper
train,raw/emam_v14/train/images/Image_60_jpg.rf.3feff82de309f035d507b5ccc5521a2f.jpg,raw/emam_v14/train/labels/Image_60_jpg.rf.3feff82de309f035d507b5ccc5521a2f.txt,jalapeno
train,raw/emam_v14/train/images/Image_60_jpg.rf.408c1e211ddc790ed7ad1b37e9064a4b.jpg,raw/emam_v14/train/labels/Image_60_jpg.rf.408c1e211ddc790ed7ad1b37e9064a4b.txt,corn
train,raw/emam_v14/train/images/Image_60_jpg.rf.480b6cb8820ea0b4adec25fee2a45365.jpg,raw/emam_v14/train/labels/Image_60_jpg.rf.480b6cb8820ea0b4adec25fee2a45365.txt,corn
train,raw/emam_v14/train/images/Image_60_jpg.rf.4b47ee45265f4d70a51fe719210e912f.jpg,raw/emam_v14/train/labels/Image_60_jpg.rf.4b47ee45265f4d70a51fe719210e912f.txt,peas
train,raw/emam_v14/train/images/Image_60_jpg.rf.52bb3230469f2791c153a1f860c5fbe6.jpg,raw/emam_v14/train/labels/Image_60_jpg.rf.52bb3230469f2791c153a1f860c5fbe6.txt,chillipepper
train,raw/emam_v14/train/images/Image_60_jpg.rf.5419987df042391477c17ecd338a324b.jpg,raw/emam_v14/train/labels/Image_60_jpg.rf.5419987df042391477c17ecd338a324b.txt,spinach
train,raw/emam_v14/train/images/Image_60_jpg.rf.5678354f1483809b390869ab36e243e7.jpg,raw/emam_v14/train/labels/Image_60_jpg.rf.5678354f1483809b390869ab36e243e7.txt,garlic
train,raw/emam_v14/train/images/Image_60_jpg.rf.627d645d0628f858c74772a1794d9bc4.jpg,raw/emam_v14/train/labels/Image_60_jpg.rf.627d645d0628f858c74772a1794d9bc4.txt,carrot
train,raw/emam_v14/train/images/Image_60_jpg.rf.65e8333560ec7a5e75306845cbb7fc67.jpg,raw/emam_v14/train/labels/Image_60_jpg.rf.65e8333560ec7a5e75306845cbb7fc67.txt,chillipepper
train,raw/emam_v14/train/images/Image_60_jpg.rf.6d53c037423a61b2353e52f2a7bed99b.jpg,raw/emam_v14/train/labels/Image_60_jpg.rf.6d53c037423a61b2353e52f2a7bed99b.txt,tomato
train,raw/emam_v14/train/images/Image_60_jpg.rf.71ecb2d075b0990c1c786a245a329679.jpg,raw/emam_v14/train/labels/Image_60_jpg.rf.71ecb2d075b0990c1c786a245a329679.txt,potato
train,raw/emam_v14/train/images/Image_60_jpg.rf.76ac1299ad5adacbc6b800891dfc44e2.jpg,raw/emam_v14/train/labels/Image_60_jpg.rf.76ac1299ad5adacbc6b800891dfc44e2.txt,lettuce
train,raw/emam_v14/train/images/Image_60_jpg.rf.83ba99105fd22a15361421832bdd8765.jpg,raw/emam_v14/train/labels/Image_60_jpg.rf.83ba99105fd22a15361421832bdd8765.txt,spinach
train,raw/emam_v14/train/images/Image_60_jpg.rf.86821f5b0c7e4fdf9525043b92614136.jpg,raw/emam_v14/train/labels/Image_60_jpg.rf.86821f5b0c7e4fdf9525043b92614136.txt,tomato
train,raw/emam_v14/train/images/Image_60_jpg.rf.92c89470f479a85507984cc7519e6155.jpg,raw/emam_v14/train/labels/Image_60_jpg.rf.92c89470f479a85507984cc7519e6155.txt,garlic
train,raw/emam_v14/train/images/Image_60_jpg.rf.931c7471baa189fcdf205c6a0766e2bd.jpg,raw/emam_v14/train/labels/Image_60_jpg.rf.931c7471baa189fcdf205c6a0766e2bd.txt,tomato
train,raw/emam_v14/train/images/Image_60_jpg.rf.99cc33e9d40e70cc690cc75d5cbd05f2.jpg,raw/emam_v14/train/labels/Image_60_jpg.rf.99cc33e9d40e70cc690cc75d5cbd05f2.txt,lettuce
train,raw/emam_v14/train/images/Image_60_jpg.rf.9cd100aa96fd6badb04fd2b89f10accc.jpg,raw/emam_v14/train/labels/Image_60_jpg.rf.9cd100aa96fd6badb04fd2b89f10accc.txt,peas
train,raw/emam_v14/train/images/Image_60_jpg.rf.aabde3955b5cc0dd24339db5adb47e34.jpg,raw/emam_v14/train/labels/Image_60_jpg.rf.aabde3955b5cc0dd24339db5adb47e34.txt,carrot
train,raw/emam_v14/train/images/Image_60_jpg.rf.bc5bc54b3075ef12f54229c5d54e0e04.jpg,raw/emam_v14/train/labels/Image_60_jpg.rf.bc5bc54b3075ef12f54229c5d54e0e04.txt,spinach
train,raw/emam_v14/train/images/Image_60_jpg.rf.bc8807628a04b14e56a023069f2f8b96.jpg,raw/emam_v14/train/labels/Image_60_jpg.rf.bc8807628a04b14e56a023069f2f8b96.txt,bellpepper
train,raw/emam_v14/train/images/Image_60_jpg.rf.bcacc3d3bed481b5ff8f4c22bf7a2a01.jpg,raw/emam_v14/train/labels/Image_60_jpg.rf.bcacc3d3bed481b5ff8f4c22bf7a2a01.txt,sweetcorn
train,raw/emam_v14/train/images/Image_60_jpg.rf.ca14ea1a473ef2a07e056aee71e1e236.jpg,raw/emam_v14/train/labels/Image_60_jpg.rf.ca14ea1a473ef2a07e056aee71e1e236.txt,sweetcorn
train,raw/emam_v14/train/images/Image_60_jpg.rf.ca8d822d3002285378350ce1e59db9d0.jpg,raw/emam_v14/train/labels/Image_60_jpg.rf.ca8d822d3002285378350ce1e59db9d0.txt,chillipepper
train,raw/emam_v14/train/images/Image_60_jpg.rf.cf83950d81d67f4433d7f077d7867d2f.jpg,raw/emam_v14/train/labels/Image_60_jpg.rf.cf83950d81d67f4433d7f077d7867d2f.txt,carrot
train,raw/emam_v14/train/images/Image_60_jpg.rf.d737830ac4b3b4398bd3417e4ab49612.jpg,raw/emam_v14/train/labels/Image_60_jpg.rf.d737830ac4b3b4398bd3417e4ab49612.txt,garlic
train,raw/emam_v14/train/images/Image_60_jpg.rf.df62dd2b3ad5c86f1ec81cbf41214e3a.jpg,raw/emam_v14/train/labels/Image_60_jpg.rf.df62dd2b3ad5c86f1ec81cbf41214e3a.txt,jalapeno
train,raw/emam_v14/train/images/Image_60_jpg.rf.e11e644833fe6d7775c2674fa26cef4a.jpg,raw/emam_v14/train/labels/Image_60_jpg.rf.e11e644833fe6d7775c2674fa26cef4a.txt,potato
train,raw/emam_v14/train/images/Image_60_jpg.rf.e45659a4954221bd1b77828b72ab4846.jpg,raw/emam_v14/train/labels/Image_60_jpg.rf.e45659a4954221bd1b77828b72ab4846.txt,bellpepper
train,raw/emam_v14/train/images/Image_60_jpg.rf.ee1cb6c0d31964cdc3e3e60afb8763e8.jpg,raw/emam_v14/train/labels/Image_60_jpg.rf.ee1cb6c0d31964cdc3e3e60afb8763e8.txt,sweetcorn
train,raw/emam_v14/train/images/Image_60_jpg.rf.f67d6070819718d0c5e054077172449c.jpg,raw/emam_v14/train/labels/Image_60_jpg.rf.f67d6070819718d0c5e054077172449c.txt,peas
train,raw/emam_v14/train/images/Image_60_jpg.rf.fa4de02929fdb06ccf140bfaeb9b335a.jpg,raw/emam_v14/train/labels/Image_60_jpg.rf.fa4de02929fdb06ccf140bfaeb9b335a.txt,corn
train,raw/emam_v14/train/images/Image_60_jpg.rf.fceb8a159cec8089ae2a47526d4d916a.jpg,raw/emam_v14/train/labels/Image_60_jpg.rf.fceb8a159cec8089ae2a47526d4d916a.txt,lettuce
train,raw/emam_v14/train/images/Image_60_jpg.rf.fda953517f01214bfe38c53070275264.jpg,raw/emam_v14/train/labels/Image_60_jpg.rf.fda953517f01214bfe38c53070275264.txt,bellpepper
train,raw/emam_v14/train/images/Image_61_jpeg_jpg.rf.0a8821dea1a7a9942e316effcde07ad3.jpg,raw/emam_v14/train/labels/Image_61_jpeg_jpg.rf.0a8821dea1a7a9942e316effcde07ad3.txt,ladyfinger
train,raw/emam_v14/train/images/Image_61_jpeg_jpg.rf.de272ae3b08fd1d3756b9657313a038c.jpg,raw/emam_v14/train/labels/Image_61_jpeg_jpg.rf.de272ae3b08fd1d3756b9657313a038c.txt,ladyfinger
train,raw/emam_v14/train/images/Image_61_jpeg_jpg.rf.eda5e71e10a24ca685bf933ff8b4b8ef.jpg,raw/emam_v14/train/labels/Image_61_jpeg_jpg.rf.eda5e71e10a24ca685bf933ff8b4b8ef.txt,ladyfinger
train,raw/emam_v14/train/images/Image_61_jpg.rf.0094f3887f02a57a63d7e0b596052921.jpg,raw/emam_v14/train/labels/Image_61_jpg.rf.0094f3887f02a57a63d7e0b596052921.txt,tomato
train,raw/emam_v14/train/images/Image_61_jpg.rf.056c58e57e4ec08fda893660f97d6af1.jpg,raw/emam_v14/train/labels/Image_61_jpg.rf.056c58e57e4ec08fda893660f97d6af1.txt,carrot
train,raw/emam_v14/train/images/Image_61_jpg.rf.089162678b8caf45bb162082a7ce1986.jpg,raw/emam_v14/train/labels/Image_61_jpg.rf.089162678b8caf45bb162082a7ce1986.txt,turnip
train,raw/emam_v14/train/images/Image_61_jpg.rf.0c3335147325a4fd4f2014cbb7636ee7.jpg,raw/emam_v14/train/labels/Image_61_jpg.rf.0c3335147325a4fd4f2014cbb7636ee7.txt,onion
train,raw/emam_v14/train/images/Image_61_jpg.rf.188d5fd1b66c67eba2d8e837532822dd.jpg,raw/emam_v14/train/labels/Image_61_jpg.rf.188d5fd1b66c67eba2d8e837532822dd.txt,cauliflower
train,raw/emam_v14/train/images/Image_61_jpg.rf.18c617f55e4b2c650f72d5b684dabbe2.jpg,raw/emam_v14/train/labels/Image_61_jpg.rf.18c617f55e4b2c650f72d5b684dabbe2.txt,potato
train,raw/emam_v14/train/images/Image_61_jpg.rf.286a899fe3ddb9ae8b037c34f382b6e7.jpg,raw/emam_v14/train/labels/Image_61_jpg.rf.286a899fe3ddb9ae8b037c34f382b6e7.txt,spinach
train,raw/emam_v14/train/images/Image_61_jpg.rf.28ac8a359ef3c6340dab8ba83c22db8d.jpg,raw/emam_v14/train/labels/Image_61_jpg.rf.28ac8a359ef3c6340dab8ba83c22db8d.txt,cabbage
train,raw/emam_v14/train/images/Image_61_jpg.rf.30fafac390dc665c699b73397d514924.jpg,raw/emam_v14/train/labels/Image_61_jpg.rf.30fafac390dc665c699b73397d514924.txt,cucumber
train,raw/emam_v14/train/images/Image_61_jpg.rf.3254315de7b479a52bc6573376b1d47e.jpg,raw/emam_v14/train/labels/Image_61_jpg.rf.3254315de7b479a52bc6573376b1d47e.txt,cabbage
train,raw/emam_v14/train/images/Image_61_jpg.rf.37e4f3d70dbe58128871ecfd2856c83f.jpg,raw/emam_v14/train/labels/Image_61_jpg.rf.37e4f3d70dbe58128871ecfd2856c83f.txt,cucumber
train,raw/emam_v14/train/images/Image_61_jpg.rf.5305e659aa183df42f4f3a02f8e1fa9f.jpg,raw/emam_v14/train/labels/Image_61_jpg.rf.5305e659aa183df42f4f3a02f8e1fa9f.txt,potato
train,raw/emam_v14/train/images/Image_61_jpg.rf.54c2b6fa3b82e7e52ebef60eefb229eb.jpg,raw/emam_v14/train/labels/Image_61_jpg.rf.54c2b6fa3b82e7e52ebef60eefb229eb.txt,spinach
train,raw/emam_v14/train/images/Image_61_jpg.rf.6d0ae61f33f5b08303d391d3fe55366e.jpg,raw/emam_v14/train/labels/Image_61_jpg.rf.6d0ae61f33f5b08303d391d3fe55366e.txt,onion
train,raw/emam_v14/train/images/Image_61_jpg.rf.7386cbfba162d43e8106529a872bf0b3.jpg,raw/emam_v14/train/labels/Image_61_jpg.rf.7386cbfba162d43e8106529a872bf0b3.txt,tomato
train,raw/emam_v14/train/images/Image_61_jpg.rf.7458288342196973ef20c4e6721066e2.jpg,raw/emam_v14/train/labels/Image_61_jpg.rf.7458288342196973ef20c4e6721066e2.txt,potato
train,raw/emam_v14/train/images/Image_61_jpg.rf.7829faeffe9cf9e415190f3f27e95a0e.jpg,raw/emam_v14/train/labels/Image_61_jpg.rf.7829faeffe9cf9e415190f3f27e95a0e.txt,peas
train,raw/emam_v14/train/images/Image_61_jpg.rf.7b18dab4f4ccafd79b056f8027a2d962.jpg,raw/emam_v14/train/labels/Image_61_jpg.rf.7b18dab4f4ccafd79b056f8027a2d962.txt,eggplant
train,raw/emam_v14/train/images/Image_61_jpg.rf.82871fdb9199d8f0e6913b9307a7c0bb.jpg,raw/emam_v14/train/labels/Image_61_jpg.rf.82871fdb9199d8f0e6913b9307a7c0bb.txt,beetroot
train,raw/emam_v14/train/images/Image_61_jpg.rf.94782cf534aaf18ebc4506c380e7cfee.jpg,raw/emam_v14/train/labels/Image_61_jpg.rf.94782cf534aaf18ebc4506c380e7cfee.txt,sweetcorn
train,raw/emam_v14/train/images/Image_61_jpg.rf.951a0559ac3ba57be5d5f67ae290fb44.jpg,raw/emam_v14/train/labels/Image_61_jpg.rf.951a0559ac3ba57be5d5f67ae290fb44.txt,spinach
train,raw/emam_v14/train/images/Image_61_jpg.rf.964ac0a3e7358cbdcf580f6882ccb5bc.jpg,raw/emam_v14/train/labels/Image_61_jpg.rf.964ac0a3e7358cbdcf580f6882ccb5bc.txt,carrot
train,raw/emam_v14/train/images/Image_61_jpg.rf.a0d39880fe6a6291be351d6d71a6eda6.jpg,raw/emam_v14/train/labels/Image_61_jpg.rf.a0d39880fe6a6291be351d6d71a6eda6.txt,cauliflower
train,raw/emam_v14/train/images/Image_61_jpg.rf.a5f79d0937c216dbf9d618a3ecfa05ec.jpg,raw/emam_v14/train/labels/Image_61_jpg.rf.a5f79d0937c216dbf9d618a3ecfa05ec.txt,eggplant
train,raw/emam_v14/train/images/Image_61_jpg.rf.a9e365ade07e8e858267926352f20871.jpg,raw/emam_v14/train/labels/Image_61_jpg.rf.a9e365ade07e8e858267926352f20871.txt,tomato
train,raw/emam_v14/train/images/Image_61_jpg.rf.ab8cd32fd3dce836e90c8aaa8bbce42c.jpg,raw/emam_v14/train/labels/Image_61_jpg.rf.ab8cd32fd3dce836e90c8aaa8bbce42c.txt,cucumber
train,raw/emam_v14/train/images/Image_61_jpg.rf.af9dc5d617f235414c641f73512ac952.jpg,raw/emam_v14/train/labels/Image_61_jpg.rf.af9dc5d617f235414c641f73512ac952.txt,carrot
train,raw/emam_v14/train/images/Image_61_jpg.rf.b06e0e3ffa157aa1e851f205ba0db7bb.jpg,raw/emam_v14/train/labels/Image_61_jpg.rf.b06e0e3ffa157aa1e851f205ba0db7bb.txt,sweetcorn
train,raw/emam_v14/train/images/Image_61_jpg.rf.b0a2fc1f44196fdc0c8cf700c3a708d5.jpg,raw/emam_v14/train/labels/Image_61_jpg.rf.b0a2fc1f44196fdc0c8cf700c3a708d5.txt,peas
train,raw/emam_v14/train/images/Image_61_jpg.rf.b4d850ec6fddf428ec0080ee4be52a44.jpg,raw/emam_v14/train/labels/Image_61_jpg.rf.b4d850ec6fddf428ec0080ee4be52a44.txt,peas
train,raw/emam_v14/train/images/Image_61_jpg.rf.d32272da9f30c169a3a66a8df3e6591b.jpg,raw/emam_v14/train/labels/Image_61_jpg.rf.d32272da9f30c169a3a66a8df3e6591b.txt,cauliflower
train,raw/emam_v14/train/images/Image_61_jpg.rf.d411ec02a6a4fca6998a351c0158034c.jpg,raw/emam_v14/train/labels/Image_61_jpg.rf.d411ec02a6a4fca6998a351c0158034c.txt,cabbage
train,raw/emam_v14/train/images/Image_61_jpg.rf.dc831b581e48b0259fc453a3f99ce6e5.jpg,raw/emam_v14/train/labels/Image_61_jpg.rf.dc831b581e48b0259fc453a3f99ce6e5.txt,beetroot
train,raw/emam_v14/train/images/Image_61_jpg.rf.e01ab89ccd6fb958fd0ca1dafbd5bffb.jpg,raw/emam_v14/train/labels/Image_61_jpg.rf.e01ab89ccd6fb958fd0ca1dafbd5bffb.txt,beetroot
train,raw/emam_v14/train/images/Image_61_jpg.rf.e9f756df3c50edbb24c5c48edf0d03c8.jpg,raw/emam_v14/train/labels/Image_61_jpg.rf.e9f756df3c50edbb24c5c48edf0d03c8.txt,turnip
train,raw/emam_v14/train/images/Image_61_jpg.rf.f1cda143e33fd9b4beb0239d690528be.jpg,raw/emam_v14/train/labels/Image_61_jpg.rf.f1cda143e33fd9b4beb0239d690528be.txt,turnip
train,raw/emam_v14/train/images/Image_61_jpg.rf.f74b28bd6f2443331dc2678a9e0df5a5.jpg,raw/emam_v14/train/labels/Image_61_jpg.rf.f74b28bd6f2443331dc2678a9e0df5a5.txt,onion
train,raw/emam_v14/train/images/Image_61_jpg.rf.f995970f3d58d146a681781c6c290cdd.jpg,raw/emam_v14/train/labels/Image_61_jpg.rf.f995970f3d58d146a681781c6c290cdd.txt,sweetcorn
train,raw/emam_v14/train/images/Image_61_jpg.rf.fcea0b3914a3038d5f01f9d60f469f83.jpg,raw/emam_v14/train/labels/Image_61_jpg.rf.fcea0b3914a3038d5f01f9d60f469f83.txt,eggplant
train,raw/emam_v14/train/images/Image_61_png_jpg.rf.6c916cb22eb1d2f89df3e46701835ff0.jpg,raw/emam_v14/train/labels/Image_61_png_jpg.rf.6c916cb22eb1d2f89df3e46701835ff0.txt,lemon
train,raw/emam_v14/train/images/Image_61_png_jpg.rf.8437edb052f70fa82ed45f3bf3aecbef.jpg,raw/emam_v14/train/labels/Image_61_png_jpg.rf.8437edb052f70fa82ed45f3bf3aecbef.txt,lemon
train,raw/emam_v14/train/images/Image_61_png_jpg.rf.ce7cd78815b386e1303e1d992fb8272e.jpg,raw/emam_v14/train/labels/Image_61_png_jpg.rf.ce7cd78815b386e1303e1d992fb8272e.txt,lemon
train,raw/emam_v14/train/images/Image_62_jpeg_jpg.rf.5b3e7bc67a19dc900fd8125f2b47f843.jpg,raw/emam_v14/train/labels/Image_62_jpeg_jpg.rf.5b3e7bc67a19dc900fd8125f2b47f843.txt,ladyfinger
train,raw/emam_v14/train/images/Image_62_jpeg_jpg.rf.f56ec3a80b19658fd339fac4c6c71ad0.jpg,raw/emam_v14/train/labels/Image_62_jpeg_jpg.rf.f56ec3a80b19658fd339fac4c6c71ad0.txt,ladyfinger
train,raw/emam_v14/train/images/Image_62_jpeg_jpg.rf.f726476d6f27f3088c8d8870e237fb4f.jpg,raw/emam_v14/train/labels/Image_62_jpeg_jpg.rf.f726476d6f27f3088c8d8870e237fb4f.txt,ladyfinger
train,raw/emam_v14/train/images/Image_62_jpg.rf.0033ca0af6085349dceaad2ada819fc9.jpg,raw/emam_v14/train/labels/Image_62_jpg.rf.0033ca0af6085349dceaad2ada819fc9.txt,beetroot
train,raw/emam_v14/train/images/Image_62_jpg.rf.029540f3074770ee65927694f3b8f24d.jpg,raw/emam_v14/train/labels/Image_62_jpg.rf.029540f3074770ee65927694f3b8f24d.txt,peas
train,raw/emam_v14/train/images/Image_62_jpg.rf.0cc0050bcc2dfc45bc3f5ef09493aab9.jpg,raw/emam_v14/train/labels/Image_62_jpg.rf.0cc0050bcc2dfc45bc3f5ef09493aab9.txt,bellpepper
train,raw/emam_v14/train/images/Image_62_jpg.rf.11caa19c8819f3ad4844502895c28ab8.jpg,raw/emam_v14/train/labels/Image_62_jpg.rf.11caa19c8819f3ad4844502895c28ab8.txt,peas
train,raw/emam_v14/train/images/Image_62_jpg.rf.1b69d4a35facd48becb39b736b6be90c.jpg,raw/emam_v14/train/labels/Image_62_jpg.rf.1b69d4a35facd48becb39b736b6be90c.txt,beetroot
train,raw/emam_v14/train/images/Image_62_jpg.rf.273a4996c5daa5a093553d2d3cf26850.jpg,raw/emam_v14/train/labels/Image_62_jpg.rf.273a4996c5daa5a093553d2d3cf26850.txt,jalapeno
train,raw/emam_v14/train/images/Image_62_jpg.rf.2b9cce97262758fc69dd989d5c2b2897.jpg,raw/emam_v14/train/labels/Image_62_jpg.rf.2b9cce97262758fc69dd989d5c2b2897.txt,turnip
train,raw/emam_v14/train/images/Image_62_jpg.rf.2e58664fc86f2536e5ba38a0b1acd47a.jpg,raw/emam_v14/train/labels/Image_62_jpg.rf.2e58664fc86f2536e5ba38a0b1acd47a.txt,potato
train,raw/emam_v14/train/images/Image_62_jpg.rf.30159b4b89526e728c2f5e9882c25dfa.jpg,raw/emam_v14/train/labels/Image_62_jpg.rf.30159b4b89526e728c2f5e9882c25dfa.txt,beetroot
train,raw/emam_v14/train/images/Image_62_jpg.rf.38bb12bea54093b612f13627045ded80.jpg,raw/emam_v14/train/labels/Image_62_jpg.rf.38bb12bea54093b612f13627045ded80.txt,peas
train,raw/emam_v14/train/images/Image_62_jpg.rf.43f58756b60f0030bef097386cb6fe95.jpg,raw/emam_v14/train/labels/Image_62_jpg.rf.43f58756b60f0030bef097386cb6fe95.txt,bellpepper
train,raw/emam_v14/train/images/Image_62_jpg.rf.4665d9a5ed3c629596b71058d29557f1.jpg,raw/emam_v14/train/labels/Image_62_jpg.rf.4665d9a5ed3c629596b71058d29557f1.txt,onion
train,raw/emam_v14/train/images/Image_62_jpg.rf.4be0fc281e0092fbe3d58b831264a53c.jpg,raw/emam_v14/train/labels/Image_62_jpg.rf.4be0fc281e0092fbe3d58b831264a53c.txt,sweetcorn
train,raw/emam_v14/train/images/Image_62_jpg.rf.7184dd057b84fca451d462546dceb300.jpg,raw/emam_v14/train/labels/Image_62_jpg.rf.7184dd057b84fca451d462546dceb300.txt,turnip
train,raw/emam_v14/train/images/Image_62_jpg.rf.75c616c40c7e95d20b63bc88ef8288c1.jpg,raw/emam_v14/train/labels/Image_62_jpg.rf.75c616c40c7e95d20b63bc88ef8288c1.txt,eggplant
train,raw/emam_v14/train/images/Image_62_jpg.rf.7ec2dbc32bbecad2d8dde3e715fdce8e.jpg,raw/emam_v14/train/labels/Image_62_jpg.rf.7ec2dbc32bbecad2d8dde3e715fdce8e.txt,sweetpotato
train,raw/emam_v14/train/images/Image_62_jpg.rf.7f63518772af86c7a13964464f0bd784.jpg,raw/emam_v14/train/labels/Image_62_jpg.rf.7f63518772af86c7a13964464f0bd784.txt,onion
train,raw/emam_v14/train/images/Image_62_jpg.rf.8b50d3f870e6f6b7698b6ba220b83e44.jpg,raw/emam_v14/train/labels/Image_62_jpg.rf.8b50d3f870e6f6b7698b6ba220b83e44.txt,ginger
train,raw/emam_v14/train/images/Image_62_jpg.rf.8f18671cfe597290b8f2d123b148e768.jpg,raw/emam_v14/train/labels/Image_62_jpg.rf.8f18671cfe597290b8f2d123b148e768.txt,jalapeno
train,raw/emam_v14/train/images/Image_62_jpg.rf.90bcaba95e27f4f53c74bdb136037380.jpg,raw/emam_v14/train/labels/Image_62_jpg.rf.90bcaba95e27f4f53c74bdb136037380.txt,eggplant
train,raw/emam_v14/train/images/Image_62_jpg.rf.914db640a801e2faa188c520ac5bfaba.jpg,raw/emam_v14/train/labels/Image_62_jpg.rf.914db640a801e2faa188c520ac5bfaba.txt,bellpepper
train,raw/emam_v14/train/images/Image_62_jpg.rf.938b37efa9da2d635e50b3e46deefb25.jpg,raw/emam_v14/train/labels/Image_62_jpg.rf.938b37efa9da2d635e50b3e46deefb25.txt,bellpepper
train,raw/emam_v14/train/images/Image_62_jpg.rf.952a1071867835f13ab8cea58bada6fe.jpg,raw/emam_v14/train/labels/Image_62_jpg.rf.952a1071867835f13ab8cea58bada6fe.txt,potato
train,raw/emam_v14/train/images/Image_62_jpg.rf.9b9e8eb26619d91e05abf97d347f4371.jpg,raw/emam_v14/train/labels/Image_62_jpg.rf.9b9e8eb26619d91e05abf97d347f4371.txt,eggplant
train,raw/emam_v14/train/images/Image_62_jpg.rf.a38b7e24765e374cc90c0cc03f7f2415.jpg,raw/emam_v14/train/labels/Image_62_jpg.rf.a38b7e24765e374cc90c0cc03f7f2415.txt,ginger
train,raw/emam_v14/train/images/Image_62_jpg.rf.a614c330173a9ae3712e3fb91034e315.jpg,raw/emam_v14/train/labels/Image_62_jpg.rf.a614c330173a9ae3712e3fb91034e315.txt,onion
train,raw/emam_v14/train/images/Image_62_jpg.rf.a8ea0ec8f2e743cd1a7a95761a013d3a.jpg,raw/emam_v14/train/labels/Image_62_jpg.rf.a8ea0ec8f2e743cd1a7a95761a013d3a.txt,bellpepper
train,raw/emam_v14/train/images/Image_62_jpg.rf.b4af704a13cad671ba69cd2c1ddd46ee.jpg,raw/emam_v14/train/labels/Image_62_jpg.rf.b4af704a13cad671ba69cd2c1ddd46ee.txt,potato
train,raw/emam_v14/train/images/Image_62_jpg.rf.b76d42bef76f3290f16df86a8ce1a0f8.jpg,raw/emam_v14/train/labels/Image_62_jpg.rf.b76d42bef76f3290f16df86a8ce1a0f8.txt,sweetcorn
train,raw/emam_v14/train/images/Image_62_jpg.rf.ba78dc766a72f57d3c61b515c01d88e9.jpg,raw/emam_v14/train/labels/Image_62_jpg.rf.ba78dc766a72f57d3c61b515c01d88e9.txt,sweetpotato
train,raw/emam_v14/train/images/Image_62_jpg.rf.cc0f62881ba50887a7d69c58b279154b.jpg,raw/emam_v14/train/labels/Image_62_jpg.rf.cc0f62881ba50887a7d69c58b279154b.txt,turnip
train,raw/emam_v14/train/images/Image_62_jpg.rf.e0d8a55aae154389f3560a8d07b22b96.jpg,raw/emam_v14/train/labels/Image_62_jpg.rf.e0d8a55aae154389f3560a8d07b22b96.txt,ginger
train,raw/emam_v14/train/images/Image_62_jpg.rf.f619039bb74bf2fa81fc4f60d5c06424.jpg,raw/emam_v14/train/labels/Image_62_jpg.rf.f619039bb74bf2fa81fc4f60d5c06424.txt,sweetpotato
train,raw/emam_v14/train/images/Image_62_jpg.rf.fa3362e70e2c32ed2c9048715f7ba1c4.jpg,raw/emam_v14/train/labels/Image_62_jpg.rf.fa3362e70e2c32ed2c9048715f7ba1c4.txt,sweetcorn
train,raw/emam_v14/train/images/Image_62_jpg.rf.fc878a29601607826d1ab7206ae4069c.jpg,raw/emam_v14/train/labels/Image_62_jpg.rf.fc878a29601607826d1ab7206ae4069c.txt,jalapeno
train,raw/emam_v14/train/images/Image_62_jpg.rf.fd91e84d9a73506582b34a224cc5bd40.jpg,raw/emam_v14/train/labels/Image_62_jpg.rf.fd91e84d9a73506582b34a224cc5bd40.txt,bellpepper
train,raw/emam_v14/train/images/Image_62_png_jpg.rf.30e1f252dcb0c22a4b1117bb35eb3a16.jpg,raw/emam_v14/train/labels/Image_62_png_jpg.rf.30e1f252dcb0c22a4b1117bb35eb3a16.txt,carrot
train,raw/emam_v14/train/images/Image_62_png_jpg.rf.8af36da2bec9ed5c174f36d4d4c3d339.jpg,raw/emam_v14/train/labels/Image_62_png_jpg.rf.8af36da2bec9ed5c174f36d4d4c3d339.txt,carrot
train,raw/emam_v14/train/images/Image_62_png_jpg.rf.94dc10ea58a5f9fb694aeb3ddbf1837f.jpg,raw/emam_v14/train/labels/Image_62_png_jpg.rf.94dc10ea58a5f9fb694aeb3ddbf1837f.txt,carrot
train,raw/emam_v14/train/images/Image_63_JPG_jpg.rf.2f4b20a51adaeb11f414cdf2c66a6492.jpg,raw/emam_v14/train/labels/Image_63_JPG_jpg.rf.2f4b20a51adaeb11f414cdf2c66a6492.txt,turnip
train,raw/emam_v14/train/images/Image_63_JPG_jpg.rf.40860f16254820a68b44baac464dc7eb.jpg,raw/emam_v14/train/labels/Image_63_JPG_jpg.rf.40860f16254820a68b44baac464dc7eb.txt,turnip
train,raw/emam_v14/train/images/Image_63_JPG_jpg.rf.e8b6eaba920c65397b34952a2d1c490a.jpg,raw/emam_v14/train/labels/Image_63_JPG_jpg.rf.e8b6eaba920c65397b34952a2d1c490a.txt,turnip
train,raw/emam_v14/train/images/Image_63_jpeg_jpg.rf.3a4f27285e25316369d010f600429c8b.jpg,raw/emam_v14/train/labels/Image_63_jpeg_jpg.rf.3a4f27285e25316369d010f600429c8b.txt,ladyfinger
train,raw/emam_v14/train/images/Image_63_jpeg_jpg.rf.a37ce6e650c36f5ab23bf7525a7746ad.jpg,raw/emam_v14/train/labels/Image_63_jpeg_jpg.rf.a37ce6e650c36f5ab23bf7525a7746ad.txt,ladyfinger
train,raw/emam_v14/train/images/Image_63_jpeg_jpg.rf.b33f6f9077b5d8c2226324ecc9058366.jpg,raw/emam_v14/train/labels/Image_63_jpeg_jpg.rf.b33f6f9077b5d8c2226324ecc9058366.txt,ladyfinger
train,raw/emam_v14/train/images/Image_63_jpg.rf.06a2fbf3551d896a06fc4ce089430190.jpg,raw/emam_v14/train/labels/Image_63_jpg.rf.06a2fbf3551d896a06fc4ce089430190.txt,bellpepper
train,raw/emam_v14/train/images/Image_63_jpg.rf.18ad40f87f1d233e6dd7c154158e374a.jpg,raw/emam_v14/train/labels/Image_63_jpg.rf.18ad40f87f1d233e6dd7c154158e374a.txt,cauliflower
train,raw/emam_v14/train/images/Image_63_jpg.rf.1bd89ebfb221ad503e1fb1fbbd8bb774.jpg,raw/emam_v14/train/labels/Image_63_jpg.rf.1bd89ebfb221ad503e1fb1fbbd8bb774.txt,bellpepper
train,raw/emam_v14/train/images/Image_63_jpg.rf.1c99dc3786ade25fef447ce82dda6f84.jpg,raw/emam_v14/train/labels/Image_63_jpg.rf.1c99dc3786ade25fef447ce82dda6f84.txt,beetroot
train,raw/emam_v14/train/images/Image_63_jpg.rf.260c6c2fc7f5b59290976c2ce501442c.jpg,raw/emam_v14/train/labels/Image_63_jpg.rf.260c6c2fc7f5b59290976c2ce501442c.txt,bellpepper
train,raw/emam_v14/train/images/Image_63_jpg.rf.3339734260b3f430311f50d3d66c2171.jpg,raw/emam_v14/train/labels/Image_63_jpg.rf.3339734260b3f430311f50d3d66c2171.txt,cucumber
train,raw/emam_v14/train/images/Image_63_jpg.rf.3a963ed3a34e40324e89c2a90fbf62b5.jpg,raw/emam_v14/train/labels/Image_63_jpg.rf.3a963ed3a34e40324e89c2a90fbf62b5.txt,jalapeno
train,raw/emam_v14/train/images/Image_63_jpg.rf.3e7e7baa656d8d420a884311028a758c.jpg,raw/emam_v14/train/labels/Image_63_jpg.rf.3e7e7baa656d8d420a884311028a758c.txt,lemon
train,raw/emam_v14/train/images/Image_63_jpg.rf.442e46c5f6e52aa2042d46aa2e025c8d.jpg,raw/emam_v14/train/labels/Image_63_jpg.rf.442e46c5f6e52aa2042d46aa2e025c8d.txt,cauliflower
train,raw/emam_v14/train/images/Image_63_jpg.rf.45eafdbba4a9ec4f74c7a2bfb7b17d8c.jpg,raw/emam_v14/train/labels/Image_63_jpg.rf.45eafdbba4a9ec4f74c7a2bfb7b17d8c.txt,lettuce
train,raw/emam_v14/train/images/Image_63_jpg.rf.46bcf919dd56d3941b13270f4a8979bb.jpg,raw/emam_v14/train/labels/Image_63_jpg.rf.46bcf919dd56d3941b13270f4a8979bb.txt,lemon
train,raw/emam_v14/train/images/Image_63_jpg.rf.491c92c08bd8dd33913776fdd2f81f63.jpg,raw/emam_v14/train/labels/Image_63_jpg.rf.491c92c08bd8dd33913776fdd2f81f63.txt,lemon
train,raw/emam_v14/train/images/Image_63_jpg.rf.4a3b0f7b77f38489e42f123496ad5a0e.jpg,raw/emam_v14/train/labels/Image_63_jpg.rf.4a3b0f7b77f38489e42f123496ad5a0e.txt,jalapeno
train,raw/emam_v14/train/images/Image_63_jpg.rf.5ed9c3cba8a1a27c8190ac8b7c03d83e.jpg,raw/emam_v14/train/labels/Image_63_jpg.rf.5ed9c3cba8a1a27c8190ac8b7c03d83e.txt,garlic
train,raw/emam_v14/train/images/Image_63_jpg.rf.608e836eabb1661d547426ea1ecd69ec.jpg,raw/emam_v14/train/labels/Image_63_jpg.rf.608e836eabb1661d547426ea1ecd69ec.txt,potato
train,raw/emam_v14/train/images/Image_63_jpg.rf.66506712d90738d71e8bc7168feda367.jpg,raw/emam_v14/train/labels/Image_63_jpg.rf.66506712d90738d71e8bc7168feda367.txt,bellpepper
train,raw/emam_v14/train/images/Image_63_jpg.rf.6ae7f9facc901cc74f0bb7839287ad25.jpg,raw/emam_v14/train/labels/Image_63_jpg.rf.6ae7f9facc901cc74f0bb7839287ad25.txt,sweetcorn
train,raw/emam_v14/train/images/Image_63_jpg.rf.800a7e42e90b82faac70c31845754614.jpg,raw/emam_v14/train/labels/Image_63_jpg.rf.800a7e42e90b82faac70c31845754614.txt,cucumber
train,raw/emam_v14/train/images/Image_63_jpg.rf.88cbc4f0767f5d5463410301723b6293.jpg,raw/emam_v14/train/labels/Image_63_jpg.rf.88cbc4f0767f5d5463410301723b6293.txt,potato
train,raw/emam_v14/train/images/Image_63_jpg.rf.8a3cc2f8fc1c8cab6974e8279bbdeda1.jpg,raw/emam_v14/train/labels/Image_63_jpg.rf.8a3cc2f8fc1c8cab6974e8279bbdeda1.txt,corn
train,raw/emam_v14/train/images/Image_63_jpg.rf.95bf39db5a16a5bea40d5dcf17ee5c19.jpg,raw/emam_v14/train/labels/Image_63_jpg.rf.95bf39db5a16a5bea40d5dcf17ee5c19.txt,garlic
train,raw/emam_v14/train/images/Image_63_jpg.rf.9f2c8d026a5172bf2f29f329d08e8833.jpg,raw/emam_v14/train/labels/Image_63_jpg.rf.9f2c8d026a5172bf2f29f329d08e8833.txt,bellpepper
train,raw/emam_v14/train/images/Image_63_jpg.rf.a4c9afabd0a91a6e76cf5b1311e6780d.jpg,raw/emam_v14/train/labels/Image_63_jpg.rf.a4c9afabd0a91a6e76cf5b1311e6780d.txt,corn
train,raw/emam_v14/train/images/Image_63_jpg.rf.af30c809a8a09d8e7f343ed081c16401.jpg,raw/emam_v14/train/labels/Image_63_jpg.rf.af30c809a8a09d8e7f343ed081c16401.txt,sweetcorn
train,raw/emam_v14/train/images/Image_63_jpg.rf.b75d190cde2c94b96b0f7726e4714253.jpg,raw/emam_v14/train/labels/Image_63_jpg.rf.b75d190cde2c94b96b0f7726e4714253.txt,beetroot
train,raw/emam_v14/train/images/Image_63_jpg.rf.b9b66991c26bf6020fe527b3196968aa.jpg,raw/emam_v14/train/labels/Image_63_jpg.rf.b9b66991c26bf6020fe527b3196968aa.txt,beetroot
train,raw/emam_v14/train/images/Image_63_jpg.rf.c061cd0a74ebae8f3ce54c990e31fef1.jpg,raw/emam_v14/train/labels/Image_63_jpg.rf.c061cd0a74ebae8f3ce54c990e31fef1.txt,cauliflower
train,raw/emam_v14/train/images/Image_63_jpg.rf.c1c0e595d70ae3edc21aa8d84a59baac.jpg,raw/emam_v14/train/labels/Image_63_jpg.rf.c1c0e595d70ae3edc21aa8d84a59baac.txt,sweetcorn
train,raw/emam_v14/train/images/Image_63_jpg.rf.c291e4df02361263c49cd3368844f70d.jpg,raw/emam_v14/train/labels/Image_63_jpg.rf.c291e4df02361263c49cd3368844f70d.txt,potato
train,raw/emam_v14/train/images/Image_63_jpg.rf.c793161ee598e181f0d8781024b0d97f.jpg,raw/emam_v14/train/labels/Image_63_jpg.rf.c793161ee598e181f0d8781024b0d97f.txt,bellpepper
train,raw/emam_v14/train/images/Image_63_jpg.rf.c8f5e7f1e6b2808e339bd142f5864de0.jpg,raw/emam_v14/train/labels/Image_63_jpg.rf.c8f5e7f1e6b2808e339bd142f5864de0.txt,lettuce
train,raw/emam_v14/train/images/Image_63_jpg.rf.ccf1724c1022aebe6a1839f327961fe3.jpg,raw/emam_v14/train/labels/Image_63_jpg.rf.ccf1724c1022aebe6a1839f327961fe3.txt,lettuce
train,raw/emam_v14/train/images/Image_63_jpg.rf.eb0b94a56c39116498c85a3d4c83dc40.jpg,raw/emam_v14/train/labels/Image_63_jpg.rf.eb0b94a56c39116498c85a3d4c83dc40.txt,jalapeno
train,raw/emam_v14/train/images/Image_63_jpg.rf.ee230df852f397d79e13207669e58123.jpg,raw/emam_v14/train/labels/Image_63_jpg.rf.ee230df852f397d79e13207669e58123.txt,garlic
train,raw/emam_v14/train/images/Image_63_jpg.rf.f3f45779fdb82e7550d50d38cf055a92.jpg,raw/emam_v14/train/labels/Image_63_jpg.rf.f3f45779fdb82e7550d50d38cf055a92.txt,corn
train,raw/emam_v14/train/images/Image_63_jpg.rf.fe81730c8c1f574941c6bf40e06ec735.jpg,raw/emam_v14/train/labels/Image_63_jpg.rf.fe81730c8c1f574941c6bf40e06ec735.txt,cucumber
train,raw/emam_v14/train/images/Image_63_png_jpg.rf.2b1692f404dd0dd2830b5b42bead3ae7.jpg,raw/emam_v14/train/labels/Image_63_png_jpg.rf.2b1692f404dd0dd2830b5b42bead3ae7.txt,spinach
train,raw/emam_v14/train/images/Image_63_png_jpg.rf.80a88ed55fc4e1de4aedc893f062e280.jpg,raw/emam_v14/train/labels/Image_63_png_jpg.rf.80a88ed55fc4e1de4aedc893f062e280.txt,spinach
train,raw/emam_v14/train/images/Image_63_png_jpg.rf.89e6dea205508624cd64958eb8a16221.jpg,raw/emam_v14/train/labels/Image_63_png_jpg.rf.89e6dea205508624cd64958eb8a16221.txt,onion
train,raw/emam_v14/train/images/Image_63_png_jpg.rf.b44b94aba786e1e82ae614395d9e522b.jpg,raw/emam_v14/train/labels/Image_63_png_jpg.rf.b44b94aba786e1e82ae614395d9e522b.txt,spinach
train,raw/emam_v14/train/images/Image_63_png_jpg.rf.dd1a90992b74d819e1343ea096555d18.jpg,raw/emam_v14/train/labels/Image_63_png_jpg.rf.dd1a90992b74d819e1343ea096555d18.txt,onion
train,raw/emam_v14/train/images/Image_63_png_jpg.rf.eef7813e735e738bd6bd04caf7f4b1fb.jpg,raw/emam_v14/train/labels/Image_63_png_jpg.rf.eef7813e735e738bd6bd04caf7f4b1fb.txt,onion
train,raw/emam_v14/train/images/Image_64_jpeg_jpg.rf.0b0ebf9ea1de19159d6cb4015b1da78b.jpg,raw/emam_v14/train/labels/Image_64_jpeg_jpg.rf.0b0ebf9ea1de19159d6cb4015b1da78b.txt,ladyfinger
train,raw/emam_v14/train/images/Image_64_jpeg_jpg.rf.57d5b8bd33f6678528b5b30959414d6e.jpg,raw/emam_v14/train/labels/Image_64_jpeg_jpg.rf.57d5b8bd33f6678528b5b30959414d6e.txt,ladyfinger
train,raw/emam_v14/train/images/Image_64_jpeg_jpg.rf.f57b7dac2b46a64eae4e5ebc654e64e6.jpg,raw/emam_v14/train/labels/Image_64_jpeg_jpg.rf.f57b7dac2b46a64eae4e5ebc654e64e6.txt,ladyfinger
train,raw/emam_v14/train/images/Image_64_jpg.rf.06180e1b27d170b95ba8e3603c52eb18.jpg,raw/emam_v14/train/labels/Image_64_jpg.rf.06180e1b27d170b95ba8e3603c52eb18.txt,turnip
train,raw/emam_v14/train/images/Image_64_jpg.rf.077641346ad4ca81a7370cb7825594ef.jpg,raw/emam_v14/train/labels/Image_64_jpg.rf.077641346ad4ca81a7370cb7825594ef.txt,bellpepper
train,raw/emam_v14/train/images/Image_64_jpg.rf.13c086bfd6f319e55e7d13ff7a622b30.jpg,raw/emam_v14/train/labels/Image_64_jpg.rf.13c086bfd6f319e55e7d13ff7a622b30.txt,cucumber
train,raw/emam_v14/train/images/Image_64_jpg.rf.1d54468aee1ca78570bb6a187aa230ae.jpg,raw/emam_v14/train/labels/Image_64_jpg.rf.1d54468aee1ca78570bb6a187aa230ae.txt,carrot
train,raw/emam_v14/train/images/Image_64_jpg.rf.27ca53bf964028025608a4cce90642f7.jpg,raw/emam_v14/train/labels/Image_64_jpg.rf.27ca53bf964028025608a4cce90642f7.txt,chillipepper
train,raw/emam_v14/train/images/Image_64_jpg.rf.39307ac17cb1f0c0aadee47747e0e0fa.jpg,raw/emam_v14/train/labels/Image_64_jpg.rf.39307ac17cb1f0c0aadee47747e0e0fa.txt,potato
train,raw/emam_v14/train/images/Image_64_jpg.rf.40064117b696396812fc249274cb0847.jpg,raw/emam_v14/train/labels/Image_64_jpg.rf.40064117b696396812fc249274cb0847.txt,bellpepper
train,raw/emam_v14/train/images/Image_64_jpg.rf.42be1e405b4e0a0f5479adf65f513f89.jpg,raw/emam_v14/train/labels/Image_64_jpg.rf.42be1e405b4e0a0f5479adf65f513f89.txt,peas
train,raw/emam_v14/train/images/Image_64_jpg.rf.4fb6e5e593e2fda7a32cf5f0607ff18d.jpg,raw/emam_v14/train/labels/Image_64_jpg.rf.4fb6e5e593e2fda7a32cf5f0607ff18d.txt,bellpepper
train,raw/emam_v14/train/images/Image_64_jpg.rf.501a6cb22c0d84b51cd6cc87a81deaab.jpg,raw/emam_v14/train/labels/Image_64_jpg.rf.501a6cb22c0d84b51cd6cc87a81deaab.txt,bellpepper
train,raw/emam_v14/train/images/Image_64_jpg.rf.68a414c7176bd123c04ef71a031589f3.jpg,raw/emam_v14/train/labels/Image_64_jpg.rf.68a414c7176bd123c04ef71a031589f3.txt,turnip
train,raw/emam_v14/train/images/Image_64_jpg.rf.7841f9ee7615782a86d88209ed9d133b.jpg,raw/emam_v14/train/labels/Image_64_jpg.rf.7841f9ee7615782a86d88209ed9d133b.txt,lettuce
train,raw/emam_v14/train/images/Image_64_jpg.rf.81482708afda28fb26c1e764b10563b5.jpg,raw/emam_v14/train/labels/Image_64_jpg.rf.81482708afda28fb26c1e764b10563b5.txt,bellpepper
train,raw/emam_v14/train/images/Image_64_jpg.rf.8254adb1585418ec4569da983a3758e7.jpg,raw/emam_v14/train/labels/Image_64_jpg.rf.8254adb1585418ec4569da983a3758e7.txt,radish
train,raw/emam_v14/train/images/Image_64_jpg.rf.8804b4e4c42d444b2e56bf3d162de245.jpg,raw/emam_v14/train/labels/Image_64_jpg.rf.8804b4e4c42d444b2e56bf3d162de245.txt,chillipepper
train,raw/emam_v14/train/images/Image_64_jpg.rf.886e302e9c7a5155ff70ea9ceca1dc3f.jpg,raw/emam_v14/train/labels/Image_64_jpg.rf.886e302e9c7a5155ff70ea9ceca1dc3f.txt,eggplant
train,raw/emam_v14/train/images/Image_64_jpg.rf.9561e8a5d0c02f09980e8f399dd3d3a7.jpg,raw/emam_v14/train/labels/Image_64_jpg.rf.9561e8a5d0c02f09980e8f399dd3d3a7.txt,radish
train,raw/emam_v14/train/images/Image_64_jpg.rf.95652d879314bcceb048a0b3724c94ed.jpg,raw/emam_v14/train/labels/Image_64_jpg.rf.95652d879314bcceb048a0b3724c94ed.txt,eggplant
train,raw/emam_v14/train/images/Image_64_jpg.rf.9631a7509c41693d9f9d36cb0b7db5bc.jpg,raw/emam_v14/train/labels/Image_64_jpg.rf.9631a7509c41693d9f9d36cb0b7db5bc.txt,carrot
train,raw/emam_v14/train/images/Image_64_jpg.rf.9af50ed0910483398b9b581feac11205.jpg,raw/emam_v14/train/labels/Image_64_jpg.rf.9af50ed0910483398b9b581feac11205.txt,peas
train,raw/emam_v14/train/images/Image_64_jpg.rf.a0e49cd7e59ae5b95d3523a2ebb69ad9.jpg,raw/emam_v14/train/labels/Image_64_jpg.rf.a0e49cd7e59ae5b95d3523a2ebb69ad9.txt,lettuce
train,raw/emam_v14/train/images/Image_64_jpg.rf.a308b386aa20bbfe580b35b402965a18.jpg,raw/emam_v14/train/labels/Image_64_jpg.rf.a308b386aa20bbfe580b35b402965a18.txt,carrot
train,raw/emam_v14/train/images/Image_64_jpg.rf.a96a06bc99d54510da13bb32e883d7e8.jpg,raw/emam_v14/train/labels/Image_64_jpg.rf.a96a06bc99d54510da13bb32e883d7e8.txt,radish
train,raw/emam_v14/train/images/Image_64_jpg.rf.b7f2499b896f00be6d4ccd089d76498d.jpg,raw/emam_v14/train/labels/Image_64_jpg.rf.b7f2499b896f00be6d4ccd089d76498d.txt,eggplant
train,raw/emam_v14/train/images/Image_64_jpg.rf.b87954a4d04bc95ae5f4d7fe045a77a8.jpg,raw/emam_v14/train/labels/Image_64_jpg.rf.b87954a4d04bc95ae5f4d7fe045a77a8.txt,cucumber
train,raw/emam_v14/train/images/Image_64_jpg.rf.c1de5234e7305069c9a9eb12f89105a8.jpg,raw/emam_v14/train/labels/Image_64_jpg.rf.c1de5234e7305069c9a9eb12f89105a8.txt,turnip
train,raw/emam_v14/train/images/Image_64_jpg.rf.c3907388a1a194a377eb2fe8dbba45a1.jpg,raw/emam_v14/train/labels/Image_64_jpg.rf.c3907388a1a194a377eb2fe8dbba45a1.txt,potato
train,raw/emam_v14/train/images/Image_64_jpg.rf.c8d81308e374ffe09e559f13bb9b0feb.jpg,raw/emam_v14/train/labels/Image_64_jpg.rf.c8d81308e374ffe09e559f13bb9b0feb.txt,cucumber
train,raw/emam_v14/train/images/Image_64_jpg.rf.cc38b744f02b91d234d788ddba4dda01.jpg,raw/emam_v14/train/labels/Image_64_jpg.rf.cc38b744f02b91d234d788ddba4dda01.txt,peas
train,raw/emam_v14/train/images/Image_64_jpg.rf.cfb0aab7e78b724375e83667df211dcf.jpg,raw/emam_v14/train/labels/Image_64_jpg.rf.cfb0aab7e78b724375e83667df211dcf.txt,potato
train,raw/emam_v14/train/images/Image_64_jpg.rf.f0335286c76cd4c7bfdbad875e6f6fc4.jpg,raw/emam_v14/train/labels/Image_64_jpg.rf.f0335286c76cd4c7bfdbad875e6f6fc4.txt,bellpepper
train,raw/emam_v14/train/images/Image_64_jpg.rf.f21ed3f87bbc8380e53d1fb2f16ad8d7.jpg,raw/emam_v14/train/labels/Image_64_jpg.rf.f21ed3f87bbc8380e53d1fb2f16ad8d7.txt,chillipepper
train,raw/emam_v14/train/images/Image_64_jpg.rf.f3cd54f4b6b9c2f7da478adc13ec513a.jpg,raw/emam_v14/train/labels/Image_64_jpg.rf.f3cd54f4b6b9c2f7da478adc13ec513a.txt,lettuce
train,raw/emam_v14/train/images/Image_64_png_jpg.rf.1f20193272cbf947728e2b15cad0933f.jpg,raw/emam_v14/train/labels/Image_64_png_jpg.rf.1f20193272cbf947728e2b15cad0933f.txt,sweetcorn
train,raw/emam_v14/train/images/Image_64_png_jpg.rf.373945b64e2d63772f5c186cd3d3d73b.jpg,raw/emam_v14/train/labels/Image_64_png_jpg.rf.373945b64e2d63772f5c186cd3d3d73b.txt,lemon
train,raw/emam_v14/train/images/Image_64_png_jpg.rf.4f38b320b31f5f3bf40d08c2c281c8de.jpg,raw/emam_v14/train/labels/Image_64_png_jpg.rf.4f38b320b31f5f3bf40d08c2c281c8de.txt,lemon
train,raw/emam_v14/train/images/Image_64_png_jpg.rf.7e8c137f78e671b456552ce6a58040f3.jpg,raw/emam_v14/train/labels/Image_64_png_jpg.rf.7e8c137f78e671b456552ce6a58040f3.txt,lemon
train,raw/emam_v14/train/images/Image_64_png_jpg.rf.8303b1353f934f9bed0ffdc483d0aba6.jpg,raw/emam_v14/train/labels/Image_64_png_jpg.rf.8303b1353f934f9bed0ffdc483d0aba6.txt,sweetcorn
train,raw/emam_v14/train/images/Image_64_png_jpg.rf.fd763b208e16535ba226d5f5b5b94661.jpg,raw/emam_v14/train/labels/Image_64_png_jpg.rf.fd763b208e16535ba226d5f5b5b94661.txt,sweetcorn
train,raw/emam_v14/train/images/Image_65_jpeg_jpg.rf.91d133c47e5062f6708c313311813f0a.jpg,raw/emam_v14/train/labels/Image_65_jpeg_jpg.rf.91d133c47e5062f6708c313311813f0a.txt,ladyfinger
train,raw/emam_v14/train/images/Image_65_jpeg_jpg.rf.c2efdd8fae59bff9e2a9dc61d09ac701.jpg,raw/emam_v14/train/labels/Image_65_jpeg_jpg.rf.c2efdd8fae59bff9e2a9dc61d09ac701.txt,ladyfinger
train,raw/emam_v14/train/images/Image_65_jpeg_jpg.rf.f769d97ee6f8bda7e56025aa0fa431ea.jpg,raw/emam_v14/train/labels/Image_65_jpeg_jpg.rf.f769d97ee6f8bda7e56025aa0fa431ea.txt,ladyfinger
train,raw/emam_v14/train/images/Image_65_jpg.rf.10323d5d57e46b600e756e07de398259.jpg,raw/emam_v14/train/labels/Image_65_jpg.rf.10323d5d57e46b600e756e07de398259.txt,cauliflower
train,raw/emam_v14/train/images/Image_65_jpg.rf.114c5b179e8e6ba63fa924eeffedc12b.jpg,raw/emam_v14/train/labels/Image_65_jpg.rf.114c5b179e8e6ba63fa924eeffedc12b.txt,bellpepper
train,raw/emam_v14/train/images/Image_65_jpg.rf.163168a64da6a42fe4a1cc93375844f7.jpg,raw/emam_v14/train/labels/Image_65_jpg.rf.163168a64da6a42fe4a1cc93375844f7.txt,eggplant
train,raw/emam_v14/train/images/Image_65_jpg.rf.1c37716558af656f03701cec799bc330.jpg,raw/emam_v14/train/labels/Image_65_jpg.rf.1c37716558af656f03701cec799bc330.txt,chillipepper
train,raw/emam_v14/train/images/Image_65_jpg.rf.21f984f426821b3bbfcd16a523d477af.jpg,raw/emam_v14/train/labels/Image_65_jpg.rf.21f984f426821b3bbfcd16a523d477af.txt,cauliflower
train,raw/emam_v14/train/images/Image_65_jpg.rf.2536b3d95f4b6b639518016a9951a793.jpg,raw/emam_v14/train/labels/Image_65_jpg.rf.2536b3d95f4b6b639518016a9951a793.txt,cabbage
train,raw/emam_v14/train/images/Image_65_jpg.rf.2b4225b7a70801b448e6281b10de3ba2.jpg,raw/emam_v14/train/labels/Image_65_jpg.rf.2b4225b7a70801b448e6281b10de3ba2.txt,tomato
train,raw/emam_v14/train/images/Image_65_jpg.rf.2b888e33298ff602f8d3b620b7ad1801.jpg,raw/emam_v14/train/labels/Image_65_jpg.rf.2b888e33298ff602f8d3b620b7ad1801.txt,jalapeno
train,raw/emam_v14/train/images/Image_65_jpg.rf.2bd25e2be6f9212a3c213fbb7b676270.jpg,raw/emam_v14/train/labels/Image_65_jpg.rf.2bd25e2be6f9212a3c213fbb7b676270.txt,cabbage
train,raw/emam_v14/train/images/Image_65_jpg.rf.4d4004d5fbb7f8dde4e87496082c457a.jpg,raw/emam_v14/train/labels/Image_65_jpg.rf.4d4004d5fbb7f8dde4e87496082c457a.txt,carrot
train,raw/emam_v14/train/images/Image_65_jpg.rf.5ea567d88c02df96bcd66222c3fa7a09.jpg,raw/emam_v14/train/labels/Image_65_jpg.rf.5ea567d88c02df96bcd66222c3fa7a09.txt,radish
train,raw/emam_v14/train/images/Image_65_jpg.rf.60f4e5cea95f5a7b7b1c87b4b2e85bfd.jpg,raw/emam_v14/train/labels/Image_65_jpg.rf.60f4e5cea95f5a7b7b1c87b4b2e85bfd.txt,bellpepper
train,raw/emam_v14/train/images/Image_65_jpg.rf.673b9b6a707f93d8722b7607a621cd2d.jpg,raw/emam_v14/train/labels/Image_65_jpg.rf.673b9b6a707f93d8722b7607a621cd2d.txt,chillipepper
train,raw/emam_v14/train/images/Image_65_jpg.rf.6e51c03c48d312dda84c236def0dbcfd.jpg,raw/emam_v14/train/labels/Image_65_jpg.rf.6e51c03c48d312dda84c236def0dbcfd.txt,peas
train,raw/emam_v14/train/images/Image_65_jpg.rf.6edd35ecd6880af93116c2729844ec96.jpg,raw/emam_v14/train/labels/Image_65_jpg.rf.6edd35ecd6880af93116c2729844ec96.txt,carrot
train,raw/emam_v14/train/images/Image_65_jpg.rf.71993f73208b550eb0ca684e5b46f9d1.jpg,raw/emam_v14/train/labels/Image_65_jpg.rf.71993f73208b550eb0ca684e5b46f9d1.txt,tomato
train,raw/emam_v14/train/images/Image_65_jpg.rf.72736cb59414262efb0b5e6330d1a123.jpg,raw/emam_v14/train/labels/Image_65_jpg.rf.72736cb59414262efb0b5e6330d1a123.txt,bellpepper
train,raw/emam_v14/train/images/Image_65_jpg.rf.74cad4ffa50669a1440fce56fbd8e32f.jpg,raw/emam_v14/train/labels/Image_65_jpg.rf.74cad4ffa50669a1440fce56fbd8e32f.txt,jalapeno
train,raw/emam_v14/train/images/Image_65_jpg.rf.7d44563cb09cc3c98e49c5c5fc8f69b2.jpg,raw/emam_v14/train/labels/Image_65_jpg.rf.7d44563cb09cc3c98e49c5c5fc8f69b2.txt,peas
train,raw/emam_v14/train/images/Image_65_jpg.rf.7e2475675894c4023ce81f6341c92a7e.jpg,raw/emam_v14/train/labels/Image_65_jpg.rf.7e2475675894c4023ce81f6341c92a7e.txt,garlic
train,raw/emam_v14/train/images/Image_65_jpg.rf.875b28ca3bed1bacd55c96fed4655017.jpg,raw/emam_v14/train/labels/Image_65_jpg.rf.875b28ca3bed1bacd55c96fed4655017.txt,tomato
train,raw/emam_v14/train/images/Image_65_jpg.rf.96155a808170872886615138fcc9a616.jpg,raw/emam_v14/train/labels/Image_65_jpg.rf.96155a808170872886615138fcc9a616.txt,sweetcorn
train,raw/emam_v14/train/images/Image_65_jpg.rf.993cab254cb6688ff30a76cb43684509.jpg,raw/emam_v14/train/labels/Image_65_jpg.rf.993cab254cb6688ff30a76cb43684509.txt,cabbage
train,raw/emam_v14/train/images/Image_65_jpg.rf.a75b9d647c29fc863df233924b5067f7.jpg,raw/emam_v14/train/labels/Image_65_jpg.rf.a75b9d647c29fc863df233924b5067f7.txt,sweetcorn
train,raw/emam_v14/train/images/Image_65_jpg.rf.ac7a4ad5ef90766ffe8d28f3c6a1dbed.jpg,raw/emam_v14/train/labels/Image_65_jpg.rf.ac7a4ad5ef90766ffe8d28f3c6a1dbed.txt,garlic
train,raw/emam_v14/train/images/Image_65_jpg.rf.afcae0d1691f1801b14e556a2bda9b53.jpg,raw/emam_v14/train/labels/Image_65_jpg.rf.afcae0d1691f1801b14e556a2bda9b53.txt,peas
train,raw/emam_v14/train/images/Image_65_jpg.rf.b109d8c8e9578dbf1fb262743eef5df7.jpg,raw/emam_v14/train/labels/Image_65_jpg.rf.b109d8c8e9578dbf1fb262743eef5df7.txt,carrot
train,raw/emam_v14/train/images/Image_65_jpg.rf.bf105684c27cf5a39b636da35d190718.jpg,raw/emam_v14/train/labels/Image_65_jpg.rf.bf105684c27cf5a39b636da35d190718.txt,bellpepper
train,raw/emam_v14/train/images/Image_65_jpg.rf.c6f04489ee7d13fa229d7724cd584194.jpg,raw/emam_v14/train/labels/Image_65_jpg.rf.c6f04489ee7d13fa229d7724cd584194.txt,sweetcorn
train,raw/emam_v14/train/images/Image_65_jpg.rf.c905465cbe17ae7a1695f9e02d68628e.jpg,raw/emam_v14/train/labels/Image_65_jpg.rf.c905465cbe17ae7a1695f9e02d68628e.txt,lettuce
train,raw/emam_v14/train/images/Image_65_jpg.rf.cc4c55532740331420bf797f1827719d.jpg,raw/emam_v14/train/labels/Image_65_jpg.rf.cc4c55532740331420bf797f1827719d.txt,jalapeno
train,raw/emam_v14/train/images/Image_65_jpg.rf.d206b10e7e6e47e151a4d8835986a136.jpg,raw/emam_v14/train/labels/Image_65_jpg.rf.d206b10e7e6e47e151a4d8835986a136.txt,radish
train,raw/emam_v14/train/images/Image_65_jpg.rf.da56c31793f6a16a921096d7d7aae2df.jpg,raw/emam_v14/train/labels/Image_65_jpg.rf.da56c31793f6a16a921096d7d7aae2df.txt,bellpepper
train,raw/emam_v14/train/images/Image_65_jpg.rf.e3efda9bb6bb2f33e47e935516841364.jpg,raw/emam_v14/train/labels/Image_65_jpg.rf.e3efda9bb6bb2f33e47e935516841364.txt,cauliflower
train,raw/emam_v14/train/images/Image_65_jpg.rf.e8c48bc3903c393779c0791218373252.jpg,raw/emam_v14/train/labels/Image_65_jpg.rf.e8c48bc3903c393779c0791218373252.txt,radish
train,raw/emam_v14/train/images/Image_65_jpg.rf.eb167789b5929d4402fa6d233e5ac4a9.jpg,raw/emam_v14/train/labels/Image_65_jpg.rf.eb167789b5929d4402fa6d233e5ac4a9.txt,eggplant
train,raw/emam_v14/train/images/Image_65_jpg.rf.ebca934f3c9d4a5835b4fd08cdcc5eab.jpg,raw/emam_v14/train/labels/Image_65_jpg.rf.ebca934f3c9d4a5835b4fd08cdcc5eab.txt,eggplant
train,raw/emam_v14/train/images/Image_65_jpg.rf.f027d83f78edd569f179150221c3f2b4.jpg,raw/emam_v14/train/labels/Image_65_jpg.rf.f027d83f78edd569f179150221c3f2b4.txt,lettuce
train,raw/emam_v14/train/images/Image_65_jpg.rf.f7df22707413d4dd44492cd61ec57bf3.jpg,raw/emam_v14/train/labels/Image_65_jpg.rf.f7df22707413d4dd44492cd61ec57bf3.txt,chillipepper
train,raw/emam_v14/train/images/Image_65_jpg.rf.f886c918a1c107ba95e3e138062c8429.jpg,raw/emam_v14/train/labels/Image_65_jpg.rf.f886c918a1c107ba95e3e138062c8429.txt,garlic
train,raw/emam_v14/train/images/Image_65_jpg.rf.fb7d68b6803887a7cd0f092d51ee5877.jpg,raw/emam_v14/train/labels/Image_65_jpg.rf.fb7d68b6803887a7cd0f092d51ee5877.txt,lettuce
train,raw/emam_v14/train/images/Image_65_jpg.rf.fe973f3e47a283ae3983737b4a8c9498.jpg,raw/emam_v14/train/labels/Image_65_jpg.rf.fe973f3e47a283ae3983737b4a8c9498.txt,bellpepper
train,raw/emam_v14/train/images/Image_65_png_jpg.rf.57bce986a0eea9973bd128263ad29c31.jpg,raw/emam_v14/train/labels/Image_65_png_jpg.rf.57bce986a0eea9973bd128263ad29c31.txt,potato
train,raw/emam_v14/train/images/Image_65_png_jpg.rf.677f339713f81c5dd9b43e9b16189ded.jpg,raw/emam_v14/train/labels/Image_65_png_jpg.rf.677f339713f81c5dd9b43e9b16189ded.txt,potato
train,raw/emam_v14/train/images/Image_65_png_jpg.rf.bdeedd0ae820266b78c46227a867c3b3.jpg,raw/emam_v14/train/labels/Image_65_png_jpg.rf.bdeedd0ae820266b78c46227a867c3b3.txt,potato
train,raw/emam_v14/train/images/Image_66_JPG_jpg.rf.3067c7d16795582f68b71355465dee38.jpg,raw/emam_v14/train/labels/Image_66_JPG_jpg.rf.3067c7d16795582f68b71355465dee38.txt,peas
train,raw/emam_v14/train/images/Image_66_JPG_jpg.rf.60b9cc61814be557a403e9c2a54827a7.jpg,raw/emam_v14/train/labels/Image_66_JPG_jpg.rf.60b9cc61814be557a403e9c2a54827a7.txt,peas
train,raw/emam_v14/train/images/Image_66_JPG_jpg.rf.b70f1615018da47872bd0c003e4a13da.jpg,raw/emam_v14/train/labels/Image_66_JPG_jpg.rf.b70f1615018da47872bd0c003e4a13da.txt,peas
train,raw/emam_v14/train/images/Image_66_jpg.rf.02b7ae32c1c913a11b91bcd71321429a.jpg,raw/emam_v14/train/labels/Image_66_jpg.rf.02b7ae32c1c913a11b91bcd71321429a.txt,spinach
train,raw/emam_v14/train/images/Image_66_jpg.rf.0a49f48814ad901efd6400551bb010c4.jpg,raw/emam_v14/train/labels/Image_66_jpg.rf.0a49f48814ad901efd6400551bb010c4.txt,cabbage
train,raw/emam_v14/train/images/Image_66_jpg.rf.0c9241b7d97f7f816cc9b3b4aed63eaf.jpg,raw/emam_v14/train/labels/Image_66_jpg.rf.0c9241b7d97f7f816cc9b3b4aed63eaf.txt,jalapeno
train,raw/emam_v14/train/images/Image_66_jpg.rf.0d500d7ca1ba1431c8de40119836b353.jpg,raw/emam_v14/train/labels/Image_66_jpg.rf.0d500d7ca1ba1431c8de40119836b353.txt,eggplant
train,raw/emam_v14/train/images/Image_66_jpg.rf.1a07d242ba171e8bd30324c74388eeff.jpg,raw/emam_v14/train/labels/Image_66_jpg.rf.1a07d242ba171e8bd30324c74388eeff.txt,corn
train,raw/emam_v14/train/images/Image_66_jpg.rf.1fa5c3d3869ce6e74a3432c2eb54623d.jpg,raw/emam_v14/train/labels/Image_66_jpg.rf.1fa5c3d3869ce6e74a3432c2eb54623d.txt,spinach
train,raw/emam_v14/train/images/Image_66_jpg.rf.20782b0ae7b9caa1655cb761bdfd76c9.jpg,raw/emam_v14/train/labels/Image_66_jpg.rf.20782b0ae7b9caa1655cb761bdfd76c9.txt,cucumber
train,raw/emam_v14/train/images/Image_66_jpg.rf.312fbac4a40c49be66ba1487602db284.jpg,raw/emam_v14/train/labels/Image_66_jpg.rf.312fbac4a40c49be66ba1487602db284.txt,carrot
train,raw/emam_v14/train/images/Image_66_jpg.rf.3d44d7860f50259aede763b0fec5fac9.jpg,raw/emam_v14/train/labels/Image_66_jpg.rf.3d44d7860f50259aede763b0fec5fac9.txt,eggplant
train,raw/emam_v14/train/images/Image_66_jpg.rf.47172a27cb66faab496736e20339d184.jpg,raw/emam_v14/train/labels/Image_66_jpg.rf.47172a27cb66faab496736e20339d184.txt,garlic
train,raw/emam_v14/train/images/Image_66_jpg.rf.58231fdf5e6d2e6f5c425560a615761c.jpg,raw/emam_v14/train/labels/Image_66_jpg.rf.58231fdf5e6d2e6f5c425560a615761c.txt,bellpepper
train,raw/emam_v14/train/images/Image_66_jpg.rf.5da682ea3ec2fd6184c8f48c9da2c04e.jpg,raw/emam_v14/train/labels/Image_66_jpg.rf.5da682ea3ec2fd6184c8f48c9da2c04e.txt,spinach
train,raw/emam_v14/train/images/Image_66_jpg.rf.63957331cac68bdc177c70654b2384ff.jpg,raw/emam_v14/train/labels/Image_66_jpg.rf.63957331cac68bdc177c70654b2384ff.txt,tomato
train,raw/emam_v14/train/images/Image_66_jpg.rf.687d5a8100bbef841af5db85494eda6e.jpg,raw/emam_v14/train/labels/Image_66_jpg.rf.687d5a8100bbef841af5db85494eda6e.txt,beetroot
train,raw/emam_v14/train/images/Image_66_jpg.rf.6a2e3f0b2c232b5e2b6765bab1d20200.jpg,raw/emam_v14/train/labels/Image_66_jpg.rf.6a2e3f0b2c232b5e2b6765bab1d20200.txt,radish
train,raw/emam_v14/train/images/Image_66_jpg.rf.6d5f3be7f945f0d564146259b44ab7a0.jpg,raw/emam_v14/train/labels/Image_66_jpg.rf.6d5f3be7f945f0d564146259b44ab7a0.txt,onion
train,raw/emam_v14/train/images/Image_66_jpg.rf.76ff5264668a0a2c921a45c03415535e.jpg,raw/emam_v14/train/labels/Image_66_jpg.rf.76ff5264668a0a2c921a45c03415535e.txt,beetroot
train,raw/emam_v14/train/images/Image_66_jpg.rf.77367ff01f384827dfd3d0e6245bd8cc.jpg,raw/emam_v14/train/labels/Image_66_jpg.rf.77367ff01f384827dfd3d0e6245bd8cc.txt,chillipepper
train,raw/emam_v14/train/images/Image_66_jpg.rf.78ce824ef58e74ad14d35e33d04ff06d.jpg,raw/emam_v14/train/labels/Image_66_jpg.rf.78ce824ef58e74ad14d35e33d04ff06d.txt,cucumber
train,raw/emam_v14/train/images/Image_66_jpg.rf.7dc68c4fb4bb9bf97b81f9bcac9b6823.jpg,raw/emam_v14/train/labels/Image_66_jpg.rf.7dc68c4fb4bb9bf97b81f9bcac9b6823.txt,bellpepper
train,raw/emam_v14/train/images/Image_66_jpg.rf.83fb4bdb645f4b70736e05bae68ceafd.jpg,raw/emam_v14/train/labels/Image_66_jpg.rf.83fb4bdb645f4b70736e05bae68ceafd.txt,radish
train,raw/emam_v14/train/images/Image_66_jpg.rf.8f4153834ac9893a19db820eb841334f.jpg,raw/emam_v14/train/labels/Image_66_jpg.rf.8f4153834ac9893a19db820eb841334f.txt,corn
train,raw/emam_v14/train/images/Image_66_jpg.rf.925780f7c050d9facf3ae73b4f70c3d4.jpg,raw/emam_v14/train/labels/Image_66_jpg.rf.925780f7c050d9facf3ae73b4f70c3d4.txt,sweetpotato
train,raw/emam_v14/train/images/Image_66_jpg.rf.93ac7d8c4df292ade60d828730e245a1.jpg,raw/emam_v14/train/labels/Image_66_jpg.rf.93ac7d8c4df292ade60d828730e245a1.txt,jalapeno
train,raw/emam_v14/train/images/Image_66_jpg.rf.98ebddda9bc396c24a9aaa7cfdc1690a.jpg,raw/emam_v14/train/labels/Image_66_jpg.rf.98ebddda9bc396c24a9aaa7cfdc1690a.txt,bellpepper
train,raw/emam_v14/train/images/Image_66_jpg.rf.9e4a4565c27782d9f10ac673e928e922.jpg,raw/emam_v14/train/labels/Image_66_jpg.rf.9e4a4565c27782d9f10ac673e928e922.txt,garlic
train,raw/emam_v14/train/images/Image_66_jpg.rf.aefcfb92d17fdd95dcffe202cbdcce40.jpg,raw/emam_v14/train/labels/Image_66_jpg.rf.aefcfb92d17fdd95dcffe202cbdcce40.txt,chillipepper
train,raw/emam_v14/train/images/Image_66_jpg.rf.af003d2247a3b2f161235bf5d07344f6.jpg,raw/emam_v14/train/labels/Image_66_jpg.rf.af003d2247a3b2f161235bf5d07344f6.txt,onion
train,raw/emam_v14/train/images/Image_66_jpg.rf.b2524a5f2b40c94188f039d4c7baaa30.jpg,raw/emam_v14/train/labels/Image_66_jpg.rf.b2524a5f2b40c94188f039d4c7baaa30.txt,garlic
train,raw/emam_v14/train/images/Image_66_jpg.rf.b6c5cba79f91f05b0cabbe1bb761d614.jpg,raw/emam_v14/train/labels/Image_66_jpg.rf.b6c5cba79f91f05b0cabbe1bb761d614.txt,eggplant
train,raw/emam_v14/train/images/Image_66_jpg.rf.b7b2d256eea639cab87a696644fbbe57.jpg,raw/emam_v14/train/labels/Image_66_jpg.rf.b7b2d256eea639cab87a696644fbbe57.txt,onion
train,raw/emam_v14/train/images/Image_66_jpg.rf.bd0247f77058e8c1ee23856731ed9163.jpg,raw/emam_v14/train/labels/Image_66_jpg.rf.bd0247f77058e8c1ee23856731ed9163.txt,corn
train,raw/emam_v14/train/images/Image_66_jpg.rf.bd6b861bb74895ff78143b61154bba6e.jpg,raw/emam_v14/train/labels/Image_66_jpg.rf.bd6b861bb74895ff78143b61154bba6e.txt,beetroot
train,raw/emam_v14/train/images/Image_66_jpg.rf.bd99fea49cc994e713fcde97fd690aef.jpg,raw/emam_v14/train/labels/Image_66_jpg.rf.bd99fea49cc994e713fcde97fd690aef.txt,sweetpotato
train,raw/emam_v14/train/images/Image_66_jpg.rf.c66ec7a68c2f934012e25486281101b5.jpg,raw/emam_v14/train/labels/Image_66_jpg.rf.c66ec7a68c2f934012e25486281101b5.txt,jalapeno
train,raw/emam_v14/train/images/Image_66_jpg.rf.c846552fd2f021575bfbd7b056d4652a.jpg,raw/emam_v14/train/labels/Image_66_jpg.rf.c846552fd2f021575bfbd7b056d4652a.txt,cabbage
train,raw/emam_v14/train/images/Image_66_jpg.rf.c9f17059544fe19fc5b0286239c75876.jpg,raw/emam_v14/train/labels/Image_66_jpg.rf.c9f17059544fe19fc5b0286239c75876.txt,carrot
train,raw/emam_v14/train/images/Image_66_jpg.rf.cc62352fe97362d23a2ad2da9f3d7a30.jpg,raw/emam_v14/train/labels/Image_66_jpg.rf.cc62352fe97362d23a2ad2da9f3d7a30.txt,tomato
train,raw/emam_v14/train/images/Image_66_jpg.rf.d39f8948fce50b08e6b9f786d5ae25a9.jpg,raw/emam_v14/train/labels/Image_66_jpg.rf.d39f8948fce50b08e6b9f786d5ae25a9.txt,tomato
train,raw/emam_v14/train/images/Image_66_jpg.rf.dd3a7cb66d300c7efa117b2fce9fa9bc.jpg,raw/emam_v14/train/labels/Image_66_jpg.rf.dd3a7cb66d300c7efa117b2fce9fa9bc.txt,bellpepper
train,raw/emam_v14/train/images/Image_66_jpg.rf.de8da06e2f74ecceffe7de3bfb5a37a8.jpg,raw/emam_v14/train/labels/Image_66_jpg.rf.de8da06e2f74ecceffe7de3bfb5a37a8.txt,cucumber
train,raw/emam_v14/train/images/Image_66_jpg.rf.e4653bd65afb83a562497ee20febdf61.jpg,raw/emam_v14/train/labels/Image_66_jpg.rf.e4653bd65afb83a562497ee20febdf61.txt,bellpepper
train,raw/emam_v14/train/images/Image_66_jpg.rf.e74d058ef5485c6051cbb6c5f65e80c8.jpg,raw/emam_v14/train/labels/Image_66_jpg.rf.e74d058ef5485c6051cbb6c5f65e80c8.txt,bellpepper
train,raw/emam_v14/train/images/Image_66_jpg.rf.e7ddb459908a2c79eb3f569d2fcf6941.jpg,raw/emam_v14/train/labels/Image_66_jpg.rf.e7ddb459908a2c79eb3f569d2fcf6941.txt,chillipepper
train,raw/emam_v14/train/images/Image_66_jpg.rf.e8a934a4743397e34a2bba5a01afdead.jpg,raw/emam_v14/train/labels/Image_66_jpg.rf.e8a934a4743397e34a2bba5a01afdead.txt,radish
train,raw/emam_v14/train/images/Image_66_jpg.rf.ed899ae69e50eda683955b2ab8ff06be.jpg,raw/emam_v14/train/labels/Image_66_jpg.rf.ed899ae69e50eda683955b2ab8ff06be.txt,carrot
train,raw/emam_v14/train/images/Image_66_jpg.rf.faa9ad87e203e22664a7136ad480c3ad.jpg,raw/emam_v14/train/labels/Image_66_jpg.rf.faa9ad87e203e22664a7136ad480c3ad.txt,cabbage
train,raw/emam_v14/train/images/Image_66_jpg.rf.fcc7d0dd70ae7b110c57d1ae4a4bd222.jpg,raw/emam_v14/train/labels/Image_66_jpg.rf.fcc7d0dd70ae7b110c57d1ae4a4bd222.txt,sweetpotato
train,raw/emam_v14/train/images/Image_66_png_jpg.rf.3dc195fd3a6e85cc1e3ae0186dfc1f7b.jpg,raw/emam_v14/train/labels/Image_66_png_jpg.rf.3dc195fd3a6e85cc1e3ae0186dfc1f7b.txt,turnip
train,raw/emam_v14/train/images/Image_66_png_jpg.rf.5daa7a9ce6738ef137c15cfdd288ec77.jpg,raw/emam_v14/train/labels/Image_66_png_jpg.rf.5daa7a9ce6738ef137c15cfdd288ec77.txt,turnip
train,raw/emam_v14/train/images/Image_66_png_jpg.rf.9f006184840b2912c6ac25b18dbffcbf.jpg,raw/emam_v14/train/labels/Image_66_png_jpg.rf.9f006184840b2912c6ac25b18dbffcbf.txt,turnip
train,raw/emam_v14/train/images/Image_67_jpeg_jpg.rf.1a9613e2c51e6106372cecd62ed33173.jpg,raw/emam_v14/train/labels/Image_67_jpeg_jpg.rf.1a9613e2c51e6106372cecd62ed33173.txt,ladyfinger
train,raw/emam_v14/train/images/Image_67_jpeg_jpg.rf.8c998be8d8237f3c5bf5b1287a7ab6d9.jpg,raw/emam_v14/train/labels/Image_67_jpeg_jpg.rf.8c998be8d8237f3c5bf5b1287a7ab6d9.txt,ladyfinger
train,raw/emam_v14/train/images/Image_67_jpeg_jpg.rf.9effb6e0fb2885aac3513516f69c04e9.jpg,raw/emam_v14/train/labels/Image_67_jpeg_jpg.rf.9effb6e0fb2885aac3513516f69c04e9.txt,ladyfinger
train,raw/emam_v14/train/images/Image_67_jpg.rf.09603fb17f79c22df014775fbfb6c6f7.jpg,raw/emam_v14/train/labels/Image_67_jpg.rf.09603fb17f79c22df014775fbfb6c6f7.txt,ginger
train,raw/emam_v14/train/images/Image_67_jpg.rf.29dcf29f1cf93fff34f1331b268b41b0.jpg,raw/emam_v14/train/labels/Image_67_jpg.rf.29dcf29f1cf93fff34f1331b268b41b0.txt,peas
train,raw/emam_v14/train/images/Image_67_jpg.rf.2e63633f2a530dbffc157d5aa1217a11.jpg,raw/emam_v14/train/labels/Image_67_jpg.rf.2e63633f2a530dbffc157d5aa1217a11.txt,ginger
train,raw/emam_v14/train/images/Image_67_jpg.rf.43520b95441abe230d362e9f0cf92c2d.jpg,raw/emam_v14/train/labels/Image_67_jpg.rf.43520b95441abe230d362e9f0cf92c2d.txt,ginger
train,raw/emam_v14/train/images/Image_67_jpg.rf.4e1da7ddeab66f78e9501e5848c6d692.jpg,raw/emam_v14/train/labels/Image_67_jpg.rf.4e1da7ddeab66f78e9501e5848c6d692.txt,eggplant
train,raw/emam_v14/train/images/Image_67_jpg.rf.69d138b29f8a6212aad2d999be502da8.jpg,raw/emam_v14/train/labels/Image_67_jpg.rf.69d138b29f8a6212aad2d999be502da8.txt,radish
train,raw/emam_v14/train/images/Image_67_jpg.rf.75f3fc8aeebf0a0f8bb0cdb6a54e4427.jpg,raw/emam_v14/train/labels/Image_67_jpg.rf.75f3fc8aeebf0a0f8bb0cdb6a54e4427.txt,radish
train,raw/emam_v14/train/images/Image_67_jpg.rf.7e67012bb569449eeaf4446fa80b8c95.jpg,raw/emam_v14/train/labels/Image_67_jpg.rf.7e67012bb569449eeaf4446fa80b8c95.txt,tomato
train,raw/emam_v14/train/images/Image_67_jpg.rf.a0e65b672370522e1f34fc34097e6b76.jpg,raw/emam_v14/train/labels/Image_67_jpg.rf.a0e65b672370522e1f34fc34097e6b76.txt,turnip
train,raw/emam_v14/train/images/Image_67_jpg.rf.aba8ac3d470fe19a561bd61bc64dc746.jpg,raw/emam_v14/train/labels/Image_67_jpg.rf.aba8ac3d470fe19a561bd61bc64dc746.txt,bellpepper
train,raw/emam_v14/train/images/Image_67_jpg.rf.ad078bae5774b4f49fa8b869dfbc4ac4.jpg,raw/emam_v14/train/labels/Image_67_jpg.rf.ad078bae5774b4f49fa8b869dfbc4ac4.txt,radish
train,raw/emam_v14/train/images/Image_67_jpg.rf.b728ba816a1b61cd60c433b17866ee3e.jpg,raw/emam_v14/train/labels/Image_67_jpg.rf.b728ba816a1b61cd60c433b17866ee3e.txt,bellpepper
train,raw/emam_v14/train/images/Image_67_jpg.rf.c03f31df61514da82b71869be6216a93.jpg,raw/emam_v14/train/labels/Image_67_jpg.rf.c03f31df61514da82b71869be6216a93.txt,peas
train,raw/emam_v14/train/images/Image_67_jpg.rf.c7dec315dc3690c7be449c4737726dd5.jpg,raw/emam_v14/train/labels/Image_67_jpg.rf.c7dec315dc3690c7be449c4737726dd5.txt,tomato
train,raw/emam_v14/train/images/Image_67_jpg.rf.c8495ee5be7b12ab2fe22d83a55f931a.jpg,raw/emam_v14/train/labels/Image_67_jpg.rf.c8495ee5be7b12ab2fe22d83a55f931a.txt,eggplant
train,raw/emam_v14/train/images/Image_67_jpg.rf.d8fa12eba3e40eaa07f92a2ce771af47.jpg,raw/emam_v14/train/labels/Image_67_jpg.rf.d8fa12eba3e40eaa07f92a2ce771af47.txt,turnip
train,raw/emam_v14/train/images/Image_67_jpg.rf.d9eef9c5edbea27aaa6daf082fbd65bf.jpg,raw/emam_v14/train/labels/Image_67_jpg.rf.d9eef9c5edbea27aaa6daf082fbd65bf.txt,tomato
train,raw/emam_v14/train/images/Image_67_jpg.rf.e22947312a18761b174b24865ef270b7.jpg,raw/emam_v14/train/labels/Image_67_jpg.rf.e22947312a18761b174b24865ef270b7.txt,eggplant
train,raw/emam_v14/train/images/Image_67_jpg.rf.ef9672443390d45c53e85333ee911d98.jpg,raw/emam_v14/train/labels/Image_67_jpg.rf.ef9672443390d45c53e85333ee911d98.txt,turnip
train,raw/emam_v14/train/images/Image_67_jpg.rf.f55d052ee1edb7fbe8073c25ab709cc8.jpg,raw/emam_v14/train/labels/Image_67_jpg.rf.f55d052ee1edb7fbe8073c25ab709cc8.txt,peas
train,raw/emam_v14/train/images/Image_67_jpg.rf.f6bb264ea0bacf8fefb4d05b3a4af2aa.jpg,raw/emam_v14/train/labels/Image_67_jpg.rf.f6bb264ea0bacf8fefb4d05b3a4af2aa.txt,bellpepper
train,raw/emam_v14/train/images/Image_67_png_jpg.rf.0572980e1b6cadf3674be5ec0e4aca74.jpg,raw/emam_v14/train/labels/Image_67_png_jpg.rf.0572980e1b6cadf3674be5ec0e4aca74.txt,spinach
train,raw/emam_v14/train/images/Image_67_png_jpg.rf.2b6809660c71914ad7ddcc08903fa343.jpg,raw/emam_v14/train/labels/Image_67_png_jpg.rf.2b6809660c71914ad7ddcc08903fa343.txt,spinach
train,raw/emam_v14/train/images/Image_67_png_jpg.rf.5b2ecdb00b9f0489a151a079eeb8f039.jpg,raw/emam_v14/train/labels/Image_67_png_jpg.rf.5b2ecdb00b9f0489a151a079eeb8f039.txt,spinach
train,raw/emam_v14/train/images/Image_68_JPG_jpg.rf.a80defe1b9eb88e8f03c2d1064a8b018.jpg,raw/emam_v14/train/labels/Image_68_JPG_jpg.rf.a80defe1b9eb88e8f03c2d1064a8b018.txt,turnip
train,raw/emam_v14/train/images/Image_68_JPG_jpg.rf.baf13448c38ed581b7261e37f59caf82.jpg,raw/emam_v14/train/labels/Image_68_JPG_jpg.rf.baf13448c38ed581b7261e37f59caf82.txt,turnip
train,raw/emam_v14/train/images/Image_68_JPG_jpg.rf.f85728c9111666ad256aa0687043cd98.jpg,raw/emam_v14/train/labels/Image_68_JPG_jpg.rf.f85728c9111666ad256aa0687043cd98.txt,turnip
train,raw/emam_v14/train/images/Image_68_jpeg_jpg.rf.0fe462569d02f3a0a331fc9ff9f13ac5.jpg,raw/emam_v14/train/labels/Image_68_jpeg_jpg.rf.0fe462569d02f3a0a331fc9ff9f13ac5.txt,ladyfinger
train,raw/emam_v14/train/images/Image_68_jpeg_jpg.rf.4a9bd3183166f6ca954724aea493d269.jpg,raw/emam_v14/train/labels/Image_68_jpeg_jpg.rf.4a9bd3183166f6ca954724aea493d269.txt,bellpepper
train,raw/emam_v14/train/images/Image_68_jpeg_jpg.rf.5a36514db5bd17e738b4607027c0ea42.jpg,raw/emam_v14/train/labels/Image_68_jpeg_jpg.rf.5a36514db5bd17e738b4607027c0ea42.txt,bellpepper
train,raw/emam_v14/train/images/Image_68_jpeg_jpg.rf.7704cf26f232b8a00feb84c9408fae05.jpg,raw/emam_v14/train/labels/Image_68_jpeg_jpg.rf.7704cf26f232b8a00feb84c9408fae05.txt,ladyfinger
train,raw/emam_v14/train/images/Image_68_jpeg_jpg.rf.8c3fcc511ccb33b7f6ef2887f22a025b.jpg,raw/emam_v14/train/labels/Image_68_jpeg_jpg.rf.8c3fcc511ccb33b7f6ef2887f22a025b.txt,ladyfinger
train,raw/emam_v14/train/images/Image_68_jpeg_jpg.rf.fd41750ac8f53cce9e68928cf9605e8a.jpg,raw/emam_v14/train/labels/Image_68_jpeg_jpg.rf.fd41750ac8f53cce9e68928cf9605e8a.txt,bellpepper
train,raw/emam_v14/train/images/Image_68_jpg.rf.06a8b0bbb162451aa5ad397b99b1b2a3.jpg,raw/emam_v14/train/labels/Image_68_jpg.rf.06a8b0bbb162451aa5ad397b99b1b2a3.txt,tomato
train,raw/emam_v14/train/images/Image_68_jpg.rf.0a8162bd0627201d3184d6771e66f7ee.jpg,raw/emam_v14/train/labels/Image_68_jpg.rf.0a8162bd0627201d3184d6771e66f7ee.txt,peas
train,raw/emam_v14/train/images/Image_68_jpg.rf.19921919e0e501e9972c7a0f2bddb7ab.jpg,raw/emam_v14/train/labels/Image_68_jpg.rf.19921919e0e501e9972c7a0f2bddb7ab.txt,radish
train,raw/emam_v14/train/images/Image_68_jpg.rf.235bd1a7fcb40ba7440444f12be31569.jpg,raw/emam_v14/train/labels/Image_68_jpg.rf.235bd1a7fcb40ba7440444f12be31569.txt,cucumber
train,raw/emam_v14/train/images/Image_68_jpg.rf.44820d5e43737381c2a928bd74dc51f0.jpg,raw/emam_v14/train/labels/Image_68_jpg.rf.44820d5e43737381c2a928bd74dc51f0.txt,cabbage
train,raw/emam_v14/train/images/Image_68_jpg.rf.4c9f96e0d7f54993937fa475bf56f4dd.jpg,raw/emam_v14/train/labels/Image_68_jpg.rf.4c9f96e0d7f54993937fa475bf56f4dd.txt,potato
train,raw/emam_v14/train/images/Image_68_jpg.rf.536b6305fb71a901dbcd2d5186b03bb7.jpg,raw/emam_v14/train/labels/Image_68_jpg.rf.536b6305fb71a901dbcd2d5186b03bb7.txt,sweetpotato
train,raw/emam_v14/train/images/Image_68_jpg.rf.5a5705f8bc7c02529b9818bb0b16e38b.jpg,raw/emam_v14/train/labels/Image_68_jpg.rf.5a5705f8bc7c02529b9818bb0b16e38b.txt,garlic
train,raw/emam_v14/train/images/Image_68_jpg.rf.64f2670cbaad068693b9b6f79942cb61.jpg,raw/emam_v14/train/labels/Image_68_jpg.rf.64f2670cbaad068693b9b6f79942cb61.txt,ginger
train,raw/emam_v14/train/images/Image_68_jpg.rf.6b5d350442ecfaad6df8b5e8c062d1ad.jpg,raw/emam_v14/train/labels/Image_68_jpg.rf.6b5d350442ecfaad6df8b5e8c062d1ad.txt,radish
train,raw/emam_v14/train/images/Image_68_jpg.rf.70b7ad1cbb02cecb33b7f485bb31916e.jpg,raw/emam_v14/train/labels/Image_68_jpg.rf.70b7ad1cbb02cecb33b7f485bb31916e.txt,radish
train,raw/emam_v14/train/images/Image_68_jpg.rf.771c43e1824bb56e4d8759246e08e89c.jpg,raw/emam_v14/train/labels/Image_68_jpg.rf.771c43e1824bb56e4d8759246e08e89c.txt,sweetpotato
train,raw/emam_v14/train/images/Image_68_jpg.rf.82e4dd65a9e48c18f1847ad233bdcf1c.jpg,raw/emam_v14/train/labels/Image_68_jpg.rf.82e4dd65a9e48c18f1847ad233bdcf1c.txt,sweetpotato
train,raw/emam_v14/train/images/Image_68_jpg.rf.82e93369dbafc282360adfa433f49803.jpg,raw/emam_v14/train/labels/Image_68_jpg.rf.82e93369dbafc282360adfa433f49803.txt,cabbage
train,raw/emam_v14/train/images/Image_68_jpg.rf.9174f313bfa8c7d7badd5e7bda70fb6d.jpg,raw/emam_v14/train/labels/Image_68_jpg.rf.9174f313bfa8c7d7badd5e7bda70fb6d.txt,tomato
train,raw/emam_v14/train/images/Image_68_jpg.rf.9dfeb55921a5a1a1013bf9bb1c05b16b.jpg,raw/emam_v14/train/labels/Image_68_jpg.rf.9dfeb55921a5a1a1013bf9bb1c05b16b.txt,cucumber
train,raw/emam_v14/train/images/Image_68_jpg.rf.a134b05dd5b1591a40bbbc678e655219.jpg,raw/emam_v14/train/labels/Image_68_jpg.rf.a134b05dd5b1591a40bbbc678e655219.txt,ginger
train,raw/emam_v14/train/images/Image_68_jpg.rf.af8ae9bf4e0ed84459cf98fa44824795.jpg,raw/emam_v14/train/labels/Image_68_jpg.rf.af8ae9bf4e0ed84459cf98fa44824795.txt,garlic
train,raw/emam_v14/train/images/Image_68_jpg.rf.af8e838d7351348c4152c30c28905108.jpg,raw/emam_v14/train/labels/Image_68_jpg.rf.af8e838d7351348c4152c30c28905108.txt,potato
train,raw/emam_v14/train/images/Image_68_jpg.rf.aff57ff617d695d43e5d980d74f86ba0.jpg,raw/emam_v14/train/labels/Image_68_jpg.rf.aff57ff617d695d43e5d980d74f86ba0.txt,cucumber
train,raw/emam_v14/train/images/Image_68_jpg.rf.b05690abdbbb204098404ab1d899a3fa.jpg,raw/emam_v14/train/labels/Image_68_jpg.rf.b05690abdbbb204098404ab1d899a3fa.txt,ginger
train,raw/emam_v14/train/images/Image_68_jpg.rf.b2021ed2d6db5882a009649a9ed1899a.jpg,raw/emam_v14/train/labels/Image_68_jpg.rf.b2021ed2d6db5882a009649a9ed1899a.txt,potato
train,raw/emam_v14/train/images/Image_68_jpg.rf.d2b5ee3a39ed99f9a07102c3de29b012.jpg,raw/emam_v14/train/labels/Image_68_jpg.rf.d2b5ee3a39ed99f9a07102c3de29b012.txt,peas
train,raw/emam_v14/train/images/Image_68_jpg.rf.d52e754666f15f36b025fcb2ee40d61f.jpg,raw/emam_v14/train/labels/Image_68_jpg.rf.d52e754666f15f36b025fcb2ee40d61f.txt,garlic
train,raw/emam_v14/train/images/Image_68_jpg.rf.df8cb9b2a5c714d2ba2aafe5d1e6c233.jpg,raw/emam_v14/train/labels/Image_68_jpg.rf.df8cb9b2a5c714d2ba2aafe5d1e6c233.txt,tomato
train,raw/emam_v14/train/images/Image_68_jpg.rf.e435e82a7b299d83676dd1c103e6ab63.jpg,raw/emam_v14/train/labels/Image_68_jpg.rf.e435e82a7b299d83676dd1c103e6ab63.txt,peas
train,raw/emam_v14/train/images/Image_68_jpg.rf.f562a04db2cfc74d5968123e2f3615a0.jpg,raw/emam_v14/train/labels/Image_68_jpg.rf.f562a04db2cfc74d5968123e2f3615a0.txt,cabbage
train,raw/emam_v14/train/images/Image_68_png_jpg.rf.29d2091fa348712559243dc7bca154ad.jpg,raw/emam_v14/train/labels/Image_68_png_jpg.rf.29d2091fa348712559243dc7bca154ad.txt,spinach
train,raw/emam_v14/train/images/Image_68_png_jpg.rf.55f26a03e90c6dcedb51422de09c840b.jpg,raw/emam_v14/train/labels/Image_68_png_jpg.rf.55f26a03e90c6dcedb51422de09c840b.txt,onion
train,raw/emam_v14/train/images/Image_68_png_jpg.rf.8c41360e068dd943b32765bcc09527eb.jpg,raw/emam_v14/train/labels/Image_68_png_jpg.rf.8c41360e068dd943b32765bcc09527eb.txt,onion
train,raw/emam_v14/train/images/Image_68_png_jpg.rf.9db71b0a78119afcbb308f9c347e6a81.jpg,raw/emam_v14/train/labels/Image_68_png_jpg.rf.9db71b0a78119afcbb308f9c347e6a81.txt,spinach
train,raw/emam_v14/train/images/Image_68_png_jpg.rf.aef7636be400d83197672741273a6cd7.jpg,raw/emam_v14/train/labels/Image_68_png_jpg.rf.aef7636be400d83197672741273a6cd7.txt,spinach
train,raw/emam_v14/train/images/Image_68_png_jpg.rf.cba5543f3255b792a0a7c2f0445696a2.jpg,raw/emam_v14/train/labels/Image_68_png_jpg.rf.cba5543f3255b792a0a7c2f0445696a2.txt,onion
train,raw/emam_v14/train/images/Image_69_jpeg_jpg.rf.5de6b9d97e3106b12eec63d3012fe39e.jpg,raw/emam_v14/train/labels/Image_69_jpeg_jpg.rf.5de6b9d97e3106b12eec63d3012fe39e.txt,ladyfinger
train,raw/emam_v14/train/images/Image_69_jpeg_jpg.rf.649f81296b2c92b40d12545343a802da.jpg,raw/emam_v14/train/labels/Image_69_jpeg_jpg.rf.649f81296b2c92b40d12545343a802da.txt,ladyfinger
train,raw/emam_v14/train/images/Image_69_jpeg_jpg.rf.7a266f28f99d20009a847e7528f0c0d4.jpg,raw/emam_v14/train/labels/Image_69_jpeg_jpg.rf.7a266f28f99d20009a847e7528f0c0d4.txt,ladyfinger
train,raw/emam_v14/train/images/Image_69_jpg.rf.0a4f07882e70399de6fb6fbb61566df7.jpg,raw/emam_v14/train/labels/Image_69_jpg.rf.0a4f07882e70399de6fb6fbb61566df7.txt,carrot
train,raw/emam_v14/train/images/Image_69_jpg.rf.320302763c07db38d7a85f4e44023508.jpg,raw/emam_v14/train/labels/Image_69_jpg.rf.320302763c07db38d7a85f4e44023508.txt,lemon
train,raw/emam_v14/train/images/Image_69_jpg.rf.337da1e448d608f559a5a4ec58fb1a99.jpg,raw/emam_v14/train/labels/Image_69_jpg.rf.337da1e448d608f559a5a4ec58fb1a99.txt,bellpepper
train,raw/emam_v14/train/images/Image_69_jpg.rf.34ee342eb197531b29b9e197eef990bd.jpg,raw/emam_v14/train/labels/Image_69_jpg.rf.34ee342eb197531b29b9e197eef990bd.txt,garlic
train,raw/emam_v14/train/images/Image_69_jpg.rf.390b6255ff23f047a8abd6651047fd1f.jpg,raw/emam_v14/train/labels/Image_69_jpg.rf.390b6255ff23f047a8abd6651047fd1f.txt,onion
train,raw/emam_v14/train/images/Image_69_jpg.rf.5077732befff9c717db62c052e51bfaf.jpg,raw/emam_v14/train/labels/Image_69_jpg.rf.5077732befff9c717db62c052e51bfaf.txt,lemon
train,raw/emam_v14/train/images/Image_69_jpg.rf.533b9ad4f43bd2c9119e128f963b2d6f.jpg,raw/emam_v14/train/labels/Image_69_jpg.rf.533b9ad4f43bd2c9119e128f963b2d6f.txt,eggplant
train,raw/emam_v14/train/images/Image_69_jpg.rf.5c95213c4918954d5836f26c407c94f0.jpg,raw/emam_v14/train/labels/Image_69_jpg.rf.5c95213c4918954d5836f26c407c94f0.txt,bellpepper
train,raw/emam_v14/train/images/Image_69_jpg.rf.649fcf40ee0f1af06b07a1f259922dc3.jpg,raw/emam_v14/train/labels/Image_69_jpg.rf.649fcf40ee0f1af06b07a1f259922dc3.txt,cucumber
train,raw/emam_v14/train/images/Image_69_jpg.rf.6a4e4d41e21aed81be4b51d1e678ac66.jpg,raw/emam_v14/train/labels/Image_69_jpg.rf.6a4e4d41e21aed81be4b51d1e678ac66.txt,lettuce
train,raw/emam_v14/train/images/Image_69_jpg.rf.6d9c04d9c0dc2ffa4720a500019aa5e2.jpg,raw/emam_v14/train/labels/Image_69_jpg.rf.6d9c04d9c0dc2ffa4720a500019aa5e2.txt,tomato
train,raw/emam_v14/train/images/Image_69_jpg.rf.75d87771d351db4ec0d65072f7961b6a.jpg,raw/emam_v14/train/labels/Image_69_jpg.rf.75d87771d351db4ec0d65072f7961b6a.txt,jalapeno
train,raw/emam_v14/train/images/Image_69_jpg.rf.77974eb806bc511056fa5ba4f4800464.jpg,raw/emam_v14/train/labels/Image_69_jpg.rf.77974eb806bc511056fa5ba4f4800464.txt,jalapeno
train,raw/emam_v14/train/images/Image_69_jpg.rf.83122bdf8b6d6bb1171cf6b89f0bd140.jpg,raw/emam_v14/train/labels/Image_69_jpg.rf.83122bdf8b6d6bb1171cf6b89f0bd140.txt,bellpepper
train,raw/emam_v14/train/images/Image_69_jpg.rf.880971996216dd43fcc49bc8dc790681.jpg,raw/emam_v14/train/labels/Image_69_jpg.rf.880971996216dd43fcc49bc8dc790681.txt,cucumber
train,raw/emam_v14/train/images/Image_69_jpg.rf.94a7f8d35e39a0e0d1e9eb9bb88b0d84.jpg,raw/emam_v14/train/labels/Image_69_jpg.rf.94a7f8d35e39a0e0d1e9eb9bb88b0d84.txt,carrot
train,raw/emam_v14/train/images/Image_69_jpg.rf.b3b0e4c753d83815ca4c6ca77f1a5c82.jpg,raw/emam_v14/train/labels/Image_69_jpg.rf.b3b0e4c753d83815ca4c6ca77f1a5c82.txt,tomato
train,raw/emam_v14/train/images/Image_69_jpg.rf.b67366800d2c3c1d6ba916793eea3901.jpg,raw/emam_v14/train/labels/Image_69_jpg.rf.b67366800d2c3c1d6ba916793eea3901.txt,onion
train,raw/emam_v14/train/images/Image_69_jpg.rf.b988d2daba7f835737d1a3bdd79b63c3.jpg,raw/emam_v14/train/labels/Image_69_jpg.rf.b988d2daba7f835737d1a3bdd79b63c3.txt,onion
train,raw/emam_v14/train/images/Image_69_jpg.rf.bb0843cf268a8464e66c2cb0e563b081.jpg,raw/emam_v14/train/labels/Image_69_jpg.rf.bb0843cf268a8464e66c2cb0e563b081.txt,cucumber
train,raw/emam_v14/train/images/Image_69_jpg.rf.be3d85004429798f000cf8de80f655c1.jpg,raw/emam_v14/train/labels/Image_69_jpg.rf.be3d85004429798f000cf8de80f655c1.txt,carrot
train,raw/emam_v14/train/images/Image_69_jpg.rf.c106a7f3d76093963b00c97c00272623.jpg,raw/emam_v14/train/labels/Image_69_jpg.rf.c106a7f3d76093963b00c97c00272623.txt,jalapeno
train,raw/emam_v14/train/images/Image_69_jpg.rf.c21b975a194389e2f9886169f04da2d9.jpg,raw/emam_v14/train/labels/Image_69_jpg.rf.c21b975a194389e2f9886169f04da2d9.txt,lettuce
train,raw/emam_v14/train/images/Image_69_jpg.rf.c82abaab2d9144c52db6b6bfea81e9f2.jpg,raw/emam_v14/train/labels/Image_69_jpg.rf.c82abaab2d9144c52db6b6bfea81e9f2.txt,tomato
train,raw/emam_v14/train/images/Image_69_jpg.rf.d44fc16f63e1ab67bd434eb39a4eeb5f.jpg,raw/emam_v14/train/labels/Image_69_jpg.rf.d44fc16f63e1ab67bd434eb39a4eeb5f.txt,eggplant
train,raw/emam_v14/train/images/Image_69_jpg.rf.dbfb4f68c2597ffb7557bccddfcfdc28.jpg,raw/emam_v14/train/labels/Image_69_jpg.rf.dbfb4f68c2597ffb7557bccddfcfdc28.txt,lemon
train,raw/emam_v14/train/images/Image_69_jpg.rf.e616dbf7a7d42e98a6640cdc9405c4e7.jpg,raw/emam_v14/train/labels/Image_69_jpg.rf.e616dbf7a7d42e98a6640cdc9405c4e7.txt,garlic
train,raw/emam_v14/train/images/Image_69_jpg.rf.edf30589a9d1984c11641285680e60c8.jpg,raw/emam_v14/train/labels/Image_69_jpg.rf.edf30589a9d1984c11641285680e60c8.txt,lettuce
train,raw/emam_v14/train/images/Image_69_jpg.rf.f29f7809d78f7a81f1f2cc2a2dc9d2fa.jpg,raw/emam_v14/train/labels/Image_69_jpg.rf.f29f7809d78f7a81f1f2cc2a2dc9d2fa.txt,garlic
train,raw/emam_v14/train/images/Image_69_jpg.rf.f6017142497f5dcaa3046ac1c800c4d3.jpg,raw/emam_v14/train/labels/Image_69_jpg.rf.f6017142497f5dcaa3046ac1c800c4d3.txt,bellpepper
train,raw/emam_v14/train/images/Image_69_jpg.rf.fd201295c8c22057464b65a3c96b6d65.jpg,raw/emam_v14/train/labels/Image_69_jpg.rf.fd201295c8c22057464b65a3c96b6d65.txt,bellpepper
train,raw/emam_v14/train/images/Image_69_jpg.rf.fda1fa97bd39e4c143e084fb06f8f7f8.jpg,raw/emam_v14/train/labels/Image_69_jpg.rf.fda1fa97bd39e4c143e084fb06f8f7f8.txt,eggplant
train,raw/emam_v14/train/images/Image_69_jpg.rf.fe1152dd2b83dae2e268c87ea3acf02c.jpg,raw/emam_v14/train/labels/Image_69_jpg.rf.fe1152dd2b83dae2e268c87ea3acf02c.txt,bellpepper
train,raw/emam_v14/train/images/Image_69_png_jpg.rf.04a68e7779bba60dd310b04e39ade649.jpg,raw/emam_v14/train/labels/Image_69_png_jpg.rf.04a68e7779bba60dd310b04e39ade649.txt,potato
train,raw/emam_v14/train/images/Image_69_png_jpg.rf.76da8336d8d6b85aaebded66eb83dacc.jpg,raw/emam_v14/train/labels/Image_69_png_jpg.rf.76da8336d8d6b85aaebded66eb83dacc.txt,potato
train,raw/emam_v14/train/images/Image_69_png_jpg.rf.839f7bff5f5c4a63b1b66b6054ada604.jpg,raw/emam_v14/train/labels/Image_69_png_jpg.rf.839f7bff5f5c4a63b1b66b6054ada604.txt,potato
train,raw/emam_v14/train/images/Image_6_jpg.rf.06343986a1ae4974aff5d82bba175108.jpg,raw/emam_v14/train/labels/Image_6_jpg.rf.06343986a1ae4974aff5d82bba175108.txt,cauliflower
train,raw/emam_v14/train/images/Image_6_jpg.rf.08c53c5ff3969a9ac83e54165422da46.jpg,raw/emam_v14/train/labels/Image_6_jpg.rf.08c53c5ff3969a9ac83e54165422da46.txt,bellpepper
train,raw/emam_v14/train/images/Image_6_jpg.rf.0c7af3edff005dc3a61f256a1b34f64c.jpg,raw/emam_v14/train/labels/Image_6_jpg.rf.0c7af3edff005dc3a61f256a1b34f64c.txt,onion
train,raw/emam_v14/train/images/Image_6_jpg.rf.125ee99483d951bbd7426be96a8185e2.jpg,raw/emam_v14/train/labels/Image_6_jpg.rf.125ee99483d951bbd7426be96a8185e2.txt,tomato
train,raw/emam_v14/train/images/Image_6_jpg.rf.127c0f1e345e079bce43a60469240f90.jpg,raw/emam_v14/train/labels/Image_6_jpg.rf.127c0f1e345e079bce43a60469240f90.txt,onion
train,raw/emam_v14/train/images/Image_6_jpg.rf.1da5b9f93c4839bc9f12aec0ae6d2200.jpg,raw/emam_v14/train/labels/Image_6_jpg.rf.1da5b9f93c4839bc9f12aec0ae6d2200.txt,ladyfinger
train,raw/emam_v14/train/images/Image_6_jpg.rf.29087059389a14094e8b03f1169d7717.jpg,raw/emam_v14/train/labels/Image_6_jpg.rf.29087059389a14094e8b03f1169d7717.txt,cauliflower
train,raw/emam_v14/train/images/Image_6_jpg.rf.30c9feaffabf9b35da3be2851d43bd7a.jpg,raw/emam_v14/train/labels/Image_6_jpg.rf.30c9feaffabf9b35da3be2851d43bd7a.txt,radish
train,raw/emam_v14/train/images/Image_6_jpg.rf.357078c08f74d41034b6ea8664375c57.jpg,raw/emam_v14/train/labels/Image_6_jpg.rf.357078c08f74d41034b6ea8664375c57.txt,cauliflower
train,raw/emam_v14/train/images/Image_6_jpg.rf.390e1ae1310bbc50a7d59c6d3201a44e.jpg,raw/emam_v14/train/labels/Image_6_jpg.rf.390e1ae1310bbc50a7d59c6d3201a44e.txt,carrot
train,raw/emam_v14/train/images/Image_6_jpg.rf.48612085d706ed7d776c3ced863f5193.jpg,raw/emam_v14/train/labels/Image_6_jpg.rf.48612085d706ed7d776c3ced863f5193.txt,beetroot
train,raw/emam_v14/train/images/Image_6_jpg.rf.4883d1671bfe835b118d430bb11031d5.jpg,raw/emam_v14/train/labels/Image_6_jpg.rf.4883d1671bfe835b118d430bb11031d5.txt,radish
train,raw/emam_v14/train/images/Image_6_jpg.rf.4d84315633a8d274eb6bd8a9d4d4e412.jpg,raw/emam_v14/train/labels/Image_6_jpg.rf.4d84315633a8d274eb6bd8a9d4d4e412.txt,cauliflower
train,raw/emam_v14/train/images/Image_6_jpg.rf.4f23689608ad616fe22c6e588f0ad7d7.jpg,raw/emam_v14/train/labels/Image_6_jpg.rf.4f23689608ad616fe22c6e588f0ad7d7.txt,bellpepper
train,raw/emam_v14/train/images/Image_6_jpg.rf.50386c2076bc3508c625c68cfb79c3ad.jpg,raw/emam_v14/train/labels/Image_6_jpg.rf.50386c2076bc3508c625c68cfb79c3ad.txt,sweetpotato
train,raw/emam_v14/train/images/Image_6_jpg.rf.5298894bbb6edf58ca997c4e4b663b24.jpg,raw/emam_v14/train/labels/Image_6_jpg.rf.5298894bbb6edf58ca997c4e4b663b24.txt,cauliflower
train,raw/emam_v14/train/images/Image_6_jpg.rf.539f5f559e05ded15d74a0e4931ba177.jpg,raw/emam_v14/train/labels/Image_6_jpg.rf.539f5f559e05ded15d74a0e4931ba177.txt,onion
train,raw/emam_v14/train/images/Image_6_jpg.rf.53b3253690c20f349169263b8653de27.jpg,raw/emam_v14/train/labels/Image_6_jpg.rf.53b3253690c20f349169263b8653de27.txt,cucumber
train,raw/emam_v14/train/images/Image_6_jpg.rf.65bee813822cf18b618bbf58e7bf3abf.jpg,raw/emam_v14/train/labels/Image_6_jpg.rf.65bee813822cf18b618bbf58e7bf3abf.txt,tomato
train,raw/emam_v14/train/images/Image_6_jpg.rf.6780ad45152db60c4aaa686a56fea76e.jpg,raw/emam_v14/train/labels/Image_6_jpg.rf.6780ad45152db60c4aaa686a56fea76e.txt,garlic
train,raw/emam_v14/train/images/Image_6_jpg.rf.689b9d6905b150516dbe9d041abeae82.jpg,raw/emam_v14/train/labels/Image_6_jpg.rf.689b9d6905b150516dbe9d041abeae82.txt,garlic
train,raw/emam_v14/train/images/Image_6_jpg.rf.6de683c13686f06db17e2e0a8cdcd0c7.jpg,raw/emam_v14/train/labels/Image_6_jpg.rf.6de683c13686f06db17e2e0a8cdcd0c7.txt,ladyfinger
train,raw/emam_v14/train/images/Image_6_jpg.rf.7b0b669b85c961d9016d72f6abb68589.jpg,raw/emam_v14/train/labels/Image_6_jpg.rf.7b0b669b85c961d9016d72f6abb68589.txt,sweetcorn
train,raw/emam_v14/train/images/Image_6_jpg.rf.87113a66f6d0edceca400daf2684bee5.jpg,raw/emam_v14/train/labels/Image_6_jpg.rf.87113a66f6d0edceca400daf2684bee5.txt,sweetcorn
train,raw/emam_v14/train/images/Image_6_jpg.rf.89b6d99971cf8f568909ccc7c7ac41c9.jpg,raw/emam_v14/train/labels/Image_6_jpg.rf.89b6d99971cf8f568909ccc7c7ac41c9.txt,spinach
train,raw/emam_v14/train/images/Image_6_jpg.rf.8a6f741ee948fffc857c8b5e44037a92.jpg,raw/emam_v14/train/labels/Image_6_jpg.rf.8a6f741ee948fffc857c8b5e44037a92.txt,cabbage
train,raw/emam_v14/train/images/Image_6_jpg.rf.94a6bf8f25af633d7248cd9ca34aa570.jpg,raw/emam_v14/train/labels/Image_6_jpg.rf.94a6bf8f25af633d7248cd9ca34aa570.txt,sweetpotato
train,raw/emam_v14/train/images/Image_6_jpg.rf.99a7877499ae4568e6603ec63b1232ad.jpg,raw/emam_v14/train/labels/Image_6_jpg.rf.99a7877499ae4568e6603ec63b1232ad.txt,beetroot
train,raw/emam_v14/train/images/Image_6_jpg.rf.9d599050bf714e8c5371b63a76efb2ac.jpg,raw/emam_v14/train/labels/Image_6_jpg.rf.9d599050bf714e8c5371b63a76efb2ac.txt,bellpepper
train,raw/emam_v14/train/images/Image_6_jpg.rf.a95d4fa6ab0152768adbb685cda6b8bf.jpg,raw/emam_v14/train/labels/Image_6_jpg.rf.a95d4fa6ab0152768adbb685cda6b8bf.txt,cauliflower
train,raw/emam_v14/train/images/Image_6_jpg.rf.abea1d923720e362e7064c2a0bb00852.jpg,raw/emam_v14/train/labels/Image_6_jpg.rf.abea1d923720e362e7064c2a0bb00852.txt,spinach
train,raw/emam_v14/train/images/Image_6_jpg.rf.b50901d2286c5d289723a6e0d694cead.jpg,raw/emam_v14/train/labels/Image_6_jpg.rf.b50901d2286c5d289723a6e0d694cead.txt,ladyfinger
train,raw/emam_v14/train/images/Image_6_jpg.rf.bb6baceb6ce9d02188df0c3e36b7e267.jpg,raw/emam_v14/train/labels/Image_6_jpg.rf.bb6baceb6ce9d02188df0c3e36b7e267.txt,carrot
train,raw/emam_v14/train/images/Image_6_jpg.rf.bf99559a3b6053cb6b91d4e8bee79649.jpg,raw/emam_v14/train/labels/Image_6_jpg.rf.bf99559a3b6053cb6b91d4e8bee79649.txt,sweetpotato
train,raw/emam_v14/train/images/Image_6_jpg.rf.d1c2952478f213ec888d757b314fb761.jpg,raw/emam_v14/train/labels/Image_6_jpg.rf.d1c2952478f213ec888d757b314fb761.txt,tomato
train,raw/emam_v14/train/images/Image_6_jpg.rf.d26548d075786eeda9834327f7987116.jpg,raw/emam_v14/train/labels/Image_6_jpg.rf.d26548d075786eeda9834327f7987116.txt,beetroot
train,raw/emam_v14/train/images/Image_6_jpg.rf.d473b9e3dd7e68102c3d2ad02013bb66.jpg,raw/emam_v14/train/labels/Image_6_jpg.rf.d473b9e3dd7e68102c3d2ad02013bb66.txt,cabbage
train,raw/emam_v14/train/images/Image_6_jpg.rf.d4a13c5ae7b924001d4010f9339d20cb.jpg,raw/emam_v14/train/labels/Image_6_jpg.rf.d4a13c5ae7b924001d4010f9339d20cb.txt,cucumber
train,raw/emam_v14/train/images/Image_6_jpg.rf.d592b362e6dc8fc37ce59e4e54ef2855.jpg,raw/emam_v14/train/labels/Image_6_jpg.rf.d592b362e6dc8fc37ce59e4e54ef2855.txt,radish
train,raw/emam_v14/train/images/Image_6_jpg.rf.d7e16d526670e8afa734e9049e40857e.jpg,raw/emam_v14/train/labels/Image_6_jpg.rf.d7e16d526670e8afa734e9049e40857e.txt,garlic
train,raw/emam_v14/train/images/Image_6_jpg.rf.d99baca2a889cecde56e27762963eb77.jpg,raw/emam_v14/train/labels/Image_6_jpg.rf.d99baca2a889cecde56e27762963eb77.txt,sweetcorn
train,raw/emam_v14/train/images/Image_6_jpg.rf.dd8c5bd161aca7a5dee91f8acd3861a5.jpg,raw/emam_v14/train/labels/Image_6_jpg.rf.dd8c5bd161aca7a5dee91f8acd3861a5.txt,cucumber
train,raw/emam_v14/train/images/Image_6_jpg.rf.e1fc7064dfa8b70a19ac7cb7a3a8f9db.jpg,raw/emam_v14/train/labels/Image_6_jpg.rf.e1fc7064dfa8b70a19ac7cb7a3a8f9db.txt,spinach
train,raw/emam_v14/train/images/Image_6_jpg.rf.ec2596bb52b6ab3981a1dca1eadce6bb.jpg,raw/emam_v14/train/labels/Image_6_jpg.rf.ec2596bb52b6ab3981a1dca1eadce6bb.txt,cabbage
train,raw/emam_v14/train/images/Image_6_jpg.rf.ef623f34abb669b8ec5614a258107d8d.jpg,raw/emam_v14/train/labels/Image_6_jpg.rf.ef623f34abb669b8ec5614a258107d8d.txt,carrot
train,raw/emam_v14/train/images/Image_6_png_jpg.rf.567ffe0f2d2074c46e42b53b035d7a7d.jpg,raw/emam_v14/train/labels/Image_6_png_jpg.rf.567ffe0f2d2074c46e42b53b035d7a7d.txt,peas
train,raw/emam_v14/train/images/Image_6_png_jpg.rf.e1b9f73d326c3d702361a808932385f6.jpg,raw/emam_v14/train/labels/Image_6_png_jpg.rf.e1b9f73d326c3d702361a808932385f6.txt,peas
train,raw/emam_v14/train/images/Image_6_png_jpg.rf.fce5c9c7a6ad4cae6f4cca28422fafba.jpg,raw/emam_v14/train/labels/Image_6_png_jpg.rf.fce5c9c7a6ad4cae6f4cca28422fafba.txt,peas
train,raw/emam_v14/train/images/Image_70_jpeg_jpg.rf.4588fd19822a937ad5c9693e51f31878.jpg,raw/emam_v14/train/labels/Image_70_jpeg_jpg.rf.4588fd19822a937ad5c9693e51f31878.txt,ladyfinger
train,raw/emam_v14/train/images/Image_70_jpeg_jpg.rf.52edd1a2933642a2a82d69148d2208f6.jpg,raw/emam_v14/train/labels/Image_70_jpeg_jpg.rf.52edd1a2933642a2a82d69148d2208f6.txt,ladyfinger
train,raw/emam_v14/train/images/Image_70_jpeg_jpg.rf.e17cf8655a224036834bed2001bb3be3.jpg,raw/emam_v14/train/labels/Image_70_jpeg_jpg.rf.e17cf8655a224036834bed2001bb3be3.txt,ladyfinger
train,raw/emam_v14/train/images/Image_70_jpg.rf.05f196007ecb78a72301911db7f864e7.jpg,raw/emam_v14/train/labels/Image_70_jpg.rf.05f196007ecb78a72301911db7f864e7.txt,cabbage
train,raw/emam_v14/train/images/Image_70_jpg.rf.0b7c9d8142a7e5e42850ff058a9fb3cc.jpg,raw/emam_v14/train/labels/Image_70_jpg.rf.0b7c9d8142a7e5e42850ff058a9fb3cc.txt,cabbage
train,raw/emam_v14/train/images/Image_70_jpg.rf.11c948c8ff7c53f44f7dcef92b0e7760.jpg,raw/emam_v14/train/labels/Image_70_jpg.rf.11c948c8ff7c53f44f7dcef92b0e7760.txt,peas
train,raw/emam_v14/train/images/Image_70_jpg.rf.14c227517ddd163a7a87cc5c10fab3d2.jpg,raw/emam_v14/train/labels/Image_70_jpg.rf.14c227517ddd163a7a87cc5c10fab3d2.txt,tomato
train,raw/emam_v14/train/images/Image_70_jpg.rf.1ae63d58bf85b9f8e6e8c56340cc5157.jpg,raw/emam_v14/train/labels/Image_70_jpg.rf.1ae63d58bf85b9f8e6e8c56340cc5157.txt,carrot
train,raw/emam_v14/train/images/Image_70_jpg.rf.277f9357c4d46af67921ddc32341793e.jpg,raw/emam_v14/train/labels/Image_70_jpg.rf.277f9357c4d46af67921ddc32341793e.txt,chillipepper
train,raw/emam_v14/train/images/Image_70_jpg.rf.297b9b101330abdb623d2e56cbdaf50b.jpg,raw/emam_v14/train/labels/Image_70_jpg.rf.297b9b101330abdb623d2e56cbdaf50b.txt,cabbage
train,raw/emam_v14/train/images/Image_70_jpg.rf.35c2a8a5ea8d196ecd3d40151a3d25a9.jpg,raw/emam_v14/train/labels/Image_70_jpg.rf.35c2a8a5ea8d196ecd3d40151a3d25a9.txt,chillipepper
train,raw/emam_v14/train/images/Image_70_jpg.rf.3c2f6c2493b5b7a96e6a227359ef6539.jpg,raw/emam_v14/train/labels/Image_70_jpg.rf.3c2f6c2493b5b7a96e6a227359ef6539.txt,chillipepper
train,raw/emam_v14/train/images/Image_70_jpg.rf.3ff95f65a52825e43185252d2ba720e3.jpg,raw/emam_v14/train/labels/Image_70_jpg.rf.3ff95f65a52825e43185252d2ba720e3.txt,turnip
train,raw/emam_v14/train/images/Image_70_jpg.rf.40bed5b63dd3726d22ab1ecee7687c0a.jpg,raw/emam_v14/train/labels/Image_70_jpg.rf.40bed5b63dd3726d22ab1ecee7687c0a.txt,chillipepper
train,raw/emam_v14/train/images/Image_70_jpg.rf.41d2a5dff7214906428e6c805c482098.jpg,raw/emam_v14/train/labels/Image_70_jpg.rf.41d2a5dff7214906428e6c805c482098.txt,radish
train,raw/emam_v14/train/images/Image_70_jpg.rf.580f397e73821d3b43989341f9c726ac.jpg,raw/emam_v14/train/labels/Image_70_jpg.rf.580f397e73821d3b43989341f9c726ac.txt,carrot
train,raw/emam_v14/train/images/Image_70_jpg.rf.6944844f33e61fc803d0a7b088274540.jpg,raw/emam_v14/train/labels/Image_70_jpg.rf.6944844f33e61fc803d0a7b088274540.txt,sweetpotato
train,raw/emam_v14/train/images/Image_70_jpg.rf.6955d948b75a19f8d65056d48e723c48.jpg,raw/emam_v14/train/labels/Image_70_jpg.rf.6955d948b75a19f8d65056d48e723c48.txt,onion
train,raw/emam_v14/train/images/Image_70_jpg.rf.75cdb70df5f27f7b328486073c46d224.jpg,raw/emam_v14/train/labels/Image_70_jpg.rf.75cdb70df5f27f7b328486073c46d224.txt,onion
train,raw/emam_v14/train/images/Image_70_jpg.rf.81269723c8893c8f09bb20eec5495e32.jpg,raw/emam_v14/train/labels/Image_70_jpg.rf.81269723c8893c8f09bb20eec5495e32.txt,carrot
train,raw/emam_v14/train/images/Image_70_jpg.rf.9035f5673b2c3d48623a6555120fa40d.jpg,raw/emam_v14/train/labels/Image_70_jpg.rf.9035f5673b2c3d48623a6555120fa40d.txt,tomato
train,raw/emam_v14/train/images/Image_70_jpg.rf.9243ef1e877123ce3c9b6bffb228264a.jpg,raw/emam_v14/train/labels/Image_70_jpg.rf.9243ef1e877123ce3c9b6bffb228264a.txt,chillipepper
train,raw/emam_v14/train/images/Image_70_jpg.rf.a066d034f634b0bc4f894445949ed912.jpg,raw/emam_v14/train/labels/Image_70_jpg.rf.a066d034f634b0bc4f894445949ed912.txt,sweetpotato
train,raw/emam_v14/train/images/Image_70_jpg.rf.ac3f7e19f097298e4ea02f57be769718.jpg,raw/emam_v14/train/labels/Image_70_jpg.rf.ac3f7e19f097298e4ea02f57be769718.txt,radish
train,raw/emam_v14/train/images/Image_70_jpg.rf.b971066230fba5a016733b134707bedc.jpg,raw/emam_v14/train/labels/Image_70_jpg.rf.b971066230fba5a016733b134707bedc.txt,chillipepper
train,raw/emam_v14/train/images/Image_70_jpg.rf.c0a442059300f5aae7c8653fc95b2555.jpg,raw/emam_v14/train/labels/Image_70_jpg.rf.c0a442059300f5aae7c8653fc95b2555.txt,peas
train,raw/emam_v14/train/images/Image_70_jpg.rf.c36e064a6728799c49a1536848904f0e.jpg,raw/emam_v14/train/labels/Image_70_jpg.rf.c36e064a6728799c49a1536848904f0e.txt,turnip
train,raw/emam_v14/train/images/Image_70_jpg.rf.c59b9ea772b83d0aa1cf1e82122e2e01.jpg,raw/emam_v14/train/labels/Image_70_jpg.rf.c59b9ea772b83d0aa1cf1e82122e2e01.txt,turnip
train,raw/emam_v14/train/images/Image_70_jpg.rf.cf6ff28c1dc4f5f92dc7900f40ef0a84.jpg,raw/emam_v14/train/labels/Image_70_jpg.rf.cf6ff28c1dc4f5f92dc7900f40ef0a84.txt,radish
train,raw/emam_v14/train/images/Image_70_jpg.rf.dcc09fd74d3730dca95fc3c3d4464746.jpg,raw/emam_v14/train/labels/Image_70_jpg.rf.dcc09fd74d3730dca95fc3c3d4464746.txt,onion
train,raw/emam_v14/train/images/Image_70_jpg.rf.e8ac02e16136603c1264c4b0af6fc9f6.jpg,raw/emam_v14/train/labels/Image_70_jpg.rf.e8ac02e16136603c1264c4b0af6fc9f6.txt,peas
train,raw/emam_v14/train/images/Image_70_jpg.rf.fe7c852316c65b1a0faac4dc92dce7c4.jpg,raw/emam_v14/train/labels/Image_70_jpg.rf.fe7c852316c65b1a0faac4dc92dce7c4.txt,sweetpotato
train,raw/emam_v14/train/images/Image_70_jpg.rf.fe9c77fc179d22337e7370f93c20b6c8.jpg,raw/emam_v14/train/labels/Image_70_jpg.rf.fe9c77fc179d22337e7370f93c20b6c8.txt,tomato
train,raw/emam_v14/train/images/Image_70_png_jpg.rf.02d79f96fbc2e6c7b62b726f29d83969.jpg,raw/emam_v14/train/labels/Image_70_png_jpg.rf.02d79f96fbc2e6c7b62b726f29d83969.txt,lettuce
train,raw/emam_v14/train/images/Image_70_png_jpg.rf.112f9717606d3a1b7dc1e1360f3118dc.jpg,raw/emam_v14/train/labels/Image_70_png_jpg.rf.112f9717606d3a1b7dc1e1360f3118dc.txt,jalapeno
train,raw/emam_v14/train/images/Image_70_png_jpg.rf.205a922a21d0c515689f5a6e7270dc0d.jpg,raw/emam_v14/train/labels/Image_70_png_jpg.rf.205a922a21d0c515689f5a6e7270dc0d.txt,lettuce
train,raw/emam_v14/train/images/Image_70_png_jpg.rf.3a1238e32e15dd7c5885bcd416aba48a.jpg,raw/emam_v14/train/labels/Image_70_png_jpg.rf.3a1238e32e15dd7c5885bcd416aba48a.txt,lettuce
train,raw/emam_v14/train/images/Image_70_png_jpg.rf.d1f61b6c9d893f35c16298ed9d24b5dc.jpg,raw/emam_v14/train/labels/Image_70_png_jpg.rf.d1f61b6c9d893f35c16298ed9d24b5dc.txt,jalapeno
train,raw/emam_v14/train/images/Image_70_png_jpg.rf.d55ef0a053816fa7cdf4d6fdfcbd5b40.jpg,raw/emam_v14/train/labels/Image_70_png_jpg.rf.d55ef0a053816fa7cdf4d6fdfcbd5b40.txt,jalapeno
train,raw/emam_v14/train/images/Image_71_jpeg_jpg.rf.6e792c724719dc304aa807dea83a4d97.jpg,raw/emam_v14/train/labels/Image_71_jpeg_jpg.rf.6e792c724719dc304aa807dea83a4d97.txt,ladyfinger
train,raw/emam_v14/train/images/Image_71_jpeg_jpg.rf.70f48b53dd2ff3fa136993a2da7123f7.jpg,raw/emam_v14/train/labels/Image_71_jpeg_jpg.rf.70f48b53dd2ff3fa136993a2da7123f7.txt,chillipepper
train,raw/emam_v14/train/images/Image_71_jpeg_jpg.rf.7c20a260bfbc24bb59c0573f27709d48.jpg,raw/emam_v14/train/labels/Image_71_jpeg_jpg.rf.7c20a260bfbc24bb59c0573f27709d48.txt,ladyfinger
train,raw/emam_v14/train/images/Image_71_jpeg_jpg.rf.871bff15319c1296ee36d5043cd2e3a6.jpg,raw/emam_v14/train/labels/Image_71_jpeg_jpg.rf.871bff15319c1296ee36d5043cd2e3a6.txt,chillipepper
train,raw/emam_v14/train/images/Image_71_jpeg_jpg.rf.c887f647a7426a2348a1304968cfc7aa.jpg,raw/emam_v14/train/labels/Image_71_jpeg_jpg.rf.c887f647a7426a2348a1304968cfc7aa.txt,chillipepper
train,raw/emam_v14/train/images/Image_71_jpeg_jpg.rf.dc2a7d751c883e338e0de0d2ee84a6a5.jpg,raw/emam_v14/train/labels/Image_71_jpeg_jpg.rf.dc2a7d751c883e338e0de0d2ee84a6a5.txt,ladyfinger
train,raw/emam_v14/train/images/Image_71_jpg.rf.0a4062acdc3955b76a8b7dd72308acc5.jpg,raw/emam_v14/train/labels/Image_71_jpg.rf.0a4062acdc3955b76a8b7dd72308acc5.txt,bellpepper
train,raw/emam_v14/train/images/Image_71_jpg.rf.0dba9b2644ca28cff9084a6403667e52.jpg,raw/emam_v14/train/labels/Image_71_jpg.rf.0dba9b2644ca28cff9084a6403667e52.txt,bellpepper
train,raw/emam_v14/train/images/Image_71_jpg.rf.13d9bb2251d1bcdb28620955743040d8.jpg,raw/emam_v14/train/labels/Image_71_jpg.rf.13d9bb2251d1bcdb28620955743040d8.txt,bellpepper
train,raw/emam_v14/train/images/Image_71_jpg.rf.14b29a577d1a466d7e3e1392797b02a8.jpg,raw/emam_v14/train/labels/Image_71_jpg.rf.14b29a577d1a466d7e3e1392797b02a8.txt,peas
train,raw/emam_v14/train/images/Image_71_jpg.rf.18c3cbb22e98a6adf9ae4d3830152428.jpg,raw/emam_v14/train/labels/Image_71_jpg.rf.18c3cbb22e98a6adf9ae4d3830152428.txt,bellpepper
train,raw/emam_v14/train/images/Image_71_jpg.rf.19363c4b4152ba9c69c062d83dc731f0.jpg,raw/emam_v14/train/labels/Image_71_jpg.rf.19363c4b4152ba9c69c062d83dc731f0.txt,sweetcorn
train,raw/emam_v14/train/images/Image_71_jpg.rf.208305bd4f935d9db4d47eb2e7c1123f.jpg,raw/emam_v14/train/labels/Image_71_jpg.rf.208305bd4f935d9db4d47eb2e7c1123f.txt,tomato
train,raw/emam_v14/train/images/Image_71_jpg.rf.3b2ac768f9f79f64617e873134f6ce7d.jpg,raw/emam_v14/train/labels/Image_71_jpg.rf.3b2ac768f9f79f64617e873134f6ce7d.txt,potato
train,raw/emam_v14/train/images/Image_71_jpg.rf.40190693763ba05d1b062ab094fa6d03.jpg,raw/emam_v14/train/labels/Image_71_jpg.rf.40190693763ba05d1b062ab094fa6d03.txt,sweetcorn
train,raw/emam_v14/train/images/Image_71_jpg.rf.491fd157220c7e1e2d9e8d9d85b566df.jpg,raw/emam_v14/train/labels/Image_71_jpg.rf.491fd157220c7e1e2d9e8d9d85b566df.txt,bellpepper
train,raw/emam_v14/train/images/Image_71_jpg.rf.5846ca4e5a9d9346232e26af649243ca.jpg,raw/emam_v14/train/labels/Image_71_jpg.rf.5846ca4e5a9d9346232e26af649243ca.txt,eggplant
train,raw/emam_v14/train/images/Image_71_jpg.rf.7be3f4fdde5ef85711be5c27d26c594e.jpg,raw/emam_v14/train/labels/Image_71_jpg.rf.7be3f4fdde5ef85711be5c27d26c594e.txt,chillipepper
train,raw/emam_v14/train/images/Image_71_jpg.rf.84471b6814968323191afb94b3ae715c.jpg,raw/emam_v14/train/labels/Image_71_jpg.rf.84471b6814968323191afb94b3ae715c.txt,peas
train,raw/emam_v14/train/images/Image_71_jpg.rf.8ad6636374859548ace792db0735572e.jpg,raw/emam_v14/train/labels/Image_71_jpg.rf.8ad6636374859548ace792db0735572e.txt,tomato
train,raw/emam_v14/train/images/Image_71_jpg.rf.9cbc51d389ea0c15df46d2ffc3a66012.jpg,raw/emam_v14/train/labels/Image_71_jpg.rf.9cbc51d389ea0c15df46d2ffc3a66012.txt,potato
train,raw/emam_v14/train/images/Image_71_jpg.rf.9cf4d107be50d0bf060d585cf50d05b0.jpg,raw/emam_v14/train/labels/Image_71_jpg.rf.9cf4d107be50d0bf060d585cf50d05b0.txt,peas
train,raw/emam_v14/train/images/Image_71_jpg.rf.9dc2be4d7ac5c5e8c21637ed8e58847d.jpg,raw/emam_v14/train/labels/Image_71_jpg.rf.9dc2be4d7ac5c5e8c21637ed8e58847d.txt,tomato
train,raw/emam_v14/train/images/Image_71_jpg.rf.a145b1e7e4ad9bc1a7cfd3e6192b2f60.jpg,raw/emam_v14/train/labels/Image_71_jpg.rf.a145b1e7e4ad9bc1a7cfd3e6192b2f60.txt,cabbage
train,raw/emam_v14/train/images/Image_71_jpg.rf.a5de9aa0dca4704dd00acf38b9ba9649.jpg,raw/emam_v14/train/labels/Image_71_jpg.rf.a5de9aa0dca4704dd00acf38b9ba9649.txt,cabbage
train,raw/emam_v14/train/images/Image_71_jpg.rf.b1e4109bee9497d592d6eb8d7aab99e9.jpg,raw/emam_v14/train/labels/Image_71_jpg.rf.b1e4109bee9497d592d6eb8d7aab99e9.txt,eggplant
train,raw/emam_v14/train/images/Image_71_jpg.rf.c511fa427b597fbda73cd3e0d026cbe0.jpg,raw/emam_v14/train/labels/Image_71_jpg.rf.c511fa427b597fbda73cd3e0d026cbe0.txt,sweetcorn
train,raw/emam_v14/train/images/Image_71_jpg.rf.cb0970ade42e22bed47992e10aabbcb0.jpg,raw/emam_v14/train/labels/Image_71_jpg.rf.cb0970ade42e22bed47992e10aabbcb0.txt,cabbage
train,raw/emam_v14/train/images/Image_71_jpg.rf.ccbac0eb91e5fdeb353203e605cf2ed5.jpg,raw/emam_v14/train/labels/Image_71_jpg.rf.ccbac0eb91e5fdeb353203e605cf2ed5.txt,bellpepper
train,raw/emam_v14/train/images/Image_71_jpg.rf.ccfd98dce19a41dd28bbcd13005bb5bf.jpg,raw/emam_v14/train/labels/Image_71_jpg.rf.ccfd98dce19a41dd28bbcd13005bb5bf.txt,chillipepper
train,raw/emam_v14/train/images/Image_71_jpg.rf.f3fd6b5d2bf59495c54c5f1d841dfc84.jpg,raw/emam_v14/train/labels/Image_71_jpg.rf.f3fd6b5d2bf59495c54c5f1d841dfc84.txt,potato
train,raw/emam_v14/train/images/Image_71_jpg.rf.fdc6b3d6576edbec0134d406ca6ef8ab.jpg,raw/emam_v14/train/labels/Image_71_jpg.rf.fdc6b3d6576edbec0134d406ca6ef8ab.txt,eggplant
train,raw/emam_v14/train/images/Image_71_jpg.rf.fe9bd0d60514bfc47b9a83c2dbbdb21d.jpg,raw/emam_v14/train/labels/Image_71_jpg.rf.fe9bd0d60514bfc47b9a83c2dbbdb21d.txt,chillipepper
train,raw/emam_v14/train/images/Image_71_png_jpg.rf.0d67f5fa5cc24419eca62c29fa09ac82.jpg,raw/emam_v14/train/labels/Image_71_png_jpg.rf.0d67f5fa5cc24419eca62c29fa09ac82.txt,onion
train,raw/emam_v14/train/images/Image_71_png_jpg.rf.1e41bc0d171ef15cc8f6d30b682d65d4.jpg,raw/emam_v14/train/labels/Image_71_png_jpg.rf.1e41bc0d171ef15cc8f6d30b682d65d4.txt,radish
train,raw/emam_v14/train/images/Image_71_png_jpg.rf.3e4b0595c8584e21a9a7193434494d63.jpg,raw/emam_v14/train/labels/Image_71_png_jpg.rf.3e4b0595c8584e21a9a7193434494d63.txt,onion
train,raw/emam_v14/train/images/Image_71_png_jpg.rf.45e00706baae914e6d337044ed718081.jpg,raw/emam_v14/train/labels/Image_71_png_jpg.rf.45e00706baae914e6d337044ed718081.txt,onion
train,raw/emam_v14/train/images/Image_71_png_jpg.rf.a755c860dda09e05c8da61f22e65888c.jpg,raw/emam_v14/train/labels/Image_71_png_jpg.rf.a755c860dda09e05c8da61f22e65888c.txt,radish
train,raw/emam_v14/train/images/Image_71_png_jpg.rf.fe15a174fd6cbd9a8f09034dfb894825.jpg,raw/emam_v14/train/labels/Image_71_png_jpg.rf.fe15a174fd6cbd9a8f09034dfb894825.txt,radish
train,raw/emam_v14/train/images/Image_72_jpeg_jpg.rf.0c7ac9f85604534485c6ad94c33d7389.jpg,raw/emam_v14/train/labels/Image_72_jpeg_jpg.rf.0c7ac9f85604534485c6ad94c33d7389.txt,ladyfinger
train,raw/emam_v14/train/images/Image_72_jpeg_jpg.rf.78839467a855e20baa26f9158152bc03.jpg,raw/emam_v14/train/labels/Image_72_jpeg_jpg.rf.78839467a855e20baa26f9158152bc03.txt,ladyfinger
train,raw/emam_v14/train/images/Image_72_jpeg_jpg.rf.be13d5af2d1accb54deecd8624800f80.jpg,raw/emam_v14/train/labels/Image_72_jpeg_jpg.rf.be13d5af2d1accb54deecd8624800f80.txt,ladyfinger
train,raw/emam_v14/train/images/Image_72_jpg.rf.06c2dbd94924b9b5d49e5169d182ed4c.jpg,raw/emam_v14/train/labels/Image_72_jpg.rf.06c2dbd94924b9b5d49e5169d182ed4c.txt,corn
train,raw/emam_v14/train/images/Image_72_jpg.rf.0d114c731587bbf711f231e749e7973b.jpg,raw/emam_v14/train/labels/Image_72_jpg.rf.0d114c731587bbf711f231e749e7973b.txt,potato
train,raw/emam_v14/train/images/Image_72_jpg.rf.149d6c663ff1592fb80b353d6a1e506d.jpg,raw/emam_v14/train/labels/Image_72_jpg.rf.149d6c663ff1592fb80b353d6a1e506d.txt,lettuce
train,raw/emam_v14/train/images/Image_72_jpg.rf.1d3997c91d10b21fa41bd94d9d1c8afd.jpg,raw/emam_v14/train/labels/Image_72_jpg.rf.1d3997c91d10b21fa41bd94d9d1c8afd.txt,tomato
train,raw/emam_v14/train/images/Image_72_jpg.rf.387de5639f23946664783d5f3ba03ead.jpg,raw/emam_v14/train/labels/Image_72_jpg.rf.387de5639f23946664783d5f3ba03ead.txt,sweetcorn
train,raw/emam_v14/train/images/Image_72_jpg.rf.3ac8819d8f4681df7c034da58844b188.jpg,raw/emam_v14/train/labels/Image_72_jpg.rf.3ac8819d8f4681df7c034da58844b188.txt,beetroot
train,raw/emam_v14/train/images/Image_72_jpg.rf.3aefacae5d03603a3f08685922319609.jpg,raw/emam_v14/train/labels/Image_72_jpg.rf.3aefacae5d03603a3f08685922319609.txt,beetroot
train,raw/emam_v14/train/images/Image_72_jpg.rf.400b67882747d5a22660f7252de30771.jpg,raw/emam_v14/train/labels/Image_72_jpg.rf.400b67882747d5a22660f7252de30771.txt,eggplant
train,raw/emam_v14/train/images/Image_72_jpg.rf.4340c68f9c069ead0209454792bba613.jpg,raw/emam_v14/train/labels/Image_72_jpg.rf.4340c68f9c069ead0209454792bba613.txt,chillipepper
train,raw/emam_v14/train/images/Image_72_jpg.rf.4ecade012493e9975f896d120a438131.jpg,raw/emam_v14/train/labels/Image_72_jpg.rf.4ecade012493e9975f896d120a438131.txt,eggplant
train,raw/emam_v14/train/images/Image_72_jpg.rf.4f813caa57907c63e217d14c3d1c977e.jpg,raw/emam_v14/train/labels/Image_72_jpg.rf.4f813caa57907c63e217d14c3d1c977e.txt,ginger
train,raw/emam_v14/train/images/Image_72_jpg.rf.5538329eb7b8a36cc540282a2d89a32d.jpg,raw/emam_v14/train/labels/Image_72_jpg.rf.5538329eb7b8a36cc540282a2d89a32d.txt,corn
train,raw/emam_v14/train/images/Image_72_jpg.rf.5b66e7294684f2e08be819a6677bc206.jpg,raw/emam_v14/train/labels/Image_72_jpg.rf.5b66e7294684f2e08be819a6677bc206.txt,sweetcorn
train,raw/emam_v14/train/images/Image_72_jpg.rf.6755cbf5f73ab0ce8254ffad657994e5.jpg,raw/emam_v14/train/labels/Image_72_jpg.rf.6755cbf5f73ab0ce8254ffad657994e5.txt,corn
train,raw/emam_v14/train/images/Image_72_jpg.rf.729eab0378432701f2e36afa6ae7917f.jpg,raw/emam_v14/train/labels/Image_72_jpg.rf.729eab0378432701f2e36afa6ae7917f.txt,eggplant
train,raw/emam_v14/train/images/Image_72_jpg.rf.7fe1e49c3e808645e216ce5fe110131f.jpg,raw/emam_v14/train/labels/Image_72_jpg.rf.7fe1e49c3e808645e216ce5fe110131f.txt,spinach
train,raw/emam_v14/train/images/Image_72_jpg.rf.83702c3dbf0a3df5e72b6e92e1c8c565.jpg,raw/emam_v14/train/labels/Image_72_jpg.rf.83702c3dbf0a3df5e72b6e92e1c8c565.txt,radish
train,raw/emam_v14/train/images/Image_72_jpg.rf.8e385b5aeaa97bf0661692ea94f6c4ae.jpg,raw/emam_v14/train/labels/Image_72_jpg.rf.8e385b5aeaa97bf0661692ea94f6c4ae.txt,lettuce
train,raw/emam_v14/train/images/Image_72_jpg.rf.95cc12b7b06914578895fb6c490cd343.jpg,raw/emam_v14/train/labels/Image_72_jpg.rf.95cc12b7b06914578895fb6c490cd343.txt,chillipepper
train,raw/emam_v14/train/images/Image_72_jpg.rf.9a7665c8028eb88e22d6309224d51ab0.jpg,raw/emam_v14/train/labels/Image_72_jpg.rf.9a7665c8028eb88e22d6309224d51ab0.txt,radish
train,raw/emam_v14/train/images/Image_72_jpg.rf.9c50602f8290bfadd152549af9000edf.jpg,raw/emam_v14/train/labels/Image_72_jpg.rf.9c50602f8290bfadd152549af9000edf.txt,peas
train,raw/emam_v14/train/images/Image_72_jpg.rf.9dd6423b336d1a9cbb080e5d654764a3.jpg,raw/emam_v14/train/labels/Image_72_jpg.rf.9dd6423b336d1a9cbb080e5d654764a3.txt,peas
train,raw/emam_v14/train/images/Image_72_jpg.rf.a219e89c72cb44c9b086aa1cb2351bcd.jpg,raw/emam_v14/train/labels/Image_72_jpg.rf.a219e89c72cb44c9b086aa1cb2351bcd.txt,lettuce
train,raw/emam_v14/train/images/Image_72_jpg.rf.a33ff254f7964dc92ddb467b08c07c88.jpg,raw/emam_v14/train/labels/Image_72_jpg.rf.a33ff254f7964dc92ddb467b08c07c88.txt,peas
train,raw/emam_v14/train/images/Image_72_jpg.rf.a3d272f2dc4c9faabb6a28e90f96d94a.jpg,raw/emam_v14/train/labels/Image_72_jpg.rf.a3d272f2dc4c9faabb6a28e90f96d94a.txt,beetroot
train,raw/emam_v14/train/images/Image_72_jpg.rf.ada1e71c252c5798c7f6374369111a0d.jpg,raw/emam_v14/train/labels/Image_72_jpg.rf.ada1e71c252c5798c7f6374369111a0d.txt,potato
train,raw/emam_v14/train/images/Image_72_jpg.rf.b064e29c3ba9fa83b2ea4b50f4ab0172.jpg,raw/emam_v14/train/labels/Image_72_jpg.rf.b064e29c3ba9fa83b2ea4b50f4ab0172.txt,ginger
train,raw/emam_v14/train/images/Image_72_jpg.rf.b86f976220c2cc3db14bab738bfcf86d.jpg,raw/emam_v14/train/labels/Image_72_jpg.rf.b86f976220c2cc3db14bab738bfcf86d.txt,potato
train,raw/emam_v14/train/images/Image_72_jpg.rf.bf8c59ff4ec60768e2be1581441b26c9.jpg,raw/emam_v14/train/labels/Image_72_jpg.rf.bf8c59ff4ec60768e2be1581441b26c9.txt,chillipepper
train,raw/emam_v14/train/images/Image_72_jpg.rf.c6ded7cf96507f32761d60f279434e04.jpg,raw/emam_v14/train/labels/Image_72_jpg.rf.c6ded7cf96507f32761d60f279434e04.txt,sweetcorn
train,raw/emam_v14/train/images/Image_72_jpg.rf.d25764f2a83409d24c3e64eec5a04f35.jpg,raw/emam_v14/train/labels/Image_72_jpg.rf.d25764f2a83409d24c3e64eec5a04f35.txt,spinach
train,raw/emam_v14/train/images/Image_72_jpg.rf.decdfa02463047ebaae11eef2d7d2d6b.jpg,raw/emam_v14/train/labels/Image_72_jpg.rf.decdfa02463047ebaae11eef2d7d2d6b.txt,tomato
train,raw/emam_v14/train/images/Image_72_jpg.rf.e084f1b923c4d8c5f1848bae0675c27a.jpg,raw/emam_v14/train/labels/Image_72_jpg.rf.e084f1b923c4d8c5f1848bae0675c27a.txt,ginger
train,raw/emam_v14/train/images/Image_72_jpg.rf.e89bcb24063a1789f9b9d279bb372c1a.jpg,raw/emam_v14/train/labels/Image_72_jpg.rf.e89bcb24063a1789f9b9d279bb372c1a.txt,radish
train,raw/emam_v14/train/images/Image_72_jpg.rf.f724662c21aec34bb8a48626a69bc80a.jpg,raw/emam_v14/train/labels/Image_72_jpg.rf.f724662c21aec34bb8a48626a69bc80a.txt,spinach
train,raw/emam_v14/train/images/Image_72_jpg.rf.fcfbd87681b1747718d01504699dec85.jpg,raw/emam_v14/train/labels/Image_72_jpg.rf.fcfbd87681b1747718d01504699dec85.txt,tomato
train,raw/emam_v14/train/images/Image_73_jpeg_jpg.rf.781de3f943702c46102c015cb1677c6e.jpg,raw/emam_v14/train/labels/Image_73_jpeg_jpg.rf.781de3f943702c46102c015cb1677c6e.txt,carrot
train,raw/emam_v14/train/images/Image_73_jpeg_jpg.rf.a3ed083e90360fbba3735557036dbd17.jpg,raw/emam_v14/train/labels/Image_73_jpeg_jpg.rf.a3ed083e90360fbba3735557036dbd17.txt,carrot
train,raw/emam_v14/train/images/Image_73_jpeg_jpg.rf.f740fc0d58bf9abe72e71bca84e9fcaf.jpg,raw/emam_v14/train/labels/Image_73_jpeg_jpg.rf.f740fc0d58bf9abe72e71bca84e9fcaf.txt,carrot
train,raw/emam_v14/train/images/Image_73_jpg.rf.0016cbef07c57a681df9a76a3fae49a1.jpg,raw/emam_v14/train/labels/Image_73_jpg.rf.0016cbef07c57a681df9a76a3fae49a1.txt,sweetpotato
train,raw/emam_v14/train/images/Image_73_jpg.rf.05c62aaa1d0c94a09d9c2d3f1368e89a.jpg,raw/emam_v14/train/labels/Image_73_jpg.rf.05c62aaa1d0c94a09d9c2d3f1368e89a.txt,corn
train,raw/emam_v14/train/images/Image_73_jpg.rf.1229566761c70591a4db77bb8a982bbe.jpg,raw/emam_v14/train/labels/Image_73_jpg.rf.1229566761c70591a4db77bb8a982bbe.txt,cabbage
train,raw/emam_v14/train/images/Image_73_jpg.rf.319d1b4871eb9286d6deffe2cc757c8e.jpg,raw/emam_v14/train/labels/Image_73_jpg.rf.319d1b4871eb9286d6deffe2cc757c8e.txt,potato
train,raw/emam_v14/train/images/Image_73_jpg.rf.36af52e969a65d8d92325fc7a484e731.jpg,raw/emam_v14/train/labels/Image_73_jpg.rf.36af52e969a65d8d92325fc7a484e731.txt,potato
train,raw/emam_v14/train/images/Image_73_jpg.rf.4130f237a45e6214e7843404d1ad78d5.jpg,raw/emam_v14/train/labels/Image_73_jpg.rf.4130f237a45e6214e7843404d1ad78d5.txt,cucumber
train,raw/emam_v14/train/images/Image_73_jpg.rf.449a816bbfecf3c6dbd83108eeb4725e.jpg,raw/emam_v14/train/labels/Image_73_jpg.rf.449a816bbfecf3c6dbd83108eeb4725e.txt,tomato
train,raw/emam_v14/train/images/Image_73_jpg.rf.459cd4b5d07ba11ac7fc67b15f6832a5.jpg,raw/emam_v14/train/labels/Image_73_jpg.rf.459cd4b5d07ba11ac7fc67b15f6832a5.txt,turnip
train,raw/emam_v14/train/images/Image_73_jpg.rf.5f7c4a90cea3d54b8502fc1f9165750b.jpg,raw/emam_v14/train/labels/Image_73_jpg.rf.5f7c4a90cea3d54b8502fc1f9165750b.txt,tomato
train,raw/emam_v14/train/images/Image_73_jpg.rf.663b863ace33eb1433cbbd91dc9fe969.jpg,raw/emam_v14/train/labels/Image_73_jpg.rf.663b863ace33eb1433cbbd91dc9fe969.txt,cucumber
train,raw/emam_v14/train/images/Image_73_jpg.rf.6e75cd35d665bb8262337bacc483cfae.jpg,raw/emam_v14/train/labels/Image_73_jpg.rf.6e75cd35d665bb8262337bacc483cfae.txt,potato
train,raw/emam_v14/train/images/Image_73_jpg.rf.8292788d3f0f0a20bd1a30ca8843d087.jpg,raw/emam_v14/train/labels/Image_73_jpg.rf.8292788d3f0f0a20bd1a30ca8843d087.txt,cabbage
train,raw/emam_v14/train/images/Image_73_jpg.rf.95088b807318b3bb4edf015d4e41c4d0.jpg,raw/emam_v14/train/labels/Image_73_jpg.rf.95088b807318b3bb4edf015d4e41c4d0.txt,turnip
train,raw/emam_v14/train/images/Image_73_jpg.rf.aec4e8eed8807a4d771beb41a417361b.jpg,raw/emam_v14/train/labels/Image_73_jpg.rf.aec4e8eed8807a4d771beb41a417361b.txt,bellpepper
train,raw/emam_v14/train/images/Image_73_jpg.rf.b088b3a3d5ae6a7a54eb4cb7589e1e7c.jpg,raw/emam_v14/train/labels/Image_73_jpg.rf.b088b3a3d5ae6a7a54eb4cb7589e1e7c.txt,tomato
train,raw/emam_v14/train/images/Image_73_jpg.rf.b2a9b4e21024921dc502fceb71227ea1.jpg,raw/emam_v14/train/labels/Image_73_jpg.rf.b2a9b4e21024921dc502fceb71227ea1.txt,cucumber
train,raw/emam_v14/train/images/Image_73_jpg.rf.bedf4c2ec0d69bbb1ac55154b52ef6c9.jpg,raw/emam_v14/train/labels/Image_73_jpg.rf.bedf4c2ec0d69bbb1ac55154b52ef6c9.txt,turnip
train,raw/emam_v14/train/images/Image_73_jpg.rf.c09a68c2e677231628da0f81c24917ba.jpg,raw/emam_v14/train/labels/Image_73_jpg.rf.c09a68c2e677231628da0f81c24917ba.txt,sweetpotato
train,raw/emam_v14/train/images/Image_73_jpg.rf.d238f81c8734dfa1a3e9350f6db98917.jpg,raw/emam_v14/train/labels/Image_73_jpg.rf.d238f81c8734dfa1a3e9350f6db98917.txt,bellpepper
train,raw/emam_v14/train/images/Image_73_jpg.rf.ea39b7992f65886cbe9ea533d4027f05.jpg,raw/emam_v14/train/labels/Image_73_jpg.rf.ea39b7992f65886cbe9ea533d4027f05.txt,cabbage
train,raw/emam_v14/train/images/Image_73_jpg.rf.f8a86f0b41b56a4b74b57846292eb0d0.jpg,raw/emam_v14/train/labels/Image_73_jpg.rf.f8a86f0b41b56a4b74b57846292eb0d0.txt,bellpepper
train,raw/emam_v14/train/images/Image_73_jpg.rf.fc029ceb63b881ed5fd7f10837356dd2.jpg,raw/emam_v14/train/labels/Image_73_jpg.rf.fc029ceb63b881ed5fd7f10837356dd2.txt,corn
train,raw/emam_v14/train/images/Image_73_jpg.rf.ff46f660fd708c3f0107dde9aed1becb.jpg,raw/emam_v14/train/labels/Image_73_jpg.rf.ff46f660fd708c3f0107dde9aed1becb.txt,sweetpotato
train,raw/emam_v14/train/images/Image_74_jpeg_jpg.rf.651a401766461f9e1ca793da30356b1b.jpg,raw/emam_v14/train/labels/Image_74_jpeg_jpg.rf.651a401766461f9e1ca793da30356b1b.txt,ladyfinger
train,raw/emam_v14/train/images/Image_74_jpeg_jpg.rf.ad5f8abdb53c015d30489a4493fec9e8.jpg,raw/emam_v14/train/labels/Image_74_jpeg_jpg.rf.ad5f8abdb53c015d30489a4493fec9e8.txt,ladyfinger
train,raw/emam_v14/train/images/Image_74_jpeg_jpg.rf.c281477f5a35036861032add1478b33a.jpg,raw/emam_v14/train/labels/Image_74_jpeg_jpg.rf.c281477f5a35036861032add1478b33a.txt,ladyfinger
train,raw/emam_v14/train/images/Image_74_jpg.rf.04d5f66841e1ab31033066c57cf954e2.jpg,raw/emam_v14/train/labels/Image_74_jpg.rf.04d5f66841e1ab31033066c57cf954e2.txt,tomato
train,raw/emam_v14/train/images/Image_74_jpg.rf.1d9081b0ff541f145d02b26f16edf904.jpg,raw/emam_v14/train/labels/Image_74_jpg.rf.1d9081b0ff541f145d02b26f16edf904.txt,ginger
train,raw/emam_v14/train/images/Image_74_jpg.rf.2086e5d3129043d4b94bf37824ed6c98.jpg,raw/emam_v14/train/labels/Image_74_jpg.rf.2086e5d3129043d4b94bf37824ed6c98.txt,turnip
train,raw/emam_v14/train/images/Image_74_jpg.rf.2b910e4ea52b1800c7aebc3affc48aed.jpg,raw/emam_v14/train/labels/Image_74_jpg.rf.2b910e4ea52b1800c7aebc3affc48aed.txt,sweetcorn
train,raw/emam_v14/train/images/Image_74_jpg.rf.2e3a4851042f06862fe4356b063537f2.jpg,raw/emam_v14/train/labels/Image_74_jpg.rf.2e3a4851042f06862fe4356b063537f2.txt,potato
train,raw/emam_v14/train/images/Image_74_jpg.rf.301115aa9abe05147459fd5bd602e9d5.jpg,raw/emam_v14/train/labels/Image_74_jpg.rf.301115aa9abe05147459fd5bd602e9d5.txt,eggplant
train,raw/emam_v14/train/images/Image_74_jpg.rf.3586e05895520d193fa1ed7c8d1de50d.jpg,raw/emam_v14/train/labels/Image_74_jpg.rf.3586e05895520d193fa1ed7c8d1de50d.txt,bellpepper
train,raw/emam_v14/train/images/Image_74_jpg.rf.36ad85445bea52dcc5b9271d35f97623.jpg,raw/emam_v14/train/labels/Image_74_jpg.rf.36ad85445bea52dcc5b9271d35f97623.txt,sweetcorn
train,raw/emam_v14/train/images/Image_74_jpg.rf.41f04ac52c60be7675efc91a6e209028.jpg,raw/emam_v14/train/labels/Image_74_jpg.rf.41f04ac52c60be7675efc91a6e209028.txt,chillipepper
train,raw/emam_v14/train/images/Image_74_jpg.rf.430547ee2dc0c64effeaa8697198ba69.jpg,raw/emam_v14/train/labels/Image_74_jpg.rf.430547ee2dc0c64effeaa8697198ba69.txt,potato
train,raw/emam_v14/train/images/Image_74_jpg.rf.448023e6211123b9cf870dd1d6d5a870.jpg,raw/emam_v14/train/labels/Image_74_jpg.rf.448023e6211123b9cf870dd1d6d5a870.txt,turnip
train,raw/emam_v14/train/images/Image_74_jpg.rf.47a647c1c6932f07d29baafccc8a7140.jpg,raw/emam_v14/train/labels/Image_74_jpg.rf.47a647c1c6932f07d29baafccc8a7140.txt,cabbage
train,raw/emam_v14/train/images/Image_74_jpg.rf.4e188dd9c5eb6cd11bdd023e1a5e03b0.jpg,raw/emam_v14/train/labels/Image_74_jpg.rf.4e188dd9c5eb6cd11bdd023e1a5e03b0.txt,garlic
train,raw/emam_v14/train/images/Image_74_jpg.rf.53d93df02f631c80b8196bd37bd9a144.jpg,raw/emam_v14/train/labels/Image_74_jpg.rf.53d93df02f631c80b8196bd37bd9a144.txt,tomato
train,raw/emam_v14/train/images/Image_74_jpg.rf.55c7ac78f0177706eba10e3a01e2c03a.jpg,raw/emam_v14/train/labels/Image_74_jpg.rf.55c7ac78f0177706eba10e3a01e2c03a.txt,ginger
train,raw/emam_v14/train/images/Image_74_jpg.rf.5667530352247b5be44ae7133499af76.jpg,raw/emam_v14/train/labels/Image_74_jpg.rf.5667530352247b5be44ae7133499af76.txt,bellpepper
train,raw/emam_v14/train/images/Image_74_jpg.rf.5bf1bff972e372906c843d472598da25.jpg,raw/emam_v14/train/labels/Image_74_jpg.rf.5bf1bff972e372906c843d472598da25.txt,bellpepper
train,raw/emam_v14/train/images/Image_74_jpg.rf.651ccf29ecbee70e654ea5e3575c0b1d.jpg,raw/emam_v14/train/labels/Image_74_jpg.rf.651ccf29ecbee70e654ea5e3575c0b1d.txt,bellpepper
train,raw/emam_v14/train/images/Image_74_jpg.rf.65477e386baee0b70a32fad239bb95ec.jpg,raw/emam_v14/train/labels/Image_74_jpg.rf.65477e386baee0b70a32fad239bb95ec.txt,cabbage
train,raw/emam_v14/train/images/Image_74_jpg.rf.669e4c433c939209e22acc76c7c00fad.jpg,raw/emam_v14/train/labels/Image_74_jpg.rf.669e4c433c939209e22acc76c7c00fad.txt,cucumber
train,raw/emam_v14/train/images/Image_74_jpg.rf.74af11ef9b9a32080f3bda024f28a804.jpg,raw/emam_v14/train/labels/Image_74_jpg.rf.74af11ef9b9a32080f3bda024f28a804.txt,peas
train,raw/emam_v14/train/images/Image_74_jpg.rf.7c4e0e75c05c623ac9748eb4876a6f6d.jpg,raw/emam_v14/train/labels/Image_74_jpg.rf.7c4e0e75c05c623ac9748eb4876a6f6d.txt,garlic
train,raw/emam_v14/train/images/Image_74_jpg.rf.80a9b8e960bdec67af5b9db6c7365b43.jpg,raw/emam_v14/train/labels/Image_74_jpg.rf.80a9b8e960bdec67af5b9db6c7365b43.txt,chillipepper
train,raw/emam_v14/train/images/Image_74_jpg.rf.867454b7328575435aa98b37aa86d59c.jpg,raw/emam_v14/train/labels/Image_74_jpg.rf.867454b7328575435aa98b37aa86d59c.txt,bellpepper
train,raw/emam_v14/train/images/Image_74_jpg.rf.8a5a6e775551b2a300f2d97a99c65aca.jpg,raw/emam_v14/train/labels/Image_74_jpg.rf.8a5a6e775551b2a300f2d97a99c65aca.txt,ginger
train,raw/emam_v14/train/images/Image_74_jpg.rf.8fc0d432cdbfb808584890d10a5415a4.jpg,raw/emam_v14/train/labels/Image_74_jpg.rf.8fc0d432cdbfb808584890d10a5415a4.txt,bellpepper
train,raw/emam_v14/train/images/Image_74_jpg.rf.956c63b457e538dcb83ae9d82abb2fe9.jpg,raw/emam_v14/train/labels/Image_74_jpg.rf.956c63b457e538dcb83ae9d82abb2fe9.txt,eggplant
train,raw/emam_v14/train/images/Image_74_jpg.rf.99c7d13ef22b20421942d1ba769ae044.jpg,raw/emam_v14/train/labels/Image_74_jpg.rf.99c7d13ef22b20421942d1ba769ae044.txt,turnip
train,raw/emam_v14/train/images/Image_74_jpg.rf.af8b9e5f1d46dc10ae6fefcb93b0eb3d.jpg,raw/emam_v14/train/labels/Image_74_jpg.rf.af8b9e5f1d46dc10ae6fefcb93b0eb3d.txt,chillipepper
train,raw/emam_v14/train/images/Image_74_jpg.rf.ca955fd314fcf937a57cd617d017350b.jpg,raw/emam_v14/train/labels/Image_74_jpg.rf.ca955fd314fcf937a57cd617d017350b.txt,potato
train,raw/emam_v14/train/images/Image_74_jpg.rf.cbcc1660fc2a3f14b697727ed5b6abef.jpg,raw/emam_v14/train/labels/Image_74_jpg.rf.cbcc1660fc2a3f14b697727ed5b6abef.txt,cucumber
train,raw/emam_v14/train/images/Image_74_jpg.rf.d7c3639edbf2474a55e19f272ed0cb8b.jpg,raw/emam_v14/train/labels/Image_74_jpg.rf.d7c3639edbf2474a55e19f272ed0cb8b.txt,garlic
train,raw/emam_v14/train/images/Image_74_jpg.rf.da4599d068ceda65c9576662b81c480a.jpg,raw/emam_v14/train/labels/Image_74_jpg.rf.da4599d068ceda65c9576662b81c480a.txt,tomato
train,raw/emam_v14/train/images/Image_74_jpg.rf.dc4dcbfa409156cf701049c015c23a3a.jpg,raw/emam_v14/train/labels/Image_74_jpg.rf.dc4dcbfa409156cf701049c015c23a3a.txt,cabbage
train,raw/emam_v14/train/images/Image_74_jpg.rf.dd3c8525aa287ccbd44470ce6c4b36d5.jpg,raw/emam_v14/train/labels/Image_74_jpg.rf.dd3c8525aa287ccbd44470ce6c4b36d5.txt,peas
train,raw/emam_v14/train/images/Image_74_jpg.rf.e5f29797cb80a3ab6c2885684970783c.jpg,raw/emam_v14/train/labels/Image_74_jpg.rf.e5f29797cb80a3ab6c2885684970783c.txt,cucumber
train,raw/emam_v14/train/images/Image_74_jpg.rf.ef16c61ccaea5578fcf4b0ca564e7354.jpg,raw/emam_v14/train/labels/Image_74_jpg.rf.ef16c61ccaea5578fcf4b0ca564e7354.txt,peas
train,raw/emam_v14/train/images/Image_74_jpg.rf.f19bb8363322868097cc6371adbbb599.jpg,raw/emam_v14/train/labels/Image_74_jpg.rf.f19bb8363322868097cc6371adbbb599.txt,sweetcorn
train,raw/emam_v14/train/images/Image_74_jpg.rf.fb9c8fedfcaa093503f202497a543471.jpg,raw/emam_v14/train/labels/Image_74_jpg.rf.fb9c8fedfcaa093503f202497a543471.txt,eggplant
train,raw/emam_v14/train/images/Image_74_png_jpg.rf.1e4fea83bfef715571c40ffffcf47cc4.jpg,raw/emam_v14/train/labels/Image_74_png_jpg.rf.1e4fea83bfef715571c40ffffcf47cc4.txt,lettuce
train,raw/emam_v14/train/images/Image_74_png_jpg.rf.592bfedf4a7d3164bb750f9c9118afe3.jpg,raw/emam_v14/train/labels/Image_74_png_jpg.rf.592bfedf4a7d3164bb750f9c9118afe3.txt,lettuce
train,raw/emam_v14/train/images/Image_74_png_jpg.rf.86095ddb0e30558f4f7d986728d6bab0.jpg,raw/emam_v14/train/labels/Image_74_png_jpg.rf.86095ddb0e30558f4f7d986728d6bab0.txt,lettuce
train,raw/emam_v14/train/images/Image_75_jpeg_jpg.rf.82fca793f4c423bff4802455155322f0.jpg,raw/emam_v14/train/labels/Image_75_jpeg_jpg.rf.82fca793f4c423bff4802455155322f0.txt,ladyfinger
train,raw/emam_v14/train/images/Image_75_jpeg_jpg.rf.ab66c02f7bbf5bc733499576620b987c.jpg,raw/emam_v14/train/labels/Image_75_jpeg_jpg.rf.ab66c02f7bbf5bc733499576620b987c.txt,ladyfinger
train,raw/emam_v14/train/images/Image_75_jpeg_jpg.rf.f21fe5b017737990fc9f92999223bd1c.jpg,raw/emam_v14/train/labels/Image_75_jpeg_jpg.rf.f21fe5b017737990fc9f92999223bd1c.txt,ladyfinger
train,raw/emam_v14/train/images/Image_75_jpg.rf.09721dce8c9dc34dd445d82f87ac18fa.jpg,raw/emam_v14/train/labels/Image_75_jpg.rf.09721dce8c9dc34dd445d82f87ac18fa.txt,cucumber
train,raw/emam_v14/train/images/Image_75_jpg.rf.0b49ce041a6d87dc710e06e3e2551887.jpg,raw/emam_v14/train/labels/Image_75_jpg.rf.0b49ce041a6d87dc710e06e3e2551887.txt,beetroot
train,raw/emam_v14/train/images/Image_75_jpg.rf.0e45727e92f214a45bf60740a7b8a8e3.jpg,raw/emam_v14/train/labels/Image_75_jpg.rf.0e45727e92f214a45bf60740a7b8a8e3.txt,bellpepper
train,raw/emam_v14/train/images/Image_75_jpg.rf.0f4cee282fafc46ff240d3d24fec193e.jpg,raw/emam_v14/train/labels/Image_75_jpg.rf.0f4cee282fafc46ff240d3d24fec193e.txt,carrot
train,raw/emam_v14/train/images/Image_75_jpg.rf.2733badb21c54adfc7cfcf51c73d2016.jpg,raw/emam_v14/train/labels/Image_75_jpg.rf.2733badb21c54adfc7cfcf51c73d2016.txt,carrot
train,raw/emam_v14/train/images/Image_75_jpg.rf.2d2be512acd5bbbd3b4f854e6f6f3220.jpg,raw/emam_v14/train/labels/Image_75_jpg.rf.2d2be512acd5bbbd3b4f854e6f6f3220.txt,garlic
train,raw/emam_v14/train/images/Image_75_jpg.rf.37370cf78c127de2398c6c540c468607.jpg,raw/emam_v14/train/labels/Image_75_jpg.rf.37370cf78c127de2398c6c540c468607.txt,bellpepper
train,raw/emam_v14/train/images/Image_75_jpg.rf.3fb0fe67c10bf2aa7790e284ce2055ee.jpg,raw/emam_v14/train/labels/Image_75_jpg.rf.3fb0fe67c10bf2aa7790e284ce2055ee.txt,onion
train,raw/emam_v14/train/images/Image_75_jpg.rf.42c80b1906ba509d561d037b82cb92c4.jpg,raw/emam_v14/train/labels/Image_75_jpg.rf.42c80b1906ba509d561d037b82cb92c4.txt,bellpepper
train,raw/emam_v14/train/images/Image_75_jpg.rf.47b81bff1c05a4bd498d768804ead083.jpg,raw/emam_v14/train/labels/Image_75_jpg.rf.47b81bff1c05a4bd498d768804ead083.txt,beetroot
train,raw/emam_v14/train/images/Image_75_jpg.rf.54b1410e2683a3213e121231c004e8bd.jpg,raw/emam_v14/train/labels/Image_75_jpg.rf.54b1410e2683a3213e121231c004e8bd.txt,beetroot
train,raw/emam_v14/train/images/Image_75_jpg.rf.5a9e241435d1ed9ee96d72e32d051882.jpg,raw/emam_v14/train/labels/Image_75_jpg.rf.5a9e241435d1ed9ee96d72e32d051882.txt,turnip
train,raw/emam_v14/train/images/Image_75_jpg.rf.68fc32454b1e1b1ac6178102ce5c5e76.jpg,raw/emam_v14/train/labels/Image_75_jpg.rf.68fc32454b1e1b1ac6178102ce5c5e76.txt,cabbage
train,raw/emam_v14/train/images/Image_75_jpg.rf.6b3d49b4cfd518a08725e762af1dc396.jpg,raw/emam_v14/train/labels/Image_75_jpg.rf.6b3d49b4cfd518a08725e762af1dc396.txt,onion
train,raw/emam_v14/train/images/Image_75_jpg.rf.7453ca87184a3bdfd89082fe386c9279.jpg,raw/emam_v14/train/labels/Image_75_jpg.rf.7453ca87184a3bdfd89082fe386c9279.txt,bellpepper
train,raw/emam_v14/train/images/Image_75_jpg.rf.75df7fcb6b31537ec6d1780d32936af4.jpg,raw/emam_v14/train/labels/Image_75_jpg.rf.75df7fcb6b31537ec6d1780d32936af4.txt,cabbage
train,raw/emam_v14/train/images/Image_75_jpg.rf.7aa7aaa68fcdea2db87b3d019d81e4e5.jpg,raw/emam_v14/train/labels/Image_75_jpg.rf.7aa7aaa68fcdea2db87b3d019d81e4e5.txt,carrot
train,raw/emam_v14/train/images/Image_75_jpg.rf.8baaf9e7d995c9478e3fc2c77625b75b.jpg,raw/emam_v14/train/labels/Image_75_jpg.rf.8baaf9e7d995c9478e3fc2c77625b75b.txt,spinach
train,raw/emam_v14/train/images/Image_75_jpg.rf.8f5ac21d6b2e697e6ba61105742619f1.jpg,raw/emam_v14/train/labels/Image_75_jpg.rf.8f5ac21d6b2e697e6ba61105742619f1.txt,cucumber
train,raw/emam_v14/train/images/Image_75_jpg.rf.9156002fc28e4a1e302617ef8cf3d0e8.jpg,raw/emam_v14/train/labels/Image_75_jpg.rf.9156002fc28e4a1e302617ef8cf3d0e8.txt,garlic
train,raw/emam_v14/train/images/Image_75_jpg.rf.956de5c479eacbfcfa27b84a2c20cc3b.jpg,raw/emam_v14/train/labels/Image_75_jpg.rf.956de5c479eacbfcfa27b84a2c20cc3b.txt,garlic
train,raw/emam_v14/train/images/Image_75_jpg.rf.9665b72534e655201bf682a8a901332c.jpg,raw/emam_v14/train/labels/Image_75_jpg.rf.9665b72534e655201bf682a8a901332c.txt,cucumber
train,raw/emam_v14/train/images/Image_75_jpg.rf.a5bc2c380dc276b466c04b2d71781a1e.jpg,raw/emam_v14/train/labels/Image_75_jpg.rf.a5bc2c380dc276b466c04b2d71781a1e.txt,bellpepper
train,raw/emam_v14/train/images/Image_75_jpg.rf.acc8ac2a527443372d977fa3d4eca7a4.jpg,raw/emam_v14/train/labels/Image_75_jpg.rf.acc8ac2a527443372d977fa3d4eca7a4.txt,spinach
train,raw/emam_v14/train/images/Image_75_jpg.rf.bbe581c7f3758626a00b4e6e55291df4.jpg,raw/emam_v14/train/labels/Image_75_jpg.rf.bbe581c7f3758626a00b4e6e55291df4.txt,spinach
train,raw/emam_v14/train/images/Image_75_jpg.rf.be29e12b684641b157d320352483819d.jpg,raw/emam_v14/train/labels/Image_75_jpg.rf.be29e12b684641b157d320352483819d.txt,onion
train,raw/emam_v14/train/images/Image_75_jpg.rf.ccf3fd280b17bf53f5b02373ffd80504.jpg,raw/emam_v14/train/labels/Image_75_jpg.rf.ccf3fd280b17bf53f5b02373ffd80504.txt,turnip
train,raw/emam_v14/train/images/Image_75_jpg.rf.e6ef6048567cc2710f5493d40f1500ff.jpg,raw/emam_v14/train/labels/Image_75_jpg.rf.e6ef6048567cc2710f5493d40f1500ff.txt,cabbage
train,raw/emam_v14/train/images/Image_75_jpg.rf.ec01a6309e8994590e20fa4e78a15650.jpg,raw/emam_v14/train/labels/Image_75_jpg.rf.ec01a6309e8994590e20fa4e78a15650.txt,turnip
train,raw/emam_v14/train/images/Image_75_jpg.rf.ed6f304a8e4222c37654a473c12c5680.jpg,raw/emam_v14/train/labels/Image_75_jpg.rf.ed6f304a8e4222c37654a473c12c5680.txt,bellpepper
train,raw/emam_v14/train/images/Image_75_png_jpg.rf.73c61ad983530771248df4baab630996.jpg,raw/emam_v14/train/labels/Image_75_png_jpg.rf.73c61ad983530771248df4baab630996.txt,sweetcorn
train,raw/emam_v14/train/images/Image_75_png_jpg.rf.946fd54dd180d61ad600ed41fdb7fddf.jpg,raw/emam_v14/train/labels/Image_75_png_jpg.rf.946fd54dd180d61ad600ed41fdb7fddf.txt,sweetcorn
train,raw/emam_v14/train/images/Image_75_png_jpg.rf.b3a537f45c7fda4c51f09e6ee7963c88.jpg,raw/emam_v14/train/labels/Image_75_png_jpg.rf.b3a537f45c7fda4c51f09e6ee7963c88.txt,sweetcorn
train,raw/emam_v14/train/images/Image_76_JPG_jpg.rf.60895823ddb0637a04e5200918bb2b6a.jpg,raw/emam_v14/train/labels/Image_76_JPG_jpg.rf.60895823ddb0637a04e5200918bb2b6a.txt,cucumber
train,raw/emam_v14/train/images/Image_76_JPG_jpg.rf.7ec5c075c2ce56324464e048fd4363a4.jpg,raw/emam_v14/train/labels/Image_76_JPG_jpg.rf.7ec5c075c2ce56324464e048fd4363a4.txt,cucumber
train,raw/emam_v14/train/images/Image_76_JPG_jpg.rf.d9b8a3af47c532724dec430c28405961.jpg,raw/emam_v14/train/labels/Image_76_JPG_jpg.rf.d9b8a3af47c532724dec430c28405961.txt,cucumber
train,raw/emam_v14/train/images/Image_76_jpeg_jpg.rf.37b5023524d2c4916046cc4c16a16b63.jpg,raw/emam_v14/train/labels/Image_76_jpeg_jpg.rf.37b5023524d2c4916046cc4c16a16b63.txt,lemon
train,raw/emam_v14/train/images/Image_76_jpeg_jpg.rf.8d5e8aafc8e6ccb5275f61be32be7fd5.jpg,raw/emam_v14/train/labels/Image_76_jpeg_jpg.rf.8d5e8aafc8e6ccb5275f61be32be7fd5.txt,lemon
train,raw/emam_v14/train/images/Image_76_jpeg_jpg.rf.ea29c039c89e570402f014ad2c917a9b.jpg,raw/emam_v14/train/labels/Image_76_jpeg_jpg.rf.ea29c039c89e570402f014ad2c917a9b.txt,lemon
train,raw/emam_v14/train/images/Image_76_jpg.rf.10ff18acfc514e6c3f04f7332a95b7d0.jpg,raw/emam_v14/train/labels/Image_76_jpg.rf.10ff18acfc514e6c3f04f7332a95b7d0.txt,carrot
train,raw/emam_v14/train/images/Image_76_jpg.rf.11b099f76e508af806175f077b8afc8e.jpg,raw/emam_v14/train/labels/Image_76_jpg.rf.11b099f76e508af806175f077b8afc8e.txt,carrot
train,raw/emam_v14/train/images/Image_76_jpg.rf.11fa837ec0793f5afa71bda1d9da298b.jpg,raw/emam_v14/train/labels/Image_76_jpg.rf.11fa837ec0793f5afa71bda1d9da298b.txt,bellpepper
train,raw/emam_v14/train/images/Image_76_jpg.rf.1760b29277d8b1c04ba5e7ec87ffc4de.jpg,raw/emam_v14/train/labels/Image_76_jpg.rf.1760b29277d8b1c04ba5e7ec87ffc4de.txt,potato
train,raw/emam_v14/train/images/Image_76_jpg.rf.280000a5af9cd4a0dcd9e4a850a39ae3.jpg,raw/emam_v14/train/labels/Image_76_jpg.rf.280000a5af9cd4a0dcd9e4a850a39ae3.txt,carrot
train,raw/emam_v14/train/images/Image_76_jpg.rf.2978c2ff8a59bc6d191476e6d31341e3.jpg,raw/emam_v14/train/labels/Image_76_jpg.rf.2978c2ff8a59bc6d191476e6d31341e3.txt,tomato
train,raw/emam_v14/train/images/Image_76_jpg.rf.2cb1e7bce3c5140c98c3bf81819219e6.jpg,raw/emam_v14/train/labels/Image_76_jpg.rf.2cb1e7bce3c5140c98c3bf81819219e6.txt,turnip
train,raw/emam_v14/train/images/Image_76_jpg.rf.4a5037b7be9b9c50e4f522814173240b.jpg,raw/emam_v14/train/labels/Image_76_jpg.rf.4a5037b7be9b9c50e4f522814173240b.txt,spinach
train,raw/emam_v14/train/images/Image_76_jpg.rf.5ad7393e075be238706b829979c05eef.jpg,raw/emam_v14/train/labels/Image_76_jpg.rf.5ad7393e075be238706b829979c05eef.txt,bellpepper
train,raw/emam_v14/train/images/Image_76_jpg.rf.6febe948eeb1c130cdb4acf5547a761f.jpg,raw/emam_v14/train/labels/Image_76_jpg.rf.6febe948eeb1c130cdb4acf5547a761f.txt,cabbage
train,raw/emam_v14/train/images/Image_76_jpg.rf.7a48c0b0e9cf1efdd702e440ff2be37d.jpg,raw/emam_v14/train/labels/Image_76_jpg.rf.7a48c0b0e9cf1efdd702e440ff2be37d.txt,bellpepper
train,raw/emam_v14/train/images/Image_76_jpg.rf.88a6f4f9f615e7d43a2f4fd25d00152f.jpg,raw/emam_v14/train/labels/Image_76_jpg.rf.88a6f4f9f615e7d43a2f4fd25d00152f.txt,potato
train,raw/emam_v14/train/images/Image_76_jpg.rf.89354a45e30502e210e26567a0aee2d0.jpg,raw/emam_v14/train/labels/Image_76_jpg.rf.89354a45e30502e210e26567a0aee2d0.txt,bellpepper
train,raw/emam_v14/train/images/Image_76_jpg.rf.8eb0122b3369b95ec2e5f7c33447c40f.jpg,raw/emam_v14/train/labels/Image_76_jpg.rf.8eb0122b3369b95ec2e5f7c33447c40f.txt,bellpepper
train,raw/emam_v14/train/images/Image_76_jpg.rf.98fb92788c8082e41707320d07a4714e.jpg,raw/emam_v14/train/labels/Image_76_jpg.rf.98fb92788c8082e41707320d07a4714e.txt,tomato
train,raw/emam_v14/train/images/Image_76_jpg.rf.a0f0c2c05eef204e237b748ccde5cc1e.jpg,raw/emam_v14/train/labels/Image_76_jpg.rf.a0f0c2c05eef204e237b748ccde5cc1e.txt,cabbage
train,raw/emam_v14/train/images/Image_76_jpg.rf.b5b93e08df2d62cae2942f54d5d93f96.jpg,raw/emam_v14/train/labels/Image_76_jpg.rf.b5b93e08df2d62cae2942f54d5d93f96.txt,cauliflower
train,raw/emam_v14/train/images/Image_76_jpg.rf.b838df532029cc7a454aae300f4f2c83.jpg,raw/emam_v14/train/labels/Image_76_jpg.rf.b838df532029cc7a454aae300f4f2c83.txt,bellpepper
train,raw/emam_v14/train/images/Image_76_jpg.rf.c01a26ade5aa9d62ee839b349101d4d0.jpg,raw/emam_v14/train/labels/Image_76_jpg.rf.c01a26ade5aa9d62ee839b349101d4d0.txt,spinach
train,raw/emam_v14/train/images/Image_76_jpg.rf.ca1c2aeac0849a7aba43794bede1779f.jpg,raw/emam_v14/train/labels/Image_76_jpg.rf.ca1c2aeac0849a7aba43794bede1779f.txt,tomato
train,raw/emam_v14/train/images/Image_76_jpg.rf.cb9be8a910603902b71ced6f2bf98830.jpg,raw/emam_v14/train/labels/Image_76_jpg.rf.cb9be8a910603902b71ced6f2bf98830.txt,turnip
train,raw/emam_v14/train/images/Image_76_jpg.rf.cfa38a1a6e65203d47f6c494c85c5f27.jpg,raw/emam_v14/train/labels/Image_76_jpg.rf.cfa38a1a6e65203d47f6c494c85c5f27.txt,cauliflower
train,raw/emam_v14/train/images/Image_76_jpg.rf.d6fdb12cc4555d08eb93eb22ed042832.jpg,raw/emam_v14/train/labels/Image_76_jpg.rf.d6fdb12cc4555d08eb93eb22ed042832.txt,turnip
train,raw/emam_v14/train/images/Image_76_jpg.rf.de358e1fbf074a8e56ae6e45d0560231.jpg,raw/emam_v14/train/labels/Image_76_jpg.rf.de358e1fbf074a8e56ae6e45d0560231.txt,potato
train,raw/emam_v14/train/images/Image_76_jpg.rf.e113082c9a419e9bcc4f917a1345289d.jpg,raw/emam_v14/train/labels/Image_76_jpg.rf.e113082c9a419e9bcc4f917a1345289d.txt,cauliflower
train,raw/emam_v14/train/images/Image_76_jpg.rf.e92524ccb5e769adfe5e13ca43fabb6f.jpg,raw/emam_v14/train/labels/Image_76_jpg.rf.e92524ccb5e769adfe5e13ca43fabb6f.txt,spinach
train,raw/emam_v14/train/images/Image_76_jpg.rf.eb766170cc527e71e4b39003e7b8dbb0.jpg,raw/emam_v14/train/labels/Image_76_jpg.rf.eb766170cc527e71e4b39003e7b8dbb0.txt,cabbage
train,raw/emam_v14/train/images/Image_76_png_jpg.rf.595d164ae91cb3c50dff7d0f7662505b.jpg,raw/emam_v14/train/labels/Image_76_png_jpg.rf.595d164ae91cb3c50dff7d0f7662505b.txt,jalapeno
train,raw/emam_v14/train/images/Image_76_png_jpg.rf.7e6da832ea7c210892952724933eb9a6.jpg,raw/emam_v14/train/labels/Image_76_png_jpg.rf.7e6da832ea7c210892952724933eb9a6.txt,jalapeno
train,raw/emam_v14/train/images/Image_76_png_jpg.rf.f38b7d189977cde403a590aa2760a8ab.jpg,raw/emam_v14/train/labels/Image_76_png_jpg.rf.f38b7d189977cde403a590aa2760a8ab.txt,jalapeno
train,raw/emam_v14/train/images/Image_77_jpg.rf.0a5e47f0980bb983e698421e4a4647a8.jpg,raw/emam_v14/train/labels/Image_77_jpg.rf.0a5e47f0980bb983e698421e4a4647a8.txt,bellpepper
train,raw/emam_v14/train/images/Image_77_jpg.rf.0bcd0c4bd02db1e7d7595da4275aba04.jpg,raw/emam_v14/train/labels/Image_77_jpg.rf.0bcd0c4bd02db1e7d7595da4275aba04.txt,potato
train,raw/emam_v14/train/images/Image_77_jpg.rf.0c0fbcd0b9169aa12cccf406f2954753.jpg,raw/emam_v14/train/labels/Image_77_jpg.rf.0c0fbcd0b9169aa12cccf406f2954753.txt,jalapeno
train,raw/emam_v14/train/images/Image_77_jpg.rf.0e0462c6be812110ccf73b5f0a0cc3f3.jpg,raw/emam_v14/train/labels/Image_77_jpg.rf.0e0462c6be812110ccf73b5f0a0cc3f3.txt,tomato
train,raw/emam_v14/train/images/Image_77_jpg.rf.0eba0316dedc4e44908b582e78265a0a.jpg,raw/emam_v14/train/labels/Image_77_jpg.rf.0eba0316dedc4e44908b582e78265a0a.txt,bellpepper
train,raw/emam_v14/train/images/Image_77_jpg.rf.17e4d537dd49c423311cf81929ac914c.jpg,raw/emam_v14/train/labels/Image_77_jpg.rf.17e4d537dd49c423311cf81929ac914c.txt,cucumber
train,raw/emam_v14/train/images/Image_77_jpg.rf.28911c0205fdcae5022ef54769402dc2.jpg,raw/emam_v14/train/labels/Image_77_jpg.rf.28911c0205fdcae5022ef54769402dc2.txt,tomato
train,raw/emam_v14/train/images/Image_77_jpg.rf.2a970d04ea9e5eb1696ec2c1aaa45492.jpg,raw/emam_v14/train/labels/Image_77_jpg.rf.2a970d04ea9e5eb1696ec2c1aaa45492.txt,potato
train,raw/emam_v14/train/images/Image_77_jpg.rf.2addab1d2b6c59d72aaecff57737535f.jpg,raw/emam_v14/train/labels/Image_77_jpg.rf.2addab1d2b6c59d72aaecff57737535f.txt,beetroot
train,raw/emam_v14/train/images/Image_77_jpg.rf.2e56f364fbc8d75f7dd4d53bede708ad.jpg,raw/emam_v14/train/labels/Image_77_jpg.rf.2e56f364fbc8d75f7dd4d53bede708ad.txt,bellpepper
train,raw/emam_v14/train/images/Image_77_jpg.rf.2f45902ca8ffb38c4cd8f7a3fe6dfa90.jpg,raw/emam_v14/train/labels/Image_77_jpg.rf.2f45902ca8ffb38c4cd8f7a3fe6dfa90.txt,sweetpotato
train,raw/emam_v14/train/images/Image_77_jpg.rf.31fe5f968293ae070417e736678cfcf5.jpg,raw/emam_v14/train/labels/Image_77_jpg.rf.31fe5f968293ae070417e736678cfcf5.txt,carrot
train,raw/emam_v14/train/images/Image_77_jpg.rf.397d1809e3b4fefabb7ffa5e653aa04e.jpg,raw/emam_v14/train/labels/Image_77_jpg.rf.397d1809e3b4fefabb7ffa5e653aa04e.txt,carrot
train,raw/emam_v14/train/images/Image_77_jpg.rf.3c2e6222e2ca50ca06e03d0996e6f719.jpg,raw/emam_v14/train/labels/Image_77_jpg.rf.3c2e6222e2ca50ca06e03d0996e6f719.txt,cabbage
train,raw/emam_v14/train/images/Image_77_jpg.rf.411b51b38f3608c8110311d4630a9da1.jpg,raw/emam_v14/train/labels/Image_77_jpg.rf.411b51b38f3608c8110311d4630a9da1.txt,sweetcorn
train,raw/emam_v14/train/images/Image_77_jpg.rf.4ea5ede2851da6aac0a29f74e59e7987.jpg,raw/emam_v14/train/labels/Image_77_jpg.rf.4ea5ede2851da6aac0a29f74e59e7987.txt,peas
train,raw/emam_v14/train/images/Image_77_jpg.rf.5c847c8995567b9a7b42782af438f5f2.jpg,raw/emam_v14/train/labels/Image_77_jpg.rf.5c847c8995567b9a7b42782af438f5f2.txt,sweetpotato
train,raw/emam_v14/train/images/Image_77_jpg.rf.614d66d03381bc40df5bcb951f7e34ca.jpg,raw/emam_v14/train/labels/Image_77_jpg.rf.614d66d03381bc40df5bcb951f7e34ca.txt,cauliflower
train,raw/emam_v14/train/images/Image_77_jpg.rf.650b6edcb94d16311873cc0ce58c34dc.jpg,raw/emam_v14/train/labels/Image_77_jpg.rf.650b6edcb94d16311873cc0ce58c34dc.txt,tomato
train,raw/emam_v14/train/images/Image_77_jpg.rf.67d8e4d3fd3a91b4a5e761413dbe86de.jpg,raw/emam_v14/train/labels/Image_77_jpg.rf.67d8e4d3fd3a91b4a5e761413dbe86de.txt,jalapeno
train,raw/emam_v14/train/images/Image_77_jpg.rf.6875ded3eef1b825bef836d7ead7622e.jpg,raw/emam_v14/train/labels/Image_77_jpg.rf.6875ded3eef1b825bef836d7ead7622e.txt,sweetpotato
train,raw/emam_v14/train/images/Image_77_jpg.rf.6b4693f18dec32496e18d8d69d8d3331.jpg,raw/emam_v14/train/labels/Image_77_jpg.rf.6b4693f18dec32496e18d8d69d8d3331.txt,cabbage
train,raw/emam_v14/train/images/Image_77_jpg.rf.7b6a9771f955fb2869a5096bf87191aa.jpg,raw/emam_v14/train/labels/Image_77_jpg.rf.7b6a9771f955fb2869a5096bf87191aa.txt,potato
train,raw/emam_v14/train/images/Image_77_jpg.rf.7f6c570ee992ed84d1de02f522dbd209.jpg,raw/emam_v14/train/labels/Image_77_jpg.rf.7f6c570ee992ed84d1de02f522dbd209.txt,cucumber
train,raw/emam_v14/train/images/Image_77_jpg.rf.87a7c9113789e1db145a81259a36e282.jpg,raw/emam_v14/train/labels/Image_77_jpg.rf.87a7c9113789e1db145a81259a36e282.txt,peas
train,raw/emam_v14/train/images/Image_77_jpg.rf.87e9122622e9ba5c863806a168809200.jpg,raw/emam_v14/train/labels/Image_77_jpg.rf.87e9122622e9ba5c863806a168809200.txt,jalapeno
train,raw/emam_v14/train/images/Image_77_jpg.rf.8a4c2126f87a05f65db67e4c4dcfed9b.jpg,raw/emam_v14/train/labels/Image_77_jpg.rf.8a4c2126f87a05f65db67e4c4dcfed9b.txt,lettuce
train,raw/emam_v14/train/images/Image_77_jpg.rf.90f7209c2476b07f198b4688421a7fe8.jpg,raw/emam_v14/train/labels/Image_77_jpg.rf.90f7209c2476b07f198b4688421a7fe8.txt,beetroot
train,raw/emam_v14/train/images/Image_77_jpg.rf.a137487d137024b5cb2771075838308b.jpg,raw/emam_v14/train/labels/Image_77_jpg.rf.a137487d137024b5cb2771075838308b.txt,cabbage
train,raw/emam_v14/train/images/Image_77_jpg.rf.ab68af94ff6c5bc261b04021ab68d663.jpg,raw/emam_v14/train/labels/Image_77_jpg.rf.ab68af94ff6c5bc261b04021ab68d663.txt,cauliflower
train,raw/emam_v14/train/images/Image_77_jpg.rf.b388dd740c9d5aa31077bf5b032e68fb.jpg,raw/emam_v14/train/labels/Image_77_jpg.rf.b388dd740c9d5aa31077bf5b032e68fb.txt,cucumber
train,raw/emam_v14/train/images/Image_77_jpg.rf.c81d51ba2d592edacdc0bc81e72b055e.jpg,raw/emam_v14/train/labels/Image_77_jpg.rf.c81d51ba2d592edacdc0bc81e72b055e.txt,lettuce
train,raw/emam_v14/train/images/Image_77_jpg.rf.d97acb9fb68e6902af37f399a0feb00b.jpg,raw/emam_v14/train/labels/Image_77_jpg.rf.d97acb9fb68e6902af37f399a0feb00b.txt,beetroot
train,raw/emam_v14/train/images/Image_77_jpg.rf.f1681f7757c7e59ffaddc82b0146a272.jpg,raw/emam_v14/train/labels/Image_77_jpg.rf.f1681f7757c7e59ffaddc82b0146a272.txt,lettuce
train,raw/emam_v14/train/images/Image_77_jpg.rf.f283d5288c3f8d2512d9f969412d6d6a.jpg,raw/emam_v14/train/labels/Image_77_jpg.rf.f283d5288c3f8d2512d9f969412d6d6a.txt,sweetcorn
train,raw/emam_v14/train/images/Image_77_jpg.rf.f69e890f096dea8367a3f5c0ddd8fd9e.jpg,raw/emam_v14/train/labels/Image_77_jpg.rf.f69e890f096dea8367a3f5c0ddd8fd9e.txt,peas
train,raw/emam_v14/train/images/Image_77_jpg.rf.f88952222ca25b22b8b3fbd03e7978e5.jpg,raw/emam_v14/train/labels/Image_77_jpg.rf.f88952222ca25b22b8b3fbd03e7978e5.txt,carrot
train,raw/emam_v14/train/images/Image_77_jpg.rf.f9802a50eb17ca3b19cb9221cf9111f5.jpg,raw/emam_v14/train/labels/Image_77_jpg.rf.f9802a50eb17ca3b19cb9221cf9111f5.txt,cauliflower
train,raw/emam_v14/train/images/Image_77_jpg.rf.fafd982e12675522dde89aeac5ddd23f.jpg,raw/emam_v14/train/labels/Image_77_jpg.rf.fafd982e12675522dde89aeac5ddd23f.txt,sweetcorn
train,raw/emam_v14/train/images/Image_78_JPG_jpg.rf.6279f8fc56a591ad83c4b97c1c1eb3ae.jpg,raw/emam_v14/train/labels/Image_78_JPG_jpg.rf.6279f8fc56a591ad83c4b97c1c1eb3ae.txt,chillipepper
train,raw/emam_v14/train/images/Image_78_JPG_jpg.rf.f741b3c7e771d0fe6f8acd43833f23d1.jpg,raw/emam_v14/train/labels/Image_78_JPG_jpg.rf.f741b3c7e771d0fe6f8acd43833f23d1.txt,chillipepper
train,raw/emam_v14/train/images/Image_78_JPG_jpg.rf.fab6bff3a5aaeb7a3dfafc725dc10795.jpg,raw/emam_v14/train/labels/Image_78_JPG_jpg.rf.fab6bff3a5aaeb7a3dfafc725dc10795.txt,chillipepper
train,raw/emam_v14/train/images/Image_78_jpg.rf.03be83aa022a0df88af85695ceb7ae8a.jpg,raw/emam_v14/train/labels/Image_78_jpg.rf.03be83aa022a0df88af85695ceb7ae8a.txt,cabbage
train,raw/emam_v14/train/images/Image_78_jpg.rf.12cbc069be861a6c3a1321d66b8b5cb1.jpg,raw/emam_v14/train/labels/Image_78_jpg.rf.12cbc069be861a6c3a1321d66b8b5cb1.txt,bellpepper
train,raw/emam_v14/train/images/Image_78_jpg.rf.133c425acb5499c0ce2d5a6ef34bcf0e.jpg,raw/emam_v14/train/labels/Image_78_jpg.rf.133c425acb5499c0ce2d5a6ef34bcf0e.txt,potato
train,raw/emam_v14/train/images/Image_78_jpg.rf.1c9bae57d3962fb3806661d0c1cb4ee2.jpg,raw/emam_v14/train/labels/Image_78_jpg.rf.1c9bae57d3962fb3806661d0c1cb4ee2.txt,turnip
train,raw/emam_v14/train/images/Image_78_jpg.rf.25c373eea8072c857ad3e629fc37295b.jpg,raw/emam_v14/train/labels/Image_78_jpg.rf.25c373eea8072c857ad3e629fc37295b.txt,sweetpotato
train,raw/emam_v14/train/images/Image_78_jpg.rf.25dde16d21df3c04d31426b050e0c02e.jpg,raw/emam_v14/train/labels/Image_78_jpg.rf.25dde16d21df3c04d31426b050e0c02e.txt,chillipepper
train,raw/emam_v14/train/images/Image_78_jpg.rf.28dd2bdaa765f382936bb333611f19fd.jpg,raw/emam_v14/train/labels/Image_78_jpg.rf.28dd2bdaa765f382936bb333611f19fd.txt,bellpepper
train,raw/emam_v14/train/images/Image_78_jpg.rf.383bb391e2213b339fa3b7088199ed81.jpg,raw/emam_v14/train/labels/Image_78_jpg.rf.383bb391e2213b339fa3b7088199ed81.txt,bellpepper
train,raw/emam_v14/train/images/Image_78_jpg.rf.3971be4f3ebcc3ac9f88a23c8868a1e8.jpg,raw/emam_v14/train/labels/Image_78_jpg.rf.3971be4f3ebcc3ac9f88a23c8868a1e8.txt,bellpepper
train,raw/emam_v14/train/images/Image_78_jpg.rf.3a79312b68580348c71a42c14bc4bcf8.jpg,raw/emam_v14/train/labels/Image_78_jpg.rf.3a79312b68580348c71a42c14bc4bcf8.txt,bellpepper
train,raw/emam_v14/train/images/Image_78_jpg.rf.4227c7815da478e6892e4e3e26ecbf12.jpg,raw/emam_v14/train/labels/Image_78_jpg.rf.4227c7815da478e6892e4e3e26ecbf12.txt,cucumber
train,raw/emam_v14/train/images/Image_78_jpg.rf.456a20cde1c3b1a12c9793301f619870.jpg,raw/emam_v14/train/labels/Image_78_jpg.rf.456a20cde1c3b1a12c9793301f619870.txt,sweetpotato
train,raw/emam_v14/train/images/Image_78_jpg.rf.489bb03bfb81dd0af7eed77391119fac.jpg,raw/emam_v14/train/labels/Image_78_jpg.rf.489bb03bfb81dd0af7eed77391119fac.txt,lemon
train,raw/emam_v14/train/images/Image_78_jpg.rf.4cf13125e22a8e8a47620bcb01101946.jpg,raw/emam_v14/train/labels/Image_78_jpg.rf.4cf13125e22a8e8a47620bcb01101946.txt,cabbage
train,raw/emam_v14/train/images/Image_78_jpg.rf.56003448e74362db6de86f0a683f91a9.jpg,raw/emam_v14/train/labels/Image_78_jpg.rf.56003448e74362db6de86f0a683f91a9.txt,bellpepper
train,raw/emam_v14/train/images/Image_78_jpg.rf.57ef492f5c20c07b6746c69cfc3d4b7f.jpg,raw/emam_v14/train/labels/Image_78_jpg.rf.57ef492f5c20c07b6746c69cfc3d4b7f.txt,chillipepper
train,raw/emam_v14/train/images/Image_78_jpg.rf.5e5f2c088c5526e2c8df985d8db6ee4c.jpg,raw/emam_v14/train/labels/Image_78_jpg.rf.5e5f2c088c5526e2c8df985d8db6ee4c.txt,tomato
train,raw/emam_v14/train/images/Image_78_jpg.rf.5fdf6005d1b8ea03fa3029e2bd20a487.jpg,raw/emam_v14/train/labels/Image_78_jpg.rf.5fdf6005d1b8ea03fa3029e2bd20a487.txt,cabbage
train,raw/emam_v14/train/images/Image_78_jpg.rf.80993d97fd51111a207bcb9463e3df00.jpg,raw/emam_v14/train/labels/Image_78_jpg.rf.80993d97fd51111a207bcb9463e3df00.txt,turnip
train,raw/emam_v14/train/images/Image_78_jpg.rf.854fcde5421819c8be5cb405a4cf1955.jpg,raw/emam_v14/train/labels/Image_78_jpg.rf.854fcde5421819c8be5cb405a4cf1955.txt,turnip
train,raw/emam_v14/train/images/Image_78_jpg.rf.8da87026e0fb9563e23ac082f85a4ca7.jpg,raw/emam_v14/train/labels/Image_78_jpg.rf.8da87026e0fb9563e23ac082f85a4ca7.txt,lemon
train,raw/emam_v14/train/images/Image_78_jpg.rf.9473860725bc6c14165c9543eb7a7767.jpg,raw/emam_v14/train/labels/Image_78_jpg.rf.9473860725bc6c14165c9543eb7a7767.txt,eggplant
train,raw/emam_v14/train/images/Image_78_jpg.rf.97f78db3250ba31a022617d5bd711b60.jpg,raw/emam_v14/train/labels/Image_78_jpg.rf.97f78db3250ba31a022617d5bd711b60.txt,radish
train,raw/emam_v14/train/images/Image_78_jpg.rf.9f0c6329449f008fcd42bc51361af186.jpg,raw/emam_v14/train/labels/Image_78_jpg.rf.9f0c6329449f008fcd42bc51361af186.txt,potato
train,raw/emam_v14/train/images/Image_78_jpg.rf.a3d9fa41583a228fa3fed547aa1d4bba.jpg,raw/emam_v14/train/labels/Image_78_jpg.rf.a3d9fa41583a228fa3fed547aa1d4bba.txt,spinach
train,raw/emam_v14/train/images/Image_78_jpg.rf.af3f5447bc38a604bea342cfb4566fcc.jpg,raw/emam_v14/train/labels/Image_78_jpg.rf.af3f5447bc38a604bea342cfb4566fcc.txt,sweetpotato
train,raw/emam_v14/train/images/Image_78_jpg.rf.b0c97ef2b90f2297671631a836e9eb80.jpg,raw/emam_v14/train/labels/Image_78_jpg.rf.b0c97ef2b90f2297671631a836e9eb80.txt,eggplant
train,raw/emam_v14/train/images/Image_78_jpg.rf.b4b818a5494cd63d5239bb220ec8f6a6.jpg,raw/emam_v14/train/labels/Image_78_jpg.rf.b4b818a5494cd63d5239bb220ec8f6a6.txt,eggplant
train,raw/emam_v14/train/images/Image_78_jpg.rf.b7b3f334e54092bb3a6ecdba66947783.jpg,raw/emam_v14/train/labels/Image_78_jpg.rf.b7b3f334e54092bb3a6ecdba66947783.txt,spinach
train,raw/emam_v14/train/images/Image_78_jpg.rf.b8741464fd22e5764829e3e004625dac.jpg,raw/emam_v14/train/labels/Image_78_jpg.rf.b8741464fd22e5764829e3e004625dac.txt,lemon
train,raw/emam_v14/train/images/Image_78_jpg.rf.b9e578b2b798b85cddfdf52c9fa25153.jpg,raw/emam_v14/train/labels/Image_78_jpg.rf.b9e578b2b798b85cddfdf52c9fa25153.txt,tomato
train,raw/emam_v14/train/images/Image_78_jpg.rf.be221e755659a3abda34eec0690504d9.jpg,raw/emam_v14/train/labels/Image_78_jpg.rf.be221e755659a3abda34eec0690504d9.txt,spinach
train,raw/emam_v14/train/images/Image_78_jpg.rf.c10a80d4f7a922c6ec679c5cbdc183d4.jpg,raw/emam_v14/train/labels/Image_78_jpg.rf.c10a80d4f7a922c6ec679c5cbdc183d4.txt,potato
train,raw/emam_v14/train/images/Image_78_jpg.rf.d8dede1bd42af8bea0fdcffcb6301d7d.jpg,raw/emam_v14/train/labels/Image_78_jpg.rf.d8dede1bd42af8bea0fdcffcb6301d7d.txt,radish
train,raw/emam_v14/train/images/Image_78_jpg.rf.e26ef33107d5c3d80cf822afeb881daa.jpg,raw/emam_v14/train/labels/Image_78_jpg.rf.e26ef33107d5c3d80cf822afeb881daa.txt,radish
train,raw/emam_v14/train/images/Image_78_jpg.rf.ec044d9c075e6a87709937da35f45dbf.jpg,raw/emam_v14/train/labels/Image_78_jpg.rf.ec044d9c075e6a87709937da35f45dbf.txt,tomato
train,raw/emam_v14/train/images/Image_78_jpg.rf.ecc52e8cdbb921021d40af16e7a68425.jpg,raw/emam_v14/train/labels/Image_78_jpg.rf.ecc52e8cdbb921021d40af16e7a68425.txt,cucumber
train,raw/emam_v14/train/images/Image_78_jpg.rf.f8c79c8c6f1674cddc960618564d0202.jpg,raw/emam_v14/train/labels/Image_78_jpg.rf.f8c79c8c6f1674cddc960618564d0202.txt,cucumber
train,raw/emam_v14/train/images/Image_78_jpg.rf.fb2cd35785564f8e1b2bee2ed256e3eb.jpg,raw/emam_v14/train/labels/Image_78_jpg.rf.fb2cd35785564f8e1b2bee2ed256e3eb.txt,chillipepper
train,raw/emam_v14/train/images/Image_78_png_jpg.rf.007701f06dbd4e0a25b4fe957ea9b825.jpg,raw/emam_v14/train/labels/Image_78_png_jpg.rf.007701f06dbd4e0a25b4fe957ea9b825.txt,onion
train,raw/emam_v14/train/images/Image_78_png_jpg.rf.3fd9b9a936c45f1cf85c51d88fcbed6e.jpg,raw/emam_v14/train/labels/Image_78_png_jpg.rf.3fd9b9a936c45f1cf85c51d88fcbed6e.txt,onion
train,raw/emam_v14/train/images/Image_78_png_jpg.rf.f5368a6d1fab8edf7742338982d86d4f.jpg,raw/emam_v14/train/labels/Image_78_png_jpg.rf.f5368a6d1fab8edf7742338982d86d4f.txt,onion
train,raw/emam_v14/train/images/Image_79_JPG_jpg.rf.02a1687ef6c416a616c21b9e4cd7a840.jpg,raw/emam_v14/train/labels/Image_79_JPG_jpg.rf.02a1687ef6c416a616c21b9e4cd7a840.txt,bellpepper
train,raw/emam_v14/train/images/Image_79_JPG_jpg.rf.7a48cd7eb69c1cab0d03102704a9c878.jpg,raw/emam_v14/train/labels/Image_79_JPG_jpg.rf.7a48cd7eb69c1cab0d03102704a9c878.txt,bellpepper
train,raw/emam_v14/train/images/Image_79_JPG_jpg.rf.d03bbdb2069684f0ae86c1956d17085f.jpg,raw/emam_v14/train/labels/Image_79_JPG_jpg.rf.d03bbdb2069684f0ae86c1956d17085f.txt,bellpepper
train,raw/emam_v14/train/images/Image_79_jpg.rf.150b36ac3406d6638418e435bfe94f2e.jpg,raw/emam_v14/train/labels/Image_79_jpg.rf.150b36ac3406d6638418e435bfe94f2e.txt,beetroot
train,raw/emam_v14/train/images/Image_79_jpg.rf.20a9ffbd22c2b85914e9113079a610a1.jpg,raw/emam_v14/train/labels/Image_79_jpg.rf.20a9ffbd22c2b85914e9113079a610a1.txt,eggplant
train,raw/emam_v14/train/images/Image_79_jpg.rf.28ae77e3ccabac765bd28211d53b0a5e.jpg,raw/emam_v14/train/labels/Image_79_jpg.rf.28ae77e3ccabac765bd28211d53b0a5e.txt,cabbage
train,raw/emam_v14/train/images/Image_79_jpg.rf.2bb074987bea5790559700d4e88c3f83.jpg,raw/emam_v14/train/labels/Image_79_jpg.rf.2bb074987bea5790559700d4e88c3f83.txt,spinach
train,raw/emam_v14/train/images/Image_79_jpg.rf.35a759089df17a56cc313b961b54d032.jpg,raw/emam_v14/train/labels/Image_79_jpg.rf.35a759089df17a56cc313b961b54d032.txt,potato
train,raw/emam_v14/train/images/Image_79_jpg.rf.3734730f0511fa39aa9f72d68a0c97db.jpg,raw/emam_v14/train/labels/Image_79_jpg.rf.3734730f0511fa39aa9f72d68a0c97db.txt,carrot
train,raw/emam_v14/train/images/Image_79_jpg.rf.4298fbc25456f6cc073bea6b6e47faad.jpg,raw/emam_v14/train/labels/Image_79_jpg.rf.4298fbc25456f6cc073bea6b6e47faad.txt,tomato
train,raw/emam_v14/train/images/Image_79_jpg.rf.51f4e515ad464a49e6e0ebf162d725f5.jpg,raw/emam_v14/train/labels/Image_79_jpg.rf.51f4e515ad464a49e6e0ebf162d725f5.txt,cucumber
train,raw/emam_v14/train/images/Image_79_jpg.rf.52b7eb8262af32a8ca58b1686b6c4207.jpg,raw/emam_v14/train/labels/Image_79_jpg.rf.52b7eb8262af32a8ca58b1686b6c4207.txt,cabbage
train,raw/emam_v14/train/images/Image_79_jpg.rf.535ccd348d6fbaeefe18d6674e1b3923.jpg,raw/emam_v14/train/labels/Image_79_jpg.rf.535ccd348d6fbaeefe18d6674e1b3923.txt,potato
train,raw/emam_v14/train/images/Image_79_jpg.rf.6121a9dbdb00c25387d6a775172a5507.jpg,raw/emam_v14/train/labels/Image_79_jpg.rf.6121a9dbdb00c25387d6a775172a5507.txt,beetroot
train,raw/emam_v14/train/images/Image_79_jpg.rf.67c39621d3174aadd64055b58fb25c6a.jpg,raw/emam_v14/train/labels/Image_79_jpg.rf.67c39621d3174aadd64055b58fb25c6a.txt,lettuce
train,raw/emam_v14/train/images/Image_79_jpg.rf.6a8513183705798f6f6d9895295439ac.jpg,raw/emam_v14/train/labels/Image_79_jpg.rf.6a8513183705798f6f6d9895295439ac.txt,lettuce
train,raw/emam_v14/train/images/Image_79_jpg.rf.6e6003b9143a32cbe290a78fda59de98.jpg,raw/emam_v14/train/labels/Image_79_jpg.rf.6e6003b9143a32cbe290a78fda59de98.txt,lettuce
train,raw/emam_v14/train/images/Image_79_jpg.rf.72d5ca374d2360e72a5b5676ba010a45.jpg,raw/emam_v14/train/labels/Image_79_jpg.rf.72d5ca374d2360e72a5b5676ba010a45.txt,potato
train,raw/emam_v14/train/images/Image_79_jpg.rf.77b021408d9af3025c572c0f8a313a38.jpg,raw/emam_v14/train/labels/Image_79_jpg.rf.77b021408d9af3025c572c0f8a313a38.txt,eggplant
train,raw/emam_v14/train/images/Image_79_jpg.rf.78e1462590a365b320e1548d3eb3f61d.jpg,raw/emam_v14/train/labels/Image_79_jpg.rf.78e1462590a365b320e1548d3eb3f61d.txt,onion
train,raw/emam_v14/train/images/Image_79_jpg.rf.873353f0810bbd570925412bfe4d39e0.jpg,raw/emam_v14/train/labels/Image_79_jpg.rf.873353f0810bbd570925412bfe4d39e0.txt,carrot
train,raw/emam_v14/train/images/Image_79_jpg.rf.8a623dd3666ba98c65ef0a2eb00da12c.jpg,raw/emam_v14/train/labels/Image_79_jpg.rf.8a623dd3666ba98c65ef0a2eb00da12c.txt,ginger
train,raw/emam_v14/train/images/Image_79_jpg.rf.8b2f98a9bb16067592c7b33983730580.jpg,raw/emam_v14/train/labels/Image_79_jpg.rf.8b2f98a9bb16067592c7b33983730580.txt,onion
train,raw/emam_v14/train/images/Image_79_jpg.rf.91ea20233cc61ba3b5b773cd0c7d91c3.jpg,raw/emam_v14/train/labels/Image_79_jpg.rf.91ea20233cc61ba3b5b773cd0c7d91c3.txt,carrot
train,raw/emam_v14/train/images/Image_79_jpg.rf.9c1ba41a7771bac50cf316885aa77fcf.jpg,raw/emam_v14/train/labels/Image_79_jpg.rf.9c1ba41a7771bac50cf316885aa77fcf.txt,onion
train,raw/emam_v14/train/images/Image_79_jpg.rf.9e5d74e11f596fa3ff54638160183f4d.jpg,raw/emam_v14/train/labels/Image_79_jpg.rf.9e5d74e11f596fa3ff54638160183f4d.txt,eggplant
train,raw/emam_v14/train/images/Image_79_jpg.rf.a1262d4a827f3bb65dba5fed379e6803.jpg,raw/emam_v14/train/labels/Image_79_jpg.rf.a1262d4a827f3bb65dba5fed379e6803.txt,cabbage
train,raw/emam_v14/train/images/Image_79_jpg.rf.a6a18703c09885346f4b9446a3522f80.jpg,raw/emam_v14/train/labels/Image_79_jpg.rf.a6a18703c09885346f4b9446a3522f80.txt,tomato
train,raw/emam_v14/train/images/Image_79_jpg.rf.a8328620697beaf45116cd5ab5600c8a.jpg,raw/emam_v14/train/labels/Image_79_jpg.rf.a8328620697beaf45116cd5ab5600c8a.txt,tomato
train,raw/emam_v14/train/images/Image_79_jpg.rf.b3f1113be75d5a1d9cdfba35ebe53fe6.jpg,raw/emam_v14/train/labels/Image_79_jpg.rf.b3f1113be75d5a1d9cdfba35ebe53fe6.txt,ginger
train,raw/emam_v14/train/images/Image_79_jpg.rf.b5ed13c1e87384d2bea218f942db4bb5.jpg,raw/emam_v14/train/labels/Image_79_jpg.rf.b5ed13c1e87384d2bea218f942db4bb5.txt,beetroot
train,raw/emam_v14/train/images/Image_79_jpg.rf.c332f22e65efa5df4234ed20bb84da3c.jpg,raw/emam_v14/train/labels/Image_79_jpg.rf.c332f22e65efa5df4234ed20bb84da3c.txt,spinach
train,raw/emam_v14/train/images/Image_79_jpg.rf.ccf52d6f1e2e2bf5fd8aa250247aec6e.jpg,raw/emam_v14/train/labels/Image_79_jpg.rf.ccf52d6f1e2e2bf5fd8aa250247aec6e.txt,cucumber
train,raw/emam_v14/train/images/Image_79_jpg.rf.ce8022d92ac9ae4daa83ee1c0879c575.jpg,raw/emam_v14/train/labels/Image_79_jpg.rf.ce8022d92ac9ae4daa83ee1c0879c575.txt,cucumber
train,raw/emam_v14/train/images/Image_79_jpg.rf.f3cc8df3c399cd40fb5f4897d61e4470.jpg,raw/emam_v14/train/labels/Image_79_jpg.rf.f3cc8df3c399cd40fb5f4897d61e4470.txt,ginger
train,raw/emam_v14/train/images/Image_79_jpg.rf.ffdbf5c3b360990fba78f95f9ed934fc.jpg,raw/emam_v14/train/labels/Image_79_jpg.rf.ffdbf5c3b360990fba78f95f9ed934fc.txt,spinach
train,raw/emam_v14/train/images/Image_7_jpeg_jpg.rf.160c2cfc5371713bda857953d5bc63eb.jpg,raw/emam_v14/train/labels/Image_7_jpeg_jpg.rf.160c2cfc5371713bda857953d5bc63eb.txt,chillipepper
train,raw/emam_v14/train/images/Image_7_jpeg_jpg.rf.4db5183462f4839941f8a2494695364e.jpg,raw/emam_v14/train/labels/Image_7_jpeg_jpg.rf.4db5183462f4839941f8a2494695364e.txt,chillipepper
train,raw/emam_v14/train/images/Image_7_jpeg_jpg.rf.ab2732f7f00c119fa65a501f84925d0e.jpg,raw/emam_v14/train/labels/Image_7_jpeg_jpg.rf.ab2732f7f00c119fa65a501f84925d0e.txt,chillipepper
train,raw/emam_v14/train/images/Image_7_jpg.rf.05f047990b05de052ffd4cac314ccceb.jpg,raw/emam_v14/train/labels/Image_7_jpg.rf.05f047990b05de052ffd4cac314ccceb.txt,jalapeno
train,raw/emam_v14/train/images/Image_7_jpg.rf.0e6e6c4c8079893657496f5c68b76cf7.jpg,raw/emam_v14/train/labels/Image_7_jpg.rf.0e6e6c4c8079893657496f5c68b76cf7.txt,bellpepper
train,raw/emam_v14/train/images/Image_7_jpg.rf.1268e33b3f68a1ecd6578bf2b1a173f3.jpg,raw/emam_v14/train/labels/Image_7_jpg.rf.1268e33b3f68a1ecd6578bf2b1a173f3.txt,spinach
train,raw/emam_v14/train/images/Image_7_jpg.rf.143622acd7e7b00ad73380b892024bd2.jpg,raw/emam_v14/train/labels/Image_7_jpg.rf.143622acd7e7b00ad73380b892024bd2.txt,peas
train,raw/emam_v14/train/images/Image_7_jpg.rf.188dd5a9b49d424aaecbb854e933be38.jpg,raw/emam_v14/train/labels/Image_7_jpg.rf.188dd5a9b49d424aaecbb854e933be38.txt,sweetpotato
train,raw/emam_v14/train/images/Image_7_jpg.rf.21eebd9cfe6eff2143f31c35a5d6414f.jpg,raw/emam_v14/train/labels/Image_7_jpg.rf.21eebd9cfe6eff2143f31c35a5d6414f.txt,sweetpotato
train,raw/emam_v14/train/images/Image_7_jpg.rf.2320b56f9a69b693d976ed11773ac762.jpg,raw/emam_v14/train/labels/Image_7_jpg.rf.2320b56f9a69b693d976ed11773ac762.txt,garlic
train,raw/emam_v14/train/images/Image_7_jpg.rf.237405fad227ccd273dd94c55917a9a2.jpg,raw/emam_v14/train/labels/Image_7_jpg.rf.237405fad227ccd273dd94c55917a9a2.txt,tomato
train,raw/emam_v14/train/images/Image_7_jpg.rf.24395a82c99defcbd395f8502914cf9e.jpg,raw/emam_v14/train/labels/Image_7_jpg.rf.24395a82c99defcbd395f8502914cf9e.txt,cauliflower
train,raw/emam_v14/train/images/Image_7_jpg.rf.2822286b60da12c477f10198001358ae.jpg,raw/emam_v14/train/labels/Image_7_jpg.rf.2822286b60da12c477f10198001358ae.txt,radish
train,raw/emam_v14/train/images/Image_7_jpg.rf.2c3d6062e7590af340e14289c26b1255.jpg,raw/emam_v14/train/labels/Image_7_jpg.rf.2c3d6062e7590af340e14289c26b1255.txt,sweetcorn
train,raw/emam_v14/train/images/Image_7_jpg.rf.30fdba8fb5c4b002a8326b95a736043e.jpg,raw/emam_v14/train/labels/Image_7_jpg.rf.30fdba8fb5c4b002a8326b95a736043e.txt,spinach
train,raw/emam_v14/train/images/Image_7_jpg.rf.36eb1a0be741bc03cc89070053fa2dd1.jpg,raw/emam_v14/train/labels/Image_7_jpg.rf.36eb1a0be741bc03cc89070053fa2dd1.txt,bellpepper
train,raw/emam_v14/train/images/Image_7_jpg.rf.3b0537926e59bfffe511254c27fea8a5.jpg,raw/emam_v14/train/labels/Image_7_jpg.rf.3b0537926e59bfffe511254c27fea8a5.txt,sweetcorn
train,raw/emam_v14/train/images/Image_7_jpg.rf.3b5ade383f8e7adf5c07b7cc4e3095ea.jpg,raw/emam_v14/train/labels/Image_7_jpg.rf.3b5ade383f8e7adf5c07b7cc4e3095ea.txt,bellpepper
train,raw/emam_v14/train/images/Image_7_jpg.rf.47279b6bd01493dcff72b3fbaf8c220a.jpg,raw/emam_v14/train/labels/Image_7_jpg.rf.47279b6bd01493dcff72b3fbaf8c220a.txt,peas
train,raw/emam_v14/train/images/Image_7_jpg.rf.55414ec907390649b7f87b314bb1fe5b.jpg,raw/emam_v14/train/labels/Image_7_jpg.rf.55414ec907390649b7f87b314bb1fe5b.txt,ladyfinger
train,raw/emam_v14/train/images/Image_7_jpg.rf.57aeafc62cdf14133b41db841b69a453.jpg,raw/emam_v14/train/labels/Image_7_jpg.rf.57aeafc62cdf14133b41db841b69a453.txt,chillipepper
train,raw/emam_v14/train/images/Image_7_jpg.rf.5a7bcea5db5fd15736a1b37e7ed90cd7.jpg,raw/emam_v14/train/labels/Image_7_jpg.rf.5a7bcea5db5fd15736a1b37e7ed90cd7.txt,sweetcorn
train,raw/emam_v14/train/images/Image_7_jpg.rf.645201c70198e41714c4efaa252ea703.jpg,raw/emam_v14/train/labels/Image_7_jpg.rf.645201c70198e41714c4efaa252ea703.txt,peas
train,raw/emam_v14/train/images/Image_7_jpg.rf.6ab46349fed3e13493e939d0dbd2db6c.jpg,raw/emam_v14/train/labels/Image_7_jpg.rf.6ab46349fed3e13493e939d0dbd2db6c.txt,eggplant
train,raw/emam_v14/train/images/Image_7_jpg.rf.6c5a40ac58ec4681cab5d516859a8db3.jpg,raw/emam_v14/train/labels/Image_7_jpg.rf.6c5a40ac58ec4681cab5d516859a8db3.txt,eggplant
train,raw/emam_v14/train/images/Image_7_jpg.rf.7064d4d26dfb24330826724617ba46ed.jpg,raw/emam_v14/train/labels/Image_7_jpg.rf.7064d4d26dfb24330826724617ba46ed.txt,bellpepper
train,raw/emam_v14/train/images/Image_7_jpg.rf.7414cd15ccb8542440f9b17802e54fc4.jpg,raw/emam_v14/train/labels/Image_7_jpg.rf.7414cd15ccb8542440f9b17802e54fc4.txt,chillipepper
train,raw/emam_v14/train/images/Image_7_jpg.rf.766720ab508252b37f211fea9e2e0825.jpg,raw/emam_v14/train/labels/Image_7_jpg.rf.766720ab508252b37f211fea9e2e0825.txt,garlic
train,raw/emam_v14/train/images/Image_7_jpg.rf.7e45bc67152a740165881a4872e5681c.jpg,raw/emam_v14/train/labels/Image_7_jpg.rf.7e45bc67152a740165881a4872e5681c.txt,jalapeno
train,raw/emam_v14/train/images/Image_7_jpg.rf.82e40492aa9df59a0928b61e53f2f290.jpg,raw/emam_v14/train/labels/Image_7_jpg.rf.82e40492aa9df59a0928b61e53f2f290.txt,jalapeno
train,raw/emam_v14/train/images/Image_7_jpg.rf.86a1010eb315d4e655921ac56ba1d98a.jpg,raw/emam_v14/train/labels/Image_7_jpg.rf.86a1010eb315d4e655921ac56ba1d98a.txt,ladyfinger
train,raw/emam_v14/train/images/Image_7_jpg.rf.8d9e29c92696fa8a783a40b8a9599bd0.jpg,raw/emam_v14/train/labels/Image_7_jpg.rf.8d9e29c92696fa8a783a40b8a9599bd0.txt,ladyfinger
train,raw/emam_v14/train/images/Image_7_jpg.rf.8f5260c11b7b9ccdc618c2b4e60c59d3.jpg,raw/emam_v14/train/labels/Image_7_jpg.rf.8f5260c11b7b9ccdc618c2b4e60c59d3.txt,garlic
train,raw/emam_v14/train/images/Image_7_jpg.rf.9380d4628cef9e5fbe8b13d8d7a06e28.jpg,raw/emam_v14/train/labels/Image_7_jpg.rf.9380d4628cef9e5fbe8b13d8d7a06e28.txt,chillipepper
train,raw/emam_v14/train/images/Image_7_jpg.rf.9424f3aac93c3ce23627f6e999204ff4.jpg,raw/emam_v14/train/labels/Image_7_jpg.rf.9424f3aac93c3ce23627f6e999204ff4.txt,cauliflower
train,raw/emam_v14/train/images/Image_7_jpg.rf.a63ef177ff9e3e4515b7039b538eebc5.jpg,raw/emam_v14/train/labels/Image_7_jpg.rf.a63ef177ff9e3e4515b7039b538eebc5.txt,lemon
train,raw/emam_v14/train/images/Image_7_jpg.rf.a806ce477e9f2cb76483de8ec2890b02.jpg,raw/emam_v14/train/labels/Image_7_jpg.rf.a806ce477e9f2cb76483de8ec2890b02.txt,bellpepper
train,raw/emam_v14/train/images/Image_7_jpg.rf.ab31c3dda0d1771b9f232b8675035071.jpg,raw/emam_v14/train/labels/Image_7_jpg.rf.ab31c3dda0d1771b9f232b8675035071.txt,ginger
train,raw/emam_v14/train/images/Image_7_jpg.rf.abacb19592a80da7a0f2668b367ec850.jpg,raw/emam_v14/train/labels/Image_7_jpg.rf.abacb19592a80da7a0f2668b367ec850.txt,lettuce
train,raw/emam_v14/train/images/Image_7_jpg.rf.aedef339aeb3ab7d054086b2de3aca4a.jpg,raw/emam_v14/train/labels/Image_7_jpg.rf.aedef339aeb3ab7d054086b2de3aca4a.txt,lettuce
train,raw/emam_v14/train/images/Image_7_jpg.rf.b832eacba755a87215199aeb0cc8eb67.jpg,raw/emam_v14/train/labels/Image_7_jpg.rf.b832eacba755a87215199aeb0cc8eb67.txt,bellpepper
train,raw/emam_v14/train/images/Image_7_jpg.rf.be2491f19976235d88b0fb0b669b488e.jpg,raw/emam_v14/train/labels/Image_7_jpg.rf.be2491f19976235d88b0fb0b669b488e.txt,tomato
train,raw/emam_v14/train/images/Image_7_jpg.rf.c29bdbba8fa694d8045787fabb62a5e2.jpg,raw/emam_v14/train/labels/Image_7_jpg.rf.c29bdbba8fa694d8045787fabb62a5e2.txt,ginger
train,raw/emam_v14/train/images/Image_7_jpg.rf.c3e43ba1f3eb4d6140b87adcada8ef43.jpg,raw/emam_v14/train/labels/Image_7_jpg.rf.c3e43ba1f3eb4d6140b87adcada8ef43.txt,chillipepper
train,raw/emam_v14/train/images/Image_7_jpg.rf.c89edae2ed6652c2fa4c87da02aa9248.jpg,raw/emam_v14/train/labels/Image_7_jpg.rf.c89edae2ed6652c2fa4c87da02aa9248.txt,radish
train,raw/emam_v14/train/images/Image_7_jpg.rf.cf111b6e845123bb62e818e658cbc626.jpg,raw/emam_v14/train/labels/Image_7_jpg.rf.cf111b6e845123bb62e818e658cbc626.txt,sweetcorn
train,raw/emam_v14/train/images/Image_7_jpg.rf.d11268834139d9ed5b59c2ed0aee3102.jpg,raw/emam_v14/train/labels/Image_7_jpg.rf.d11268834139d9ed5b59c2ed0aee3102.txt,ginger
train,raw/emam_v14/train/images/Image_7_jpg.rf.d41d6f009e845803947101681e1ace2a.jpg,raw/emam_v14/train/labels/Image_7_jpg.rf.d41d6f009e845803947101681e1ace2a.txt,chillipepper
train,raw/emam_v14/train/images/Image_7_jpg.rf.d834cfebe254aeea6d27995512368c63.jpg,raw/emam_v14/train/labels/Image_7_jpg.rf.d834cfebe254aeea6d27995512368c63.txt,cauliflower
train,raw/emam_v14/train/images/Image_7_jpg.rf.db3c5ad177336316f37982959f9bc766.jpg,raw/emam_v14/train/labels/Image_7_jpg.rf.db3c5ad177336316f37982959f9bc766.txt,eggplant
train,raw/emam_v14/train/images/Image_7_jpg.rf.db496aa34c2a1947f5a1265acb85349a.jpg,raw/emam_v14/train/labels/Image_7_jpg.rf.db496aa34c2a1947f5a1265acb85349a.txt,lemon
train,raw/emam_v14/train/images/Image_7_jpg.rf.e0a3c8934d106a659f5b7dc92870d71c.jpg,raw/emam_v14/train/labels/Image_7_jpg.rf.e0a3c8934d106a659f5b7dc92870d71c.txt,sweetcorn
train,raw/emam_v14/train/images/Image_7_jpg.rf.e7cc3feb0df725852df0b4b70cc961d4.jpg,raw/emam_v14/train/labels/Image_7_jpg.rf.e7cc3feb0df725852df0b4b70cc961d4.txt,sweetpotato
train,raw/emam_v14/train/images/Image_7_jpg.rf.e8032b7984cad035f8e61ff57590ccc0.jpg,raw/emam_v14/train/labels/Image_7_jpg.rf.e8032b7984cad035f8e61ff57590ccc0.txt,chillipepper
train,raw/emam_v14/train/images/Image_7_jpg.rf.eaca137782fa8be0d8cc1746079ecdc0.jpg,raw/emam_v14/train/labels/Image_7_jpg.rf.eaca137782fa8be0d8cc1746079ecdc0.txt,spinach
train,raw/emam_v14/train/images/Image_7_jpg.rf.edd895f2bddb99a9fbe0f4a3bced438b.jpg,raw/emam_v14/train/labels/Image_7_jpg.rf.edd895f2bddb99a9fbe0f4a3bced438b.txt,lettuce
train,raw/emam_v14/train/images/Image_7_jpg.rf.ef035e5aaf3189f924bbae5f0309fd88.jpg,raw/emam_v14/train/labels/Image_7_jpg.rf.ef035e5aaf3189f924bbae5f0309fd88.txt,radish
train,raw/emam_v14/train/images/Image_7_jpg.rf.f29080ed5a338d1358ec92c8977cf9f4.jpg,raw/emam_v14/train/labels/Image_7_jpg.rf.f29080ed5a338d1358ec92c8977cf9f4.txt,lemon
train,raw/emam_v14/train/images/Image_7_jpg.rf.f35cee74c9eb6766a942ef6455782cb4.jpg,raw/emam_v14/train/labels/Image_7_jpg.rf.f35cee74c9eb6766a942ef6455782cb4.txt,tomato
train,raw/emam_v14/train/images/Image_7_jpg.rf.f7a1f6a82b65857d20d1a42d658e9046.jpg,raw/emam_v14/train/labels/Image_7_jpg.rf.f7a1f6a82b65857d20d1a42d658e9046.txt,sweetcorn
train,raw/emam_v14/train/images/Image_7_png_jpg.rf.6344de5aaa1dddfab43fea7aed5a8ba5.jpg,raw/emam_v14/train/labels/Image_7_png_jpg.rf.6344de5aaa1dddfab43fea7aed5a8ba5.txt,onion
train,raw/emam_v14/train/images/Image_7_png_jpg.rf.cfa2dc25d855cc30ea7342a5aa18c522.jpg,raw/emam_v14/train/labels/Image_7_png_jpg.rf.cfa2dc25d855cc30ea7342a5aa18c522.txt,onion
train,raw/emam_v14/train/images/Image_7_png_jpg.rf.f47a3f6febcea49c20117e02d4e8661b.jpg,raw/emam_v14/train/labels/Image_7_png_jpg.rf.f47a3f6febcea49c20117e02d4e8661b.txt,onion
train,raw/emam_v14/train/images/Image_80_jpeg_jpg.rf.346c29c55eb8525b7a3bd1af1e288b9d.jpg,raw/emam_v14/train/labels/Image_80_jpeg_jpg.rf.346c29c55eb8525b7a3bd1af1e288b9d.txt,cucumber
train,raw/emam_v14/train/images/Image_80_jpeg_jpg.rf.85d39ed7c3bfade5390f5dccdbc6032c.jpg,raw/emam_v14/train/labels/Image_80_jpeg_jpg.rf.85d39ed7c3bfade5390f5dccdbc6032c.txt,cucumber
train,raw/emam_v14/train/images/Image_80_jpeg_jpg.rf.d9b2d3aeb6f30e549d047f44c2e6c231.jpg,raw/emam_v14/train/labels/Image_80_jpeg_jpg.rf.d9b2d3aeb6f30e549d047f44c2e6c231.txt,cucumber
train,raw/emam_v14/train/images/Image_80_jpg.rf.04ead62d593d58a3711cad6e1caa0fea.jpg,raw/emam_v14/train/labels/Image_80_jpg.rf.04ead62d593d58a3711cad6e1caa0fea.txt,onion
train,raw/emam_v14/train/images/Image_80_jpg.rf.13fc67721ec303abcb52eb1ef78a51f6.jpg,raw/emam_v14/train/labels/Image_80_jpg.rf.13fc67721ec303abcb52eb1ef78a51f6.txt,sweetpotato
train,raw/emam_v14/train/images/Image_80_jpg.rf.14eb97e156f376a2f44bd81ce62f669f.jpg,raw/emam_v14/train/labels/Image_80_jpg.rf.14eb97e156f376a2f44bd81ce62f669f.txt,onion
train,raw/emam_v14/train/images/Image_80_jpg.rf.1e04e6de258205abeadf2854b0774716.jpg,raw/emam_v14/train/labels/Image_80_jpg.rf.1e04e6de258205abeadf2854b0774716.txt,sweetpotato
train,raw/emam_v14/train/images/Image_80_jpg.rf.3d31204d30a72874241cbc694f5ab8b4.jpg,raw/emam_v14/train/labels/Image_80_jpg.rf.3d31204d30a72874241cbc694f5ab8b4.txt,lemon
train,raw/emam_v14/train/images/Image_80_jpg.rf.3fbfc6f6795bfc9d78b33fb9ca5a0f3e.jpg,raw/emam_v14/train/labels/Image_80_jpg.rf.3fbfc6f6795bfc9d78b33fb9ca5a0f3e.txt,sweetcorn
train,raw/emam_v14/train/images/Image_80_jpg.rf.4ad84ea304df3dc392347137d4defdfc.jpg,raw/emam_v14/train/labels/Image_80_jpg.rf.4ad84ea304df3dc392347137d4defdfc.txt,cabbage
train,raw/emam_v14/train/images/Image_80_jpg.rf.55a2c1348d3c9f22419c4ff565961743.jpg,raw/emam_v14/train/labels/Image_80_jpg.rf.55a2c1348d3c9f22419c4ff565961743.txt,sweetpotato
train,raw/emam_v14/train/images/Image_80_jpg.rf.6c734a77d432d7ea5be565c3d525e9c4.jpg,raw/emam_v14/train/labels/Image_80_jpg.rf.6c734a77d432d7ea5be565c3d525e9c4.txt,turnip
train,raw/emam_v14/train/images/Image_80_jpg.rf.8076c8ef59b5852f1d5ef433a46fd3e1.jpg,raw/emam_v14/train/labels/Image_80_jpg.rf.8076c8ef59b5852f1d5ef433a46fd3e1.txt,onion
train,raw/emam_v14/train/images/Image_80_jpg.rf.c36cbf538766eb68a962cd3612240768.jpg,raw/emam_v14/train/labels/Image_80_jpg.rf.c36cbf538766eb68a962cd3612240768.txt,lemon
train,raw/emam_v14/train/images/Image_80_jpg.rf.cb10da1f3f132373b4c72fb199e2267b.jpg,raw/emam_v14/train/labels/Image_80_jpg.rf.cb10da1f3f132373b4c72fb199e2267b.txt,cabbage
train,raw/emam_v14/train/images/Image_80_jpg.rf.ccfea4a4215687c2f66654c13dedd5fa.jpg,raw/emam_v14/train/labels/Image_80_jpg.rf.ccfea4a4215687c2f66654c13dedd5fa.txt,sweetcorn
train,raw/emam_v14/train/images/Image_80_jpg.rf.d66ebdd7ccb4a7c7720627a915f79a3f.jpg,raw/emam_v14/train/labels/Image_80_jpg.rf.d66ebdd7ccb4a7c7720627a915f79a3f.txt,turnip
train,raw/emam_v14/train/images/Image_80_jpg.rf.e2f84d5b0888a0487d42cce0c4748724.jpg,raw/emam_v14/train/labels/Image_80_jpg.rf.e2f84d5b0888a0487d42cce0c4748724.txt,turnip
train,raw/emam_v14/train/images/Image_80_jpg.rf.f1cbe13ebc1a22147d1a0bd0ac04981a.jpg,raw/emam_v14/train/labels/Image_80_jpg.rf.f1cbe13ebc1a22147d1a0bd0ac04981a.txt,cabbage
train,raw/emam_v14/train/images/Image_80_jpg.rf.f265da2e2fd0b2486f43e12120803f47.jpg,raw/emam_v14/train/labels/Image_80_jpg.rf.f265da2e2fd0b2486f43e12120803f47.txt,lemon
train,raw/emam_v14/train/images/Image_80_jpg.rf.f336ff3f2daa7c01065ff26121f2d1b6.jpg,raw/emam_v14/train/labels/Image_80_jpg.rf.f336ff3f2daa7c01065ff26121f2d1b6.txt,sweetcorn
train,raw/emam_v14/train/images/Image_80_png_jpg.rf.02a47b5a3375ccd087c8306cfd0856a9.jpg,raw/emam_v14/train/labels/Image_80_png_jpg.rf.02a47b5a3375ccd087c8306cfd0856a9.txt,spinach
train,raw/emam_v14/train/images/Image_80_png_jpg.rf.083db4f0be5beb3e75aa8e8587846665.jpg,raw/emam_v14/train/labels/Image_80_png_jpg.rf.083db4f0be5beb3e75aa8e8587846665.txt,spinach
train,raw/emam_v14/train/images/Image_80_png_jpg.rf.4267419cf7e6dd7238f4edde3110a188.jpg,raw/emam_v14/train/labels/Image_80_png_jpg.rf.4267419cf7e6dd7238f4edde3110a188.txt,tomato
train,raw/emam_v14/train/images/Image_80_png_jpg.rf.4d71deae3bdca1b4fc2fc62b129eb6ce.jpg,raw/emam_v14/train/labels/Image_80_png_jpg.rf.4d71deae3bdca1b4fc2fc62b129eb6ce.txt,potato
train,raw/emam_v14/train/images/Image_80_png_jpg.rf.8e238fc7211066987e1072dae195606f.jpg,raw/emam_v14/train/labels/Image_80_png_jpg.rf.8e238fc7211066987e1072dae195606f.txt,carrot
train,raw/emam_v14/train/images/Image_80_png_jpg.rf.90d368926f7fd2c09ca550a536a1a8b3.jpg,raw/emam_v14/train/labels/Image_80_png_jpg.rf.90d368926f7fd2c09ca550a536a1a8b3.txt,carrot
train,raw/emam_v14/train/images/Image_80_png_jpg.rf.bd7bef6ce3b692cb7e04b17567b7a98a.jpg,raw/emam_v14/train/labels/Image_80_png_jpg.rf.bd7bef6ce3b692cb7e04b17567b7a98a.txt,carrot
train,raw/emam_v14/train/images/Image_80_png_jpg.rf.c786f932f4cc6fd8f42f8bf2612606d9.jpg,raw/emam_v14/train/labels/Image_80_png_jpg.rf.c786f932f4cc6fd8f42f8bf2612606d9.txt,potato
train,raw/emam_v14/train/images/Image_80_png_jpg.rf.d82e2f86ed8b09ac56592fc3fba0457e.jpg,raw/emam_v14/train/labels/Image_80_png_jpg.rf.d82e2f86ed8b09ac56592fc3fba0457e.txt,tomato
train,raw/emam_v14/train/images/Image_80_png_jpg.rf.e22d292390288bf507491027e8977d6c.jpg,raw/emam_v14/train/labels/Image_80_png_jpg.rf.e22d292390288bf507491027e8977d6c.txt,potato
train,raw/emam_v14/train/images/Image_80_png_jpg.rf.ea2659b7d6224189756bb8c1632b74f5.jpg,raw/emam_v14/train/labels/Image_80_png_jpg.rf.ea2659b7d6224189756bb8c1632b74f5.txt,spinach
train,raw/emam_v14/train/images/Image_80_png_jpg.rf.f6a27212a1fff0b2df65de6954c4814f.jpg,raw/emam_v14/train/labels/Image_80_png_jpg.rf.f6a27212a1fff0b2df65de6954c4814f.txt,tomato
train,raw/emam_v14/train/images/Image_81_jpg.rf.018d70ed00e9fc4b697f8b698118767f.jpg,raw/emam_v14/train/labels/Image_81_jpg.rf.018d70ed00e9fc4b697f8b698118767f.txt,garlic
train,raw/emam_v14/train/images/Image_81_jpg.rf.02735ec5afd4ae26cea4945b9f0d8467.jpg,raw/emam_v14/train/labels/Image_81_jpg.rf.02735ec5afd4ae26cea4945b9f0d8467.txt,bellpepper
train,raw/emam_v14/train/images/Image_81_jpg.rf.05f89c4cbce43c374da4fbd164025288.jpg,raw/emam_v14/train/labels/Image_81_jpg.rf.05f89c4cbce43c374da4fbd164025288.txt,tomato
train,raw/emam_v14/train/images/Image_81_jpg.rf.0c940f0282ad4cb94b2a61222d5c763d.jpg,raw/emam_v14/train/labels/Image_81_jpg.rf.0c940f0282ad4cb94b2a61222d5c763d.txt,eggplant
train,raw/emam_v14/train/images/Image_81_jpg.rf.125560f96781740f6a8a3dbc394c3556.jpg,raw/emam_v14/train/labels/Image_81_jpg.rf.125560f96781740f6a8a3dbc394c3556.txt,spinach
train,raw/emam_v14/train/images/Image_81_jpg.rf.1363db7f605dce79f957a32f83d1f4f1.jpg,raw/emam_v14/train/labels/Image_81_jpg.rf.1363db7f605dce79f957a32f83d1f4f1.txt,corn
train,raw/emam_v14/train/images/Image_81_jpg.rf.33aace25c105643f85574dcc072a2360.jpg,raw/emam_v14/train/labels/Image_81_jpg.rf.33aace25c105643f85574dcc072a2360.txt,tomato
train,raw/emam_v14/train/images/Image_81_jpg.rf.43b9137a883938aa0816bafdfffd2a73.jpg,raw/emam_v14/train/labels/Image_81_jpg.rf.43b9137a883938aa0816bafdfffd2a73.txt,potato
train,raw/emam_v14/train/images/Image_81_jpg.rf.497eee4f2ea6f6af40072be1788eac89.jpg,raw/emam_v14/train/labels/Image_81_jpg.rf.497eee4f2ea6f6af40072be1788eac89.txt,spinach
train,raw/emam_v14/train/images/Image_81_jpg.rf.4b67c191e480ebd1c224cab7bd4fd9e9.jpg,raw/emam_v14/train/labels/Image_81_jpg.rf.4b67c191e480ebd1c224cab7bd4fd9e9.txt,potato
train,raw/emam_v14/train/images/Image_81_jpg.rf.5b7088fde4379a05d21f534d93aaed5f.jpg,raw/emam_v14/train/labels/Image_81_jpg.rf.5b7088fde4379a05d21f534d93aaed5f.txt,eggplant
train,raw/emam_v14/train/images/Image_81_jpg.rf.60da37268156ac5795b788ab8e5d20c1.jpg,raw/emam_v14/train/labels/Image_81_jpg.rf.60da37268156ac5795b788ab8e5d20c1.txt,bellpepper
train,raw/emam_v14/train/images/Image_81_jpg.rf.6243bff6ca5d654e14c8650f6180ad6e.jpg,raw/emam_v14/train/labels/Image_81_jpg.rf.6243bff6ca5d654e14c8650f6180ad6e.txt,cucumber|lemon
train,raw/emam_v14/train/images/Image_81_jpg.rf.626ebaa3af9f0ebc471ba1a33e8be247.jpg,raw/emam_v14/train/labels/Image_81_jpg.rf.626ebaa3af9f0ebc471ba1a33e8be247.txt,beetroot
train,raw/emam_v14/train/images/Image_81_jpg.rf.6d8cb8f2261abd0dd7a5ea5ad62fd742.jpg,raw/emam_v14/train/labels/Image_81_jpg.rf.6d8cb8f2261abd0dd7a5ea5ad62fd742.txt,tomato
train,raw/emam_v14/train/images/Image_81_jpg.rf.6e04b2c25992f784248639e2b1af324a.jpg,raw/emam_v14/train/labels/Image_81_jpg.rf.6e04b2c25992f784248639e2b1af324a.txt,potato
train,raw/emam_v14/train/images/Image_81_jpg.rf.79fd249e15336b487cfee198c2fd7765.jpg,raw/emam_v14/train/labels/Image_81_jpg.rf.79fd249e15336b487cfee198c2fd7765.txt,cabbage
train,raw/emam_v14/train/images/Image_81_jpg.rf.7adb5852b3a10a24c0088f12e5d0e162.jpg,raw/emam_v14/train/labels/Image_81_jpg.rf.7adb5852b3a10a24c0088f12e5d0e162.txt,cucumber|lemon
train,raw/emam_v14/train/images/Image_81_jpg.rf.7ae290d47516d1c48ea8bb6b07c443f4.jpg,raw/emam_v14/train/labels/Image_81_jpg.rf.7ae290d47516d1c48ea8bb6b07c443f4.txt,cabbage
train,raw/emam_v14/train/images/Image_81_jpg.rf.831ce982c37078fb27d13511ec6386dc.jpg,raw/emam_v14/train/labels/Image_81_jpg.rf.831ce982c37078fb27d13511ec6386dc.txt,spinach
train,raw/emam_v14/train/images/Image_81_jpg.rf.84d38919c3d09766abe612ea558637a1.jpg,raw/emam_v14/train/labels/Image_81_jpg.rf.84d38919c3d09766abe612ea558637a1.txt,cucumber|lemon
train,raw/emam_v14/train/images/Image_81_jpg.rf.86a9acef8b73048adaf7ac36f3437a00.jpg,raw/emam_v14/train/labels/Image_81_jpg.rf.86a9acef8b73048adaf7ac36f3437a00.txt,corn
train,raw/emam_v14/train/images/Image_81_jpg.rf.8a7d72c0c48c77cfb2638485997f8fe5.jpg,raw/emam_v14/train/labels/Image_81_jpg.rf.8a7d72c0c48c77cfb2638485997f8fe5.txt,onion
train,raw/emam_v14/train/images/Image_81_jpg.rf.8aad3793e1a33bbe50c4502c6055b8d1.jpg,raw/emam_v14/train/labels/Image_81_jpg.rf.8aad3793e1a33bbe50c4502c6055b8d1.txt,carrot
train,raw/emam_v14/train/images/Image_81_jpg.rf.9192fbb77828b685a9fc27680efa7d35.jpg,raw/emam_v14/train/labels/Image_81_jpg.rf.9192fbb77828b685a9fc27680efa7d35.txt,corn
train,raw/emam_v14/train/images/Image_81_jpg.rf.9248863fbfdfc894c5e5256f90e9161d.jpg,raw/emam_v14/train/labels/Image_81_jpg.rf.9248863fbfdfc894c5e5256f90e9161d.txt,carrot
train,raw/emam_v14/train/images/Image_81_jpg.rf.a620628e4bb4e7d29426c01b57192286.jpg,raw/emam_v14/train/labels/Image_81_jpg.rf.a620628e4bb4e7d29426c01b57192286.txt,jalapeno
train,raw/emam_v14/train/images/Image_81_jpg.rf.b05ca1254a3ad5083cb8453654467a38.jpg,raw/emam_v14/train/labels/Image_81_jpg.rf.b05ca1254a3ad5083cb8453654467a38.txt,bellpepper
train,raw/emam_v14/train/images/Image_81_jpg.rf.c0d8e1ee3db2d34dee1b0ca4aa68e1b3.jpg,raw/emam_v14/train/labels/Image_81_jpg.rf.c0d8e1ee3db2d34dee1b0ca4aa68e1b3.txt,carrot
train,raw/emam_v14/train/images/Image_81_jpg.rf.cb451152ebf03298e1f26467f59a9a2a.jpg,raw/emam_v14/train/labels/Image_81_jpg.rf.cb451152ebf03298e1f26467f59a9a2a.txt,onion
train,raw/emam_v14/train/images/Image_81_jpg.rf.cec1de90e745a541061f70a02bc6739c.jpg,raw/emam_v14/train/labels/Image_81_jpg.rf.cec1de90e745a541061f70a02bc6739c.txt,garlic
train,raw/emam_v14/train/images/Image_81_jpg.rf.cf038c6842053c4e821e95570063ad00.jpg,raw/emam_v14/train/labels/Image_81_jpg.rf.cf038c6842053c4e821e95570063ad00.txt,cabbage
train,raw/emam_v14/train/images/Image_81_jpg.rf.d9f25c2ec8493c5cd65781557bc5ab96.jpg,raw/emam_v14/train/labels/Image_81_jpg.rf.d9f25c2ec8493c5cd65781557bc5ab96.txt,eggplant
train,raw/emam_v14/train/images/Image_81_jpg.rf.db148dff034d9bd1ac24198488d17195.jpg,raw/emam_v14/train/labels/Image_81_jpg.rf.db148dff034d9bd1ac24198488d17195.txt,beetroot
train,raw/emam_v14/train/images/Image_81_jpg.rf.e550ec8283fc418175663b0c391222ac.jpg,raw/emam_v14/train/labels/Image_81_jpg.rf.e550ec8283fc418175663b0c391222ac.txt,jalapeno
train,raw/emam_v14/train/images/Image_81_jpg.rf.ee063e2d1aa3b65314d121b01db7e708.jpg,raw/emam_v14/train/labels/Image_81_jpg.rf.ee063e2d1aa3b65314d121b01db7e708.txt,beetroot
train,raw/emam_v14/train/images/Image_81_jpg.rf.f1e379bce5f88c0efb4a9d4e88252f14.jpg,raw/emam_v14/train/labels/Image_81_jpg.rf.f1e379bce5f88c0efb4a9d4e88252f14.txt,garlic
train,raw/emam_v14/train/images/Image_81_jpg.rf.f9758e3bec3037ddc893b7a7aea03d3e.jpg,raw/emam_v14/train/labels/Image_81_jpg.rf.f9758e3bec3037ddc893b7a7aea03d3e.txt,onion
train,raw/emam_v14/train/images/Image_81_jpg.rf.fd66abc01b0b651451487cd609221d66.jpg,raw/emam_v14/train/labels/Image_81_jpg.rf.fd66abc01b0b651451487cd609221d66.txt,jalapeno
train,raw/emam_v14/train/images/Image_82_jpeg_jpg.rf.de11c552207f74d2fa75b2a66d58f047.jpg,raw/emam_v14/train/labels/Image_82_jpeg_jpg.rf.de11c552207f74d2fa75b2a66d58f047.txt,ginger
train,raw/emam_v14/train/images/Image_82_jpeg_jpg.rf.e36228f6fd72e9ba8eb5c72c705be412.jpg,raw/emam_v14/train/labels/Image_82_jpeg_jpg.rf.e36228f6fd72e9ba8eb5c72c705be412.txt,ginger
train,raw/emam_v14/train/images/Image_82_jpeg_jpg.rf.ebe23f0a3d3c80871f39d5273b63c895.jpg,raw/emam_v14/train/labels/Image_82_jpeg_jpg.rf.ebe23f0a3d3c80871f39d5273b63c895.txt,ginger
train,raw/emam_v14/train/images/Image_82_jpg.rf.06708f0f99d0310b8ce5dd87ebb0c14e.jpg,raw/emam_v14/train/labels/Image_82_jpg.rf.06708f0f99d0310b8ce5dd87ebb0c14e.txt,bellpepper
train,raw/emam_v14/train/images/Image_82_jpg.rf.09d09de729b91302f642768719b8dd99.jpg,raw/emam_v14/train/labels/Image_82_jpg.rf.09d09de729b91302f642768719b8dd99.txt,tomato
train,raw/emam_v14/train/images/Image_82_jpg.rf.119bfbb97704fe1fdc60c248188015c8.jpg,raw/emam_v14/train/labels/Image_82_jpg.rf.119bfbb97704fe1fdc60c248188015c8.txt,bellpepper
train,raw/emam_v14/train/images/Image_82_jpg.rf.1924cfe7cb179fca02028a7e20260890.jpg,raw/emam_v14/train/labels/Image_82_jpg.rf.1924cfe7cb179fca02028a7e20260890.txt,potato
train,raw/emam_v14/train/images/Image_82_jpg.rf.1e883f8fefb63d8eb091da8739f97c95.jpg,raw/emam_v14/train/labels/Image_82_jpg.rf.1e883f8fefb63d8eb091da8739f97c95.txt,tomato
train,raw/emam_v14/train/images/Image_82_jpg.rf.2ad6de2ee5214a8e03ce46938ab56748.jpg,raw/emam_v14/train/labels/Image_82_jpg.rf.2ad6de2ee5214a8e03ce46938ab56748.txt,eggplant
train,raw/emam_v14/train/images/Image_82_jpg.rf.2ddeb03d57d98109d17dfd01932abcab.jpg,raw/emam_v14/train/labels/Image_82_jpg.rf.2ddeb03d57d98109d17dfd01932abcab.txt,potato
train,raw/emam_v14/train/images/Image_82_jpg.rf.465479ac1bea8ce184a7cac081c482aa.jpg,raw/emam_v14/train/labels/Image_82_jpg.rf.465479ac1bea8ce184a7cac081c482aa.txt,eggplant
train,raw/emam_v14/train/images/Image_82_jpg.rf.46b4cab26056ecf0cc1614cbfa27316b.jpg,raw/emam_v14/train/labels/Image_82_jpg.rf.46b4cab26056ecf0cc1614cbfa27316b.txt,turnip
train,raw/emam_v14/train/images/Image_82_jpg.rf.4bc39a45911009e9073b3fa9fbac9eff.jpg,raw/emam_v14/train/labels/Image_82_jpg.rf.4bc39a45911009e9073b3fa9fbac9eff.txt,bellpepper
train,raw/emam_v14/train/images/Image_82_jpg.rf.609fb9590ac84b812f9e39354163bfed.jpg,raw/emam_v14/train/labels/Image_82_jpg.rf.609fb9590ac84b812f9e39354163bfed.txt,tomato
train,raw/emam_v14/train/images/Image_82_jpg.rf.61df53e56d14fb06f14f73bf022973a9.jpg,raw/emam_v14/train/labels/Image_82_jpg.rf.61df53e56d14fb06f14f73bf022973a9.txt,bellpepper
train,raw/emam_v14/train/images/Image_82_jpg.rf.647ec0bf36725f47a1e1129b18bfcb20.jpg,raw/emam_v14/train/labels/Image_82_jpg.rf.647ec0bf36725f47a1e1129b18bfcb20.txt,turnip
train,raw/emam_v14/train/images/Image_82_jpg.rf.66d02e4121887823fdf04ad46005dddc.jpg,raw/emam_v14/train/labels/Image_82_jpg.rf.66d02e4121887823fdf04ad46005dddc.txt,spinach
train,raw/emam_v14/train/images/Image_82_jpg.rf.683d3081cdfdbab8ff3945369e756803.jpg,raw/emam_v14/train/labels/Image_82_jpg.rf.683d3081cdfdbab8ff3945369e756803.txt,spinach
train,raw/emam_v14/train/images/Image_82_jpg.rf.83afb74df6ef5d42695db125240b641b.jpg,raw/emam_v14/train/labels/Image_82_jpg.rf.83afb74df6ef5d42695db125240b641b.txt,bellpepper
train,raw/emam_v14/train/images/Image_82_jpg.rf.88efde7bb15d1645728fbcb2abc4d6b3.jpg,raw/emam_v14/train/labels/Image_82_jpg.rf.88efde7bb15d1645728fbcb2abc4d6b3.txt,onion
train,raw/emam_v14/train/images/Image_82_jpg.rf.8c038df1ccb3c1df8804fe9d2935eff6.jpg,raw/emam_v14/train/labels/Image_82_jpg.rf.8c038df1ccb3c1df8804fe9d2935eff6.txt,lettuce
train,raw/emam_v14/train/images/Image_82_jpg.rf.9addd9931cc4fa82235052b0d5f297dc.jpg,raw/emam_v14/train/labels/Image_82_jpg.rf.9addd9931cc4fa82235052b0d5f297dc.txt,carrot
train,raw/emam_v14/train/images/Image_82_jpg.rf.9c4f7e6beb21437885aa0431e3050d97.jpg,raw/emam_v14/train/labels/Image_82_jpg.rf.9c4f7e6beb21437885aa0431e3050d97.txt,bellpepper
train,raw/emam_v14/train/images/Image_82_jpg.rf.9d6f1802baead5018cf354ad7a352358.jpg,raw/emam_v14/train/labels/Image_82_jpg.rf.9d6f1802baead5018cf354ad7a352358.txt,eggplant
train,raw/emam_v14/train/images/Image_82_jpg.rf.a806baa67a1cee4ae6f3510e0d35b969.jpg,raw/emam_v14/train/labels/Image_82_jpg.rf.a806baa67a1cee4ae6f3510e0d35b969.txt,spinach
train,raw/emam_v14/train/images/Image_82_jpg.rf.aed342b854c7ddedca53492205c761a1.jpg,raw/emam_v14/train/labels/Image_82_jpg.rf.aed342b854c7ddedca53492205c761a1.txt,potato
train,raw/emam_v14/train/images/Image_82_jpg.rf.b458018683b9a49ca72b8308df4e24e5.jpg,raw/emam_v14/train/labels/Image_82_jpg.rf.b458018683b9a49ca72b8308df4e24e5.txt,turnip
train,raw/emam_v14/train/images/Image_82_jpg.rf.cac4cb1bf44848eef88776fb449655a7.jpg,raw/emam_v14/train/labels/Image_82_jpg.rf.cac4cb1bf44848eef88776fb449655a7.txt,carrot
train,raw/emam_v14/train/images/Image_82_jpg.rf.d048ea18e331093def1d61e74d30ca66.jpg,raw/emam_v14/train/labels/Image_82_jpg.rf.d048ea18e331093def1d61e74d30ca66.txt,carrot
train,raw/emam_v14/train/images/Image_82_jpg.rf.de7b2637d18f155f61d7d3e12f932ce8.jpg,raw/emam_v14/train/labels/Image_82_jpg.rf.de7b2637d18f155f61d7d3e12f932ce8.txt,lettuce
train,raw/emam_v14/train/images/Image_82_jpg.rf.e2414c95357f535537b13d33a3f1f948.jpg,raw/emam_v14/train/labels/Image_82_jpg.rf.e2414c95357f535537b13d33a3f1f948.txt,lettuce
train,raw/emam_v14/train/images/Image_82_jpg.rf.e61fd9ba0eaca41b946308a61e652b5c.jpg,raw/emam_v14/train/labels/Image_82_jpg.rf.e61fd9ba0eaca41b946308a61e652b5c.txt,onion
train,raw/emam_v14/train/images/Image_82_jpg.rf.f5b18fe7448ae6a14c3b4ded09ca0bae.jpg,raw/emam_v14/train/labels/Image_82_jpg.rf.f5b18fe7448ae6a14c3b4ded09ca0bae.txt,onion
train,raw/emam_v14/train/images/Image_82_png_jpg.rf.10f602a364c807e49737cbebbf3e90a1.jpg,raw/emam_v14/train/labels/Image_82_png_jpg.rf.10f602a364c807e49737cbebbf3e90a1.txt,cucumber
train,raw/emam_v14/train/images/Image_82_png_jpg.rf.5ce4e6874aee1066b550f01549677e58.jpg,raw/emam_v14/train/labels/Image_82_png_jpg.rf.5ce4e6874aee1066b550f01549677e58.txt,cucumber
train,raw/emam_v14/train/images/Image_82_png_jpg.rf.74b76572a7b61a1e06dec57e8cfbcbfc.jpg,raw/emam_v14/train/labels/Image_82_png_jpg.rf.74b76572a7b61a1e06dec57e8cfbcbfc.txt,cucumber
train,raw/emam_v14/train/images/Image_83_jpg.rf.09ef8b0073c2237cb20b4d856299287d.jpg,raw/emam_v14/train/labels/Image_83_jpg.rf.09ef8b0073c2237cb20b4d856299287d.txt,potato
train,raw/emam_v14/train/images/Image_83_jpg.rf.0c39e2f135443ad5585a0204b7aa1148.jpg,raw/emam_v14/train/labels/Image_83_jpg.rf.0c39e2f135443ad5585a0204b7aa1148.txt,chillipepper
train,raw/emam_v14/train/images/Image_83_jpg.rf.0d5be493d63e90a12e399092bbbb86e2.jpg,raw/emam_v14/train/labels/Image_83_jpg.rf.0d5be493d63e90a12e399092bbbb86e2.txt,carrot
train,raw/emam_v14/train/images/Image_83_jpg.rf.0e6b27d740ee8e1121cc62bb8719935f.jpg,raw/emam_v14/train/labels/Image_83_jpg.rf.0e6b27d740ee8e1121cc62bb8719935f.txt,spinach
train,raw/emam_v14/train/images/Image_83_jpg.rf.1ba8af0168c457b5c5b198d84e7a7d69.jpg,raw/emam_v14/train/labels/Image_83_jpg.rf.1ba8af0168c457b5c5b198d84e7a7d69.txt,sweetcorn
train,raw/emam_v14/train/images/Image_83_jpg.rf.28638a1586912b63a4df454176027c46.jpg,raw/emam_v14/train/labels/Image_83_jpg.rf.28638a1586912b63a4df454176027c46.txt,chillipepper
train,raw/emam_v14/train/images/Image_83_jpg.rf.35d14d3a9d419df020da6f43deb15ada.jpg,raw/emam_v14/train/labels/Image_83_jpg.rf.35d14d3a9d419df020da6f43deb15ada.txt,sweetcorn
train,raw/emam_v14/train/images/Image_83_jpg.rf.3bb9c6bc69521792413c225d0f630152.jpg,raw/emam_v14/train/labels/Image_83_jpg.rf.3bb9c6bc69521792413c225d0f630152.txt,onion
train,raw/emam_v14/train/images/Image_83_jpg.rf.49652a4d285c218bf6e94d34129b7c68.jpg,raw/emam_v14/train/labels/Image_83_jpg.rf.49652a4d285c218bf6e94d34129b7c68.txt,onion
train,raw/emam_v14/train/images/Image_83_jpg.rf.5701959475dff97437aba420a3261500.jpg,raw/emam_v14/train/labels/Image_83_jpg.rf.5701959475dff97437aba420a3261500.txt,bellpepper
train,raw/emam_v14/train/images/Image_83_jpg.rf.57b5e37028e7fa8ec3150c12422cf6ee.jpg,raw/emam_v14/train/labels/Image_83_jpg.rf.57b5e37028e7fa8ec3150c12422cf6ee.txt,sweetcorn
train,raw/emam_v14/train/images/Image_83_jpg.rf.5b05133ec952d266fb0852e42acaeea3.jpg,raw/emam_v14/train/labels/Image_83_jpg.rf.5b05133ec952d266fb0852e42acaeea3.txt,bellpepper
train,raw/emam_v14/train/images/Image_83_jpg.rf.6431dc0a01f393bdab9414971460d60d.jpg,raw/emam_v14/train/labels/Image_83_jpg.rf.6431dc0a01f393bdab9414971460d60d.txt,bellpepper
train,raw/emam_v14/train/images/Image_83_jpg.rf.6731ffae27e1ce400f98df2385901d9f.jpg,raw/emam_v14/train/labels/Image_83_jpg.rf.6731ffae27e1ce400f98df2385901d9f.txt,chillipepper
train,raw/emam_v14/train/images/Image_83_jpg.rf.713d0bf8f3b866fdfe34dbcf94d7acf4.jpg,raw/emam_v14/train/labels/Image_83_jpg.rf.713d0bf8f3b866fdfe34dbcf94d7acf4.txt,spinach
train,raw/emam_v14/train/images/Image_83_jpg.rf.75b905ae7b5d2884d6602dcbfe60502e.jpg,raw/emam_v14/train/labels/Image_83_jpg.rf.75b905ae7b5d2884d6602dcbfe60502e.txt,potato
train,raw/emam_v14/train/images/Image_83_jpg.rf.85726bc7e26d372390256f6d69b9c7a8.jpg,raw/emam_v14/train/labels/Image_83_jpg.rf.85726bc7e26d372390256f6d69b9c7a8.txt,tomato
train,raw/emam_v14/train/images/Image_83_jpg.rf.898137ec4459678bfc00cec39d79c837.jpg,raw/emam_v14/train/labels/Image_83_jpg.rf.898137ec4459678bfc00cec39d79c837.txt,tomato
train,raw/emam_v14/train/images/Image_83_jpg.rf.a9c1fb237a7672e450d9de67c3ff3779.jpg,raw/emam_v14/train/labels/Image_83_jpg.rf.a9c1fb237a7672e450d9de67c3ff3779.txt,onion
train,raw/emam_v14/train/images/Image_83_jpg.rf.d4e450ae3b556dd929f32e6e5036db7e.jpg,raw/emam_v14/train/labels/Image_83_jpg.rf.d4e450ae3b556dd929f32e6e5036db7e.txt,carrot
train,raw/emam_v14/train/images/Image_83_jpg.rf.e0db453034ee15dbd6ad8023ffd3b4ff.jpg,raw/emam_v14/train/labels/Image_83_jpg.rf.e0db453034ee15dbd6ad8023ffd3b4ff.txt,potato
train,raw/emam_v14/train/images/Image_83_jpg.rf.e13fe428198c2e35333fa147a2112024.jpg,raw/emam_v14/train/labels/Image_83_jpg.rf.e13fe428198c2e35333fa147a2112024.txt,tomato
train,raw/emam_v14/train/images/Image_83_jpg.rf.ed3b87a2d1febff17e61a65c28a0308d.jpg,raw/emam_v14/train/labels/Image_83_jpg.rf.ed3b87a2d1febff17e61a65c28a0308d.txt,spinach
train,raw/emam_v14/train/images/Image_83_jpg.rf.f807dcab13339efea00d1578a6b1d46e.jpg,raw/emam_v14/train/labels/Image_83_jpg.rf.f807dcab13339efea00d1578a6b1d46e.txt,carrot
train,raw/emam_v14/train/images/Image_84_jpg.rf.009c859e2bb47abf76c57bad1d3d4461.jpg,raw/emam_v14/train/labels/Image_84_jpg.rf.009c859e2bb47abf76c57bad1d3d4461.txt,garlic
train,raw/emam_v14/train/images/Image_84_jpg.rf.0495707c18eeadab13df28cb5150b581.jpg,raw/emam_v14/train/labels/Image_84_jpg.rf.0495707c18eeadab13df28cb5150b581.txt,radish
train,raw/emam_v14/train/images/Image_84_jpg.rf.04c7a941dc3fdbaa4c37145d61e04a40.jpg,raw/emam_v14/train/labels/Image_84_jpg.rf.04c7a941dc3fdbaa4c37145d61e04a40.txt,sweetcorn
train,raw/emam_v14/train/images/Image_84_jpg.rf.081e1a76d900b7da92df233cf382f766.jpg,raw/emam_v14/train/labels/Image_84_jpg.rf.081e1a76d900b7da92df233cf382f766.txt,peas
train,raw/emam_v14/train/images/Image_84_jpg.rf.08672600131e710c16bb457c44c375e8.jpg,raw/emam_v14/train/labels/Image_84_jpg.rf.08672600131e710c16bb457c44c375e8.txt,eggplant
train,raw/emam_v14/train/images/Image_84_jpg.rf.17832aef1e67a4afc59f8dc9261956c2.jpg,raw/emam_v14/train/labels/Image_84_jpg.rf.17832aef1e67a4afc59f8dc9261956c2.txt,bellpepper
train,raw/emam_v14/train/images/Image_84_jpg.rf.1d7a01da1009096a51c4b7521d1012d4.jpg,raw/emam_v14/train/labels/Image_84_jpg.rf.1d7a01da1009096a51c4b7521d1012d4.txt,cucumber
train,raw/emam_v14/train/images/Image_84_jpg.rf.1ff886d39fe74dad30c1db1bbba4f3da.jpg,raw/emam_v14/train/labels/Image_84_jpg.rf.1ff886d39fe74dad30c1db1bbba4f3da.txt,eggplant
train,raw/emam_v14/train/images/Image_84_jpg.rf.259763d8f69dd47a49a067172396c120.jpg,raw/emam_v14/train/labels/Image_84_jpg.rf.259763d8f69dd47a49a067172396c120.txt,radish
train,raw/emam_v14/train/images/Image_84_jpg.rf.26cc6c1d41a20586377a57675dc7a422.jpg,raw/emam_v14/train/labels/Image_84_jpg.rf.26cc6c1d41a20586377a57675dc7a422.txt,sweetpotato
train,raw/emam_v14/train/images/Image_84_jpg.rf.341ac1e82ac96718357ff192e6194061.jpg,raw/emam_v14/train/labels/Image_84_jpg.rf.341ac1e82ac96718357ff192e6194061.txt,onion
train,raw/emam_v14/train/images/Image_84_jpg.rf.3d944a9176064da2ff2ba6335424ff43.jpg,raw/emam_v14/train/labels/Image_84_jpg.rf.3d944a9176064da2ff2ba6335424ff43.txt,lettuce
train,raw/emam_v14/train/images/Image_84_jpg.rf.404bdf4aa0a484ee4c694aa2723ce993.jpg,raw/emam_v14/train/labels/Image_84_jpg.rf.404bdf4aa0a484ee4c694aa2723ce993.txt,chillipepper
train,raw/emam_v14/train/images/Image_84_jpg.rf.467ac887ea22fe8309d18f9beced2c20.jpg,raw/emam_v14/train/labels/Image_84_jpg.rf.467ac887ea22fe8309d18f9beced2c20.txt,sweetpotato
train,raw/emam_v14/train/images/Image_84_jpg.rf.4e12faa440984e3bad36b343e03583e7.jpg,raw/emam_v14/train/labels/Image_84_jpg.rf.4e12faa440984e3bad36b343e03583e7.txt,tomato
train,raw/emam_v14/train/images/Image_84_jpg.rf.544467ab74bc4586aef86dac5d5f41e3.jpg,raw/emam_v14/train/labels/Image_84_jpg.rf.544467ab74bc4586aef86dac5d5f41e3.txt,radish
train,raw/emam_v14/train/images/Image_84_jpg.rf.5f153827921ae262821226eb1d22ac01.jpg,raw/emam_v14/train/labels/Image_84_jpg.rf.5f153827921ae262821226eb1d22ac01.txt,eggplant
train,raw/emam_v14/train/images/Image_84_jpg.rf.65c208a380fe3d00d23a4714c389f4cd.jpg,raw/emam_v14/train/labels/Image_84_jpg.rf.65c208a380fe3d00d23a4714c389f4cd.txt,lemon
train,raw/emam_v14/train/images/Image_84_jpg.rf.674cfcb881e2919c01a284b0dd9fb4b7.jpg,raw/emam_v14/train/labels/Image_84_jpg.rf.674cfcb881e2919c01a284b0dd9fb4b7.txt,cucumber
train,raw/emam_v14/train/images/Image_84_jpg.rf.6f0c1ab720a171b0bca6776f25bdd369.jpg,raw/emam_v14/train/labels/Image_84_jpg.rf.6f0c1ab720a171b0bca6776f25bdd369.txt,lettuce
train,raw/emam_v14/train/images/Image_84_jpg.rf.7120a5d58a887dc88e5138eb9c74872a.jpg,raw/emam_v14/train/labels/Image_84_jpg.rf.7120a5d58a887dc88e5138eb9c74872a.txt,spinach
train,raw/emam_v14/train/images/Image_84_jpg.rf.7a38db7c7f213c054e2ad319395ebbe3.jpg,raw/emam_v14/train/labels/Image_84_jpg.rf.7a38db7c7f213c054e2ad319395ebbe3.txt,lettuce
train,raw/emam_v14/train/images/Image_84_jpg.rf.7d0bb0bef6a5edecb062f86c231aefbc.jpg,raw/emam_v14/train/labels/Image_84_jpg.rf.7d0bb0bef6a5edecb062f86c231aefbc.txt,sweetcorn
train,raw/emam_v14/train/images/Image_84_jpg.rf.7eb8e6f27f84cf139842e57adf5ce79b.jpg,raw/emam_v14/train/labels/Image_84_jpg.rf.7eb8e6f27f84cf139842e57adf5ce79b.txt,spinach
train,raw/emam_v14/train/images/Image_84_jpg.rf.855265e1174bb138d37d9041e8c121cb.jpg,raw/emam_v14/train/labels/Image_84_jpg.rf.855265e1174bb138d37d9041e8c121cb.txt,cucumber
train,raw/emam_v14/train/images/Image_84_jpg.rf.8a03e226883a5070156d356bb86924de.jpg,raw/emam_v14/train/labels/Image_84_jpg.rf.8a03e226883a5070156d356bb86924de.txt,bellpepper
train,raw/emam_v14/train/images/Image_84_jpg.rf.8bac71e07e59eb3b093104b97bd387f7.jpg,raw/emam_v14/train/labels/Image_84_jpg.rf.8bac71e07e59eb3b093104b97bd387f7.txt,sweetpotato
train,raw/emam_v14/train/images/Image_84_jpg.rf.9628dc0848fd727928af66329d7135cc.jpg,raw/emam_v14/train/labels/Image_84_jpg.rf.9628dc0848fd727928af66329d7135cc.txt,chillipepper
train,raw/emam_v14/train/images/Image_84_jpg.rf.98b99721bc2b050e2c4a7f6bc8b06fd7.jpg,raw/emam_v14/train/labels/Image_84_jpg.rf.98b99721bc2b050e2c4a7f6bc8b06fd7.txt,onion
train,raw/emam_v14/train/images/Image_84_jpg.rf.98c556998bd6a0ec984cce65d755ded8.jpg,raw/emam_v14/train/labels/Image_84_jpg.rf.98c556998bd6a0ec984cce65d755ded8.txt,spinach
train,raw/emam_v14/train/images/Image_84_jpg.rf.9a47c8b8154e9a3d00758895e80f1566.jpg,raw/emam_v14/train/labels/Image_84_jpg.rf.9a47c8b8154e9a3d00758895e80f1566.txt,garlic
train,raw/emam_v14/train/images/Image_84_jpg.rf.9faaf96706f9938c4b663f6656a6b56a.jpg,raw/emam_v14/train/labels/Image_84_jpg.rf.9faaf96706f9938c4b663f6656a6b56a.txt,chillipepper
train,raw/emam_v14/train/images/Image_84_jpg.rf.a190887cda1aca9d0464b75111bb2caf.jpg,raw/emam_v14/train/labels/Image_84_jpg.rf.a190887cda1aca9d0464b75111bb2caf.txt,bellpepper
train,raw/emam_v14/train/images/Image_84_jpg.rf.a9332bb4d7e6724c50247bcda0aafd80.jpg,raw/emam_v14/train/labels/Image_84_jpg.rf.a9332bb4d7e6724c50247bcda0aafd80.txt,sweetcorn
train,raw/emam_v14/train/images/Image_84_jpg.rf.ae4fdde8ed6f1bfc1a70f3c5a2f92d09.jpg,raw/emam_v14/train/labels/Image_84_jpg.rf.ae4fdde8ed6f1bfc1a70f3c5a2f92d09.txt,lemon
train,raw/emam_v14/train/images/Image_84_jpg.rf.b3e6ea9f55fdc8c739a1fa0096668a8f.jpg,raw/emam_v14/train/labels/Image_84_jpg.rf.b3e6ea9f55fdc8c739a1fa0096668a8f.txt,garlic
train,raw/emam_v14/train/images/Image_84_jpg.rf.bb6c47708f269b29d95f933d55f4f635.jpg,raw/emam_v14/train/labels/Image_84_jpg.rf.bb6c47708f269b29d95f933d55f4f635.txt,tomato
train,raw/emam_v14/train/images/Image_84_jpg.rf.d05e759828a50f4bdbe663235a7284f5.jpg,raw/emam_v14/train/labels/Image_84_jpg.rf.d05e759828a50f4bdbe663235a7284f5.txt,tomato
train,raw/emam_v14/train/images/Image_84_jpg.rf.d8a434b2cf1bd75d0803c6b7ed4999f3.jpg,raw/emam_v14/train/labels/Image_84_jpg.rf.d8a434b2cf1bd75d0803c6b7ed4999f3.txt,onion
train,raw/emam_v14/train/images/Image_84_jpg.rf.ec73642fac70977853cf416b455b11f8.jpg,raw/emam_v14/train/labels/Image_84_jpg.rf.ec73642fac70977853cf416b455b11f8.txt,peas
train,raw/emam_v14/train/images/Image_84_jpg.rf.f2a68344124d010d24775ca307e4f92b.jpg,raw/emam_v14/train/labels/Image_84_jpg.rf.f2a68344124d010d24775ca307e4f92b.txt,peas
train,raw/emam_v14/train/images/Image_84_jpg.rf.f7fcd0a21bab14f0f4688ddadff74097.jpg,raw/emam_v14/train/labels/Image_84_jpg.rf.f7fcd0a21bab14f0f4688ddadff74097.txt,lemon
train,raw/emam_v14/train/images/Image_85_jpg.rf.0158478488b9c4daab787e4da0d361cd.jpg,raw/emam_v14/train/labels/Image_85_jpg.rf.0158478488b9c4daab787e4da0d361cd.txt,lemon
train,raw/emam_v14/train/images/Image_85_jpg.rf.03bd373f28fee4efcd721321ab7b7b5f.jpg,raw/emam_v14/train/labels/Image_85_jpg.rf.03bd373f28fee4efcd721321ab7b7b5f.txt,peas
train,raw/emam_v14/train/images/Image_85_jpg.rf.138e977cde5bb1d45e5718b610bcfc9f.jpg,raw/emam_v14/train/labels/Image_85_jpg.rf.138e977cde5bb1d45e5718b610bcfc9f.txt,sweetcorn
train,raw/emam_v14/train/images/Image_85_jpg.rf.16e7a38019eef7f59a67e426d5f31580.jpg,raw/emam_v14/train/labels/Image_85_jpg.rf.16e7a38019eef7f59a67e426d5f31580.txt,sweetpotato
train,raw/emam_v14/train/images/Image_85_jpg.rf.196ab869955a0131164be2b997c0655f.jpg,raw/emam_v14/train/labels/Image_85_jpg.rf.196ab869955a0131164be2b997c0655f.txt,cauliflower
train,raw/emam_v14/train/images/Image_85_jpg.rf.21362bc46b3dcabfe0333c60a057e967.jpg,raw/emam_v14/train/labels/Image_85_jpg.rf.21362bc46b3dcabfe0333c60a057e967.txt,garlic
train,raw/emam_v14/train/images/Image_85_jpg.rf.21b3b505db4e6db7bde19c1a56a035cb.jpg,raw/emam_v14/train/labels/Image_85_jpg.rf.21b3b505db4e6db7bde19c1a56a035cb.txt,lettuce
train,raw/emam_v14/train/images/Image_85_jpg.rf.2da5f0cfd35d88f5053f032c515f85d9.jpg,raw/emam_v14/train/labels/Image_85_jpg.rf.2da5f0cfd35d88f5053f032c515f85d9.txt,bellpepper
train,raw/emam_v14/train/images/Image_85_jpg.rf.32986cc1cce29ff78eacbd2ba088477a.jpg,raw/emam_v14/train/labels/Image_85_jpg.rf.32986cc1cce29ff78eacbd2ba088477a.txt,peas
train,raw/emam_v14/train/images/Image_85_jpg.rf.3cd916fd658b0293ffc63d7b330a588b.jpg,raw/emam_v14/train/labels/Image_85_jpg.rf.3cd916fd658b0293ffc63d7b330a588b.txt,sweetcorn
train,raw/emam_v14/train/images/Image_85_jpg.rf.41819b6e2f70a439d0dc6c189c3c71d5.jpg,raw/emam_v14/train/labels/Image_85_jpg.rf.41819b6e2f70a439d0dc6c189c3c71d5.txt,potato
train,raw/emam_v14/train/images/Image_85_jpg.rf.42088481dfc39b5b3270a96e19b9a748.jpg,raw/emam_v14/train/labels/Image_85_jpg.rf.42088481dfc39b5b3270a96e19b9a748.txt,ginger
train,raw/emam_v14/train/images/Image_85_jpg.rf.42e8663d53d15efc14f471bbb835957b.jpg,raw/emam_v14/train/labels/Image_85_jpg.rf.42e8663d53d15efc14f471bbb835957b.txt,lettuce
train,raw/emam_v14/train/images/Image_85_jpg.rf.4d6d9219a3c4a475e0a201f10a873339.jpg,raw/emam_v14/train/labels/Image_85_jpg.rf.4d6d9219a3c4a475e0a201f10a873339.txt,cabbage
train,raw/emam_v14/train/images/Image_85_jpg.rf.52cba5741d621acf69ae28b6e2790190.jpg,raw/emam_v14/train/labels/Image_85_jpg.rf.52cba5741d621acf69ae28b6e2790190.txt,lemon
train,raw/emam_v14/train/images/Image_85_jpg.rf.55dd437283af2ba237c90830540911cc.jpg,raw/emam_v14/train/labels/Image_85_jpg.rf.55dd437283af2ba237c90830540911cc.txt,ginger
train,raw/emam_v14/train/images/Image_85_jpg.rf.72cf29d32215a76f9e515ae2f6e8132d.jpg,raw/emam_v14/train/labels/Image_85_jpg.rf.72cf29d32215a76f9e515ae2f6e8132d.txt,cabbage
train,raw/emam_v14/train/images/Image_85_jpg.rf.7495f7ef44b55c723140432f29b98b09.jpg,raw/emam_v14/train/labels/Image_85_jpg.rf.7495f7ef44b55c723140432f29b98b09.txt,bellpepper
train,raw/emam_v14/train/images/Image_85_jpg.rf.7acfb6c355be3b21c2f9892c2c5a9d57.jpg,raw/emam_v14/train/labels/Image_85_jpg.rf.7acfb6c355be3b21c2f9892c2c5a9d57.txt,cucumber
train,raw/emam_v14/train/images/Image_85_jpg.rf.7e57c3b7fbadb4ba47d6437669e24b01.jpg,raw/emam_v14/train/labels/Image_85_jpg.rf.7e57c3b7fbadb4ba47d6437669e24b01.txt,turnip
train,raw/emam_v14/train/images/Image_85_jpg.rf.823e97f031a8839f6c003021b10cf92b.jpg,raw/emam_v14/train/labels/Image_85_jpg.rf.823e97f031a8839f6c003021b10cf92b.txt,turnip
train,raw/emam_v14/train/images/Image_85_jpg.rf.8a4705b70d6b96abed6416c151e34bed.jpg,raw/emam_v14/train/labels/Image_85_jpg.rf.8a4705b70d6b96abed6416c151e34bed.txt,cauliflower
train,raw/emam_v14/train/images/Image_85_jpg.rf.8f3789d4d0d806a5cc4a8969822f8591.jpg,raw/emam_v14/train/labels/Image_85_jpg.rf.8f3789d4d0d806a5cc4a8969822f8591.txt,potato
train,raw/emam_v14/train/images/Image_85_jpg.rf.9586177206a6d4fdd93cf3e450baa934.jpg,raw/emam_v14/train/labels/Image_85_jpg.rf.9586177206a6d4fdd93cf3e450baa934.txt,lemon
train,raw/emam_v14/train/images/Image_85_jpg.rf.9803cfdeecae51092cdf8cfc18649d5d.jpg,raw/emam_v14/train/labels/Image_85_jpg.rf.9803cfdeecae51092cdf8cfc18649d5d.txt,potato
train,raw/emam_v14/train/images/Image_85_jpg.rf.a434342df47e577f3f0d9f06458c0716.jpg,raw/emam_v14/train/labels/Image_85_jpg.rf.a434342df47e577f3f0d9f06458c0716.txt,sweetcorn
train,raw/emam_v14/train/images/Image_85_jpg.rf.be65fe74357cf2bd7b81229747829b64.jpg,raw/emam_v14/train/labels/Image_85_jpg.rf.be65fe74357cf2bd7b81229747829b64.txt,lettuce
train,raw/emam_v14/train/images/Image_85_jpg.rf.c56d09eb8382cb3717c6471bb1ca567f.jpg,raw/emam_v14/train/labels/Image_85_jpg.rf.c56d09eb8382cb3717c6471bb1ca567f.txt,peas
train,raw/emam_v14/train/images/Image_85_jpg.rf.c7067f3dc2e036f5f88dff1e595a5698.jpg,raw/emam_v14/train/labels/Image_85_jpg.rf.c7067f3dc2e036f5f88dff1e595a5698.txt,garlic
train,raw/emam_v14/train/images/Image_85_jpg.rf.cc0cace67cba77a46b1b971f7ee6d1f6.jpg,raw/emam_v14/train/labels/Image_85_jpg.rf.cc0cace67cba77a46b1b971f7ee6d1f6.txt,ginger
train,raw/emam_v14/train/images/Image_85_jpg.rf.d1ff28f30d75bf909364e5698d066164.jpg,raw/emam_v14/train/labels/Image_85_jpg.rf.d1ff28f30d75bf909364e5698d066164.txt,cucumber
train,raw/emam_v14/train/images/Image_85_jpg.rf.d3c34e29eb9fa77eec76e20b17d7ed2c.jpg,raw/emam_v14/train/labels/Image_85_jpg.rf.d3c34e29eb9fa77eec76e20b17d7ed2c.txt,cabbage
train,raw/emam_v14/train/images/Image_85_jpg.rf.dc638072c7aa436f4b6748b2df1dd833.jpg,raw/emam_v14/train/labels/Image_85_jpg.rf.dc638072c7aa436f4b6748b2df1dd833.txt,cucumber
train,raw/emam_v14/train/images/Image_85_jpg.rf.dd923420d3e69079a06f7074111848f6.jpg,raw/emam_v14/train/labels/Image_85_jpg.rf.dd923420d3e69079a06f7074111848f6.txt,cauliflower
train,raw/emam_v14/train/images/Image_85_jpg.rf.e0bedc1a926005ec9d96f6e36c27f02f.jpg,raw/emam_v14/train/labels/Image_85_jpg.rf.e0bedc1a926005ec9d96f6e36c27f02f.txt,bellpepper
train,raw/emam_v14/train/images/Image_85_jpg.rf.e19ebbce886d398cdeb2f74855d0209d.jpg,raw/emam_v14/train/labels/Image_85_jpg.rf.e19ebbce886d398cdeb2f74855d0209d.txt,turnip
train,raw/emam_v14/train/images/Image_85_jpg.rf.e817936a1908fd6679e8e2cbe54fa324.jpg,raw/emam_v14/train/labels/Image_85_jpg.rf.e817936a1908fd6679e8e2cbe54fa324.txt,sweetpotato
train,raw/emam_v14/train/images/Image_85_jpg.rf.f221a046f1bec2dbd4e3d53ef23697ca.jpg,raw/emam_v14/train/labels/Image_85_jpg.rf.f221a046f1bec2dbd4e3d53ef23697ca.txt,sweetpotato
train,raw/emam_v14/train/images/Image_85_jpg.rf.f5dd2dcd23a64700f317f8d627890ce0.jpg,raw/emam_v14/train/labels/Image_85_jpg.rf.f5dd2dcd23a64700f317f8d627890ce0.txt,garlic
train,raw/emam_v14/train/images/Image_86_jpeg_jpg.rf.25f99ef7fb7641ce7138f5ce3358682d.jpg,raw/emam_v14/train/labels/Image_86_jpeg_jpg.rf.25f99ef7fb7641ce7138f5ce3358682d.txt,cabbage
train,raw/emam_v14/train/images/Image_86_jpeg_jpg.rf.b6acf9f4eef9025891f3fb8feb0ad10f.jpg,raw/emam_v14/train/labels/Image_86_jpeg_jpg.rf.b6acf9f4eef9025891f3fb8feb0ad10f.txt,cabbage
train,raw/emam_v14/train/images/Image_86_jpeg_jpg.rf.d587c88bacaa11f252ca3c88e4559a39.jpg,raw/emam_v14/train/labels/Image_86_jpeg_jpg.rf.d587c88bacaa11f252ca3c88e4559a39.txt,cabbage
train,raw/emam_v14/train/images/Image_86_jpg.rf.1c4548197631e8d631a5094d1ed522e0.jpg,raw/emam_v14/train/labels/Image_86_jpg.rf.1c4548197631e8d631a5094d1ed522e0.txt,carrot
train,raw/emam_v14/train/images/Image_86_jpg.rf.2e60a3520bdd0a10bc00cb613900d6bf.jpg,raw/emam_v14/train/labels/Image_86_jpg.rf.2e60a3520bdd0a10bc00cb613900d6bf.txt,carrot
train,raw/emam_v14/train/images/Image_86_jpg.rf.32875b309324f6d84852201f749b3724.jpg,raw/emam_v14/train/labels/Image_86_jpg.rf.32875b309324f6d84852201f749b3724.txt,bellpepper
train,raw/emam_v14/train/images/Image_86_jpg.rf.335caa1b88e6376d32448b5b017fecb0.jpg,raw/emam_v14/train/labels/Image_86_jpg.rf.335caa1b88e6376d32448b5b017fecb0.txt,turnip
train,raw/emam_v14/train/images/Image_86_jpg.rf.373d4ae74a6634ade968a30abcd89592.jpg,raw/emam_v14/train/labels/Image_86_jpg.rf.373d4ae74a6634ade968a30abcd89592.txt,bellpepper
train,raw/emam_v14/train/images/Image_86_jpg.rf.44c6d7b201e22aba72dd69ebe036b56e.jpg,raw/emam_v14/train/labels/Image_86_jpg.rf.44c6d7b201e22aba72dd69ebe036b56e.txt,tomato
train,raw/emam_v14/train/images/Image_86_jpg.rf.4df9e723bc94fa735660c9eb84dd42c4.jpg,raw/emam_v14/train/labels/Image_86_jpg.rf.4df9e723bc94fa735660c9eb84dd42c4.txt,garlic
train,raw/emam_v14/train/images/Image_86_jpg.rf.6143eca3631d97009f8e4617e976957f.jpg,raw/emam_v14/train/labels/Image_86_jpg.rf.6143eca3631d97009f8e4617e976957f.txt,turnip
train,raw/emam_v14/train/images/Image_86_jpg.rf.61f23b8a6d8dc47811541e5339745d49.jpg,raw/emam_v14/train/labels/Image_86_jpg.rf.61f23b8a6d8dc47811541e5339745d49.txt,turnip
train,raw/emam_v14/train/images/Image_86_jpg.rf.6a8b8f1f08627ccc2dc808a36c6bf215.jpg,raw/emam_v14/train/labels/Image_86_jpg.rf.6a8b8f1f08627ccc2dc808a36c6bf215.txt,carrot
train,raw/emam_v14/train/images/Image_86_jpg.rf.760c87f8677224326959dd0b012a31e2.jpg,raw/emam_v14/train/labels/Image_86_jpg.rf.760c87f8677224326959dd0b012a31e2.txt,tomato
train,raw/emam_v14/train/images/Image_86_jpg.rf.7c8873ebdabcae74131b681b801946f7.jpg,raw/emam_v14/train/labels/Image_86_jpg.rf.7c8873ebdabcae74131b681b801946f7.txt,spinach
train,raw/emam_v14/train/images/Image_86_jpg.rf.80a64132d9ba328e1ca34ee724d17d60.jpg,raw/emam_v14/train/labels/Image_86_jpg.rf.80a64132d9ba328e1ca34ee724d17d60.txt,sweetpotato
train,raw/emam_v14/train/images/Image_86_jpg.rf.99b5b131551a892fd31f03c7fcf1c87f.jpg,raw/emam_v14/train/labels/Image_86_jpg.rf.99b5b131551a892fd31f03c7fcf1c87f.txt,sweetpotato
train,raw/emam_v14/train/images/Image_86_jpg.rf.b23b2c9e58dc03999760db63bbaaea2d.jpg,raw/emam_v14/train/labels/Image_86_jpg.rf.b23b2c9e58dc03999760db63bbaaea2d.txt,spinach
train,raw/emam_v14/train/images/Image_86_jpg.rf.b57af279bea1ebec9c25e3ea061d1c51.jpg,raw/emam_v14/train/labels/Image_86_jpg.rf.b57af279bea1ebec9c25e3ea061d1c51.txt,sweetpotato
train,raw/emam_v14/train/images/Image_86_jpg.rf.b85954cd3d24b7f29f67b0831b765140.jpg,raw/emam_v14/train/labels/Image_86_jpg.rf.b85954cd3d24b7f29f67b0831b765140.txt,spinach
train,raw/emam_v14/train/images/Image_86_jpg.rf.ba50a7e5ae849fc2f70bd5cf9b509047.jpg,raw/emam_v14/train/labels/Image_86_jpg.rf.ba50a7e5ae849fc2f70bd5cf9b509047.txt,bellpepper
train,raw/emam_v14/train/images/Image_86_jpg.rf.c8d2ce40ce63d0a1f7e2daf3791be5e6.jpg,raw/emam_v14/train/labels/Image_86_jpg.rf.c8d2ce40ce63d0a1f7e2daf3791be5e6.txt,garlic
train,raw/emam_v14/train/images/Image_86_jpg.rf.d2a1b357e370fa78abc16f5d05cdff7c.jpg,raw/emam_v14/train/labels/Image_86_jpg.rf.d2a1b357e370fa78abc16f5d05cdff7c.txt,tomato
train,raw/emam_v14/train/images/Image_86_jpg.rf.e66901c59f5d195c0b712c1ba7fbca82.jpg,raw/emam_v14/train/labels/Image_86_jpg.rf.e66901c59f5d195c0b712c1ba7fbca82.txt,garlic
train,raw/emam_v14/train/images/Image_86_png_jpg.rf.39ea80836dec24cf771c2a7a4560a11a.jpg,raw/emam_v14/train/labels/Image_86_png_jpg.rf.39ea80836dec24cf771c2a7a4560a11a.txt,beetroot
train,raw/emam_v14/train/images/Image_86_png_jpg.rf.5a83b5425b104dee51959acc72b4cba0.jpg,raw/emam_v14/train/labels/Image_86_png_jpg.rf.5a83b5425b104dee51959acc72b4cba0.txt,beetroot
train,raw/emam_v14/train/images/Image_86_png_jpg.rf.d033b7503c471b250ab621de2fb1279f.jpg,raw/emam_v14/train/labels/Image_86_png_jpg.rf.d033b7503c471b250ab621de2fb1279f.txt,beetroot
train,raw/emam_v14/train/images/Image_87_jpg.rf.0792a0421b55e4707f9342f6585e4ea2.jpg,raw/emam_v14/train/labels/Image_87_jpg.rf.0792a0421b55e4707f9342f6585e4ea2.txt,sweetcorn
train,raw/emam_v14/train/images/Image_87_jpg.rf.0e1d6c11b2e23134d57d0f9f76e9d075.jpg,raw/emam_v14/train/labels/Image_87_jpg.rf.0e1d6c11b2e23134d57d0f9f76e9d075.txt,beetroot
train,raw/emam_v14/train/images/Image_87_jpg.rf.0eada21f6e5a596447e1b127902911a9.jpg,raw/emam_v14/train/labels/Image_87_jpg.rf.0eada21f6e5a596447e1b127902911a9.txt,jalapeno
train,raw/emam_v14/train/images/Image_87_jpg.rf.1f79480ec6121ec6d4e2d0e9207080e1.jpg,raw/emam_v14/train/labels/Image_87_jpg.rf.1f79480ec6121ec6d4e2d0e9207080e1.txt,sweetcorn
train,raw/emam_v14/train/images/Image_87_jpg.rf.26b291720cf89496db168df3e997a866.jpg,raw/emam_v14/train/labels/Image_87_jpg.rf.26b291720cf89496db168df3e997a866.txt,jalapeno
train,raw/emam_v14/train/images/Image_87_jpg.rf.45ac80f7507b79bca9182cfa191030d5.jpg,raw/emam_v14/train/labels/Image_87_jpg.rf.45ac80f7507b79bca9182cfa191030d5.txt,beetroot
train,raw/emam_v14/train/images/Image_87_jpg.rf.45f733405588682d5f04fff8a92caf2e.jpg,raw/emam_v14/train/labels/Image_87_jpg.rf.45f733405588682d5f04fff8a92caf2e.txt,turnip
train,raw/emam_v14/train/images/Image_87_jpg.rf.46115b3eaa5b389668d92cade4092a46.jpg,raw/emam_v14/train/labels/Image_87_jpg.rf.46115b3eaa5b389668d92cade4092a46.txt,sweetpotato
train,raw/emam_v14/train/images/Image_87_jpg.rf.4d76d4b9ea222040340196f7f67322c5.jpg,raw/emam_v14/train/labels/Image_87_jpg.rf.4d76d4b9ea222040340196f7f67322c5.txt,jalapeno
train,raw/emam_v14/train/images/Image_87_jpg.rf.534a7d29898b2bfa99e8dbb4ebcdac71.jpg,raw/emam_v14/train/labels/Image_87_jpg.rf.534a7d29898b2bfa99e8dbb4ebcdac71.txt,cabbage
train,raw/emam_v14/train/images/Image_87_jpg.rf.60e88b1ef667bcf7565e25554a3cef62.jpg,raw/emam_v14/train/labels/Image_87_jpg.rf.60e88b1ef667bcf7565e25554a3cef62.txt,beetroot
train,raw/emam_v14/train/images/Image_87_jpg.rf.812edee8986dfad0caee340b3c0fb5a7.jpg,raw/emam_v14/train/labels/Image_87_jpg.rf.812edee8986dfad0caee340b3c0fb5a7.txt,eggplant
train,raw/emam_v14/train/images/Image_87_jpg.rf.8308fa27f77c44b077029aea779237aa.jpg,raw/emam_v14/train/labels/Image_87_jpg.rf.8308fa27f77c44b077029aea779237aa.txt,cucumber
train,raw/emam_v14/train/images/Image_87_jpg.rf.8ba2746d08999294a112c3a0dbc65b26.jpg,raw/emam_v14/train/labels/Image_87_jpg.rf.8ba2746d08999294a112c3a0dbc65b26.txt,cucumber
train,raw/emam_v14/train/images/Image_87_jpg.rf.98e03aff5d3924816dbcffbb13e921c5.jpg,raw/emam_v14/train/labels/Image_87_jpg.rf.98e03aff5d3924816dbcffbb13e921c5.txt,cabbage
train,raw/emam_v14/train/images/Image_87_jpg.rf.9ba6e26af3dd77faf84ad021a00c2191.jpg,raw/emam_v14/train/labels/Image_87_jpg.rf.9ba6e26af3dd77faf84ad021a00c2191.txt,sweetpotato
train,raw/emam_v14/train/images/Image_87_jpg.rf.ae6e7511309a8a15faece34b706f2549.jpg,raw/emam_v14/train/labels/Image_87_jpg.rf.ae6e7511309a8a15faece34b706f2549.txt,sweetpotato
train,raw/emam_v14/train/images/Image_87_jpg.rf.c1b93d9c07e6899ececbbea0e28bea91.jpg,raw/emam_v14/train/labels/Image_87_jpg.rf.c1b93d9c07e6899ececbbea0e28bea91.txt,eggplant
train,raw/emam_v14/train/images/Image_87_jpg.rf.c4292bcf90668a87bb7220997920d5ce.jpg,raw/emam_v14/train/labels/Image_87_jpg.rf.c4292bcf90668a87bb7220997920d5ce.txt,eggplant
train,raw/emam_v14/train/images/Image_87_jpg.rf.dd1af2f8c3f975ae41a47f2ba8b68a7b.jpg,raw/emam_v14/train/labels/Image_87_jpg.rf.dd1af2f8c3f975ae41a47f2ba8b68a7b.txt,cucumber
train,raw/emam_v14/train/images/Image_87_jpg.rf.ee6045651e32c83049acd9ed4c17bd27.jpg,raw/emam_v14/train/labels/Image_87_jpg.rf.ee6045651e32c83049acd9ed4c17bd27.txt,cabbage
train,raw/emam_v14/train/images/Image_87_jpg.rf.f1a297a054df37870fafa9e4b778d777.jpg,raw/emam_v14/train/labels/Image_87_jpg.rf.f1a297a054df37870fafa9e4b778d777.txt,turnip
train,raw/emam_v14/train/images/Image_87_jpg.rf.f77a6b8dc2ea177a8e49c0d3258b97cd.jpg,raw/emam_v14/train/labels/Image_87_jpg.rf.f77a6b8dc2ea177a8e49c0d3258b97cd.txt,turnip
train,raw/emam_v14/train/images/Image_87_jpg.rf.fc125ab7be6f9aa2ad7ceabbc8136e26.jpg,raw/emam_v14/train/labels/Image_87_jpg.rf.fc125ab7be6f9aa2ad7ceabbc8136e26.txt,sweetcorn
train,raw/emam_v14/train/images/Image_87_png_jpg.rf.0d992d13b74b82fbd4ee4ef7d931f951.jpg,raw/emam_v14/train/labels/Image_87_png_jpg.rf.0d992d13b74b82fbd4ee4ef7d931f951.txt,lemon
train,raw/emam_v14/train/images/Image_87_png_jpg.rf.b6054b15abbaae582159ab9b395557c2.jpg,raw/emam_v14/train/labels/Image_87_png_jpg.rf.b6054b15abbaae582159ab9b395557c2.txt,lemon
train,raw/emam_v14/train/images/Image_87_png_jpg.rf.ca22dccf20b9b9a6f44c448b5e2d7e55.jpg,raw/emam_v14/train/labels/Image_87_png_jpg.rf.ca22dccf20b9b9a6f44c448b5e2d7e55.txt,lemon
train,raw/emam_v14/train/images/Image_88_jpeg_jpg.rf.69d93ea932afb5cdac4fc61dfc77f0b8.jpg,raw/emam_v14/train/labels/Image_88_jpeg_jpg.rf.69d93ea932afb5cdac4fc61dfc77f0b8.txt,bellpepper
train,raw/emam_v14/train/images/Image_88_jpeg_jpg.rf.c7c54ba3bf8327a173645e463597befc.jpg,raw/emam_v14/train/labels/Image_88_jpeg_jpg.rf.c7c54ba3bf8327a173645e463597befc.txt,bellpepper
train,raw/emam_v14/train/images/Image_88_jpeg_jpg.rf.e2586c4174169a86e906d69be384f397.jpg,raw/emam_v14/train/labels/Image_88_jpeg_jpg.rf.e2586c4174169a86e906d69be384f397.txt,bellpepper
train,raw/emam_v14/train/images/Image_88_jpg.rf.1aabab4b50b96d7f1696cd577c5c46f4.jpg,raw/emam_v14/train/labels/Image_88_jpg.rf.1aabab4b50b96d7f1696cd577c5c46f4.txt,spinach
train,raw/emam_v14/train/images/Image_88_jpg.rf.21261ba10457fba565fe4c2ceff6e1c7.jpg,raw/emam_v14/train/labels/Image_88_jpg.rf.21261ba10457fba565fe4c2ceff6e1c7.txt,sweetpotato
train,raw/emam_v14/train/images/Image_88_jpg.rf.23733ab900b976614d292b20c1b8d245.jpg,raw/emam_v14/train/labels/Image_88_jpg.rf.23733ab900b976614d292b20c1b8d245.txt,spinach
train,raw/emam_v14/train/images/Image_88_jpg.rf.30351b91cc435e97ab622c2bcbdbd634.jpg,raw/emam_v14/train/labels/Image_88_jpg.rf.30351b91cc435e97ab622c2bcbdbd634.txt,cauliflower
train,raw/emam_v14/train/images/Image_88_jpg.rf.32fbfa34303cb5b5c3f01532c3bdaff1.jpg,raw/emam_v14/train/labels/Image_88_jpg.rf.32fbfa34303cb5b5c3f01532c3bdaff1.txt,cauliflower
train,raw/emam_v14/train/images/Image_88_jpg.rf.3831e60a068e68a94d62cf0fafe45582.jpg,raw/emam_v14/train/labels/Image_88_jpg.rf.3831e60a068e68a94d62cf0fafe45582.txt,sweetcorn
train,raw/emam_v14/train/images/Image_88_jpg.rf.5a0c3be463953306564f63e74284e528.jpg,raw/emam_v14/train/labels/Image_88_jpg.rf.5a0c3be463953306564f63e74284e528.txt,cauliflower
train,raw/emam_v14/train/images/Image_88_jpg.rf.60a4e0ced7455a15bdc405ffdc111bff.jpg,raw/emam_v14/train/labels/Image_88_jpg.rf.60a4e0ced7455a15bdc405ffdc111bff.txt,sweetcorn
train,raw/emam_v14/train/images/Image_88_jpg.rf.62677258e0c5e382b541d361f10fbcc4.jpg,raw/emam_v14/train/labels/Image_88_jpg.rf.62677258e0c5e382b541d361f10fbcc4.txt,spinach
train,raw/emam_v14/train/images/Image_88_jpg.rf.65c803476a06c24995079e3bb29fc4a2.jpg,raw/emam_v14/train/labels/Image_88_jpg.rf.65c803476a06c24995079e3bb29fc4a2.txt,sweetpotato
train,raw/emam_v14/train/images/Image_88_jpg.rf.68fdc9ce651f68a689d2cbc9c1a7988c.jpg,raw/emam_v14/train/labels/Image_88_jpg.rf.68fdc9ce651f68a689d2cbc9c1a7988c.txt,lettuce
train,raw/emam_v14/train/images/Image_88_jpg.rf.723eb539d9d1187e722894f0083cd446.jpg,raw/emam_v14/train/labels/Image_88_jpg.rf.723eb539d9d1187e722894f0083cd446.txt,cabbage
train,raw/emam_v14/train/images/Image_88_jpg.rf.72b93556b1dd768f40cbe817a65207b5.jpg,raw/emam_v14/train/labels/Image_88_jpg.rf.72b93556b1dd768f40cbe817a65207b5.txt,cucumber
train,raw/emam_v14/train/images/Image_88_jpg.rf.78579e97de82aad731ca64242f41c114.jpg,raw/emam_v14/train/labels/Image_88_jpg.rf.78579e97de82aad731ca64242f41c114.txt,sweetcorn
train,raw/emam_v14/train/images/Image_88_jpg.rf.7a78fc9e30905e06708d6dec30e113f7.jpg,raw/emam_v14/train/labels/Image_88_jpg.rf.7a78fc9e30905e06708d6dec30e113f7.txt,turnip
train,raw/emam_v14/train/images/Image_88_jpg.rf.84b51f705222dfd7f9344cfe60fa8be1.jpg,raw/emam_v14/train/labels/Image_88_jpg.rf.84b51f705222dfd7f9344cfe60fa8be1.txt,lettuce
train,raw/emam_v14/train/images/Image_88_jpg.rf.8cbbf23442a47b1aabfa936b942983e4.jpg,raw/emam_v14/train/labels/Image_88_jpg.rf.8cbbf23442a47b1aabfa936b942983e4.txt,turnip
train,raw/emam_v14/train/images/Image_88_jpg.rf.9b3d4dd3d9e1d39582ef339497200f5a.jpg,raw/emam_v14/train/labels/Image_88_jpg.rf.9b3d4dd3d9e1d39582ef339497200f5a.txt,jalapeno
train,raw/emam_v14/train/images/Image_88_jpg.rf.adce19c4d0ff14751eef3016950dd8bf.jpg,raw/emam_v14/train/labels/Image_88_jpg.rf.adce19c4d0ff14751eef3016950dd8bf.txt,cabbage
train,raw/emam_v14/train/images/Image_88_jpg.rf.b224021bfa9e203541b4e699058446b4.jpg,raw/emam_v14/train/labels/Image_88_jpg.rf.b224021bfa9e203541b4e699058446b4.txt,lettuce
train,raw/emam_v14/train/images/Image_88_jpg.rf.db1d329e6b3171e888bea2e9b5f5db02.jpg,raw/emam_v14/train/labels/Image_88_jpg.rf.db1d329e6b3171e888bea2e9b5f5db02.txt,turnip
train,raw/emam_v14/train/images/Image_88_jpg.rf.df49ed22ce4e69d4253f465639fadc60.jpg,raw/emam_v14/train/labels/Image_88_jpg.rf.df49ed22ce4e69d4253f465639fadc60.txt,cabbage
train,raw/emam_v14/train/images/Image_88_jpg.rf.ea93b970104d9e16037dc559d4d8730c.jpg,raw/emam_v14/train/labels/Image_88_jpg.rf.ea93b970104d9e16037dc559d4d8730c.txt,cucumber
train,raw/emam_v14/train/images/Image_88_jpg.rf.eb563c6ca7b572629d7c3a9c3bb57a3d.jpg,raw/emam_v14/train/labels/Image_88_jpg.rf.eb563c6ca7b572629d7c3a9c3bb57a3d.txt,cucumber
train,raw/emam_v14/train/images/Image_88_jpg.rf.f5f839baeba0fa51514947fe041f12da.jpg,raw/emam_v14/train/labels/Image_88_jpg.rf.f5f839baeba0fa51514947fe041f12da.txt,jalapeno
train,raw/emam_v14/train/images/Image_88_jpg.rf.fd18b3831d743bc55d0a502fccc1be9c.jpg,raw/emam_v14/train/labels/Image_88_jpg.rf.fd18b3831d743bc55d0a502fccc1be9c.txt,sweetpotato
train,raw/emam_v14/train/images/Image_88_jpg.rf.ff3963daa216274be0b03503101febb9.jpg,raw/emam_v14/train/labels/Image_88_jpg.rf.ff3963daa216274be0b03503101febb9.txt,jalapeno
train,raw/emam_v14/train/images/Image_88_png_jpg.rf.07fc554c9c2d5e4d1111f10e93bf58f9.jpg,raw/emam_v14/train/labels/Image_88_png_jpg.rf.07fc554c9c2d5e4d1111f10e93bf58f9.txt,radish
train,raw/emam_v14/train/images/Image_88_png_jpg.rf.5f4e9607a66f654e1a5552df057c6cfe.jpg,raw/emam_v14/train/labels/Image_88_png_jpg.rf.5f4e9607a66f654e1a5552df057c6cfe.txt,radish
train,raw/emam_v14/train/images/Image_88_png_jpg.rf.c458f22e32384e979bd8a8e9c5fb387b.jpg,raw/emam_v14/train/labels/Image_88_png_jpg.rf.c458f22e32384e979bd8a8e9c5fb387b.txt,radish
train,raw/emam_v14/train/images/Image_89_jpg.rf.024428bf587a098fdab0e32def580b35.jpg,raw/emam_v14/train/labels/Image_89_jpg.rf.024428bf587a098fdab0e32def580b35.txt,eggplant
train,raw/emam_v14/train/images/Image_89_jpg.rf.09e488e1344d1d401b53ec9e7b7a146b.jpg,raw/emam_v14/train/labels/Image_89_jpg.rf.09e488e1344d1d401b53ec9e7b7a146b.txt,spinach
train,raw/emam_v14/train/images/Image_89_jpg.rf.1083fe0d7595a567ef6003e785a646c9.jpg,raw/emam_v14/train/labels/Image_89_jpg.rf.1083fe0d7595a567ef6003e785a646c9.txt,chillipepper
train,raw/emam_v14/train/images/Image_89_jpg.rf.13864ece8149fb35b1fc73171e453acc.jpg,raw/emam_v14/train/labels/Image_89_jpg.rf.13864ece8149fb35b1fc73171e453acc.txt,tomato
train,raw/emam_v14/train/images/Image_89_jpg.rf.195f7887832ce20bc81e77331ab355e6.jpg,raw/emam_v14/train/labels/Image_89_jpg.rf.195f7887832ce20bc81e77331ab355e6.txt,bellpepper
train,raw/emam_v14/train/images/Image_89_jpg.rf.1e62339c6dd62f4e1e767871f3cf2904.jpg,raw/emam_v14/train/labels/Image_89_jpg.rf.1e62339c6dd62f4e1e767871f3cf2904.txt,spinach
train,raw/emam_v14/train/images/Image_89_jpg.rf.2b17f500f7b8151220ad8b0c2ed3e853.jpg,raw/emam_v14/train/labels/Image_89_jpg.rf.2b17f500f7b8151220ad8b0c2ed3e853.txt,chillipepper
train,raw/emam_v14/train/images/Image_89_jpg.rf.31156ad16590dacba365c5a41c07bfae.jpg,raw/emam_v14/train/labels/Image_89_jpg.rf.31156ad16590dacba365c5a41c07bfae.txt,bellpepper
train,raw/emam_v14/train/images/Image_89_jpg.rf.36e999f7fbc0e9d72b0a34814083449e.jpg,raw/emam_v14/train/labels/Image_89_jpg.rf.36e999f7fbc0e9d72b0a34814083449e.txt,eggplant
train,raw/emam_v14/train/images/Image_89_jpg.rf.4623e878132f3f327834b908feb9a0f4.jpg,raw/emam_v14/train/labels/Image_89_jpg.rf.4623e878132f3f327834b908feb9a0f4.txt,chillipepper
train,raw/emam_v14/train/images/Image_89_jpg.rf.48044fa2bc9bc5d59eccd88ed09d6adb.jpg,raw/emam_v14/train/labels/Image_89_jpg.rf.48044fa2bc9bc5d59eccd88ed09d6adb.txt,cabbage
train,raw/emam_v14/train/images/Image_89_jpg.rf.4b951ef41d104240a3e4b29c323f5f9b.jpg,raw/emam_v14/train/labels/Image_89_jpg.rf.4b951ef41d104240a3e4b29c323f5f9b.txt,cabbage
train,raw/emam_v14/train/images/Image_89_jpg.rf.55d1d074f696152d0f7223a35c35bee5.jpg,raw/emam_v14/train/labels/Image_89_jpg.rf.55d1d074f696152d0f7223a35c35bee5.txt,eggplant
train,raw/emam_v14/train/images/Image_89_jpg.rf.6d4b583a859f62ebd9eb39af71f91510.jpg,raw/emam_v14/train/labels/Image_89_jpg.rf.6d4b583a859f62ebd9eb39af71f91510.txt,peas
train,raw/emam_v14/train/images/Image_89_jpg.rf.881ddf8377bcfdfad4ec2b7d5cb948da.jpg,raw/emam_v14/train/labels/Image_89_jpg.rf.881ddf8377bcfdfad4ec2b7d5cb948da.txt,tomato
train,raw/emam_v14/train/images/Image_89_jpg.rf.a2548006074889209c06177d72a27596.jpg,raw/emam_v14/train/labels/Image_89_jpg.rf.a2548006074889209c06177d72a27596.txt,cabbage
train,raw/emam_v14/train/images/Image_89_jpg.rf.a936f40bf98a4d3033937f6568e2a2d2.jpg,raw/emam_v14/train/labels/Image_89_jpg.rf.a936f40bf98a4d3033937f6568e2a2d2.txt,bellpepper
train,raw/emam_v14/train/images/Image_89_jpg.rf.ae334107138cab8f9585500e9d8ef327.jpg,raw/emam_v14/train/labels/Image_89_jpg.rf.ae334107138cab8f9585500e9d8ef327.txt,bellpepper
train,raw/emam_v14/train/images/Image_89_jpg.rf.b8302c367c1a1ca45670f2a1c552ae63.jpg,raw/emam_v14/train/labels/Image_89_jpg.rf.b8302c367c1a1ca45670f2a1c552ae63.txt,spinach
train,raw/emam_v14/train/images/Image_89_jpg.rf.bd8f988bc41973cc67e94610e73128b3.jpg,raw/emam_v14/train/labels/Image_89_jpg.rf.bd8f988bc41973cc67e94610e73128b3.txt,bellpepper
train,raw/emam_v14/train/images/Image_89_jpg.rf.e091f19eca558544c4372d82cf1a7550.jpg,raw/emam_v14/train/labels/Image_89_jpg.rf.e091f19eca558544c4372d82cf1a7550.txt,bellpepper
train,raw/emam_v14/train/images/Image_89_jpg.rf.e8d4544f4a080e715e4f1f5bfc6ffae1.jpg,raw/emam_v14/train/labels/Image_89_jpg.rf.e8d4544f4a080e715e4f1f5bfc6ffae1.txt,tomato
train,raw/emam_v14/train/images/Image_89_jpg.rf.f243d88f89b7fe8ee4349aabd1199472.jpg,raw/emam_v14/train/labels/Image_89_jpg.rf.f243d88f89b7fe8ee4349aabd1199472.txt,peas
train,raw/emam_v14/train/images/Image_89_jpg.rf.fe7b115549a602fc6b75d6ebfd0df6f6.jpg,raw/emam_v14/train/labels/Image_89_jpg.rf.fe7b115549a602fc6b75d6ebfd0df6f6.txt,peas
train,raw/emam_v14/train/images/Image_8_jpeg_jpg.rf.2331fcd48e1ae0b8af7b167fa4f3dae5.jpg,raw/emam_v14/train/labels/Image_8_jpeg_jpg.rf.2331fcd48e1ae0b8af7b167fa4f3dae5.txt,radish
train,raw/emam_v14/train/images/Image_8_jpeg_jpg.rf.5d350961a31cdd156ead468d0fe9b65f.jpg,raw/emam_v14/train/labels/Image_8_jpeg_jpg.rf.5d350961a31cdd156ead468d0fe9b65f.txt,radish
train,raw/emam_v14/train/images/Image_8_jpeg_jpg.rf.7a4e85327519ea4b4fc5f4d8a3afcaef.jpg,raw/emam_v14/train/labels/Image_8_jpeg_jpg.rf.7a4e85327519ea4b4fc5f4d8a3afcaef.txt,radish
train,raw/emam_v14/train/images/Image_8_jpg.rf.01e0967d3f38c476cfa985ba691705b9.jpg,raw/emam_v14/train/labels/Image_8_jpg.rf.01e0967d3f38c476cfa985ba691705b9.txt,ginger
train,raw/emam_v14/train/images/Image_8_jpg.rf.03ecb2117549b984c38c56cd2d956a0d.jpg,raw/emam_v14/train/labels/Image_8_jpg.rf.03ecb2117549b984c38c56cd2d956a0d.txt,radish
train,raw/emam_v14/train/images/Image_8_jpg.rf.0904bb63176042256769889246b30f1c.jpg,raw/emam_v14/train/labels/Image_8_jpg.rf.0904bb63176042256769889246b30f1c.txt,sweetcorn
train,raw/emam_v14/train/images/Image_8_jpg.rf.1259a6bcb6b9a13ef6fd789bd56e40c9.jpg,raw/emam_v14/train/labels/Image_8_jpg.rf.1259a6bcb6b9a13ef6fd789bd56e40c9.txt,cucumber
train,raw/emam_v14/train/images/Image_8_jpg.rf.1283ffc385159f807ff4c621a74b2c92.jpg,raw/emam_v14/train/labels/Image_8_jpg.rf.1283ffc385159f807ff4c621a74b2c92.txt,cauliflower
train,raw/emam_v14/train/images/Image_8_jpg.rf.12f87a689afb628dcf9a5d5601092e98.jpg,raw/emam_v14/train/labels/Image_8_jpg.rf.12f87a689afb628dcf9a5d5601092e98.txt,peas
train,raw/emam_v14/train/images/Image_8_jpg.rf.1bd9f26f4a5c973424b0281e52d1df5a.jpg,raw/emam_v14/train/labels/Image_8_jpg.rf.1bd9f26f4a5c973424b0281e52d1df5a.txt,bellpepper
train,raw/emam_v14/train/images/Image_8_jpg.rf.2262423580e1efc63dc9570a61a73d86.jpg,raw/emam_v14/train/labels/Image_8_jpg.rf.2262423580e1efc63dc9570a61a73d86.txt,chillipepper
train,raw/emam_v14/train/images/Image_8_jpg.rf.25bc61649db94ce205129682df589412.jpg,raw/emam_v14/train/labels/Image_8_jpg.rf.25bc61649db94ce205129682df589412.txt,jalapeno
train,raw/emam_v14/train/images/Image_8_jpg.rf.26335a31e6d14b626f0a3f42451f60df.jpg,raw/emam_v14/train/labels/Image_8_jpg.rf.26335a31e6d14b626f0a3f42451f60df.txt,cucumber
train,raw/emam_v14/train/images/Image_8_jpg.rf.2787837aaf8153ac15f92c8bfb6d2236.jpg,raw/emam_v14/train/labels/Image_8_jpg.rf.2787837aaf8153ac15f92c8bfb6d2236.txt,lettuce
train,raw/emam_v14/train/images/Image_8_jpg.rf.2da3fae517dc70f90f1065b745107773.jpg,raw/emam_v14/train/labels/Image_8_jpg.rf.2da3fae517dc70f90f1065b745107773.txt,carrot
train,raw/emam_v14/train/images/Image_8_jpg.rf.3587f171a82ddad59e360d8d4a116b11.jpg,raw/emam_v14/train/labels/Image_8_jpg.rf.3587f171a82ddad59e360d8d4a116b11.txt,bellpepper
train,raw/emam_v14/train/images/Image_8_jpg.rf.3647c59c477867c721a5503ca631fbd6.jpg,raw/emam_v14/train/labels/Image_8_jpg.rf.3647c59c477867c721a5503ca631fbd6.txt,onion
train,raw/emam_v14/train/images/Image_8_jpg.rf.395e297d7537e7ba859d9253f848384c.jpg,raw/emam_v14/train/labels/Image_8_jpg.rf.395e297d7537e7ba859d9253f848384c.txt,cauliflower
train,raw/emam_v14/train/images/Image_8_jpg.rf.3ba9262832578ce2489235c4f4478b81.jpg,raw/emam_v14/train/labels/Image_8_jpg.rf.3ba9262832578ce2489235c4f4478b81.txt,radish
train,raw/emam_v14/train/images/Image_8_jpg.rf.3ce15e29c47ca8e93438750478ab557c.jpg,raw/emam_v14/train/labels/Image_8_jpg.rf.3ce15e29c47ca8e93438750478ab557c.txt,lemon
train,raw/emam_v14/train/images/Image_8_jpg.rf.3f9b241d6ebe5f0d15ae1c892f76434e.jpg,raw/emam_v14/train/labels/Image_8_jpg.rf.3f9b241d6ebe5f0d15ae1c892f76434e.txt,onion
train,raw/emam_v14/train/images/Image_8_jpg.rf.49d1a6391bbadd101bfa2cba217edf72.jpg,raw/emam_v14/train/labels/Image_8_jpg.rf.49d1a6391bbadd101bfa2cba217edf72.txt,jalapeno
train,raw/emam_v14/train/images/Image_8_jpg.rf.4c7fa4549d8f2d31c0f33459bc73a660.jpg,raw/emam_v14/train/labels/Image_8_jpg.rf.4c7fa4549d8f2d31c0f33459bc73a660.txt,peas
train,raw/emam_v14/train/images/Image_8_jpg.rf.546730c409fb3aa3311d5e5064dbf323.jpg,raw/emam_v14/train/labels/Image_8_jpg.rf.546730c409fb3aa3311d5e5064dbf323.txt,jalapeno
train,raw/emam_v14/train/images/Image_8_jpg.rf.56594ac2c7dad89458363aec32a21633.jpg,raw/emam_v14/train/labels/Image_8_jpg.rf.56594ac2c7dad89458363aec32a21633.txt,cauliflower
train,raw/emam_v14/train/images/Image_8_jpg.rf.5775bb17b4ad7883546f0a2a9a682390.jpg,raw/emam_v14/train/labels/Image_8_jpg.rf.5775bb17b4ad7883546f0a2a9a682390.txt,bellpepper
train,raw/emam_v14/train/images/Image_8_jpg.rf.58874429b759208a6f594421fc860e18.jpg,raw/emam_v14/train/labels/Image_8_jpg.rf.58874429b759208a6f594421fc860e18.txt,bellpepper
train,raw/emam_v14/train/images/Image_8_jpg.rf.5cb40039e6d09515da44dc26ebe3186a.jpg,raw/emam_v14/train/labels/Image_8_jpg.rf.5cb40039e6d09515da44dc26ebe3186a.txt,bellpepper
train,raw/emam_v14/train/images/Image_8_jpg.rf.5d6ec0b8e99d52d62cf026a142a991fb.jpg,raw/emam_v14/train/labels/Image_8_jpg.rf.5d6ec0b8e99d52d62cf026a142a991fb.txt,chillipepper
train,raw/emam_v14/train/images/Image_8_jpg.rf.61b6f2b0ee5930d9ea417f7169128452.jpg,raw/emam_v14/train/labels/Image_8_jpg.rf.61b6f2b0ee5930d9ea417f7169128452.txt,beetroot
train,raw/emam_v14/train/images/Image_8_jpg.rf.6a9dcf5e0317fc7d4c8814b1602c060e.jpg,raw/emam_v14/train/labels/Image_8_jpg.rf.6a9dcf5e0317fc7d4c8814b1602c060e.txt,cabbage
train,raw/emam_v14/train/images/Image_8_jpg.rf.70ab29dae832a21b48baf2b3108943df.jpg,raw/emam_v14/train/labels/Image_8_jpg.rf.70ab29dae832a21b48baf2b3108943df.txt,ginger
train,raw/emam_v14/train/images/Image_8_jpg.rf.71dcaa18b764bee027c4b4c6951b7f97.jpg,raw/emam_v14/train/labels/Image_8_jpg.rf.71dcaa18b764bee027c4b4c6951b7f97.txt,turnip
train,raw/emam_v14/train/images/Image_8_jpg.rf.870eb93266da7394eb0e034e007ebbee.jpg,raw/emam_v14/train/labels/Image_8_jpg.rf.870eb93266da7394eb0e034e007ebbee.txt,cucumber
train,raw/emam_v14/train/images/Image_8_jpg.rf.88495296717aa4837161d2b437315af3.jpg,raw/emam_v14/train/labels/Image_8_jpg.rf.88495296717aa4837161d2b437315af3.txt,turnip
train,raw/emam_v14/train/images/Image_8_jpg.rf.89e33c019f73fdb15007a41d147cfbc8.jpg,raw/emam_v14/train/labels/Image_8_jpg.rf.89e33c019f73fdb15007a41d147cfbc8.txt,turnip
train,raw/emam_v14/train/images/Image_8_jpg.rf.91f60c3adaca3419b28c3d68efc1499f.jpg,raw/emam_v14/train/labels/Image_8_jpg.rf.91f60c3adaca3419b28c3d68efc1499f.txt,chillipepper
train,raw/emam_v14/train/images/Image_8_jpg.rf.9209dfb1fb981b9d658caf6d0c473d51.jpg,raw/emam_v14/train/labels/Image_8_jpg.rf.9209dfb1fb981b9d658caf6d0c473d51.txt,onion
train,raw/emam_v14/train/images/Image_8_jpg.rf.95de88d0a2e1656cf5b4a1cd941fd1a2.jpg,raw/emam_v14/train/labels/Image_8_jpg.rf.95de88d0a2e1656cf5b4a1cd941fd1a2.txt,garlic
train,raw/emam_v14/train/images/Image_8_jpg.rf.988bed1962fcee177cccc5cf6eb1a53e.jpg,raw/emam_v14/train/labels/Image_8_jpg.rf.988bed1962fcee177cccc5cf6eb1a53e.txt,lemon
train,raw/emam_v14/train/images/Image_8_jpg.rf.9beee995a650debc04b72ba0a192b33f.jpg,raw/emam_v14/train/labels/Image_8_jpg.rf.9beee995a650debc04b72ba0a192b33f.txt,tomato
train,raw/emam_v14/train/images/Image_8_jpg.rf.9f07af6041c85f36e7b99ecb79dcf58a.jpg,raw/emam_v14/train/labels/Image_8_jpg.rf.9f07af6041c85f36e7b99ecb79dcf58a.txt,ginger
train,raw/emam_v14/train/images/Image_8_jpg.rf.a0ab4f7f747bb0a27e0eec270aadbb4c.jpg,raw/emam_v14/train/labels/Image_8_jpg.rf.a0ab4f7f747bb0a27e0eec270aadbb4c.txt,cabbage
train,raw/emam_v14/train/images/Image_8_jpg.rf.a2d2084c482a51e902c4ad88d499c53e.jpg,raw/emam_v14/train/labels/Image_8_jpg.rf.a2d2084c482a51e902c4ad88d499c53e.txt,tomato
train,raw/emam_v14/train/images/Image_8_jpg.rf.a84c4a881fa7da528bab2c412432945b.jpg,raw/emam_v14/train/labels/Image_8_jpg.rf.a84c4a881fa7da528bab2c412432945b.txt,chillipepper
train,raw/emam_v14/train/images/Image_8_jpg.rf.b27d39717a5da552e2a02f347638ebb3.jpg,raw/emam_v14/train/labels/Image_8_jpg.rf.b27d39717a5da552e2a02f347638ebb3.txt,sweetcorn
train,raw/emam_v14/train/images/Image_8_jpg.rf.baedb79a93d5924cd6916cfda7fab536.jpg,raw/emam_v14/train/labels/Image_8_jpg.rf.baedb79a93d5924cd6916cfda7fab536.txt,lemon
train,raw/emam_v14/train/images/Image_8_jpg.rf.bc28a64ef96c4638d8a3744941acaaeb.jpg,raw/emam_v14/train/labels/Image_8_jpg.rf.bc28a64ef96c4638d8a3744941acaaeb.txt,radish
train,raw/emam_v14/train/images/Image_8_jpg.rf.bc3569b27d99600e84d41269861510e9.jpg,raw/emam_v14/train/labels/Image_8_jpg.rf.bc3569b27d99600e84d41269861510e9.txt,turnip
train,raw/emam_v14/train/images/Image_8_jpg.rf.bf75c8c5a96a80c17a9280b361f34fb7.jpg,raw/emam_v14/train/labels/Image_8_jpg.rf.bf75c8c5a96a80c17a9280b361f34fb7.txt,lettuce
train,raw/emam_v14/train/images/Image_8_jpg.rf.c0b367ead19561f308b68715bfde79e3.jpg,raw/emam_v14/train/labels/Image_8_jpg.rf.c0b367ead19561f308b68715bfde79e3.txt,tomato
train,raw/emam_v14/train/images/Image_8_jpg.rf.c1f0c0812d7d2acefc14807825911be1.jpg,raw/emam_v14/train/labels/Image_8_jpg.rf.c1f0c0812d7d2acefc14807825911be1.txt,chillipepper
train,raw/emam_v14/train/images/Image_8_jpg.rf.c8a4fb5f7f765f49a693eaed5e7efc24.jpg,raw/emam_v14/train/labels/Image_8_jpg.rf.c8a4fb5f7f765f49a693eaed5e7efc24.txt,beetroot
train,raw/emam_v14/train/images/Image_8_jpg.rf.cd264febe94f1dfa2865f8cf6fe48e56.jpg,raw/emam_v14/train/labels/Image_8_jpg.rf.cd264febe94f1dfa2865f8cf6fe48e56.txt,turnip
train,raw/emam_v14/train/images/Image_8_jpg.rf.d0c465271caedb373c54615a3ca809bf.jpg,raw/emam_v14/train/labels/Image_8_jpg.rf.d0c465271caedb373c54615a3ca809bf.txt,garlic
train,raw/emam_v14/train/images/Image_8_jpg.rf.d9a4b3b7a19d89e2524ed861ecb2bad4.jpg,raw/emam_v14/train/labels/Image_8_jpg.rf.d9a4b3b7a19d89e2524ed861ecb2bad4.txt,cabbage
train,raw/emam_v14/train/images/Image_8_jpg.rf.da7ed0ffc123c6539abee0b2c2eb9f9e.jpg,raw/emam_v14/train/labels/Image_8_jpg.rf.da7ed0ffc123c6539abee0b2c2eb9f9e.txt,sweetcorn
train,raw/emam_v14/train/images/Image_8_jpg.rf.e4adf74d2eaa5d5b36bfbe88cac73fe5.jpg,raw/emam_v14/train/labels/Image_8_jpg.rf.e4adf74d2eaa5d5b36bfbe88cac73fe5.txt,garlic
train,raw/emam_v14/train/images/Image_8_jpg.rf.e523f60c89529b7652fe81a01da6f41a.jpg,raw/emam_v14/train/labels/Image_8_jpg.rf.e523f60c89529b7652fe81a01da6f41a.txt,turnip
train,raw/emam_v14/train/images/Image_8_jpg.rf.ec01a678c7ebc7ee2740b75df3336e47.jpg,raw/emam_v14/train/labels/Image_8_jpg.rf.ec01a678c7ebc7ee2740b75df3336e47.txt,bellpepper
train,raw/emam_v14/train/images/Image_8_jpg.rf.eefac29784016193f4a6b17009130a7a.jpg,raw/emam_v14/train/labels/Image_8_jpg.rf.eefac29784016193f4a6b17009130a7a.txt,lettuce
train,raw/emam_v14/train/images/Image_8_jpg.rf.f2a80fe15c1f66140f8f532294d8b611.jpg,raw/emam_v14/train/labels/Image_8_jpg.rf.f2a80fe15c1f66140f8f532294d8b611.txt,peas
train,raw/emam_v14/train/images/Image_8_jpg.rf.f5b4e63919bfd1ecee2fd5e1ff5edc0d.jpg,raw/emam_v14/train/labels/Image_8_jpg.rf.f5b4e63919bfd1ecee2fd5e1ff5edc0d.txt,carrot
train,raw/emam_v14/train/images/Image_8_jpg.rf.f77dcb756f261edd064024d130fd8cc9.jpg,raw/emam_v14/train/labels/Image_8_jpg.rf.f77dcb756f261edd064024d130fd8cc9.txt,beetroot
train,raw/emam_v14/train/images/Image_8_jpg.rf.f8586a9bf3382cb3f50fb6b2dbd85d74.jpg,raw/emam_v14/train/labels/Image_8_jpg.rf.f8586a9bf3382cb3f50fb6b2dbd85d74.txt,chillipepper
train,raw/emam_v14/train/images/Image_8_jpg.rf.ff8de84ce15dc83228276877b925faf9.jpg,raw/emam_v14/train/labels/Image_8_jpg.rf.ff8de84ce15dc83228276877b925faf9.txt,carrot
train,raw/emam_v14/train/images/Image_90_jpg.rf.009f6ac3aa084eab828127d584d19fe2.jpg,raw/emam_v14/train/labels/Image_90_jpg.rf.009f6ac3aa084eab828127d584d19fe2.txt,bellpepper
train,raw/emam_v14/train/images/Image_90_jpg.rf.17d25ed562f6d1489e4081a7e0f931bc.jpg,raw/emam_v14/train/labels/Image_90_jpg.rf.17d25ed562f6d1489e4081a7e0f931bc.txt,cucumber
train,raw/emam_v14/train/images/Image_90_jpg.rf.36918a11b02657ebaacd4a32930f7a47.jpg,raw/emam_v14/train/labels/Image_90_jpg.rf.36918a11b02657ebaacd4a32930f7a47.txt,bellpepper
train,raw/emam_v14/train/images/Image_90_jpg.rf.37d444b80359a345a6e221a5d33bf4d6.jpg,raw/emam_v14/train/labels/Image_90_jpg.rf.37d444b80359a345a6e221a5d33bf4d6.txt,sweetcorn
train,raw/emam_v14/train/images/Image_90_jpg.rf.3c7d359c767f95a0065593da12ae68f0.jpg,raw/emam_v14/train/labels/Image_90_jpg.rf.3c7d359c767f95a0065593da12ae68f0.txt,peas
train,raw/emam_v14/train/images/Image_90_jpg.rf.478abbe04ced4880e6df25456955268b.jpg,raw/emam_v14/train/labels/Image_90_jpg.rf.478abbe04ced4880e6df25456955268b.txt,chillipepper
train,raw/emam_v14/train/images/Image_90_jpg.rf.4ba046a4d1ecefde7c2c43300d38c9f1.jpg,raw/emam_v14/train/labels/Image_90_jpg.rf.4ba046a4d1ecefde7c2c43300d38c9f1.txt,chillipepper
train,raw/emam_v14/train/images/Image_90_jpg.rf.569e646ec647789eb387d726ed78db67.jpg,raw/emam_v14/train/labels/Image_90_jpg.rf.569e646ec647789eb387d726ed78db67.txt,carrot
train,raw/emam_v14/train/images/Image_90_jpg.rf.5a8fdfe7f901c188b03b775642eafe47.jpg,raw/emam_v14/train/labels/Image_90_jpg.rf.5a8fdfe7f901c188b03b775642eafe47.txt,peas
train,raw/emam_v14/train/images/Image_90_jpg.rf.625321c26e476265ad65e7a1d125e85b.jpg,raw/emam_v14/train/labels/Image_90_jpg.rf.625321c26e476265ad65e7a1d125e85b.txt,sweetcorn
train,raw/emam_v14/train/images/Image_90_jpg.rf.6564a9994d05f79e222f71048f19fea5.jpg,raw/emam_v14/train/labels/Image_90_jpg.rf.6564a9994d05f79e222f71048f19fea5.txt,sweetpotato
train,raw/emam_v14/train/images/Image_90_jpg.rf.6e52ecc9b6c25f298e2188b4377a15e0.jpg,raw/emam_v14/train/labels/Image_90_jpg.rf.6e52ecc9b6c25f298e2188b4377a15e0.txt,cucumber
train,raw/emam_v14/train/images/Image_90_jpg.rf.753da4ca83a82401b0b225fc7bf42d4f.jpg,raw/emam_v14/train/labels/Image_90_jpg.rf.753da4ca83a82401b0b225fc7bf42d4f.txt,sweetpotato
train,raw/emam_v14/train/images/Image_90_jpg.rf.76449314a12d84a3f70fdf4a4d625be2.jpg,raw/emam_v14/train/labels/Image_90_jpg.rf.76449314a12d84a3f70fdf4a4d625be2.txt,carrot
train,raw/emam_v14/train/images/Image_90_jpg.rf.7c5d3043a33ede7e21836ecf7b959ef0.jpg,raw/emam_v14/train/labels/Image_90_jpg.rf.7c5d3043a33ede7e21836ecf7b959ef0.txt,bellpepper
train,raw/emam_v14/train/images/Image_90_jpg.rf.8127566a13c1b2de26929902685d2541.jpg,raw/emam_v14/train/labels/Image_90_jpg.rf.8127566a13c1b2de26929902685d2541.txt,bellpepper
train,raw/emam_v14/train/images/Image_90_jpg.rf.8514844944e15f39468e7ad372e71462.jpg,raw/emam_v14/train/labels/Image_90_jpg.rf.8514844944e15f39468e7ad372e71462.txt,radish
train,raw/emam_v14/train/images/Image_90_jpg.rf.85fd353f1d722a2cb2b4efec4ad0eee9.jpg,raw/emam_v14/train/labels/Image_90_jpg.rf.85fd353f1d722a2cb2b4efec4ad0eee9.txt,bellpepper
train,raw/emam_v14/train/images/Image_90_jpg.rf.94e0925d887570072ebe5321fd182d39.jpg,raw/emam_v14/train/labels/Image_90_jpg.rf.94e0925d887570072ebe5321fd182d39.txt,bellpepper
train,raw/emam_v14/train/images/Image_90_jpg.rf.965fe5657a1edc9ae1bb3e0a603363b6.jpg,raw/emam_v14/train/labels/Image_90_jpg.rf.965fe5657a1edc9ae1bb3e0a603363b6.txt,radish
train,raw/emam_v14/train/images/Image_90_jpg.rf.99ab9b126070d3ac4cce1c6bd97c0869.jpg,raw/emam_v14/train/labels/Image_90_jpg.rf.99ab9b126070d3ac4cce1c6bd97c0869.txt,peas
train,raw/emam_v14/train/images/Image_90_jpg.rf.9feeac1bc3f1a081c0b324ecaf39fd9c.jpg,raw/emam_v14/train/labels/Image_90_jpg.rf.9feeac1bc3f1a081c0b324ecaf39fd9c.txt,carrot
train,raw/emam_v14/train/images/Image_90_jpg.rf.a1127d80e18b4d74bb0ed9a3c3c04e57.jpg,raw/emam_v14/train/labels/Image_90_jpg.rf.a1127d80e18b4d74bb0ed9a3c3c04e57.txt,sweetcorn
train,raw/emam_v14/train/images/Image_90_jpg.rf.a41a7eb305deccefb537e74d1c69b1e2.jpg,raw/emam_v14/train/labels/Image_90_jpg.rf.a41a7eb305deccefb537e74d1c69b1e2.txt,cucumber
train,raw/emam_v14/train/images/Image_90_jpg.rf.a613e3cc3e47f5ccc12b813d72bf7290.jpg,raw/emam_v14/train/labels/Image_90_jpg.rf.a613e3cc3e47f5ccc12b813d72bf7290.txt,radish
train,raw/emam_v14/train/images/Image_90_jpg.rf.bc8b824c02e54de95bb41e072142fd6b.jpg,raw/emam_v14/train/labels/Image_90_jpg.rf.bc8b824c02e54de95bb41e072142fd6b.txt,bellpepper
train,raw/emam_v14/train/images/Image_90_jpg.rf.cbe4c921bdaed54173743920ba866faa.jpg,raw/emam_v14/train/labels/Image_90_jpg.rf.cbe4c921bdaed54173743920ba866faa.txt,bellpepper
train,raw/emam_v14/train/images/Image_90_jpg.rf.d74d0ad57f86b9a0adde7b4193996a91.jpg,raw/emam_v14/train/labels/Image_90_jpg.rf.d74d0ad57f86b9a0adde7b4193996a91.txt,chillipepper
train,raw/emam_v14/train/images/Image_90_jpg.rf.e73d8a44793e360d07fdfd2f1c4d9571.jpg,raw/emam_v14/train/labels/Image_90_jpg.rf.e73d8a44793e360d07fdfd2f1c4d9571.txt,sweetpotato
train,raw/emam_v14/train/images/Image_90_jpg.rf.fad3d7ddc5958446c8673cad9e281ab8.jpg,raw/emam_v14/train/labels/Image_90_jpg.rf.fad3d7ddc5958446c8673cad9e281ab8.txt,bellpepper
train,raw/emam_v14/train/images/Image_91_JPG_jpg.rf.99cf832eff2cc942b37d94f04d635b77.jpg,raw/emam_v14/train/labels/Image_91_JPG_jpg.rf.99cf832eff2cc942b37d94f04d635b77.txt,spinach
train,raw/emam_v14/train/images/Image_91_JPG_jpg.rf.b7a91e6c84e8962ab9758d4a96d0e7ca.jpg,raw/emam_v14/train/labels/Image_91_JPG_jpg.rf.b7a91e6c84e8962ab9758d4a96d0e7ca.txt,spinach
train,raw/emam_v14/train/images/Image_91_JPG_jpg.rf.fda59d2632a2751e26c3e3d56b0b388f.jpg,raw/emam_v14/train/labels/Image_91_JPG_jpg.rf.fda59d2632a2751e26c3e3d56b0b388f.txt,spinach
train,raw/emam_v14/train/images/Image_91_jpeg_jpg.rf.922e84b7fa68c678c0755450a3b092f0.jpg,raw/emam_v14/train/labels/Image_91_jpeg_jpg.rf.922e84b7fa68c678c0755450a3b092f0.txt,cucumber
train,raw/emam_v14/train/images/Image_91_jpeg_jpg.rf.997d7697060aec8f4df8ea4fbbfcf571.jpg,raw/emam_v14/train/labels/Image_91_jpeg_jpg.rf.997d7697060aec8f4df8ea4fbbfcf571.txt,cucumber
train,raw/emam_v14/train/images/Image_91_jpeg_jpg.rf.ab262e32a96dd8f4933eda3e223bba26.jpg,raw/emam_v14/train/labels/Image_91_jpeg_jpg.rf.ab262e32a96dd8f4933eda3e223bba26.txt,cucumber
train,raw/emam_v14/train/images/Image_91_jpg.rf.03701f226f51accf53b2c5ce4895dc34.jpg,raw/emam_v14/train/labels/Image_91_jpg.rf.03701f226f51accf53b2c5ce4895dc34.txt,chillipepper
train,raw/emam_v14/train/images/Image_91_jpg.rf.0448a44684f6d297502a00ec0a248d37.jpg,raw/emam_v14/train/labels/Image_91_jpg.rf.0448a44684f6d297502a00ec0a248d37.txt,turnip
train,raw/emam_v14/train/images/Image_91_jpg.rf.0643fd28eb59983b017925c6347b3202.jpg,raw/emam_v14/train/labels/Image_91_jpg.rf.0643fd28eb59983b017925c6347b3202.txt,potato
train,raw/emam_v14/train/images/Image_91_jpg.rf.0ed6763eb4a10bc272ac85489e9201d8.jpg,raw/emam_v14/train/labels/Image_91_jpg.rf.0ed6763eb4a10bc272ac85489e9201d8.txt,lettuce
train,raw/emam_v14/train/images/Image_91_jpg.rf.13426849675dd960d06ffd493bc1a4b1.jpg,raw/emam_v14/train/labels/Image_91_jpg.rf.13426849675dd960d06ffd493bc1a4b1.txt,lettuce
train,raw/emam_v14/train/images/Image_91_jpg.rf.41775353386c0478c5ee4394081c6dc8.jpg,raw/emam_v14/train/labels/Image_91_jpg.rf.41775353386c0478c5ee4394081c6dc8.txt,potato
train,raw/emam_v14/train/images/Image_91_jpg.rf.44e6d3e246566584f6bde88612ee8069.jpg,raw/emam_v14/train/labels/Image_91_jpg.rf.44e6d3e246566584f6bde88612ee8069.txt,peas
train,raw/emam_v14/train/images/Image_91_jpg.rf.4c1fdf440f930ea1782bee3227ac084b.jpg,raw/emam_v14/train/labels/Image_91_jpg.rf.4c1fdf440f930ea1782bee3227ac084b.txt,peas
train,raw/emam_v14/train/images/Image_91_jpg.rf.51e4ef1361d1adc8c8e070afa8147130.jpg,raw/emam_v14/train/labels/Image_91_jpg.rf.51e4ef1361d1adc8c8e070afa8147130.txt,peas
train,raw/emam_v14/train/images/Image_91_jpg.rf.54224056a3abaea095e56a97dbc7ca08.jpg,raw/emam_v14/train/labels/Image_91_jpg.rf.54224056a3abaea095e56a97dbc7ca08.txt,radish
train,raw/emam_v14/train/images/Image_91_jpg.rf.56d0aa70df77c72293f368985fe7add8.jpg,raw/emam_v14/train/labels/Image_91_jpg.rf.56d0aa70df77c72293f368985fe7add8.txt,radish
train,raw/emam_v14/train/images/Image_91_jpg.rf.580359fb5102c05e7760bfa5df73b166.jpg,raw/emam_v14/train/labels/Image_91_jpg.rf.580359fb5102c05e7760bfa5df73b166.txt,turnip
train,raw/emam_v14/train/images/Image_91_jpg.rf.5a9dc64fe547464554c2f3eb72b880a5.jpg,raw/emam_v14/train/labels/Image_91_jpg.rf.5a9dc64fe547464554c2f3eb72b880a5.txt,tomato
train,raw/emam_v14/train/images/Image_91_jpg.rf.64764b93f8077615bd0a093ea726be09.jpg,raw/emam_v14/train/labels/Image_91_jpg.rf.64764b93f8077615bd0a093ea726be09.txt,carrot
train,raw/emam_v14/train/images/Image_91_jpg.rf.713d4528505ce068f8d13b7e984e86b0.jpg,raw/emam_v14/train/labels/Image_91_jpg.rf.713d4528505ce068f8d13b7e984e86b0.txt,carrot
train,raw/emam_v14/train/images/Image_91_jpg.rf.723893e0f6f664ef84edc982b6beca51.jpg,raw/emam_v14/train/labels/Image_91_jpg.rf.723893e0f6f664ef84edc982b6beca51.txt,tomato
train,raw/emam_v14/train/images/Image_91_jpg.rf.790d34b902062b7f33b98d60211022f8.jpg,raw/emam_v14/train/labels/Image_91_jpg.rf.790d34b902062b7f33b98d60211022f8.txt,radish
train,raw/emam_v14/train/images/Image_91_jpg.rf.8a8fee2bbe9c524ed1e9d0c1bf14fc69.jpg,raw/emam_v14/train/labels/Image_91_jpg.rf.8a8fee2bbe9c524ed1e9d0c1bf14fc69.txt,carrot
train,raw/emam_v14/train/images/Image_91_jpg.rf.9e46615e58a8723df2b5146dee533a0b.jpg,raw/emam_v14/train/labels/Image_91_jpg.rf.9e46615e58a8723df2b5146dee533a0b.txt,garlic
train,raw/emam_v14/train/images/Image_91_jpg.rf.a86bbb929121ef0f8a92d4072c673ef4.jpg,raw/emam_v14/train/labels/Image_91_jpg.rf.a86bbb929121ef0f8a92d4072c673ef4.txt,potato
train,raw/emam_v14/train/images/Image_91_jpg.rf.abd323490e9ec64ebedc8a954c7ed837.jpg,raw/emam_v14/train/labels/Image_91_jpg.rf.abd323490e9ec64ebedc8a954c7ed837.txt,garlic
train,raw/emam_v14/train/images/Image_91_jpg.rf.aea3a99abec9fc1c6a255f8a45a41a39.jpg,raw/emam_v14/train/labels/Image_91_jpg.rf.aea3a99abec9fc1c6a255f8a45a41a39.txt,garlic
train,raw/emam_v14/train/images/Image_91_jpg.rf.ba09aeca3b9e0227fe8fad43f7577640.jpg,raw/emam_v14/train/labels/Image_91_jpg.rf.ba09aeca3b9e0227fe8fad43f7577640.txt,turnip
train,raw/emam_v14/train/images/Image_91_jpg.rf.bb764cc851db63cb01680e82d23c610e.jpg,raw/emam_v14/train/labels/Image_91_jpg.rf.bb764cc851db63cb01680e82d23c610e.txt,lettuce
train,raw/emam_v14/train/images/Image_91_jpg.rf.c12eeaecca6ff3d0a720619e3e1919ad.jpg,raw/emam_v14/train/labels/Image_91_jpg.rf.c12eeaecca6ff3d0a720619e3e1919ad.txt,tomato
train,raw/emam_v14/train/images/Image_91_jpg.rf.fa51ecaf1fce21cf1275f192c377dc78.jpg,raw/emam_v14/train/labels/Image_91_jpg.rf.fa51ecaf1fce21cf1275f192c377dc78.txt,chillipepper
train,raw/emam_v14/train/images/Image_91_jpg.rf.fe67523dfd58e8e27faf121b766ce2d4.jpg,raw/emam_v14/train/labels/Image_91_jpg.rf.fe67523dfd58e8e27faf121b766ce2d4.txt,chillipepper
train,raw/emam_v14/train/images/Image_92_jpg.rf.03a929b33655c258205136327edc604f.jpg,raw/emam_v14/train/labels/Image_92_jpg.rf.03a929b33655c258205136327edc604f.txt,ginger
train,raw/emam_v14/train/images/Image_92_jpg.rf.086e75aad60e7acdff9bb0845b8f6afc.jpg,raw/emam_v14/train/labels/Image_92_jpg.rf.086e75aad60e7acdff9bb0845b8f6afc.txt,turnip
train,raw/emam_v14/train/images/Image_92_jpg.rf.0a2c955b28946775f04420138abc7d35.jpg,raw/emam_v14/train/labels/Image_92_jpg.rf.0a2c955b28946775f04420138abc7d35.txt,chillipepper
train,raw/emam_v14/train/images/Image_92_jpg.rf.1a4a48cf3e917d3ec2ee292f60389d95.jpg,raw/emam_v14/train/labels/Image_92_jpg.rf.1a4a48cf3e917d3ec2ee292f60389d95.txt,spinach
train,raw/emam_v14/train/images/Image_92_jpg.rf.1c5fbe67d346baf45c52306bd8dbdb0c.jpg,raw/emam_v14/train/labels/Image_92_jpg.rf.1c5fbe67d346baf45c52306bd8dbdb0c.txt,potato
train,raw/emam_v14/train/images/Image_92_jpg.rf.1d13338699589d9b0f38624c50f196e7.jpg,raw/emam_v14/train/labels/Image_92_jpg.rf.1d13338699589d9b0f38624c50f196e7.txt,eggplant
train,raw/emam_v14/train/images/Image_92_jpg.rf.243d628ec2eeb8a89cd7bdcfd96ed9ae.jpg,raw/emam_v14/train/labels/Image_92_jpg.rf.243d628ec2eeb8a89cd7bdcfd96ed9ae.txt,sweetpotato
train,raw/emam_v14/train/images/Image_92_jpg.rf.295c21c066270269ad26e6a09e78aad6.jpg,raw/emam_v14/train/labels/Image_92_jpg.rf.295c21c066270269ad26e6a09e78aad6.txt,sweetpotato
train,raw/emam_v14/train/images/Image_92_jpg.rf.3883b44fde3edceee60450f693e53964.jpg,raw/emam_v14/train/labels/Image_92_jpg.rf.3883b44fde3edceee60450f693e53964.txt,chillipepper
train,raw/emam_v14/train/images/Image_92_jpg.rf.53f87bf59015715279e99f7a42ff6277.jpg,raw/emam_v14/train/labels/Image_92_jpg.rf.53f87bf59015715279e99f7a42ff6277.txt,eggplant
train,raw/emam_v14/train/images/Image_92_jpg.rf.718cbc036eebc20fb17ddaa13d91cb5e.jpg,raw/emam_v14/train/labels/Image_92_jpg.rf.718cbc036eebc20fb17ddaa13d91cb5e.txt,spinach
train,raw/emam_v14/train/images/Image_92_jpg.rf.73fd9453e30b285de1ab0ae765cc7b4e.jpg,raw/emam_v14/train/labels/Image_92_jpg.rf.73fd9453e30b285de1ab0ae765cc7b4e.txt,potato
train,raw/emam_v14/train/images/Image_92_jpg.rf.7d45c6298689de3228110a16e3d87aa4.jpg,raw/emam_v14/train/labels/Image_92_jpg.rf.7d45c6298689de3228110a16e3d87aa4.txt,ginger
train,raw/emam_v14/train/images/Image_92_jpg.rf.95b5a5595a7e71063c2fd4659a1c3184.jpg,raw/emam_v14/train/labels/Image_92_jpg.rf.95b5a5595a7e71063c2fd4659a1c3184.txt,spinach
train,raw/emam_v14/train/images/Image_92_jpg.rf.99cf1100843198238e612865a67b282d.jpg,raw/emam_v14/train/labels/Image_92_jpg.rf.99cf1100843198238e612865a67b282d.txt,turnip
train,raw/emam_v14/train/images/Image_92_jpg.rf.a3de5e5b45b685b79a5650bf625edd42.jpg,raw/emam_v14/train/labels/Image_92_jpg.rf.a3de5e5b45b685b79a5650bf625edd42.txt,eggplant
train,raw/emam_v14/train/images/Image_92_jpg.rf.c7e81a57d127b7a4d9855b650b62861f.jpg,raw/emam_v14/train/labels/Image_92_jpg.rf.c7e81a57d127b7a4d9855b650b62861f.txt,ginger
train,raw/emam_v14/train/images/Image_92_jpg.rf.d0a2ad0963a120e928bf7b06965db0f1.jpg,raw/emam_v14/train/labels/Image_92_jpg.rf.d0a2ad0963a120e928bf7b06965db0f1.txt,chillipepper
train,raw/emam_v14/train/images/Image_92_jpg.rf.e03fd2a74d8f9223f75ce53146072c4c.jpg,raw/emam_v14/train/labels/Image_92_jpg.rf.e03fd2a74d8f9223f75ce53146072c4c.txt,sweetpotato
train,raw/emam_v14/train/images/Image_92_jpg.rf.f1d70b9ff76d0bb9996116531642b50f.jpg,raw/emam_v14/train/labels/Image_92_jpg.rf.f1d70b9ff76d0bb9996116531642b50f.txt,turnip
train,raw/emam_v14/train/images/Image_92_jpg.rf.fc2ffa82a8e4fb1704ed69248ea16922.jpg,raw/emam_v14/train/labels/Image_92_jpg.rf.fc2ffa82a8e4fb1704ed69248ea16922.txt,potato
train,raw/emam_v14/train/images/Image_92_png_jpg.rf.945a76880ab0ac790079247063ae611a.jpg,raw/emam_v14/train/labels/Image_92_png_jpg.rf.945a76880ab0ac790079247063ae611a.txt,lettuce
train,raw/emam_v14/train/images/Image_92_png_jpg.rf.ba5b8005062f995e6773cc9db5f0140b.jpg,raw/emam_v14/train/labels/Image_92_png_jpg.rf.ba5b8005062f995e6773cc9db5f0140b.txt,lettuce
train,raw/emam_v14/train/images/Image_92_png_jpg.rf.d22b2c87bc4ece29c8503a3a9b03bcd2.jpg,raw/emam_v14/train/labels/Image_92_png_jpg.rf.d22b2c87bc4ece29c8503a3a9b03bcd2.txt,lettuce
train,raw/emam_v14/train/images/Image_93_JPG_jpg.rf.13abd47245eaee44d16c7500bc1534bf.jpg,raw/emam_v14/train/labels/Image_93_JPG_jpg.rf.13abd47245eaee44d16c7500bc1534bf.txt,turnip
train,raw/emam_v14/train/images/Image_93_JPG_jpg.rf.bbcdc9c2a3aed17bb27a11c4869c85dc.jpg,raw/emam_v14/train/labels/Image_93_JPG_jpg.rf.bbcdc9c2a3aed17bb27a11c4869c85dc.txt,turnip
train,raw/emam_v14/train/images/Image_93_JPG_jpg.rf.faaafed8bf10fd396224100a588cd100.jpg,raw/emam_v14/train/labels/Image_93_JPG_jpg.rf.faaafed8bf10fd396224100a588cd100.txt,turnip
train,raw/emam_v14/train/images/Image_93_jpg.rf.02130ec3f6591ee99f2fe2080753d1b4.jpg,raw/emam_v14/train/labels/Image_93_jpg.rf.02130ec3f6591ee99f2fe2080753d1b4.txt,tomato
train,raw/emam_v14/train/images/Image_93_jpg.rf.03d99ad236df98386033b054047927e7.jpg,raw/emam_v14/train/labels/Image_93_jpg.rf.03d99ad236df98386033b054047927e7.txt,sweetpotato
train,raw/emam_v14/train/images/Image_93_jpg.rf.2b11b63b0342b19eaf58dd657ada66f1.jpg,raw/emam_v14/train/labels/Image_93_jpg.rf.2b11b63b0342b19eaf58dd657ada66f1.txt,spinach
train,raw/emam_v14/train/images/Image_93_jpg.rf.366bd165f393e3d95e96a9772b5065e8.jpg,raw/emam_v14/train/labels/Image_93_jpg.rf.366bd165f393e3d95e96a9772b5065e8.txt,lettuce
train,raw/emam_v14/train/images/Image_93_jpg.rf.36ac9d75b8f37ad92f328b60cff6ec95.jpg,raw/emam_v14/train/labels/Image_93_jpg.rf.36ac9d75b8f37ad92f328b60cff6ec95.txt,lemon
train,raw/emam_v14/train/images/Image_93_jpg.rf.3b4519aab7083a0662e1d67e9fdcd546.jpg,raw/emam_v14/train/labels/Image_93_jpg.rf.3b4519aab7083a0662e1d67e9fdcd546.txt,carrot
train,raw/emam_v14/train/images/Image_93_jpg.rf.40313f969bb27d311b0ec5d1d486c55b.jpg,raw/emam_v14/train/labels/Image_93_jpg.rf.40313f969bb27d311b0ec5d1d486c55b.txt,lemon
train,raw/emam_v14/train/images/Image_93_jpg.rf.41d202e0d871aa4b93701fd68023c74d.jpg,raw/emam_v14/train/labels/Image_93_jpg.rf.41d202e0d871aa4b93701fd68023c74d.txt,sweetpotato
train,raw/emam_v14/train/images/Image_93_jpg.rf.5e08f822262b1a0fda5b03af7f979179.jpg,raw/emam_v14/train/labels/Image_93_jpg.rf.5e08f822262b1a0fda5b03af7f979179.txt,lettuce
train,raw/emam_v14/train/images/Image_93_jpg.rf.820022a5a94b3fcde3160960c9566e7c.jpg,raw/emam_v14/train/labels/Image_93_jpg.rf.820022a5a94b3fcde3160960c9566e7c.txt,spinach
train,raw/emam_v14/train/images/Image_93_jpg.rf.8309ea9533d0ddd245958c4c065ba15e.jpg,raw/emam_v14/train/labels/Image_93_jpg.rf.8309ea9533d0ddd245958c4c065ba15e.txt,bellpepper
train,raw/emam_v14/train/images/Image_93_jpg.rf.92dc985a5f64592e700145881a843575.jpg,raw/emam_v14/train/labels/Image_93_jpg.rf.92dc985a5f64592e700145881a843575.txt,eggplant
train,raw/emam_v14/train/images/Image_93_jpg.rf.9378bec0c11b87007fc792b86d6a1886.jpg,raw/emam_v14/train/labels/Image_93_jpg.rf.9378bec0c11b87007fc792b86d6a1886.txt,carrot
train,raw/emam_v14/train/images/Image_93_jpg.rf.9c636c159ce5370eb5fdc0d8f8bdd2b5.jpg,raw/emam_v14/train/labels/Image_93_jpg.rf.9c636c159ce5370eb5fdc0d8f8bdd2b5.txt,carrot
train,raw/emam_v14/train/images/Image_93_jpg.rf.9db2993f4886596d0a521dc2881875e1.jpg,raw/emam_v14/train/labels/Image_93_jpg.rf.9db2993f4886596d0a521dc2881875e1.txt,corn
train,raw/emam_v14/train/images/Image_93_jpg.rf.a053f2963db06857a148fd6dbd177cce.jpg,raw/emam_v14/train/labels/Image_93_jpg.rf.a053f2963db06857a148fd6dbd177cce.txt,corn
train,raw/emam_v14/train/images/Image_93_jpg.rf.ad2248957490de161c28468a437084aa.jpg,raw/emam_v14/train/labels/Image_93_jpg.rf.ad2248957490de161c28468a437084aa.txt,lemon
train,raw/emam_v14/train/images/Image_93_jpg.rf.b6b31dd9ab3f9903a195ef3fb13220cd.jpg,raw/emam_v14/train/labels/Image_93_jpg.rf.b6b31dd9ab3f9903a195ef3fb13220cd.txt,eggplant
train,raw/emam_v14/train/images/Image_93_jpg.rf.bc1fb4fbf31766c27f5079922c87384e.jpg,raw/emam_v14/train/labels/Image_93_jpg.rf.bc1fb4fbf31766c27f5079922c87384e.txt,sweetpotato
train,raw/emam_v14/train/images/Image_93_jpg.rf.c5fc130a1b3de1457deca15dff3705d5.jpg,raw/emam_v14/train/labels/Image_93_jpg.rf.c5fc130a1b3de1457deca15dff3705d5.txt,bellpepper
train,raw/emam_v14/train/images/Image_93_jpg.rf.c751af79b6b407e5b71d8d62cf61d348.jpg,raw/emam_v14/train/labels/Image_93_jpg.rf.c751af79b6b407e5b71d8d62cf61d348.txt,lettuce
train,raw/emam_v14/train/images/Image_93_jpg.rf.d5ed277e3bc2d7d4b9c465d99395b24c.jpg,raw/emam_v14/train/labels/Image_93_jpg.rf.d5ed277e3bc2d7d4b9c465d99395b24c.txt,corn
train,raw/emam_v14/train/images/Image_93_jpg.rf.d607354ab5f8f376d84ba3feec2d75d0.jpg,raw/emam_v14/train/labels/Image_93_jpg.rf.d607354ab5f8f376d84ba3feec2d75d0.txt,spinach
train,raw/emam_v14/train/images/Image_93_jpg.rf.da676a5e480a363a06a492d1b250fe26.jpg,raw/emam_v14/train/labels/Image_93_jpg.rf.da676a5e480a363a06a492d1b250fe26.txt,tomato
train,raw/emam_v14/train/images/Image_93_jpg.rf.e0893c0bc503b88a8725cc7988cc1f93.jpg,raw/emam_v14/train/labels/Image_93_jpg.rf.e0893c0bc503b88a8725cc7988cc1f93.txt,bellpepper
train,raw/emam_v14/train/images/Image_93_jpg.rf.e21d1c9663955dd5565740fce3c7f8fb.jpg,raw/emam_v14/train/labels/Image_93_jpg.rf.e21d1c9663955dd5565740fce3c7f8fb.txt,tomato
train,raw/emam_v14/train/images/Image_93_jpg.rf.fcff73b3543c51015f5224840c888318.jpg,raw/emam_v14/train/labels/Image_93_jpg.rf.fcff73b3543c51015f5224840c888318.txt,eggplant
train,raw/emam_v14/train/images/Image_94_jpg.rf.2251dd8806667635c606a560d16edf63.jpg,raw/emam_v14/train/labels/Image_94_jpg.rf.2251dd8806667635c606a560d16edf63.txt,lettuce
train,raw/emam_v14/train/images/Image_94_jpg.rf.2721aa3399678e3d55a039b8bb8c86b6.jpg,raw/emam_v14/train/labels/Image_94_jpg.rf.2721aa3399678e3d55a039b8bb8c86b6.txt,sweetpotato
train,raw/emam_v14/train/images/Image_94_jpg.rf.30005cb9a66c5bf1a8060fa42765c524.jpg,raw/emam_v14/train/labels/Image_94_jpg.rf.30005cb9a66c5bf1a8060fa42765c524.txt,bellpepper
train,raw/emam_v14/train/images/Image_94_jpg.rf.4a057745b2a72a60a107ebd852598dfe.jpg,raw/emam_v14/train/labels/Image_94_jpg.rf.4a057745b2a72a60a107ebd852598dfe.txt,bellpepper
train,raw/emam_v14/train/images/Image_94_jpg.rf.4e3f7b3c12252c5e98b9a1dfbd2809df.jpg,raw/emam_v14/train/labels/Image_94_jpg.rf.4e3f7b3c12252c5e98b9a1dfbd2809df.txt,lettuce
train,raw/emam_v14/train/images/Image_94_jpg.rf.6e57cc3bd3c61123ba098e104a3a38b4.jpg,raw/emam_v14/train/labels/Image_94_jpg.rf.6e57cc3bd3c61123ba098e104a3a38b4.txt,sweetpotato
train,raw/emam_v14/train/images/Image_94_jpg.rf.a42ba085244997fb730167a4cf08ac04.jpg,raw/emam_v14/train/labels/Image_94_jpg.rf.a42ba085244997fb730167a4cf08ac04.txt,sweetpotato
train,raw/emam_v14/train/images/Image_94_jpg.rf.aafae8888f1a7e94fe724d7cc9bb4f9e.jpg,raw/emam_v14/train/labels/Image_94_jpg.rf.aafae8888f1a7e94fe724d7cc9bb4f9e.txt,lettuce
train,raw/emam_v14/train/images/Image_94_jpg.rf.ba4aeb9861da92db82c08b0094cf45bf.jpg,raw/emam_v14/train/labels/Image_94_jpg.rf.ba4aeb9861da92db82c08b0094cf45bf.txt,bellpepper
train,raw/emam_v14/train/images/Image_95_jpg.rf.640c384cf32a8fdd8ea436f1d8bb6c2f.jpg,raw/emam_v14/train/labels/Image_95_jpg.rf.640c384cf32a8fdd8ea436f1d8bb6c2f.txt,bellpepper
train,raw/emam_v14/train/images/Image_95_jpg.rf.80eb8cc7da44040b14dcfb14d3123dea.jpg,raw/emam_v14/train/labels/Image_95_jpg.rf.80eb8cc7da44040b14dcfb14d3123dea.txt,bellpepper
train,raw/emam_v14/train/images/Image_95_jpg.rf.8f36b1d489e66a82f6b92cf2ba5a21be.jpg,raw/emam_v14/train/labels/Image_95_jpg.rf.8f36b1d489e66a82f6b92cf2ba5a21be.txt,ginger
train,raw/emam_v14/train/images/Image_95_jpg.rf.a0c77cc7c931ef79a1a980972fb000f8.jpg,raw/emam_v14/train/labels/Image_95_jpg.rf.a0c77cc7c931ef79a1a980972fb000f8.txt,ginger
train,raw/emam_v14/train/images/Image_95_jpg.rf.b9447d207c99cbaa24a52e2dadae6ba1.jpg,raw/emam_v14/train/labels/Image_95_jpg.rf.b9447d207c99cbaa24a52e2dadae6ba1.txt,ginger
train,raw/emam_v14/train/images/Image_95_jpg.rf.fb3032e0f4a33e4639023a09f5188668.jpg,raw/emam_v14/train/labels/Image_95_jpg.rf.fb3032e0f4a33e4639023a09f5188668.txt,bellpepper
train,raw/emam_v14/train/images/Image_96_jpg.rf.1fee6330487181c1c76e06c2c86838cc.jpg,raw/emam_v14/train/labels/Image_96_jpg.rf.1fee6330487181c1c76e06c2c86838cc.txt,cauliflower
train,raw/emam_v14/train/images/Image_96_jpg.rf.3084765f86785f466892c025aceba8e1.jpg,raw/emam_v14/train/labels/Image_96_jpg.rf.3084765f86785f466892c025aceba8e1.txt,chillipepper
train,raw/emam_v14/train/images/Image_96_jpg.rf.38a070b9700a5429a63505e9d1f5cdac.jpg,raw/emam_v14/train/labels/Image_96_jpg.rf.38a070b9700a5429a63505e9d1f5cdac.txt,chillipepper
train,raw/emam_v14/train/images/Image_96_jpg.rf.3d432964524631d77f8493f0ad9e6471.jpg,raw/emam_v14/train/labels/Image_96_jpg.rf.3d432964524631d77f8493f0ad9e6471.txt,chillipepper
train,raw/emam_v14/train/images/Image_96_jpg.rf.a908e68f52ae8a0ec476ab868c718221.jpg,raw/emam_v14/train/labels/Image_96_jpg.rf.a908e68f52ae8a0ec476ab868c718221.txt,radish
train,raw/emam_v14/train/images/Image_96_jpg.rf.b8fd8ef8443d0b9d362aa6e1272ac3f6.jpg,raw/emam_v14/train/labels/Image_96_jpg.rf.b8fd8ef8443d0b9d362aa6e1272ac3f6.txt,radish
train,raw/emam_v14/train/images/Image_96_jpg.rf.c9f9c51ea28c35abe5d6a6ee7c6d2553.jpg,raw/emam_v14/train/labels/Image_96_jpg.rf.c9f9c51ea28c35abe5d6a6ee7c6d2553.txt,cauliflower
train,raw/emam_v14/train/images/Image_96_jpg.rf.d4e0dc23b5a18f3ed43611714888a885.jpg,raw/emam_v14/train/labels/Image_96_jpg.rf.d4e0dc23b5a18f3ed43611714888a885.txt,cauliflower
train,raw/emam_v14/train/images/Image_96_jpg.rf.f7795c90371b28c667ba8e330202ba51.jpg,raw/emam_v14/train/labels/Image_96_jpg.rf.f7795c90371b28c667ba8e330202ba51.txt,radish
train,raw/emam_v14/train/images/Image_97_jpg.rf.0305df1acfe9d6b9a6e0ee5f1f1905a6.jpg,raw/emam_v14/train/labels/Image_97_jpg.rf.0305df1acfe9d6b9a6e0ee5f1f1905a6.txt,chillipepper
train,raw/emam_v14/train/images/Image_97_jpg.rf.156e8cbf02a22d1537152187bc2c7602.jpg,raw/emam_v14/train/labels/Image_97_jpg.rf.156e8cbf02a22d1537152187bc2c7602.txt,chillipepper
train,raw/emam_v14/train/images/Image_97_jpg.rf.24af6b9ba5c068880127b2b4c66504c4.jpg,raw/emam_v14/train/labels/Image_97_jpg.rf.24af6b9ba5c068880127b2b4c66504c4.txt,tomato
train,raw/emam_v14/train/images/Image_97_jpg.rf.4ef27357b926c1a6f40d15baa40312ea.jpg,raw/emam_v14/train/labels/Image_97_jpg.rf.4ef27357b926c1a6f40d15baa40312ea.txt,chillipepper
train,raw/emam_v14/train/images/Image_97_jpg.rf.5260850cec029c170736194ea6a81896.jpg,raw/emam_v14/train/labels/Image_97_jpg.rf.5260850cec029c170736194ea6a81896.txt,chillipepper
train,raw/emam_v14/train/images/Image_97_jpg.rf.60402757606524d08d1c088a85e2ca40.jpg,raw/emam_v14/train/labels/Image_97_jpg.rf.60402757606524d08d1c088a85e2ca40.txt,chillipepper
train,raw/emam_v14/train/images/Image_97_jpg.rf.81f0f1780d8450ea472a7f6b120f261c.jpg,raw/emam_v14/train/labels/Image_97_jpg.rf.81f0f1780d8450ea472a7f6b120f261c.txt,tomato
train,raw/emam_v14/train/images/Image_97_jpg.rf.93bb7652c4d0516364fe1b9cd26d92fd.jpg,raw/emam_v14/train/labels/Image_97_jpg.rf.93bb7652c4d0516364fe1b9cd26d92fd.txt,chillipepper
train,raw/emam_v14/train/images/Image_97_jpg.rf.bfcc78f6e22b366520510e342c06d126.jpg,raw/emam_v14/train/labels/Image_97_jpg.rf.bfcc78f6e22b366520510e342c06d126.txt,tomato
train,raw/emam_v14/train/images/Image_98_jpg.rf.15d5923ff4bbe3e65a703a1b9d34a22e.jpg,raw/emam_v14/train/labels/Image_98_jpg.rf.15d5923ff4bbe3e65a703a1b9d34a22e.txt,chillipepper
train,raw/emam_v14/train/images/Image_98_jpg.rf.1d51ff6f967a8616a4c8e7d56e49322a.jpg,raw/emam_v14/train/labels/Image_98_jpg.rf.1d51ff6f967a8616a4c8e7d56e49322a.txt,tomato
train,raw/emam_v14/train/images/Image_98_jpg.rf.22c0f2cb7ebc84677265bf8f0254b7c6.jpg,raw/emam_v14/train/labels/Image_98_jpg.rf.22c0f2cb7ebc84677265bf8f0254b7c6.txt,tomato
train,raw/emam_v14/train/images/Image_98_jpg.rf.2cdafad68d06ed2b79a071657df3009d.jpg,raw/emam_v14/train/labels/Image_98_jpg.rf.2cdafad68d06ed2b79a071657df3009d.txt,chillipepper
train,raw/emam_v14/train/images/Image_98_jpg.rf.b75af3b53bbd91ca717b68b8e0983b7f.jpg,raw/emam_v14/train/labels/Image_98_jpg.rf.b75af3b53bbd91ca717b68b8e0983b7f.txt,chillipepper
train,raw/emam_v14/train/images/Image_98_jpg.rf.ff6026147be4b75570587b5988f63fef.jpg,raw/emam_v14/train/labels/Image_98_jpg.rf.ff6026147be4b75570587b5988f63fef.txt,tomato
train,raw/emam_v14/train/images/Image_9_jpg.rf.075abf82cc786d2ebce28cad70c08a38.jpg,raw/emam_v14/train/labels/Image_9_jpg.rf.075abf82cc786d2ebce28cad70c08a38.txt,bellpepper
train,raw/emam_v14/train/images/Image_9_jpg.rf.09c06d4f12534368271b867523413e2d.jpg,raw/emam_v14/train/labels/Image_9_jpg.rf.09c06d4f12534368271b867523413e2d.txt,turnip
train,raw/emam_v14/train/images/Image_9_jpg.rf.0da10f535fea8c9a387f2cd53b88b380.jpg,raw/emam_v14/train/labels/Image_9_jpg.rf.0da10f535fea8c9a387f2cd53b88b380.txt,sweetcorn
train,raw/emam_v14/train/images/Image_9_jpg.rf.16fa65b4bffb6c3f86986489d9bc76d9.jpg,raw/emam_v14/train/labels/Image_9_jpg.rf.16fa65b4bffb6c3f86986489d9bc76d9.txt,onion
train,raw/emam_v14/train/images/Image_9_jpg.rf.1a0e3ccaa13b69c00295e36899eed444.jpg,raw/emam_v14/train/labels/Image_9_jpg.rf.1a0e3ccaa13b69c00295e36899eed444.txt,chillipepper
train,raw/emam_v14/train/images/Image_9_jpg.rf.1b9fe2d010625d0efe6a6e3286fb8dd8.jpg,raw/emam_v14/train/labels/Image_9_jpg.rf.1b9fe2d010625d0efe6a6e3286fb8dd8.txt,eggplant
train,raw/emam_v14/train/images/Image_9_jpg.rf.2123a0408145975fb62f8db85bf3e270.jpg,raw/emam_v14/train/labels/Image_9_jpg.rf.2123a0408145975fb62f8db85bf3e270.txt,onion
train,raw/emam_v14/train/images/Image_9_jpg.rf.22dd15e1caa2899768923f19e2945fd7.jpg,raw/emam_v14/train/labels/Image_9_jpg.rf.22dd15e1caa2899768923f19e2945fd7.txt,turnip
train,raw/emam_v14/train/images/Image_9_jpg.rf.2b20108d50fc19b8b67b013b6463c0a5.jpg,raw/emam_v14/train/labels/Image_9_jpg.rf.2b20108d50fc19b8b67b013b6463c0a5.txt,tomato
train,raw/emam_v14/train/images/Image_9_jpg.rf.2c064eb1990c20226978f1e09b76d5ea.jpg,raw/emam_v14/train/labels/Image_9_jpg.rf.2c064eb1990c20226978f1e09b76d5ea.txt,spinach
train,raw/emam_v14/train/images/Image_9_jpg.rf.3256fdb696e7c93dfeaea2ec0cd0f806.jpg,raw/emam_v14/train/labels/Image_9_jpg.rf.3256fdb696e7c93dfeaea2ec0cd0f806.txt,sweetcorn
train,raw/emam_v14/train/images/Image_9_jpg.rf.34823947d608dcb096449f223b63ffc5.jpg,raw/emam_v14/train/labels/Image_9_jpg.rf.34823947d608dcb096449f223b63ffc5.txt,potato
train,raw/emam_v14/train/images/Image_9_jpg.rf.38084b0c0306aea2b54d048015c9e04e.jpg,raw/emam_v14/train/labels/Image_9_jpg.rf.38084b0c0306aea2b54d048015c9e04e.txt,potato
train,raw/emam_v14/train/images/Image_9_jpg.rf.3c7d4a0bdcabb7e3a2d8890244e157d0.jpg,raw/emam_v14/train/labels/Image_9_jpg.rf.3c7d4a0bdcabb7e3a2d8890244e157d0.txt,cabbage
train,raw/emam_v14/train/images/Image_9_jpg.rf.40a7bf746728d17ab3283535f89caf9e.jpg,raw/emam_v14/train/labels/Image_9_jpg.rf.40a7bf746728d17ab3283535f89caf9e.txt,bellpepper
train,raw/emam_v14/train/images/Image_9_jpg.rf.4411edec8b7149e558c281d08ddeecc6.jpg,raw/emam_v14/train/labels/Image_9_jpg.rf.4411edec8b7149e558c281d08ddeecc6.txt,eggplant
train,raw/emam_v14/train/images/Image_9_jpg.rf.46a834f6e3c6d3d86e842ec293cf6cfe.jpg,raw/emam_v14/train/labels/Image_9_jpg.rf.46a834f6e3c6d3d86e842ec293cf6cfe.txt,jalapeno
train,raw/emam_v14/train/images/Image_9_jpg.rf.4857e15610fb41f60c72d40d33ff5421.jpg,raw/emam_v14/train/labels/Image_9_jpg.rf.4857e15610fb41f60c72d40d33ff5421.txt,potato
train,raw/emam_v14/train/images/Image_9_jpg.rf.4e58bb4f9427f28cca64e30e05f296cc.jpg,raw/emam_v14/train/labels/Image_9_jpg.rf.4e58bb4f9427f28cca64e30e05f296cc.txt,chillipepper
train,raw/emam_v14/train/images/Image_9_jpg.rf.56263b52602e805fc58f2a32e5efc576.jpg,raw/emam_v14/train/labels/Image_9_jpg.rf.56263b52602e805fc58f2a32e5efc576.txt,garlic
train,raw/emam_v14/train/images/Image_9_jpg.rf.5ff7e933525577791ba78339c62c6b72.jpg,raw/emam_v14/train/labels/Image_9_jpg.rf.5ff7e933525577791ba78339c62c6b72.txt,sweetcorn
train,raw/emam_v14/train/images/Image_9_jpg.rf.60df6dea559b8fe94dabdb76a297c2d3.jpg,raw/emam_v14/train/labels/Image_9_jpg.rf.60df6dea559b8fe94dabdb76a297c2d3.txt,tomato
train,raw/emam_v14/train/images/Image_9_jpg.rf.651463f3dea9967f8aae169a19aa19dc.jpg,raw/emam_v14/train/labels/Image_9_jpg.rf.651463f3dea9967f8aae169a19aa19dc.txt,sweetpotato
train,raw/emam_v14/train/images/Image_9_jpg.rf.66f9871e3f58a2e41e15f1fc4fe1db8d.jpg,raw/emam_v14/train/labels/Image_9_jpg.rf.66f9871e3f58a2e41e15f1fc4fe1db8d.txt,lettuce
train,raw/emam_v14/train/images/Image_9_jpg.rf.6fc83cd9eb26305e186082aead2c4ac4.jpg,raw/emam_v14/train/labels/Image_9_jpg.rf.6fc83cd9eb26305e186082aead2c4ac4.txt,cabbage
train,raw/emam_v14/train/images/Image_9_jpg.rf.7de6c4bab2d47b9dcf4999a0da71ae81.jpg,raw/emam_v14/train/labels/Image_9_jpg.rf.7de6c4bab2d47b9dcf4999a0da71ae81.txt,jalapeno
train,raw/emam_v14/train/images/Image_9_jpg.rf.837a0b4292efb8d96870916b4161c0da.jpg,raw/emam_v14/train/labels/Image_9_jpg.rf.837a0b4292efb8d96870916b4161c0da.txt,turnip
train,raw/emam_v14/train/images/Image_9_jpg.rf.87786683bb01a4141a5134a0f4bfc644.jpg,raw/emam_v14/train/labels/Image_9_jpg.rf.87786683bb01a4141a5134a0f4bfc644.txt,garlic
train,raw/emam_v14/train/images/Image_9_jpg.rf.8bd58cbd165cdaafb58d1135e672fe38.jpg,raw/emam_v14/train/labels/Image_9_jpg.rf.8bd58cbd165cdaafb58d1135e672fe38.txt,jalapeno
train,raw/emam_v14/train/images/Image_9_jpg.rf.8d631d4f97999d877ff921576e658111.jpg,raw/emam_v14/train/labels/Image_9_jpg.rf.8d631d4f97999d877ff921576e658111.txt,bellpepper
train,raw/emam_v14/train/images/Image_9_jpg.rf.8e653762ea038ac2575e12a1b6ce5649.jpg,raw/emam_v14/train/labels/Image_9_jpg.rf.8e653762ea038ac2575e12a1b6ce5649.txt,eggplant|tomato
train,raw/emam_v14/train/images/Image_9_jpg.rf.9355e3ac4787b0c7d4f0a9687fbe5314.jpg,raw/emam_v14/train/labels/Image_9_jpg.rf.9355e3ac4787b0c7d4f0a9687fbe5314.txt,lettuce
train,raw/emam_v14/train/images/Image_9_jpg.rf.991185d22b6a96a2aeb35065ef901b4e.jpg,raw/emam_v14/train/labels/Image_9_jpg.rf.991185d22b6a96a2aeb35065ef901b4e.txt,onion
train,raw/emam_v14/train/images/Image_9_jpg.rf.a69c6c1403cdc6b540df78c1ad6416f1.jpg,raw/emam_v14/train/labels/Image_9_jpg.rf.a69c6c1403cdc6b540df78c1ad6416f1.txt,sweetpotato
train,raw/emam_v14/train/images/Image_9_jpg.rf.a74ba6da7ec22c222fce3a94f916f585.jpg,raw/emam_v14/train/labels/Image_9_jpg.rf.a74ba6da7ec22c222fce3a94f916f585.txt,lettuce
train,raw/emam_v14/train/images/Image_9_jpg.rf.b88601c2be7c02adca570fe2a3cad6dc.jpg,raw/emam_v14/train/labels/Image_9_jpg.rf.b88601c2be7c02adca570fe2a3cad6dc.txt,eggplant|tomato
train,raw/emam_v14/train/images/Image_9_jpg.rf.b965c12802e5c5d06eee77f9531e4cf2.jpg,raw/emam_v14/train/labels/Image_9_jpg.rf.b965c12802e5c5d06eee77f9531e4cf2.txt,chillipepper
train,raw/emam_v14/train/images/Image_9_jpg.rf.c6148265623d51466c72a468971bfb0f.jpg,raw/emam_v14/train/labels/Image_9_jpg.rf.c6148265623d51466c72a468971bfb0f.txt,spinach
train,raw/emam_v14/train/images/Image_9_jpg.rf.d2f5b699f2374c5fdf93731a8dd7bdd8.jpg,raw/emam_v14/train/labels/Image_9_jpg.rf.d2f5b699f2374c5fdf93731a8dd7bdd8.txt,sweetcorn
train,raw/emam_v14/train/images/Image_9_jpg.rf.e32ef1296ea4c1af80d77c6ff79f2bb3.jpg,raw/emam_v14/train/labels/Image_9_jpg.rf.e32ef1296ea4c1af80d77c6ff79f2bb3.txt,garlic
train,raw/emam_v14/train/images/Image_9_jpg.rf.e3aa65f314d6726fbc8690e30889ae6b.jpg,raw/emam_v14/train/labels/Image_9_jpg.rf.e3aa65f314d6726fbc8690e30889ae6b.txt,spinach
train,raw/emam_v14/train/images/Image_9_jpg.rf.e7e1aa90a6f54f144e966dad21b98ef5.jpg,raw/emam_v14/train/labels/Image_9_jpg.rf.e7e1aa90a6f54f144e966dad21b98ef5.txt,eggplant
train,raw/emam_v14/train/images/Image_9_jpg.rf.ec9e04b9136594444aa15822e92e0db4.jpg,raw/emam_v14/train/labels/Image_9_jpg.rf.ec9e04b9136594444aa15822e92e0db4.txt,sweetcorn
train,raw/emam_v14/train/images/Image_9_jpg.rf.f04d29c9fa08a360129d0da10275388d.jpg,raw/emam_v14/train/labels/Image_9_jpg.rf.f04d29c9fa08a360129d0da10275388d.txt,cabbage
train,raw/emam_v14/train/images/Image_9_jpg.rf.f3950e977dc89d2fb12d57abc1b29f74.jpg,raw/emam_v14/train/labels/Image_9_jpg.rf.f3950e977dc89d2fb12d57abc1b29f74.txt,eggplant|tomato
train,raw/emam_v14/train/images/Image_9_jpg.rf.f65ceb2b2f103e9d7ec7432a8d5207d9.jpg,raw/emam_v14/train/labels/Image_9_jpg.rf.f65ceb2b2f103e9d7ec7432a8d5207d9.txt,sweetcorn
train,raw/emam_v14/train/images/Image_9_jpg.rf.f92d680b9fceb94ed50aa46da0359a9c.jpg,raw/emam_v14/train/labels/Image_9_jpg.rf.f92d680b9fceb94ed50aa46da0359a9c.txt,tomato
train,raw/emam_v14/train/images/Image_9_jpg.rf.fb95b0fa35c55b5518c6fdad3adaa5ef.jpg,raw/emam_v14/train/labels/Image_9_jpg.rf.fb95b0fa35c55b5518c6fdad3adaa5ef.txt,sweetpotato
train,raw/emam_v14/train/images/Image_9_png_jpg.rf.15c6649c2cb8c5e51c3181a94197cb9b.jpg,raw/emam_v14/train/labels/Image_9_png_jpg.rf.15c6649c2cb8c5e51c3181a94197cb9b.txt,lemon
train,raw/emam_v14/train/images/Image_9_png_jpg.rf.9ca80380e3ae89b76cd73b9d7f86f326.jpg,raw/emam_v14/train/labels/Image_9_png_jpg.rf.9ca80380e3ae89b76cd73b9d7f86f326.txt,lemon
train,raw/emam_v14/train/images/Image_9_png_jpg.rf.eee187de0fe0d6c9dd40460b4cebdae7.jpg,raw/emam_v14/train/labels/Image_9_png_jpg.rf.eee187de0fe0d6c9dd40460b4cebdae7.txt,lemon
valid,raw/emam_v14/valid/images/Image_100_jpg.rf.8432774d41d0299d293f4e67b83ef658.jpg,raw/emam_v14/valid/labels/Image_100_jpg.rf.8432774d41d0299d293f4e67b83ef658.txt,onion
valid,raw/emam_v14/valid/images/Image_10_jpg.rf.2fe650745d87ad77672b187fe36801a2.jpg,raw/emam_v14/valid/labels/Image_10_jpg.rf.2fe650745d87ad77672b187fe36801a2.txt,peas
valid,raw/emam_v14/valid/images/Image_10_jpg.rf.408d401b2f1060edc67212e54ca6d907.jpg,raw/emam_v14/valid/labels/Image_10_jpg.rf.408d401b2f1060edc67212e54ca6d907.txt,onion
valid,raw/emam_v14/valid/images/Image_10_jpg.rf.81f265426f57e175aff0c764f34ea328.jpg,raw/emam_v14/valid/labels/Image_10_jpg.rf.81f265426f57e175aff0c764f34ea328.txt,cauliflower
valid,raw/emam_v14/valid/images/Image_10_jpg.rf.85c74df7990e86dd90be3c470802b769.jpg,raw/emam_v14/valid/labels/Image_10_jpg.rf.85c74df7990e86dd90be3c470802b769.txt,spinach
valid,raw/emam_v14/valid/images/Image_10_jpg.rf.abe0ce3dff643fb91f8dd43918f55376.jpg,raw/emam_v14/valid/labels/Image_10_jpg.rf.abe0ce3dff643fb91f8dd43918f55376.txt,ginger
valid,raw/emam_v14/valid/images/Image_10_jpg.rf.ed91c13ef799cd52cc1391d160c9e001.jpg,raw/emam_v14/valid/labels/Image_10_jpg.rf.ed91c13ef799cd52cc1391d160c9e001.txt,eggplant
valid,raw/emam_v14/valid/images/Image_11_JPG_jpg.rf.f7b71b22972616db1352871eff2c7969.jpg,raw/emam_v14/valid/labels/Image_11_JPG_jpg.rf.f7b71b22972616db1352871eff2c7969.txt,bellpepper
valid,raw/emam_v14/valid/images/Image_11_jpeg_jpg.rf.23bd9feca49fc12ab438fb6c6e85f515.jpg,raw/emam_v14/valid/labels/Image_11_jpeg_jpg.rf.23bd9feca49fc12ab438fb6c6e85f515.txt,jalapeno
valid,raw/emam_v14/valid/images/Image_11_jpg.rf.2e43ed3bed70967139dd848b66449c55.jpg,raw/emam_v14/valid/labels/Image_11_jpg.rf.2e43ed3bed70967139dd848b66449c55.txt,spinach
valid,raw/emam_v14/valid/images/Image_11_jpg.rf.53d9c225d5e19298d515a56e0e26057e.jpg,raw/emam_v14/valid/labels/Image_11_jpg.rf.53d9c225d5e19298d515a56e0e26057e.txt,ginger
valid,raw/emam_v14/valid/images/Image_11_jpg.rf.d076c9aeb76523f0d52a43ed2f4644d0.jpg,raw/emam_v14/valid/labels/Image_11_jpg.rf.d076c9aeb76523f0d52a43ed2f4644d0.txt,carrot
valid,raw/emam_v14/valid/images/Image_12_jpg.rf.9ce6af0ca757deb23e192a80e2a045bc.jpg,raw/emam_v14/valid/labels/Image_12_jpg.rf.9ce6af0ca757deb23e192a80e2a045bc.txt,cauliflower
valid,raw/emam_v14/valid/images/Image_12_jpg.rf.9d2a02509dc7ebd6257a07514fc4d57a.jpg,raw/emam_v14/valid/labels/Image_12_jpg.rf.9d2a02509dc7ebd6257a07514fc4d57a.txt,sweetpotato
valid,raw/emam_v14/valid/images/Image_12_jpg.rf.ca2fd94d3c7ea4c73b509a5a12d43285.jpg,raw/emam_v14/valid/labels/Image_12_jpg.rf.ca2fd94d3c7ea4c73b509a5a12d43285.txt,garlic|onion
valid,raw/emam_v14/valid/images/Image_13_JPG_jpg.rf.24574a4d10cf809529ed33cbee50dcf3.jpg,raw/emam_v14/valid/labels/Image_13_JPG_jpg.rf.24574a4d10cf809529ed33cbee50dcf3.txt,cucumber
valid,raw/emam_v14/valid/images/Image_13_jpg.rf.1d57bb4512a0dfb87b412d414423d31c.jpg,raw/emam_v14/valid/labels/Image_13_jpg.rf.1d57bb4512a0dfb87b412d414423d31c.txt,spinach
valid,raw/emam_v14/valid/images/Image_13_jpg.rf.7158fc775d53bfe100c7fc941780a171.jpg,raw/emam_v14/valid/labels/Image_13_jpg.rf.7158fc775d53bfe100c7fc941780a171.txt,eggplant
valid,raw/emam_v14/valid/images/Image_13_jpg.rf.71d84ac7c878e111c445e700b57e4fed.jpg,raw/emam_v14/valid/labels/Image_13_jpg.rf.71d84ac7c878e111c445e700b57e4fed.txt,ginger
valid,raw/emam_v14/valid/images/Image_13_jpg.rf.b901c376aa0e7538dfaa903647056d23.jpg,raw/emam_v14/valid/labels/Image_13_jpg.rf.b901c376aa0e7538dfaa903647056d23.txt,carrot
valid,raw/emam_v14/valid/images/Image_13_jpg.rf.d02f7200969597443a18bc05379a8783.jpg,raw/emam_v14/valid/labels/Image_13_jpg.rf.d02f7200969597443a18bc05379a8783.txt,chillipepper
valid,raw/emam_v14/valid/images/Image_13_jpg.rf.d55940673033ca01978bb70a4f43733d.jpg,raw/emam_v14/valid/labels/Image_13_jpg.rf.d55940673033ca01978bb70a4f43733d.txt,cabbage
valid,raw/emam_v14/valid/images/Image_13_jpg.rf.fbb542d7700bf54e57291b16df89f808.jpg,raw/emam_v14/valid/labels/Image_13_jpg.rf.fbb542d7700bf54e57291b16df89f808.txt,beetroot
valid,raw/emam_v14/valid/images/Image_14_jpg.rf.15098264df9ce654d582800d31f308b6.jpg,raw/emam_v14/valid/labels/Image_14_jpg.rf.15098264df9ce654d582800d31f308b6.txt,tomato
valid,raw/emam_v14/valid/images/Image_14_jpg.rf.313ee48acc247dca14af215eaeadafb4.jpg,raw/emam_v14/valid/labels/Image_14_jpg.rf.313ee48acc247dca14af215eaeadafb4.txt,sweetpotato
valid,raw/emam_v14/valid/images/Image_14_jpg.rf.77fdc3cd48d209ad3d806a121e731e05.jpg,raw/emam_v14/valid/labels/Image_14_jpg.rf.77fdc3cd48d209ad3d806a121e731e05.txt,corn
valid,raw/emam_v14/valid/images/Image_14_jpg.rf.79c4f55a280182ead53d00e900be76f2.jpg,raw/emam_v14/valid/labels/Image_14_jpg.rf.79c4f55a280182ead53d00e900be76f2.txt,ladyfinger
valid,raw/emam_v14/valid/images/Image_14_jpg.rf.8501c52fbdce8ca7d34a673c99bea911.jpg,raw/emam_v14/valid/labels/Image_14_jpg.rf.8501c52fbdce8ca7d34a673c99bea911.txt,garlic
valid,raw/emam_v14/valid/images/Image_14_jpg.rf.b5a9d387c7dca90ea3514d9cbded5bcd.jpg,raw/emam_v14/valid/labels/Image_14_jpg.rf.b5a9d387c7dca90ea3514d9cbded5bcd.txt,spinach
valid,raw/emam_v14/valid/images/Image_15_JPG_jpg.rf.8e6e80164a88119a2395af58cc9097b2.jpg,raw/emam_v14/valid/labels/Image_15_JPG_jpg.rf.8e6e80164a88119a2395af58cc9097b2.txt,sweetcorn
valid,raw/emam_v14/valid/images/Image_15_jpg.rf.5eafc37e7e6f137e88e8f74d0cfd0620.jpg,raw/emam_v14/valid/labels/Image_15_jpg.rf.5eafc37e7e6f137e88e8f74d0cfd0620.txt,tomato
valid,raw/emam_v14/valid/images/Image_15_jpg.rf.634a31c1b1e8da776035eebd6c1ae76d.jpg,raw/emam_v14/valid/labels/Image_15_jpg.rf.634a31c1b1e8da776035eebd6c1ae76d.txt,corn
valid,raw/emam_v14/valid/images/Image_15_jpg.rf.9035d9a837ffa59f1d0aa8d01a355750.jpg,raw/emam_v14/valid/labels/Image_15_jpg.rf.9035d9a837ffa59f1d0aa8d01a355750.txt,potato
valid,raw/emam_v14/valid/images/Image_15_jpg.rf.eff2ad31d5876f45e565b4e2bcdf1484.jpg,raw/emam_v14/valid/labels/Image_15_jpg.rf.eff2ad31d5876f45e565b4e2bcdf1484.txt,carrot
valid,raw/emam_v14/valid/images/Image_16_jpg.rf.1fd5dcc9564317e6da01c9a61100a27e.jpg,raw/emam_v14/valid/labels/Image_16_jpg.rf.1fd5dcc9564317e6da01c9a61100a27e.txt,ginger
valid,raw/emam_v14/valid/images/Image_16_jpg.rf.b11231f9e90c5b703c98d7fb05947ba2.jpg,raw/emam_v14/valid/labels/Image_16_jpg.rf.b11231f9e90c5b703c98d7fb05947ba2.txt,garlic
valid,raw/emam_v14/valid/images/Image_16_jpg.rf.b9814dab30fd63adc5521a5f380db23b.jpg,raw/emam_v14/valid/labels/Image_16_jpg.rf.b9814dab30fd63adc5521a5f380db23b.txt,spinach
valid,raw/emam_v14/valid/images/Image_16_jpg.rf.d20e30b58bd91c2c350f5c7e2a45e101.jpg,raw/emam_v14/valid/labels/Image_16_jpg.rf.d20e30b58bd91c2c350f5c7e2a45e101.txt,lettuce
valid,raw/emam_v14/valid/images/Image_16_jpg.rf.fb534fbf2c856d7df4679434c0edacc8.jpg,raw/emam_v14/valid/labels/Image_16_jpg.rf.fb534fbf2c856d7df4679434c0edacc8.txt,jalapeno
valid,raw/emam_v14/valid/images/Image_17_jpg.rf.b562b6b8c5d93cc2d731034d2e1d5550.jpg,raw/emam_v14/valid/labels/Image_17_jpg.rf.b562b6b8c5d93cc2d731034d2e1d5550.txt,radish
valid,raw/emam_v14/valid/images/Image_17_jpg.rf.d63e51682f041a743c6fa64069a92ba1.jpg,raw/emam_v14/valid/labels/Image_17_jpg.rf.d63e51682f041a743c6fa64069a92ba1.txt,jalapeno
valid,raw/emam_v14/valid/images/Image_17_jpg.rf.fa1ed620bde6aa7243685d7b0b6f3ce2.jpg,raw/emam_v14/valid/labels/Image_17_jpg.rf.fa1ed620bde6aa7243685d7b0b6f3ce2.txt,spinach
valid,raw/emam_v14/valid/images/Image_18_jpg.rf.4bf2522ce065fd009405d214f754c854.jpg,raw/emam_v14/valid/labels/Image_18_jpg.rf.4bf2522ce065fd009405d214f754c854.txt,cauliflower
valid,raw/emam_v14/valid/images/Image_18_jpg.rf.535ce79a776e95fab147877dc739a309.jpg,raw/emam_v14/valid/labels/Image_18_jpg.rf.535ce79a776e95fab147877dc739a309.txt,cabbage
valid,raw/emam_v14/valid/images/Image_18_jpg.rf.c4a30b619f73ed74aaea65739b21a76f.jpg,raw/emam_v14/valid/labels/Image_18_jpg.rf.c4a30b619f73ed74aaea65739b21a76f.txt,eggplant
valid,raw/emam_v14/valid/images/Image_19_jpg.rf.3abd51776f96d85692657c5ef7e12006.jpg,raw/emam_v14/valid/labels/Image_19_jpg.rf.3abd51776f96d85692657c5ef7e12006.txt,cauliflower
valid,raw/emam_v14/valid/images/Image_19_jpg.rf.ccc5b7763f98b8eb1d691b8df839e24b.jpg,raw/emam_v14/valid/labels/Image_19_jpg.rf.ccc5b7763f98b8eb1d691b8df839e24b.txt,radish
valid,raw/emam_v14/valid/images/Image_19_jpg.rf.d8f9880310e18b96036fed80af95474e.jpg,raw/emam_v14/valid/labels/Image_19_jpg.rf.d8f9880310e18b96036fed80af95474e.txt,beetroot
valid,raw/emam_v14/valid/images/Image_1_jpg.rf.13a22733afcf39c453eaf30919ce47a6.jpg,raw/emam_v14/valid/labels/Image_1_jpg.rf.13a22733afcf39c453eaf30919ce47a6.txt,carrot
valid,raw/emam_v14/valid/images/Image_1_jpg.rf.8e09dcbbdeab8c868a8114e535bf0228.jpg,raw/emam_v14/valid/labels/Image_1_jpg.rf.8e09dcbbdeab8c868a8114e535bf0228.txt,peas
valid,raw/emam_v14/valid/images/Image_1_jpg.rf.a15d56fa358116e50eea059a863e244a.jpg,raw/emam_v14/valid/labels/Image_1_jpg.rf.a15d56fa358116e50eea059a863e244a.txt,radish
valid,raw/emam_v14/valid/images/Image_1_jpg.rf.aeae88e473704953d540072711d97dac.jpg,raw/emam_v14/valid/labels/Image_1_jpg.rf.aeae88e473704953d540072711d97dac.txt,garlic
valid,raw/emam_v14/valid/images/Image_1_jpg.rf.d9cbc60f6dc1c1bb595d49b6a1521bbc.jpg,raw/emam_v14/valid/labels/Image_1_jpg.rf.d9cbc60f6dc1c1bb595d49b6a1521bbc.txt,beetroot
valid,raw/emam_v14/valid/images/Image_1_jpg.rf.e4032ccd8affbb39904cbbb2876533b1.jpg,raw/emam_v14/valid/labels/Image_1_jpg.rf.e4032ccd8affbb39904cbbb2876533b1.txt,onion
valid,raw/emam_v14/valid/images/Image_20_jpg.rf.3fd458d4fbccc0886c956602d74693c5.jpg,raw/emam_v14/valid/labels/Image_20_jpg.rf.3fd458d4fbccc0886c956602d74693c5.txt,jalapeno
valid,raw/emam_v14/valid/images/Image_20_jpg.rf.79615e6eb13a2d49e62d6ced473298ad.jpg,raw/emam_v14/valid/labels/Image_20_jpg.rf.79615e6eb13a2d49e62d6ced473298ad.txt,lettuce
valid,raw/emam_v14/valid/images/Image_20_jpg.rf.7ba9b5e9b5d68b39842112c28abc09d6.jpg,raw/emam_v14/valid/labels/Image_20_jpg.rf.7ba9b5e9b5d68b39842112c28abc09d6.txt,potato
valid,raw/emam_v14/valid/images/Image_20_jpg.rf.c11bf3dcca52222d6e2799906bda4cde.jpg,raw/emam_v14/valid/labels/Image_20_jpg.rf.c11bf3dcca52222d6e2799906bda4cde.txt,ladyfinger
valid,raw/emam_v14/valid/images/Image_20_jpg.rf.e59ea0057b85ea55ebe1537381582313.jpg,raw/emam_v14/valid/labels/Image_20_jpg.rf.e59ea0057b85ea55ebe1537381582313.txt,bellpepper
valid,raw/emam_v14/valid/images/Image_21_jpg.rf.d48275e4703844e9135a77e1a876b762.jpg,raw/emam_v14/valid/labels/Image_21_jpg.rf.d48275e4703844e9135a77e1a876b762.txt,lemon
valid,raw/emam_v14/valid/images/Image_22_jpg.rf.074a17419784c0cd4861a24bad26b624.jpg,raw/emam_v14/valid/labels/Image_22_jpg.rf.074a17419784c0cd4861a24bad26b624.txt,cabbage
valid,raw/emam_v14/valid/images/Image_22_jpg.rf.5b30c8eedd874c318134dcb4807c33ee.jpg,raw/emam_v14/valid/labels/Image_22_jpg.rf.5b30c8eedd874c318134dcb4807c33ee.txt,jalapeno
valid,raw/emam_v14/valid/images/Image_22_jpg.rf.76f5d90ac355ff56cb50da9845f92ac2.jpg,raw/emam_v14/valid/labels/Image_22_jpg.rf.76f5d90ac355ff56cb50da9845f92ac2.txt,eggplant
valid,raw/emam_v14/valid/images/Image_22_jpg.rf.8126d9e17521e5c070ae04abb505881f.jpg,raw/emam_v14/valid/labels/Image_22_jpg.rf.8126d9e17521e5c070ae04abb505881f.txt,radish
valid,raw/emam_v14/valid/images/Image_22_jpg.rf.aa2e7c8502a2de786b770cd1dd2b4632.jpg,raw/emam_v14/valid/labels/Image_22_jpg.rf.aa2e7c8502a2de786b770cd1dd2b4632.txt,spinach
valid,raw/emam_v14/valid/images/Image_22_jpg.rf.afccf35cc29f981356cab357d66177f0.jpg,raw/emam_v14/valid/labels/Image_22_jpg.rf.afccf35cc29f981356cab357d66177f0.txt,beetroot
valid,raw/emam_v14/valid/images/Image_23_jpg.rf.8113dc0d22e665f984c4d1088d891093.jpg,raw/emam_v14/valid/labels/Image_23_jpg.rf.8113dc0d22e665f984c4d1088d891093.txt,chillipepper
valid,raw/emam_v14/valid/images/Image_23_jpg.rf.a1ee65351a1efdb8e4977e638af573e1.jpg,raw/emam_v14/valid/labels/Image_23_jpg.rf.a1ee65351a1efdb8e4977e638af573e1.txt,bellpepper
valid,raw/emam_v14/valid/images/Image_23_jpg.rf.a242d5a323cc6793a661f067ea8dd7b2.jpg,raw/emam_v14/valid/labels/Image_23_jpg.rf.a242d5a323cc6793a661f067ea8dd7b2.txt,turnip
valid,raw/emam_v14/valid/images/Image_23_jpg.rf.e3b8114bd34ef3a4fa711b6a4bf3f80e.jpg,raw/emam_v14/valid/labels/Image_23_jpg.rf.e3b8114bd34ef3a4fa711b6a4bf3f80e.txt,ladyfinger
valid,raw/emam_v14/valid/images/Image_24_jpg.rf.278c56f1390ad73e72a825a4bf4be8b3.jpg,raw/emam_v14/valid/labels/Image_24_jpg.rf.278c56f1390ad73e72a825a4bf4be8b3.txt,carrot
valid,raw/emam_v14/valid/images/Image_24_jpg.rf.9acde142052c75ef4ba18686294ec911.jpg,raw/emam_v14/valid/labels/Image_24_jpg.rf.9acde142052c75ef4ba18686294ec911.txt,beetroot
valid,raw/emam_v14/valid/images/Image_24_jpg.rf.ec67a0cf7feccae435be239bb6d4c788.jpg,raw/emam_v14/valid/labels/Image_24_jpg.rf.ec67a0cf7feccae435be239bb6d4c788.txt,cabbage
valid,raw/emam_v14/valid/images/Image_25_jpg.rf.78d770fc5187fad32bbbe0730b7d145d.jpg,raw/emam_v14/valid/labels/Image_25_jpg.rf.78d770fc5187fad32bbbe0730b7d145d.txt,bellpepper
valid,raw/emam_v14/valid/images/Image_25_jpg.rf.9ae6ecc425f59f37ed27fa81b13d5b24.jpg,raw/emam_v14/valid/labels/Image_25_jpg.rf.9ae6ecc425f59f37ed27fa81b13d5b24.txt,bellpepper
valid,raw/emam_v14/valid/images/Image_25_jpg.rf.ba84b8e59e90681bb3064e1888847cf6.jpg,raw/emam_v14/valid/labels/Image_25_jpg.rf.ba84b8e59e90681bb3064e1888847cf6.txt,ginger
valid,raw/emam_v14/valid/images/Image_25_jpg.rf.cb06dee422ba56b424bfdbf2c68dc733.jpg,raw/emam_v14/valid/labels/Image_25_jpg.rf.cb06dee422ba56b424bfdbf2c68dc733.txt,cucumber
valid,raw/emam_v14/valid/images/Image_25_jpg.rf.db3a0e5fb2b174a58c08055f0a6d885a.jpg,raw/emam_v14/valid/labels/Image_25_jpg.rf.db3a0e5fb2b174a58c08055f0a6d885a.txt,chillipepper
valid,raw/emam_v14/valid/images/Image_26_jpg.rf.060db76b77bab26fc659a00073e00e98.jpg,raw/emam_v14/valid/labels/Image_26_jpg.rf.060db76b77bab26fc659a00073e00e98.txt,turnip
valid,raw/emam_v14/valid/images/Image_26_jpg.rf.23a25389bfcdd4509058856cdc79c9ad.jpg,raw/emam_v14/valid/labels/Image_26_jpg.rf.23a25389bfcdd4509058856cdc79c9ad.txt,tomato
valid,raw/emam_v14/valid/images/Image_26_jpg.rf.427f65a37b55304321a936e30a50c86b.jpg,raw/emam_v14/valid/labels/Image_26_jpg.rf.427f65a37b55304321a936e30a50c86b.txt,carrot
valid,raw/emam_v14/valid/images/Image_26_jpg.rf.9a034025fde38f6d8b93bca7f7052022.jpg,raw/emam_v14/valid/labels/Image_26_jpg.rf.9a034025fde38f6d8b93bca7f7052022.txt,bellpepper
valid,raw/emam_v14/valid/images/Image_26_jpg.rf.a6ac523f15c556d52f0573f799899e5c.jpg,raw/emam_v14/valid/labels/Image_26_jpg.rf.a6ac523f15c556d52f0573f799899e5c.txt,lettuce
valid,raw/emam_v14/valid/images/Image_26_jpg.rf.cf66cf5d648b57a0e611fead0b3e5315.jpg,raw/emam_v14/valid/labels/Image_26_jpg.rf.cf66cf5d648b57a0e611fead0b3e5315.txt,cauliflower
valid,raw/emam_v14/valid/images/Image_27_jpg.rf.138c846f4a470bdd5dad967e734682dd.jpg,raw/emam_v14/valid/labels/Image_27_jpg.rf.138c846f4a470bdd5dad967e734682dd.txt,eggplant
valid,raw/emam_v14/valid/images/Image_27_jpg.rf.3c8e8856bfb89823abfb8e58335d710c.jpg,raw/emam_v14/valid/labels/Image_27_jpg.rf.3c8e8856bfb89823abfb8e58335d710c.txt,turnip
valid,raw/emam_v14/valid/images/Image_27_jpg.rf.77e4f10bf37f477d27c5919a6823f46a.jpg,raw/emam_v14/valid/labels/Image_27_jpg.rf.77e4f10bf37f477d27c5919a6823f46a.txt,onion
valid,raw/emam_v14/valid/images/Image_28_JPG_jpg.rf.94518d7b05df9978d857fbc1f0c0b948.jpg,raw/emam_v14/valid/labels/Image_28_JPG_jpg.rf.94518d7b05df9978d857fbc1f0c0b948.txt,sweetcorn
valid,raw/emam_v14/valid/images/Image_28_jpg.rf.0c3694a1c72872d804d60d12d73dc1b4.jpg,raw/emam_v14/valid/labels/Image_28_jpg.rf.0c3694a1c72872d804d60d12d73dc1b4.txt,cabbage
valid,raw/emam_v14/valid/images/Image_28_jpg.rf.2cd6bbea68b04f3461e1e53c69bfc135.jpg,raw/emam_v14/valid/labels/Image_28_jpg.rf.2cd6bbea68b04f3461e1e53c69bfc135.txt,cauliflower
valid,raw/emam_v14/valid/images/Image_28_jpg.rf.3f02cffc1b7df48318d076e27390fcda.jpg,raw/emam_v14/valid/labels/Image_28_jpg.rf.3f02cffc1b7df48318d076e27390fcda.txt,ginger
valid,raw/emam_v14/valid/images/Image_28_jpg.rf.e1673e5263b1e9937f53763f4174cfd4.jpg,raw/emam_v14/valid/labels/Image_28_jpg.rf.e1673e5263b1e9937f53763f4174cfd4.txt,turnip
valid,raw/emam_v14/valid/images/Image_29_jpg.rf.466972c297c798d41ebaecfed4c9e2fb.jpg,raw/emam_v14/valid/labels/Image_29_jpg.rf.466972c297c798d41ebaecfed4c9e2fb.txt,radish
valid,raw/emam_v14/valid/images/Image_29_jpg.rf.8c37cc7870090a0347dcddba2e410553.jpg,raw/emam_v14/valid/labels/Image_29_jpg.rf.8c37cc7870090a0347dcddba2e410553.txt,carrot
valid,raw/emam_v14/valid/images/Image_29_jpg.rf.8f95868bc99b840b047894afd9c69be1.jpg,raw/emam_v14/valid/labels/Image_29_jpg.rf.8f95868bc99b840b047894afd9c69be1.txt,spinach
valid,raw/emam_v14/valid/images/Image_29_jpg.rf.f88104ecf021f692791b5783f2c0b293.jpg,raw/emam_v14/valid/labels/Image_29_jpg.rf.f88104ecf021f692791b5783f2c0b293.txt,jalapeno
valid,raw/emam_v14/valid/images/Image_29_png_jpg.rf.d0caa8f220471c24b0743a9c51f340bd.jpg,raw/emam_v14/valid/labels/Image_29_png_jpg.rf.d0caa8f220471c24b0743a9c51f340bd.txt,ginger
valid,raw/emam_v14/valid/images/Image_2_jpg.rf.a558396e5bc673821424d11f7698b558.jpg,raw/emam_v14/valid/labels/Image_2_jpg.rf.a558396e5bc673821424d11f7698b558.txt,radish
valid,raw/emam_v14/valid/images/Image_2_jpg.rf.cb2938053de4b4fafce49ee2b1848265.jpg,raw/emam_v14/valid/labels/Image_2_jpg.rf.cb2938053de4b4fafce49ee2b1848265.txt,jalapeno
valid,raw/emam_v14/valid/images/Image_2_jpg.rf.d7ca420a56a01222dc7098e575af8c7e.jpg,raw/emam_v14/valid/labels/Image_2_jpg.rf.d7ca420a56a01222dc7098e575af8c7e.txt,turnip
valid,raw/emam_v14/valid/images/Image_2_jpg.rf.dc6d7b2a9a1b9f961f21bd8ac23fb21e.jpg,raw/emam_v14/valid/labels/Image_2_jpg.rf.dc6d7b2a9a1b9f961f21bd8ac23fb21e.txt,eggplant
valid,raw/emam_v14/valid/images/Image_2_png_jpg.rf.f7a55074cb4a10d1ccee7d9b214011eb.jpg,raw/emam_v14/valid/labels/Image_2_png_jpg.rf.f7a55074cb4a10d1ccee7d9b214011eb.txt,chillipepper
valid,raw/emam_v14/valid/images/Image_30_jpg.rf.4fbb7ceb6d6cbd065646e8b8c3727d0c.jpg,raw/emam_v14/valid/labels/Image_30_jpg.rf.4fbb7ceb6d6cbd065646e8b8c3727d0c.txt,turnip
valid,raw/emam_v14/valid/images/Image_30_jpg.rf.d9d6c49075f7ff3112ec6ace58f68ab7.jpg,raw/emam_v14/valid/labels/Image_30_jpg.rf.d9d6c49075f7ff3112ec6ace58f68ab7.txt,beetroot
valid,raw/emam_v14/valid/images/Image_30_jpg.rf.e8194b6172cece7bc2b0d9d9807081e2.jpg,raw/emam_v14/valid/labels/Image_30_jpg.rf.e8194b6172cece7bc2b0d9d9807081e2.txt,ladyfinger
valid,raw/emam_v14/valid/images/Image_30_png_jpg.rf.2989c42b17e45ee3bc42ac4123de70c6.jpg,raw/emam_v14/valid/labels/Image_30_png_jpg.rf.2989c42b17e45ee3bc42ac4123de70c6.txt,sweetcorn
valid,raw/emam_v14/valid/images/Image_31_jpg.rf.59c7b5454a1eaa3d727414393f59acf6.jpg,raw/emam_v14/valid/labels/Image_31_jpg.rf.59c7b5454a1eaa3d727414393f59acf6.txt,bellpepper
valid,raw/emam_v14/valid/images/Image_31_png_jpg.rf.e61043da53d1be4200dd7fe65b346d92.jpg,raw/emam_v14/valid/labels/Image_31_png_jpg.rf.e61043da53d1be4200dd7fe65b346d92.txt,onion
valid,raw/emam_v14/valid/images/Image_32_jpg.rf.17924429cd0cf6702a99d5cb22fa643d.jpg,raw/emam_v14/valid/labels/Image_32_jpg.rf.17924429cd0cf6702a99d5cb22fa643d.txt,onion
valid,raw/emam_v14/valid/images/Image_32_jpg.rf.24f5564b7ef7596cc12927b0d295545c.jpg,raw/emam_v14/valid/labels/Image_32_jpg.rf.24f5564b7ef7596cc12927b0d295545c.txt,ginger
valid,raw/emam_v14/valid/images/Image_32_jpg.rf.9ac0901e90a45aae439e30e608dc518d.jpg,raw/emam_v14/valid/labels/Image_32_jpg.rf.9ac0901e90a45aae439e30e608dc518d.txt,cabbage
valid,raw/emam_v14/valid/images/Image_32_jpg.rf.a367c8945b8457b0eb2ce6771712a59a.jpg,raw/emam_v14/valid/labels/Image_32_jpg.rf.a367c8945b8457b0eb2ce6771712a59a.txt,beetroot
valid,raw/emam_v14/valid/images/Image_33_jpg.rf.1942aa005ae8fec58f77ccddbba74c07.jpg,raw/emam_v14/valid/labels/Image_33_jpg.rf.1942aa005ae8fec58f77ccddbba74c07.txt,jalapeno
valid,raw/emam_v14/valid/images/Image_33_jpg.rf.1d78f33039bb90cb8fe8b0cff859db12.jpg,raw/emam_v14/valid/labels/Image_33_jpg.rf.1d78f33039bb90cb8fe8b0cff859db12.txt,bellpepper
valid,raw/emam_v14/valid/images/Image_33_jpg.rf.3ec69a481ca1d127b27b71b1432e0d6d.jpg,raw/emam_v14/valid/labels/Image_33_jpg.rf.3ec69a481ca1d127b27b71b1432e0d6d.txt,spinach
valid,raw/emam_v14/valid/images/Image_33_jpg.rf.a07ad2b96ca400f0ab6a84a250174290.jpg,raw/emam_v14/valid/labels/Image_33_jpg.rf.a07ad2b96ca400f0ab6a84a250174290.txt,sweetcorn
valid,raw/emam_v14/valid/images/Image_33_jpg.rf.ba2042f697ec29b90c575e3f4641be09.jpg,raw/emam_v14/valid/labels/Image_33_jpg.rf.ba2042f697ec29b90c575e3f4641be09.txt,lettuce
valid,raw/emam_v14/valid/images/Image_34_jpg.rf.215f67a8db5887e8ace7f161043764f2.jpg,raw/emam_v14/valid/labels/Image_34_jpg.rf.215f67a8db5887e8ace7f161043764f2.txt,lettuce
valid,raw/emam_v14/valid/images/Image_34_jpg.rf.869c109bb46e914225bc9ac15ed88dae.jpg,raw/emam_v14/valid/labels/Image_34_jpg.rf.869c109bb46e914225bc9ac15ed88dae.txt,jalapeno
valid,raw/emam_v14/valid/images/Image_34_jpg.rf.8e263750a20fe8bcdb281b6235363c20.jpg,raw/emam_v14/valid/labels/Image_34_jpg.rf.8e263750a20fe8bcdb281b6235363c20.txt,chillipepper
valid,raw/emam_v14/valid/images/Image_34_jpg.rf.a3adc9891d9b1ec377324dde84a17e53.jpg,raw/emam_v14/valid/labels/Image_34_jpg.rf.a3adc9891d9b1ec377324dde84a17e53.txt,garlic
valid,raw/emam_v14/valid/images/Image_34_jpg.rf.a40705c8f893fe0ecfd598d2a2bb589e.jpg,raw/emam_v14/valid/labels/Image_34_jpg.rf.a40705c8f893fe0ecfd598d2a2bb589e.txt,spinach
valid,raw/emam_v14/valid/images/Image_35_jpg.rf.733c9153eb2b02e098ff0f7d8de9fbc1.jpg,raw/emam_v14/valid/labels/Image_35_jpg.rf.733c9153eb2b02e098ff0f7d8de9fbc1.txt,corn
valid,raw/emam_v14/valid/images/Image_35_jpg.rf.c5893d9b0c55421be03c9bb864d243d9.jpg,raw/emam_v14/valid/labels/Image_35_jpg.rf.c5893d9b0c55421be03c9bb864d243d9.txt,cauliflower
valid,raw/emam_v14/valid/images/Image_35_jpg.rf.d55504b821df67446dfff0dd20a6879f.jpg,raw/emam_v14/valid/labels/Image_35_jpg.rf.d55504b821df67446dfff0dd20a6879f.txt,cabbage
valid,raw/emam_v14/valid/images/Image_35_jpg.rf.dc45c9191ebf10500b2d7bc17f9e440a.jpg,raw/emam_v14/valid/labels/Image_35_jpg.rf.dc45c9191ebf10500b2d7bc17f9e440a.txt,spinach
valid,raw/emam_v14/valid/images/Image_35_jpg.rf.ddb71c9d0d12ee5832d8ecc067cf69bf.jpg,raw/emam_v14/valid/labels/Image_35_jpg.rf.ddb71c9d0d12ee5832d8ecc067cf69bf.txt,bellpepper
valid,raw/emam_v14/valid/images/Image_35_jpg.rf.f047700db01f8a9e2db82ed24958ae7b.jpg,raw/emam_v14/valid/labels/Image_35_jpg.rf.f047700db01f8a9e2db82ed24958ae7b.txt,sweetcorn
valid,raw/emam_v14/valid/images/Image_36_jpeg_jpg.rf.817d0410f3989f33566a88e6197f54c7.jpg,raw/emam_v14/valid/labels/Image_36_jpeg_jpg.rf.817d0410f3989f33566a88e6197f54c7.txt,cabbage
valid,raw/emam_v14/valid/images/Image_36_jpg.rf.90a3ca503c1bbe9e7eacfe9c91a74651.jpg,raw/emam_v14/valid/labels/Image_36_jpg.rf.90a3ca503c1bbe9e7eacfe9c91a74651.txt,ginger
valid,raw/emam_v14/valid/images/Image_36_jpg.rf.c89c0009495676b65fdcfe81f43bbe60.jpg,raw/emam_v14/valid/labels/Image_36_jpg.rf.c89c0009495676b65fdcfe81f43bbe60.txt,eggplant
valid,raw/emam_v14/valid/images/Image_36_jpg.rf.df6563718a08f37844d0c23a45ca02c3.jpg,raw/emam_v14/valid/labels/Image_36_jpg.rf.df6563718a08f37844d0c23a45ca02c3.txt,turnip
valid,raw/emam_v14/valid/images/Image_36_jpg.rf.dfe942c3d859dec6aaf38bcff1b8d9af.jpg,raw/emam_v14/valid/labels/Image_36_jpg.rf.dfe942c3d859dec6aaf38bcff1b8d9af.txt,onion
valid,raw/emam_v14/valid/images/Image_36_png_jpg.rf.21de0328989b063fd7a0dfc6d46c7fe5.jpg,raw/emam_v14/valid/labels/Image_36_png_jpg.rf.21de0328989b063fd7a0dfc6d46c7fe5.txt,lemon
valid,raw/emam_v14/valid/images/Image_37_jpg.rf.00792038774346be14b2c7c6e880bd46.jpg,raw/emam_v14/valid/labels/Image_37_jpg.rf.00792038774346be14b2c7c6e880bd46.txt,garlic
valid,raw/emam_v14/valid/images/Image_37_jpg.rf.20263b25d2a92a0254d409274fe0e6e1.jpg,raw/emam_v14/valid/labels/Image_37_jpg.rf.20263b25d2a92a0254d409274fe0e6e1.txt,ladyfinger
valid,raw/emam_v14/valid/images/Image_37_jpg.rf.a4883fab6b902637eb27921cba664d00.jpg,raw/emam_v14/valid/labels/Image_37_jpg.rf.a4883fab6b902637eb27921cba664d00.txt,jalapeno
valid,raw/emam_v14/valid/images/Image_37_jpg.rf.f41f59463885850eb56f8958979250bf.jpg,raw/emam_v14/valid/labels/Image_37_jpg.rf.f41f59463885850eb56f8958979250bf.txt,eggplant
valid,raw/emam_v14/valid/images/Image_37_png_jpg.rf.8162b3f20cae469279e9c8deeedaca27.jpg,raw/emam_v14/valid/labels/Image_37_png_jpg.rf.8162b3f20cae469279e9c8deeedaca27.txt,lemon
valid,raw/emam_v14/valid/images/Image_38_jpg.rf.b714da880667b422eead577ab5f73def.jpg,raw/emam_v14/valid/labels/Image_38_jpg.rf.b714da880667b422eead577ab5f73def.txt,peas
valid,raw/emam_v14/valid/images/Image_38_jpg.rf.d12112c2f598505e3a8202bc0031bf15.jpg,raw/emam_v14/valid/labels/Image_38_jpg.rf.d12112c2f598505e3a8202bc0031bf15.txt,turnip
valid,raw/emam_v14/valid/images/Image_38_jpg.rf.ec9db3bf999291856d937a8c32cbedcb.jpg,raw/emam_v14/valid/labels/Image_38_jpg.rf.ec9db3bf999291856d937a8c32cbedcb.txt,bellpepper
valid,raw/emam_v14/valid/images/Image_38_jpg.rf.f8f5efdd690cdf3ae56bcc97c460fd61.jpg,raw/emam_v14/valid/labels/Image_38_jpg.rf.f8f5efdd690cdf3ae56bcc97c460fd61.txt,beetroot
valid,raw/emam_v14/valid/images/Image_38_png_jpg.rf.bfc5110e37e82354f92afb81f0adbdda.jpg,raw/emam_v14/valid/labels/Image_38_png_jpg.rf.bfc5110e37e82354f92afb81f0adbdda.txt,radish
valid,raw/emam_v14/valid/images/Image_38_png_jpg.rf.cf4eaed3097a127924ddcafda3d04a51.jpg,raw/emam_v14/valid/labels/Image_38_png_jpg.rf.cf4eaed3097a127924ddcafda3d04a51.txt,cucumber
valid,raw/emam_v14/valid/images/Image_39_jpg.rf.74a7169f1f0493f0dd2ec9c6c0ba01aa.jpg,raw/emam_v14/valid/labels/Image_39_jpg.rf.74a7169f1f0493f0dd2ec9c6c0ba01aa.txt,sweetpotato
valid,raw/emam_v14/valid/images/Image_39_jpg.rf.983c2935d4033f2f58f102247e472dee.jpg,raw/emam_v14/valid/labels/Image_39_jpg.rf.983c2935d4033f2f58f102247e472dee.txt,chillipepper
valid,raw/emam_v14/valid/images/Image_39_jpg.rf.a4966434ece4b3ff7b28ab1453dc7c58.jpg,raw/emam_v14/valid/labels/Image_39_jpg.rf.a4966434ece4b3ff7b28ab1453dc7c58.txt,jalapeno
valid,raw/emam_v14/valid/images/Image_39_jpg.rf.aa3cf3320d828523e32e0faaf665ae2a.jpg,raw/emam_v14/valid/labels/Image_39_jpg.rf.aa3cf3320d828523e32e0faaf665ae2a.txt,garlic|tomato
valid,raw/emam_v14/valid/images/Image_39_jpg.rf.abb95f4e703bfa82907e5da2649e108d.jpg,raw/emam_v14/valid/labels/Image_39_jpg.rf.abb95f4e703bfa82907e5da2649e108d.txt,onion
valid,raw/emam_v14/valid/images/Image_39_jpg.rf.d7e658c8fc506969cf8dd4e2c0b2f77b.jpg,raw/emam_v14/valid/labels/Image_39_jpg.rf.d7e658c8fc506969cf8dd4e2c0b2f77b.txt,beetroot
valid,raw/emam_v14/valid/images/Image_39_jpg.rf.e437dc180e6a6af00a175f68b1e65682.jpg,raw/emam_v14/valid/labels/Image_39_jpg.rf.e437dc180e6a6af00a175f68b1e65682.txt,sweetcorn
valid,raw/emam_v14/valid/images/Image_3_JPG_jpg.rf.635053f972d01f696402732c505f2e92.jpg,raw/emam_v14/valid/labels/Image_3_JPG_jpg.rf.635053f972d01f696402732c505f2e92.txt,bellpepper
valid,raw/emam_v14/valid/images/Image_3_jpg.rf.072b5e5298c001339d3a7fdc2bf6c7e8.jpg,raw/emam_v14/valid/labels/Image_3_jpg.rf.072b5e5298c001339d3a7fdc2bf6c7e8.txt,radish
valid,raw/emam_v14/valid/images/Image_3_jpg.rf.74d62dd38e99e433a6c72ef33e796e10.jpg,raw/emam_v14/valid/labels/Image_3_jpg.rf.74d62dd38e99e433a6c72ef33e796e10.txt,beetroot
valid,raw/emam_v14/valid/images/Image_3_jpg.rf.810ee88b10accd167e862c786bc2659a.jpg,raw/emam_v14/valid/labels/Image_3_jpg.rf.810ee88b10accd167e862c786bc2659a.txt,onion
valid,raw/emam_v14/valid/images/Image_3_jpg.rf.845e3853d1d4ca593e256fa22d2afc83.jpg,raw/emam_v14/valid/labels/Image_3_jpg.rf.845e3853d1d4ca593e256fa22d2afc83.txt,spinach
valid,raw/emam_v14/valid/images/Image_3_jpg.rf.b17aed21d0338ca170a86b074cdc9251.jpg,raw/emam_v14/valid/labels/Image_3_jpg.rf.b17aed21d0338ca170a86b074cdc9251.txt,eggplant
valid,raw/emam_v14/valid/images/Image_3_jpg.rf.e0913512c719682fcdd0dd4c7082f6c5.jpg,raw/emam_v14/valid/labels/Image_3_jpg.rf.e0913512c719682fcdd0dd4c7082f6c5.txt,garlic
valid,raw/emam_v14/valid/images/Image_40_jpg.rf.34cf04a8d526cfa2bd5fbe9de591b911.jpg,raw/emam_v14/valid/labels/Image_40_jpg.rf.34cf04a8d526cfa2bd5fbe9de591b911.txt,corn
valid,raw/emam_v14/valid/images/Image_40_jpg.rf.3e1f28a1b30f1033d6d99da0348ce810.jpg,raw/emam_v14/valid/labels/Image_40_jpg.rf.3e1f28a1b30f1033d6d99da0348ce810.txt,sweetcorn
valid,raw/emam_v14/valid/images/Image_40_jpg.rf.4176348fcdd6eee07e1232b1e8989034.jpg,raw/emam_v14/valid/labels/Image_40_jpg.rf.4176348fcdd6eee07e1232b1e8989034.txt,carrot
valid,raw/emam_v14/valid/images/Image_40_jpg.rf.5791070c4278bc04c6712c251429d765.jpg,raw/emam_v14/valid/labels/Image_40_jpg.rf.5791070c4278bc04c6712c251429d765.txt,beetroot
valid,raw/emam_v14/valid/images/Image_41_jpg.rf.266fd5dfd90a701f0b2eb60775b2ee35.jpg,raw/emam_v14/valid/labels/Image_41_jpg.rf.266fd5dfd90a701f0b2eb60775b2ee35.txt,tomato
valid,raw/emam_v14/valid/images/Image_41_jpg.rf.365839d3cee1997ed4bd0d64b6b3b4da.jpg,raw/emam_v14/valid/labels/Image_41_jpg.rf.365839d3cee1997ed4bd0d64b6b3b4da.txt,bellpepper
valid,raw/emam_v14/valid/images/Image_41_jpg.rf.b3f90d8587bbc0f6aa65659363e4e182.jpg,raw/emam_v14/valid/labels/Image_41_jpg.rf.b3f90d8587bbc0f6aa65659363e4e182.txt,chillipepper
valid,raw/emam_v14/valid/images/Image_41_png_jpg.rf.c236c5b28765fcefe54abc812ba8246b.jpg,raw/emam_v14/valid/labels/Image_41_png_jpg.rf.c236c5b28765fcefe54abc812ba8246b.txt,bellpepper
valid,raw/emam_v14/valid/images/Image_41_png_jpg.rf.fe0906e935b79131d941c03a694364f2.jpg,raw/emam_v14/valid/labels/Image_41_png_jpg.rf.fe0906e935b79131d941c03a694364f2.txt,cucumber
valid,raw/emam_v14/valid/images/Image_42_jpg.rf.1cdb8220600f453f00766bb068e974e9.jpg,raw/emam_v14/valid/labels/Image_42_jpg.rf.1cdb8220600f453f00766bb068e974e9.txt,spinach
valid,raw/emam_v14/valid/images/Image_42_jpg.rf.27fb6610f3c8998f55756c24a768e249.jpg,raw/emam_v14/valid/labels/Image_42_jpg.rf.27fb6610f3c8998f55756c24a768e249.txt,bellpepper
valid,raw/emam_v14/valid/images/Image_42_jpg.rf.2c6f89bdc361029329c4e12910d3e54d.jpg,raw/emam_v14/valid/labels/Image_42_jpg.rf.2c6f89bdc361029329c4e12910d3e54d.txt,lemon
valid,raw/emam_v14/valid/images/Image_42_jpg.rf.2eb61836181611b6c21b293e11d4a46c.jpg,raw/emam_v14/valid/labels/Image_42_jpg.rf.2eb61836181611b6c21b293e11d4a46c.txt,sweetpotato
valid,raw/emam_v14/valid/images/Image_42_jpg.rf.4ea7f7265c301c4b506b353ca726f5c4.jpg,raw/emam_v14/valid/labels/Image_42_jpg.rf.4ea7f7265c301c4b506b353ca726f5c4.txt,carrot
valid,raw/emam_v14/valid/images/Image_42_jpg.rf.70171b18fd365bc8573c05a441fdfa28.jpg,raw/emam_v14/valid/labels/Image_42_jpg.rf.70171b18fd365bc8573c05a441fdfa28.txt,cauliflower
valid,raw/emam_v14/valid/images/Image_42_jpg.rf.a089536d6e3a96b6e3c97c876229a28d.jpg,raw/emam_v14/valid/labels/Image_42_jpg.rf.a089536d6e3a96b6e3c97c876229a28d.txt,bellpepper
valid,raw/emam_v14/valid/images/Image_42_png_jpg.rf.4cc03df96d235070b8f6a15caae94dda.jpg,raw/emam_v14/valid/labels/Image_42_png_jpg.rf.4cc03df96d235070b8f6a15caae94dda.txt,garlic
valid,raw/emam_v14/valid/images/Image_43_jpeg_jpg.rf.08fa73bd5009e8c70b1d51c19a02c068.jpg,raw/emam_v14/valid/labels/Image_43_jpeg_jpg.rf.08fa73bd5009e8c70b1d51c19a02c068.txt,lemon
valid,raw/emam_v14/valid/images/Image_43_jpg.rf.555820db0eaf041cb241224a409137e6.jpg,raw/emam_v14/valid/labels/Image_43_jpg.rf.555820db0eaf041cb241224a409137e6.txt,radish
valid,raw/emam_v14/valid/images/Image_44_jpg.rf.e980c7cb0ac9bb83f0a05bfa10aa17bf.jpg,raw/emam_v14/valid/labels/Image_44_jpg.rf.e980c7cb0ac9bb83f0a05bfa10aa17bf.txt,lettuce
valid,raw/emam_v14/valid/images/Image_45_jpg.rf.21c5202763869af7bd145f244dfee06b.jpg,raw/emam_v14/valid/labels/Image_45_jpg.rf.21c5202763869af7bd145f244dfee06b.txt,spinach
valid,raw/emam_v14/valid/images/Image_45_jpg.rf.23881d05c9701b389a613812b9a22d01.jpg,raw/emam_v14/valid/labels/Image_45_jpg.rf.23881d05c9701b389a613812b9a22d01.txt,potato
valid,raw/emam_v14/valid/images/Image_45_png_jpg.rf.4c2499bb3219c711c021f5fec93a9718.jpg,raw/emam_v14/valid/labels/Image_45_png_jpg.rf.4c2499bb3219c711c021f5fec93a9718.txt,garlic
valid,raw/emam_v14/valid/images/Image_45_png_jpg.rf.e375d6f82d948a8e2f6133e65e47f7d7.jpg,raw/emam_v14/valid/labels/Image_45_png_jpg.rf.e375d6f82d948a8e2f6133e65e47f7d7.txt,lemon
valid,raw/emam_v14/valid/images/Image_46_jpg.rf.3ec2cf4016a96db4eb9b259534a49adf.jpg,raw/emam_v14/valid/labels/Image_46_jpg.rf.3ec2cf4016a96db4eb9b259534a49adf.txt,turnip
valid,raw/emam_v14/valid/images/Image_46_jpg.rf.3faffa172c573f300ddfe785898f54e1.jpg,raw/emam_v14/valid/labels/Image_46_jpg.rf.3faffa172c573f300ddfe785898f54e1.txt,jalapeno
valid,raw/emam_v14/valid/images/Image_46_jpg.rf.4ea4ea95ee5677e256f35a8785867f56.jpg,raw/emam_v14/valid/labels/Image_46_jpg.rf.4ea4ea95ee5677e256f35a8785867f56.txt,ladyfinger
valid,raw/emam_v14/valid/images/Image_47_jpg.rf.2a4b7e04ff076897c52e464949a8824e.jpg,raw/emam_v14/valid/labels/Image_47_jpg.rf.2a4b7e04ff076897c52e464949a8824e.txt,tomato
valid,raw/emam_v14/valid/images/Image_47_jpg.rf.65d54f157d680f2134fd97a281addd98.jpg,raw/emam_v14/valid/labels/Image_47_jpg.rf.65d54f157d680f2134fd97a281addd98.txt,bellpepper
valid,raw/emam_v14/valid/images/Image_47_jpg.rf.8b3823d1da59e885e2fe79e526cb4b0e.jpg,raw/emam_v14/valid/labels/Image_47_jpg.rf.8b3823d1da59e885e2fe79e526cb4b0e.txt,spinach
valid,raw/emam_v14/valid/images/Image_47_jpg.rf.8e2f2ed4cd9bde6ec201a59fb833e7f1.jpg,raw/emam_v14/valid/labels/Image_47_jpg.rf.8e2f2ed4cd9bde6ec201a59fb833e7f1.txt,sweetcorn
valid,raw/emam_v14/valid/images/Image_47_jpg.rf.d33a6c68e152ea3e19b51c969c1358a6.jpg,raw/emam_v14/valid/labels/Image_47_jpg.rf.d33a6c68e152ea3e19b51c969c1358a6.txt,lettuce
valid,raw/emam_v14/valid/images/Image_48_jpg.rf.61d51e0efb6c7c0aa0d80d9ed2227129.jpg,raw/emam_v14/valid/labels/Image_48_jpg.rf.61d51e0efb6c7c0aa0d80d9ed2227129.txt,potato
valid,raw/emam_v14/valid/images/Image_48_jpg.rf.822a6a5c271e3cdac462874519446408.jpg,raw/emam_v14/valid/labels/Image_48_jpg.rf.822a6a5c271e3cdac462874519446408.txt,cabbage
valid,raw/emam_v14/valid/images/Image_48_png_jpg.rf.19d6804ae0ad4053fe518b8e3f4cb5e6.jpg,raw/emam_v14/valid/labels/Image_48_png_jpg.rf.19d6804ae0ad4053fe518b8e3f4cb5e6.txt,cauliflower
valid,raw/emam_v14/valid/images/Image_49_jpg.rf.20c9eddeae5a52aadf83bf449064a4c9.jpg,raw/emam_v14/valid/labels/Image_49_jpg.rf.20c9eddeae5a52aadf83bf449064a4c9.txt,lemon
valid,raw/emam_v14/valid/images/Image_49_jpg.rf.912a9d0e4eb2a21cd9ff7004a3a93f35.jpg,raw/emam_v14/valid/labels/Image_49_jpg.rf.912a9d0e4eb2a21cd9ff7004a3a93f35.txt,bellpepper
valid,raw/emam_v14/valid/images/Image_49_png_jpg.rf.88441e62d7efa4ca1ece8deb3cff6b10.jpg,raw/emam_v14/valid/labels/Image_49_png_jpg.rf.88441e62d7efa4ca1ece8deb3cff6b10.txt,onion
valid,raw/emam_v14/valid/images/Image_4_jpg.rf.115017df38b4d50eb6a5793366ec9576.jpg,raw/emam_v14/valid/labels/Image_4_jpg.rf.115017df38b4d50eb6a5793366ec9576.txt,turnip
valid,raw/emam_v14/valid/images/Image_4_jpg.rf.226e74566b9d78a56edc24eb43ed2050.jpg,raw/emam_v14/valid/labels/Image_4_jpg.rf.226e74566b9d78a56edc24eb43ed2050.txt,radish
valid,raw/emam_v14/valid/images/Image_4_jpg.rf.2d7134d74b310ce41005f76e02367545.jpg,raw/emam_v14/valid/labels/Image_4_jpg.rf.2d7134d74b310ce41005f76e02367545.txt,garlic
valid,raw/emam_v14/valid/images/Image_4_jpg.rf.4f3efbc42aca7f74af5abf1bffc40125.jpg,raw/emam_v14/valid/labels/Image_4_jpg.rf.4f3efbc42aca7f74af5abf1bffc40125.txt,peas
valid,raw/emam_v14/valid/images/Image_4_jpg.rf.5899803eec5dd45a187344e08206bf9f.jpg,raw/emam_v14/valid/labels/Image_4_jpg.rf.5899803eec5dd45a187344e08206bf9f.txt,ladyfinger
valid,raw/emam_v14/valid/images/Image_4_jpg.rf.6df77dc29bf2820234a7e1857d540b62.jpg,raw/emam_v14/valid/labels/Image_4_jpg.rf.6df77dc29bf2820234a7e1857d540b62.txt,potato
valid,raw/emam_v14/valid/images/Image_4_jpg.rf.889d5aca2f6a04feb6a1ff00d9e32140.jpg,raw/emam_v14/valid/labels/Image_4_jpg.rf.889d5aca2f6a04feb6a1ff00d9e32140.txt,beetroot
valid,raw/emam_v14/valid/images/Image_4_jpg.rf.8dc800f45af02399a058a406865e8229.jpg,raw/emam_v14/valid/labels/Image_4_jpg.rf.8dc800f45af02399a058a406865e8229.txt,cucumber
valid,raw/emam_v14/valid/images/Image_4_jpg.rf.bbb0436a9954bbedb029ea740eb106bc.jpg,raw/emam_v14/valid/labels/Image_4_jpg.rf.bbb0436a9954bbedb029ea740eb106bc.txt,chillipepper
valid,raw/emam_v14/valid/images/Image_50_JPG_jpg.rf.b8574a1250fe40c04cc0167c38bffec0.jpg,raw/emam_v14/valid/labels/Image_50_JPG_jpg.rf.b8574a1250fe40c04cc0167c38bffec0.txt,cucumber
valid,raw/emam_v14/valid/images/Image_50_jpeg_jpg.rf.4d71b77942f5d31cfe3f0cc5e6459894.jpg,raw/emam_v14/valid/labels/Image_50_jpeg_jpg.rf.4d71b77942f5d31cfe3f0cc5e6459894.txt,ladyfinger
valid,raw/emam_v14/valid/images/Image_50_jpg.rf.33a7b08df1404ce11879f40f93aaf9a3.jpg,raw/emam_v14/valid/labels/Image_50_jpg.rf.33a7b08df1404ce11879f40f93aaf9a3.txt,bellpepper
valid,raw/emam_v14/valid/images/Image_50_jpg.rf.4aa178c35b7740460f7cedcede6f5434.jpg,raw/emam_v14/valid/labels/Image_50_jpg.rf.4aa178c35b7740460f7cedcede6f5434.txt,corn
valid,raw/emam_v14/valid/images/Image_50_jpg.rf.4be50e40145e43cd8d55695ce80cb0c5.jpg,raw/emam_v14/valid/labels/Image_50_jpg.rf.4be50e40145e43cd8d55695ce80cb0c5.txt,jalapeno
valid,raw/emam_v14/valid/images/Image_50_jpg.rf.e14ff03ca7d58c1aa20428fe911d1a5f.jpg,raw/emam_v14/valid/labels/Image_50_jpg.rf.e14ff03ca7d58c1aa20428fe911d1a5f.txt,cabbage
valid,raw/emam_v14/valid/images/Image_51_jpg.rf.0b2132ac0d9f777fbde713e489fa45e9.jpg,raw/emam_v14/valid/labels/Image_51_jpg.rf.0b2132ac0d9f777fbde713e489fa45e9.txt,lemon
valid,raw/emam_v14/valid/images/Image_51_jpg.rf.50fc26438c8064a84aa6784f77763a3b.jpg,raw/emam_v14/valid/labels/Image_51_jpg.rf.50fc26438c8064a84aa6784f77763a3b.txt,eggplant
valid,raw/emam_v14/valid/images/Image_51_jpg.rf.52937fc897bee9f5566cf69b21bfdf3e.jpg,raw/emam_v14/valid/labels/Image_51_jpg.rf.52937fc897bee9f5566cf69b21bfdf3e.txt,peas
valid,raw/emam_v14/valid/images/Image_51_jpg.rf.69c179e6478f31477827c97213440799.jpg,raw/emam_v14/valid/labels/Image_51_jpg.rf.69c179e6478f31477827c97213440799.txt,potato
valid,raw/emam_v14/valid/images/Image_51_jpg.rf.7bb3707f5578a43f91506dd480ab8eb6.jpg,raw/emam_v14/valid/labels/Image_51_jpg.rf.7bb3707f5578a43f91506dd480ab8eb6.txt,carrot
valid,raw/emam_v14/valid/images/Image_51_jpg.rf.96341a8df5e618f8659ef7d7230d2fb3.jpg,raw/emam_v14/valid/labels/Image_51_jpg.rf.96341a8df5e618f8659ef7d7230d2fb3.txt,sweetcorn
valid,raw/emam_v14/valid/images/Image_51_jpg.rf.cdd848d94d5e980fcb5d1a6fe09e57ac.jpg,raw/emam_v14/valid/labels/Image_51_jpg.rf.cdd848d94d5e980fcb5d1a6fe09e57ac.txt,lettuce
valid,raw/emam_v14/valid/images/Image_52_jpeg_jpg.rf.957775606d25ecaa167530be6de438a9.jpg,raw/emam_v14/valid/labels/Image_52_jpeg_jpg.rf.957775606d25ecaa167530be6de438a9.txt,ladyfinger
valid,raw/emam_v14/valid/images/Image_52_jpg.rf.2cc1f9997335a6c2c0cadc5c079d2aed.jpg,raw/emam_v14/valid/labels/Image_52_jpg.rf.2cc1f9997335a6c2c0cadc5c079d2aed.txt,lettuce
valid,raw/emam_v14/valid/images/Image_53_jpeg_jpg.rf.07092c26eb4537ff3668cf7c075f70a1.jpg,raw/emam_v14/valid/labels/Image_53_jpeg_jpg.rf.07092c26eb4537ff3668cf7c075f70a1.txt,ladyfinger
valid,raw/emam_v14/valid/images/Image_53_jpg.rf.34558c789b553dd5958932b863f53890.jpg,raw/emam_v14/valid/labels/Image_53_jpg.rf.34558c789b553dd5958932b863f53890.txt,potato
valid,raw/emam_v14/valid/images/Image_53_jpg.rf.675a510fede00955ccb6fc06f611f4fa.jpg,raw/emam_v14/valid/labels/Image_53_jpg.rf.675a510fede00955ccb6fc06f611f4fa.txt,corn
valid,raw/emam_v14/valid/images/Image_53_jpg.rf.78211eed9a79c1a56f0d3dc32649636c.jpg,raw/emam_v14/valid/labels/Image_53_jpg.rf.78211eed9a79c1a56f0d3dc32649636c.txt,sweetpotato
valid,raw/emam_v14/valid/images/Image_54_jpg.rf.1e86cf190ede35484555fecffb11af1b.jpg,raw/emam_v14/valid/labels/Image_54_jpg.rf.1e86cf190ede35484555fecffb11af1b.txt,carrot
valid,raw/emam_v14/valid/images/Image_54_jpg.rf.20b3b1989aed18d369613cddbb4bb457.jpg,raw/emam_v14/valid/labels/Image_54_jpg.rf.20b3b1989aed18d369613cddbb4bb457.txt,sweetpotato
valid,raw/emam_v14/valid/images/Image_54_jpg.rf.968eab386e618b3c595a6fa290b4e720.jpg,raw/emam_v14/valid/labels/Image_54_jpg.rf.968eab386e618b3c595a6fa290b4e720.txt,garlic
valid,raw/emam_v14/valid/images/Image_55_jpeg_jpg.rf.2e6e47297701537a07bc3d9bb272b2be.jpg,raw/emam_v14/valid/labels/Image_55_jpeg_jpg.rf.2e6e47297701537a07bc3d9bb272b2be.txt,ladyfinger
valid,raw/emam_v14/valid/images/Image_55_jpg.rf.3f193d4ef50eff1911220e43632278a4.jpg,raw/emam_v14/valid/labels/Image_55_jpg.rf.3f193d4ef50eff1911220e43632278a4.txt,tomato
valid,raw/emam_v14/valid/images/Image_55_jpg.rf.4d85f408a2d9eac8b6629c8871c5017f.jpg,raw/emam_v14/valid/labels/Image_55_jpg.rf.4d85f408a2d9eac8b6629c8871c5017f.txt,sweetpotato
valid,raw/emam_v14/valid/images/Image_55_jpg.rf.938456fba11ce47c8d752effee07ee84.jpg,raw/emam_v14/valid/labels/Image_55_jpg.rf.938456fba11ce47c8d752effee07ee84.txt,eggplant
valid,raw/emam_v14/valid/images/Image_55_jpg.rf.d4fe7765f0a1d3070948d44e68c71981.jpg,raw/emam_v14/valid/labels/Image_55_jpg.rf.d4fe7765f0a1d3070948d44e68c71981.txt,carrot
valid,raw/emam_v14/valid/images/Image_56_jpg.rf.71a9685a8969cae457d641cb5c388194.jpg,raw/emam_v14/valid/labels/Image_56_jpg.rf.71a9685a8969cae457d641cb5c388194.txt,bellpepper
valid,raw/emam_v14/valid/images/Image_56_jpg.rf.9949ef4c29097b8bb076d8c895215fdf.jpg,raw/emam_v14/valid/labels/Image_56_jpg.rf.9949ef4c29097b8bb076d8c895215fdf.txt,lettuce
valid,raw/emam_v14/valid/images/Image_56_jpg.rf.c1e17e2c2876bf516e0a3ef2c9c1d6e6.jpg,raw/emam_v14/valid/labels/Image_56_jpg.rf.c1e17e2c2876bf516e0a3ef2c9c1d6e6.txt,lemon
valid,raw/emam_v14/valid/images/Image_56_jpg.rf.d500c3bc19fc87065307d6c3240d8705.jpg,raw/emam_v14/valid/labels/Image_56_jpg.rf.d500c3bc19fc87065307d6c3240d8705.txt,eggplant
valid,raw/emam_v14/valid/images/Image_57_jpg.rf.0b90a35806fb936f6d676d3f16a5f353.jpg,raw/emam_v14/valid/labels/Image_57_jpg.rf.0b90a35806fb936f6d676d3f16a5f353.txt,chillipepper
valid,raw/emam_v14/valid/images/Image_57_jpg.rf.3c81d5d79c19bd024f316d10597c751e.jpg,raw/emam_v14/valid/labels/Image_57_jpg.rf.3c81d5d79c19bd024f316d10597c751e.txt,spinach
valid,raw/emam_v14/valid/images/Image_58_jpg.rf.55341fa6d76ed51fa30d155ec946489f.jpg,raw/emam_v14/valid/labels/Image_58_jpg.rf.55341fa6d76ed51fa30d155ec946489f.txt,garlic
valid,raw/emam_v14/valid/images/Image_59_jpeg_jpg.rf.f7f257b6f6a2b218f280be26ec0b9e82.jpg,raw/emam_v14/valid/labels/Image_59_jpeg_jpg.rf.f7f257b6f6a2b218f280be26ec0b9e82.txt,ladyfinger
valid,raw/emam_v14/valid/images/Image_59_jpg.rf.36609b06772bb7c73f731f49f4c71fd8.jpg,raw/emam_v14/valid/labels/Image_59_jpg.rf.36609b06772bb7c73f731f49f4c71fd8.txt,spinach
valid,raw/emam_v14/valid/images/Image_59_jpg.rf.7594832e736aec5bdd03a045b6c618f8.jpg,raw/emam_v14/valid/labels/Image_59_jpg.rf.7594832e736aec5bdd03a045b6c618f8.txt,sweetcorn
valid,raw/emam_v14/valid/images/Image_59_png_jpg.rf.50b040d6771b931f3e348cf4b02d3ec7.jpg,raw/emam_v14/valid/labels/Image_59_png_jpg.rf.50b040d6771b931f3e348cf4b02d3ec7.txt,radish
valid,raw/emam_v14/valid/images/Image_59_png_jpg.rf.c1d66df647504059fa7f0bebdeee0835.jpg,raw/emam_v14/valid/labels/Image_59_png_jpg.rf.c1d66df647504059fa7f0bebdeee0835.txt,garlic
valid,raw/emam_v14/valid/images/Image_59_png_jpg.rf.ece569683af4e5090cb57daa409e7d3f.jpg,raw/emam_v14/valid/labels/Image_59_png_jpg.rf.ece569683af4e5090cb57daa409e7d3f.txt,cucumber
valid,raw/emam_v14/valid/images/Image_5_jpg.rf.7c463ceeab4b93dc9109836154db9af8.jpg,raw/emam_v14/valid/labels/Image_5_jpg.rf.7c463ceeab4b93dc9109836154db9af8.txt,peas
valid,raw/emam_v14/valid/images/Image_60_jpeg_jpg.rf.08be41ae7296171ed595b54f0eec31fc.jpg,raw/emam_v14/valid/labels/Image_60_jpeg_jpg.rf.08be41ae7296171ed595b54f0eec31fc.txt,ladyfinger
valid,raw/emam_v14/valid/images/Image_60_jpg.rf.94f4f87481f60f67f2e2207adcfeb918.jpg,raw/emam_v14/valid/labels/Image_60_jpg.rf.94f4f87481f60f67f2e2207adcfeb918.txt,ginger
valid,raw/emam_v14/valid/images/Image_60_jpg.rf.e366e25469509e9650ee8ab20e87efc8.jpg,raw/emam_v14/valid/labels/Image_60_jpg.rf.e366e25469509e9650ee8ab20e87efc8.txt,onion
valid,raw/emam_v14/valid/images/Image_61_jpg.rf.53b3553046e86d50bc61a16e4faa7c88.jpg,raw/emam_v14/valid/labels/Image_61_jpg.rf.53b3553046e86d50bc61a16e4faa7c88.txt,garlic
valid,raw/emam_v14/valid/images/Image_61_jpg.rf.6d51559641eb66570240ab37a6a1fc51.jpg,raw/emam_v14/valid/labels/Image_61_jpg.rf.6d51559641eb66570240ab37a6a1fc51.txt,chillipepper
valid,raw/emam_v14/valid/images/Image_61_jpg.rf.7c5db59d5173c869e3c24eedc50a23db.jpg,raw/emam_v14/valid/labels/Image_61_jpg.rf.7c5db59d5173c869e3c24eedc50a23db.txt,chillipepper
valid,raw/emam_v14/valid/images/Image_61_jpg.rf.e2e665682dd249eb0475962523930349.jpg,raw/emam_v14/valid/labels/Image_61_jpg.rf.e2e665682dd249eb0475962523930349.txt,lettuce
valid,raw/emam_v14/valid/images/Image_62_jpg.rf.31f02342eb18b5db356963f742ee9756.jpg,raw/emam_v14/valid/labels/Image_62_jpg.rf.31f02342eb18b5db356963f742ee9756.txt,spinach
valid,raw/emam_v14/valid/images/Image_62_jpg.rf.8b6d271ee44033d8c1fe9a8a42652147.jpg,raw/emam_v14/valid/labels/Image_62_jpg.rf.8b6d271ee44033d8c1fe9a8a42652147.txt,lettuce
valid,raw/emam_v14/valid/images/Image_62_jpg.rf.e08b4e4f9430d3cdba94cf6f6e6410fa.jpg,raw/emam_v14/valid/labels/Image_62_jpg.rf.e08b4e4f9430d3cdba94cf6f6e6410fa.txt,garlic
valid,raw/emam_v14/valid/images/Image_62_png_jpg.rf.d698bda222320a59366aed076a8e7fb8.jpg,raw/emam_v14/valid/labels/Image_62_png_jpg.rf.d698bda222320a59366aed076a8e7fb8.txt,tomato
valid,raw/emam_v14/valid/images/Image_63_jpg.rf.1f23fe73124af6f619dcb62f7c0797c7.jpg,raw/emam_v14/valid/labels/Image_63_jpg.rf.1f23fe73124af6f619dcb62f7c0797c7.txt,eggplant
valid,raw/emam_v14/valid/images/Image_63_jpg.rf.777bc3864e2169b5a3b5784525df28bd.jpg,raw/emam_v14/valid/labels/Image_63_jpg.rf.777bc3864e2169b5a3b5784525df28bd.txt,tomato
valid,raw/emam_v14/valid/images/Image_63_jpg.rf.d5ae08b2723ef0aaeb4df82927bd426a.jpg,raw/emam_v14/valid/labels/Image_63_jpg.rf.d5ae08b2723ef0aaeb4df82927bd426a.txt,sweetpotato
valid,raw/emam_v14/valid/images/Image_63_jpg.rf.e4cf77cc1334ed32385f1f63b31ed54f.jpg,raw/emam_v14/valid/labels/Image_63_jpg.rf.e4cf77cc1334ed32385f1f63b31ed54f.txt,chillipepper
valid,raw/emam_v14/valid/images/Image_63_png_jpg.rf.168fae99263cd70585ad65c452ee5ba3.jpg,raw/emam_v14/valid/labels/Image_63_png_jpg.rf.168fae99263cd70585ad65c452ee5ba3.txt,cabbage
valid,raw/emam_v14/valid/images/Image_64_jpeg_jpg.rf.8123c36c38bbef279371afb628ada2f0.jpg,raw/emam_v14/valid/labels/Image_64_jpeg_jpg.rf.8123c36c38bbef279371afb628ada2f0.txt,onion
valid,raw/emam_v14/valid/images/Image_64_jpg.rf.178ca883bdac4e9276283383dc02e608.jpg,raw/emam_v14/valid/labels/Image_64_jpg.rf.178ca883bdac4e9276283383dc02e608.txt,garlic
valid,raw/emam_v14/valid/images/Image_64_jpg.rf.22144c517760abd522b7efc34a448499.jpg,raw/emam_v14/valid/labels/Image_64_jpg.rf.22144c517760abd522b7efc34a448499.txt,sweetpotato
valid,raw/emam_v14/valid/images/Image_65_jpg.rf.167546fb8e39a11f53a6fe1164134531.jpg,raw/emam_v14/valid/labels/Image_65_jpg.rf.167546fb8e39a11f53a6fe1164134531.txt,turnip
valid,raw/emam_v14/valid/images/Image_65_jpg.rf.22c72eff95d59f6b34c58b39821f02d5.jpg,raw/emam_v14/valid/labels/Image_65_jpg.rf.22c72eff95d59f6b34c58b39821f02d5.txt,corn
valid,raw/emam_v14/valid/images/Image_65_jpg.rf.b68bf364e8e919f25636e1ec034e27b6.jpg,raw/emam_v14/valid/labels/Image_65_jpg.rf.b68bf364e8e919f25636e1ec034e27b6.txt,beetroot
valid,raw/emam_v14/valid/images/Image_65_jpg.rf.be8dd38299a6bdb404f566d5415a9e06.jpg,raw/emam_v14/valid/labels/Image_65_jpg.rf.be8dd38299a6bdb404f566d5415a9e06.txt,onion
valid,raw/emam_v14/valid/images/Image_65_jpg.rf.e60eace44fa3c3b5e9f257b64ead2ec7.jpg,raw/emam_v14/valid/labels/Image_65_jpg.rf.e60eace44fa3c3b5e9f257b64ead2ec7.txt,spinach
valid,raw/emam_v14/valid/images/Image_66_jpg.rf.1d3b62ac7006611fb5b0033be6f78341.jpg,raw/emam_v14/valid/labels/Image_66_jpg.rf.1d3b62ac7006611fb5b0033be6f78341.txt,lettuce
valid,raw/emam_v14/valid/images/Image_66_jpg.rf.67fb4747cdf8efbf83a3a5772c4e5190.jpg,raw/emam_v14/valid/labels/Image_66_jpg.rf.67fb4747cdf8efbf83a3a5772c4e5190.txt,sweetcorn
valid,raw/emam_v14/valid/images/Image_66_jpg.rf.ee78ea860a4901bd1beb06cc67137e06.jpg,raw/emam_v14/valid/labels/Image_66_jpg.rf.ee78ea860a4901bd1beb06cc67137e06.txt,potato
valid,raw/emam_v14/valid/images/Image_67_jpg.rf.298fccb2fdd66fc3e0255787d281870f.jpg,raw/emam_v14/valid/labels/Image_67_jpg.rf.298fccb2fdd66fc3e0255787d281870f.txt,sweetcorn
valid,raw/emam_v14/valid/images/Image_67_jpg.rf.5b751805930ef7e8a3680afb854db64e.jpg,raw/emam_v14/valid/labels/Image_67_jpg.rf.5b751805930ef7e8a3680afb854db64e.txt,lettuce
valid,raw/emam_v14/valid/images/Image_67_jpg.rf.5f5c10c0c1214fd5d44363982f27cfea.jpg,raw/emam_v14/valid/labels/Image_67_jpg.rf.5f5c10c0c1214fd5d44363982f27cfea.txt,potato
valid,raw/emam_v14/valid/images/Image_67_jpg.rf.608b36dee72cb0cdccf8248f307c8a26.jpg,raw/emam_v14/valid/labels/Image_67_jpg.rf.608b36dee72cb0cdccf8248f307c8a26.txt,corn
valid,raw/emam_v14/valid/images/Image_67_jpg.rf.7f6ef77644e64cdebc75e3b6d3356aed.jpg,raw/emam_v14/valid/labels/Image_67_jpg.rf.7f6ef77644e64cdebc75e3b6d3356aed.txt,jalapeno
valid,raw/emam_v14/valid/images/Image_67_jpg.rf.9ece801e25e0d3c9fef11f427429f490.jpg,raw/emam_v14/valid/labels/Image_67_jpg.rf.9ece801e25e0d3c9fef11f427429f490.txt,cabbage
valid,raw/emam_v14/valid/images/Image_67_jpg.rf.ce715f45ea807fd2fa3e5f2e77ad68b1.jpg,raw/emam_v14/valid/labels/Image_67_jpg.rf.ce715f45ea807fd2fa3e5f2e77ad68b1.txt,garlic
valid,raw/emam_v14/valid/images/Image_68_jpg.rf.c2176a324d0d768611c47473b1612bf5.jpg,raw/emam_v14/valid/labels/Image_68_jpg.rf.c2176a324d0d768611c47473b1612bf5.txt,jalapeno
valid,raw/emam_v14/valid/images/Image_68_jpg.rf.ef8355025723ac691c28b6327aa24ada.jpg,raw/emam_v14/valid/labels/Image_68_jpg.rf.ef8355025723ac691c28b6327aa24ada.txt,eggplant
valid,raw/emam_v14/valid/images/Image_69_JPG_jpg.rf.0063e58301e55a9cdb54f3369ac5b8be.jpg,raw/emam_v14/valid/labels/Image_69_JPG_jpg.rf.0063e58301e55a9cdb54f3369ac5b8be.txt,cabbage
valid,raw/emam_v14/valid/images/Image_69_jpg.rf.39d27f1f5855e83d34436473aac579c4.jpg,raw/emam_v14/valid/labels/Image_69_jpg.rf.39d27f1f5855e83d34436473aac579c4.txt,peas
valid,raw/emam_v14/valid/images/Image_69_jpg.rf.79ea6b87f56a1d995cdc5e7a72b65b98.jpg,raw/emam_v14/valid/labels/Image_69_jpg.rf.79ea6b87f56a1d995cdc5e7a72b65b98.txt,tomato
valid,raw/emam_v14/valid/images/Image_69_jpg.rf.886beb63e505989b4ee987db76300c21.jpg,raw/emam_v14/valid/labels/Image_69_jpg.rf.886beb63e505989b4ee987db76300c21.txt,ginger
valid,raw/emam_v14/valid/images/Image_69_jpg.rf.e8c62c4ca24a93832b898123e7646ebe.jpg,raw/emam_v14/valid/labels/Image_69_jpg.rf.e8c62c4ca24a93832b898123e7646ebe.txt,spinach
valid,raw/emam_v14/valid/images/Image_69_jpg.rf.f28a0d6f1a838b5e1e6ce3eac74102a6.jpg,raw/emam_v14/valid/labels/Image_69_jpg.rf.f28a0d6f1a838b5e1e6ce3eac74102a6.txt,sweetcorn
valid,raw/emam_v14/valid/images/Image_6_jpg.rf.02fe68a1b5a26559c3348bc22b142bdc.jpg,raw/emam_v14/valid/labels/Image_6_jpg.rf.02fe68a1b5a26559c3348bc22b142bdc.txt,bellpepper
valid,raw/emam_v14/valid/images/Image_6_jpg.rf.6f2c094a9dcc727f61612cadc37147ed.jpg,raw/emam_v14/valid/labels/Image_6_jpg.rf.6f2c094a9dcc727f61612cadc37147ed.txt,sweetcorn
valid,raw/emam_v14/valid/images/Image_6_jpg.rf.755d4c1269aab1a3443089b7d6b32121.jpg,raw/emam_v14/valid/labels/Image_6_jpg.rf.755d4c1269aab1a3443089b7d6b32121.txt,jalapeno
valid,raw/emam_v14/valid/images/Image_6_jpg.rf.8969886ed1833166aef971ce5792f9d3.jpg,raw/emam_v14/valid/labels/Image_6_jpg.rf.8969886ed1833166aef971ce5792f9d3.txt,turnip
valid,raw/emam_v14/valid/images/Image_6_jpg.rf.bef58a909f5b9c710cb8a365523103a4.jpg,raw/emam_v14/valid/labels/Image_6_jpg.rf.bef58a909f5b9c710cb8a365523103a4.txt,lettuce
valid,raw/emam_v14/valid/images/Image_6_jpg.rf.da74f94c1694cf2e0976b6ef8dc6d27d.jpg,raw/emam_v14/valid/labels/Image_6_jpg.rf.da74f94c1694cf2e0976b6ef8dc6d27d.txt,bellpepper
valid,raw/emam_v14/valid/images/Image_6_png_jpg.rf.9a5b5163c809335a4553b77936327834.jpg,raw/emam_v14/valid/labels/Image_6_png_jpg.rf.9a5b5163c809335a4553b77936327834.txt,lemon
valid,raw/emam_v14/valid/images/Image_70_JPG_jpg.rf.d62cb2b08dde3197ec43cc45da16a954.jpg,raw/emam_v14/valid/labels/Image_70_JPG_jpg.rf.d62cb2b08dde3197ec43cc45da16a954.txt,spinach
valid,raw/emam_v14/valid/images/Image_70_jpg.rf.71e3dfa8942414c83edb1502788fe4c3.jpg,raw/emam_v14/valid/labels/Image_70_jpg.rf.71e3dfa8942414c83edb1502788fe4c3.txt,cauliflower
valid,raw/emam_v14/valid/images/Image_70_jpg.rf.8f686961fcb5b1e1e5ef2590001e9d4d.jpg,raw/emam_v14/valid/labels/Image_70_jpg.rf.8f686961fcb5b1e1e5ef2590001e9d4d.txt,sweetcorn
valid,raw/emam_v14/valid/images/Image_71_JPG_jpg.rf.3fc552090f93bd7fd3292083a14d56fd.jpg,raw/emam_v14/valid/labels/Image_71_JPG_jpg.rf.3fc552090f93bd7fd3292083a14d56fd.txt,spinach
valid,raw/emam_v14/valid/images/Image_71_jpg.rf.11150584125e2ef3c2e7629c615f1167.jpg,raw/emam_v14/valid/labels/Image_71_jpg.rf.11150584125e2ef3c2e7629c615f1167.txt,cauliflower
valid,raw/emam_v14/valid/images/Image_71_jpg.rf.4614b1b36ab9b135b94e40aa9f645370.jpg,raw/emam_v14/valid/labels/Image_71_jpg.rf.4614b1b36ab9b135b94e40aa9f645370.txt,jalapeno
valid,raw/emam_v14/valid/images/Image_71_jpg.rf.b70a4e16a8b829026844cfe76fc6c5e2.jpg,raw/emam_v14/valid/labels/Image_71_jpg.rf.b70a4e16a8b829026844cfe76fc6c5e2.txt,turnip
valid,raw/emam_v14/valid/images/Image_71_jpg.rf.bbfdd9142cc345538ec825e9c1b45f0b.jpg,raw/emam_v14/valid/labels/Image_71_jpg.rf.bbfdd9142cc345538ec825e9c1b45f0b.txt,carrot
valid,raw/emam_v14/valid/images/Image_72_jpg.rf.43e10a8daef651063dacc1afcdeddf6c.jpg,raw/emam_v14/valid/labels/Image_72_jpg.rf.43e10a8daef651063dacc1afcdeddf6c.txt,cabbage
valid,raw/emam_v14/valid/images/Image_72_png_jpg.rf.b671a9d9bcfd454e0904d1802eb557fd.jpg,raw/emam_v14/valid/labels/Image_72_png_jpg.rf.b671a9d9bcfd454e0904d1802eb557fd.txt,bellpepper
valid,raw/emam_v14/valid/images/Image_73_jpeg_jpg.rf.211cd0ae077d94b3d12f5e4de268df36.jpg,raw/emam_v14/valid/labels/Image_73_jpeg_jpg.rf.211cd0ae077d94b3d12f5e4de268df36.txt,ladyfinger
valid,raw/emam_v14/valid/images/Image_73_jpg.rf.1b49ba6650884f58d2f51c0669fd584f.jpg,raw/emam_v14/valid/labels/Image_73_jpg.rf.1b49ba6650884f58d2f51c0669fd584f.txt,onion
valid,raw/emam_v14/valid/images/Image_73_jpg.rf.253b56a55bfe84aacf3540a82e00e9ef.jpg,raw/emam_v14/valid/labels/Image_73_jpg.rf.253b56a55bfe84aacf3540a82e00e9ef.txt,peas
valid,raw/emam_v14/valid/images/Image_73_jpg.rf.4c7fce113e4173d8133efbbcd43ee64d.jpg,raw/emam_v14/valid/labels/Image_73_jpg.rf.4c7fce113e4173d8133efbbcd43ee64d.txt,spinach
valid,raw/emam_v14/valid/images/Image_73_jpg.rf.5e02c463a2d06aa441803d4d584703e9.jpg,raw/emam_v14/valid/labels/Image_73_jpg.rf.5e02c463a2d06aa441803d4d584703e9.txt,lettuce
valid,raw/emam_v14/valid/images/Image_73_jpg.rf.7df2d39de46935865efe719731b03934.jpg,raw/emam_v14/valid/labels/Image_73_jpg.rf.7df2d39de46935865efe719731b03934.txt,bellpepper
valid,raw/emam_v14/valid/images/Image_73_jpg.rf.cc3fdb8bbdfbfdfbb57b5551c6cae7bc.jpg,raw/emam_v14/valid/labels/Image_73_jpg.rf.cc3fdb8bbdfbfdfbb57b5551c6cae7bc.txt,bellpepper
valid,raw/emam_v14/valid/images/Image_74_jpg.rf.7564f09865c007366c90bee39f7fa608.jpg,raw/emam_v14/valid/labels/Image_74_jpg.rf.7564f09865c007366c90bee39f7fa608.txt,lemon
valid,raw/emam_v14/valid/images/Image_75_jpeg_jpg.rf.293654528f3f5935749a964ba8a8f8b9.jpg,raw/emam_v14/valid/labels/Image_75_jpeg_jpg.rf.293654528f3f5935749a964ba8a8f8b9.txt,tomato
valid,raw/emam_v14/valid/images/Image_76_jpg.rf.09d6bbbef366c23fe4e224c1a382a157.jpg,raw/emam_v14/valid/labels/Image_76_jpg.rf.09d6bbbef366c23fe4e224c1a382a157.txt,sweetcorn
valid,raw/emam_v14/valid/images/Image_76_jpg.rf.7103e699eb3f19109652d890794cbd94.jpg,raw/emam_v14/valid/labels/Image_76_jpg.rf.7103e699eb3f19109652d890794cbd94.txt,garlic
valid,raw/emam_v14/valid/images/Image_77_jpg.rf.63313e84c81dd953f4d08f56116242b4.jpg,raw/emam_v14/valid/labels/Image_77_jpg.rf.63313e84c81dd953f4d08f56116242b4.txt,spinach
valid,raw/emam_v14/valid/images/Image_77_jpg.rf.9558869ad34800192faf3d25a635e0a1.jpg,raw/emam_v14/valid/labels/Image_77_jpg.rf.9558869ad34800192faf3d25a635e0a1.txt,turnip
valid,raw/emam_v14/valid/images/Image_78_jpg.rf.1d60e995a1340a7c19052de585dc37b1.jpg,raw/emam_v14/valid/labels/Image_78_jpg.rf.1d60e995a1340a7c19052de585dc37b1.txt,carrot
valid,raw/emam_v14/valid/images/Image_78_jpg.rf.263a2cb70fa16591136325dee84c0018.jpg,raw/emam_v14/valid/labels/Image_78_jpg.rf.263a2cb70fa16591136325dee84c0018.txt,corn
valid,raw/emam_v14/valid/images/Image_78_jpg.rf.a781a6c469f71b20a2443028e166375b.jpg,raw/emam_v14/valid/labels/Image_78_jpg.rf.a781a6c469f71b20a2443028e166375b.txt,lettuce
valid,raw/emam_v14/valid/images/Image_78_jpg.rf.da74f7dbdbe432f3d643af0e5c95d919.jpg,raw/emam_v14/valid/labels/Image_78_jpg.rf.da74f7dbdbe432f3d643af0e5c95d919.txt,beetroot
valid,raw/emam_v14/valid/images/Image_78_jpg.rf.e307c55ad7e7abb0cf56f0a37c01fd61.jpg,raw/emam_v14/valid/labels/Image_78_jpg.rf.e307c55ad7e7abb0cf56f0a37c01fd61.txt,ginger
valid,raw/emam_v14/valid/images/Image_78_jpg.rf.f52d46f4489a6d411d6df4ae38b5046d.jpg,raw/emam_v14/valid/labels/Image_78_jpg.rf.f52d46f4489a6d411d6df4ae38b5046d.txt,sweetcorn
valid,raw/emam_v14/valid/images/Image_79_jpg.rf.30bca113b63bf86f0dc371f521ace771.jpg,raw/emam_v14/valid/labels/Image_79_jpg.rf.30bca113b63bf86f0dc371f521ace771.txt,chillipepper
valid,raw/emam_v14/valid/images/Image_79_jpg.rf.55f5cefb65b10a15455c3864face6089.jpg,raw/emam_v14/valid/labels/Image_79_jpg.rf.55f5cefb65b10a15455c3864face6089.txt,peas
valid,raw/emam_v14/valid/images/Image_79_jpg.rf.878647105d8666fe55528a007eb6f9c6.jpg,raw/emam_v14/valid/labels/Image_79_jpg.rf.878647105d8666fe55528a007eb6f9c6.txt,sweetcorn
valid,raw/emam_v14/valid/images/Image_79_jpg.rf.e8c50344ede4a9d49cbdd06b688688d9.jpg,raw/emam_v14/valid/labels/Image_79_jpg.rf.e8c50344ede4a9d49cbdd06b688688d9.txt,corn
valid,raw/emam_v14/valid/images/Image_7_JPG_jpg.rf.510b56e140fc2a5aa657d0d07c116593.jpg,raw/emam_v14/valid/labels/Image_7_JPG_jpg.rf.510b56e140fc2a5aa657d0d07c116593.txt,carrot
valid,raw/emam_v14/valid/images/Image_7_jpg.rf.40053111c4c4be65fb32b36780485e36.jpg,raw/emam_v14/valid/labels/Image_7_jpg.rf.40053111c4c4be65fb32b36780485e36.txt,cucumber
valid,raw/emam_v14/valid/images/Image_7_jpg.rf.d3c8f055188d907af1cbdf6c8f8e70dd.jpg,raw/emam_v14/valid/labels/Image_7_jpg.rf.d3c8f055188d907af1cbdf6c8f8e70dd.txt,cabbage
valid,raw/emam_v14/valid/images/Image_7_jpg.rf.fc946f794c543bea8e14c63157c873f7.jpg,raw/emam_v14/valid/labels/Image_7_jpg.rf.fc946f794c543bea8e14c63157c873f7.txt,potato
valid,raw/emam_v14/valid/images/Image_80_jpg.rf.17bbd403d6782a3d041ab9270ab3f58f.jpg,raw/emam_v14/valid/labels/Image_80_jpg.rf.17bbd403d6782a3d041ab9270ab3f58f.txt,jalapeno
valid,raw/emam_v14/valid/images/Image_80_jpg.rf.6508b2e8e89e239c3dea33e61f67873b.jpg,raw/emam_v14/valid/labels/Image_80_jpg.rf.6508b2e8e89e239c3dea33e61f67873b.txt,bellpepper
valid,raw/emam_v14/valid/images/Image_80_jpg.rf.dd03d293b3296edb3c248fa3e16d1e33.jpg,raw/emam_v14/valid/labels/Image_80_jpg.rf.dd03d293b3296edb3c248fa3e16d1e33.txt,lettuce
valid,raw/emam_v14/valid/images/Image_81_jpg.rf.6b07ac7722270b4a8fdb877ed60cfad3.jpg,raw/emam_v14/valid/labels/Image_81_jpg.rf.6b07ac7722270b4a8fdb877ed60cfad3.txt,peas
valid,raw/emam_v14/valid/images/Image_81_jpg.rf.b5d72deaf244d563a565fb4554ca2de9.jpg,raw/emam_v14/valid/labels/Image_81_jpg.rf.b5d72deaf244d563a565fb4554ca2de9.txt,chillipepper
valid,raw/emam_v14/valid/images/Image_81_jpg.rf.b79ced9029658a8af2942cdd2d6ae515.jpg,raw/emam_v14/valid/labels/Image_81_jpg.rf.b79ced9029658a8af2942cdd2d6ae515.txt,turnip
valid,raw/emam_v14/valid/images/Image_82_jpg.rf.e8a8fc5861dbdc9fb0fdac29f0001506.jpg,raw/emam_v14/valid/labels/Image_82_jpg.rf.e8a8fc5861dbdc9fb0fdac29f0001506.txt,radish
valid,raw/emam_v14/valid/images/Image_82_jpg.rf.f6b22f33f9ef9885feae63961deebc37.jpg,raw/emam_v14/valid/labels/Image_82_jpg.rf.f6b22f33f9ef9885feae63961deebc37.txt,cauliflower
valid,raw/emam_v14/valid/images/Image_83_jpg.rf.2e24d85c71fb35aca21e00d8203559f6.jpg,raw/emam_v14/valid/labels/Image_83_jpg.rf.2e24d85c71fb35aca21e00d8203559f6.txt,lettuce
valid,raw/emam_v14/valid/images/Image_83_jpg.rf.a990aa64e40530bf2ad34507f6d5e5e2.jpg,raw/emam_v14/valid/labels/Image_83_jpg.rf.a990aa64e40530bf2ad34507f6d5e5e2.txt,bellpepper
valid,raw/emam_v14/valid/images/Image_84_jpg.rf.02279f2fff07d2fd1b59363564681e0d.jpg,raw/emam_v14/valid/labels/Image_84_jpg.rf.02279f2fff07d2fd1b59363564681e0d.txt,corn
valid,raw/emam_v14/valid/images/Image_84_png_jpg.rf.d8991517c88fca142fb3ee42dcc06ebb.jpg,raw/emam_v14/valid/labels/Image_84_png_jpg.rf.d8991517c88fca142fb3ee42dcc06ebb.txt,beetroot
valid,raw/emam_v14/valid/images/Image_85_jpg.rf.0c9b6fd90975e656ec3ea1d5fdf0516f.jpg,raw/emam_v14/valid/labels/Image_85_jpg.rf.0c9b6fd90975e656ec3ea1d5fdf0516f.txt,carrot
valid,raw/emam_v14/valid/images/Image_85_jpg.rf.5cfb4ecc256fbfaca9f3aaf406781cce.jpg,raw/emam_v14/valid/labels/Image_85_jpg.rf.5cfb4ecc256fbfaca9f3aaf406781cce.txt,onion
valid,raw/emam_v14/valid/images/Image_85_jpg.rf.7255079693f0cbaf62c9dd9db03978bb.jpg,raw/emam_v14/valid/labels/Image_85_jpg.rf.7255079693f0cbaf62c9dd9db03978bb.txt,jalapeno
valid,raw/emam_v14/valid/images/Image_86_jpg.rf.4d7bfe0b57fd34e68a7ddfd3b9aeb7d7.jpg,raw/emam_v14/valid/labels/Image_86_jpg.rf.4d7bfe0b57fd34e68a7ddfd3b9aeb7d7.txt,onion
valid,raw/emam_v14/valid/images/Image_86_jpg.rf.5d1e3d90db886fd4674f93b3551d23fd.jpg,raw/emam_v14/valid/labels/Image_86_jpg.rf.5d1e3d90db886fd4674f93b3551d23fd.txt,lettuce
valid,raw/emam_v14/valid/images/Image_86_jpg.rf.a9819073ca28ffa20387e7f77b359755.jpg,raw/emam_v14/valid/labels/Image_86_jpg.rf.a9819073ca28ffa20387e7f77b359755.txt,peas
valid,raw/emam_v14/valid/images/Image_86_jpg.rf.c5d7ccb55a77b844238112f21b75c79e.jpg,raw/emam_v14/valid/labels/Image_86_jpg.rf.c5d7ccb55a77b844238112f21b75c79e.txt,cucumber
valid,raw/emam_v14/valid/images/Image_87_jpg.rf.ba79fb6a57f9cd707a6a8e5e6777cf6b.jpg,raw/emam_v14/valid/labels/Image_87_jpg.rf.ba79fb6a57f9cd707a6a8e5e6777cf6b.txt,chillipepper
valid,raw/emam_v14/valid/images/Image_87_jpg.rf.ec32b765a9979e199f1788c3c1b5944f.jpg,raw/emam_v14/valid/labels/Image_87_jpg.rf.ec32b765a9979e199f1788c3c1b5944f.txt,tomato
valid,raw/emam_v14/valid/images/Image_87_png_jpg.rf.9ea15d0e1deb8e3c1f0c6c5acbc5b77e.jpg,raw/emam_v14/valid/labels/Image_87_png_jpg.rf.9ea15d0e1deb8e3c1f0c6c5acbc5b77e.txt,lettuce
valid,raw/emam_v14/valid/images/Image_88_JPG_jpg.rf.a60a8c6faf4c624f20c825329b837e81.jpg,raw/emam_v14/valid/labels/Image_88_JPG_jpg.rf.a60a8c6faf4c624f20c825329b837e81.txt,chillipepper
valid,raw/emam_v14/valid/images/Image_88_jpeg_jpg.rf.0f63e97c29b2b424ac6c289a0cb11b81.jpg,raw/emam_v14/valid/labels/Image_88_jpeg_jpg.rf.0f63e97c29b2b424ac6c289a0cb11b81.txt,potato
valid,raw/emam_v14/valid/images/Image_88_jpg.rf.462752c1a892755329d6481b8bd580da.jpg,raw/emam_v14/valid/labels/Image_88_jpg.rf.462752c1a892755329d6481b8bd580da.txt,peas
valid,raw/emam_v14/valid/images/Image_88_jpg.rf.66d325b80e317fc2e6949ddfaeb3d339.jpg,raw/emam_v14/valid/labels/Image_88_jpg.rf.66d325b80e317fc2e6949ddfaeb3d339.txt,carrot
valid,raw/emam_v14/valid/images/Image_89_jpg.rf.5063d1bb3a4c33ea0399d26cb7d932f9.jpg,raw/emam_v14/valid/labels/Image_89_jpg.rf.5063d1bb3a4c33ea0399d26cb7d932f9.txt,lettuce
valid,raw/emam_v14/valid/images/Image_89_jpg.rf.8b5c3fdd6ec328491f1044ee51ff660a.jpg,raw/emam_v14/valid/labels/Image_89_jpg.rf.8b5c3fdd6ec328491f1044ee51ff660a.txt,carrot
valid,raw/emam_v14/valid/images/Image_89_jpg.rf.c29fde2b10c2270f512520fa7c502ce7.jpg,raw/emam_v14/valid/labels/Image_89_jpg.rf.c29fde2b10c2270f512520fa7c502ce7.txt,radish
valid,raw/emam_v14/valid/images/Image_89_jpg.rf.c9d1609451c4dea8f13f4b273bcbdc70.jpg,raw/emam_v14/valid/labels/Image_89_jpg.rf.c9d1609451c4dea8f13f4b273bcbdc70.txt,cauliflower
valid,raw/emam_v14/valid/images/Image_8_jpg.rf.83d088f30cde43b0f34632df2483f489.jpg,raw/emam_v14/valid/labels/Image_8_jpg.rf.83d088f30cde43b0f34632df2483f489.txt,spinach
valid,raw/emam_v14/valid/images/Image_8_jpg.rf.a1ea2906c5bdb4ea3b4ce4eaf3dceb87.jpg,raw/emam_v14/valid/labels/Image_8_jpg.rf.a1ea2906c5bdb4ea3b4ce4eaf3dceb87.txt,sweetcorn
valid,raw/emam_v14/valid/images/Image_8_jpg.rf.ba17d08d6dd005fcf1cd6c28fd309cb1.jpg,raw/emam_v14/valid/labels/Image_8_jpg.rf.ba17d08d6dd005fcf1cd6c28fd309cb1.txt,ladyfinger
valid,raw/emam_v14/valid/images/Image_8_jpg.rf.c0801bfce561701ad4fc0a87e78324d8.jpg,raw/emam_v14/valid/labels/Image_8_jpg.rf.c0801bfce561701ad4fc0a87e78324d8.txt,eggplant
valid,raw/emam_v14/valid/images/Image_90_jpg.rf.4be124d3dab69ec1f0dd7e0c87162ce2.jpg,raw/emam_v14/valid/labels/Image_90_jpg.rf.4be124d3dab69ec1f0dd7e0c87162ce2.txt,tomato
valid,raw/emam_v14/valid/images/Image_90_jpg.rf.adf022b51ce3f4e8e29c6ed81ad8ebaa.jpg,raw/emam_v14/valid/labels/Image_90_jpg.rf.adf022b51ce3f4e8e29c6ed81ad8ebaa.txt,lettuce
valid,raw/emam_v14/valid/images/Image_90_jpg.rf.b54ea7a32e3ee10e17ab080178232e73.jpg,raw/emam_v14/valid/labels/Image_90_jpg.rf.b54ea7a32e3ee10e17ab080178232e73.txt,cabbage
valid,raw/emam_v14/valid/images/Image_92_jpg.rf.160e16db72b42573b8b000a1dcedb73c.jpg,raw/emam_v14/valid/labels/Image_92_jpg.rf.160e16db72b42573b8b000a1dcedb73c.txt,bellpepper
valid,raw/emam_v14/valid/images/Image_92_jpg.rf.bf96ee03e003525a01a9905a6f985305.jpg,raw/emam_v14/valid/labels/Image_92_jpg.rf.bf96ee03e003525a01a9905a6f985305.txt,corn
valid,raw/emam_v14/valid/images/Image_93_jpg.rf.e54b6248dd8e4dac5eb6697b189f2056.jpg,raw/emam_v14/valid/labels/Image_93_jpg.rf.e54b6248dd8e4dac5eb6697b189f2056.txt,garlic
valid,raw/emam_v14/valid/images/Image_94_jpg.rf.717d5cd13f8b7bb7a34b1545ca1e46b6.jpg,raw/emam_v14/valid/labels/Image_94_jpg.rf.717d5cd13f8b7bb7a34b1545ca1e46b6.txt,potato
valid,raw/emam_v14/valid/images/Image_95_jpg.rf.4ec2a854bebb77f01b7f50c81e48acc1.jpg,raw/emam_v14/valid/labels/Image_95_jpg.rf.4ec2a854bebb77f01b7f50c81e48acc1.txt,garlic
valid,raw/emam_v14/valid/images/Image_95_png_jpg.rf.8624f473df1a51f63fa3238808c014f8.jpg,raw/emam_v14/valid/labels/Image_95_png_jpg.rf.8624f473df1a51f63fa3238808c014f8.txt,bellpepper
valid,raw/emam_v14/valid/images/Image_96_jpg.rf.cd624451fe1fd821b4fdd9be64291b6c.jpg,raw/emam_v14/valid/labels/Image_96_jpg.rf.cd624451fe1fd821b4fdd9be64291b6c.txt,tomato
valid,raw/emam_v14/valid/images/Image_9_jpg.rf.5329c79c69e3eaf6f489c2bf21d70840.jpg,raw/emam_v14/valid/labels/Image_9_jpg.rf.5329c79c69e3eaf6f489c2bf21d70840.txt,peas
valid,raw/emam_v14/valid/images/Image_9_jpg.rf.9072d06b97ca14f417af4c8d7ebeb5f2.jpg,raw/emam_v14/valid/labels/Image_9_jpg.rf.9072d06b97ca14f417af4c8d7ebeb5f2.txt,ginger
valid,raw/emam_v14/valid/images/Image_9_jpg.rf.d3dcb2b562bcc07f283e23b8d3168a0f.jpg,raw/emam_v14/valid/labels/Image_9_jpg.rf.d3dcb2b562bcc07f283e23b8d3168a0f.txt,chillipepper
test,raw/emam_v14/test/images/Image_10_jpg.rf.c99ff8144c7629cfb1ddb5e2821b661e.jpg,raw/emam_v14/test/labels/Image_10_jpg.rf.c99ff8144c7629cfb1ddb5e2821b661e.txt,bellpepper
test,raw/emam_v14/test/images/Image_11_jpg.rf.01ea0ce1facb94c32d416870a22549af.jpg,raw/emam_v14/test/labels/Image_11_jpg.rf.01ea0ce1facb94c32d416870a22549af.txt,chillipepper
test,raw/emam_v14/test/images/Image_12_jpg.rf.77ba269ced448173c14d840292582194.jpg,raw/emam_v14/test/labels/Image_12_jpg.rf.77ba269ced448173c14d840292582194.txt,garlic
test,raw/emam_v14/test/images/Image_12_jpg.rf.b2f96019ff9c58529cadf6643f2c0292.jpg,raw/emam_v14/test/labels/Image_12_jpg.rf.b2f96019ff9c58529cadf6643f2c0292.txt,lemon
test,raw/emam_v14/test/images/Image_12_jpg.rf.f1c99064b550864bf7c4c66e380904b9.jpg,raw/emam_v14/test/labels/Image_12_jpg.rf.f1c99064b550864bf7c4c66e380904b9.txt,beetroot
test,raw/emam_v14/test/images/Image_13_jpg.rf.1ff6317b8450d9ef37ba9e8eac24f0a1.jpg,raw/emam_v14/test/labels/Image_13_jpg.rf.1ff6317b8450d9ef37ba9e8eac24f0a1.txt,bellpepper
test,raw/emam_v14/test/images/Image_13_jpg.rf.338afed065ebde8125b229213ca49f05.jpg,raw/emam_v14/test/labels/Image_13_jpg.rf.338afed065ebde8125b229213ca49f05.txt,jalapeno
test,raw/emam_v14/test/images/Image_13_jpg.rf.8d81139fb2a6a29ff3dc1ef4ef1b8fb5.jpg,raw/emam_v14/test/labels/Image_13_jpg.rf.8d81139fb2a6a29ff3dc1ef4ef1b8fb5.txt,ladyfinger
test,raw/emam_v14/test/images/Image_13_jpg.rf.c9cbec0479e6da4158e7e73b7372c3c8.jpg,raw/emam_v14/test/labels/Image_13_jpg.rf.c9cbec0479e6da4158e7e73b7372c3c8.txt,lemon
test,raw/emam_v14/test/images/Image_14_jpeg_jpg.rf.c43be26d8cd5df867ca17d547a2554f4.jpg,raw/emam_v14/test/labels/Image_14_jpeg_jpg.rf.c43be26d8cd5df867ca17d547a2554f4.txt,carrot
test,raw/emam_v14/test/images/Image_14_jpg.rf.2de0c2038d7d310e2269d4e44c78416e.jpg,raw/emam_v14/test/labels/Image_14_jpg.rf.2de0c2038d7d310e2269d4e44c78416e.txt,bellpepper
test,raw/emam_v14/test/images/Image_14_jpg.rf.446e9ce2c622a3171dc0459bb6d4c6c8.jpg,raw/emam_v14/test/labels/Image_14_jpg.rf.446e9ce2c622a3171dc0459bb6d4c6c8.txt,ginger
test,raw/emam_v14/test/images/Image_14_jpg.rf.68cc128e101443487e649f4bdd5d8199.jpg,raw/emam_v14/test/labels/Image_14_jpg.rf.68cc128e101443487e649f4bdd5d8199.txt,onion
test,raw/emam_v14/test/images/Image_14_jpg.rf.962ff606f13760c0231d4d113ac9140f.jpg,raw/emam_v14/test/labels/Image_14_jpg.rf.962ff606f13760c0231d4d113ac9140f.txt,radish
test,raw/emam_v14/test/images/Image_14_png_jpg.rf.fd677d0aefa0e02573ce097b74f5beed.jpg,raw/emam_v14/test/labels/Image_14_png_jpg.rf.fd677d0aefa0e02573ce097b74f5beed.txt,bellpepper
test,raw/emam_v14/test/images/Image_15_jpg.rf.333fd7b3c3a75f67a0260a2fbec8f8a0.jpg,raw/emam_v14/test/labels/Image_15_jpg.rf.333fd7b3c3a75f67a0260a2fbec8f8a0.txt,lettuce
test,raw/emam_v14/test/images/Image_15_jpg.rf.abcd38167b684478909c01fca96f09d5.jpg,raw/emam_v14/test/labels/Image_15_jpg.rf.abcd38167b684478909c01fca96f09d5.txt,garlic
test,raw/emam_v14/test/images/Image_15_png_jpg.rf.8a1ff8950779e427810d733d255ecf70.jpg,raw/emam_v14/test/labels/Image_15_png_jpg.rf.8a1ff8950779e427810d733d255ecf70.txt,jalapeno
test,raw/emam_v14/test/images/Image_16_jpg.rf.1b14c3b3d23b0778571a5ee5cceff1a5.jpg,raw/emam_v14/test/labels/Image_16_jpg.rf.1b14c3b3d23b0778571a5ee5cceff1a5.txt,cucumber
test,raw/emam_v14/test/images/Image_16_jpg.rf.27560cdf9499c1dbdb3856e134ffaed3.jpg,raw/emam_v14/test/labels/Image_16_jpg.rf.27560cdf9499c1dbdb3856e134ffaed3.txt,onion
test,raw/emam_v14/test/images/Image_16_jpg.rf.55a88b4cbf64528879ea3743e6a21ccf.jpg,raw/emam_v14/test/labels/Image_16_jpg.rf.55a88b4cbf64528879ea3743e6a21ccf.txt,eggplant
test,raw/emam_v14/test/images/Image_17_jpg.rf.161c400bb42a9a01dcbb0d489c8fe6d4.jpg,raw/emam_v14/test/labels/Image_17_jpg.rf.161c400bb42a9a01dcbb0d489c8fe6d4.txt,chillipepper
test,raw/emam_v14/test/images/Image_17_jpg.rf.4d24c50a9951b86e79ff4c91df4a66a0.jpg,raw/emam_v14/test/labels/Image_17_jpg.rf.4d24c50a9951b86e79ff4c91df4a66a0.txt,ladyfinger
test,raw/emam_v14/test/images/Image_17_jpg.rf.7111b93724b38afc5775f5a7c8a33a0a.jpg,raw/emam_v14/test/labels/Image_17_jpg.rf.7111b93724b38afc5775f5a7c8a33a0a.txt,lemon
test,raw/emam_v14/test/images/Image_17_jpg.rf.a8037f2011f6620931999d36ba2c9092.jpg,raw/emam_v14/test/labels/Image_17_jpg.rf.a8037f2011f6620931999d36ba2c9092.txt,ginger
test,raw/emam_v14/test/images/Image_18_jpg.rf.d6fc8b2a4d309fd7c96de3407b4e6c99.jpg,raw/emam_v14/test/labels/Image_18_jpg.rf.d6fc8b2a4d309fd7c96de3407b4e6c99.txt,onion
test,raw/emam_v14/test/images/Image_19_jpg.rf.0f5fadeece5432f6a6a24fda2ef438c8.jpg,raw/emam_v14/test/labels/Image_19_jpg.rf.0f5fadeece5432f6a6a24fda2ef438c8.txt,bellpepper
test,raw/emam_v14/test/images/Image_19_jpg.rf.735e2b471e8d7c43c478f6babd53a960.jpg,raw/emam_v14/test/labels/Image_19_jpg.rf.735e2b471e8d7c43c478f6babd53a960.txt,sweetcorn
test,raw/emam_v14/test/images/Image_19_png_jpg.rf.789273183f7e629e57ff9e4b0de87beb.jpg,raw/emam_v14/test/labels/Image_19_png_jpg.rf.789273183f7e629e57ff9e4b0de87beb.txt,jalapeno
test,raw/emam_v14/test/images/Image_1_jpg.rf.02ad64a356cb94e370dafcd803bab87f.jpg,raw/emam_v14/test/labels/Image_1_jpg.rf.02ad64a356cb94e370dafcd803bab87f.txt,cucumber
test,raw/emam_v14/test/images/Image_1_jpg.rf.09b6f2198f97efe052eeb3833c24a734.jpg,raw/emam_v14/test/labels/Image_1_jpg.rf.09b6f2198f97efe052eeb3833c24a734.txt,sweetpotato
test,raw/emam_v14/test/images/Image_1_jpg.rf.7e1cd80b0264c6a2012da12e813bf0d2.jpg,raw/emam_v14/test/labels/Image_1_jpg.rf.7e1cd80b0264c6a2012da12e813bf0d2.txt,cabbage
test,raw/emam_v14/test/images/Image_1_png_jpg.rf.067add938572db6d16f1f589b3869330.jpg,raw/emam_v14/test/labels/Image_1_png_jpg.rf.067add938572db6d16f1f589b3869330.txt,lemon
test,raw/emam_v14/test/images/Image_20_jpg.rf.38e9bbe0ebeb6a4d1384a7988a8b3e76.jpg,raw/emam_v14/test/labels/Image_20_jpg.rf.38e9bbe0ebeb6a4d1384a7988a8b3e76.txt,onion
test,raw/emam_v14/test/images/Image_20_jpg.rf.5478f0086b93cee932efd5c6b4906897.jpg,raw/emam_v14/test/labels/Image_20_jpg.rf.5478f0086b93cee932efd5c6b4906897.txt,spinach
test,raw/emam_v14/test/images/Image_21_JPG_jpg.rf.a9ddae98c6d428781ded6491d85bfd55.jpg,raw/emam_v14/test/labels/Image_21_JPG_jpg.rf.a9ddae98c6d428781ded6491d85bfd55.txt,beetroot
test,raw/emam_v14/test/images/Image_21_jpg.rf.11aafba330ed258c859e256fe65fd506.jpg,raw/emam_v14/test/labels/Image_21_jpg.rf.11aafba330ed258c859e256fe65fd506.txt,turnip
test,raw/emam_v14/test/images/Image_21_jpg.rf.8ca1ad05abf0fdffd057401c231110df.jpg,raw/emam_v14/test/labels/Image_21_jpg.rf.8ca1ad05abf0fdffd057401c231110df.txt,cabbage
test,raw/emam_v14/test/images/Image_23_JPG_jpg.rf.df6150b6aa06e27dbb24f9161cbf2e36.jpg,raw/emam_v14/test/labels/Image_23_JPG_jpg.rf.df6150b6aa06e27dbb24f9161cbf2e36.txt,eggplant
test,raw/emam_v14/test/images/Image_23_jpg.rf.adf967b2affca1a2e1754dfd50277172.jpg,raw/emam_v14/test/labels/Image_23_jpg.rf.adf967b2affca1a2e1754dfd50277172.txt,tomato
test,raw/emam_v14/test/images/Image_23_jpg.rf.e4bf5f97af3ba10a2ee4b9077bcfaf8c.jpg,raw/emam_v14/test/labels/Image_23_jpg.rf.e4bf5f97af3ba10a2ee4b9077bcfaf8c.txt,potato
test,raw/emam_v14/test/images/Image_24_jpg.rf.1fd3e98eda8cade33d871176749b37f8.jpg,raw/emam_v14/test/labels/Image_24_jpg.rf.1fd3e98eda8cade33d871176749b37f8.txt,lettuce
test,raw/emam_v14/test/images/Image_24_jpg.rf.3574f92feb94c37cda21d04a19abd71a.jpg,raw/emam_v14/test/labels/Image_24_jpg.rf.3574f92feb94c37cda21d04a19abd71a.txt,tomato
test,raw/emam_v14/test/images/Image_24_jpg.rf.907e4d4fd654795da4f372cc9edda586.jpg,raw/emam_v14/test/labels/Image_24_jpg.rf.907e4d4fd654795da4f372cc9edda586.txt,jalapeno
test,raw/emam_v14/test/images/Image_24_jpg.rf.d9dc0f93336fdf64ba0c6b584a14d790.jpg,raw/emam_v14/test/labels/Image_24_jpg.rf.d9dc0f93336fdf64ba0c6b584a14d790.txt,spinach
test,raw/emam_v14/test/images/Image_24_png_jpg.rf.86fac0086164533ebfaf3e43f6c7980b.jpg,raw/emam_v14/test/labels/Image_24_png_jpg.rf.86fac0086164533ebfaf3e43f6c7980b.txt,garlic
test,raw/emam_v14/test/images/Image_25_JPG_jpg.rf.7e4185d8feba78ca36ecad5073514546.jpg,raw/emam_v14/test/labels/Image_25_JPG_jpg.rf.7e4185d8feba78ca36ecad5073514546.txt,cauliflower
test,raw/emam_v14/test/images/Image_25_jpg.rf.1c9823c153e7e46182105219146fd8bf.jpg,raw/emam_v14/test/labels/Image_25_jpg.rf.1c9823c153e7e46182105219146fd8bf.txt,turnip
test,raw/emam_v14/test/images/Image_25_jpg.rf.448251a89f574f5ff11a13c4887e3ae2.jpg,raw/emam_v14/test/labels/Image_25_jpg.rf.448251a89f574f5ff11a13c4887e3ae2.txt,onion
test,raw/emam_v14/test/images/Image_25_jpg.rf.b29230f0deee3104daf63076bb8cf3b3.jpg,raw/emam_v14/test/labels/Image_25_jpg.rf.b29230f0deee3104daf63076bb8cf3b3.txt,lemon
test,raw/emam_v14/test/images/Image_26_jpg.rf.9ac2139d1d1992affcb5ff5abb7b07e0.jpg,raw/emam_v14/test/labels/Image_26_jpg.rf.9ac2139d1d1992affcb5ff5abb7b07e0.txt,bellpepper
test,raw/emam_v14/test/images/Image_27_jpg.rf.2dc1ee43152ded101ea818b6c9e8a60c.jpg,raw/emam_v14/test/labels/Image_27_jpg.rf.2dc1ee43152ded101ea818b6c9e8a60c.txt,jalapeno
test,raw/emam_v14/test/images/Image_27_jpg.rf.5aad0c10bb02209903d4daa95f1fb82c.jpg,raw/emam_v14/test/labels/Image_27_jpg.rf.5aad0c10bb02209903d4daa95f1fb82c.txt,sweetcorn
test,raw/emam_v14/test/images/Image_27_jpg.rf.8a65255621ef97e5ad2eb4e3f4bb379a.jpg,raw/emam_v14/test/labels/Image_27_jpg.rf.8a65255621ef97e5ad2eb4e3f4bb379a.txt,cucumber
test,raw/emam_v14/test/images/Image_27_jpg.rf.b0cce274059108c3aa005b771d7f489b.jpg,raw/emam_v14/test/labels/Image_27_jpg.rf.b0cce274059108c3aa005b771d7f489b.txt,corn
test,raw/emam_v14/test/images/Image_28_jpg.rf.400ce37c69bd47fa574b2a41d3453b54.jpg,raw/emam_v14/test/labels/Image_28_jpg.rf.400ce37c69bd47fa574b2a41d3453b54.txt,bellpepper
test,raw/emam_v14/test/images/Image_28_jpg.rf.66c0cc1c96ca0ccfb1c3eddb47876fa3.jpg,raw/emam_v14/test/labels/Image_28_jpg.rf.66c0cc1c96ca0ccfb1c3eddb47876fa3.txt,jalapeno
test,raw/emam_v14/test/images/Image_28_jpg.rf.ae8c5c551395ccd1e986042bb2dca9af.jpg,raw/emam_v14/test/labels/Image_28_jpg.rf.ae8c5c551395ccd1e986042bb2dca9af.txt,bellpepper
test,raw/emam_v14/test/images/Image_28_png_jpg.rf.b208cf8ec0993ef26b8fcc50638a4f85.jpg,raw/emam_v14/test/labels/Image_28_png_jpg.rf.b208cf8ec0993ef26b8fcc50638a4f85.txt,chillipepper
test,raw/emam_v14/test/images/Image_29_jpg.rf.94712d64f959eb5dffbc5b8036b44cb4.jpg,raw/emam_v14/test/labels/Image_29_jpg.rf.94712d64f959eb5dffbc5b8036b44cb4.txt,tomato
test,raw/emam_v14/test/images/Image_2_jpg.rf.97a59e381e791bae1f798b111e52e94a.jpg,raw/emam_v14/test/labels/Image_2_jpg.rf.97a59e381e791bae1f798b111e52e94a.txt,spinach
test,raw/emam_v14/test/images/Image_30_jpg.rf.3585a8a1187b02aa34914258523c91bc.jpg,raw/emam_v14/test/labels/Image_30_jpg.rf.3585a8a1187b02aa34914258523c91bc.txt,sweetpotato
test,raw/emam_v14/test/images/Image_30_jpg.rf.56a84a4d6d971f41afa6f7d30673d4fa.jpg,raw/emam_v14/test/labels/Image_30_jpg.rf.56a84a4d6d971f41afa6f7d30673d4fa.txt,cabbage
test,raw/emam_v14/test/images/Image_31_jpeg_jpg.rf.b31ca0584b8c949310a724636e16b71c.jpg,raw/emam_v14/test/labels/Image_31_jpeg_jpg.rf.b31ca0584b8c949310a724636e16b71c.txt,bellpepper
test,raw/emam_v14/test/images/Image_31_jpg.rf.3662ff963ead2861be190dfeeeb2e305.jpg,raw/emam_v14/test/labels/Image_31_jpg.rf.3662ff963ead2861be190dfeeeb2e305.txt,radish
test,raw/emam_v14/test/images/Image_31_jpg.rf.9ddcb354fc2c55857cd905a8d9ca2e7e.jpg,raw/emam_v14/test/labels/Image_31_jpg.rf.9ddcb354fc2c55857cd905a8d9ca2e7e.txt,spinach
test,raw/emam_v14/test/images/Image_32_jpg.rf.1fdab9a8d332a5425915527f99bb7cbb.jpg,raw/emam_v14/test/labels/Image_32_jpg.rf.1fdab9a8d332a5425915527f99bb7cbb.txt,eggplant
test,raw/emam_v14/test/images/Image_33_jpg.rf.47401f57c385372bce68ac2d753b7b11.jpg,raw/emam_v14/test/labels/Image_33_jpg.rf.47401f57c385372bce68ac2d753b7b11.txt,turnip
test,raw/emam_v14/test/images/Image_34_jpg.rf.150f20fbd1dfaba7873d86718c2472ec.jpg,raw/emam_v14/test/labels/Image_34_jpg.rf.150f20fbd1dfaba7873d86718c2472ec.txt,ladyfinger
test,raw/emam_v14/test/images/Image_35_jpg.rf.5938e2a4bf9d740cbaf1a108f0056ffa.jpg,raw/emam_v14/test/labels/Image_35_jpg.rf.5938e2a4bf9d740cbaf1a108f0056ffa.txt,cucumber
test,raw/emam_v14/test/images/Image_35_jpg.rf.7dc092a774e9563f8a148532bfe00429.jpg,raw/emam_v14/test/labels/Image_35_jpg.rf.7dc092a774e9563f8a148532bfe00429.txt,eggplant
test,raw/emam_v14/test/images/Image_35_png_jpg.rf.6a404edeea1649276262ee37efed7f91.jpg,raw/emam_v14/test/labels/Image_35_png_jpg.rf.6a404edeea1649276262ee37efed7f91.txt,garlic
test,raw/emam_v14/test/images/Image_38_jpg.rf.45cd34b472fac49821a1ae217ccc18a9.jpg,raw/emam_v14/test/labels/Image_38_jpg.rf.45cd34b472fac49821a1ae217ccc18a9.txt,garlic
test,raw/emam_v14/test/images/Image_39_jpg.rf.38ab7cf1a3a823b684b0c8eb95d2a556.jpg,raw/emam_v14/test/labels/Image_39_jpg.rf.38ab7cf1a3a823b684b0c8eb95d2a556.txt,ladyfinger
test,raw/emam_v14/test/images/Image_39_jpg.rf.73943d84c0f68c4d7190ebf5b2c793b7.jpg,raw/emam_v14/test/labels/Image_39_jpg.rf.73943d84c0f68c4d7190ebf5b2c793b7.txt,cucumber
test,raw/emam_v14/test/images/Image_39_png_jpg.rf.648f1b789d0dd9502a29e051a3d88527.jpg,raw/emam_v14/test/labels/Image_39_png_jpg.rf.648f1b789d0dd9502a29e051a3d88527.txt,lemon
test,raw/emam_v14/test/images/Image_3_jpg.rf.0cff16933a2fd4d56b5bc13b94337c9a.jpg,raw/emam_v14/test/labels/Image_3_jpg.rf.0cff16933a2fd4d56b5bc13b94337c9a.txt,potato
test,raw/emam_v14/test/images/Image_3_jpg.rf.419f95162c76b1b22787b7cadeaacd8e.jpg,raw/emam_v14/test/labels/Image_3_jpg.rf.419f95162c76b1b22787b7cadeaacd8e.txt,sweetcorn
test,raw/emam_v14/test/images/Image_3_jpg.rf.96324dd9d7d807b5de8d26cf61f6d6cb.jpg,raw/emam_v14/test/labels/Image_3_jpg.rf.96324dd9d7d807b5de8d26cf61f6d6cb.txt,lettuce
test,raw/emam_v14/test/images/Image_40_jpg.rf.0f3cd3f022cf31568a8ef2cde80163ff.jpg,raw/emam_v14/test/labels/Image_40_jpg.rf.0f3cd3f022cf31568a8ef2cde80163ff.txt,jalapeno
test,raw/emam_v14/test/images/Image_40_jpg.rf.50b0dc71adfb569fae3db9c8b9880cfa.jpg,raw/emam_v14/test/labels/Image_40_jpg.rf.50b0dc71adfb569fae3db9c8b9880cfa.txt,peas
test,raw/emam_v14/test/images/Image_40_jpg.rf.7e8fc7a650c8142f402c33096790b65e.jpg,raw/emam_v14/test/labels/Image_40_jpg.rf.7e8fc7a650c8142f402c33096790b65e.txt,onion
test,raw/emam_v14/test/images/Image_41_jpg.rf.0fb9a0d16658e1f5b13462932272297b.jpg,raw/emam_v14/test/labels/Image_41_jpg.rf.0fb9a0d16658e1f5b13462932272297b.txt,carrot
test,raw/emam_v14/test/images/Image_41_jpg.rf.d110adbbf3b34b8a8b10cc7faa0b4f22.jpg,raw/emam_v14/test/labels/Image_41_jpg.rf.d110adbbf3b34b8a8b10cc7faa0b4f22.txt,peas
test,raw/emam_v14/test/images/Image_42_png_jpg.rf.52347b41c6d6c8d2c3268a1b6185ff54.jpg,raw/emam_v14/test/labels/Image_42_png_jpg.rf.52347b41c6d6c8d2c3268a1b6185ff54.txt,cucumber
test,raw/emam_v14/test/images/Image_43_jpg.rf.190ae665eab549667d9b553c788502ef.jpg,raw/emam_v14/test/labels/Image_43_jpg.rf.190ae665eab549667d9b553c788502ef.txt,bellpepper
test,raw/emam_v14/test/images/Image_43_jpg.rf.1d0d4c8f4eab2339f92b7713ac777adc.jpg,raw/emam_v14/test/labels/Image_43_jpg.rf.1d0d4c8f4eab2339f92b7713ac777adc.txt,lettuce
test,raw/emam_v14/test/images/Image_43_jpg.rf.3fef5c86d941cc3e45359d4cafb62979.jpg,raw/emam_v14/test/labels/Image_43_jpg.rf.3fef5c86d941cc3e45359d4cafb62979.txt,eggplant
test,raw/emam_v14/test/images/Image_43_jpg.rf.5084699700bbf9c63ea68c88a4686ace.jpg,raw/emam_v14/test/labels/Image_43_jpg.rf.5084699700bbf9c63ea68c88a4686ace.txt,cabbage
test,raw/emam_v14/test/images/Image_43_jpg.rf.f35848198179fbdef782c333f0b07246.jpg,raw/emam_v14/test/labels/Image_43_jpg.rf.f35848198179fbdef782c333f0b07246.txt,garlic
test,raw/emam_v14/test/images/Image_44_jpg.rf.6c857a2d8cd85105b7872b4e2eca5959.jpg,raw/emam_v14/test/labels/Image_44_jpg.rf.6c857a2d8cd85105b7872b4e2eca5959.txt,turnip
test,raw/emam_v14/test/images/Image_44_jpg.rf.da236bc5c4f005ad9768f69dca6a82ca.jpg,raw/emam_v14/test/labels/Image_44_jpg.rf.da236bc5c4f005ad9768f69dca6a82ca.txt,tomato
test,raw/emam_v14/test/images/Image_45_jpg.rf.9b236dad865e89f17d73ddbe617b31c0.jpg,raw/emam_v14/test/labels/Image_45_jpg.rf.9b236dad865e89f17d73ddbe617b31c0.txt,sweetcorn
test,raw/emam_v14/test/images/Image_45_jpg.rf.bfec13a0b93cae26b1938e89e96e5b44.jpg,raw/emam_v14/test/labels/Image_45_jpg.rf.bfec13a0b93cae26b1938e89e96e5b44.txt,chillipepper
test,raw/emam_v14/test/images/Image_46_jpg.rf.2d36fb48e757413cca5de76a25327426.jpg,raw/emam_v14/test/labels/Image_46_jpg.rf.2d36fb48e757413cca5de76a25327426.txt,bellpepper
test,raw/emam_v14/test/images/Image_46_jpg.rf.d17480c289d2ebfcfdc721f251477aac.jpg,raw/emam_v14/test/labels/Image_46_jpg.rf.d17480c289d2ebfcfdc721f251477aac.txt,sweetcorn
test,raw/emam_v14/test/images/Image_46_png_jpg.rf.d12894b446f392cd3530c0485b113fe0.jpg,raw/emam_v14/test/labels/Image_46_png_jpg.rf.d12894b446f392cd3530c0485b113fe0.txt,bellpepper
test,raw/emam_v14/test/images/Image_47_jpg.rf.d5cb195ed4e3a6a894aee9742357ea0d.jpg,raw/emam_v14/test/labels/Image_47_jpg.rf.d5cb195ed4e3a6a894aee9742357ea0d.txt,peas
test,raw/emam_v14/test/images/Image_47_png_jpg.rf.f8f2b84793d96c5ea94622fbfa423a97.jpg,raw/emam_v14/test/labels/Image_47_png_jpg.rf.f8f2b84793d96c5ea94622fbfa423a97.txt,bellpepper
test,raw/emam_v14/test/images/Image_48_jpeg_jpg.rf.6f5d1da440ba86f8c9e36c9762bab480.jpg,raw/emam_v14/test/labels/Image_48_jpeg_jpg.rf.6f5d1da440ba86f8c9e36c9762bab480.txt,ladyfinger
test,raw/emam_v14/test/images/Image_48_jpg.rf.10411702411ff703865e9a6be3027ea3.jpg,raw/emam_v14/test/labels/Image_48_jpg.rf.10411702411ff703865e9a6be3027ea3.txt,bellpepper
test,raw/emam_v14/test/images/Image_48_jpg.rf.4ac76bc371ac84a87368a50bc2236318.jpg,raw/emam_v14/test/labels/Image_48_jpg.rf.4ac76bc371ac84a87368a50bc2236318.txt,lettuce
test,raw/emam_v14/test/images/Image_48_jpg.rf.accf00d363a24f13c2a7d3987750887c.jpg,raw/emam_v14/test/labels/Image_48_jpg.rf.accf00d363a24f13c2a7d3987750887c.txt,beetroot
test,raw/emam_v14/test/images/Image_48_png_jpg.rf.e69cdabd553ac40e589b9c6b04d03c92.jpg,raw/emam_v14/test/labels/Image_48_png_jpg.rf.e69cdabd553ac40e589b9c6b04d03c92.txt,tomato
test,raw/emam_v14/test/images/Image_49_jpg.rf.bf15ad2587ffae81152ad51dd75f730f.jpg,raw/emam_v14/test/labels/Image_49_jpg.rf.bf15ad2587ffae81152ad51dd75f730f.txt,beetroot
test,raw/emam_v14/test/images/Image_4_jpg.rf.56831dbf35b7e85c293da397df8b8950.jpg,raw/emam_v14/test/labels/Image_4_jpg.rf.56831dbf35b7e85c293da397df8b8950.txt,sweetcorn
test,raw/emam_v14/test/images/Image_4_jpg.rf.5e0bcc83f9056bfcaa87c582db34c4c7.jpg,raw/emam_v14/test/labels/Image_4_jpg.rf.5e0bcc83f9056bfcaa87c582db34c4c7.txt,cauliflower
test,raw/emam_v14/test/images/Image_4_jpg.rf.b8fc18bf3a21b562588711ee26ed09c6.jpg,raw/emam_v14/test/labels/Image_4_jpg.rf.b8fc18bf3a21b562588711ee26ed09c6.txt,lettuce
test,raw/emam_v14/test/images/Image_50_jpg.rf.1f94ad11f820c4e260f82e514d4205ad.jpg,raw/emam_v14/test/labels/Image_50_jpg.rf.1f94ad11f820c4e260f82e514d4205ad.txt,bellpepper
test,raw/emam_v14/test/images/Image_50_jpg.rf.eb6be4e7ed3e92f8aec91e5085cc06f2.jpg,raw/emam_v14/test/labels/Image_50_jpg.rf.eb6be4e7ed3e92f8aec91e5085cc06f2.txt,sweetcorn
test,raw/emam_v14/test/images/Image_51_jpg.rf.663102774f809b9d93a44b426a73e25e.jpg,raw/emam_v14/test/labels/Image_51_jpg.rf.663102774f809b9d93a44b426a73e25e.txt,cabbage
test,raw/emam_v14/test/images/Image_52_jpg.rf.dceaef955d0468a1f90627e7020b67f2.jpg,raw/emam_v14/test/labels/Image_52_jpg.rf.dceaef955d0468a1f90627e7020b67f2.txt,radish
test,raw/emam_v14/test/images/Image_52_png_jpg.rf.b7cfbad5f1cf6a4805c15e119d425637.jpg,raw/emam_v14/test/labels/Image_52_png_jpg.rf.b7cfbad5f1cf6a4805c15e119d425637.txt,lemon
test,raw/emam_v14/test/images/Image_53_jpg.rf.413a89492db36fa0916c60e6f34e05fb.jpg,raw/emam_v14/test/labels/Image_53_jpg.rf.413a89492db36fa0916c60e6f34e05fb.txt,tomato
test,raw/emam_v14/test/images/Image_53_jpg.rf.d3154709983ef019ac16b5f9879262e3.jpg,raw/emam_v14/test/labels/Image_53_jpg.rf.d3154709983ef019ac16b5f9879262e3.txt,bellpepper
test,raw/emam_v14/test/images/Image_54_jpg.rf.16660caa1953322ef28e0dbcebeac30c.jpg,raw/emam_v14/test/labels/Image_54_jpg.rf.16660caa1953322ef28e0dbcebeac30c.txt,chillipepper
test,raw/emam_v14/test/images/Image_55_png_jpg.rf.62ae77d7dd74d7f36ace2f38d9d9c532.jpg,raw/emam_v14/test/labels/Image_55_png_jpg.rf.62ae77d7dd74d7f36ace2f38d9d9c532.txt,cucumber
test,raw/emam_v14/test/images/Image_56_png_jpg.rf.ee6c589da4757e185e5430802b563ded.jpg,raw/emam_v14/test/labels/Image_56_png_jpg.rf.ee6c589da4757e185e5430802b563ded.txt,sweetcorn
test,raw/emam_v14/test/images/Image_57_jpg.rf.00dcb79d5b801af355358e6e1ad00a0e.jpg,raw/emam_v14/test/labels/Image_57_jpg.rf.00dcb79d5b801af355358e6e1ad00a0e.txt,tomato
test,raw/emam_v14/test/images/Image_57_jpg.rf.258bee81d947ef663c5bf52f46d85535.jpg,raw/emam_v14/test/labels/Image_57_jpg.rf.258bee81d947ef663c5bf52f46d85535.txt,garlic
test,raw/emam_v14/test/images/Image_57_jpg.rf.599d45f440a41fa65ff3eb0488fd592f.jpg,raw/emam_v14/test/labels/Image_57_jpg.rf.599d45f440a41fa65ff3eb0488fd592f.txt,sweetcorn
test,raw/emam_v14/test/images/Image_57_jpg.rf.cea321ffe3d17eb4b926c22c95063461.jpg,raw/emam_v14/test/labels/Image_57_jpg.rf.cea321ffe3d17eb4b926c22c95063461.txt,ginger
test,raw/emam_v14/test/images/Image_57_jpg.rf.dc211e6d9b12be369138700f1847f811.jpg,raw/emam_v14/test/labels/Image_57_jpg.rf.dc211e6d9b12be369138700f1847f811.txt,carrot
test,raw/emam_v14/test/images/Image_58_jpg.rf.21b64e57afeb8ac5be7ebbe78c5c85b1.jpg,raw/emam_v14/test/labels/Image_58_jpg.rf.21b64e57afeb8ac5be7ebbe78c5c85b1.txt,cabbage
test,raw/emam_v14/test/images/Image_58_jpg.rf.395b7f4cd211a876018de70ddda6a85a.jpg,raw/emam_v14/test/labels/Image_58_jpg.rf.395b7f4cd211a876018de70ddda6a85a.txt,radish
test,raw/emam_v14/test/images/Image_58_jpg.rf.dabf1ec2850a6ad922f065287bbf92a0.jpg,raw/emam_v14/test/labels/Image_58_jpg.rf.dabf1ec2850a6ad922f065287bbf92a0.txt,lettuce
test,raw/emam_v14/test/images/Image_58_jpg.rf.ea5b8b5452ad7bc212310c0e91eab176.jpg,raw/emam_v14/test/labels/Image_58_jpg.rf.ea5b8b5452ad7bc212310c0e91eab176.txt,sweetpotato
test,raw/emam_v14/test/images/Image_58_jpg.rf.f989a3444d0e430b761f8d5a10c4b164.jpg,raw/emam_v14/test/labels/Image_58_jpg.rf.f989a3444d0e430b761f8d5a10c4b164.txt,spinach
test,raw/emam_v14/test/images/Image_59_jpg.rf.a5bca42c25ff82b4234338715a76bd85.jpg,raw/emam_v14/test/labels/Image_59_jpg.rf.a5bca42c25ff82b4234338715a76bd85.txt,eggplant
test,raw/emam_v14/test/images/Image_5_jpg.rf.58fedd9fc4f5ca8a35527f352fd364da.jpg,raw/emam_v14/test/labels/Image_5_jpg.rf.58fedd9fc4f5ca8a35527f352fd364da.txt,bellpepper
test,raw/emam_v14/test/images/Image_5_jpg.rf.8a181b158e033161c1d15be740f1d73c.jpg,raw/emam_v14/test/labels/Image_5_jpg.rf.8a181b158e033161c1d15be740f1d73c.txt,cucumber
test,raw/emam_v14/test/images/Image_5_jpg.rf.fb86bb1309e1ef0a17732fb899622aa2.jpg,raw/emam_v14/test/labels/Image_5_jpg.rf.fb86bb1309e1ef0a17732fb899622aa2.txt,sweetcorn
test,raw/emam_v14/test/images/Image_60_JPG_jpg.rf.35f7b316712383dc085e339b5771bf79.jpg,raw/emam_v14/test/labels/Image_60_JPG_jpg.rf.35f7b316712383dc085e339b5771bf79.txt,cabbage
test,raw/emam_v14/test/images/Image_60_jpg.rf.dcac3383df7ea222b268703aa04ec1d9.jpg,raw/emam_v14/test/labels/Image_60_jpg.rf.dcac3383df7ea222b268703aa04ec1d9.txt,turnip
test,raw/emam_v14/test/images/Image_61_jpg.rf.46892b820093bb2b4e2b4ae5ee50efe9.jpg,raw/emam_v14/test/labels/Image_61_jpg.rf.46892b820093bb2b4e2b4ae5ee50efe9.txt,ginger
test,raw/emam_v14/test/images/Image_63_JPG_jpg.rf.c1cd65579f017f54055df21dafbd2cab.jpg,raw/emam_v14/test/labels/Image_63_JPG_jpg.rf.c1cd65579f017f54055df21dafbd2cab.txt,peas
test,raw/emam_v14/test/images/Image_63_jpg.rf.c35d84e1693fbd4d7f37377ed88eb585.jpg,raw/emam_v14/test/labels/Image_63_jpg.rf.c35d84e1693fbd4d7f37377ed88eb585.txt,carrot
test,raw/emam_v14/test/images/Image_64_jpg.rf.95038e8b845656a1c0d744d766f2b251.jpg,raw/emam_v14/test/labels/Image_64_jpg.rf.95038e8b845656a1c0d744d766f2b251.txt,ginger
test,raw/emam_v14/test/images/Image_65_jpg.rf.11d1686349648c3c83383c9af2b44eb2.jpg,raw/emam_v14/test/labels/Image_65_jpg.rf.11d1686349648c3c83383c9af2b44eb2.txt,lemon
test,raw/emam_v14/test/images/Image_66_jpeg_jpg.rf.01aca73dcc2b53f093716de6892d04d3.jpg,raw/emam_v14/test/labels/Image_66_jpeg_jpg.rf.01aca73dcc2b53f093716de6892d04d3.txt,ladyfinger
test,raw/emam_v14/test/images/Image_67_jpg.rf.3f7bee98b77ec3901b6388fc8fe1b758.jpg,raw/emam_v14/test/labels/Image_67_jpg.rf.3f7bee98b77ec3901b6388fc8fe1b758.txt,carrot
test,raw/emam_v14/test/images/Image_68_jpg.rf.b41d4d71ae840a29144338204142d994.jpg,raw/emam_v14/test/labels/Image_68_jpg.rf.b41d4d71ae840a29144338204142d994.txt,chillipepper
test,raw/emam_v14/test/images/Image_68_png_jpg.rf.91791652fde1e6ef086f792908b27811.jpg,raw/emam_v14/test/labels/Image_68_png_jpg.rf.91791652fde1e6ef086f792908b27811.txt,carrot
test,raw/emam_v14/test/images/Image_69_jpg.rf.8732d69c7594dc07eba0d44b0a198314.jpg,raw/emam_v14/test/labels/Image_69_jpg.rf.8732d69c7594dc07eba0d44b0a198314.txt,sweetpotato
test,raw/emam_v14/test/images/Image_69_png_jpg.rf.c66b2295a521ddfacc4e0492f103eef8.jpg,raw/emam_v14/test/labels/Image_69_png_jpg.rf.c66b2295a521ddfacc4e0492f103eef8.txt,turnip
test,raw/emam_v14/test/images/Image_6_jpg.rf.2a36f5fb6b41256f344fbeb1600072d2.jpg,raw/emam_v14/test/labels/Image_6_jpg.rf.2a36f5fb6b41256f344fbeb1600072d2.txt,ginger
test,raw/emam_v14/test/images/Image_6_jpg.rf.31f62329fc8482e15694c0ff27866d2e.jpg,raw/emam_v14/test/labels/Image_6_jpg.rf.31f62329fc8482e15694c0ff27866d2e.txt,eggplant
test,raw/emam_v14/test/images/Image_6_jpg.rf.dcd9bc06cfe85fde6576fb70137d7cfe.jpg,raw/emam_v14/test/labels/Image_6_jpg.rf.dcd9bc06cfe85fde6576fb70137d7cfe.txt,potato
test,raw/emam_v14/test/images/Image_70_jpg.rf.32b081b925f2e760ae5d5fe39162f58c.jpg,raw/emam_v14/test/labels/Image_70_jpg.rf.32b081b925f2e760ae5d5fe39162f58c.txt,cucumber
test,raw/emam_v14/test/images/Image_71_jpg.rf.470f2a92b2148f4f6d63e8fbc0826161.jpg,raw/emam_v14/test/labels/Image_71_jpg.rf.470f2a92b2148f4f6d63e8fbc0826161.txt,lettuce
test,raw/emam_v14/test/images/Image_71_jpg.rf.a734f09a99031e38f88a7ae86d67d3c8.jpg,raw/emam_v14/test/labels/Image_71_jpg.rf.a734f09a99031e38f88a7ae86d67d3c8.txt,lemon
test,raw/emam_v14/test/images/Image_71_jpg.rf.cffbf08124542aff358c69f23a964a34.jpg,raw/emam_v14/test/labels/Image_71_jpg.rf.cffbf08124542aff358c69f23a964a34.txt,cucumber
test,raw/emam_v14/test/images/Image_72_JPG_jpg.rf.66921d5e6a55b46385173815ad65e008.jpg,raw/emam_v14/test/labels/Image_72_JPG_jpg.rf.66921d5e6a55b46385173815ad65e008.txt,turnip
test,raw/emam_v14/test/images/Image_74_jpg.rf.8e400299a2a87ae0a7e0b8cad72e0302.jpg,raw/emam_v14/test/labels/Image_74_jpg.rf.8e400299a2a87ae0a7e0b8cad72e0302.txt,spinach
test,raw/emam_v14/test/images/Image_74_jpg.rf.cdd1bc2279b250e739ff7adc132aa889.jpg,raw/emam_v14/test/labels/Image_74_jpg.rf.cdd1bc2279b250e739ff7adc132aa889.txt,chillipepper|jalapeno
test,raw/emam_v14/test/images/Image_75_jpg.rf.8e7aa19739c91526e8c235142d0eee64.jpg,raw/emam_v14/test/labels/Image_75_jpg.rf.8e7aa19739c91526e8c235142d0eee64.txt,peas
test,raw/emam_v14/test/images/Image_75_jpg.rf.e541e43a9cda3a372dc1b8ef3e7cbe59.jpg,raw/emam_v14/test/labels/Image_75_jpg.rf.e541e43a9cda3a372dc1b8ef3e7cbe59.txt,radish
test,raw/emam_v14/test/images/Image_75_jpg.rf.f8382e9a9a1da7514eb69b99341dd20f.jpg,raw/emam_v14/test/labels/Image_75_jpg.rf.f8382e9a9a1da7514eb69b99341dd20f.txt,chillipepper
test,raw/emam_v14/test/images/Image_76_jpg.rf.6689f3f2052752d8409f4b0a2052f68d.jpg,raw/emam_v14/test/labels/Image_76_jpg.rf.6689f3f2052752d8409f4b0a2052f68d.txt,lettuce
test,raw/emam_v14/test/images/Image_77_jpg.rf.aba0f50ad3446f0721ef1beeb0a91ca2.jpg,raw/emam_v14/test/labels/Image_77_jpg.rf.aba0f50ad3446f0721ef1beeb0a91ca2.txt,garlic
test,raw/emam_v14/test/images/Image_78_jpg.rf.3e142466e1355999f2052ab334daf66d.jpg,raw/emam_v14/test/labels/Image_78_jpg.rf.3e142466e1355999f2052ab334daf66d.txt,garlic
test,raw/emam_v14/test/images/Image_7_jpg.rf.1b8d8354e37dd28fc3d695c36a11ec06.jpg,raw/emam_v14/test/labels/Image_7_jpg.rf.1b8d8354e37dd28fc3d695c36a11ec06.txt,beetroot
test,raw/emam_v14/test/images/Image_7_jpg.rf.20fbbb0dc3829024a36bec0695808dfd.jpg,raw/emam_v14/test/labels/Image_7_jpg.rf.20fbbb0dc3829024a36bec0695808dfd.txt,turnip
test,raw/emam_v14/test/images/Image_80_jpg.rf.e049ab1cd36ba45e4aa11aaa7b522007.jpg,raw/emam_v14/test/labels/Image_80_jpg.rf.e049ab1cd36ba45e4aa11aaa7b522007.txt,eggplant
test,raw/emam_v14/test/images/Image_81_jpg.rf.dea1e4a0421b7fdd7532e9551372e00e.jpg,raw/emam_v14/test/labels/Image_81_jpg.rf.dea1e4a0421b7fdd7532e9551372e00e.txt,chillipepper
test,raw/emam_v14/test/images/Image_81_png_jpg.rf.f4626914b0d21cafae9dfdf64a89bdca.jpg,raw/emam_v14/test/labels/Image_81_png_jpg.rf.f4626914b0d21cafae9dfdf64a89bdca.txt,lettuce
test,raw/emam_v14/test/images/Image_83_jpg.rf.224fe696235ad79299f17970344b98b3.jpg,raw/emam_v14/test/labels/Image_83_jpg.rf.224fe696235ad79299f17970344b98b3.txt,garlic
test,raw/emam_v14/test/images/Image_83_png_jpg.rf.1bc8d5f054788c45132c511f01427ac1.jpg,raw/emam_v14/test/labels/Image_83_png_jpg.rf.1bc8d5f054788c45132c511f01427ac1.txt,turnip
test,raw/emam_v14/test/images/Image_84_jpg.rf.ad55ede8c7820e05d52e4f8a97d01908.jpg,raw/emam_v14/test/labels/Image_84_jpg.rf.ad55ede8c7820e05d52e4f8a97d01908.txt,carrot
test,raw/emam_v14/test/images/Image_84_png_jpg.rf.cfacd6cd5fa5cad8fb46dec1ee3eb94d.jpg,raw/emam_v14/test/labels/Image_84_png_jpg.rf.cfacd6cd5fa5cad8fb46dec1ee3eb94d.txt,potato
test,raw/emam_v14/test/images/Image_85_jpg.rf.b29448068c2cacf68119290c5f0a9aed.jpg,raw/emam_v14/test/labels/Image_85_jpg.rf.b29448068c2cacf68119290c5f0a9aed.txt,bellpepper
test,raw/emam_v14/test/images/Image_85_jpg.rf.feebd759b6417bb30bb6d8e2acc367ca.jpg,raw/emam_v14/test/labels/Image_85_jpg.rf.feebd759b6417bb30bb6d8e2acc367ca.txt,spinach
test,raw/emam_v14/test/images/Image_86_jpg.rf.719b62bbafef5c25fbd5f7bfd313b8f9.jpg,raw/emam_v14/test/labels/Image_86_jpg.rf.719b62bbafef5c25fbd5f7bfd313b8f9.txt,potato
test,raw/emam_v14/test/images/Image_86_jpg.rf.d6548bfb2139b53d8c27929f8719a4cf.jpg,raw/emam_v14/test/labels/Image_86_jpg.rf.d6548bfb2139b53d8c27929f8719a4cf.txt,bellpepper
test,raw/emam_v14/test/images/Image_86_png_jpg.rf.f0a6c2edf08df82ad33e96e9ff0b222f.jpg,raw/emam_v14/test/labels/Image_86_png_jpg.rf.f0a6c2edf08df82ad33e96e9ff0b222f.txt,bellpepper
test,raw/emam_v14/test/images/Image_88_jpg.rf.33ae6d98af3833319b3298029e36d909.jpg,raw/emam_v14/test/labels/Image_88_jpg.rf.33ae6d98af3833319b3298029e36d909.txt,garlic
test,raw/emam_v14/test/images/Image_89_jpg.rf.29b9739ce8d3b92fd181409d28d29fce.jpg,raw/emam_v14/test/labels/Image_89_jpg.rf.29b9739ce8d3b92fd181409d28d29fce.txt,potato
test,raw/emam_v14/test/images/Image_8_jpg.rf.0fe4686d48d6908259f5dc8527bc3b55.jpg,raw/emam_v14/test/labels/Image_8_jpg.rf.0fe4686d48d6908259f5dc8527bc3b55.txt,tomato
test,raw/emam_v14/test/images/Image_8_jpg.rf.c63f523f2fe0ed1e64f72911c6723a70.jpg,raw/emam_v14/test/labels/Image_8_jpg.rf.c63f523f2fe0ed1e64f72911c6723a70.txt,sweetpotato
test,raw/emam_v14/test/images/Image_90_jpeg_jpg.rf.dd96d58980ecffed3f2e9239f6150410.jpg,raw/emam_v14/test/labels/Image_90_jpeg_jpg.rf.dd96d58980ecffed3f2e9239f6150410.txt,turnip
test,raw/emam_v14/test/images/Image_90_jpg.rf.4125b98e913d8fdbdaf3037bc7c055a7.jpg,raw/emam_v14/test/labels/Image_90_jpg.rf.4125b98e913d8fdbdaf3037bc7c055a7.txt,beetroot
test,raw/emam_v14/test/images/Image_90_png_jpg.rf.e3c619ff630a5804efa947c44703dc33.jpg,raw/emam_v14/test/labels/Image_90_png_jpg.rf.e3c619ff630a5804efa947c44703dc33.txt,potato
test,raw/emam_v14/test/images/Image_90_png_jpg.rf.f069a612ccdcec2ae5bdb495ab5d4828.jpg,raw/emam_v14/test/labels/Image_90_png_jpg.rf.f069a612ccdcec2ae5bdb495ab5d4828.txt,spinach
test,raw/emam_v14/test/images/Image_93_jpg.rf.7ef99907220ba1f5bea02dd86719d8ec.jpg,raw/emam_v14/test/labels/Image_93_jpg.rf.7ef99907220ba1f5bea02dd86719d8ec.txt,bellpepper
test,raw/emam_v14/test/images/Image_95_jpg.rf.0721dd54b0cabf5f64df2da6bcdebb53.jpg,raw/emam_v14/test/labels/Image_95_jpg.rf.0721dd54b0cabf5f64df2da6bcdebb53.txt,sweetpotato
test,raw/emam_v14/test/images/Image_95_jpg.rf.d56bd8925ee4dbb351e31a88ee45cfcf.jpg,raw/emam_v14/test/labels/Image_95_jpg.rf.d56bd8925ee4dbb351e31a88ee45cfcf.txt,lettuce
test,raw/emam_v14/test/images/Image_96_JPG_jpg.rf.57a8d6ef2bbbaa23fe251cc459e602fb.jpg,raw/emam_v14/test/labels/Image_96_JPG_jpg.rf.57a8d6ef2bbbaa23fe251cc459e602fb.txt,bellpepper
test,raw/emam_v14/test/images/Image_9_jpg.rf.2551de03f09e7ff1b945eef06ad70d65.jpg,raw/emam_v14/test/labels/Image_9_jpg.rf.2551de03f09e7ff1b945eef06ad70d65.txt,beetroot
test,raw/emam_v14/test/images/Image_9_jpg.rf.45eddf024b961bd4dd04025262588df8.jpg,raw/emam_v14/test/labels/Image_9_jpg.rf.45eddf024b961bd4dd04025262588df8.txt,chillipepper
test,raw/emam_v14/test/images/Image_9_jpg.rf.5b137ee079d9cbcca0250a1df7eec450.jpg,raw/emam_v14/test/labels/Image_9_jpg.rf.5b137ee079d9cbcca0250a1df7eec450.txt,ladyfinger
test,raw/emam_v14/test/images/Image_9_jpg.rf.de6a1dd2b5ddd9402906aee5fa701039.jpg,raw/emam_v14/test/labels/Image_9_jpg.rf.de6a1dd2b5ddd9402906aee5fa701039.txt,cucumber
test,raw/emam_v14/test/images/Image_9_jpg.rf.fb9b6045ee2f727e2f01bb50490546cb.jpg,raw/emam_v14/test/labels/Image_9_jpg.rf.fb9b6045ee2f727e2f01bb50490546cb.txt,cauliflower
