split,image_path,label_path,classes
train,train/images/Yardlong-bean_-85-_jpg.rf.8156241c3c0b60a4d9590da378d09279.jpg,train/labels/Yardlong-bean_-85-_jpg.rf.8156241c3c0b60a4d9590da378d09279.txt,yardlong-bean
train,train/images/image_177_png.rf.fbb0631a999e3955d08f78d486de4031.jpg,train/labels/image_177_png.rf.fbb0631a999e3955d08f78d486de4031.txt,chickpea
train,train/images/images-6-_jpeg.rf.dab19badccd198e93fdb0c401a6ea3e6.jpg,train/labels/images-6-_jpeg.rf.dab19badccd198e93fdb0c401a6ea3e6.txt,peanut seeds
train,train/images/IMG_20230316_151238_1-1-_jpg.rf.38c912ecdc553cc18cb98e10446e58b8.jpg,train/labels/IMG_20230316_151238_1-1-_jpg.rf.38c912ecdc553cc18cb98e10446e58b8.txt,chickpea
train,train/images/IMG_20230316_151519_1-2-_jpg.rf.05c0cce43c29e29af61af36fddc980f2.jpg,train/labels/IMG_20230316_151519_1-2-_jpg.rf.05c0cce43c29e29af61af36fddc980f2.txt,chickpea
train,train/images/download-1-_jpeg.rf.dfe1f78158e80138a6cdf2dfbfacc558.jpg,train/labels/download-1-_jpeg.rf.dfe1f78158e80138a6cdf2dfbfacc558.txt,lotus seeds
train,train/images/IMG_20230316_151535_jpg.rf.2183b21a0e0b5ec3912391d62fd07d87.jpg,train/labels/IMG_20230316_151535_jpg.rf.2183b21a0e0b5ec3912391d62fd07d87.txt,chickpea
train,train/images/image145_jpg.rf.cfe45f48095dd5286ddb83c6965ca3ce.jpg,train/labels/image145_jpg.rf.cfe45f48095dd5286ddb83c6965ca3ce.txt,chickpea
train,train/images/image_127_png.rf.4487afe90c864ec51560abcdaf391ce0.jpg,train/labels/image_127_png.rf.4487afe90c864ec51560abcdaf391ce0.txt,chickpea
train,train/images/images-9-_jpeg.rf.bfea4338a74978bc4b3e9a54a0631bf6.jpg,train/labels/images-9-_jpeg.rf.bfea4338a74978bc4b3e9a54a0631bf6.txt,flax seeds
train,train/images/download-3-_jpeg.rf.07f41ccc3c5598af30e0e5902c8d9e95.jpg,train/labels/download-3-_jpeg.rf.07f41ccc3c5598af30e0e5902c8d9e95.txt,egusi seeds
train,train/images/image74_png.rf.ec8de3d5030add1ac5ab1ec9fc38f2c9.jpg,train/labels/image74_png.rf.ec8de3d5030add1ac5ab1ec9fc38f2c9.txt,chickpea
train,train/images/download-5-_jpeg.rf.edf7dbdbf83d7b00fd073660850f2886.jpg,train/labels/download-5-_jpeg.rf.edf7dbdbf83d7b00fd073660850f2886.txt,sesame seeds
train,train/images/Angled-gourd_-54-_jpg.rf.68af99c71fa7e40027efb99c470062e4.jpg,train/labels/Angled-gourd_-54-_jpg.rf.68af99c71fa7e40027efb99c470062e4.txt,angle-gourd
train,train/images/chickpea208_jpg.rf.504f787a627de944d4e6c7394228bacb.jpg,train/labels/chickpea208_jpg.rf.504f787a627de944d4e6c7394228bacb.txt,chickpea
train,train/images/IMG_20230316_150550_jpg.rf.e0283766fa5eb69c4c8faf4fadf6bf49.jpg,train/labels/IMG_20230316_150550_jpg.rf.e0283766fa5eb69c4c8faf4fadf6bf49.txt,chickpea
train,train/images/image_135_png.rf.a0fbb92752984edd36009cec9513c538.jpg,train/labels/image_135_png.rf.a0fbb92752984edd36009cec9513c538.txt,
train,train/images/download-2-_jpeg.rf.d040af95f9f3aae2251af6da05fcbeb0.jpg,train/labels/download-2-_jpeg.rf.d040af95f9f3aae2251af6da05fcbeb0.txt,egusi seeds
train,train/images/IMG_20230316_124735_1-1-_jpg.rf.be13109741395652d7c5793c9c20969d.jpg,train/labels/IMG_20230316_124735_1-1-_jpg.rf.be13109741395652d7c5793c9c20969d.txt,chickpea
train,train/images/IMG_20230316_151603_jpg.rf.19c0ed896415cd243a7e6a9b11e81e95.jpg,train/labels/IMG_20230316_151603_jpg.rf.19c0ed896415cd243a7e6a9b11e81e95.txt,chickpea
train,train/images/images-7-_jpeg.rf.37afb7a1f8e2caf6f61b5142065d5e01.jpg,train/labels/images-7-_jpeg.rf.37afb7a1f8e2caf6f61b5142065d5e01.txt,poppy seeds
train,train/images/image28_png.rf.6fa9b5355c270814d67d3a6582efb563.jpg,train/labels/image28_png.rf.6fa9b5355c270814d67d3a6582efb563.txt,chickpea
train,train/images/image_152_png.rf.64fb3e34faf545499e6f56369808f802.jpg,train/labels/image_152_png.rf.64fb3e34faf545499e6f56369808f802.txt,
train,train/images/download-10-_jpeg.rf.97f701a653f052bd9ca6474a733e7fb8.jpg,train/labels/download-10-_jpeg.rf.97f701a653f052bd9ca6474a733e7fb8.txt,oats seeds
train,train/images/images-8-_jpeg.rf.4506014ccc98a70dd89064298e5af46e.jpg,train/labels/images-8-_jpeg.rf.4506014ccc98a70dd89064298e5af46e.txt,basil seeds
train,train/images/chickpea12_jpg.rf.55c0d4cbd59fccff9c3b2214b70e9421.jpg,train/labels/chickpea12_jpg.rf.55c0d4cbd59fccff9c3b2214b70e9421.txt,chickpea
train,train/images/images-12-_jpeg.rf.ce5c2ed11babb9896f3f243e407c7aab.jpg,train/labels/images-12-_jpeg.rf.ce5c2ed11babb9896f3f243e407c7aab.txt,hemp seeds
train,train/images/IMG_20230316_124641_1_jpg.rf.a1b55a5fb6f4a1a0d08e26d948169e25.jpg,train/labels/IMG_20230316_124641_1_jpg.rf.a1b55a5fb6f4a1a0d08e26d948169e25.txt,
train,train/images/images-3-_jpeg.rf.32698b3046f3404ce2461628dac0ad43.jpg,train/labels/images-3-_jpeg.rf.32698b3046f3404ce2461628dac0ad43.txt,nigella seeds
train,train/images/download-5-_jpeg.rf.a1951ab0cd4aee3cea9d7bbad7c50587.jpg,train/labels/download-5-_jpeg.rf.a1951ab0cd4aee3cea9d7bbad7c50587.txt,fennel
train,train/images/images-11-_jpeg.rf.ac6ca67c81e1d97fc44e9783066dfabb.jpg,train/labels/images-11-_jpeg.rf.ac6ca67c81e1d97fc44e9783066dfabb.txt,rice seeds
train,train/images/image153_jpg.rf.78210397ebc37f356c983d50e75a3f4b.jpg,train/labels/image153_jpg.rf.78210397ebc37f356c983d50e75a3f4b.txt,chickpea
train,train/images/Muskmelon_-43-_jpg.rf.62b6efb46685ec635e118d950c2b8c45.jpg,train/labels/Muskmelon_-43-_jpg.rf.62b6efb46685ec635e118d950c2b8c45.txt,"muskmelon,pumpkin"
train,train/images/download-1-_jpeg.rf.a2c7339c99d1e85e64bc269977edfe41.jpg,train/labels/download-1-_jpeg.rf.a2c7339c99d1e85e64bc269977edfe41.txt,flax seeds
train,train/images/Yardlong-bean_-40-_jpg.rf.10bc7b0aedf63a90bf634bee67e0cc2f.jpg,train/labels/Yardlong-bean_-40-_jpg.rf.10bc7b0aedf63a90bf634bee67e0cc2f.txt,yardlong-bean
train,train/images/image93_png.rf.edbc838cdbcdea87e3a4a786b3be38c3.jpg,train/labels/image93_png.rf.edbc838cdbcdea87e3a4a786b3be38c3.txt,chickpea
train,train/images/image96_jpg.rf.d71c7c48449ffb5a172eef4a292baba4.jpg,train/labels/image96_jpg.rf.d71c7c48449ffb5a172eef4a292baba4.txt,chickpea
train,train/images/IMG_20230316_131758_1-1-_jpg.rf.f8e35a7df23fcd2aa13f70370852a99a.jpg,train/labels/IMG_20230316_131758_1-1-_jpg.rf.f8e35a7df23fcd2aa13f70370852a99a.txt,
train,train/images/image79_png.rf.b325b033a7dfd530439214bf16243e5b.jpg,train/labels/image79_png.rf.b325b033a7dfd530439214bf16243e5b.txt,chickpea
train,train/images/image131_jpg.rf.ed8d28069f7ce7474152adca34a70221.jpg,train/labels/image131_jpg.rf.ed8d28069f7ce7474152adca34a70221.txt,chickpea
train,train/images/IMG_20230316_151519_1_jpg.rf.9af52538c47c5ffc032e59ff203f37a3.jpg,train/labels/IMG_20230316_151519_1_jpg.rf.9af52538c47c5ffc032e59ff203f37a3.txt,
train,train/images/images-1-_jpeg.rf.0bbe75d7f710024e6cecf24b77f326b6.jpg,train/labels/images-1-_jpeg.rf.0bbe75d7f710024e6cecf24b77f326b6.txt,sesame seeds
train,train/images/image42_png.rf.c96ec886594ccebb65dd6200a726c5cb.jpg,train/labels/image42_png.rf.c96ec886594ccebb65dd6200a726c5cb.txt,chickpea
train,train/images/chickpea11_jpg.rf.99455460e61b5fa7a2a992b251f5152f.jpg,train/labels/chickpea11_jpg.rf.99455460e61b5fa7a2a992b251f5152f.txt,chickpea
train,train/images/images_jpeg.rf.49f9332773c1dbcc46c738c4d47e61d8.jpg,train/labels/images_jpeg.rf.49f9332773c1dbcc46c738c4d47e61d8.txt,potato seeds
train,train/images/image28_jpg.rf.85a39f8832d972cf0bf658f715d998ee.jpg,train/labels/image28_jpg.rf.85a39f8832d972cf0bf658f715d998ee.txt,chickpea
train,train/images/images-1-_jpeg.rf.8c49db18ffd3d1470f836ba00cda4401.jpg,train/labels/images-1-_jpeg.rf.8c49db18ffd3d1470f836ba00cda4401.txt,cabbage
train,train/images/IMG_20230316_132023_1-1-_jpg.rf.5faa486665dd6ae6836ba7713953050e.jpg,train/labels/IMG_20230316_132023_1-1-_jpg.rf.5faa486665dd6ae6836ba7713953050e.txt,chickpea
train,train/images/images-3-_jpeg.rf.79ea6eb99da0d26044988b2e1c960c63.jpg,train/labels/images-3-_jpeg.rf.79ea6eb99da0d26044988b2e1c960c63.txt,hemp seeds
train,train/images/image87_png.rf.2539f336fbe4ccc729e0fae9f7624a03.jpg,train/labels/image87_png.rf.2539f336fbe4ccc729e0fae9f7624a03.txt,chickpea
train,train/images/Angled-gourd_-7-_jpg.rf.f8839920b0418ee846df44cd9e7a8e69.jpg,train/labels/Angled-gourd_-7-_jpg.rf.f8839920b0418ee846df44cd9e7a8e69.txt,angle-gourd
train,train/images/images-15-_jpeg.rf.dbbfe0b1d553601a2e7db3cb4d0259c4.jpg,train/labels/images-15-_jpeg.rf.dbbfe0b1d553601a2e7db3cb4d0259c4.txt,grape seeds
train,train/images/IMG_20230316_150923_1_jpg.rf.a68d3a89e41859594bec48fc54b4e304.jpg,train/labels/IMG_20230316_150923_1_jpg.rf.a68d3a89e41859594bec48fc54b4e304.txt,
train,train/images/images-4-_jpeg.rf.cebc8ee68596ec1cce315903c810e108.jpg,train/labels/images-4-_jpeg.rf.cebc8ee68596ec1cce315903c810e108.txt,coffee beans
train,train/images/image23_jpg.rf.6ed3af1a778bbc4f15fdea101b592b6f.jpg,train/labels/image23_jpg.rf.6ed3af1a778bbc4f15fdea101b592b6f.txt,chickpea
train,train/images/image_115_png.rf.0e4d229d5fcd52c2f5cbe6ddacaba9f1.jpg,train/labels/image_115_png.rf.0e4d229d5fcd52c2f5cbe6ddacaba9f1.txt,chickpea
train,train/images/image16_jpg.rf.04ad428e3602228cf7a0bd7e4eff9045.jpg,train/labels/image16_jpg.rf.04ad428e3602228cf7a0bd7e4eff9045.txt,chickpea
train,train/images/images-13-_jpeg.rf.865d480f9879f5009e6cf6928e9d1945.jpg,train/labels/images-13-_jpeg.rf.865d480f9879f5009e6cf6928e9d1945.txt,poppy seeds
train,train/images/image2_jpg.rf.a173533de479d809f7f0c3232c3f61e2.jpg,train/labels/image2_jpg.rf.a173533de479d809f7f0c3232c3f61e2.txt,
train,train/images/image131_jpg.rf.902083f24cce51fc633100495714ec0f.jpg,train/labels/image131_jpg.rf.902083f24cce51fc633100495714ec0f.txt,chickpea
train,train/images/download-2-_jpeg.rf.f41da8ca3f0aefabad3de3f79097ed75.jpg,train/labels/download-2-_jpeg.rf.f41da8ca3f0aefabad3de3f79097ed75.txt,mint seeds
train,train/images/Bottle-gourd_long-47-_jpg.rf.24d745fcdd8b71d1cadc2c8ed6de07b9.jpg,train/labels/Bottle-gourd_long-47-_jpg.rf.24d745fcdd8b71d1cadc2c8ed6de07b9.txt,
train,train/images/IMG_20230316_150602_jpg.rf.d2f6219b0934245b060c6d14edee9a7f.jpg,train/labels/IMG_20230316_150602_jpg.rf.d2f6219b0934245b060c6d14edee9a7f.txt,chickpea
train,train/images/images-2-_jpeg.rf.a2e1153b3a1474081e09e2a046fabdfc.jpg,train/labels/images-2-_jpeg.rf.a2e1153b3a1474081e09e2a046fabdfc.txt,beetroot seed
train,train/images/download-3-_jpeg.rf.72b7064a62a59ae43cec885cb5b11019.jpg,train/labels/download-3-_jpeg.rf.72b7064a62a59ae43cec885cb5b11019.txt,brown bean
train,train/images/download-3-_jpeg.rf.f175ec38d41ad2d808ffe68f69f41b74.jpg,train/labels/download-3-_jpeg.rf.f175ec38d41ad2d808ffe68f69f41b74.txt,chia
train,train/images/chickpea11_jpg.rf.8f92352d3bfd08f8fe5d29e978c6f9ca.jpg,train/labels/chickpea11_jpg.rf.8f92352d3bfd08f8fe5d29e978c6f9ca.txt,chickpea
train,train/images/images-3-_jpeg.rf.03d28e93e1944da793e80f16ea6714c9.jpg,train/labels/images-3-_jpeg.rf.03d28e93e1944da793e80f16ea6714c9.txt,pinenut seeds
train,train/images/download-8-_jpeg.rf.a64170b4cc196b581f541bd0e37cbee1.jpg,train/labels/download-8-_jpeg.rf.a64170b4cc196b581f541bd0e37cbee1.txt,jackfruit
train,train/images/images-10-_jpeg.rf.56a12493adb50d475573ebbf51eb3ac2.jpg,train/labels/images-10-_jpeg.rf.56a12493adb50d475573ebbf51eb3ac2.txt,grape seeds
train,train/images/IMG_20230316_151519_1-2-_jpg.rf.a828581c174408de335cb3dfa3bdbc7b.jpg,train/labels/IMG_20230316_151519_1-2-_jpg.rf.a828581c174408de335cb3dfa3bdbc7b.txt,
train,train/images/download-6-_jpeg.rf.8aac514b93d98fb8d8ded7078f0c7da5.jpg,train/labels/download-6-_jpeg.rf.8aac514b93d98fb8d8ded7078f0c7da5.txt,sesame seeds
train,train/images/download-11-_jpeg.rf.76a1b506326205cd0b44065843b89f85.jpg,train/labels/download-11-_jpeg.rf.76a1b506326205cd0b44065843b89f85.txt,split red lentils
train,train/images/image25_png.rf.2adb4124665b081702239c663a92258b.jpg,train/labels/image25_png.rf.2adb4124665b081702239c663a92258b.txt,chickpea
train,train/images/download-3-_jpeg.rf.32d9afb877f648f942fe3724ea939145.jpg,train/labels/download-3-_jpeg.rf.32d9afb877f648f942fe3724ea939145.txt,oats seeds
train,train/images/download-6-_jpeg.rf.bdfcf71860a71c9b40d8afbd4a62e773.jpg,train/labels/download-6-_jpeg.rf.bdfcf71860a71c9b40d8afbd4a62e773.txt,mustard seeds
train,train/images/image32_jpg.rf.35cbacbb9d5168907acf67e85afadedc.jpg,train/labels/image32_jpg.rf.35cbacbb9d5168907acf67e85afadedc.txt,chickpea
train,train/images/image102_jpg.rf.88c1a6888ececf336668a2e1fe2de931.jpg,train/labels/image102_jpg.rf.88c1a6888ececf336668a2e1fe2de931.txt,chickpea
train,train/images/download-3-_jpeg.rf.102ea266db0f7dcfbaddf50ca1675e43.jpg,train/labels/download-3-_jpeg.rf.102ea266db0f7dcfbaddf50ca1675e43.txt,peanut seeds
train,train/images/chickpea136_jpg.rf.f9e22ec0e0f38655fa64b7799ac4f2e0.jpg,train/labels/chickpea136_jpg.rf.f9e22ec0e0f38655fa64b7799ac4f2e0.txt,chickpea
train,train/images/Sugar-pea_-50-_jpg.rf.8e95d1cc7e14adeb74f2df04f2e7664d.jpg,train/labels/Sugar-pea_-50-_jpg.rf.8e95d1cc7e14adeb74f2df04f2e7664d.txt,sugar-pea
train,train/images/IMG_20230316_124756_1-1-_jpg.rf.38d5f9a62a17a51705c89ded4d87c04e.jpg,train/labels/IMG_20230316_124756_1-1-_jpg.rf.38d5f9a62a17a51705c89ded4d87c04e.txt,chickpea
train,train/images/download-10-_jpeg.rf.fc9eaec9aa880e3f4544fc099ffc5d72.jpg,train/labels/download-10-_jpeg.rf.fc9eaec9aa880e3f4544fc099ffc5d72.txt,radish seeds
train,train/images/image22_png.rf.ef170a1506b04155b7b2889bc2b65dac.jpg,train/labels/image22_png.rf.ef170a1506b04155b7b2889bc2b65dac.txt,chickpea
train,train/images/image95_jpg.rf.358073da4fdf3c63489823b764b1921b.jpg,train/labels/image95_jpg.rf.358073da4fdf3c63489823b764b1921b.txt,chickpea
train,train/images/images-3-_jpeg.rf.2f8098d438b29231731470d46333faa3.jpg,train/labels/images-3-_jpeg.rf.2f8098d438b29231731470d46333faa3.txt,flax seeds
train,train/images/images-4-_jpeg.rf.38f6b811238591a7eb9956d50126d621.jpg,train/labels/images-4-_jpeg.rf.38f6b811238591a7eb9956d50126d621.txt,peanut seeds
train,train/images/S20211206_0015_jpg.rf.40ff8f508742fa2926a53d2ed88c1c8d.jpg,train/labels/S20211206_0015_jpg.rf.40ff8f508742fa2926a53d2ed88c1c8d.txt,
train,train/images/image36_png.rf.82afa2e2d39b454083d457398cc0dd49.jpg,train/labels/image36_png.rf.82afa2e2d39b454083d457398cc0dd49.txt,chickpea
train,train/images/image111_jpg.rf.c73542ae644c4d2f2c903f9a3084d0e3.jpg,train/labels/image111_jpg.rf.c73542ae644c4d2f2c903f9a3084d0e3.txt,chickpea
train,train/images/image_106_png.rf.aac6a68e1e84a4193e25940a549bc628.jpg,train/labels/image_106_png.rf.aac6a68e1e84a4193e25940a549bc628.txt,chickpea
train,train/images/IMG_20230316_125144_1_jpg.rf.9fad0ecb71915078be45a95f5e338d71.jpg,train/labels/IMG_20230316_125144_1_jpg.rf.9fad0ecb71915078be45a95f5e338d71.txt,
train,train/images/IMG_20230316_151120_1_jpg.rf.1b18338960c99e19d77c293cbebf8a5b.jpg,train/labels/IMG_20230316_151120_1_jpg.rf.1b18338960c99e19d77c293cbebf8a5b.txt,chickpea
train,train/images/image7_png.rf.e1c1cfc2da5c7087d2a0201aee12f1bd.jpg,train/labels/image7_png.rf.e1c1cfc2da5c7087d2a0201aee12f1bd.txt,chickpea
train,train/images/images-2-_jpeg.rf.70a5ca23a38f858adf9bd66e06337a49.jpg,train/labels/images-2-_jpeg.rf.70a5ca23a38f858adf9bd66e06337a49.txt,carrot
train,train/images/IMG_20230316_124327_1_jpg.rf.bf4a4f0cef87fc62c74101136e87a3ea.jpg,train/labels/IMG_20230316_124327_1_jpg.rf.bf4a4f0cef87fc62c74101136e87a3ea.txt,
train,train/images/image3_jpg.rf.dcf92ce0c8eb44e434d1cf4757979beb.jpg,train/labels/image3_jpg.rf.dcf92ce0c8eb44e434d1cf4757979beb.txt,chickpea
train,train/images/images-3-_jpeg.rf.c90ab3cd6ee1b0c28c86f194f1dfe31b.jpg,train/labels/images-3-_jpeg.rf.c90ab3cd6ee1b0c28c86f194f1dfe31b.txt,brown bean
train,train/images/image8_png.rf.c7118b4aaa9a5c10fb39f86d696cfd97.jpg,train/labels/image8_png.rf.c7118b4aaa9a5c10fb39f86d696cfd97.txt,chickpea
train,train/images/images_jpeg.rf.d7105e82038492b78078c21989990a96.jpg,train/labels/images_jpeg.rf.d7105e82038492b78078c21989990a96.txt,egusi seeds
train,train/images/image98_jpg.rf.f19869eb3fd51b4ca20079222dc71b5e.jpg,train/labels/image98_jpg.rf.f19869eb3fd51b4ca20079222dc71b5e.txt,
train,train/images/Muskmelon_-84-_jpg.rf.3f3e6db097c3c86ad370ed1116d21a7f.jpg,train/labels/Muskmelon_-84-_jpg.rf.3f3e6db097c3c86ad370ed1116d21a7f.txt,"muskmelon,pumpkin"
train,train/images/download-7-_jpeg.rf.7a246a0baac9897bd628fd26f168319f.jpg,train/labels/download-7-_jpeg.rf.7a246a0baac9897bd628fd26f168319f.txt,rice seeds
train,train/images/IMG_20230316_124835_1_jpg.rf.8d81f608e917ea3969d87114ab847d40.jpg,train/labels/IMG_20230316_124835_1_jpg.rf.8d81f608e917ea3969d87114ab847d40.txt,chickpea
train,train/images/IMG_20230316_130117_1_jpg.rf.63c0fd2953304cc5fcc68eb8be71ef09.jpg,train/labels/IMG_20230316_130117_1_jpg.rf.63c0fd2953304cc5fcc68eb8be71ef09.txt,chickpea
train,train/images/image16_jpg.rf.9bfeddebf851e117ba8112ed33990401.jpg,train/labels/image16_jpg.rf.9bfeddebf851e117ba8112ed33990401.txt,
train,train/images/Wing-bean_-43-_jpg.rf.cc47d6e4dd3ce728ff218b90d06a2457.jpg,train/labels/Wing-bean_-43-_jpg.rf.cc47d6e4dd3ce728ff218b90d06a2457.txt,sugar-pea
train,train/images/image89_jpg.rf.3ba8a33a123337344bda43a06b3a1651.jpg,train/labels/image89_jpg.rf.3ba8a33a123337344bda43a06b3a1651.txt,
train,train/images/image_135_png.rf.a47dacd8eb77c60faf40ea35f5071891.jpg,train/labels/image_135_png.rf.a47dacd8eb77c60faf40ea35f5071891.txt,chickpea
train,train/images/IMG_20230316_132601_1-3-_jpg.rf.981fc01cfba527b9bacfa75d2ae00a73.jpg,train/labels/IMG_20230316_132601_1-3-_jpg.rf.981fc01cfba527b9bacfa75d2ae00a73.txt,
train,train/images/download-9-_jpeg.rf.093d00956dc41d486d4ef229fa0d4720.jpg,train/labels/download-9-_jpeg.rf.093d00956dc41d486d4ef229fa0d4720.txt,onion seeds
train,train/images/IMG_20230316_124931_jpg.rf.be8cde5586e20eb823a1c5dc0537895f.jpg,train/labels/IMG_20230316_124931_jpg.rf.be8cde5586e20eb823a1c5dc0537895f.txt,
train,train/images/download_jpeg.rf.edccfa67ff9c80d7d0d5dfa8be696c35.jpg,train/labels/download_jpeg.rf.edccfa67ff9c80d7d0d5dfa8be696c35.txt,brown bean
train,train/images/images-5-_jpeg.rf.9d6301643d331bfb21a9c7843c5bb879.jpg,train/labels/images-5-_jpeg.rf.9d6301643d331bfb21a9c7843c5bb879.txt,flax seeds
train,train/images/download-7-_jpeg.rf.e01d0f2577eaf224a3a037a84ce4e055.jpg,train/labels/download-7-_jpeg.rf.e01d0f2577eaf224a3a037a84ce4e055.txt,beetroot seed
train,train/images/Yardlong-bean_-76-_jpg.rf.34b4083478de09ac7bee11e20ca91ce8.jpg,train/labels/Yardlong-bean_-76-_jpg.rf.34b4083478de09ac7bee11e20ca91ce8.txt,yardlong-bean
train,train/images/image_152_png.rf.e2769a9ccae232c1b06ab5da2dfa632b.jpg,train/labels/image_152_png.rf.e2769a9ccae232c1b06ab5da2dfa632b.txt,chickpea
train,train/images/image44_jpg.rf.bfff964467009f8abc3cd296b317196e.jpg,train/labels/image44_jpg.rf.bfff964467009f8abc3cd296b317196e.txt,
train,train/images/Yardlong-bean_-45-_jpg.rf.3362efc0fce81e625ec398ee562cf390.jpg,train/labels/Yardlong-bean_-45-_jpg.rf.3362efc0fce81e625ec398ee562cf390.txt,yardlong-bean
train,train/images/image45_png.rf.6daeabc7777f8a973c71cdbbc5706478.jpg,train/labels/image45_png.rf.6daeabc7777f8a973c71cdbbc5706478.txt,chickpea
train,train/images/chickpea125_jpg.rf.db362f1de8c0098ec3f4b2d2251cd6af.jpg,train/labels/chickpea125_jpg.rf.db362f1de8c0098ec3f4b2d2251cd6af.txt,chickpea
train,train/images/IMG_20230316_151603_jpg.rf.552208f2702558314652f45de14aac7e.jpg,train/labels/IMG_20230316_151603_jpg.rf.552208f2702558314652f45de14aac7e.txt,
train,train/images/image2_png.rf.b51a603caf45f8b88b7f54d345b71dbf.jpg,train/labels/image2_png.rf.b51a603caf45f8b88b7f54d345b71dbf.txt,chickpea
train,train/images/image38_png.rf.c64c2edb35001ef46930d8dfc5ddab65.jpg,train/labels/image38_png.rf.c64c2edb35001ef46930d8dfc5ddab65.txt,chickpea
train,train/images/image3_jpg.rf.fddaa909c1d3ae3b3008352f4e969a75.jpg,train/labels/image3_jpg.rf.fddaa909c1d3ae3b3008352f4e969a75.txt,chickpea
train,train/images/image94_png.rf.be5e979dfa2f32638815865fed2e165c.jpg,train/labels/image94_png.rf.be5e979dfa2f32638815865fed2e165c.txt,chickpea
train,train/images/chickpea205_jpg.rf.53f4f667e575e3abb7120c912b4321c3.jpg,train/labels/chickpea205_jpg.rf.53f4f667e575e3abb7120c912b4321c3.txt,chickpea
train,train/images/IMG_20230316_151228_jpg.rf.c0dea322fdbba145ce642019651ae551.jpg,train/labels/IMG_20230316_151228_jpg.rf.c0dea322fdbba145ce642019651ae551.txt,chickpea
train,train/images/IMG_20230316_124247_1-1-_jpg.rf.bddf3d0379d7ab413f71d8fa1ab87b1e.jpg,train/labels/IMG_20230316_124247_1-1-_jpg.rf.bddf3d0379d7ab413f71d8fa1ab87b1e.txt,
train,train/images/chickpea204_jpg.rf.b44cd8f5dac22e29ff794380957fcc32.jpg,train/labels/chickpea204_jpg.rf.b44cd8f5dac22e29ff794380957fcc32.txt,chickpea
train,train/images/chickpea20_jpg.rf.fab8cf57629d094837704d4cef6504c4.jpg,train/labels/chickpea20_jpg.rf.fab8cf57629d094837704d4cef6504c4.txt,chickpea
train,train/images/download-10-_jpeg.rf.aed9d2964e36bd9eee9ec3a194545bc9.jpg,train/labels/download-10-_jpeg.rf.aed9d2964e36bd9eee9ec3a194545bc9.txt,carrot
train,train/images/chickpea195_jpg.rf.9df3a88c121cc161ee4d1a93cc87a0c5.jpg,train/labels/chickpea195_jpg.rf.9df3a88c121cc161ee4d1a93cc87a0c5.txt,chickpea
train,train/images/IMG_20230316_131907_1_jpg.rf.069f1524f26ddd586ef8974917f0e851.jpg,train/labels/IMG_20230316_131907_1_jpg.rf.069f1524f26ddd586ef8974917f0e851.txt,
train,train/images/image29_png.rf.fdb9ea2e7309dfd8bcc386e73425d139.jpg,train/labels/image29_png.rf.fdb9ea2e7309dfd8bcc386e73425d139.txt,chickpea
train,train/images/image65_png.rf.78bbeca822da47f4037aea1df312d51e.jpg,train/labels/image65_png.rf.78bbeca822da47f4037aea1df312d51e.txt,chickpea
train,train/images/image138_jpg.rf.6c12456ede9cdb284c3a07842d0995f3.jpg,train/labels/image138_jpg.rf.6c12456ede9cdb284c3a07842d0995f3.txt,chickpea
train,train/images/download-9-_jpeg.rf.92448c1933ffe59a7bf21abcca58d775.jpg,train/labels/download-9-_jpeg.rf.92448c1933ffe59a7bf21abcca58d775.txt,rice seeds
train,train/images/Yardlong-bean_-9-_jpg.rf.abb015913c6215871465e4cc20f2908f.jpg,train/labels/Yardlong-bean_-9-_jpg.rf.abb015913c6215871465e4cc20f2908f.txt,yardlong-bean
train,train/images/images-17-_jpeg.rf.85ae62aeadb3d7a99a3f5d9dad1e2cf5.jpg,train/labels/images-17-_jpeg.rf.85ae62aeadb3d7a99a3f5d9dad1e2cf5.txt,grape seeds
train,train/images/image68_jpg.rf.71d5c458d8ff5b359e6cd15ea0591368.jpg,train/labels/image68_jpg.rf.71d5c458d8ff5b359e6cd15ea0591368.txt,chickpea
train,train/images/images-13-_jpeg.rf.9496d2fc38978c4dd39e77259a17ee41.jpg,train/labels/images-13-_jpeg.rf.9496d2fc38978c4dd39e77259a17ee41.txt,chia
train,train/images/IMG_20230316_124327_1_jpg.rf.b68ea7ea5442b2cd8a8e7969707cf46c.jpg,train/labels/IMG_20230316_124327_1_jpg.rf.b68ea7ea5442b2cd8a8e7969707cf46c.txt,chickpea
train,train/images/image15_jpg.rf.e487da5816762df4141ab4a71f25a7a1.jpg,train/labels/image15_jpg.rf.e487da5816762df4141ab4a71f25a7a1.txt,
train,train/images/IMG_20230316_124809-1-_jpg.rf.c85924a848a2835d2757ebf9eba62356.jpg,train/labels/IMG_20230316_124809-1-_jpg.rf.c85924a848a2835d2757ebf9eba62356.txt,chickpea
train,train/images/IMG_20230316_124641_1_jpg.rf.2078f2a4da4e0b723c073f89b261cfc8.jpg,train/labels/IMG_20230316_124641_1_jpg.rf.2078f2a4da4e0b723c073f89b261cfc8.txt,chickpea
train,train/images/Pumpkin_-69-_jpg.rf.018bb498bfebe314b2fe1b8e7c9a28cc.jpg,train/labels/Pumpkin_-69-_jpg.rf.018bb498bfebe314b2fe1b8e7c9a28cc.txt,pumpkin
train,train/images/download-2-_jpeg.rf.cca11a1ba33f80b36f18c6feb45e8ee9.jpg,train/labels/download-2-_jpeg.rf.cca11a1ba33f80b36f18c6feb45e8ee9.txt,oats seeds
train,train/images/image6_jpg.rf.6d8c8f1246ac5b839429e2ec3b8805a2.jpg,train/labels/image6_jpg.rf.6d8c8f1246ac5b839429e2ec3b8805a2.txt,
train,train/images/chickpea149_jpg.rf.fa5a3f532d3029a61eec589e4b8777c5.jpg,train/labels/chickpea149_jpg.rf.fa5a3f532d3029a61eec589e4b8777c5.txt,chickpea
train,train/images/images-2-_jpeg.rf.103cf4f4a2508bca685dd13bc9155b75.jpg,train/labels/images-2-_jpeg.rf.103cf4f4a2508bca685dd13bc9155b75.txt,radish seeds
train,train/images/images-8-_jpeg.rf.411a0f22f80c70807094b6b9dbde53d5.jpg,train/labels/images-8-_jpeg.rf.411a0f22f80c70807094b6b9dbde53d5.txt,coffee beans
train,train/images/chickpea109_jpg.rf.0b05e5602719335ba19b92ba89b329b9.jpg,train/labels/chickpea109_jpg.rf.0b05e5602719335ba19b92ba89b329b9.txt,chickpea
train,train/images/image16_jpg.rf.bf9bfa0ac38b94fdd55bce768f34a8da.jpg,train/labels/image16_jpg.rf.bf9bfa0ac38b94fdd55bce768f34a8da.txt,chickpea
train,train/images/Yardlong-bean_-54-_jpg.rf.da074c8051b73d25df3d1737dc8708af.jpg,train/labels/Yardlong-bean_-54-_jpg.rf.da074c8051b73d25df3d1737dc8708af.txt,
train,train/images/chickpea144_jpg.rf.70425225e6b263bdf05849ac993d80e6.jpg,train/labels/chickpea144_jpg.rf.70425225e6b263bdf05849ac993d80e6.txt,chickpea
train,train/images/image27_png.rf.10b3101fc2558e6b080d92ceea223c6b.jpg,train/labels/image27_png.rf.10b3101fc2558e6b080d92ceea223c6b.txt,chickpea
train,train/images/image101_jpg.rf.dd71077e9a77c05e46fec497822b542a.jpg,train/labels/image101_jpg.rf.dd71077e9a77c05e46fec497822b542a.txt,chickpea
train,train/images/image31_jpg.rf.46ac213319d39a72986fbc18f444f363.jpg,train/labels/image31_jpg.rf.46ac213319d39a72986fbc18f444f363.txt,chickpea
train,train/images/images-3-_jpeg.rf.e63e2e4ddf3b54ff6808e233961a1565.jpg,train/labels/images-3-_jpeg.rf.e63e2e4ddf3b54ff6808e233961a1565.txt,sesame seeds
train,train/images/images-6-_jpeg.rf.78d2a5217496723d3cb3aea449ce0827.jpg,train/labels/images-6-_jpeg.rf.78d2a5217496723d3cb3aea449ce0827.txt,rice seeds
train,train/images/download-2-_jpeg.rf.8c4137e7bc3dd0a58d943a78baa383a2.jpg,train/labels/download-2-_jpeg.rf.8c4137e7bc3dd0a58d943a78baa383a2.txt,lotus seeds
train,train/images/image20_jpg.rf.3fad3f48e26a3861f96a8f160def3411.jpg,train/labels/image20_jpg.rf.3fad3f48e26a3861f96a8f160def3411.txt,chickpea
train,train/images/chickpea142_jpg.rf.8d4bda834bb55d828562d22e05e8c462.jpg,train/labels/chickpea142_jpg.rf.8d4bda834bb55d828562d22e05e8c462.txt,chickpea
train,train/images/image84_png.rf.f8c5853ce3122c4d6cf8378ff2ab6ab9.jpg,train/labels/image84_png.rf.f8c5853ce3122c4d6cf8378ff2ab6ab9.txt,chickpea
train,train/images/image133_jpg.rf.bc4ececda3ee10d9f692b13748d1576f.jpg,train/labels/image133_jpg.rf.bc4ececda3ee10d9f692b13748d1576f.txt,chickpea
train,train/images/image55_png.rf.b52e2dae1f3e1c3a46c8388a58d7d8d0.jpg,train/labels/image55_png.rf.b52e2dae1f3e1c3a46c8388a58d7d8d0.txt,chickpea
train,train/images/image_103_png.rf.94bf76d280d850ee9ab7f01e4bf282c8.jpg,train/labels/image_103_png.rf.94bf76d280d850ee9ab7f01e4bf282c8.txt,
train,train/images/Angled-gourd_-95-_jpg.rf.31bef5add76786d915409ca351a9d6c8.jpg,train/labels/Angled-gourd_-95-_jpg.rf.31bef5add76786d915409ca351a9d6c8.txt,angle-gourd
train,train/images/chickpea192_jpg.rf.e9dba69ea013dcc3d676f5312b761642.jpg,train/labels/chickpea192_jpg.rf.e9dba69ea013dcc3d676f5312b761642.txt,chickpea
train,train/images/download-2-_jpeg.rf.ef758a36407818d40e76602bf16fe85f.jpg,train/labels/download-2-_jpeg.rf.ef758a36407818d40e76602bf16fe85f.txt,watermelon seeds
train,train/images/Bottle-gourd_round-50-_jpg.rf.7bc2945806c379940e030351b1d7925c.jpg,train/labels/Bottle-gourd_round-50-_jpg.rf.7bc2945806c379940e030351b1d7925c.txt,
train,train/images/IMG_20230316_124756_1_jpg.rf.9394cbfa4d93bfcebbd54ee43b4ca2d2.jpg,train/labels/IMG_20230316_124756_1_jpg.rf.9394cbfa4d93bfcebbd54ee43b4ca2d2.txt,
train,train/images/download-3-_jpeg.rf.00b65421d6abdb9401450f43a175f394.jpg,train/labels/download-3-_jpeg.rf.00b65421d6abdb9401450f43a175f394.txt,nigella seeds
train,train/images/image39_png.rf.00abf6c3c54b18fc61bb870ce2d2529b.jpg,train/labels/image39_png.rf.00abf6c3c54b18fc61bb870ce2d2529b.txt,chickpea
train,train/images/images-6-_jpeg.rf.dc1b08344b5c5d81d56b7a9acd85116f.jpg,train/labels/images-6-_jpeg.rf.dc1b08344b5c5d81d56b7a9acd85116f.txt,hemp seeds
train,train/images/image30_jpg.rf.33ac716677ba6fbc97d21d5898292d66.jpg,train/labels/image30_jpg.rf.33ac716677ba6fbc97d21d5898292d66.txt,chickpea
train,train/images/image98_jpg.rf.ec48e6910cb2823e1fb317cd0f252904.jpg,train/labels/image98_jpg.rf.ec48e6910cb2823e1fb317cd0f252904.txt,chickpea
train,train/images/images_jpeg.rf.7b1af4da90962b3808490d97cc5b591b.jpg,train/labels/images_jpeg.rf.7b1af4da90962b3808490d97cc5b591b.txt,cabbage
train,train/images/image61_jpg.rf.c4c21faca5e64f41a1eb1138edbd4e4b.jpg,train/labels/image61_jpg.rf.c4c21faca5e64f41a1eb1138edbd4e4b.txt,
train,train/images/image99_jpg.rf.36e6d6b9e11ce7070c5b05815483fdb8.jpg,train/labels/image99_jpg.rf.36e6d6b9e11ce7070c5b05815483fdb8.txt,chickpea
train,train/images/image19_png.rf.82d3f6db225c5ae5e494eda66d36d91d.jpg,train/labels/image19_png.rf.82d3f6db225c5ae5e494eda66d36d91d.txt,chickpea
train,train/images/chickpea14_jpg.rf.65c24800dc5dbf5ab9d195d3e2ff36d9.jpg,train/labels/chickpea14_jpg.rf.65c24800dc5dbf5ab9d195d3e2ff36d9.txt,chickpea
train,train/images/download_jpeg.rf.87adca5329b0cdf5040dc17a59380cb5.jpg,train/labels/download_jpeg.rf.87adca5329b0cdf5040dc17a59380cb5.txt,onion seeds
train,train/images/download-6-_jpeg.rf.3aca9986c3f117caa7ce54300a5c9e09.jpg,train/labels/download-6-_jpeg.rf.3aca9986c3f117caa7ce54300a5c9e09.txt,cabbage
train,train/images/images-8-_jpeg.rf.eeed989516410a6f112853d2e85ab8a2.jpg,train/labels/images-8-_jpeg.rf.eeed989516410a6f112853d2e85ab8a2.txt,mint seeds
train,train/images/download-3-_jpeg.rf.a492830bb17cc2a23c60b359281b660c.jpg,train/labels/download-3-_jpeg.rf.a492830bb17cc2a23c60b359281b660c.txt,fennel
train,train/images/image51_png.rf.c2b49af556229ecee44101accd681d50.jpg,train/labels/image51_png.rf.c2b49af556229ecee44101accd681d50.txt,chickpea
train,train/images/download-10-_jpeg.rf.e08d59661a5d80166a16e5487c9d8bb2.jpg,train/labels/download-10-_jpeg.rf.e08d59661a5d80166a16e5487c9d8bb2.txt,jackfruit
train,train/images/image46_jpg.rf.b950b30ab3268ed78ebab10dfdb09391.jpg,train/labels/image46_jpg.rf.b950b30ab3268ed78ebab10dfdb09391.txt,chickpea
train,train/images/images_jpeg.rf.cd52ac43211ac1529f52781b9339485d.jpg,train/labels/images_jpeg.rf.cd52ac43211ac1529f52781b9339485d.txt,flax seeds
train,train/images/Muskmelon_-65-_jpg.rf.a8ecb0845a73047e12b05a4cd4db9e99.jpg,train/labels/Muskmelon_-65-_jpg.rf.a8ecb0845a73047e12b05a4cd4db9e99.txt,"muskmelon,pumpkin"
train,train/images/image9_jpg.rf.8f5832eb691e8945b7f3fc55bedde73a.jpg,train/labels/image9_jpg.rf.8f5832eb691e8945b7f3fc55bedde73a.txt,chickpea
train,train/images/image_149_png.rf.869d762b617d21d1c92702be4ec4c452.jpg,train/labels/image_149_png.rf.869d762b617d21d1c92702be4ec4c452.txt,chickpea
train,train/images/images-1-_jpeg.rf.3327478bf1714e819a5109e029ad1e9a.jpg,train/labels/images-1-_jpeg.rf.3327478bf1714e819a5109e029ad1e9a.txt,hemp seeds
train,train/images/images-13-_jpeg.rf.e1f8d983ce1ca0d10fa59c4dba5d4b46.jpg,train/labels/images-13-_jpeg.rf.e1f8d983ce1ca0d10fa59c4dba5d4b46.txt,cabbage
train,train/images/download-5-_jpeg.rf.7b80f9f9f492070174486bd8a4ba14c7.jpg,train/labels/download-5-_jpeg.rf.7b80f9f9f492070174486bd8a4ba14c7.txt,egusi seeds
train,train/images/Pumpkin_-61-_jpg.rf.a83cfa1a6a1a04e1b33993f64d0e6a90.jpg,train/labels/Pumpkin_-61-_jpg.rf.a83cfa1a6a1a04e1b33993f64d0e6a90.txt,pumpkin
train,train/images/download-9-_jpeg.rf.bc49603ad0adce8d1d64778a6aa9873b.jpg,train/labels/download-9-_jpeg.rf.bc49603ad0adce8d1d64778a6aa9873b.txt,sesame seeds
train,train/images/IMG_20230316_132558-1-_jpg.rf.1208282a1b2b6c03d0757bef8bf32374.jpg,train/labels/IMG_20230316_132558-1-_jpg.rf.1208282a1b2b6c03d0757bef8bf32374.txt,
train,train/images/image40_jpg.rf.06d169f2abed5262ee88478e23d451c3.jpg,train/labels/image40_jpg.rf.06d169f2abed5262ee88478e23d451c3.txt,chickpea
train,train/images/image15_jpg.rf.05e0ce43495b6187edd30e54f061e101.jpg,train/labels/image15_jpg.rf.05e0ce43495b6187edd30e54f061e101.txt,
train,train/images/image26_png.rf.ed3d563d4c14feaccd67b5b93ec458e9.jpg,train/labels/image26_png.rf.ed3d563d4c14feaccd67b5b93ec458e9.txt,chickpea
train,train/images/IMG_20230316_124636_jpg.rf.47a146641831d4cb130fbffaa83436eb.jpg,train/labels/IMG_20230316_124636_jpg.rf.47a146641831d4cb130fbffaa83436eb.txt,
train,train/images/download-10-_jpeg.rf.7c9274742731c1e2d602fde010265cb2.jpg,train/labels/download-10-_jpeg.rf.7c9274742731c1e2d602fde010265cb2.txt,garlic seeds
train,train/images/IMG_20230316_130131_1_jpg.rf.3b91bd01c20c2aedbc892b72a6563ec6.jpg,train/labels/IMG_20230316_130131_1_jpg.rf.3b91bd01c20c2aedbc892b72a6563ec6.txt,chickpea
train,train/images/chickpea2_jpg.rf.c845e4c3c30f1fb57af1c22964635f24.jpg,train/labels/chickpea2_jpg.rf.c845e4c3c30f1fb57af1c22964635f24.txt,chickpea
train,train/images/Muskmelon_-67-_jpg.rf.fc1af835fe0c430643538d1ef1f2c2a5.jpg,train/labels/Muskmelon_-67-_jpg.rf.fc1af835fe0c430643538d1ef1f2c2a5.txt,"muskmelon,pumpkin"
train,train/images/IMG_20230316_150959_1_jpg.rf.516d7c138efe0d51c3cd6d9818c7dcbb.jpg,train/labels/IMG_20230316_150959_1_jpg.rf.516d7c138efe0d51c3cd6d9818c7dcbb.txt,chickpea
train,train/images/image69_png.rf.e1126f85a10129a34f975360fe21afe8.jpg,train/labels/image69_png.rf.e1126f85a10129a34f975360fe21afe8.txt,chickpea
train,train/images/images_jpeg.rf.49e37c56672b3e0e2607cf7353184cc7.jpg,train/labels/images_jpeg.rf.49e37c56672b3e0e2607cf7353184cc7.txt,jackfruit
train,train/images/images-4-_jpeg.rf.7d45ceaaa8fb7f0b4479201cdc1e39b0.jpg,train/labels/images-4-_jpeg.rf.7d45ceaaa8fb7f0b4479201cdc1e39b0.txt,poppy seeds
train,train/images/IMG_20230316_132558-1-_jpg.rf.07542a5c3eb57ca9ba7354345a8ad0c3.jpg,train/labels/IMG_20230316_132558-1-_jpg.rf.07542a5c3eb57ca9ba7354345a8ad0c3.txt,chickpea
train,train/images/download-4-_jpeg.rf.50f4c7384fb21040eeb5c8500a7baca5.jpg,train/labels/download-4-_jpeg.rf.50f4c7384fb21040eeb5c8500a7baca5.txt,nigella seeds
train,train/images/chickpea124_jpg.rf.242815e555e4ecff20eb6809c23e716f.jpg,train/labels/chickpea124_jpg.rf.242815e555e4ecff20eb6809c23e716f.txt,chickpea
train,train/images/download-1-_jpeg.rf.7e002e073f40062540a9b52330163c69.jpg,train/labels/download-1-_jpeg.rf.7e002e073f40062540a9b52330163c69.txt,coffee beans
train,train/images/image128_jpg.rf.7dd70e2e24ac188a79a77d1eaf68d9bb.jpg,train/labels/image128_jpg.rf.7dd70e2e24ac188a79a77d1eaf68d9bb.txt,chickpea
train,train/images/chickpea134_jpg.rf.2b82a7231a23ea14c842b1a8b02a1157.jpg,train/labels/chickpea134_jpg.rf.2b82a7231a23ea14c842b1a8b02a1157.txt,chickpea
train,train/images/image_135_png.rf.86aa6d95190699baec0f74a86bfaa45c.jpg,train/labels/image_135_png.rf.86aa6d95190699baec0f74a86bfaa45c.txt,chickpea
train,train/images/download-2-_jpeg.rf.2455d3c044ba6222bdbec35388720e7c.jpg,train/labels/download-2-_jpeg.rf.2455d3c044ba6222bdbec35388720e7c.txt,flax seeds
train,train/images/Angled-gourd_-44-_jpg.rf.8168d2c9dc060befa06b763418e93c7c.jpg,train/labels/Angled-gourd_-44-_jpg.rf.8168d2c9dc060befa06b763418e93c7c.txt,angle-gourd
train,train/images/image40_jpg.rf.5d589a43d42c89fdd1b4d9ad9bd52027.jpg,train/labels/image40_jpg.rf.5d589a43d42c89fdd1b4d9ad9bd52027.txt,
train,train/images/download_jpeg.rf.05d63294d7e5b632927d0133cb270e62.jpg,train/labels/download_jpeg.rf.05d63294d7e5b632927d0133cb270e62.txt,garlic seeds
train,train/images/S20211206_0021_jpg.rf.5b987d6e85b4779115c112e2b81eee2a.jpg,train/labels/S20211206_0021_jpg.rf.5b987d6e85b4779115c112e2b81eee2a.txt,
train,train/images/images-3-_jpeg.rf.197550131de8f0afd5f775e57f5f71b7.jpg,train/labels/images-3-_jpeg.rf.197550131de8f0afd5f775e57f5f71b7.txt,oats seeds
train,train/images/download-8-_jpeg.rf.912d02e7baf34493998a6e6b80462d3b.jpg,train/labels/download-8-_jpeg.rf.912d02e7baf34493998a6e6b80462d3b.txt,cucumber seeds
train,train/images/image15_png.rf.a1883ef032746faeeeb4af37e0e71e4d.jpg,train/labels/image15_png.rf.a1883ef032746faeeeb4af37e0e71e4d.txt,chickpea
train,train/images/IMG_20230316_151230_1_jpg.rf.44dad27488c4781791a55a1891be6e22.jpg,train/labels/IMG_20230316_151230_1_jpg.rf.44dad27488c4781791a55a1891be6e22.txt,chickpea
train,train/images/image16_png.rf.0ada959f177a40a77b386255a8736bdf.jpg,train/labels/image16_png.rf.0ada959f177a40a77b386255a8736bdf.txt,chickpea
train,train/images/image34_png.rf.f2f2d2a67850246aeeb79f47648b120d.jpg,train/labels/image34_png.rf.f2f2d2a67850246aeeb79f47648b120d.txt,chickpea
train,train/images/image103_png.rf.1295d369adbc2144e4eb761edc89fd85.jpg,train/labels/image103_png.rf.1295d369adbc2144e4eb761edc89fd85.txt,chickpea
train,train/images/images-9-_jpeg.rf.6e2e117c3f774a512e5d7b89b6c0dec9.jpg,train/labels/images-9-_jpeg.rf.6e2e117c3f774a512e5d7b89b6c0dec9.txt,watermelon seeds
train,train/images/image121_jpg.rf.c29d76e14c2499604a4b3eb60b2ec6df.jpg,train/labels/image121_jpg.rf.c29d76e14c2499604a4b3eb60b2ec6df.txt,chickpea
train,train/images/images-5-_jpeg.rf.850b14830c27a9648558f310ead5c84c.jpg,train/labels/images-5-_jpeg.rf.850b14830c27a9648558f310ead5c84c.txt,oats seeds
train,train/images/IMG_20230316_124959_jpg.rf.222b1317f5f8f91336df3ecb485b3411.jpg,train/labels/IMG_20230316_124959_jpg.rf.222b1317f5f8f91336df3ecb485b3411.txt,
train,train/images/chickpea116_jpg.rf.691d4a312890abba01b99d32141f75db.jpg,train/labels/chickpea116_jpg.rf.691d4a312890abba01b99d32141f75db.txt,chickpea
train,train/images/image_158_png.rf.4a1de5da64c7a2aa15ce925b67ee6257.jpg,train/labels/image_158_png.rf.4a1de5da64c7a2aa15ce925b67ee6257.txt,chickpea
train,train/images/chickpea120_jpg.rf.b11eb94edc13565d43153052912cb3bf.jpg,train/labels/chickpea120_jpg.rf.b11eb94edc13565d43153052912cb3bf.txt,chickpea
train,train/images/image49_png.rf.192d65723e0e5b676879e2948ff8a868.jpg,train/labels/image49_png.rf.192d65723e0e5b676879e2948ff8a868.txt,chickpea
train,train/images/images-4-_jpeg.rf.43b3dde00e98a28abfe440284071fbb7.jpg,train/labels/images-4-_jpeg.rf.43b3dde00e98a28abfe440284071fbb7.txt,jackfruit
train,train/images/image97_jpg.rf.eb1e38ca72aae2d4f257aa9e2c5fa736.jpg,train/labels/image97_jpg.rf.eb1e38ca72aae2d4f257aa9e2c5fa736.txt,chickpea
train,train/images/Muskmelon_-80-_jpg.rf.8154f8c9a3f0106c1685b2f190e61b16.jpg,train/labels/Muskmelon_-80-_jpg.rf.8154f8c9a3f0106c1685b2f190e61b16.txt,muskmelon
train,train/images/download-4-_jpeg.rf.cb51a73e419d80f0937f5a4f53a1ef25.jpg,train/labels/download-4-_jpeg.rf.cb51a73e419d80f0937f5a4f53a1ef25.txt,chia
train,train/images/IMG_20230316_151238_1_jpg.rf.06271f015966e08245e623881c87e749.jpg,train/labels/IMG_20230316_151238_1_jpg.rf.06271f015966e08245e623881c87e749.txt,
train,train/images/image_164_png.rf.ecd6ec6cc8e1519c3471d55ba470f1aa.jpg,train/labels/image_164_png.rf.ecd6ec6cc8e1519c3471d55ba470f1aa.txt,chickpea
train,train/images/download-12-_jpeg.rf.7687e36866e940a515d8d391bb12f1b5.jpg,train/labels/download-12-_jpeg.rf.7687e36866e940a515d8d391bb12f1b5.txt,sesame seeds
train,train/images/IMG_20230316_151341_1-1-_jpg.rf.f69462d1b0511d410e5da68c9b737f7b.jpg,train/labels/IMG_20230316_151341_1-1-_jpg.rf.f69462d1b0511d410e5da68c9b737f7b.txt,
train,train/images/S20211206_0037_jpg.rf.71b35d3866f812755e6121a6ad1ebe8a.jpg,train/labels/S20211206_0037_jpg.rf.71b35d3866f812755e6121a6ad1ebe8a.txt,
train,train/images/Sugar-pea_-37-_jpg.rf.5396c46b8db9662f37b3b1a950be3dc8.jpg,train/labels/Sugar-pea_-37-_jpg.rf.5396c46b8db9662f37b3b1a950be3dc8.txt,sugar-pea
train,train/images/download-6-_jpeg.rf.2410e02df1889ec993aba28b05f65884.jpg,train/labels/download-6-_jpeg.rf.2410e02df1889ec993aba28b05f65884.txt,chia
train,train/images/download-5-_jpeg.rf.917d0911934051e9a768e2fa730bdacd.jpg,train/labels/download-5-_jpeg.rf.917d0911934051e9a768e2fa730bdacd.txt,watermelon seeds
train,train/images/image47_jpg.rf.854edde578cc303790dcb36c901a4241.jpg,train/labels/image47_jpg.rf.854edde578cc303790dcb36c901a4241.txt,chickpea
train,train/images/images-2-_jpeg.rf.75c6c45986e85170a5c3d6efc116d00e.jpg,train/labels/images-2-_jpeg.rf.75c6c45986e85170a5c3d6efc116d00e.txt,fennel
train,train/images/image133_jpg.rf.7f5da5de82418f2012d7ebdca572464d.jpg,train/labels/image133_jpg.rf.7f5da5de82418f2012d7ebdca572464d.txt,chickpea
train,train/images/IMG_20230316_151228_jpg.rf.d075782acc5dd1a898cd2a7edf1cf3dd.jpg,train/labels/IMG_20230316_151228_jpg.rf.d075782acc5dd1a898cd2a7edf1cf3dd.txt,
train,train/images/image5_jpg.rf.08561f8cb678206ecc764378e3e39d08.jpg,train/labels/image5_jpg.rf.08561f8cb678206ecc764378e3e39d08.txt,
train,train/images/chickpea115_jpg.rf.be42d03090d078a005917b07301f4988.jpg,train/labels/chickpea115_jpg.rf.be42d03090d078a005917b07301f4988.txt,chickpea
train,train/images/images-5-_jpeg.rf.ddaf445a80cfc93560c1f38a79c792b7.jpg,train/labels/images-5-_jpeg.rf.ddaf445a80cfc93560c1f38a79c792b7.txt,fennel
train,train/images/image_140_png.rf.8370a56a4c260c78efef637934559503.jpg,train/labels/image_140_png.rf.8370a56a4c260c78efef637934559503.txt,chickpea
train,train/images/image28_png.rf.e4fd901a6347da2977f768421b8bd9d5.jpg,train/labels/image28_png.rf.e4fd901a6347da2977f768421b8bd9d5.txt,chickpea
train,train/images/download_jpeg.rf.54b8a5d21c61031f7b17eb319488c503.jpg,train/labels/download_jpeg.rf.54b8a5d21c61031f7b17eb319488c503.txt,pinenut seeds
train,train/images/IMG_20230316_124636-1-_jpg.rf.e67ccc65e760a98940c2979a4ffcf873.jpg,train/labels/IMG_20230316_124636-1-_jpg.rf.e67ccc65e760a98940c2979a4ffcf873.txt,
train,train/images/image15_png.rf.3bb81060bf1d0bda689d5384f14a26af.jpg,train/labels/image15_png.rf.3bb81060bf1d0bda689d5384f14a26af.txt,chickpea
train,train/images/images-10-_jpeg.rf.cbfb47299e49b1de915a2185d7beaca5.jpg,train/labels/images-10-_jpeg.rf.cbfb47299e49b1de915a2185d7beaca5.txt,basil seeds
train,train/images/download-12-_jpeg.rf.fee3f54dbba89d6480168d8da7269f3f.jpg,train/labels/download-12-_jpeg.rf.fee3f54dbba89d6480168d8da7269f3f.txt,brown bean
train,train/images/image128_jpg.rf.224a0185106b6d08ea784b262bb04be4.jpg,train/labels/image128_jpg.rf.224a0185106b6d08ea784b262bb04be4.txt,
train,train/images/image102_jpg.rf.a65cc77184d94ba872d8cbd58bb78b97.jpg,train/labels/image102_jpg.rf.a65cc77184d94ba872d8cbd58bb78b97.txt,
train,train/images/S20211206_0022_jpg.rf.e143d55145d0e4abc73ca75b2dab0837.jpg,train/labels/S20211206_0022_jpg.rf.e143d55145d0e4abc73ca75b2dab0837.txt,
train,train/images/images-15-_jpeg.rf.0e19795a8d971afcb81c0e2c2a015ba3.jpg,train/labels/images-15-_jpeg.rf.0e19795a8d971afcb81c0e2c2a015ba3.txt,basil seeds
train,train/images/IMG_20230316_151355_jpg.rf.af2d28236f2a0edc5a8a76b82b742d25.jpg,train/labels/IMG_20230316_151355_jpg.rf.af2d28236f2a0edc5a8a76b82b742d25.txt,chickpea
train,train/images/chickpea96_jpg.rf.d57cf84451a43bcc7a9f55105fd491d1.jpg,train/labels/chickpea96_jpg.rf.d57cf84451a43bcc7a9f55105fd491d1.txt,chickpea
train,train/images/IMG_20230316_131553_1-1-_jpg.rf.2f020939128e938e058e115363fe2c38.jpg,train/labels/IMG_20230316_131553_1-1-_jpg.rf.2f020939128e938e058e115363fe2c38.txt,chickpea
train,train/images/download-8-_jpeg.rf.96396b59d398a72220f27960a3aad68f.jpg,train/labels/download-8-_jpeg.rf.96396b59d398a72220f27960a3aad68f.txt,rice seeds
train,train/images/image_119_png.rf.605c113eeb17c4d115ae933826a997f8.jpg,train/labels/image_119_png.rf.605c113eeb17c4d115ae933826a997f8.txt,chickpea
train,train/images/chickpea14_jpg.rf.44f613f69952e35f045d3806cc4712f0.jpg,train/labels/chickpea14_jpg.rf.44f613f69952e35f045d3806cc4712f0.txt,chickpea
train,train/images/image55_jpg.rf.31727f1ad4a71c0d0496f50676354479.jpg,train/labels/image55_jpg.rf.31727f1ad4a71c0d0496f50676354479.txt,chickpea
train,train/images/IMG_20230316_124657_jpg.rf.14083b3d9db4b5c8ed6f4aa3a3fd953f.jpg,train/labels/IMG_20230316_124657_jpg.rf.14083b3d9db4b5c8ed6f4aa3a3fd953f.txt,chickpea
train,train/images/images-12-_jpeg.rf.313ae43f47464285e5a857ee1a85bf90.jpg,train/labels/images-12-_jpeg.rf.313ae43f47464285e5a857ee1a85bf90.txt,rice seeds
train,train/images/image97_jpg.rf.110c588d1421188ca28310200a966b76.jpg,train/labels/image97_jpg.rf.110c588d1421188ca28310200a966b76.txt,
train,train/images/S20211206_0012_jpg.rf.3d72f25d9e7e724f5b43596db195fb52.jpg,train/labels/S20211206_0012_jpg.rf.3d72f25d9e7e724f5b43596db195fb52.txt,
train,train/images/image_157_png.rf.ff001bdaf1569dd1544e0af3ee8a1039.jpg,train/labels/image_157_png.rf.ff001bdaf1569dd1544e0af3ee8a1039.txt,
train,train/images/download-5-_jpeg.rf.f8857a594d96393ee3d9816e74c1e6dc.jpg,train/labels/download-5-_jpeg.rf.f8857a594d96393ee3d9816e74c1e6dc.txt,hemp seeds
train,train/images/download-3-_jpeg.rf.971618e12752ab7e5dd195d768cbe47c.jpg,train/labels/download-3-_jpeg.rf.971618e12752ab7e5dd195d768cbe47c.txt,carrot
train,train/images/download_jpeg.rf.3e6d76a947bb05a2e121adf71e7abc51.jpg,train/labels/download_jpeg.rf.3e6d76a947bb05a2e121adf71e7abc51.txt,fennel
train,train/images/Bottle-gourd_round-8-_jpg.rf.e999dc3bc61d1f045faa858a6397cf70.jpg,train/labels/Bottle-gourd_round-8-_jpg.rf.e999dc3bc61d1f045faa858a6397cf70.txt,
train,train/images/image23_jpg.rf.6701c5bf63a955d1b6a5d0b6f6c18f5e.jpg,train/labels/image23_jpg.rf.6701c5bf63a955d1b6a5d0b6f6c18f5e.txt,
train,train/images/images-1-_jpeg.rf.0596e1cf334aceaa749936c30e698a90.jpg,train/labels/images-1-_jpeg.rf.0596e1cf334aceaa749936c30e698a90.txt,potato seeds
train,train/images/download-14-_jpeg.rf.d4fb8f594225ec0c25db709aea461215.jpg,train/labels/download-14-_jpeg.rf.d4fb8f594225ec0c25db709aea461215.txt,hemp seeds
train,train/images/IMG_20230316_150550_jpg.rf.b9301d3ee3b038f082b604c8fa1b8a94.jpg,train/labels/IMG_20230316_150550_jpg.rf.b9301d3ee3b038f082b604c8fa1b8a94.txt,
train,train/images/Yardlong-bean_-90-_jpg.rf.c1cfdd8988eda8bef30794e5264ab8cd.jpg,train/labels/Yardlong-bean_-90-_jpg.rf.c1cfdd8988eda8bef30794e5264ab8cd.txt,yardlong-bean
train,train/images/chickpea15_jpg.rf.6d0fc551c64ea722cd2456775cc5be37.jpg,train/labels/chickpea15_jpg.rf.6d0fc551c64ea722cd2456775cc5be37.txt,chickpea
train,train/images/image38_jpg.rf.6e77ee70480bf55099ce453836990067.jpg,train/labels/image38_jpg.rf.6e77ee70480bf55099ce453836990067.txt,chickpea
train,train/images/chickpea99_jpg.rf.8e92b7deabe6ef87364fdb59496ffd81.jpg,train/labels/chickpea99_jpg.rf.8e92b7deabe6ef87364fdb59496ffd81.txt,chickpea
train,train/images/images_jpeg.rf.59c03feb6655ff95063ac96a996edb2b.jpg,train/labels/images_jpeg.rf.59c03feb6655ff95063ac96a996edb2b.txt,rice seeds
train,train/images/Wing-bean_-97-_jpg.rf.dca2dc7c8bd0ce0e65231f230aed9796.jpg,train/labels/Wing-bean_-97-_jpg.rf.dca2dc7c8bd0ce0e65231f230aed9796.txt,wingbean
train,train/images/image58_png.rf.b1605040523acbf484531561a2306676.jpg,train/labels/image58_png.rf.b1605040523acbf484531561a2306676.txt,chickpea
train,train/images/images-9-_jpeg.rf.e326bc156d64d6b8def96b825ffd81ec.jpg,train/labels/images-9-_jpeg.rf.e326bc156d64d6b8def96b825ffd81ec.txt,beetroot seed
train,train/images/chickpea199_jpg.rf.127f451f6cbea88133c263b3227a4488.jpg,train/labels/chickpea199_jpg.rf.127f451f6cbea88133c263b3227a4488.txt,chickpea
train,train/images/images-1-_jpeg.rf.8577a11a6b38337a5919ff24d4a6b677.jpg,train/labels/images-1-_jpeg.rf.8577a11a6b38337a5919ff24d4a6b677.txt,lotus seeds
train,train/images/IMG_20230316_132601_1-3-_jpg.rf.e7c9ff6e235787b5b164289018cc8308.jpg,train/labels/IMG_20230316_132601_1-3-_jpg.rf.e7c9ff6e235787b5b164289018cc8308.txt,chickpea
train,train/images/image23_png.rf.740458a85f2a0702f8f27e4dd824c3bd.jpg,train/labels/image23_png.rf.740458a85f2a0702f8f27e4dd824c3bd.txt,chickpea
train,train/images/download-2-_jpeg.rf.a0efa52b7603c711fc053c117ac464f9.jpg,train/labels/download-2-_jpeg.rf.a0efa52b7603c711fc053c117ac464f9.txt,cabbage
train,train/images/download-5-_jpeg.rf.5b8a5a7ff265d8880b0580f15913dda1.jpg,train/labels/download-5-_jpeg.rf.5b8a5a7ff265d8880b0580f15913dda1.txt,mint seeds
train,train/images/image_178_png.rf.de4550cef91f96d567c05fdd5f189a39.jpg,train/labels/image_178_png.rf.de4550cef91f96d567c05fdd5f189a39.txt,chickpea
train,train/images/download-13-_jpeg.rf.10adbefc4a5956676c2a1cb2544e70be.jpg,train/labels/download-13-_jpeg.rf.10adbefc4a5956676c2a1cb2544e70be.txt,carrot
train,train/images/image_126_png.rf.dfd21d8c76bacc3ee0b30030c4d3cd56.jpg,train/labels/image_126_png.rf.dfd21d8c76bacc3ee0b30030c4d3cd56.txt,chickpea
train,train/images/image19_png.rf.5e7bf13ca8701964567914e31b265fcc.jpg,train/labels/image19_png.rf.5e7bf13ca8701964567914e31b265fcc.txt,chickpea
train,train/images/download-14-_jpeg.rf.5a1f180a0136763901eda40dff228dee.jpg,train/labels/download-14-_jpeg.rf.5a1f180a0136763901eda40dff228dee.txt,mustard seeds
train,train/images/image_118_png.rf.18e32d95be5d48586a50a5c01d431e03.jpg,train/labels/image_118_png.rf.18e32d95be5d48586a50a5c01d431e03.txt,chickpea
train,train/images/image40_png.rf.deae03117783e33dace4d4b9c5ff0d72.jpg,train/labels/image40_png.rf.deae03117783e33dace4d4b9c5ff0d72.txt,chickpea
train,train/images/image101_jpg.rf.609609c33473de1815b9c2757c244e5d.jpg,train/labels/image101_jpg.rf.609609c33473de1815b9c2757c244e5d.txt,
train,train/images/image114_jpg.rf.b6aaaaf6fde8d14f18677d4609267172.jpg,train/labels/image114_jpg.rf.b6aaaaf6fde8d14f18677d4609267172.txt,chickpea
train,train/images/images_jpeg.rf.63915913020580372fddf01dbe660b5a.jpg,train/labels/images_jpeg.rf.63915913020580372fddf01dbe660b5a.txt,oats seeds
train,train/images/IMG_20230316_124657_jpg.rf.b675f716b1c5e7e36548aa6c84044ff2.jpg,train/labels/IMG_20230316_124657_jpg.rf.b675f716b1c5e7e36548aa6c84044ff2.txt,
train,train/images/images-2-_jpeg.rf.acd8cb525639a7039b7e8de456f3d100.jpg,train/labels/images-2-_jpeg.rf.acd8cb525639a7039b7e8de456f3d100.txt,peanut seeds
train,train/images/Pumpkin_-81-_jpg.rf.a6968d51da3d1368156ab1a0fa6b9bc2.jpg,train/labels/Pumpkin_-81-_jpg.rf.a6968d51da3d1368156ab1a0fa6b9bc2.txt,pumpkin
train,train/images/chickpea13_jpg.rf.223fe36b9b9a7777b9acff588f1642f8.jpg,train/labels/chickpea13_jpg.rf.223fe36b9b9a7777b9acff588f1642f8.txt,chickpea
train,train/images/S20211206_0030_jpg.rf.620403c8116d32ea1df5b846f25e5995.jpg,train/labels/S20211206_0030_jpg.rf.620403c8116d32ea1df5b846f25e5995.txt,
train,train/images/IMG_20230316_124931_jpg.rf.e3914fceb059b2bdaae6360e41c2ea65.jpg,train/labels/IMG_20230316_124931_jpg.rf.e3914fceb059b2bdaae6360e41c2ea65.txt,chickpea
train,train/images/download-3-_jpeg.rf.36d501741e1ab94bb73a5cb5cf33f47d.jpg,train/labels/download-3-_jpeg.rf.36d501741e1ab94bb73a5cb5cf33f47d.txt,rice seeds
train,train/images/image22_png.rf.6c214c1a420f650fd9b99b9cb30e9550.jpg,train/labels/image22_png.rf.6c214c1a420f650fd9b99b9cb30e9550.txt,chickpea
train,train/images/image50_png.rf.c257858faee4a39f9b15732831aa351f.jpg,train/labels/image50_png.rf.c257858faee4a39f9b15732831aa351f.txt,chickpea
train,train/images/image69_jpg.rf.874f374701d1bd2a2c3322a36a3a8390.jpg,train/labels/image69_jpg.rf.874f374701d1bd2a2c3322a36a3a8390.txt,
train,train/images/download-2-_jpeg.rf.dfb049d3425962fb5a329dee9d9f2982.jpg,train/labels/download-2-_jpeg.rf.dfb049d3425962fb5a329dee9d9f2982.txt,coffee beans
train,train/images/chickpea106_jpg.rf.e4ece524c0e2f87f56644bf7f99cecef.jpg,train/labels/chickpea106_jpg.rf.e4ece524c0e2f87f56644bf7f99cecef.txt,chickpea
train,train/images/images-5-_jpeg.rf.bf658ad6fc180f1cc4ed193442c2dc00.jpg,train/labels/images-5-_jpeg.rf.bf658ad6fc180f1cc4ed193442c2dc00.txt,onion seeds
train,train/images/images-8-_jpeg.rf.a1bf24d19fecc12da463c722581605a7.jpg,train/labels/images-8-_jpeg.rf.a1bf24d19fecc12da463c722581605a7.txt,hemp seeds
train,train/images/images_jpeg.rf.f8f63c993059cc07afd3095636cc3c5e.jpg,train/labels/images_jpeg.rf.f8f63c993059cc07afd3095636cc3c5e.txt,nigella seeds
train,train/images/chickpea1_jpg.rf.9156de90e8a7eb486d4967ff4bfd92c3.jpg,train/labels/chickpea1_jpg.rf.9156de90e8a7eb486d4967ff4bfd92c3.txt,chickpea
train,train/images/images-7-_jpeg.rf.5f86ced9ace0f2bf4f30138839957ba5.jpg,train/labels/images-7-_jpeg.rf.5f86ced9ace0f2bf4f30138839957ba5.txt,grape seeds
train,train/images/image6_jpg.rf.2849bad5b0e9efb9c351600cb08b5bfa.jpg,train/labels/image6_jpg.rf.2849bad5b0e9efb9c351600cb08b5bfa.txt,chickpea
train,train/images/Bottle-gourd_long-71-_jpg.rf.d8829cf3b9db81aa2a784e22c5bcd4f4.jpg,train/labels/Bottle-gourd_long-71-_jpg.rf.d8829cf3b9db81aa2a784e22c5bcd4f4.txt,
train,train/images/IMG_20230316_154324_jpg.rf.21b7795c85f1a3e110dbcaa1d963094e.jpg,train/labels/IMG_20230316_154324_jpg.rf.21b7795c85f1a3e110dbcaa1d963094e.txt,
train,train/images/download-3-_jpeg.rf.d3fef55c27d4010d0373c98871741d85.jpg,train/labels/download-3-_jpeg.rf.d3fef55c27d4010d0373c98871741d85.txt,
train,train/images/image87_png.rf.3a8290e88182adaa8d7935e9f994cfa9.jpg,train/labels/image87_png.rf.3a8290e88182adaa8d7935e9f994cfa9.txt,chickpea
train,train/images/chickpea99_jpg.rf.be81be95937a32580a0841ae2bc94ea8.jpg,train/labels/chickpea99_jpg.rf.be81be95937a32580a0841ae2bc94ea8.txt,chickpea
train,train/images/image154_png.rf.0a26adf29e70614e4a77c5c00a44af5e.jpg,train/labels/image154_png.rf.0a26adf29e70614e4a77c5c00a44af5e.txt,chickpea
train,train/images/images-3-_jpeg.rf.535417981f8322f623233177b8c76783.jpg,train/labels/images-3-_jpeg.rf.535417981f8322f623233177b8c76783.txt,potato seeds
train,train/images/images-8-_jpeg.rf.e77a0e8dee5aab919333bff4a2d28617.jpg,train/labels/images-8-_jpeg.rf.e77a0e8dee5aab919333bff4a2d28617.txt,mustard seeds
train,train/images/image103_png.rf.3d60438a7e8c5d0186ae7bfaf83bd5f4.jpg,train/labels/image103_png.rf.3d60438a7e8c5d0186ae7bfaf83bd5f4.txt,chickpea
train,train/images/image116_jpg.rf.1ec9aa9ce76c6e90687d3df3799fcc7b.jpg,train/labels/image116_jpg.rf.1ec9aa9ce76c6e90687d3df3799fcc7b.txt,
train,train/images/image_117_png.rf.7e7aa59f80290443ad7daf1ed316c4a1.jpg,train/labels/image_117_png.rf.7e7aa59f80290443ad7daf1ed316c4a1.txt,chickpea
train,train/images/images-6-_jpeg.rf.6d3ab69157446a55771f53993a291590.jpg,train/labels/images-6-_jpeg.rf.6d3ab69157446a55771f53993a291590.txt,poppy seeds
train,train/images/download-6-_jpeg.rf.c6d157df0a73e746784d7bac991bdd58.jpg,train/labels/download-6-_jpeg.rf.c6d157df0a73e746784d7bac991bdd58.txt,fennel
train,train/images/image12_png.rf.7fde7f4b5647658ada9220c998addb11.jpg,train/labels/image12_png.rf.7fde7f4b5647658ada9220c998addb11.txt,chickpea
train,train/images/image81_png.rf.c89bf6e4c3deca994a349cb1b1b539ec.jpg,train/labels/image81_png.rf.c89bf6e4c3deca994a349cb1b1b539ec.txt,chickpea
train,train/images/image_103_png.rf.0ae14bc3dd2463655896ffdabf4f15d0.jpg,train/labels/image_103_png.rf.0ae14bc3dd2463655896ffdabf4f15d0.txt,chickpea
train,train/images/image7_jpg.rf.d712a72980a830a7122ab355922e4e01.jpg,train/labels/image7_jpg.rf.d712a72980a830a7122ab355922e4e01.txt,chickpea
train,train/images/images-6-_jpeg.rf.bcf1c0d084b3a605ca0cf921b2ffb72b.jpg,train/labels/images-6-_jpeg.rf.bcf1c0d084b3a605ca0cf921b2ffb72b.txt,cabbage
train,train/images/IMG_20230316_150558-1-_jpg.rf.1bd99e23b3b9eeaec8b7f63165352964.jpg,train/labels/IMG_20230316_150558-1-_jpg.rf.1bd99e23b3b9eeaec8b7f63165352964.txt,
train,train/images/image39_jpg.rf.342d2db956e884273e0b1feebe86eeea.jpg,train/labels/image39_jpg.rf.342d2db956e884273e0b1feebe86eeea.txt,chickpea
train,train/images/Bottle-gourd_round-47-_jpg.rf.aa88331df98a2c4a8a437a2872bedaff.jpg,train/labels/Bottle-gourd_round-47-_jpg.rf.aa88331df98a2c4a8a437a2872bedaff.txt,
train,train/images/download-3-_jpeg.rf.dbc6029b081bb7d5580b2e2f6c3e12ce.jpg,train/labels/download-3-_jpeg.rf.dbc6029b081bb7d5580b2e2f6c3e12ce.txt,jackfruit
train,train/images/IMG_20230316_151120_1_jpg.rf.0ae649b24eb754d1990e4b2d6bed74c8.jpg,train/labels/IMG_20230316_151120_1_jpg.rf.0ae649b24eb754d1990e4b2d6bed74c8.txt,chickpea
train,train/images/image3_png.rf.2e7b31c478b19055c4beaa9e0875b8f5.jpg,train/labels/image3_png.rf.2e7b31c478b19055c4beaa9e0875b8f5.txt,chickpea
train,train/images/IMG_20230316_151238_1_jpg.rf.5f898e6ebc4ff8ed6bb39e28d035e4aa.jpg,train/labels/IMG_20230316_151238_1_jpg.rf.5f898e6ebc4ff8ed6bb39e28d035e4aa.txt,chickpea
train,train/images/images-4-_jpeg.rf.3d95c9ba4b6f6506d52c6c50091692b4.jpg,train/labels/images-4-_jpeg.rf.3d95c9ba4b6f6506d52c6c50091692b4.txt,rice seeds
train,train/images/download-1-_jpeg.rf.9c8c96094f3b6b17e5dc55cd63108c6c.jpg,train/labels/download-1-_jpeg.rf.9c8c96094f3b6b17e5dc55cd63108c6c.txt,fennel
train,train/images/image2_jpg.rf.f07a3746a114597858f4a902a97df3f7.jpg,train/labels/image2_jpg.rf.f07a3746a114597858f4a902a97df3f7.txt,
train,train/images/images-4-_jpeg.rf.cb0b4f224192a0903496f88f681546d1.jpg,train/labels/images-4-_jpeg.rf.cb0b4f224192a0903496f88f681546d1.txt,cucumber seeds
train,train/images/IMG_20230316_131758_1-1-_jpg.rf.86eaf43d2b12fcaf6705ba4035199b6a.jpg,train/labels/IMG_20230316_131758_1-1-_jpg.rf.86eaf43d2b12fcaf6705ba4035199b6a.txt,
train,train/images/download-6-_jpeg.rf.a4c381a70f4f18f817fe42b252c16c0a.jpg,train/labels/download-6-_jpeg.rf.a4c381a70f4f18f817fe42b252c16c0a.txt,garlic seeds
train,train/images/images-5-_jpeg.rf.6fee024edf168e0e8667787bb6ee54a1.jpg,train/labels/images-5-_jpeg.rf.6fee024edf168e0e8667787bb6ee54a1.txt,peanut seeds
train,train/images/image142_jpg.rf.e42ae1675db21b32f82c50f2de54253b.jpg,train/labels/image142_jpg.rf.e42ae1675db21b32f82c50f2de54253b.txt,
train,train/images/image20_png.rf.82421a411a766c8bc826b9977bf75e42.jpg,train/labels/image20_png.rf.82421a411a766c8bc826b9977bf75e42.txt,chickpea
train,train/images/IMG_20230316_150956-1-_jpg.rf.2a588e6a70b1ce08ad2b001392a48902.jpg,train/labels/IMG_20230316_150956-1-_jpg.rf.2a588e6a70b1ce08ad2b001392a48902.txt,chickpea
train,train/images/download-8-_jpeg.rf.389a3554cf5c3e3dc3cad3bebe5880ea.jpg,train/labels/download-8-_jpeg.rf.389a3554cf5c3e3dc3cad3bebe5880ea.txt,beetroot seed
train,train/images/download-4-_jpeg.rf.ce55c3ccfd1669813c8d79676ecf9c66.jpg,train/labels/download-4-_jpeg.rf.ce55c3ccfd1669813c8d79676ecf9c66.txt,poppy seeds
train,train/images/images-6-_jpeg.rf.9ce321f38d058ec8ab4c6c906c991c3e.jpg,train/labels/images-6-_jpeg.rf.9ce321f38d058ec8ab4c6c906c991c3e.txt,coffee beans
train,train/images/image74_png.rf.fc90be8e8014eff7ab5f57bc5e47b8c0.jpg,train/labels/image74_png.rf.fc90be8e8014eff7ab5f57bc5e47b8c0.txt,chickpea
train,train/images/download-4-_jpeg.rf.a85b68dc38f383431c3ae848d7d7fd0c.jpg,train/labels/download-4-_jpeg.rf.a85b68dc38f383431c3ae848d7d7fd0c.txt,carrot
train,train/images/image81_png.rf.b891d4333e411be1e358bcb856286c3c.jpg,train/labels/image81_png.rf.b891d4333e411be1e358bcb856286c3c.txt,chickpea
train,train/images/images-5-_jpeg.rf.278b4205fd75c4e0a9a783ad2ce27f5a.jpg,train/labels/images-5-_jpeg.rf.278b4205fd75c4e0a9a783ad2ce27f5a.txt,poppy seeds
train,train/images/chickpea200_jpg.rf.546a1ab717aa8a58786371eb364bf6f7.jpg,train/labels/chickpea200_jpg.rf.546a1ab717aa8a58786371eb364bf6f7.txt,chickpea
train,train/images/Yardlong-bean_-88-_jpg.rf.30c50c0e86fb4050f57f846507558033.jpg,train/labels/Yardlong-bean_-88-_jpg.rf.30c50c0e86fb4050f57f846507558033.txt,yardlong-bean
train,train/images/chickpea154_jpg.rf.0fe78e00a0a698301df38b8dd0e7cd6a.jpg,train/labels/chickpea154_jpg.rf.0fe78e00a0a698301df38b8dd0e7cd6a.txt,chickpea
train,train/images/image51_png.rf.a7ef36fffd7eb7fdc0a30d543ec1b37e.jpg,train/labels/image51_png.rf.a7ef36fffd7eb7fdc0a30d543ec1b37e.txt,chickpea
train,train/images/images-1-_jpeg.rf.9a98b1ac01249adeafa94c5a3d51954b.jpg,train/labels/images-1-_jpeg.rf.9a98b1ac01249adeafa94c5a3d51954b.txt,peanut seeds
train,train/images/chickpea127_jpg.rf.9dabe92858c6e8a3a31381218f5a78b1.jpg,train/labels/chickpea127_jpg.rf.9dabe92858c6e8a3a31381218f5a78b1.txt,chickpea
train,train/images/Muskmelon_-95-_jpg.rf.84ce7105332f626f89c6dc0c9464b35b.jpg,train/labels/Muskmelon_-95-_jpg.rf.84ce7105332f626f89c6dc0c9464b35b.txt,"muskmelon,pumpkin"
train,train/images/chickpea99_jpg.rf.ea8ebca28b35ca608290f578919a73dc.jpg,train/labels/chickpea99_jpg.rf.ea8ebca28b35ca608290f578919a73dc.txt,chickpea
train,train/images/image42_png.rf.308071ebd22066ab354424679206a2e5.jpg,train/labels/image42_png.rf.308071ebd22066ab354424679206a2e5.txt,chickpea
train,train/images/download-6-_jpeg.rf.f389f3c5d4e7a9746cb0744a222c74f2.jpg,train/labels/download-6-_jpeg.rf.f389f3c5d4e7a9746cb0744a222c74f2.txt,beetroot seed
train,train/images/Sugar-pea_-46-_jpg.rf.cc3f08a303907fcf8fa162ad01d85154.jpg,train/labels/Sugar-pea_-46-_jpg.rf.cc3f08a303907fcf8fa162ad01d85154.txt,sugar-pea
train,train/images/chickpea140_jpg.rf.af30452700cb55370a58435b0edb7954.jpg,train/labels/chickpea140_jpg.rf.af30452700cb55370a58435b0edb7954.txt,chickpea
train,train/images/image57_png.rf.5e9d1a0d247c3217f7276d58e3d0bbe9.jpg,train/labels/image57_png.rf.5e9d1a0d247c3217f7276d58e3d0bbe9.txt,chickpea
train,train/images/IMG_20230316_150956-3-_jpg.rf.d4c9ad0dfc632a784d82dfe617b96c33.jpg,train/labels/IMG_20230316_150956-3-_jpg.rf.d4c9ad0dfc632a784d82dfe617b96c33.txt,chickpea
train,train/images/image41_png.rf.5ea7a70b4009234fad0c8436d78affc5.jpg,train/labels/image41_png.rf.5ea7a70b4009234fad0c8436d78affc5.txt,chickpea
train,train/images/images-4-_jpeg.rf.388a5dd8b75af16c17822cbbf4aa7466.jpg,train/labels/images-4-_jpeg.rf.388a5dd8b75af16c17822cbbf4aa7466.txt,brown bean
train,train/images/image121_jpg.rf.5d1a9d7332ac5e9b4bad678dcb53a569.jpg,train/labels/image121_jpg.rf.5d1a9d7332ac5e9b4bad678dcb53a569.txt,chickpea
train,train/images/IMG_20230316_125807_1_jpg.rf.8489f065231f2c25a13fa940e36a7d09.jpg,train/labels/IMG_20230316_125807_1_jpg.rf.8489f065231f2c25a13fa940e36a7d09.txt,chickpea
train,train/images/images-4-_jpeg.rf.09f00f67bb73fb43c386460292d6068b.jpg,train/labels/images-4-_jpeg.rf.09f00f67bb73fb43c386460292d6068b.txt,radish seeds
train,train/images/download-7-_jpeg.rf.e374cf7a06b5011ce3f213bd561c013b.jpg,train/labels/download-7-_jpeg.rf.e374cf7a06b5011ce3f213bd561c013b.txt,oats seeds
train,train/images/image56_jpg.rf.d478ebcf20c2ccaa16119adbe7469321.jpg,train/labels/image56_jpg.rf.d478ebcf20c2ccaa16119adbe7469321.txt,chickpea
train,train/images/images-3-_jpeg.rf.3f470213950a378fee2f52ddab7f16fe.jpg,train/labels/images-3-_jpeg.rf.3f470213950a378fee2f52ddab7f16fe.txt,rice seeds
train,train/images/images-10-_jpeg.rf.89c283c10212f29e8938dec698db67d9.jpg,train/labels/images-10-_jpeg.rf.89c283c10212f29e8938dec698db67d9.txt,nigella seeds
train,train/images/images-10-_jpeg.rf.f8424ba87144d0811d83ecbea8c19f51.jpg,train/labels/images-10-_jpeg.rf.f8424ba87144d0811d83ecbea8c19f51.txt,garlic seeds
train,train/images/download-2-_jpeg.rf.1435e3d56cf22c569dae7ff55b3d5937.jpg,train/labels/download-2-_jpeg.rf.1435e3d56cf22c569dae7ff55b3d5937.txt,basil seeds
train,train/images/IMG_20230316_124835_1_jpg.rf.06c5078ae7886601ea60bcfadec52822.jpg,train/labels/IMG_20230316_124835_1_jpg.rf.06c5078ae7886601ea60bcfadec52822.txt,
train,train/images/IMG_20230316_130117_1_jpg.rf.975fd5b012d8ecf33a20076b2a084a33.jpg,train/labels/IMG_20230316_130117_1_jpg.rf.975fd5b012d8ecf33a20076b2a084a33.txt,chickpea
train,train/images/image29_png.rf.9a6a6ec8599a102d845517f72c498d43.jpg,train/labels/image29_png.rf.9a6a6ec8599a102d845517f72c498d43.txt,chickpea
train,train/images/image8_jpg.rf.71f86824adaa4ebd3bb7352dfc162a19.jpg,train/labels/image8_jpg.rf.71f86824adaa4ebd3bb7352dfc162a19.txt,
train,train/images/Bottle-gourd_round-5-_jpg.rf.22d830ec8ffe6079ad39acc7ab57d535.jpg,train/labels/Bottle-gourd_round-5-_jpg.rf.22d830ec8ffe6079ad39acc7ab57d535.txt,
train,train/images/images-6-_jpeg.rf.7eff581ad2b9535f7243122e15e78ec0.jpg,train/labels/images-6-_jpeg.rf.7eff581ad2b9535f7243122e15e78ec0.txt,nigella seeds
train,train/images/Angled-gourd_-52-_jpg.rf.8d7a31bae8189517ebda5bd873251a2a.jpg,train/labels/Angled-gourd_-52-_jpg.rf.8d7a31bae8189517ebda5bd873251a2a.txt,angle-gourd
train,train/images/chickpea154_jpg.rf.9e3049d4d55383aee008bb1c11317b9a.jpg,train/labels/chickpea154_jpg.rf.9e3049d4d55383aee008bb1c11317b9a.txt,chickpea
train,train/images/Pumpkin_-58-_jpg.rf.2d733b589b18b529f10e147629dcd154.jpg,train/labels/Pumpkin_-58-_jpg.rf.2d733b589b18b529f10e147629dcd154.txt,pumpkin
train,train/images/chickpea88_jpg.rf.54471909f13d84d6fb64139061d3c6b6.jpg,train/labels/chickpea88_jpg.rf.54471909f13d84d6fb64139061d3c6b6.txt,chickpea
train,train/images/chickpea144_jpg.rf.62438745d31c647ac80aa166bcef0bf7.jpg,train/labels/chickpea144_jpg.rf.62438745d31c647ac80aa166bcef0bf7.txt,chickpea
train,train/images/images_jpeg.rf.d00505dfc8260588c756fea568510566.jpg,train/labels/images_jpeg.rf.d00505dfc8260588c756fea568510566.txt,carrot
train,train/images/image96_jpg.rf.0007c88bccbf6721b3e9e58c7c247f95.jpg,train/labels/image96_jpg.rf.0007c88bccbf6721b3e9e58c7c247f95.txt,
train,train/images/download-3-_jpeg.rf.0b769f3e3fa4baf1111df79d551d742c.jpg,train/labels/download-3-_jpeg.rf.0b769f3e3fa4baf1111df79d551d742c.txt,cabbage
train,train/images/image51_png.rf.795a4fd4d7f10497b8d55e583bb93969.jpg,train/labels/image51_png.rf.795a4fd4d7f10497b8d55e583bb93969.txt,chickpea
train,train/images/download-9-_jpeg.rf.76d6e114238e2f888aaaf12d93715f71.jpg,train/labels/download-9-_jpeg.rf.76d6e114238e2f888aaaf12d93715f71.txt,split red lentils
train,train/images/Pumpkin_-68-_jpg.rf.f94106ba1a28eb00ae0db3b75670987c.jpg,train/labels/Pumpkin_-68-_jpg.rf.f94106ba1a28eb00ae0db3b75670987c.txt,pumpkin
train,train/images/IMG_20230316_150956_jpg.rf.6c973c42af5d222e1a84d43e5343bf9d.jpg,train/labels/IMG_20230316_150956_jpg.rf.6c973c42af5d222e1a84d43e5343bf9d.txt,chickpea
train,train/images/download-8-_jpeg.rf.cf59a5d79921de97bd8bf171f786f916.jpg,train/labels/download-8-_jpeg.rf.cf59a5d79921de97bd8bf171f786f916.txt,mint seeds
train,train/images/download-13-_jpeg.rf.22300de709e4732440a6eb68100d0e3b.jpg,train/labels/download-13-_jpeg.rf.22300de709e4732440a6eb68100d0e3b.txt,radish seeds
train,train/images/image122_jpg.rf.00681acc71685d9adbe76831dfc63638.jpg,train/labels/image122_jpg.rf.00681acc71685d9adbe76831dfc63638.txt,chickpea
train,train/images/IMG_20230316_132653_1_jpg.rf.59d461c85794ab57b7dde73fd3bf8f4b.jpg,train/labels/IMG_20230316_132653_1_jpg.rf.59d461c85794ab57b7dde73fd3bf8f4b.txt,chickpea
train,train/images/images-8-_jpeg.rf.ab5fd95f1053f903cb4449d1ad8e63c9.jpg,train/labels/images-8-_jpeg.rf.ab5fd95f1053f903cb4449d1ad8e63c9.txt,poppy seeds
train,train/images/images-1-_jpeg.rf.8dd0be282bfac401054d9e98aec09e4b.jpg,train/labels/images-1-_jpeg.rf.8dd0be282bfac401054d9e98aec09e4b.txt,mustard seeds
train,train/images/images-4-_jpeg.rf.4618d88d9649cd95da8e13e39b1e3420.jpg,train/labels/images-4-_jpeg.rf.4618d88d9649cd95da8e13e39b1e3420.txt,pinenut seeds
train,train/images/image18_png.rf.95b0b9ca22136c54682a23ce12caec06.jpg,train/labels/image18_png.rf.95b0b9ca22136c54682a23ce12caec06.txt,chickpea
train,train/images/IMG_20230316_124745_jpg.rf.d915110eb0eda0b18c75379c8fc4ae02.jpg,train/labels/IMG_20230316_124745_jpg.rf.d915110eb0eda0b18c75379c8fc4ae02.txt,chickpea
train,train/images/image2_png.rf.9d7415d63f98bec873411378d9f37274.jpg,train/labels/image2_png.rf.9d7415d63f98bec873411378d9f37274.txt,chickpea
train,train/images/image_118_png.rf.24007bff2840b17196335360c1c05d98.jpg,train/labels/image_118_png.rf.24007bff2840b17196335360c1c05d98.txt,
train,train/images/Bottle-gourd_round-66-_jpg.rf.2658341b9ff2a8ef7b7abfe4df486f50.jpg,train/labels/Bottle-gourd_round-66-_jpg.rf.2658341b9ff2a8ef7b7abfe4df486f50.txt,
train,train/images/image135_jpg.rf.6fd14178cd20e51eb289e778a4f66e30.jpg,train/labels/image135_jpg.rf.6fd14178cd20e51eb289e778a4f66e30.txt,
train,train/images/IMG_20230316_132558_jpg.rf.938e486f8f4ee8d2b740c308a1e3d2c7.jpg,train/labels/IMG_20230316_132558_jpg.rf.938e486f8f4ee8d2b740c308a1e3d2c7.txt,
train,train/images/download-8-_jpeg.rf.6d75df3c307e44e9cf7cc827c404472e.jpg,train/labels/download-8-_jpeg.rf.6d75df3c307e44e9cf7cc827c404472e.txt,mustard seeds
train,train/images/Angled-gourd_-50-_jpg.rf.fe8dd75bcf44d5bc9d4bfc86ec6fc0e3.jpg,train/labels/Angled-gourd_-50-_jpg.rf.fe8dd75bcf44d5bc9d4bfc86ec6fc0e3.txt,angle-gourd
train,train/images/images-4-_jpeg.rf.9cb7edf2d2ce5e67069335e286378d8c.jpg,train/labels/images-4-_jpeg.rf.9cb7edf2d2ce5e67069335e286378d8c.txt,garlic seeds
train,train/images/image_132_png.rf.236d995edaab6179c002146ae990b7c9.jpg,train/labels/image_132_png.rf.236d995edaab6179c002146ae990b7c9.txt,
train,train/images/IMG_20230316_124919_1-5-_jpg.rf.c7f1669eb30f635f9ab9e3f5bd35932f.jpg,train/labels/IMG_20230316_124919_1-5-_jpg.rf.c7f1669eb30f635f9ab9e3f5bd35932f.txt,chickpea
train,train/images/images-7-_jpeg.rf.2a754847b7f958d25387c2e35b19dbeb.jpg,train/labels/images-7-_jpeg.rf.2a754847b7f958d25387c2e35b19dbeb.txt,watermelon seeds
train,train/images/image40_png.rf.eaed3260a12bb5e045a25087f95db83f.jpg,train/labels/image40_png.rf.eaed3260a12bb5e045a25087f95db83f.txt,chickpea
train,train/images/image73_png.rf.1eff4ca133cdbafee4a5f3ebdc75813c.jpg,train/labels/image73_png.rf.1eff4ca133cdbafee4a5f3ebdc75813c.txt,chickpea
train,train/images/Sugar-pea_-73-_jpg.rf.89ec6d5403a2db7008526d0f3de0b36d.jpg,train/labels/Sugar-pea_-73-_jpg.rf.89ec6d5403a2db7008526d0f3de0b36d.txt,sugar-pea
train,train/images/Sugar-pea_-88-_jpg.rf.4193466744d6c2eeec54011d9300ef54.jpg,train/labels/Sugar-pea_-88-_jpg.rf.4193466744d6c2eeec54011d9300ef54.txt,sugar-pea
train,train/images/download-4-_jpeg.rf.6da140980727ed3a4f39749497b09be7.jpg,train/labels/download-4-_jpeg.rf.6da140980727ed3a4f39749497b09be7.txt,grape seeds
train,train/images/chickpea207_jpg.rf.f8d94810c4d009cf9dc644c54443d44a.jpg,train/labels/chickpea207_jpg.rf.f8d94810c4d009cf9dc644c54443d44a.txt,chickpea
train,train/images/image28_png.rf.aa4d308689b2029bd11e4649ff1c63dd.jpg,train/labels/image28_png.rf.aa4d308689b2029bd11e4649ff1c63dd.txt,chickpea
train,train/images/download-5-_jpeg.rf.25d003c6a7d9ae38140bde9f8d0b0ae5.jpg,train/labels/download-5-_jpeg.rf.25d003c6a7d9ae38140bde9f8d0b0ae5.txt,mustard seeds
train,train/images/Waxgourd_-4-_jpg.rf.a5d6dcf4269851b8e4535a821e703516.jpg,train/labels/Waxgourd_-4-_jpg.rf.a5d6dcf4269851b8e4535a821e703516.txt,waxgourd
train,train/images/images-13-_jpeg.rf.e9702e37100697911125da99f02a1b03.jpg,train/labels/images-13-_jpeg.rf.e9702e37100697911125da99f02a1b03.txt,basil seeds
train,train/images/chickpea146_jpg.rf.128b0aad96042d161f638e43659663ce.jpg,train/labels/chickpea146_jpg.rf.128b0aad96042d161f638e43659663ce.txt,chickpea
train,train/images/IMG_20230316_154059_1-1-_jpg.rf.12716d32a271b7c366254cd7cdb7fe52.jpg,train/labels/IMG_20230316_154059_1-1-_jpg.rf.12716d32a271b7c366254cd7cdb7fe52.txt,chickpea
train,train/images/images-1-_jpeg.rf.b0382efb8c412f1033137904c6bc4c87.jpg,train/labels/images-1-_jpeg.rf.b0382efb8c412f1033137904c6bc4c87.txt,garlic seeds
train,train/images/Pumpkin_-89-_jpg.rf.9a54df8c5ee542b606ad477a3b853107.jpg,train/labels/Pumpkin_-89-_jpg.rf.9a54df8c5ee542b606ad477a3b853107.txt,pumpkin
train,train/images/image_118_png.rf.c65a377391c2253c9fea8daf4e2f0d96.jpg,train/labels/image_118_png.rf.c65a377391c2253c9fea8daf4e2f0d96.txt,chickpea
train,train/images/image154_png.rf.d46474c698874cc36cb64ea081709dee.jpg,train/labels/image154_png.rf.d46474c698874cc36cb64ea081709dee.txt,chickpea
train,train/images/images-3-_jpeg.rf.21cf04e47b39d83d10188bd98bc19368.jpg,train/labels/images-3-_jpeg.rf.21cf04e47b39d83d10188bd98bc19368.txt,poppy seeds
train,train/images/image80_jpg.rf.560e898f9b2b099b41f70804d9917260.jpg,train/labels/image80_jpg.rf.560e898f9b2b099b41f70804d9917260.txt,chickpea
train,train/images/IMG_20230316_124636_jpg.rf.3d6e3da2c38e39f12ce37d230a3ce7da.jpg,train/labels/IMG_20230316_124636_jpg.rf.3d6e3da2c38e39f12ce37d230a3ce7da.txt,
train,train/images/image94_png.rf.39f0386e4d5abcb3d5cfd369f2ef2c57.jpg,train/labels/image94_png.rf.39f0386e4d5abcb3d5cfd369f2ef2c57.txt,chickpea
train,train/images/download-6-_jpeg.rf.63609f6b6ea07f548430d351239e4e3a.jpg,train/labels/download-6-_jpeg.rf.63609f6b6ea07f548430d351239e4e3a.txt,oats seeds
train,train/images/images-10-_jpeg.rf.55834bd554b4db64fbb0a8963bdb4798.jpg,train/labels/images-10-_jpeg.rf.55834bd554b4db64fbb0a8963bdb4798.txt,rice seeds
train,train/images/chickpea96_jpg.rf.7712d8f7df25eb31ca1b34cb414fe8a0.jpg,train/labels/chickpea96_jpg.rf.7712d8f7df25eb31ca1b34cb414fe8a0.txt,chickpea
train,train/images/image146_jpg.rf.1fbc707501dacfbc23f58e0671697475.jpg,train/labels/image146_jpg.rf.1fbc707501dacfbc23f58e0671697475.txt,chickpea
train,train/images/IMG_20230316_124743_1_jpg.rf.c967df370b8934a63b37bff7a988bd7c.jpg,train/labels/IMG_20230316_124743_1_jpg.rf.c967df370b8934a63b37bff7a988bd7c.txt,chickpea
train,train/images/Sugar-pea_-45-_jpg.rf.fb76c8faa8e4178ad56bae3b12c20270.jpg,train/labels/Sugar-pea_-45-_jpg.rf.fb76c8faa8e4178ad56bae3b12c20270.txt,sugar-pea
train,train/images/image_103_png.rf.cb0d35dd406470c22d465127596fe3a3.jpg,train/labels/image_103_png.rf.cb0d35dd406470c22d465127596fe3a3.txt,chickpea
train,train/images/download-11-_jpeg.rf.f5d2109c8566eb10fddccb4ae5becdaf.jpg,train/labels/download-11-_jpeg.rf.f5d2109c8566eb10fddccb4ae5becdaf.txt,oats seeds
train,train/images/image19_png.rf.a5104653ff7645f56c629351dcd6c168.jpg,train/labels/image19_png.rf.a5104653ff7645f56c629351dcd6c168.txt,chickpea
train,train/images/image29_jpg.rf.f3e7d1ddd1c5bc608adc763def36b397.jpg,train/labels/image29_jpg.rf.f3e7d1ddd1c5bc608adc763def36b397.txt,chickpea
train,train/images/images-2-_jpeg.rf.6ad98b6b8c712a4655cca2f9b9ae996c.jpg,train/labels/images-2-_jpeg.rf.6ad98b6b8c712a4655cca2f9b9ae996c.txt,mint seeds
train,train/images/image131_jpg.rf.811b223dedf5ca828bd569871e2bc86b.jpg,train/labels/image131_jpg.rf.811b223dedf5ca828bd569871e2bc86b.txt,
train,train/images/image56_png.rf.3a0d9e3b64c5fe8fbb19e59b99171daf.jpg,train/labels/image56_png.rf.3a0d9e3b64c5fe8fbb19e59b99171daf.txt,chickpea
train,train/images/download-12-_jpeg.rf.aca09412ae2ef88fc1d7527d0d27427c.jpg,train/labels/download-12-_jpeg.rf.aca09412ae2ef88fc1d7527d0d27427c.txt,carrot
train,train/images/download_jpeg.rf.5105b23f0e1a64c778174f3c41668904.jpg,train/labels/download_jpeg.rf.5105b23f0e1a64c778174f3c41668904.txt,cucumber seeds
train,train/images/download-2-_jpeg.rf.d2beb2c0e2d8262ef343476f9fda7c51.jpg,train/labels/download-2-_jpeg.rf.d2beb2c0e2d8262ef343476f9fda7c51.txt,nigella seeds
train,train/images/image150_jpg.rf.d753d3e502084b78fa2b76567ca9e71d.jpg,train/labels/image150_jpg.rf.d753d3e502084b78fa2b76567ca9e71d.txt,chickpea
train,train/images/Sugar-pea_-74-_jpg.rf.e95d8cf1bd7a7cd837e0c38ceafe1b99.jpg,train/labels/Sugar-pea_-74-_jpg.rf.e95d8cf1bd7a7cd837e0c38ceafe1b99.txt,sugar-pea
train,train/images/image92_jpg.rf.0dff8aeb8b3c5ab6fd3eddfc5fd9a51a.jpg,train/labels/image92_jpg.rf.0dff8aeb8b3c5ab6fd3eddfc5fd9a51a.txt,chickpea
train,train/images/images-6-_jpeg.rf.a82fce72299f61d75cdf3f4a0ee69ca4.jpg,train/labels/images-6-_jpeg.rf.a82fce72299f61d75cdf3f4a0ee69ca4.txt,fennel
train,train/images/images-1-_jpeg.rf.68bbb2c4e56d7247351e807e542dbb3b.jpg,train/labels/images-1-_jpeg.rf.68bbb2c4e56d7247351e807e542dbb3b.txt,mint seeds
train,train/images/Wing-bean_-94-_jpg.rf.996d13de773c26f4a5f03a3a2847cefd.jpg,train/labels/Wing-bean_-94-_jpg.rf.996d13de773c26f4a5f03a3a2847cefd.txt,wingbean
train,train/images/images-5-_jpeg.rf.423b9b50bc438d04386faa7b3f0fe230.jpg,train/labels/images-5-_jpeg.rf.423b9b50bc438d04386faa7b3f0fe230.txt,
train,train/images/Bottle-gourd_long-75-_jpg.rf.0e995a4ba9ebc394e8595c085483ac98.jpg,train/labels/Bottle-gourd_long-75-_jpg.rf.0e995a4ba9ebc394e8595c085483ac98.txt,
train,train/images/Sugar-pea_-52-_jpg.rf.6879522fb247135f4d2c096999a9238c.jpg,train/labels/Sugar-pea_-52-_jpg.rf.6879522fb247135f4d2c096999a9238c.txt,sugar-pea
train,train/images/IMG_20230316_131552_jpg.rf.8fdaec5b35439added42bed3c7057a55.jpg,train/labels/IMG_20230316_131552_jpg.rf.8fdaec5b35439added42bed3c7057a55.txt,chickpea
train,train/images/Wing-bean_-81-_jpg.rf.87d9701f124e093207ad96d2e325fc63.jpg,train/labels/Wing-bean_-81-_jpg.rf.87d9701f124e093207ad96d2e325fc63.txt,wingbean
train,train/images/IMG_20230316_154057_1_jpg.rf.c350b84a132c264df982fd0ed93ee448.jpg,train/labels/IMG_20230316_154057_1_jpg.rf.c350b84a132c264df982fd0ed93ee448.txt,chickpea
train,train/images/image36_jpg.rf.28c797090d9d78c13208da4dd59c0407.jpg,train/labels/image36_jpg.rf.28c797090d9d78c13208da4dd59c0407.txt,
train,train/images/Waxgourd_-36-_jpg.rf.39d75e7a2aa1ba834bfd96a10880ec3b.jpg,train/labels/Waxgourd_-36-_jpg.rf.39d75e7a2aa1ba834bfd96a10880ec3b.txt,waxgourd
train,train/images/image16_jpg.rf.47117e19ddf65aa42c6692c1bb438fae.jpg,train/labels/image16_jpg.rf.47117e19ddf65aa42c6692c1bb438fae.txt,chickpea
train,train/images/image51_jpg.rf.58395c14437ba40341ca3cec9a549249.jpg,train/labels/image51_jpg.rf.58395c14437ba40341ca3cec9a549249.txt,chickpea
train,train/images/images-12-_jpeg.rf.c033fcc7dbe09cd24940265bfb96d783.jpg,train/labels/images-12-_jpeg.rf.c033fcc7dbe09cd24940265bfb96d783.txt,basil seeds
train,train/images/chickpea125_jpg.rf.ae674e3d588dfb1c1d83615dc784589b.jpg,train/labels/chickpea125_jpg.rf.ae674e3d588dfb1c1d83615dc784589b.txt,chickpea
train,train/images/image89_jpg.rf.90cb9296990272e486ae62125aa40f68.jpg,train/labels/image89_jpg.rf.90cb9296990272e486ae62125aa40f68.txt,chickpea
train,train/images/IMG_20230316_131750_1-1-_jpg.rf.a73e33fcb7ee26ae052aa5dd21d00959.jpg,train/labels/IMG_20230316_131750_1-1-_jpg.rf.a73e33fcb7ee26ae052aa5dd21d00959.txt,chickpea
train,train/images/images_jpeg.rf.5aae86e0e3f6d4a8fb724bdfd0a65f04.jpg,train/labels/images_jpeg.rf.5aae86e0e3f6d4a8fb724bdfd0a65f04.txt,watermelon seeds
train,train/images/download-11-_jpeg.rf.a2de53fd890abfe97637e6350118ea09.jpg,train/labels/download-11-_jpeg.rf.a2de53fd890abfe97637e6350118ea09.txt,sesame seeds
train,train/images/image_115_png.rf.f338ef6764514282bafd4808d30b6a6e.jpg,train/labels/image_115_png.rf.f338ef6764514282bafd4808d30b6a6e.txt,
train,train/images/download-11-_jpeg.rf.aeb982ae7084c66936f1219c688fed2f.jpg,train/labels/download-11-_jpeg.rf.aeb982ae7084c66936f1219c688fed2f.txt,egusi seeds
train,train/images/chickpea203_jpg.rf.b5670a31bf259b4af48caac30c47fb88.jpg,train/labels/chickpea203_jpg.rf.b5670a31bf259b4af48caac30c47fb88.txt,chickpea
train,train/images/IMG_20230316_124745_jpg.rf.5e9b82d9050779a62beb609c902fbc9c.jpg,train/labels/IMG_20230316_124745_jpg.rf.5e9b82d9050779a62beb609c902fbc9c.txt,chickpea
train,train/images/download-6-_jpeg.rf.da368562a411123d1a7ffbf0d87d2720.jpg,train/labels/download-6-_jpeg.rf.da368562a411123d1a7ffbf0d87d2720.txt,coffee beans
train,train/images/download-5-_jpeg.rf.204c9463b88ffde8ff8954f38b604a55.jpg,train/labels/download-5-_jpeg.rf.204c9463b88ffde8ff8954f38b604a55.txt,poppy seeds
train,train/images/chickpea191_jpg.rf.cace5c71c3af392db927a93f6595f4b7.jpg,train/labels/chickpea191_jpg.rf.cace5c71c3af392db927a93f6595f4b7.txt,chickpea
train,train/images/IMG_20230316_151228-3-_jpg.rf.a61278f2f5dd01991fd418c7eeb66e4d.jpg,train/labels/IMG_20230316_151228-3-_jpg.rf.a61278f2f5dd01991fd418c7eeb66e4d.txt,
train,train/images/image9_png.rf.ec4581dfca0c1fb6a32c4e9097422f5d.jpg,train/labels/image9_png.rf.ec4581dfca0c1fb6a32c4e9097422f5d.txt,chickpea
train,train/images/IMG_20230316_151519_1_jpg.rf.35ad0a24ac977ea17819f181180c0140.jpg,train/labels/IMG_20230316_151519_1_jpg.rf.35ad0a24ac977ea17819f181180c0140.txt,chickpea
train,train/images/download-4-_jpeg.rf.34ccfd62aca9147b2eba0fe3b343fefe.jpg,train/labels/download-4-_jpeg.rf.34ccfd62aca9147b2eba0fe3b343fefe.txt,oats seeds
train,train/images/images-1-_jpeg.rf.645560c67b12eb298f65aa8ff636a255.jpg,train/labels/images-1-_jpeg.rf.645560c67b12eb298f65aa8ff636a255.txt,beetroot seed
train,train/images/Angled-gourd_-81-_jpg.rf.f3598ac05609ccf988125a4e84fc8e22.jpg,train/labels/Angled-gourd_-81-_jpg.rf.f3598ac05609ccf988125a4e84fc8e22.txt,angle-gourd
train,train/images/image27_png.rf.e40db0485e421790174b8a274161d68a.jpg,train/labels/image27_png.rf.e40db0485e421790174b8a274161d68a.txt,chickpea
train,train/images/image150_jpg.rf.8a85ef31637e1c7410e7c1565e87d283.jpg,train/labels/image150_jpg.rf.8a85ef31637e1c7410e7c1565e87d283.txt,chickpea
train,train/images/image_158_png.rf.5a1fbe111bc515b4d6a69f122ed001b0.jpg,train/labels/image_158_png.rf.5a1fbe111bc515b4d6a69f122ed001b0.txt,chickpea
train,train/images/images-12-_jpeg.rf.7d069527efc1b2699d9c29b54f42dcdd.jpg,train/labels/images-12-_jpeg.rf.7d069527efc1b2699d9c29b54f42dcdd.txt,chia
train,train/images/Angled-gourd_-51-_jpg.rf.2922f38f9f97342e4c7c58a18a128231.jpg,train/labels/Angled-gourd_-51-_jpg.rf.2922f38f9f97342e4c7c58a18a128231.txt,angle-gourd
train,train/images/image74_png.rf.a5206300ad2233b85e87b482aeef05c6.jpg,train/labels/image74_png.rf.a5206300ad2233b85e87b482aeef05c6.txt,chickpea
train,train/images/download-8-_jpeg.rf.a5ba7e6107cddb503dc62a5c2144113e.jpg,train/labels/download-8-_jpeg.rf.a5ba7e6107cddb503dc62a5c2144113e.txt,split red lentils
train,train/images/image93_png.rf.d40bfccdf97a36bc86529e3d695e3470.jpg,train/labels/image93_png.rf.d40bfccdf97a36bc86529e3d695e3470.txt,chickpea
train,train/images/image_169_png.rf.a6b3fe17a18052243df1ed949d276eb4.jpg,train/labels/image_169_png.rf.a6b3fe17a18052243df1ed949d276eb4.txt,chickpea
train,train/images/download-7-_jpeg.rf.48c9568bf798e7623114ac7a8a40971c.jpg,train/labels/download-7-_jpeg.rf.48c9568bf798e7623114ac7a8a40971c.txt,egusi seeds
train,train/images/image17_jpg.rf.48f000c0e46a35b75c04898f2ef34881.jpg,train/labels/image17_jpg.rf.48f000c0e46a35b75c04898f2ef34881.txt,
train,train/images/chickpea13_jpg.rf.efda0451f7db1565f95f594790d2bce4.jpg,train/labels/chickpea13_jpg.rf.efda0451f7db1565f95f594790d2bce4.txt,chickpea
train,train/images/download-3-_jpeg.rf.1005e69bbd94b6742b22c463b641854f.jpg,train/labels/download-3-_jpeg.rf.1005e69bbd94b6742b22c463b641854f.txt,watermelon seeds
train,train/images/Bottle-gourd_long-46-_jpg.rf.f41f3c8d431a9018efe91c1ff8dcdeb2.jpg,train/labels/Bottle-gourd_long-46-_jpg.rf.f41f3c8d431a9018efe91c1ff8dcdeb2.txt,
train,train/images/IMG_20230316_150550_jpg.rf.b4bf1d0982bf6416130d288c9e5d1c16.jpg,train/labels/IMG_20230316_150550_jpg.rf.b4bf1d0982bf6416130d288c9e5d1c16.txt,chickpea
train,train/images/download_jpeg.rf.6c041b247e813674ca97741e1e32ee92.jpg,train/labels/download_jpeg.rf.6c041b247e813674ca97741e1e32ee92.txt,chia
train,train/images/images-5-_jpeg.rf.1c8d2e1b54d72e4043052e485896773d.jpg,train/labels/images-5-_jpeg.rf.1c8d2e1b54d72e4043052e485896773d.txt,chia
train,train/images/IMG_20230316_131637_jpg.rf.001050341fffa41d85a2d3be77013081.jpg,train/labels/IMG_20230316_131637_jpg.rf.001050341fffa41d85a2d3be77013081.txt,
train,train/images/image50_jpg.rf.3db367016bb37490d955710e32d06305.jpg,train/labels/image50_jpg.rf.3db367016bb37490d955710e32d06305.txt,
train,train/images/download-7-_jpeg.rf.4fe7e87f8431fc891acd2e93ce9fae94.jpg,train/labels/download-7-_jpeg.rf.4fe7e87f8431fc891acd2e93ce9fae94.txt,chia
train,train/images/download-7-_jpeg.rf.1c7ace027615898b83e8236b974e8ca1.jpg,train/labels/download-7-_jpeg.rf.1c7ace027615898b83e8236b974e8ca1.txt,carrot
train,train/images/image142_jpg.rf.ee4cc5c499766fbc34cc6087c25be4e9.jpg,train/labels/image142_jpg.rf.ee4cc5c499766fbc34cc6087c25be4e9.txt,chickpea
train,train/images/download-1-_jpeg.rf.1ca3f4fe2ce93124b60672711d3c4e1e.jpg,train/labels/download-1-_jpeg.rf.1ca3f4fe2ce93124b60672711d3c4e1e.txt,pinenut seeds
train,train/images/Yardlong-bean_-48-_jpg.rf.a7dbdd4c4cd6e8aff1dbd5d040110d3f.jpg,train/labels/Yardlong-bean_-48-_jpg.rf.a7dbdd4c4cd6e8aff1dbd5d040110d3f.txt,yardlong-bean
train,train/images/images-12-_jpeg.rf.480455c1617a02a7f94b7f09f86ae239.jpg,train/labels/images-12-_jpeg.rf.480455c1617a02a7f94b7f09f86ae239.txt,peanut seeds
train,train/images/image101_png.rf.399bbc7c514319d39ab3ff95c5b4f62a.jpg,train/labels/image101_png.rf.399bbc7c514319d39ab3ff95c5b4f62a.txt,chickpea
train,train/images/image18_jpg.rf.4a8b8c8b3522e2f52f3768075c7c9cc9.jpg,train/labels/image18_jpg.rf.4a8b8c8b3522e2f52f3768075c7c9cc9.txt,chickpea
train,train/images/Sugar-pea_-47-_jpg.rf.a1e42441efc19887990c4d961f79180c.jpg,train/labels/Sugar-pea_-47-_jpg.rf.a1e42441efc19887990c4d961f79180c.txt,sugar-pea
train,train/images/Muskmelon_-82-_jpg.rf.a7656ab1189118c90d75aa1b722fa09a.jpg,train/labels/Muskmelon_-82-_jpg.rf.a7656ab1189118c90d75aa1b722fa09a.txt,"muskmelon,pumpkin"
train,train/images/chickpea14_jpg.rf.660f6613fa23da89ab89b985225cef68.jpg,train/labels/chickpea14_jpg.rf.660f6613fa23da89ab89b985225cef68.txt,chickpea
train,train/images/chickpea207_jpg.rf.acf9be8ab18d7dc8cd7312cd34005486.jpg,train/labels/chickpea207_jpg.rf.acf9be8ab18d7dc8cd7312cd34005486.txt,chickpea
train,train/images/images-7-_jpeg.rf.33847c1fa7eb44c0087372bcbee0a431.jpg,train/labels/images-7-_jpeg.rf.33847c1fa7eb44c0087372bcbee0a431.txt,rice seeds
train,train/images/image_152_png.rf.1ac2554d726f6464c66e523d9edc9fff.jpg,train/labels/image_152_png.rf.1ac2554d726f6464c66e523d9edc9fff.txt,chickpea
train,train/images/download-5-_jpeg.rf.25de5e100d4e53b331f9af99c3258935.jpg,train/labels/download-5-_jpeg.rf.25de5e100d4e53b331f9af99c3258935.txt,grape seeds
train,train/images/download-4-_jpeg.rf.000d8f52b734d008326f96ac382b8b35.jpg,train/labels/download-4-_jpeg.rf.000d8f52b734d008326f96ac382b8b35.txt,cucumber seeds
train,train/images/IMG_20230316_154430_jpg.rf.41c891d2659406a5a1d359ffa5e391f3.jpg,train/labels/IMG_20230316_154430_jpg.rf.41c891d2659406a5a1d359ffa5e391f3.txt,chickpea
train,train/images/download-4-_jpeg.rf.664331a78f327483db78a75817cdc6c6.jpg,train/labels/download-4-_jpeg.rf.664331a78f327483db78a75817cdc6c6.txt,peanut seeds
train,train/images/image77_png.rf.ac72c457fab4c915df7b04900862781e.jpg,train/labels/image77_png.rf.ac72c457fab4c915df7b04900862781e.txt,chickpea
train,train/images/image20_png.rf.5427a43119f83a073f75c22f7faa48f0.jpg,train/labels/image20_png.rf.5427a43119f83a073f75c22f7faa48f0.txt,chickpea
train,train/images/image114_jpg.rf.d547177291dd3f23f60faf42e98d95d0.jpg,train/labels/image114_jpg.rf.d547177291dd3f23f60faf42e98d95d0.txt,
train,train/images/IMG_20230316_132023_1-1-_jpg.rf.69793a687445ecd347cb21f7fdb08368.jpg,train/labels/IMG_20230316_132023_1-1-_jpg.rf.69793a687445ecd347cb21f7fdb08368.txt,chickpea
train,train/images/images-10-_jpeg.rf.9595ad55e61664f0fb7b64647bc40947.jpg,train/labels/images-10-_jpeg.rf.9595ad55e61664f0fb7b64647bc40947.txt,flax seeds
train,train/images/image46_jpg.rf.657946889d4741f22b0a88cf6541433d.jpg,train/labels/image46_jpg.rf.657946889d4741f22b0a88cf6541433d.txt,chickpea
train,train/images/images-9-_jpeg.rf.50ca8dbbc529173fbcee721c1ed19b5b.jpg,train/labels/images-9-_jpeg.rf.50ca8dbbc529173fbcee721c1ed19b5b.txt,cucumber seeds
train,train/images/Bottle-gourd_long-42-_jpg.rf.e070a78481d0fd832e0a79a878de9cd2.jpg,train/labels/Bottle-gourd_long-42-_jpg.rf.e070a78481d0fd832e0a79a878de9cd2.txt,bitter-gourd
train,train/images/images-11-_jpeg.rf.d77aa5cbcd171d6eadc17edee2d9daee.jpg,train/labels/images-11-_jpeg.rf.d77aa5cbcd171d6eadc17edee2d9daee.txt,chia
train,train/images/IMG_20230316_132601_1_jpg.rf.0c09d4a264eda0c83cd9903a65c9307e.jpg,train/labels/IMG_20230316_132601_1_jpg.rf.0c09d4a264eda0c83cd9903a65c9307e.txt,chickpea
train,train/images/download-8-_jpeg.rf.836548083c98e4a5ee6f9bc416dc6ade.jpg,train/labels/download-8-_jpeg.rf.836548083c98e4a5ee6f9bc416dc6ade.txt,fennel
train,train/images/download-1-_jpeg.rf.0f3eeab8b21d9310d368334d59464af9.jpg,train/labels/download-1-_jpeg.rf.0f3eeab8b21d9310d368334d59464af9.txt,jackfruit
train,train/images/Yardlong-bean_-71-_jpg.rf.84b007c295f59b01ddd3de855bb0d9d4.jpg,train/labels/Yardlong-bean_-71-_jpg.rf.84b007c295f59b01ddd3de855bb0d9d4.txt,
train,train/images/IMG_20230316_132630_jpg.rf.2d677a08fd6033c6a067baab76a5c869.jpg,train/labels/IMG_20230316_132630_jpg.rf.2d677a08fd6033c6a067baab76a5c869.txt,
train,train/images/images-3-_jpeg.rf.2a8567a30eaed0315f5a76eb932d8aae.jpg,train/labels/images-3-_jpeg.rf.2a8567a30eaed0315f5a76eb932d8aae.txt,onion seeds
train,train/images/Bottle-gourd_long-96-_jpg.rf.c1a858c416bed8e1c1b5017ad3b63090.jpg,train/labels/Bottle-gourd_long-96-_jpg.rf.c1a858c416bed8e1c1b5017ad3b63090.txt,
train,train/images/chickpea193_jpg.rf.577733146c6257d439c6a69b3e659b06.jpg,train/labels/chickpea193_jpg.rf.577733146c6257d439c6a69b3e659b06.txt,chickpea
train,train/images/image83_jpg.rf.021b7cd36ea2c272aca7db6a3bea639a.jpg,train/labels/image83_jpg.rf.021b7cd36ea2c272aca7db6a3bea639a.txt,chickpea
train,train/images/IMG_20230316_150550-1-_jpg.rf.463edd3a4bec6e255c36acd59f002eef.jpg,train/labels/IMG_20230316_150550-1-_jpg.rf.463edd3a4bec6e255c36acd59f002eef.txt,chickpea
train,train/images/download-8-_jpeg.rf.8564f01a187879e0ce96075e8a9adf5d.jpg,train/labels/download-8-_jpeg.rf.8564f01a187879e0ce96075e8a9adf5d.txt,coffee beans
train,train/images/download-2-_jpeg.rf.bece297c316da80c9dfdc08318cc6217.jpg,train/labels/download-2-_jpeg.rf.bece297c316da80c9dfdc08318cc6217.txt,radish seeds
train,train/images/Pumpkin_-46-_jpg.rf.dc116c461f4f2116dc3bbb7fb54ba3a2.jpg,train/labels/Pumpkin_-46-_jpg.rf.dc116c461f4f2116dc3bbb7fb54ba3a2.txt,pumpkin
train,train/images/image96_jpg.rf.3f6489a52a6ae7e7967c7660b4205976.jpg,train/labels/image96_jpg.rf.3f6489a52a6ae7e7967c7660b4205976.txt,chickpea
train,train/images/chickpea152_jpg.rf.c240aa036ee73b9fa618ea8c509a5151.jpg,train/labels/chickpea152_jpg.rf.c240aa036ee73b9fa618ea8c509a5151.txt,chickpea
train,train/images/image_177_png.rf.e7fa353ec7189f345cccef3f978b0e57.jpg,train/labels/image_177_png.rf.e7fa353ec7189f345cccef3f978b0e57.txt,chickpea
train,train/images/IMG_20230316_124959_jpg.rf.104972268274f2e0a2ef9649b7ccbead.jpg,train/labels/IMG_20230316_124959_jpg.rf.104972268274f2e0a2ef9649b7ccbead.txt,chickpea
train,train/images/images-3-_jpeg.rf.c9d0d2cfe06b02feb0dbe9c1f4fc3cf9.jpg,train/labels/images-3-_jpeg.rf.c9d0d2cfe06b02feb0dbe9c1f4fc3cf9.txt,beetroot seed
train,train/images/download-7-_jpeg.rf.e7fd7bf7662217bbedca93a0c01351af.jpg,train/labels/download-7-_jpeg.rf.e7fd7bf7662217bbedca93a0c01351af.txt,peanut seeds
train,train/images/chickpea194_jpg.rf.f6b60946ad69f0a2fd63f9e01fae8175.jpg,train/labels/chickpea194_jpg.rf.f6b60946ad69f0a2fd63f9e01fae8175.txt,chickpea
train,train/images/download-10-_jpeg.rf.3a0fd73838b5e42a01d3e6f088148fb7.jpg,train/labels/download-10-_jpeg.rf.3a0fd73838b5e42a01d3e6f088148fb7.txt,onion seeds
train,train/images/Yardlong-bean_-47-_jpg.rf.bef2185a7a389987e12da84a8bc9b2c3.jpg,train/labels/Yardlong-bean_-47-_jpg.rf.bef2185a7a389987e12da84a8bc9b2c3.txt,yardlong-bean
train,train/images/image_105_png.rf.39d2c21092a238eafb643a625c2345c0.jpg,train/labels/image_105_png.rf.39d2c21092a238eafb643a625c2345c0.txt,
train,train/images/image33_png.rf.7ab4b55339771c6405ffc7f40a923288.jpg,train/labels/image33_png.rf.7ab4b55339771c6405ffc7f40a923288.txt,chickpea
train,train/images/image_162_png.rf.54ea4a7c1bd8839e17872a9d894c566a.jpg,train/labels/image_162_png.rf.54ea4a7c1bd8839e17872a9d894c566a.txt,chickpea
train,train/images/images-1-_jpeg.rf.277d7a1d440ceae43f93f67f5fe5c833.jpg,train/labels/images-1-_jpeg.rf.277d7a1d440ceae43f93f67f5fe5c833.txt,onion seeds
train,train/images/images-9-_jpeg.rf.bbf01e92a94f0ab9c9eca002b8dda94b.jpg,train/labels/images-9-_jpeg.rf.bbf01e92a94f0ab9c9eca002b8dda94b.txt,lotus seeds
train,train/images/download-2-_jpeg.rf.2c91ad2dcd4d59b7b82ff5b8a0ef7ca0.jpg,train/labels/download-2-_jpeg.rf.2c91ad2dcd4d59b7b82ff5b8a0ef7ca0.txt,beetroot seed
train,train/images/image20_jpg.rf.52edd71601c9ce92f64ca347966eb2d2.jpg,train/labels/image20_jpg.rf.52edd71601c9ce92f64ca347966eb2d2.txt,chickpea
train,train/images/download-1-_jpeg.rf.65c71068db23c0209e5ce88707eca9ca.jpg,train/labels/download-1-_jpeg.rf.65c71068db23c0209e5ce88707eca9ca.txt,basil seeds
train,train/images/download-10-_jpeg.rf.ef915cd5831aa8291d247bd05d2e8668.jpg,train/labels/download-10-_jpeg.rf.ef915cd5831aa8291d247bd05d2e8668.txt,brown bean
train,train/images/chickpea93_jpg.rf.f742376fe5e2aa52cb4b38a5d18c0641.jpg,train/labels/chickpea93_jpg.rf.f742376fe5e2aa52cb4b38a5d18c0641.txt,chickpea
train,train/images/image32_png.rf.f6f894878c96fefa7d928a25a9182613.jpg,train/labels/image32_png.rf.f6f894878c96fefa7d928a25a9182613.txt,chickpea
train,train/images/images-4-_jpeg.rf.b7bdaa4ec1a59ff9970efdb45a1384d5.jpg,train/labels/images-4-_jpeg.rf.b7bdaa4ec1a59ff9970efdb45a1384d5.txt,basil seeds
train,train/images/image32_png.rf.34e8779ad02ecd7e3e5b71858606792f.jpg,train/labels/image32_png.rf.34e8779ad02ecd7e3e5b71858606792f.txt,chickpea
train,train/images/IMG_20230316_124756_1_jpg.rf.528434d2e5c2c1a190cff0dfdd48904e.jpg,train/labels/IMG_20230316_124756_1_jpg.rf.528434d2e5c2c1a190cff0dfdd48904e.txt,chickpea
train,train/images/image34_jpg.rf.2f7cdfafaa78200f8f8615b485860011.jpg,train/labels/image34_jpg.rf.2f7cdfafaa78200f8f8615b485860011.txt,chickpea
train,train/images/image26_png.rf.cd931f2ce160ee0114b1d8f3597f1067.jpg,train/labels/image26_png.rf.cd931f2ce160ee0114b1d8f3597f1067.txt,chickpea
train,train/images/IMG_20230316_150918_1_jpg.rf.e810e59c10063101f36c9959a91b44a8.jpg,train/labels/IMG_20230316_150918_1_jpg.rf.e810e59c10063101f36c9959a91b44a8.txt,chickpea
train,train/images/image31_png.rf.e47717337b3986978a3647246f148a43.jpg,train/labels/image31_png.rf.e47717337b3986978a3647246f148a43.txt,chickpea
train,train/images/images-12-_jpeg.rf.e7d83120eaf8b83394f1518a78245b9b.jpg,train/labels/images-12-_jpeg.rf.e7d83120eaf8b83394f1518a78245b9b.txt,grape seeds
train,train/images/images-7-_jpeg.rf.954e632e334a204ef99ec9b342222608.jpg,train/labels/images-7-_jpeg.rf.954e632e334a204ef99ec9b342222608.txt,mint seeds
train,train/images/download-9-_jpeg.rf.b2cf3a9768cc19d53ea026cba2b3e5d0.jpg,train/labels/download-9-_jpeg.rf.b2cf3a9768cc19d53ea026cba2b3e5d0.txt,carrot
train,train/images/images-1-_jpeg.rf.1d6eb18778ca99794cd7f32508cd55a3.jpg,train/labels/images-1-_jpeg.rf.1d6eb18778ca99794cd7f32508cd55a3.txt,pinenut seeds
train,train/images/image96_png.rf.72d5b623253f3425ce9d6a34aefd9bfb.jpg,train/labels/image96_png.rf.72d5b623253f3425ce9d6a34aefd9bfb.txt,chickpea
train,train/images/images-9-_jpeg.rf.40540391aa4c092d68666f7d868b7d36.jpg,train/labels/images-9-_jpeg.rf.40540391aa4c092d68666f7d868b7d36.txt,mint seeds
train,train/images/image12_jpg.rf.66ba71d1382f6f4e50285e0cf8ee5aa2.jpg,train/labels/image12_jpg.rf.66ba71d1382f6f4e50285e0cf8ee5aa2.txt,chickpea
train,train/images/image57_jpg.rf.2f48cd306de8118b92c920d381b6fde6.jpg,train/labels/image57_jpg.rf.2f48cd306de8118b92c920d381b6fde6.txt,chickpea
train,train/images/chickpea193_jpg.rf.dcbab5d22060913cc2aa0ccb90dfca55.jpg,train/labels/chickpea193_jpg.rf.dcbab5d22060913cc2aa0ccb90dfca55.txt,chickpea
train,train/images/download-2-_jpeg.rf.c86e73b8768b9e57d7a9aacdf184fdb7.jpg,train/labels/download-2-_jpeg.rf.c86e73b8768b9e57d7a9aacdf184fdb7.txt,mustard seeds
train,train/images/chickpea1_jpg.rf.28028951c1dae373979f876a66c22a18.jpg,train/labels/chickpea1_jpg.rf.28028951c1dae373979f876a66c22a18.txt,chickpea
train,train/images/IMG_20230316_132558_jpg.rf.e35e19fc39c369855d242d84812d6ef1.jpg,train/labels/IMG_20230316_132558_jpg.rf.e35e19fc39c369855d242d84812d6ef1.txt,chickpea
train,train/images/download_jpeg.rf.c8fcd82e87955eaa8c312d54e2815550.jpg,train/labels/download_jpeg.rf.c8fcd82e87955eaa8c312d54e2815550.txt,sesame seeds
train,train/images/Angled-gourd_-68-_jpg.rf.72fa7ae191074e8552a027162c989eeb.jpg,train/labels/Angled-gourd_-68-_jpg.rf.72fa7ae191074e8552a027162c989eeb.txt,angle-gourd
train,train/images/chickpea12_jpg.rf.dc33851a4961f2e5bb236af8c756edf7.jpg,train/labels/chickpea12_jpg.rf.dc33851a4961f2e5bb236af8c756edf7.txt,chickpea
train,train/images/Pumpkin_-71-_jpg.rf.4ba1b9e1f65978557183981cc824836e.jpg,train/labels/Pumpkin_-71-_jpg.rf.4ba1b9e1f65978557183981cc824836e.txt,pumpkin
train,train/images/IMG_20230316_155645-1-_jpg.rf.a4879b3776bf3e171f5cf1e1209e8078.jpg,train/labels/IMG_20230316_155645-1-_jpg.rf.a4879b3776bf3e171f5cf1e1209e8078.txt,chickpea
train,train/images/images-6-_jpeg.rf.80c03b0e236f3e43b48d51c6fff22989.jpg,train/labels/images-6-_jpeg.rf.80c03b0e236f3e43b48d51c6fff22989.txt,cucumber seeds
train,train/images/download-1-_jpeg.rf.cb9e37b0c35a5e73c849185f660a8b50.jpg,train/labels/download-1-_jpeg.rf.cb9e37b0c35a5e73c849185f660a8b50.txt,mustard seeds
train,train/images/Bottle-gourd_long-85-_jpg.rf.d68e7fc22d27e98e5e089eb07c945f1b.jpg,train/labels/Bottle-gourd_long-85-_jpg.rf.d68e7fc22d27e98e5e089eb07c945f1b.txt,
train,train/images/chickpea205_jpg.rf.d7484f6c7645e2359fc7043baa33b798.jpg,train/labels/chickpea205_jpg.rf.d7484f6c7645e2359fc7043baa33b798.txt,chickpea
train,train/images/image_131_png.rf.068d8ac095b84fad5dcb0b912c2c6b9a.jpg,train/labels/image_131_png.rf.068d8ac095b84fad5dcb0b912c2c6b9a.txt,
train,train/images/download-14-_jpeg.rf.832960e9b4efc8fe785ff4ebdf2a8a91.jpg,train/labels/download-14-_jpeg.rf.832960e9b4efc8fe785ff4ebdf2a8a91.txt,beetroot seed
train,train/images/download-6-_jpeg.rf.74dd6ab44a6896b67a16cbf7bc54f818.jpg,train/labels/download-6-_jpeg.rf.74dd6ab44a6896b67a16cbf7bc54f818.txt,carrot
train,train/images/Bottle-gourd_round-90-_jpg.rf.6d44460d7b5eeb35e37d22b7db5c06a5.jpg,train/labels/Bottle-gourd_round-90-_jpg.rf.6d44460d7b5eeb35e37d22b7db5c06a5.txt,bitter-gourd
train,train/images/image22_jpg.rf.5188efeebaeeb534cc55c20ad3d7c3cd.jpg,train/labels/image22_jpg.rf.5188efeebaeeb534cc55c20ad3d7c3cd.txt,
train,train/images/image122_jpg.rf.8e179610a820ec1add94a8734e28c52d.jpg,train/labels/image122_jpg.rf.8e179610a820ec1add94a8734e28c52d.txt,
train,train/images/Pumpkin_-86-_jpg.rf.57515fb5c3057fc938963e26262d9369.jpg,train/labels/Pumpkin_-86-_jpg.rf.57515fb5c3057fc938963e26262d9369.txt,pumpkin
train,train/images/image75_jpg.rf.169b080d0db6a4f33d82d9894bedc8ae.jpg,train/labels/image75_jpg.rf.169b080d0db6a4f33d82d9894bedc8ae.txt,chickpea
train,train/images/Sugar-pea_-36-_jpg.rf.38e22af14ad3f6f993d1333e09f19a15.jpg,train/labels/Sugar-pea_-36-_jpg.rf.38e22af14ad3f6f993d1333e09f19a15.txt,sugar-pea
train,train/images/chickpea158_jpg.rf.76255df147382d61d5ed2dc18b89fec5.jpg,train/labels/chickpea158_jpg.rf.76255df147382d61d5ed2dc18b89fec5.txt,chickpea
train,train/images/images-6-_jpeg.rf.77693e34403a71f5d520b36078a99608.jpg,train/labels/images-6-_jpeg.rf.77693e34403a71f5d520b36078a99608.txt,flax seeds
train,train/images/image20_png.rf.70553ac0a0653a928fe0d06b1110f6f6.jpg,train/labels/image20_png.rf.70553ac0a0653a928fe0d06b1110f6f6.txt,chickpea
train,train/images/Bottle-gourd_round-63-_jpg.rf.09b643160894783a50575b312c4c2a17.jpg,train/labels/Bottle-gourd_round-63-_jpg.rf.09b643160894783a50575b312c4c2a17.txt,
train,train/images/IMG_20230316_124809-1-_jpg.rf.8f0baa271e4462b533971d532d75411f.jpg,train/labels/IMG_20230316_124809-1-_jpg.rf.8f0baa271e4462b533971d532d75411f.txt,chickpea
train,train/images/image85_png.rf.370c7a15cbbcf886446b3b99cf0b7a86.jpg,train/labels/image85_png.rf.370c7a15cbbcf886446b3b99cf0b7a86.txt,chickpea
train,train/images/chickpea135_jpg.rf.2a5d9165e9c2562f5739bdab7a87e979.jpg,train/labels/chickpea135_jpg.rf.2a5d9165e9c2562f5739bdab7a87e979.txt,chickpea
train,train/images/image_154_png.rf.cde2e5639a4ad49c4a5839959743cc08.jpg,train/labels/image_154_png.rf.cde2e5639a4ad49c4a5839959743cc08.txt,
train,train/images/image78_png.rf.b67e3272098ff4d422664b01fb23f677.jpg,train/labels/image78_png.rf.b67e3272098ff4d422664b01fb23f677.txt,chickpea
train,train/images/image135_jpg.rf.6067840c02d63a2c88a1856da38622f9.jpg,train/labels/image135_jpg.rf.6067840c02d63a2c88a1856da38622f9.txt,chickpea
train,train/images/image56_jpg.rf.81712b41445a0ef6062585f4ec45597e.jpg,train/labels/image56_jpg.rf.81712b41445a0ef6062585f4ec45597e.txt,chickpea
train,train/images/IMG_20230316_125846_jpg.rf.37bdbf33e7d9f7a772f22455808d7ca0.jpg,train/labels/IMG_20230316_125846_jpg.rf.37bdbf33e7d9f7a772f22455808d7ca0.txt,chickpea
train,train/images/download-11-_jpeg.rf.dec5e4f5e73328aca35b37fb2192f705.jpg,train/labels/download-11-_jpeg.rf.dec5e4f5e73328aca35b37fb2192f705.txt,fennel
train,train/images/image9_jpg.rf.f375091ccdb7db324d5bde6f17aaa2bc.jpg,train/labels/image9_jpg.rf.f375091ccdb7db324d5bde6f17aaa2bc.txt,chickpea
train,train/images/IMG_20230316_124327_1_jpg.rf.14eb5aac2f57429478960a754ff4f819.jpg,train/labels/IMG_20230316_124327_1_jpg.rf.14eb5aac2f57429478960a754ff4f819.txt,
train,train/images/image21_png.rf.d7bbca28127401dae0af73e13ae85863.jpg,train/labels/image21_png.rf.d7bbca28127401dae0af73e13ae85863.txt,chickpea
train,train/images/IMG_20230316_131750_1-1-_jpg.rf.63c1a080edca98bb72b9c3b53740cb85.jpg,train/labels/IMG_20230316_131750_1-1-_jpg.rf.63c1a080edca98bb72b9c3b53740cb85.txt,chickpea
train,train/images/image8_jpg.rf.e80e495f5a5e9bcb083c6351c6bbe6a1.jpg,train/labels/image8_jpg.rf.e80e495f5a5e9bcb083c6351c6bbe6a1.txt,chickpea
train,train/images/image83_png.rf.2ea3c6278e88bd0fe54fd6f2fb31790c.jpg,train/labels/image83_png.rf.2ea3c6278e88bd0fe54fd6f2fb31790c.txt,chickpea
train,train/images/image104_jpg.rf.6db5051998f5a6aa5698ca97a9496f41.jpg,train/labels/image104_jpg.rf.6db5051998f5a6aa5698ca97a9496f41.txt,chickpea
train,train/images/download-10-_jpeg.rf.808408f30769aa7381176b3358b2376f.jpg,train/labels/download-10-_jpeg.rf.808408f30769aa7381176b3358b2376f.txt,mustard seeds
train,train/images/images-4-_jpeg.rf.60cb28815983c258a7c20160e19b1299.jpg,train/labels/images-4-_jpeg.rf.60cb28815983c258a7c20160e19b1299.txt,onion seeds
train,train/images/image45_jpg.rf.4b07a938d8d4ed3b8279db933834ad79.jpg,train/labels/image45_jpg.rf.4b07a938d8d4ed3b8279db933834ad79.txt,
train,train/images/image128_jpg.rf.12583bbaf7f412930c74b53f3119f966.jpg,train/labels/image128_jpg.rf.12583bbaf7f412930c74b53f3119f966.txt,chickpea
train,train/images/download-11-_jpeg.rf.314ad5cb95fba536669817e0c3819662.jpg,train/labels/download-11-_jpeg.rf.314ad5cb95fba536669817e0c3819662.txt,radish seeds
train,train/images/download-12-_jpeg.rf.1aae6763eb3d68c82927f0c311ec18a9.jpg,train/labels/download-12-_jpeg.rf.1aae6763eb3d68c82927f0c311ec18a9.txt,basil seeds
train,train/images/image47_png.rf.8f31cfe4f1c3750b2c94238f4d64b2b6.jpg,train/labels/image47_png.rf.8f31cfe4f1c3750b2c94238f4d64b2b6.txt,chickpea
train,train/images/image_136_png.rf.3ccccb55a27f1963afd1b671e8eb82fb.jpg,train/labels/image_136_png.rf.3ccccb55a27f1963afd1b671e8eb82fb.txt,
train,train/images/chickpea146_jpg.rf.11c4c7325903c2f1f3fb31f52113ce62.jpg,train/labels/chickpea146_jpg.rf.11c4c7325903c2f1f3fb31f52113ce62.txt,chickpea
train,train/images/download-6-_jpeg.rf.49fd73ebc973600f4e352f16d8e3b856.jpg,train/labels/download-6-_jpeg.rf.49fd73ebc973600f4e352f16d8e3b856.txt,onion seeds
train,train/images/Bottle-gourd_round-61-_jpg.rf.8cefdb95cb986d5ee53b8a057f1175e9.jpg,train/labels/Bottle-gourd_round-61-_jpg.rf.8cefdb95cb986d5ee53b8a057f1175e9.txt,
train,train/images/download-2-_jpeg.rf.cf1fccd93e32826afa4233f364f301c4.jpg,train/labels/download-2-_jpeg.rf.cf1fccd93e32826afa4233f364f301c4.txt,potato seeds
train,train/images/images-2-_jpeg.rf.d999799bf5de0d5f5fd462115d17dab1.jpg,train/labels/images-2-_jpeg.rf.d999799bf5de0d5f5fd462115d17dab1.txt,poppy seeds
train,train/images/image89_jpg.rf.6498ea08dcc71060d66131c541422ceb.jpg,train/labels/image89_jpg.rf.6498ea08dcc71060d66131c541422ceb.txt,chickpea
train,train/images/download-5-_jpeg.rf.fbcd9f746bfd8d88a7878f289457fd09.jpg,train/labels/download-5-_jpeg.rf.fbcd9f746bfd8d88a7878f289457fd09.txt,jackfruit
train,train/images/IMG_20230316_132656_1_jpg.rf.f8360b69b23c588390c90ff2dc90a888.jpg,train/labels/IMG_20230316_132656_1_jpg.rf.f8360b69b23c588390c90ff2dc90a888.txt,
train,train/images/image107_jpg.rf.f4cbfb505734417d590dad8278464966.jpg,train/labels/image107_jpg.rf.f4cbfb505734417d590dad8278464966.txt,chickpea
train,train/images/Bottle-gourd_long-83-_jpg.rf.bd2b97963f728bfb8822cee1c9a1c6c9.jpg,train/labels/Bottle-gourd_long-83-_jpg.rf.bd2b97963f728bfb8822cee1c9a1c6c9.txt,
train,train/images/IMG_20230316_154324_jpg.rf.2ef76c46b905f5eec701e2a0cdbac05e.jpg,train/labels/IMG_20230316_154324_jpg.rf.2ef76c46b905f5eec701e2a0cdbac05e.txt,chickpea
train,train/images/Angled-gourd_-79-_jpg.rf.67792f1b527201e4f7561e7c45a6f33b.jpg,train/labels/Angled-gourd_-79-_jpg.rf.67792f1b527201e4f7561e7c45a6f33b.txt,angle-gourd
train,train/images/Pumpkin_-7-_jpg.rf.60d768f8c6afebdf0dd985d157f76c7e.jpg,train/labels/Pumpkin_-7-_jpg.rf.60d768f8c6afebdf0dd985d157f76c7e.txt,pumpkin
train,train/images/Bottle-gourd_long-55-_jpg.rf.a38bf1daf84f23bf1ba4c196f9853871.jpg,train/labels/Bottle-gourd_long-55-_jpg.rf.a38bf1daf84f23bf1ba4c196f9853871.txt,
train,train/images/IMG_20230316_124244_1-1-_jpg.rf.467dbedbc6f62c889c76507eb7a5312a.jpg,train/labels/IMG_20230316_124244_1-1-_jpg.rf.467dbedbc6f62c889c76507eb7a5312a.txt,chickpea
train,train/images/images-1-_jpeg.rf.7392326e60d0e67a6aedea95c085f9ed.jpg,train/labels/images-1-_jpeg.rf.7392326e60d0e67a6aedea95c085f9ed.txt,rice seeds
train,train/images/images-7-_jpeg.rf.3fdf4a6b5b5c421bcaed3562a4f96505.jpg,train/labels/images-7-_jpeg.rf.3fdf4a6b5b5c421bcaed3562a4f96505.txt,onion seeds
train,train/images/Bottle-gourd_round-78-_jpg.rf.a477fb51e893be52901e43a642c1c461.jpg,train/labels/Bottle-gourd_round-78-_jpg.rf.a477fb51e893be52901e43a642c1c461.txt,
train,train/images/IMG_20230316_124919_1-1-_jpg.rf.5cd9cfa86324c20ea355753570744966.jpg,train/labels/IMG_20230316_124919_1-1-_jpg.rf.5cd9cfa86324c20ea355753570744966.txt,chickpea
train,train/images/download-6-_jpeg.rf.37f0dec890beb569bc84bf2efe093061.jpg,train/labels/download-6-_jpeg.rf.37f0dec890beb569bc84bf2efe093061.txt,flax seeds
train,train/images/download-8-_jpeg.rf.dd31a868b9d75f01d2edf02d582123cb.jpg,train/labels/download-8-_jpeg.rf.dd31a868b9d75f01d2edf02d582123cb.txt,radish seeds
train,train/images/image16_jpg.rf.05a41314adf013b77de5c40f2340d11d.jpg,train/labels/image16_jpg.rf.05a41314adf013b77de5c40f2340d11d.txt,chickpea
train,train/images/image9_jpg.rf.4c4fbd7cdf24995eee97434a045098e9.jpg,train/labels/image9_jpg.rf.4c4fbd7cdf24995eee97434a045098e9.txt,
train,train/images/IMG_20230316_150956-1-_jpg.rf.28eaef3dbb6830a5c866591492af9379.jpg,train/labels/IMG_20230316_150956-1-_jpg.rf.28eaef3dbb6830a5c866591492af9379.txt,
train,train/images/download-3-_jpeg.rf.3520b796513f6e43a2856a5bd3fbd601.jpg,train/labels/download-3-_jpeg.rf.3520b796513f6e43a2856a5bd3fbd601.txt,coffee beans
train,train/images/Angled-gourd_-4-_jpg.rf.eb733166e2dd2b8ec9d9cb22cb06227c.jpg,train/labels/Angled-gourd_-4-_jpg.rf.eb733166e2dd2b8ec9d9cb22cb06227c.txt,angle-gourd
train,train/images/chickpea127_jpg.rf.2c6770b48b64944611e19a11dcaaa1ce.jpg,train/labels/chickpea127_jpg.rf.2c6770b48b64944611e19a11dcaaa1ce.txt,chickpea
train,train/images/images-8-_jpeg.rf.381d98ef63c7fb79ae55e95f968d25df.jpg,train/labels/images-8-_jpeg.rf.381d98ef63c7fb79ae55e95f968d25df.txt,garlic seeds
train,train/images/image_140_png.rf.ca97edd1976fc478bb6b432908c852a8.jpg,train/labels/image_140_png.rf.ca97edd1976fc478bb6b432908c852a8.txt,
train,train/images/download-3-_jpeg.rf.6dc6cb001c5dd35b6f8cbcbf5e5b077b.jpg,train/labels/download-3-_jpeg.rf.6dc6cb001c5dd35b6f8cbcbf5e5b077b.txt,split red lentils
train,train/images/images_jpeg.rf.5cdd6cd3f09d64ac8494897afaf6506f.jpg,train/labels/images_jpeg.rf.5cdd6cd3f09d64ac8494897afaf6506f.txt,chia
train,train/images/download-12-_jpeg.rf.b305d6b30dbfef13e949e6c0bc875d3d.jpg,train/labels/download-12-_jpeg.rf.b305d6b30dbfef13e949e6c0bc875d3d.txt,egusi seeds
train,train/images/Wing-bean_-72-_jpg.rf.f3fd29958b4e48800f32a3e84014a41a.jpg,train/labels/Wing-bean_-72-_jpg.rf.f3fd29958b4e48800f32a3e84014a41a.txt,wingbean
train,train/images/IMG_20230316_132558-1-_jpg.rf.d7669f92f3eb03d521afc731e2f9a008.jpg,train/labels/IMG_20230316_132558-1-_jpg.rf.d7669f92f3eb03d521afc731e2f9a008.txt,chickpea
train,train/images/chickpea143_jpg.rf.ded2e01e8ed3e76824dfc456a67b0368.jpg,train/labels/chickpea143_jpg.rf.ded2e01e8ed3e76824dfc456a67b0368.txt,chickpea
train,train/images/download-12-_jpeg.rf.4d829abe803ee106a0f931c04ad54261.jpg,train/labels/download-12-_jpeg.rf.4d829abe803ee106a0f931c04ad54261.txt,radish seeds
train,train/images/image88_png.rf.ba492cdff43c535cd8718da19bc0f8a5.jpg,train/labels/image88_png.rf.ba492cdff43c535cd8718da19bc0f8a5.txt,chickpea
train,train/images/Bottle-gourd_round-91-_jpg.rf.b432d2ce45035424976f37c1caba4942.jpg,train/labels/Bottle-gourd_round-91-_jpg.rf.b432d2ce45035424976f37c1caba4942.txt,bitter-gourd
train,train/images/IMG_20230316_150558-1-_jpg.rf.921772c02fbecc3daa986107e2289f46.jpg,train/labels/IMG_20230316_150558-1-_jpg.rf.921772c02fbecc3daa986107e2289f46.txt,chickpea
train,train/images/image11_png.rf.283eef8597b75adb2374009fcbaee2a1.jpg,train/labels/image11_png.rf.283eef8597b75adb2374009fcbaee2a1.txt,chickpea
train,train/images/download-4-_jpeg.rf.c23152c5d3987c711ebc1d9827fe614f.jpg,train/labels/download-4-_jpeg.rf.c23152c5d3987c711ebc1d9827fe614f.txt,sesame seeds
train,train/images/images_jpeg.rf.967c1370028b4cd9fcd33ea912971253.jpg,train/labels/images_jpeg.rf.967c1370028b4cd9fcd33ea912971253.txt,cucumber seeds
train,train/images/IMG_20230316_151535_jpg.rf.aa8b31098581a7a43159fb4ffbe4f427.jpg,train/labels/IMG_20230316_151535_jpg.rf.aa8b31098581a7a43159fb4ffbe4f427.txt,chickpea
train,train/images/image27_png.rf.65c8f12b0e7693a80700ab6afb2bc233.jpg,train/labels/image27_png.rf.65c8f12b0e7693a80700ab6afb2bc233.txt,chickpea
train,train/images/images-1-_jpeg.rf.e2d29196d6dc3099ca064f29dde22506.jpg,train/labels/images-1-_jpeg.rf.e2d29196d6dc3099ca064f29dde22506.txt,coffee beans
train,train/images/image_133_png.rf.3918764c49647ec1cbf9a340b4da04a2.jpg,train/labels/image_133_png.rf.3918764c49647ec1cbf9a340b4da04a2.txt,
train,train/images/Sugar-pea_-60-_jpg.rf.d36fc8f664d1b3fdedae446509bc1df3.jpg,train/labels/Sugar-pea_-60-_jpg.rf.d36fc8f664d1b3fdedae446509bc1df3.txt,sugar-pea
train,train/images/IMG_20230316_124756_1-1-_jpg.rf.9cc02917ea72d3ea150ee1881226aa0a.jpg,train/labels/IMG_20230316_124756_1-1-_jpg.rf.9cc02917ea72d3ea150ee1881226aa0a.txt,chickpea
train,train/images/Pumpkin_-99-_jpg.rf.9f3defc9bc625bfd93621714af92cfe2.jpg,train/labels/Pumpkin_-99-_jpg.rf.9f3defc9bc625bfd93621714af92cfe2.txt,pumpkin
train,train/images/image_132_png.rf.b15387bc08cf946a7fcbb590205a594e.jpg,train/labels/image_132_png.rf.b15387bc08cf946a7fcbb590205a594e.txt,chickpea
train,train/images/Yardlong-bean_-75-_jpg.rf.c9cad877a202c3a3e4e667a95dec405a.jpg,train/labels/Yardlong-bean_-75-_jpg.rf.c9cad877a202c3a3e4e667a95dec405a.txt,yardlong-bean
train,train/images/image55_png.rf.7c95d2f681bc1612c14a2d276d180eb6.jpg,train/labels/image55_png.rf.7c95d2f681bc1612c14a2d276d180eb6.txt,chickpea
train,train/images/Bottle-gourd_long-45-_jpg.rf.e1e2c64c4dc124cb7b7c92c06af92184.jpg,train/labels/Bottle-gourd_long-45-_jpg.rf.e1e2c64c4dc124cb7b7c92c06af92184.txt,bitter-gourd
train,train/images/image_127_png.rf.82955f17c966208b1986dceee453e055.jpg,train/labels/image_127_png.rf.82955f17c966208b1986dceee453e055.txt,
train,train/images/images-7-_jpeg.rf.970d73ead3ca2a5f3cb4ec811a63b1b4.jpg,train/labels/images-7-_jpeg.rf.970d73ead3ca2a5f3cb4ec811a63b1b4.txt,beetroot seed
train,train/images/image138_jpg.rf.2971ff63af49078a1fb731137540ee2f.jpg,train/labels/image138_jpg.rf.2971ff63af49078a1fb731137540ee2f.txt,chickpea
train,train/images/download-7-_jpeg.rf.a9e809e1502b3a4bb1fd9885d96a7137.jpg,train/labels/download-7-_jpeg.rf.a9e809e1502b3a4bb1fd9885d96a7137.txt,coffee beans
train,train/images/download-4-_jpeg.rf.84aeb5e7e1126fda3efe38549a2abe7b.jpg,train/labels/download-4-_jpeg.rf.84aeb5e7e1126fda3efe38549a2abe7b.txt,beetroot seed
train,train/images/Bottle-gourd_long-58-_jpg.rf.446572c99729533c5129eabb7dab3ffe.jpg,train/labels/Bottle-gourd_long-58-_jpg.rf.446572c99729533c5129eabb7dab3ffe.txt,
train,train/images/download-2-_jpeg.rf.4604efe1457530bddd99418cd91032a1.jpg,train/labels/download-2-_jpeg.rf.4604efe1457530bddd99418cd91032a1.txt,cucumber seeds
train,train/images/Pumpkin_-55-_jpg.rf.363d021144268c77e91da82fa55dd3a4.jpg,train/labels/Pumpkin_-55-_jpg.rf.363d021144268c77e91da82fa55dd3a4.txt,pumpkin
train,train/images/download-2-_jpeg.rf.1b30d242fd41c21649b2992888cc69a0.jpg,train/labels/download-2-_jpeg.rf.1b30d242fd41c21649b2992888cc69a0.txt,fennel
train,train/images/IMG_20230316_154059_1_jpg.rf.742d6623e998275d4a6871a5da83de75.jpg,train/labels/IMG_20230316_154059_1_jpg.rf.742d6623e998275d4a6871a5da83de75.txt,chickpea
train,train/images/download-4-_jpeg.rf.1b212fddb5ae6b3e07555c9da481e306.jpg,train/labels/download-4-_jpeg.rf.1b212fddb5ae6b3e07555c9da481e306.txt,egusi seeds
train,train/images/chickpea120_jpg.rf.a22275d13e11f979a35dc6486d28e5d5.jpg,train/labels/chickpea120_jpg.rf.a22275d13e11f979a35dc6486d28e5d5.txt,chickpea
train,train/images/image22_jpg.rf.4e002b5d514bda6e7523dbc98233b74d.jpg,train/labels/image22_jpg.rf.4e002b5d514bda6e7523dbc98233b74d.txt,chickpea
train,train/images/Angled-gourd_-96-_jpg.rf.a6969ae9895285e4942641a99685289c.jpg,train/labels/Angled-gourd_-96-_jpg.rf.a6969ae9895285e4942641a99685289c.txt,bitter-gourd
train,train/images/Pumpkin_-85-_jpg.rf.1b954ccb4ea7da6f1c7beaad0baad7b3.jpg,train/labels/Pumpkin_-85-_jpg.rf.1b954ccb4ea7da6f1c7beaad0baad7b3.txt,pumpkin
train,train/images/chickpea15_jpg.rf.9d9c3c603c1ac0a6f4b27816e9466e17.jpg,train/labels/chickpea15_jpg.rf.9d9c3c603c1ac0a6f4b27816e9466e17.txt,chickpea
train,train/images/download-3-_jpeg.rf.9b35de025758514fbde98804809a5fcf.jpg,train/labels/download-3-_jpeg.rf.9b35de025758514fbde98804809a5fcf.txt,sesame seeds
train,train/images/Yardlong-bean_-89-_jpg.rf.4c172b9deda57739773c580d2a1e9db6.jpg,train/labels/Yardlong-bean_-89-_jpg.rf.4c172b9deda57739773c580d2a1e9db6.txt,yardlong-bean
train,train/images/download-3-_jpeg.rf.f76a03e4421ce6a6cb2ae3b05e9ec4d1.jpg,train/labels/download-3-_jpeg.rf.f76a03e4421ce6a6cb2ae3b05e9ec4d1.txt,potato seeds
train,train/images/download-2-_jpeg.rf.f897291a36f152f9555514934254e71c.jpg,train/labels/download-2-_jpeg.rf.f897291a36f152f9555514934254e71c.txt,peanut seeds
train,train/images/IMG_20230316_124919_1-4-_jpg.rf.6acc5b4d167e0c8d71eaa1c4750cf919.jpg,train/labels/IMG_20230316_124919_1-4-_jpg.rf.6acc5b4d167e0c8d71eaa1c4750cf919.txt,
train,train/images/download-13-_jpeg.rf.d13523d6f7aed348558811fc12ec6743.jpg,train/labels/download-13-_jpeg.rf.d13523d6f7aed348558811fc12ec6743.txt,cucumber seeds
train,train/images/images-8-_jpeg.rf.944d5017779bf1ae631fe7a706f998ee.jpg,train/labels/images-8-_jpeg.rf.944d5017779bf1ae631fe7a706f998ee.txt,watermelon seeds
train,train/images/image101_png.rf.0890a49b4ba3c801319cfa62526b6892.jpg,train/labels/image101_png.rf.0890a49b4ba3c801319cfa62526b6892.txt,chickpea
train,train/images/download-9-_jpeg.rf.3ad2837caeda2ab2d8e9ae44b01816e7.jpg,train/labels/download-9-_jpeg.rf.3ad2837caeda2ab2d8e9ae44b01816e7.txt,coffee beans
train,train/images/Bottle-gourd_round-93-_jpg.rf.2f803ec9ee088c684c2a17eadfe35c74.jpg,train/labels/Bottle-gourd_round-93-_jpg.rf.2f803ec9ee088c684c2a17eadfe35c74.txt,bitter-gourd
train,train/images/Wing-bean_-54-_jpg.rf.bee1efaddaa26d342274e1cd9faa31b3.jpg,train/labels/Wing-bean_-54-_jpg.rf.bee1efaddaa26d342274e1cd9faa31b3.txt,wingbean
train,train/images/Muskmelon_-81-_jpg.rf.2b7b86eea4744a4d1d4f86597e41b5c2.jpg,train/labels/Muskmelon_-81-_jpg.rf.2b7b86eea4744a4d1d4f86597e41b5c2.txt,muskmelon
train,train/images/image57_png.rf.b79b09da17778dd2739181b91f2df0eb.jpg,train/labels/image57_png.rf.b79b09da17778dd2739181b91f2df0eb.txt,chickpea
train,train/images/images-4-_jpeg.rf.e30efba115784726e5b3bf6fb3e8252f.jpg,train/labels/images-4-_jpeg.rf.e30efba115784726e5b3bf6fb3e8252f.txt,oats seeds
train,train/images/image_175_png.rf.5ba7bdcc28b36da7ea33916a00041323.jpg,train/labels/image_175_png.rf.5ba7bdcc28b36da7ea33916a00041323.txt,chickpea
train,train/images/images-10-_jpeg.rf.50bf3fc66e43035a5ed304808f40b325.jpg,train/labels/images-10-_jpeg.rf.50bf3fc66e43035a5ed304808f40b325.txt,hemp seeds
train,train/images/image60_jpg.rf.2cccda8e42cf91edc9502f395001c8e1.jpg,train/labels/image60_jpg.rf.2cccda8e42cf91edc9502f395001c8e1.txt,
train,train/images/image_113_png.rf.05f106744f315e9c84dd016597f5aff9.jpg,train/labels/image_113_png.rf.05f106744f315e9c84dd016597f5aff9.txt,
train,train/images/image94_png.rf.54274496b7c0e99d3c998b72d8c98c29.jpg,train/labels/image94_png.rf.54274496b7c0e99d3c998b72d8c98c29.txt,chickpea
train,train/images/chickpea20_jpg.rf.8efd34f4b3d52ea36b138f3b010d5413.jpg,train/labels/chickpea20_jpg.rf.8efd34f4b3d52ea36b138f3b010d5413.txt,chickpea
train,train/images/IMG_20230316_150632_1_jpg.rf.f0f9700e0fa725f636c23e1e7040b0dc.jpg,train/labels/IMG_20230316_150632_1_jpg.rf.f0f9700e0fa725f636c23e1e7040b0dc.txt,chickpea
train,train/images/image14_jpg.rf.6a5f5d5412fb5e467bd9ef49f3e6b237.jpg,train/labels/image14_jpg.rf.6a5f5d5412fb5e467bd9ef49f3e6b237.txt,chickpea
train,train/images/download_jpeg.rf.b62aca00069bcac20f5b80d8e189e722.jpg,train/labels/download_jpeg.rf.b62aca00069bcac20f5b80d8e189e722.txt,nigella seeds
train,train/images/images-4-_jpeg.rf.608813198978e09a705a66b04eab27f4.jpg,train/labels/images-4-_jpeg.rf.608813198978e09a705a66b04eab27f4.txt,flax seeds
train,train/images/Bottle-gourd_round-86-_jpg.rf.8e9368616f6c6dad9385ddbafabb667f.jpg,train/labels/Bottle-gourd_round-86-_jpg.rf.8e9368616f6c6dad9385ddbafabb667f.txt,
train,train/images/image21_jpg.rf.4daa7a4deeafe33edbdae85ba5bb9632.jpg,train/labels/image21_jpg.rf.4daa7a4deeafe33edbdae85ba5bb9632.txt,
train,train/images/download-10-_jpeg.rf.94243add39bfe8a159efdd5b732472e1.jpg,train/labels/download-10-_jpeg.rf.94243add39bfe8a159efdd5b732472e1.txt,flax seeds
train,train/images/images_jpeg.rf.53e79d593712ce3bc37b26e29dbbe89a.jpg,train/labels/images_jpeg.rf.53e79d593712ce3bc37b26e29dbbe89a.txt,garlic seeds
train,train/images/Muskmelon_-98-_jpg.rf.f8913556619c92afefaebb6dfb94e7b2.jpg,train/labels/Muskmelon_-98-_jpg.rf.f8913556619c92afefaebb6dfb94e7b2.txt,muskmelon
train,train/images/images-9-_jpeg.rf.16e5f19be83d04f373580cccf4dd6553.jpg,train/labels/images-9-_jpeg.rf.16e5f19be83d04f373580cccf4dd6553.txt,rice seeds
train,train/images/chickpea199_jpg.rf.553fd2d59a0feeeb2fefeb3774c53ad8.jpg,train/labels/chickpea199_jpg.rf.553fd2d59a0feeeb2fefeb3774c53ad8.txt,chickpea
train,train/images/images-9-_jpeg.rf.c055e73c1d1b37cc6793cfc6d1e88e1d.jpg,train/labels/images-9-_jpeg.rf.c055e73c1d1b37cc6793cfc6d1e88e1d.txt,grape seeds
train,train/images/images-1-_jpeg.rf.09da29107c435c5421b81c19a279ffc8.jpg,train/labels/images-1-_jpeg.rf.09da29107c435c5421b81c19a279ffc8.txt,fennel
train,train/images/download-1-_jpeg.rf.087d67ee13ae8585e7878f95fa00c488.jpg,train/labels/download-1-_jpeg.rf.087d67ee13ae8585e7878f95fa00c488.txt,poppy seeds
train,train/images/image_131_png.rf.920c460f8d201aa410a1b5718b6c496d.jpg,train/labels/image_131_png.rf.920c460f8d201aa410a1b5718b6c496d.txt,chickpea
train,train/images/chickpea137_jpg.rf.65a6a29c89164faa15a9c1d1124d7d7c.jpg,train/labels/chickpea137_jpg.rf.65a6a29c89164faa15a9c1d1124d7d7c.txt,chickpea
train,train/images/image21_jpg.rf.962a9246723bedf3e365ed233cfbb065.jpg,train/labels/image21_jpg.rf.962a9246723bedf3e365ed233cfbb065.txt,chickpea
train,train/images/images-7-_jpeg.rf.cc05f7dd3fe0fa16792d4d521a3ede56.jpg,train/labels/images-7-_jpeg.rf.cc05f7dd3fe0fa16792d4d521a3ede56.txt,chia
train,train/images/image_179_png.rf.77e827e6210b64968cedbafd0960aaa0.jpg,train/labels/image_179_png.rf.77e827e6210b64968cedbafd0960aaa0.txt,chickpea
train,train/images/images-2-_jpeg.rf.0c375eb05ad694d185f8362116c3186a.jpg,train/labels/images-2-_jpeg.rf.0c375eb05ad694d185f8362116c3186a.txt,watermelon seeds
train,train/images/IMG_20230316_124756_1_jpg.rf.828edc817eb9dfd3e2e3d1234db66802.jpg,train/labels/IMG_20230316_124756_1_jpg.rf.828edc817eb9dfd3e2e3d1234db66802.txt,
train,train/images/image151_jpg.rf.23263f825e03393f4bc22a2f2bfd5d13.jpg,train/labels/image151_jpg.rf.23263f825e03393f4bc22a2f2bfd5d13.txt,chickpea
train,train/images/image42_jpg.rf.2061e281fb57afb422ebd06645f9f969.jpg,train/labels/image42_jpg.rf.2061e281fb57afb422ebd06645f9f969.txt,
train,train/images/image49_png.rf.4cb909ae234327ef4cd74eab88592a5c.jpg,train/labels/image49_png.rf.4cb909ae234327ef4cd74eab88592a5c.txt,chickpea
train,train/images/download-12-_jpeg.rf.63c25dec76a7e252771f5ca85e88a6d4.jpg,train/labels/download-12-_jpeg.rf.63c25dec76a7e252771f5ca85e88a6d4.txt,oats seeds
train,train/images/chickpea144_jpg.rf.da3fb163ebbd923a18be14ef1db4398a.jpg,train/labels/chickpea144_jpg.rf.da3fb163ebbd923a18be14ef1db4398a.txt,chickpea
train,train/images/images-5-_jpeg.rf.768d0652b1c2426d1ef1e4ebe0820e3e.jpg,train/labels/images-5-_jpeg.rf.768d0652b1c2426d1ef1e4ebe0820e3e.txt,split red lentils
train,train/images/Yardlong-bean_-59-_jpg.rf.01625ad7a03f56ee4194f668beb2cb8a.jpg,train/labels/Yardlong-bean_-59-_jpg.rf.01625ad7a03f56ee4194f668beb2cb8a.txt,yardlong-bean
train,train/images/Yardlong-bean_-36-_jpg.rf.2c54e4f1b3f07a0e9668ee9271f67e12.jpg,train/labels/Yardlong-bean_-36-_jpg.rf.2c54e4f1b3f07a0e9668ee9271f67e12.txt,yardlong-bean
train,train/images/images-8-_jpeg.rf.010f8c8fc1667e258b78e845b6ef276c.jpg,train/labels/images-8-_jpeg.rf.010f8c8fc1667e258b78e845b6ef276c.txt,nigella seeds
train,train/images/download-9-_jpeg.rf.4abf6316ad8becddf7e51bc6a8f5dc69.jpg,train/labels/download-9-_jpeg.rf.4abf6316ad8becddf7e51bc6a8f5dc69.txt,jackfruit
train,train/images/Angled-gourd_-56-_jpg.rf.e1c751550126981303466b8a231771e8.jpg,train/labels/Angled-gourd_-56-_jpg.rf.e1c751550126981303466b8a231771e8.txt,angle-gourd
train,train/images/image59_png.rf.68e588a691c9fd2abff1717d104ce70d.jpg,train/labels/image59_png.rf.68e588a691c9fd2abff1717d104ce70d.txt,chickpea
train,train/images/download-2-_jpeg.rf.67a3f8d45bbcf84a81c648a30cf8e7ec.jpg,train/labels/download-2-_jpeg.rf.67a3f8d45bbcf84a81c648a30cf8e7ec.txt,jackfruit
train,train/images/images-5-_jpeg.rf.4db3b817f55cf474b7eacc8b1584b98f.jpg,train/labels/images-5-_jpeg.rf.4db3b817f55cf474b7eacc8b1584b98f.txt,potato seeds
train,train/images/IMG_20230316_124743_1_jpg.rf.f35562f69fc3a043d57802cb4a417adf.jpg,train/labels/IMG_20230316_124743_1_jpg.rf.f35562f69fc3a043d57802cb4a417adf.txt,
train,train/images/images-2-_jpeg.rf.2546a3c4b3cbc2bd84d6bd878a58b280.jpg,train/labels/images-2-_jpeg.rf.2546a3c4b3cbc2bd84d6bd878a58b280.txt,oats seeds
train,train/images/chickpea95_jpg.rf.132bb46c0844f417558a847f85a24030.jpg,train/labels/chickpea95_jpg.rf.132bb46c0844f417558a847f85a24030.txt,chickpea
train,train/images/download-5-_jpeg.rf.8f96503132e628ad3861c2700e4fe6eb.jpg,train/labels/download-5-_jpeg.rf.8f96503132e628ad3861c2700e4fe6eb.txt,pinenut seeds
train,train/images/download-12-_jpeg.rf.01f2cdbc200400bc2f0a1e390406a1b9.jpg,train/labels/download-12-_jpeg.rf.01f2cdbc200400bc2f0a1e390406a1b9.txt,jackfruit
train,train/images/chickpea114_jpg.rf.c81a9a454ea51cb66feed9ab6512ee72.jpg,train/labels/chickpea114_jpg.rf.c81a9a454ea51cb66feed9ab6512ee72.txt,chickpea
train,train/images/images-6-_jpeg.rf.1f5d6d300252127b503465a0bac4d628.jpg,train/labels/images-6-_jpeg.rf.1f5d6d300252127b503465a0bac4d628.txt,grape seeds
train,train/images/IMG_20230316_125933_jpg.rf.86d4f950500d22f36c910eef216f0abc.jpg,train/labels/IMG_20230316_125933_jpg.rf.86d4f950500d22f36c910eef216f0abc.txt,chickpea
train,train/images/IMG_20230316_151230_1-1-_jpg.rf.24b10ce16f78ef66a59c11930cdb1224.jpg,train/labels/IMG_20230316_151230_1-1-_jpg.rf.24b10ce16f78ef66a59c11930cdb1224.txt,
train,train/images/image28_jpg.rf.399e6b8c9feab2fc16d3d4726bbc0620.jpg,train/labels/image28_jpg.rf.399e6b8c9feab2fc16d3d4726bbc0620.txt,
train,train/images/download-4-_jpeg.rf.a4deb9b3d516ba7f4a0196b807d29635.jpg,train/labels/download-4-_jpeg.rf.a4deb9b3d516ba7f4a0196b807d29635.txt,radish seeds
train,train/images/chickpea200_jpg.rf.63566d1faf0e3677ebe9d6aa5c237f6b.jpg,train/labels/chickpea200_jpg.rf.63566d1faf0e3677ebe9d6aa5c237f6b.txt,chickpea
train,train/images/image139_jpg.rf.9e9999b7ad345ad80a4c13d3bdfa04da.jpg,train/labels/image139_jpg.rf.9e9999b7ad345ad80a4c13d3bdfa04da.txt,
train,train/images/images-6-_jpeg.rf.f0ac8d8e46760b6dbea85ddf3ce3d283.jpg,train/labels/images-6-_jpeg.rf.f0ac8d8e46760b6dbea85ddf3ce3d283.txt,basil seeds
train,train/images/Angled-gourd_-49-_jpg.rf.be05dbf723538f6cfca716bc0d252bdf.jpg,train/labels/Angled-gourd_-49-_jpg.rf.be05dbf723538f6cfca716bc0d252bdf.txt,angle-gourd
train,train/images/IMG_20230316_150956_jpg.rf.f14e3a6c3a2378dce9117a4ce2f103a3.jpg,train/labels/IMG_20230316_150956_jpg.rf.f14e3a6c3a2378dce9117a4ce2f103a3.txt,chickpea
train,train/images/download-1-_jpeg.rf.0ca5dd93173b1e3d047e7602d40eb6fb.jpg,train/labels/download-1-_jpeg.rf.0ca5dd93173b1e3d047e7602d40eb6fb.txt,cabbage
train,train/images/image_162_png.rf.0f8e5f304619b58d6b0762001f4d72cb.jpg,train/labels/image_162_png.rf.0f8e5f304619b58d6b0762001f4d72cb.txt,chickpea
train,train/images/download-4-_jpeg.rf.11945bec7ea9b44beae91283109a0ab2.jpg,train/labels/download-4-_jpeg.rf.11945bec7ea9b44beae91283109a0ab2.txt,split red lentils
train,train/images/image22_jpg.rf.0d4578af8eba650c5950d772bd621d97.jpg,train/labels/image22_jpg.rf.0d4578af8eba650c5950d772bd621d97.txt,
train,train/images/image_139_png.rf.bfd1b84fed987f5d9504ffe6261358e5.jpg,train/labels/image_139_png.rf.bfd1b84fed987f5d9504ffe6261358e5.txt,
train,train/images/image31_jpg.rf.14f71076488b4b2f5caaf5bea71a60b9.jpg,train/labels/image31_jpg.rf.14f71076488b4b2f5caaf5bea71a60b9.txt,chickpea
train,train/images/download_jpeg.rf.f7e79fc42bbe2c11e1a539170239ebc1.jpg,train/labels/download_jpeg.rf.f7e79fc42bbe2c11e1a539170239ebc1.txt,grape seeds
train,train/images/image_131_png.rf.9922b7b01eecef341f6b6f48b007ff3f.jpg,train/labels/image_131_png.rf.9922b7b01eecef341f6b6f48b007ff3f.txt,chickpea
train,train/images/download-9-_jpeg.rf.2c639f6240be5f63e7a82ed2c6e9060e.jpg,train/labels/download-9-_jpeg.rf.2c639f6240be5f63e7a82ed2c6e9060e.txt,radish seeds
train,train/images/Muskmelon_-55-_jpg.rf.1195a3ddcfb577598a42f2be5cfb3521.jpg,train/labels/Muskmelon_-55-_jpg.rf.1195a3ddcfb577598a42f2be5cfb3521.txt,"muskmelon,pumpkin"
train,train/images/Bottle-gourd_round-48-_jpg.rf.b2c93062aa6e0368ad5761d5b41429dd.jpg,train/labels/Bottle-gourd_round-48-_jpg.rf.b2c93062aa6e0368ad5761d5b41429dd.txt,
train,train/images/download-9-_jpeg.rf.ed57255be9345c2c5b7972077cb3315c.jpg,train/labels/download-9-_jpeg.rf.ed57255be9345c2c5b7972077cb3315c.txt,garlic seeds
train,train/images/image76_png.rf.ec400845a6115ce75dad3db3ff7c9380.jpg,train/labels/image76_png.rf.ec400845a6115ce75dad3db3ff7c9380.txt,chickpea
train,train/images/image_121_png.rf.551bf287be60faef5b57f2aec80f639e.jpg,train/labels/image_121_png.rf.551bf287be60faef5b57f2aec80f639e.txt,
train,train/images/IMG_20230316_150632_1_jpg.rf.e09af220207fcd1011b8504ce9603178.jpg,train/labels/IMG_20230316_150632_1_jpg.rf.e09af220207fcd1011b8504ce9603178.txt,chickpea
train,train/images/download-15-_jpeg.rf.8bcfe30db38870b5989fa90f4b08ef8c.jpg,train/labels/download-15-_jpeg.rf.8bcfe30db38870b5989fa90f4b08ef8c.txt,jackfruit
train,train/images/chickpea136_jpg.rf.aac007dfb5936238ecd46ef0d3333d64.jpg,train/labels/chickpea136_jpg.rf.aac007dfb5936238ecd46ef0d3333d64.txt,chickpea
train,train/images/image36_png.rf.56d31fd758d4b78ddc018eb943da88e4.jpg,train/labels/image36_png.rf.56d31fd758d4b78ddc018eb943da88e4.txt,chickpea
train,train/images/image3_png.rf.cab53cd3e722b20a1ff0c533d2592725.jpg,train/labels/image3_png.rf.cab53cd3e722b20a1ff0c533d2592725.txt,chickpea
train,train/images/chickpea140_jpg.rf.2c29c2b0aaa0faeaf4a637a22c4a44d3.jpg,train/labels/chickpea140_jpg.rf.2c29c2b0aaa0faeaf4a637a22c4a44d3.txt,chickpea
train,train/images/chickpea190_jpg.rf.9f8ea31819e7a0a6e813a0f3a1c3ab09.jpg,train/labels/chickpea190_jpg.rf.9f8ea31819e7a0a6e813a0f3a1c3ab09.txt,chickpea
train,train/images/image_122_png.rf.0c299ea46bbc18b04e699de56d5898ca.jpg,train/labels/image_122_png.rf.0c299ea46bbc18b04e699de56d5898ca.txt,
train,train/images/image58_png.rf.39814113084738cc81f6804d87850b47.jpg,train/labels/image58_png.rf.39814113084738cc81f6804d87850b47.txt,chickpea
train,train/images/images_jpeg.rf.12c7be3139574badbdd68d7650c7484d.jpg,train/labels/images_jpeg.rf.12c7be3139574badbdd68d7650c7484d.txt,radish seeds
train,train/images/image6_png.rf.73e0cac02e7d13e303e5ac3dcdfc2607.jpg,train/labels/image6_png.rf.73e0cac02e7d13e303e5ac3dcdfc2607.txt,chickpea
train,train/images/images_jpeg.rf.f6208f4f0ea1aa121f0b8345caec07cf.jpg,train/labels/images_jpeg.rf.f6208f4f0ea1aa121f0b8345caec07cf.txt,mint seeds
train,train/images/image22_jpg.rf.d975a8d194f0492cdf81dd830fa9709a.jpg,train/labels/image22_jpg.rf.d975a8d194f0492cdf81dd830fa9709a.txt,
train,train/images/image_119_png.rf.96a0b7516b3e8fb2bca382e38612e714.jpg,train/labels/image_119_png.rf.96a0b7516b3e8fb2bca382e38612e714.txt,
train,train/images/chickpea93_jpg.rf.b3276df98f2bbca580b534e6069cba8a.jpg,train/labels/chickpea93_jpg.rf.b3276df98f2bbca580b534e6069cba8a.txt,chickpea
train,train/images/images_jpeg.rf.8bfe158a7bec85d502e252a7f27ab9ab.jpg,train/labels/images_jpeg.rf.8bfe158a7bec85d502e252a7f27ab9ab.txt,mustard seeds
train,train/images/download-2-_jpeg.rf.27712adedbe10476d20e04db9e46b3ff.jpg,train/labels/download-2-_jpeg.rf.27712adedbe10476d20e04db9e46b3ff.txt,pinenut seeds
train,train/images/download-3-_jpeg.rf.2ba908d2fdae840da1cfd010029d5c1c.jpg,train/labels/download-3-_jpeg.rf.2ba908d2fdae840da1cfd010029d5c1c.txt,flax seeds
train,train/images/image55_jpg.rf.ac9fd32becf445d878da61f06c854c00.jpg,train/labels/image55_jpg.rf.ac9fd32becf445d878da61f06c854c00.txt,chickpea
train,train/images/image86_png.rf.79fc893ba4d20c64d7344968f5d624d4.jpg,train/labels/image86_png.rf.79fc893ba4d20c64d7344968f5d624d4.txt,chickpea
train,train/images/images-9-_jpeg.rf.e772069de7697bbc75b2462e576003ba.jpg,train/labels/images-9-_jpeg.rf.e772069de7697bbc75b2462e576003ba.txt,potato seeds
train,train/images/image41_jpg.rf.02a3518213ea427f3a3d0828e0c4a615.jpg,train/labels/image41_jpg.rf.02a3518213ea427f3a3d0828e0c4a615.txt,chickpea
train,train/images/download_jpeg.rf.fd79962cdefc33665d1e550bee201000.jpg,train/labels/download_jpeg.rf.fd79962cdefc33665d1e550bee201000.txt,basil seeds
train,train/images/download-6-_jpeg.rf.079b71dd0d9c5de542d4bef30541ed84.jpg,train/labels/download-6-_jpeg.rf.079b71dd0d9c5de542d4bef30541ed84.txt,rice seeds
train,train/images/Angled-gourd_-40-_jpg.rf.6debff24749ea682ff93e56066ac9f23.jpg,train/labels/Angled-gourd_-40-_jpg.rf.6debff24749ea682ff93e56066ac9f23.txt,angle-gourd
train,train/images/images-5-_jpeg.rf.c69728b4cd5d5309af5a2a896a5211dd.jpg,train/labels/images-5-_jpeg.rf.c69728b4cd5d5309af5a2a896a5211dd.txt,mustard seeds
train,train/images/images-4-_jpeg.rf.4fd896061db9de9de3d311e848f87810.jpg,train/labels/images-4-_jpeg.rf.4fd896061db9de9de3d311e848f87810.txt,lotus seeds
train,train/images/image72_png.rf.192847148a9b0bec041473d125f70d15.jpg,train/labels/image72_png.rf.192847148a9b0bec041473d125f70d15.txt,chickpea
train,train/images/Waxgourd_-40-_jpg.rf.bd94552faedfc5f27cc970964442c9b4.jpg,train/labels/Waxgourd_-40-_jpg.rf.bd94552faedfc5f27cc970964442c9b4.txt,waxgourd
train,train/images/download-7-_jpeg.rf.1ee2d705626c5bbd22a3278d35de1581.jpg,train/labels/download-7-_jpeg.rf.1ee2d705626c5bbd22a3278d35de1581.txt,radish seeds
train,train/images/chickpea109_jpg.rf.d9cee6a1f44edab7a38547fba5ad0748.jpg,train/labels/chickpea109_jpg.rf.d9cee6a1f44edab7a38547fba5ad0748.txt,chickpea
train,train/images/image41_jpg.rf.10137f2d92f178d04e5c7817b5645785.jpg,train/labels/image41_jpg.rf.10137f2d92f178d04e5c7817b5645785.txt,
train,train/images/download-3-_jpeg.rf.34e8afaaff9756fdbc8ab0ab09c67e5a.jpg,train/labels/download-3-_jpeg.rf.34e8afaaff9756fdbc8ab0ab09c67e5a.txt,hemp seeds
train,train/images/IMG_20230316_125144_1_jpg.rf.abc24e3dcadd404921d5e95df5c21710.jpg,train/labels/IMG_20230316_125144_1_jpg.rf.abc24e3dcadd404921d5e95df5c21710.txt,
train,train/images/download-4-_jpeg.rf.bc9842407a4d534db52717c8ece67479.jpg,train/labels/download-4-_jpeg.rf.bc9842407a4d534db52717c8ece67479.txt,cabbage
train,train/images/images-6-_jpeg.rf.15663dc418f82bbf6bb0bbfb0769d1ec.jpg,train/labels/images-6-_jpeg.rf.15663dc418f82bbf6bb0bbfb0769d1ec.txt,mustard seeds
train,train/images/image23_png.rf.d23a725fa7c464cb61988e831a01d646.jpg,train/labels/image23_png.rf.d23a725fa7c464cb61988e831a01d646.txt,chickpea
train,train/images/images-4-_jpeg.rf.ed5e80864e22b860f2007e3fedae373f.jpg,train/labels/images-4-_jpeg.rf.ed5e80864e22b860f2007e3fedae373f.txt,sesame seeds
train,train/images/IMG_20230316_125807_1_jpg.rf.1784a4e828ff57d83c29892481277921.jpg,train/labels/IMG_20230316_125807_1_jpg.rf.1784a4e828ff57d83c29892481277921.txt,chickpea
train,train/images/download-4-_jpeg.rf.fd13b2144b5ae339ea8a16de4126528f.jpg,train/labels/download-4-_jpeg.rf.fd13b2144b5ae339ea8a16de4126528f.txt,lotus seeds
train,train/images/IMG_20230316_132450_jpg.rf.09ea6d199d201c503b7ff5fff34175c7.jpg,train/labels/IMG_20230316_132450_jpg.rf.09ea6d199d201c503b7ff5fff34175c7.txt,chickpea
train,train/images/Pumpkin_-83-_jpg.rf.759000e617a6dbe98098466a962aca0b.jpg,train/labels/Pumpkin_-83-_jpg.rf.759000e617a6dbe98098466a962aca0b.txt,pumpkin
train,train/images/download-4-_jpeg.rf.3a7c6ac7fe3cd6754a6578f2eccc04fa.jpg,train/labels/download-4-_jpeg.rf.3a7c6ac7fe3cd6754a6578f2eccc04fa.txt,garlic seeds
train,train/images/Muskmelon_-94-_jpg.rf.7742e43670af27b2b7d3df1ce0245a2e.jpg,train/labels/Muskmelon_-94-_jpg.rf.7742e43670af27b2b7d3df1ce0245a2e.txt,muskmelon
train,train/images/IMG_20230316_150959_1_jpg.rf.a921ee4cf23dccdc8972aa775acece99.jpg,train/labels/IMG_20230316_150959_1_jpg.rf.a921ee4cf23dccdc8972aa775acece99.txt,chickpea
train,train/images/Yardlong-bean_-44-_jpg.rf.4483199bcdc82176aa67ce8928abb764.jpg,train/labels/Yardlong-bean_-44-_jpg.rf.4483199bcdc82176aa67ce8928abb764.txt,yardlong-bean
train,train/images/Sugar-pea_-72-_jpg.rf.27e1e5b813545adac68b02b8fbdc70a4.jpg,train/labels/Sugar-pea_-72-_jpg.rf.27e1e5b813545adac68b02b8fbdc70a4.txt,sugar-pea
train,train/images/IMG_20230316_130131_1_jpg.rf.3af0467fef3b5ab46df0df42959a5959.jpg,train/labels/IMG_20230316_130131_1_jpg.rf.3af0467fef3b5ab46df0df42959a5959.txt,chickpea
train,train/images/images_jpeg.rf.959f48ac7ac0aeff30d53d671ce4ef22.jpg,train/labels/images_jpeg.rf.959f48ac7ac0aeff30d53d671ce4ef22.txt,brown bean
train,train/images/image50_png.rf.80c922413370c580d917a6bb4ff60aff.jpg,train/labels/image50_png.rf.80c922413370c580d917a6bb4ff60aff.txt,chickpea
train,train/images/download-7-_jpeg.rf.76f116cab9ff58c694d83cef81b7d621.jpg,train/labels/download-7-_jpeg.rf.76f116cab9ff58c694d83cef81b7d621.txt,lotus seeds
train,train/images/download-9-_jpeg.rf.f4fdebcafe75f895e66a3ff63fd935b1.jpg,train/labels/download-9-_jpeg.rf.f4fdebcafe75f895e66a3ff63fd935b1.txt,oats seeds
train,train/images/chickpea203_jpg.rf.4e09d5e37d7195facdab0507ad00ae4d.jpg,train/labels/chickpea203_jpg.rf.4e09d5e37d7195facdab0507ad00ae4d.txt,chickpea
train,train/images/download-5-_jpeg.rf.fb8dbf75e9d60bd5cc9dc4174fe786f6.jpg,train/labels/download-5-_jpeg.rf.fb8dbf75e9d60bd5cc9dc4174fe786f6.txt,oats seeds
train,train/images/images-3-_jpeg.rf.d5101d7d67ec58f494cb05f77c4fb822.jpg,train/labels/images-3-_jpeg.rf.d5101d7d67ec58f494cb05f77c4fb822.txt,peanut seeds
train,train/images/Angled-gourd_-64-_jpg.rf.f67692b76c36ff35b3a7c4a3d3829abf.jpg,train/labels/Angled-gourd_-64-_jpg.rf.f67692b76c36ff35b3a7c4a3d3829abf.txt,angle-gourd
train,train/images/images-7-_jpeg.rf.fd12cfe94285f18e9f4a0088bbb7b120.jpg,train/labels/images-7-_jpeg.rf.fd12cfe94285f18e9f4a0088bbb7b120.txt,potato seeds
train,train/images/Muskmelon_-5-_jpg.rf.5b1834f5a9202cb672ea8aeb8bf3bc77.jpg,train/labels/Muskmelon_-5-_jpg.rf.5b1834f5a9202cb672ea8aeb8bf3bc77.txt,
train,train/images/images-5-_jpeg.rf.14dda12fe9bb24a5486ceb19bdadb407.jpg,train/labels/images-5-_jpeg.rf.14dda12fe9bb24a5486ceb19bdadb407.txt,egusi seeds
train,train/images/image33_png.rf.4d4b434d226060141d92ba13a38650fb.jpg,train/labels/image33_png.rf.4d4b434d226060141d92ba13a38650fb.txt,chickpea
train,train/images/image78_jpg.rf.0c76f8091f68738c0b87179db5544dca.jpg,train/labels/image78_jpg.rf.0c76f8091f68738c0b87179db5544dca.txt,chickpea
train,train/images/images-4-_jpeg.rf.76d362ca7f4fd88ea884cdb0514e3ab2.jpg,train/labels/images-4-_jpeg.rf.76d362ca7f4fd88ea884cdb0514e3ab2.txt,mustard seeds
train,train/images/image90_jpg.rf.1ea0ccf6dc5ccaddbc05f7970745f770.jpg,train/labels/image90_jpg.rf.1ea0ccf6dc5ccaddbc05f7970745f770.txt,chickpea
train,train/images/chickpea189_jpg.rf.2b6cb320b73f3496ba1c140af81f8431.jpg,train/labels/chickpea189_jpg.rf.2b6cb320b73f3496ba1c140af81f8431.txt,chickpea
train,train/images/download-15-_jpeg.rf.6cd1d40fdb4c108c47169d882c00ee88.jpg,train/labels/download-15-_jpeg.rf.6cd1d40fdb4c108c47169d882c00ee88.txt,mustard seeds
train,train/images/image141_jpg.rf.1b6cd39a8eba4860934dc55fe4ff064e.jpg,train/labels/image141_jpg.rf.1b6cd39a8eba4860934dc55fe4ff064e.txt,chickpea
train,train/images/image_133_png.rf.38dfd8b1892a11a4debd96fd2ffc93be.jpg,train/labels/image_133_png.rf.38dfd8b1892a11a4debd96fd2ffc93be.txt,chickpea
train,train/images/download-7-_jpeg.rf.3a3d2c3830bcae2b74c6c6f0eff6e10a.jpg,train/labels/download-7-_jpeg.rf.3a3d2c3830bcae2b74c6c6f0eff6e10a.txt,nigella seeds
train,train/images/image98_jpg.rf.8db32e56a1a5eaf85c841b190eb9fb87.jpg,train/labels/image98_jpg.rf.8db32e56a1a5eaf85c841b190eb9fb87.txt,chickpea
train,train/images/download-6-_jpeg.rf.c856750468dfacb10fa75520c23e26d8.jpg,train/labels/download-6-_jpeg.rf.c856750468dfacb10fa75520c23e26d8.txt,cucumber seeds
train,train/images/download-13-_jpeg.rf.15267f16edde2a7a6efee61f51b60f46.jpg,train/labels/download-13-_jpeg.rf.15267f16edde2a7a6efee61f51b60f46.txt,jackfruit
train,train/images/download-1-_jpeg.rf.df25766b409da29cfff1a8fa965877a7.jpg,train/labels/download-1-_jpeg.rf.df25766b409da29cfff1a8fa965877a7.txt,hemp seeds
train,train/images/image79_png.rf.f9be0de697bf96d8381443b2c3303dc1.jpg,train/labels/image79_png.rf.f9be0de697bf96d8381443b2c3303dc1.txt,chickpea
train,train/images/chickpea189_jpg.rf.4ddb4da0e0817c2ab6b3caddb564c68a.jpg,train/labels/chickpea189_jpg.rf.4ddb4da0e0817c2ab6b3caddb564c68a.txt,chickpea
train,train/images/Bottle-gourd_long-7-_jpg.rf.a2c00be7b097e1fc640ace86643a9a6d.jpg,train/labels/Bottle-gourd_long-7-_jpg.rf.a2c00be7b097e1fc640ace86643a9a6d.txt,
train,train/images/download-5-_jpeg.rf.2539faeb782e8a901365db01730149c6.jpg,train/labels/download-5-_jpeg.rf.2539faeb782e8a901365db01730149c6.txt,garlic seeds
train,train/images/chickpea137_jpg.rf.4cb1d6ceb4e4f0b76f11f013ecd8a0f5.jpg,train/labels/chickpea137_jpg.rf.4cb1d6ceb4e4f0b76f11f013ecd8a0f5.txt,chickpea
train,train/images/IMG_20230316_132131_jpg.rf.cc2dae7eeecc5f603544103fff3a3784.jpg,train/labels/IMG_20230316_132131_jpg.rf.cc2dae7eeecc5f603544103fff3a3784.txt,chickpea
train,train/images/download-7-_jpeg.rf.09b782778405254bb97ab4a69c2d0f09.jpg,train/labels/download-7-_jpeg.rf.09b782778405254bb97ab4a69c2d0f09.txt,split red lentils
train,train/images/image68_jpg.rf.15a68aca7978ad1df043f32834ce7dfa.jpg,train/labels/image68_jpg.rf.15a68aca7978ad1df043f32834ce7dfa.txt,
train,train/images/image74_png.rf.7fd3fee3f900d0de381764044790cd75.jpg,train/labels/image74_png.rf.7fd3fee3f900d0de381764044790cd75.txt,chickpea
train,train/images/download-4-_jpeg.rf.b4ba33da605c55b2c3a71cfb6d7fb08b.jpg,train/labels/download-4-_jpeg.rf.b4ba33da605c55b2c3a71cfb6d7fb08b.txt,coffee beans
train,train/images/chickpea134_jpg.rf.130316da185c9357e25102148eef53e6.jpg,train/labels/chickpea134_jpg.rf.130316da185c9357e25102148eef53e6.txt,chickpea
train,train/images/download-1-_jpeg.rf.091afb2d629edfc66bcb8bfb0764ccea.jpg,train/labels/download-1-_jpeg.rf.091afb2d629edfc66bcb8bfb0764ccea.txt,sesame seeds
train,train/images/download-2-_jpeg.rf.f706c5d3ce748f1dab06922db0b56ae1.jpg,train/labels/download-2-_jpeg.rf.f706c5d3ce748f1dab06922db0b56ae1.txt,rice seeds
train,train/images/IMG_20230316_151355_jpg.rf.3153c7909f0928bd11dc77168342975e.jpg,train/labels/IMG_20230316_151355_jpg.rf.3153c7909f0928bd11dc77168342975e.txt,chickpea
train,train/images/chickpea143_jpg.rf.02db9baeeed2ee5e147a11a84b3a5c32.jpg,train/labels/chickpea143_jpg.rf.02db9baeeed2ee5e147a11a84b3a5c32.txt,chickpea
train,train/images/image154_png.rf.616d74fde938ee3308e836c77f419ff0.jpg,train/labels/image154_png.rf.616d74fde938ee3308e836c77f419ff0.txt,chickpea
train,train/images/image_171_png.rf.3edd3e157c68c840e20073fd443a0030.jpg,train/labels/image_171_png.rf.3edd3e157c68c840e20073fd443a0030.txt,chickpea
train,train/images/Wing-bean_-67-_jpg.rf.d38b21b1caa2a122a88f5252a3248fa5.jpg,train/labels/Wing-bean_-67-_jpg.rf.d38b21b1caa2a122a88f5252a3248fa5.txt,wingbean
train,train/images/image_157_png.rf.acf293c45c1e0118498b35ab2607d151.jpg,train/labels/image_157_png.rf.acf293c45c1e0118498b35ab2607d151.txt,
train,train/images/images-14-_jpeg.rf.0027e8d9a228fbdd453e29cf38c22c34.jpg,train/labels/images-14-_jpeg.rf.0027e8d9a228fbdd453e29cf38c22c34.txt,cabbage
train,train/images/image113_jpg.rf.a4850d6943d1710a84d39a4e27ec07d0.jpg,train/labels/image113_jpg.rf.a4850d6943d1710a84d39a4e27ec07d0.txt,chickpea
train,train/images/chickpea2_jpg.rf.cf538fd7102e152e2b4c3dbcee12acae.jpg,train/labels/chickpea2_jpg.rf.cf538fd7102e152e2b4c3dbcee12acae.txt,chickpea
train,train/images/download-1-_jpeg.rf.ee1de2807fd1ad84f9e795b0b269b4ae.jpg,train/labels/download-1-_jpeg.rf.ee1de2807fd1ad84f9e795b0b269b4ae.txt,beetroot seed
train,train/images/image5_jpg.rf.afc9ed0c9408ba95bf7c93396b052d17.jpg,train/labels/image5_jpg.rf.afc9ed0c9408ba95bf7c93396b052d17.txt,
train,train/images/download_jpeg.rf.f2bb477d488b3536671b8df861558de4.jpg,train/labels/download_jpeg.rf.f2bb477d488b3536671b8df861558de4.txt,egusi seeds
train,train/images/images-7-_jpeg.rf.8cf70f99ef59bb5ded5933de79bac012.jpg,train/labels/images-7-_jpeg.rf.8cf70f99ef59bb5ded5933de79bac012.txt,flax seeds
train,train/images/image75_jpg.rf.232b0c08424f3ef6faed41673b7a1536.jpg,train/labels/image75_jpg.rf.232b0c08424f3ef6faed41673b7a1536.txt,
train,train/images/IMG_20230316_125001_1_jpg.rf.181860bc2fd6fc1567629fbc876051af.jpg,train/labels/IMG_20230316_125001_1_jpg.rf.181860bc2fd6fc1567629fbc876051af.txt,
train,train/images/image_121_png.rf.349a121e29466721db2a4ed55ab12a5f.jpg,train/labels/image_121_png.rf.349a121e29466721db2a4ed55ab12a5f.txt,chickpea
train,train/images/download-10-_jpeg.rf.7cc30b398b3abd8f270df13b6575818d.jpg,train/labels/download-10-_jpeg.rf.7cc30b398b3abd8f270df13b6575818d.txt,split red lentils
train,train/images/chickpea208_jpg.rf.08d9875adeb9780752d03ea7421ee21a.jpg,train/labels/chickpea208_jpg.rf.08d9875adeb9780752d03ea7421ee21a.txt,chickpea
train,train/images/download-8-_jpeg.rf.b358e01a51ad04021e94562b64393ad8.jpg,train/labels/download-8-_jpeg.rf.b358e01a51ad04021e94562b64393ad8.txt,brown bean
train,train/images/image_149_png.rf.8fe0c31cf62db5c481b8f44d0a134de7.jpg,train/labels/image_149_png.rf.8fe0c31cf62db5c481b8f44d0a134de7.txt,
train,train/images/image17_png.rf.d4ea2912bfc979394f01737a0d42ee3b.jpg,train/labels/image17_png.rf.d4ea2912bfc979394f01737a0d42ee3b.txt,chickpea
train,train/images/image111_jpg.rf.49955e0e6755dbb7b84cdefdb5f5e8b6.jpg,train/labels/image111_jpg.rf.49955e0e6755dbb7b84cdefdb5f5e8b6.txt,
train,train/images/image18_jpg.rf.7a8ff8f6683a14430b86b34a8c1af168.jpg,train/labels/image18_jpg.rf.7a8ff8f6683a14430b86b34a8c1af168.txt,chickpea
train,train/images/image40_png.rf.f048b166f960c642d44615917e29b55b.jpg,train/labels/image40_png.rf.f048b166f960c642d44615917e29b55b.txt,chickpea
train,train/images/image5_jpg.rf.f6c885131f5a386ad88f61fbc6ccdc65.jpg,train/labels/image5_jpg.rf.f6c885131f5a386ad88f61fbc6ccdc65.txt,chickpea
train,train/images/image31_jpg.rf.f99e287d533819b348e7340c80e4d31f.jpg,train/labels/image31_jpg.rf.f99e287d533819b348e7340c80e4d31f.txt,
train,train/images/image55_png.rf.ac3e9460e897e115204a0b305e8700a8.jpg,train/labels/image55_png.rf.ac3e9460e897e115204a0b305e8700a8.txt,chickpea
train,train/images/images-6-_jpeg.rf.5f04ddc38dcb1186f977408846545b58.jpg,train/labels/images-6-_jpeg.rf.5f04ddc38dcb1186f977408846545b58.txt,split red lentils
train,train/images/images-5-_jpeg.rf.0a99243cb9db8a46ae785e879e68adfa.jpg,train/labels/images-5-_jpeg.rf.0a99243cb9db8a46ae785e879e68adfa.txt,rice seeds
train,train/images/image_106_png.rf.6affa78d6b50d50578d0aeb4ef31b859.jpg,train/labels/image_106_png.rf.6affa78d6b50d50578d0aeb4ef31b859.txt,
train,train/images/download-1-_jpeg.rf.698524b3788bab9e48111e3e4d094367.jpg,train/labels/download-1-_jpeg.rf.698524b3788bab9e48111e3e4d094367.txt,oats seeds
train,train/images/images-12-_jpeg.rf.660af0eace6d438184ccef3beeebdbd0.jpg,train/labels/images-12-_jpeg.rf.660af0eace6d438184ccef3beeebdbd0.txt,poppy seeds
train,train/images/download-4-_jpeg.rf.ed4d9ed2c1b8fabf55e63a1953ff2e27.jpg,train/labels/download-4-_jpeg.rf.ed4d9ed2c1b8fabf55e63a1953ff2e27.txt,rice seeds
train,train/images/images-5-_jpeg.rf.9cb94ac9de94b849619229c3fd54ebf4.jpg,train/labels/images-5-_jpeg.rf.9cb94ac9de94b849619229c3fd54ebf4.txt,lotus seeds
train,train/images/image45_jpg.rf.cbda8da542b0cd068c48e905e503b2be.jpg,train/labels/image45_jpg.rf.cbda8da542b0cd068c48e905e503b2be.txt,
train,train/images/image70_png.rf.30e6b9392a5d77fa9ffdfb65eaecb4cf.jpg,train/labels/image70_png.rf.30e6b9392a5d77fa9ffdfb65eaecb4cf.txt,chickpea
train,train/images/image33_png.rf.d5b0a2ac6d7db9c49b7d326253803cae.jpg,train/labels/image33_png.rf.d5b0a2ac6d7db9c49b7d326253803cae.txt,chickpea
train,train/images/image88_png.rf.d6d3d24a339a1c0d1c3a5bb47d9e794e.jpg,train/labels/image88_png.rf.d6d3d24a339a1c0d1c3a5bb47d9e794e.txt,chickpea
train,train/images/image52_jpg.rf.1dc1c2202333ec0c62b2da11487e76c3.jpg,train/labels/image52_jpg.rf.1dc1c2202333ec0c62b2da11487e76c3.txt,chickpea
train,train/images/images-1-_jpeg.rf.6373999b85e661aa223ea17049377d0b.jpg,train/labels/images-1-_jpeg.rf.6373999b85e661aa223ea17049377d0b.txt,grape seeds
train,train/images/IMG_20230316_150956-3-_jpg.rf.c4acc2f9f14ce9186a3b74d5855032e2.jpg,train/labels/IMG_20230316_150956-3-_jpg.rf.c4acc2f9f14ce9186a3b74d5855032e2.txt,chickpea
train,train/images/IMG_20230316_124756_1-1-_jpg.rf.41f1534f07c8a2de782916c6697f52c5.jpg,train/labels/IMG_20230316_124756_1-1-_jpg.rf.41f1534f07c8a2de782916c6697f52c5.txt,
train,train/images/Bottle-gourd_long-43-_jpg.rf.9aa5b862f63f9e087ea3ca44fd192d8c.jpg,train/labels/Bottle-gourd_long-43-_jpg.rf.9aa5b862f63f9e087ea3ca44fd192d8c.txt,bitter-gourd
train,train/images/images-2-_jpeg.rf.c832d3d75489b3eca2f1d41b34a47058.jpg,train/labels/images-2-_jpeg.rf.c832d3d75489b3eca2f1d41b34a47058.txt,chia
train,train/images/Wing-bean_-95-_jpg.rf.69187f92f34f33951840666d5152053d.jpg,train/labels/Wing-bean_-95-_jpg.rf.69187f92f34f33951840666d5152053d.txt,wingbean
train,train/images/download-2-_jpeg.rf.533a1c30475003789e503d457603dcfd.jpg,train/labels/download-2-_jpeg.rf.533a1c30475003789e503d457603dcfd.txt,poppy seeds
train,train/images/image_139_png.rf.c3ebea5602762d0ba044949fb8c17e8b.jpg,train/labels/image_139_png.rf.c3ebea5602762d0ba044949fb8c17e8b.txt,chickpea
train,train/images/image_149_png.rf.dbf3ae744fe36fedb91bf27459f0a158.jpg,train/labels/image_149_png.rf.dbf3ae744fe36fedb91bf27459f0a158.txt,
train,train/images/image115_jpg.rf.4c6acc2848233165de776857bd1a3515.jpg,train/labels/image115_jpg.rf.4c6acc2848233165de776857bd1a3515.txt,
train,train/images/download-6-_jpeg.rf.678bb12c8f814d351300fc26528946f6.jpg,train/labels/download-6-_jpeg.rf.678bb12c8f814d351300fc26528946f6.txt,radish seeds
train,train/images/Muskmelon_-91-_jpg.rf.ba003004858c240c6523422bf3ae96a7.jpg,train/labels/Muskmelon_-91-_jpg.rf.ba003004858c240c6523422bf3ae96a7.txt,muskmelon
train,train/images/download-2-_jpeg.rf.41b78f8564f7e737fe19271000364d47.jpg,train/labels/download-2-_jpeg.rf.41b78f8564f7e737fe19271000364d47.txt,onion seeds
train,train/images/download-1-_jpeg.rf.8bcc0e9d59ed87e4941c18146813b7cc.jpg,train/labels/download-1-_jpeg.rf.8bcc0e9d59ed87e4941c18146813b7cc.txt,rice seeds
train,train/images/S20211206_0029_jpg.rf.5700cf5553d6a2657659b3b70de74cfe.jpg,train/labels/S20211206_0029_jpg.rf.5700cf5553d6a2657659b3b70de74cfe.txt,
train,train/images/Angled-gourd_-97-_jpg.rf.fccc4b8b0f8b2b5951f1bed783815cb5.jpg,train/labels/Angled-gourd_-97-_jpg.rf.fccc4b8b0f8b2b5951f1bed783815cb5.txt,angle-gourd
train,train/images/image26_png.rf.06ffa488e64cd5300d8b747e5dfc4868.jpg,train/labels/image26_png.rf.06ffa488e64cd5300d8b747e5dfc4868.txt,chickpea
train,train/images/images-10-_jpeg.rf.a30b4c79c5d8c3d6bd9bf0680a828b82.jpg,train/labels/images-10-_jpeg.rf.a30b4c79c5d8c3d6bd9bf0680a828b82.txt,coffee beans
train,train/images/chickpea96_jpg.rf.d7dda125912bc84d1181f61e8d304d49.jpg,train/labels/chickpea96_jpg.rf.d7dda125912bc84d1181f61e8d304d49.txt,chickpea
train,train/images/IMG_20230316_132630_jpg.rf.a21a084120b7a8db1e3b7c43a9c5bbde.jpg,train/labels/IMG_20230316_132630_jpg.rf.a21a084120b7a8db1e3b7c43a9c5bbde.txt,chickpea
train,train/images/IMG_20230316_150923_1_jpg.rf.f2cf69d43401c27a2fdf2c102d5823c6.jpg,train/labels/IMG_20230316_150923_1_jpg.rf.f2cf69d43401c27a2fdf2c102d5823c6.txt,chickpea
train,train/images/images-4-_jpeg.rf.9e6cd252224bb96c4af9d284fbc4cff6.jpg,train/labels/images-4-_jpeg.rf.9e6cd252224bb96c4af9d284fbc4cff6.txt,fennel
train,train/images/download-1-_jpeg.rf.0a728cdb75b1b2c632b044c567f1489f.jpg,train/labels/download-1-_jpeg.rf.0a728cdb75b1b2c632b044c567f1489f.txt,nigella seeds
train,train/images/images_jpeg.rf.6fb4762dc6d81e795de9731737fc7914.jpg,train/labels/images_jpeg.rf.6fb4762dc6d81e795de9731737fc7914.txt,fennel
train,train/images/image_169_png.rf.16bc6cabe2287ccfb8089c288ae82d76.jpg,train/labels/image_169_png.rf.16bc6cabe2287ccfb8089c288ae82d76.txt,chickpea
train,train/images/images-6-_jpeg.rf.c181b25195bf0bbf21c6f9908f97894d.jpg,train/labels/images-6-_jpeg.rf.c181b25195bf0bbf21c6f9908f97894d.txt,mint seeds
train,train/images/images-9-_jpeg.rf.00aaaf719f039dde6f231aa23c1bf58d.jpg,train/labels/images-9-_jpeg.rf.00aaaf719f039dde6f231aa23c1bf58d.txt,peanut seeds
train,train/images/images-1-_jpeg.rf.248042d71b12a447c6bac94c76b4132a.jpg,train/labels/images-1-_jpeg.rf.248042d71b12a447c6bac94c76b4132a.txt,split red lentils
train,train/images/S20211206_0035_jpg.rf.9b2bc172f3ca61f890050bb9e3781c9e.jpg,train/labels/S20211206_0035_jpg.rf.9b2bc172f3ca61f890050bb9e3781c9e.txt,
train,train/images/image34_png.rf.74650e67e5a321bbc1cf963a74796a87.jpg,train/labels/image34_png.rf.74650e67e5a321bbc1cf963a74796a87.txt,chickpea
train,train/images/Bottle-gourd_long-59-_jpg.rf.dc2fb8493892efdcd155e9ca31cde0df.jpg,train/labels/Bottle-gourd_long-59-_jpg.rf.dc2fb8493892efdcd155e9ca31cde0df.txt,
train,train/images/Waxgourd_-43-_jpg.rf.c2aa728c2bb758471627ab98dabdf5a7.jpg,train/labels/Waxgourd_-43-_jpg.rf.c2aa728c2bb758471627ab98dabdf5a7.txt,waxgourd
train,train/images/download-14-_jpeg.rf.3c1c5c75f490ad70afc34bf10b46d4cd.jpg,train/labels/download-14-_jpeg.rf.3c1c5c75f490ad70afc34bf10b46d4cd.txt,radish seeds
train,train/images/image96_png.rf.573ce24ebae36ce8bfce97bba40c4d72.jpg,train/labels/image96_png.rf.573ce24ebae36ce8bfce97bba40c4d72.txt,chickpea
train,train/images/images-8-_jpeg.rf.2a88462355df69cda3efac8e8db38b4c.jpg,train/labels/images-8-_jpeg.rf.2a88462355df69cda3efac8e8db38b4c.txt,cabbage
train,train/images/image_177_png.rf.5c5de883cf7486e296f34d951dd107c0.jpg,train/labels/image_177_png.rf.5c5de883cf7486e296f34d951dd107c0.txt,chickpea
train,train/images/download-1-_jpeg.rf.6f66217199a6c6640aa83da80a2530a2.jpg,train/labels/download-1-_jpeg.rf.6f66217199a6c6640aa83da80a2530a2.txt,radish seeds
train,train/images/image93_png.rf.60c9c4dc3b12a6abdd239dccff7484a7.jpg,train/labels/image93_png.rf.60c9c4dc3b12a6abdd239dccff7484a7.txt,chickpea
train,train/images/images-3-_jpeg.rf.a504c8303085020d32c0b66119d8f085.jpg,train/labels/images-3-_jpeg.rf.a504c8303085020d32c0b66119d8f085.txt,carrot
train,train/images/image32_png.rf.38afbd012b7f1126f99554a7f7b4de78.jpg,train/labels/image32_png.rf.38afbd012b7f1126f99554a7f7b4de78.txt,chickpea
train,train/images/IMG_20230316_151519_1-2-_jpg.rf.c7b97645b9142ab6a82ee9f56f9683ba.jpg,train/labels/IMG_20230316_151519_1-2-_jpg.rf.c7b97645b9142ab6a82ee9f56f9683ba.txt,chickpea
train,train/images/Bottle-gourd_long-41-_jpg.rf.797bdebb004365a13c61a5379fd18d5f.jpg,train/labels/Bottle-gourd_long-41-_jpg.rf.797bdebb004365a13c61a5379fd18d5f.txt,bitter-gourd
train,train/images/image78_jpg.rf.235e505714d81ec5e9e31e5e58505574.jpg,train/labels/image78_jpg.rf.235e505714d81ec5e9e31e5e58505574.txt,
train,train/images/images-10-_jpeg.rf.9745403727ae04ee31961978251cfa4a.jpg,train/labels/images-10-_jpeg.rf.9745403727ae04ee31961978251cfa4a.txt,peanut seeds
train,train/images/images-11-_jpeg.rf.19a24174d3dce0149aebe63929f80c5d.jpg,train/labels/images-11-_jpeg.rf.19a24174d3dce0149aebe63929f80c5d.txt,peanut seeds
train,train/images/chickpea149_jpg.rf.c86fc145eee4bcacb13751a8fa8d1074.jpg,train/labels/chickpea149_jpg.rf.c86fc145eee4bcacb13751a8fa8d1074.txt,chickpea
train,train/images/chickpea95_jpg.rf.b2ea75cc87b305fe5646ed2e06784ec9.jpg,train/labels/chickpea95_jpg.rf.b2ea75cc87b305fe5646ed2e06784ec9.txt,chickpea
train,train/images/image74_png.rf.3de129c0ed60eb79f38c6886c488ed8d.jpg,train/labels/image74_png.rf.3de129c0ed60eb79f38c6886c488ed8d.txt,chickpea
train,train/images/IMG_20230316_155645-1-_jpg.rf.b5b3213c3f0157980b8fa7e9a2cc5bab.jpg,train/labels/IMG_20230316_155645-1-_jpg.rf.b5b3213c3f0157980b8fa7e9a2cc5bab.txt,
train,train/images/S20211206_0013_jpg.rf.bf8ee39fa62c38bb89830939923826a0.jpg,train/labels/S20211206_0013_jpg.rf.bf8ee39fa62c38bb89830939923826a0.txt,
train,train/images/Angled-gourd_-82-_jpg.rf.eff8b52aafbdb948a113a57d0d6184eb.jpg,train/labels/Angled-gourd_-82-_jpg.rf.eff8b52aafbdb948a113a57d0d6184eb.txt,angle-gourd
train,train/images/images-11-_jpeg.rf.2d296cbe51237e9f95630790af8e7292.jpg,train/labels/images-11-_jpeg.rf.2d296cbe51237e9f95630790af8e7292.txt,poppy seeds
train,train/images/Pumpkin_-54-_jpg.rf.edcd3a80ca5fd9a205cbe1679829332c.jpg,train/labels/Pumpkin_-54-_jpg.rf.edcd3a80ca5fd9a205cbe1679829332c.txt,
train,train/images/image_144_png.rf.2954752a44e50de71a5bdbb1548f8382.jpg,train/labels/image_144_png.rf.2954752a44e50de71a5bdbb1548f8382.txt,chickpea
train,train/images/image117_jpg.rf.00186aad8e39d0f04b663f4115aaea30.jpg,train/labels/image117_jpg.rf.00186aad8e39d0f04b663f4115aaea30.txt,chickpea
train,train/images/S20211206_0019_jpg.rf.89acc46e809aea5907823c1c0fc52bf4.jpg,train/labels/S20211206_0019_jpg.rf.89acc46e809aea5907823c1c0fc52bf4.txt,
train,train/images/images-16-_jpeg.rf.11366cd1dcc2d653e3d9882ee040cb51.jpg,train/labels/images-16-_jpeg.rf.11366cd1dcc2d653e3d9882ee040cb51.txt,grape seeds
train,train/images/image151_jpg.rf.da8d067c9809986b90885cf499ed937d.jpg,train/labels/image151_jpg.rf.da8d067c9809986b90885cf499ed937d.txt,chickpea
train,train/images/download-2-_jpeg.rf.5f5b6ca2f3082d87ca5d28987ad28911.jpg,train/labels/download-2-_jpeg.rf.5f5b6ca2f3082d87ca5d28987ad28911.txt,brown bean
train,train/images/IMG_20230316_150959_1_jpg.rf.49b135c22c61abfdf86501524ddf5bc1.jpg,train/labels/IMG_20230316_150959_1_jpg.rf.49b135c22c61abfdf86501524ddf5bc1.txt,chickpea
train,train/images/S20211206_0023_jpg.rf.5f88b80642a60113dc1644e73ff39ce7.jpg,train/labels/S20211206_0023_jpg.rf.5f88b80642a60113dc1644e73ff39ce7.txt,
train,train/images/download-4-_jpeg.rf.7d72b9f40523ae4a9b8319c75e62721f.jpg,train/labels/download-4-_jpeg.rf.7d72b9f40523ae4a9b8319c75e62721f.txt,brown bean
train,train/images/download-1-_jpeg.rf.b9a4da0efb15905e5880dbb40e282df7.jpg,train/labels/download-1-_jpeg.rf.b9a4da0efb15905e5880dbb40e282df7.txt,watermelon seeds
train,train/images/IMG_20230316_155645-1-_jpg.rf.bf8b40703917910cd8a0512e8fa1458e.jpg,train/labels/IMG_20230316_155645-1-_jpg.rf.bf8b40703917910cd8a0512e8fa1458e.txt,chickpea
train,train/images/images-6-_jpeg.rf.8dcdd2920d53a3c8ae69f00b2dc15124.jpg,train/labels/images-6-_jpeg.rf.8dcdd2920d53a3c8ae69f00b2dc15124.txt,pinenut seeds
train,train/images/S20211206_0027_jpg.rf.08efc6042c7cd40510f348c1d5e14e6a.jpg,train/labels/S20211206_0027_jpg.rf.08efc6042c7cd40510f348c1d5e14e6a.txt,
train,train/images/IMG_20230316_125001_1_jpg.rf.f02998eee919874503762c4fda210ba7.jpg,train/labels/IMG_20230316_125001_1_jpg.rf.f02998eee919874503762c4fda210ba7.txt,chickpea
train,train/images/images-11-_jpeg.rf.a19b1f6d6ceb17df9a097ece07d64f9f.jpg,train/labels/images-11-_jpeg.rf.a19b1f6d6ceb17df9a097ece07d64f9f.txt,hemp seeds
train,train/images/download_jpeg.rf.5d385d0838aeae5417ae80ad5af91362.jpg,train/labels/download_jpeg.rf.5d385d0838aeae5417ae80ad5af91362.txt,watermelon seeds
train,train/images/Sugar-pea_-39-_jpg.rf.57dfc76516da3d066c2af899f15a6953.jpg,train/labels/Sugar-pea_-39-_jpg.rf.57dfc76516da3d066c2af899f15a6953.txt,sugar-pea
train,train/images/images-1-_jpeg.rf.07293798a59f320b8ce5b2831ffe2a6a.jpg,train/labels/images-1-_jpeg.rf.07293798a59f320b8ce5b2831ffe2a6a.txt,jackfruit
train,train/images/image28_png.rf.013677de333489c5c93a9e3044f01d73.jpg,train/labels/image28_png.rf.013677de333489c5c93a9e3044f01d73.txt,chickpea
train,train/images/Sugar-pea_-59-_jpg.rf.2b2ca9a7903a388adc56d8ad9367f1c9.jpg,train/labels/Sugar-pea_-59-_jpg.rf.2b2ca9a7903a388adc56d8ad9367f1c9.txt,sugar-pea
train,train/images/image_133_png.rf.572a84185ec135f1fa8eb36ffe193853.jpg,train/labels/image_133_png.rf.572a84185ec135f1fa8eb36ffe193853.txt,chickpea
train,train/images/images-9-_jpeg.rf.ac21b6dd48a602d41103fc74b68da8e5.jpg,train/labels/images-9-_jpeg.rf.ac21b6dd48a602d41103fc74b68da8e5.txt,nigella seeds
train,train/images/images-1-_jpeg.rf.eab26d201ed5d5851824b1261a5c785c.jpg,train/labels/images-1-_jpeg.rf.eab26d201ed5d5851824b1261a5c785c.txt,radish seeds
train,train/images/Bottle-gourd_long-84-_jpg.rf.e1db993513db056cc0ff624a02d9caee.jpg,train/labels/Bottle-gourd_long-84-_jpg.rf.e1db993513db056cc0ff624a02d9caee.txt,
train,train/images/download-4-_jpeg.rf.aab2200c4e8dab711008280a8a00efaf.jpg,train/labels/download-4-_jpeg.rf.aab2200c4e8dab711008280a8a00efaf.txt,fennel
train,train/images/download_jpeg.rf.3e4e93df659bd696467056397890cc47.jpg,train/labels/download_jpeg.rf.3e4e93df659bd696467056397890cc47.txt,poppy seeds
train,train/images/Yardlong-bean_-72-_jpg.rf.5c14f6aca18d49df30f5980195291a25.jpg,train/labels/Yardlong-bean_-72-_jpg.rf.5c14f6aca18d49df30f5980195291a25.txt,yardlong-bean
train,train/images/image138_jpg.rf.5af51e99e7063609aaa15d7d4e810f7a.jpg,train/labels/image138_jpg.rf.5af51e99e7063609aaa15d7d4e810f7a.txt,
train,train/images/images-5-_jpeg.rf.e6e4988a9f6016a1818c5da51ea09dd9.jpg,train/labels/images-5-_jpeg.rf.e6e4988a9f6016a1818c5da51ea09dd9.txt,pinenut seeds
train,train/images/image79_png.rf.64c620a28c45186048e0748da233e8fb.jpg,train/labels/image79_png.rf.64c620a28c45186048e0748da233e8fb.txt,chickpea
train,train/images/download-8-_jpeg.rf.ebb3c6ae6a776aed72741ac8bf033e49.jpg,train/labels/download-8-_jpeg.rf.ebb3c6ae6a776aed72741ac8bf033e49.txt,egusi seeds
train,train/images/IMG_20230316_124835_1-1-_jpg.rf.b22c5e925642e31a1b86910bb01e6760.jpg,train/labels/IMG_20230316_124835_1-1-_jpg.rf.b22c5e925642e31a1b86910bb01e6760.txt,chickpea
train,train/images/download-12-_jpeg.rf.d136800ea2a7285c1092b6ba85c5a9f0.jpg,train/labels/download-12-_jpeg.rf.d136800ea2a7285c1092b6ba85c5a9f0.txt,pinenut seeds
train,train/images/download-9-_jpeg.rf.d82a47fe699f39a290a3af87095efd36.jpg,train/labels/download-9-_jpeg.rf.d82a47fe699f39a290a3af87095efd36.txt,fennel
train,train/images/Pumpkin_-73-_jpg.rf.cb94b15df2815e076a914c9dc900b162.jpg,train/labels/Pumpkin_-73-_jpg.rf.cb94b15df2815e076a914c9dc900b162.txt,pumpkin
train,train/images/Bottle-gourd_long-44-_jpg.rf.d90cdafe109296d7430e3c5ef00b7f9b.jpg,train/labels/Bottle-gourd_long-44-_jpg.rf.d90cdafe109296d7430e3c5ef00b7f9b.txt,
train,train/images/IMG_20230316_124333_1-1-_jpg.rf.2801a5e0e0f9185a044943fd044d32f0.jpg,train/labels/IMG_20230316_124333_1-1-_jpg.rf.2801a5e0e0f9185a044943fd044d32f0.txt,
train,train/images/download-1-_jpeg.rf.13a1e7dc6047018035fbde49af345b74.jpg,train/labels/download-1-_jpeg.rf.13a1e7dc6047018035fbde49af345b74.txt,brown bean
train,train/images/Sugar-pea_-78-_jpg.rf.7d254324f28a1561ca7cd19f8c6a1c9c.jpg,train/labels/Sugar-pea_-78-_jpg.rf.7d254324f28a1561ca7cd19f8c6a1c9c.txt,sugar-pea
train,train/images/image18_png.rf.71d6de9f677f34187ff340530b5b35c9.jpg,train/labels/image18_png.rf.71d6de9f677f34187ff340530b5b35c9.txt,chickpea
train,train/images/download-1-_jpeg.rf.7e364edf6420eb88007247b3ad043ff7.jpg,train/labels/download-1-_jpeg.rf.7e364edf6420eb88007247b3ad043ff7.txt,cucumber seeds
train,train/images/chickpea153_jpg.rf.d735cadc3478b4b9f9fe76bd81d41a59.jpg,train/labels/chickpea153_jpg.rf.d735cadc3478b4b9f9fe76bd81d41a59.txt,chickpea
train,train/images/download_jpeg.rf.a659cb4ca91a01c77c6b220fb45e7473.jpg,train/labels/download_jpeg.rf.a659cb4ca91a01c77c6b220fb45e7473.txt,mustard seeds
train,train/images/images-14-_jpeg.rf.cd45928684985c003a1b4e91e2fd81ac.jpg,train/labels/images-14-_jpeg.rf.cd45928684985c003a1b4e91e2fd81ac.txt,grape seeds
train,train/images/IMG_20230316_132023_1-1-_jpg.rf.c4888c10fe1b67a8e7747599be6d28a0.jpg,train/labels/IMG_20230316_132023_1-1-_jpg.rf.c4888c10fe1b67a8e7747599be6d28a0.txt,
train,train/images/images-6-_jpeg.rf.7e11b1267ea76983ee4698f966b93b78.jpg,train/labels/images-6-_jpeg.rf.7e11b1267ea76983ee4698f966b93b78.txt,beetroot seed
train,train/images/images-7-_jpeg.rf.08bb5a5f2d0d4345485a147ea45552b6.jpg,train/labels/images-7-_jpeg.rf.08bb5a5f2d0d4345485a147ea45552b6.txt,peanut seeds
train,train/images/Sugar-pea_-8-_jpg.rf.cdccdbdb8d954e59c1f02d389f6140e8.jpg,train/labels/Sugar-pea_-8-_jpg.rf.cdccdbdb8d954e59c1f02d389f6140e8.txt,sugar-pea
train,train/images/Pumpkin_-75-_jpg.rf.0a82ddb748daa0d92357b333839980e7.jpg,train/labels/Pumpkin_-75-_jpg.rf.0a82ddb748daa0d92357b333839980e7.txt,pumpkin
train,train/images/IMG_20230316_151519_1-1-_jpg.rf.2fb80200e4ece6d378e5dcf0e4e1dd61.jpg,train/labels/IMG_20230316_151519_1-1-_jpg.rf.2fb80200e4ece6d378e5dcf0e4e1dd61.txt,chickpea
train,train/images/image23_png.rf.9dd7c9b940c4dcac298e7068954cd51d.jpg,train/labels/image23_png.rf.9dd7c9b940c4dcac298e7068954cd51d.txt,chickpea
train,train/images/IMG_20230316_151519_1_jpg.rf.c09b27a64631d74b59527860e024ca3b.jpg,train/labels/IMG_20230316_151519_1_jpg.rf.c09b27a64631d74b59527860e024ca3b.txt,
train,train/images/download-6-_jpeg.rf.5baea944a7346d8b3fca34c96671bee3.jpg,train/labels/download-6-_jpeg.rf.5baea944a7346d8b3fca34c96671bee3.txt,grape seeds
train,train/images/download-3-_jpeg.rf.62946556035a5fbf8a8cbed9228c924e.jpg,train/labels/download-3-_jpeg.rf.62946556035a5fbf8a8cbed9228c924e.txt,garlic seeds
train,train/images/chickpea130_jpg.rf.ea8eeefbf7fe2e621836a132eaff42ab.jpg,train/labels/chickpea130_jpg.rf.ea8eeefbf7fe2e621836a132eaff42ab.txt,chickpea
train,train/images/images-2-_jpeg.rf.cf2153819a3c2df6b52116078839e029.jpg,train/labels/images-2-_jpeg.rf.cf2153819a3c2df6b52116078839e029.txt,garlic seeds
train,train/images/images-9-_jpeg.rf.1d483ea7fdbb165df9d12be435272e5c.jpg,train/labels/images-9-_jpeg.rf.1d483ea7fdbb165df9d12be435272e5c.txt,cabbage
train,train/images/IMG_20230316_124931_jpg.rf.48dfd4c9096438fa0986b02f911249ff.jpg,train/labels/IMG_20230316_124931_jpg.rf.48dfd4c9096438fa0986b02f911249ff.txt,chickpea
train,train/images/images-3-_jpeg.rf.b58b568dcc71b118a2ba773437eb6255.jpg,train/labels/images-3-_jpeg.rf.b58b568dcc71b118a2ba773437eb6255.txt,split red lentils
train,train/images/images-5-_jpeg.rf.c35672d073ea0fa72944b24fc93163af.jpg,train/labels/images-5-_jpeg.rf.c35672d073ea0fa72944b24fc93163af.txt,grape seeds
train,train/images/images_jpeg.rf.c4369fa402ee8b7b52d3f3c02b2dab32.jpg,train/labels/images_jpeg.rf.c4369fa402ee8b7b52d3f3c02b2dab32.txt,beetroot seed
train,train/images/IMG_20230316_150923_1_jpg.rf.3fcb0e5bc18acdedaba38cc8474ca8c6.jpg,train/labels/IMG_20230316_150923_1_jpg.rf.3fcb0e5bc18acdedaba38cc8474ca8c6.txt,chickpea
train,train/images/IMG_20230316_151230_1-3-_jpg.rf.d06bb1e599f534571472f75300ea9342.jpg,train/labels/IMG_20230316_151230_1-3-_jpg.rf.d06bb1e599f534571472f75300ea9342.txt,chickpea
train,train/images/Yardlong-bean_-74-_jpg.rf.1e434872521f9fd348f7f137376c5c55.jpg,train/labels/Yardlong-bean_-74-_jpg.rf.1e434872521f9fd348f7f137376c5c55.txt,yardlong-bean
train,train/images/images-4-_jpeg.rf.c924644d5a59485ac56f578656dec466.jpg,train/labels/images-4-_jpeg.rf.c924644d5a59485ac56f578656dec466.txt,chia
train,train/images/chickpea141_jpg.rf.d66c0a4bab13afdd70465903f1fdde84.jpg,train/labels/chickpea141_jpg.rf.d66c0a4bab13afdd70465903f1fdde84.txt,chickpea
train,train/images/image107_jpg.rf.c21fe583abf0d904ea918158c5e2988f.jpg,train/labels/image107_jpg.rf.c21fe583abf0d904ea918158c5e2988f.txt,chickpea
train,train/images/Angled-gourd_-36-_jpg.rf.a67c3971b0f649832fc91b318d917427.jpg,train/labels/Angled-gourd_-36-_jpg.rf.a67c3971b0f649832fc91b318d917427.txt,angle-gourd
train,train/images/download-5-_jpeg.rf.66241b3b52e283e6ef5c38db0def35ea.jpg,train/labels/download-5-_jpeg.rf.66241b3b52e283e6ef5c38db0def35ea.txt,cabbage
train,train/images/Bottle-gourd_long-87-_jpg.rf.6a7f6c7b49b43d1e13b7483c2ccefc02.jpg,train/labels/Bottle-gourd_long-87-_jpg.rf.6a7f6c7b49b43d1e13b7483c2ccefc02.txt,
train,train/images/image38_jpg.rf.2731c7fccf870e2c387bccbc661edb25.jpg,train/labels/image38_jpg.rf.2731c7fccf870e2c387bccbc661edb25.txt,chickpea
train,train/images/image34_png.rf.d540c2b26fc4da0c014c457323110dd4.jpg,train/labels/image34_png.rf.d540c2b26fc4da0c014c457323110dd4.txt,chickpea
train,train/images/image_134_png.rf.092b357ed8e2bf6971ff5f1efac6095a.jpg,train/labels/image_134_png.rf.092b357ed8e2bf6971ff5f1efac6095a.txt,chickpea
train,train/images/IMG_20230316_130117_1_jpg.rf.8ea2a8dfe7296782570a5331df38705f.jpg,train/labels/IMG_20230316_130117_1_jpg.rf.8ea2a8dfe7296782570a5331df38705f.txt,chickpea
train,train/images/IMG_20230316_151228-3-_jpg.rf.5bd855f13394fa279c9b758e9373873a.jpg,train/labels/IMG_20230316_151228-3-_jpg.rf.5bd855f13394fa279c9b758e9373873a.txt,chickpea
train,train/images/image113_jpg.rf.ad79c64906976c39c0962ee4dd9db109.jpg,train/labels/image113_jpg.rf.ad79c64906976c39c0962ee4dd9db109.txt,chickpea
train,train/images/IMG_20230316_130120_1_jpg.rf.0f9b591810049b4ee3630407fe523cb3.jpg,train/labels/IMG_20230316_130120_1_jpg.rf.0f9b591810049b4ee3630407fe523cb3.txt,chickpea
train,train/images/download_jpeg.rf.b722316456d3e5dd25ac16402c59a927.jpg,train/labels/download_jpeg.rf.b722316456d3e5dd25ac16402c59a927.txt,coffee beans
train,train/images/images-2-_jpeg.rf.b840c82eea871daae3f8b34354482a8d.jpg,train/labels/images-2-_jpeg.rf.b840c82eea871daae3f8b34354482a8d.txt,onion seeds
train,train/images/images-2-_jpeg.rf.b3bff089bf1ca2dc535200ecab4675b6.jpg,train/labels/images-2-_jpeg.rf.b3bff089bf1ca2dc535200ecab4675b6.txt,split red lentils
train,train/images/image23_png.rf.60dc91a96e4ae8c9714c69b12fe9e3d3.jpg,train/labels/image23_png.rf.60dc91a96e4ae8c9714c69b12fe9e3d3.txt,chickpea
train,train/images/images-9-_jpeg.rf.d328a8e42b92d5aae4b4a5b2e4e2d0e2.jpg,train/labels/images-9-_jpeg.rf.d328a8e42b92d5aae4b4a5b2e4e2d0e2.txt,poppy seeds
train,train/images/image92_png.rf.a7343e17325025a68daf2157cab75404.jpg,train/labels/image92_png.rf.a7343e17325025a68daf2157cab75404.txt,chickpea
train,train/images/image60_jpg.rf.0aedb9f9a5b06b4835edc519176af24d.jpg,train/labels/image60_jpg.rf.0aedb9f9a5b06b4835edc519176af24d.txt,chickpea
train,train/images/Angled-gourd_-55-_jpg.rf.b7dd10fd17c290920f7ec8111b70e054.jpg,train/labels/Angled-gourd_-55-_jpg.rf.b7dd10fd17c290920f7ec8111b70e054.txt,angle-gourd
train,train/images/images-8-_jpeg.rf.575c62449bd3d4bfc1f6d7787eb0d50f.jpg,train/labels/images-8-_jpeg.rf.575c62449bd3d4bfc1f6d7787eb0d50f.txt,rice seeds
train,train/images/images-5-_jpeg.rf.8e0b6f86b8566e182770da75a1eda7da.jpg,train/labels/images-5-_jpeg.rf.8e0b6f86b8566e182770da75a1eda7da.txt,coffee beans
train,train/images/download-10-_jpeg.rf.008e55ffc5abe65cbdfc931debf98de5.jpg,train/labels/download-10-_jpeg.rf.008e55ffc5abe65cbdfc931debf98de5.txt,fennel
train,train/images/IMG_20230316_131552_jpg.rf.6b776426acfa0f71ae1ffb8169e81cd0.jpg,train/labels/IMG_20230316_131552_jpg.rf.6b776426acfa0f71ae1ffb8169e81cd0.txt,chickpea
train,train/images/image41_png.rf.8986e80f1ae98f11b7e7927e81879294.jpg,train/labels/image41_png.rf.8986e80f1ae98f11b7e7927e81879294.txt,chickpea
train,train/images/image149_jpg.rf.992361f30ba5a98377203f6246835144.jpg,train/labels/image149_jpg.rf.992361f30ba5a98377203f6246835144.txt,chickpea
train,train/images/IMG_20230316_151230_1-2-_jpg.rf.04bfa127bd196868c6933167f08ab3bf.jpg,train/labels/IMG_20230316_151230_1-2-_jpg.rf.04bfa127bd196868c6933167f08ab3bf.txt,
train,train/images/chickpea194_jpg.rf.9ceb95ed08c47d760a45e6ffef8f2769.jpg,train/labels/chickpea194_jpg.rf.9ceb95ed08c47d760a45e6ffef8f2769.txt,chickpea
train,train/images/Angled-gourd_-37-_jpg.rf.fa1eaa9e24d046bf211158f906dbb9ac.jpg,train/labels/Angled-gourd_-37-_jpg.rf.fa1eaa9e24d046bf211158f906dbb9ac.txt,angle-gourd
train,train/images/download-8-_jpeg.rf.42537441746599a56aa7c34bfef74e8e.jpg,train/labels/download-8-_jpeg.rf.42537441746599a56aa7c34bfef74e8e.txt,watermelon seeds
train,train/images/image47_jpg.rf.e3471bc928b7d262e525972c7150fdc1.jpg,train/labels/image47_jpg.rf.e3471bc928b7d262e525972c7150fdc1.txt,
train,train/images/chickpea202_jpg.rf.8edad024e4ed91783d216da14ebcc8ec.jpg,train/labels/chickpea202_jpg.rf.8edad024e4ed91783d216da14ebcc8ec.txt,chickpea
train,train/images/IMG_20230316_124636_jpg.rf.6e8f08faa2a17a77106520435caaa648.jpg,train/labels/IMG_20230316_124636_jpg.rf.6e8f08faa2a17a77106520435caaa648.txt,chickpea
train,train/images/Angled-gourd_-69-_jpg.rf.8c6b552db2b40c94e53469d2fe959e98.jpg,train/labels/Angled-gourd_-69-_jpg.rf.8c6b552db2b40c94e53469d2fe959e98.txt,
train,train/images/chickpea130_jpg.rf.9aff4a68e19b311d840350b29b6adc60.jpg,train/labels/chickpea130_jpg.rf.9aff4a68e19b311d840350b29b6adc60.txt,chickpea
train,train/images/IMG_20230316_154430_jpg.rf.dc62e5e195245e0739d2f6384c90ed20.jpg,train/labels/IMG_20230316_154430_jpg.rf.dc62e5e195245e0739d2f6384c90ed20.txt,chickpea
train,train/images/chickpea195_jpg.rf.2f26abb6db7d4f99fda687616d6a67b8.jpg,train/labels/chickpea195_jpg.rf.2f26abb6db7d4f99fda687616d6a67b8.txt,chickpea
train,train/images/Bottle-gourd_round-9-_jpg.rf.474fa795a81355b847cbb700d2ecc3ff.jpg,train/labels/Bottle-gourd_round-9-_jpg.rf.474fa795a81355b847cbb700d2ecc3ff.txt,bitter-gourd
train,train/images/image_129_png.rf.b5aeaa32d8306d2352b664536eaea3d8.jpg,train/labels/image_129_png.rf.b5aeaa32d8306d2352b664536eaea3d8.txt,
train,train/images/images-5-_jpeg.rf.acb75c985b7b58001ba33e3d3ac44ec9.jpg,train/labels/images-5-_jpeg.rf.acb75c985b7b58001ba33e3d3ac44ec9.txt,nigella seeds
train,train/images/image47_png.rf.732d872ff2218f2ce2b7266f167cedbe.jpg,train/labels/image47_png.rf.732d872ff2218f2ce2b7266f167cedbe.txt,chickpea
train,train/images/download-1-_jpeg.rf.b33659045518059215bff98d3c74bd9c.jpg,train/labels/download-1-_jpeg.rf.b33659045518059215bff98d3c74bd9c.txt,mint seeds
train,train/images/Wing-bean_-41-_jpg.rf.cc5eb6dbf6df70e245164d00bb2e5621.jpg,train/labels/Wing-bean_-41-_jpg.rf.cc5eb6dbf6df70e245164d00bb2e5621.txt,wingbean
train,train/images/image8_png.rf.38732635049ff2fabe5f63da36b1d538.jpg,train/labels/image8_png.rf.38732635049ff2fabe5f63da36b1d538.txt,chickpea
train,train/images/Pumpkin_-96-_jpg.rf.cb611caa87623fd8b27f8a12cfb2e32f.jpg,train/labels/Pumpkin_-96-_jpg.rf.cb611caa87623fd8b27f8a12cfb2e32f.txt,pumpkin
train,train/images/image61_jpg.rf.7235da4b59b5565802f685d0430bbe42.jpg,train/labels/image61_jpg.rf.7235da4b59b5565802f685d0430bbe42.txt,
train,train/images/download-10-_jpeg.rf.349ba7a0e671e55ed6c70161f7e45b9b.jpg,train/labels/download-10-_jpeg.rf.349ba7a0e671e55ed6c70161f7e45b9b.txt,watermelon seeds
train,train/images/images-8-_jpeg.rf.b3eab18b30586700c71b2e3666d7a764.jpg,train/labels/images-8-_jpeg.rf.b3eab18b30586700c71b2e3666d7a764.txt,grape seeds
train,train/images/images-7-_jpeg.rf.a6875c83b61d4ed5d7d8ebd58c104769.jpg,train/labels/images-7-_jpeg.rf.a6875c83b61d4ed5d7d8ebd58c104769.txt,coffee beans
train,train/images/image88_png.rf.84317dfb1c47c954c592bce9979ad25d.jpg,train/labels/image88_png.rf.84317dfb1c47c954c592bce9979ad25d.txt,chickpea
train,train/images/images-10-_jpeg.rf.5f9a72d8584795613ffff9ab9c2cc0bf.jpg,train/labels/images-10-_jpeg.rf.5f9a72d8584795613ffff9ab9c2cc0bf.txt,chia
train,train/images/download-7-_jpeg.rf.11e2dd5a81d03702ff1308ffee45c93e.jpg,train/labels/download-7-_jpeg.rf.11e2dd5a81d03702ff1308ffee45c93e.txt,garlic seeds
train,train/images/Angled-gourd_-65-_jpg.rf.d558a1f78d8a63f846fbec32ee7670ba.jpg,train/labels/Angled-gourd_-65-_jpg.rf.d558a1f78d8a63f846fbec32ee7670ba.txt,angle-gourd
train,train/images/IMG_20230316_151228_jpg.rf.13048d69a68fcbd329bc368533ceca72.jpg,train/labels/IMG_20230316_151228_jpg.rf.13048d69a68fcbd329bc368533ceca72.txt,chickpea
train,train/images/download_jpeg.rf.a8dc42bac3d844a79d47135d73399519.jpg,train/labels/download_jpeg.rf.a8dc42bac3d844a79d47135d73399519.txt,potato seeds
train,train/images/Pumpkin_-59-_jpg.rf.f9344ba0ad37c541f36c1488ae7b3954.jpg,train/labels/Pumpkin_-59-_jpg.rf.f9344ba0ad37c541f36c1488ae7b3954.txt,pumpkin
train,train/images/image15_jpg.rf.547446c12b561071756286aec83ef0cc.jpg,train/labels/image15_jpg.rf.547446c12b561071756286aec83ef0cc.txt,
train,train/images/IMG_20230316_154059_1_jpg.rf.c90fd1e456a38968cdae5bec9901d1cb.jpg,train/labels/IMG_20230316_154059_1_jpg.rf.c90fd1e456a38968cdae5bec9901d1cb.txt,
train,train/images/download-2-_jpeg.rf.bab47c08f09d2f7f17a648c7bdfebd26.jpg,train/labels/download-2-_jpeg.rf.bab47c08f09d2f7f17a648c7bdfebd26.txt,garlic seeds
train,train/images/image66_png.rf.93dae024feb83d850a62a75b6a412af3.jpg,train/labels/image66_png.rf.93dae024feb83d850a62a75b6a412af3.txt,chickpea
train,train/images/Sugar-pea_-5-_jpg.rf.4d8483d6a6bc21ca8f9b88f7bdf2318d.jpg,train/labels/Sugar-pea_-5-_jpg.rf.4d8483d6a6bc21ca8f9b88f7bdf2318d.txt,sugar-pea
train,train/images/image56_png.rf.23a010d7a7b75f099fbe458aa2c4f529.jpg,train/labels/image56_png.rf.23a010d7a7b75f099fbe458aa2c4f529.txt,chickpea
train,train/images/image60_png.rf.1d4b8c4bc8abb8b1a7ed8de9b77da987.jpg,train/labels/image60_png.rf.1d4b8c4bc8abb8b1a7ed8de9b77da987.txt,chickpea
train,train/images/image_141_png.rf.07601c58f0bb0b1d3a86957cc1592d05.jpg,train/labels/image_141_png.rf.07601c58f0bb0b1d3a86957cc1592d05.txt,chickpea
train,train/images/image7_png.rf.65c72d400f444406faee562f61e307fc.jpg,train/labels/image7_png.rf.65c72d400f444406faee562f61e307fc.txt,chickpea
train,train/images/download-11-_jpeg.rf.f4d1cec1b1b499d8fe0be980e7bd8ccf.jpg,train/labels/download-11-_jpeg.rf.f4d1cec1b1b499d8fe0be980e7bd8ccf.txt,brown bean
train,train/images/images-7-_jpeg.rf.8ba60dbbb382611abfb655d11599a435.jpg,train/labels/images-7-_jpeg.rf.8ba60dbbb382611abfb655d11599a435.txt,cucumber seeds
train,train/images/download_jpeg.rf.2d300a18f19c837488f7f744cd311ef4.jpg,train/labels/download_jpeg.rf.2d300a18f19c837488f7f744cd311ef4.txt,beetroot seed
train,train/images/download_jpeg.rf.aa210b5dd0c04c5f0a5e68deda9c1ed7.jpg,train/labels/download_jpeg.rf.aa210b5dd0c04c5f0a5e68deda9c1ed7.txt,rice seeds
train,train/images/download-16-_jpeg.rf.9b73df86e5e6db259a154a16bfcff794.jpg,train/labels/download-16-_jpeg.rf.9b73df86e5e6db259a154a16bfcff794.txt,garlic seeds
train,train/images/chickpea152_jpg.rf.5ab037b4569bc050a589c268b313d729.jpg,train/labels/chickpea152_jpg.rf.5ab037b4569bc050a589c268b313d729.txt,chickpea
train,train/images/image18_png.rf.957f7d7cda67a8447c313cf4066de4bb.jpg,train/labels/image18_png.rf.957f7d7cda67a8447c313cf4066de4bb.txt,chickpea
train,train/images/image12_jpg.rf.6a90ff50f18c689466adca3994e2252c.jpg,train/labels/image12_jpg.rf.6a90ff50f18c689466adca3994e2252c.txt,chickpea
train,train/images/image_169_png.rf.c5c389ceaa573ed3cdbbf6af5d861b75.jpg,train/labels/image_169_png.rf.c5c389ceaa573ed3cdbbf6af5d861b75.txt,chickpea
train,train/images/image19_jpg.rf.f1537b12f4b3a42de97d6fe717552741.jpg,train/labels/image19_jpg.rf.f1537b12f4b3a42de97d6fe717552741.txt,
train,train/images/IMG_20230316_124333_1-1-_jpg.rf.cd160d7a21374f594091f29add3e6f87.jpg,train/labels/IMG_20230316_124333_1-1-_jpg.rf.cd160d7a21374f594091f29add3e6f87.txt,chickpea
train,train/images/image_150_png.rf.5eb1a8cf02e4c78570c536b042509597.jpg,train/labels/image_150_png.rf.5eb1a8cf02e4c78570c536b042509597.txt,chickpea
train,train/images/image51_jpg.rf.21686b392267d3ce2544c6bfbffaca35.jpg,train/labels/image51_jpg.rf.21686b392267d3ce2544c6bfbffaca35.txt,
train,train/images/Bottle-gourd_round-37-_jpg.rf.f33db052b9c9ab955dc2574d4b3b2d54.jpg,train/labels/Bottle-gourd_round-37-_jpg.rf.f33db052b9c9ab955dc2574d4b3b2d54.txt,
train,train/images/image43_png.rf.a1fbb462b18db4d6015f2ada6682acd9.jpg,train/labels/image43_png.rf.a1fbb462b18db4d6015f2ada6682acd9.txt,chickpea
train,train/images/download-5-_jpeg.rf.97c78c10b6a26755bb786d8faf6eff3b.jpg,train/labels/download-5-_jpeg.rf.97c78c10b6a26755bb786d8faf6eff3b.txt,lotus seeds
train,train/images/image113_jpg.rf.5da8985a5e0ca69fa31b1492bac3876e.jpg,train/labels/image113_jpg.rf.5da8985a5e0ca69fa31b1492bac3876e.txt,chickpea
train,train/images/Yardlong-bean_-86-_jpg.rf.69489c303eceeb800d7252ccfcedf28c.jpg,train/labels/Yardlong-bean_-86-_jpg.rf.69489c303eceeb800d7252ccfcedf28c.txt,yardlong-bean
train,train/images/image9_jpg.rf.1a117d65162d0f4474b7f5bdc5a1d734.jpg,train/labels/image9_jpg.rf.1a117d65162d0f4474b7f5bdc5a1d734.txt,
train,train/images/Sugar-pea_-86-_jpg.rf.f56d35be1fc04d95e41eb8b8619d299a.jpg,train/labels/Sugar-pea_-86-_jpg.rf.f56d35be1fc04d95e41eb8b8619d299a.txt,
train,train/images/download-17-_jpeg.rf.add52928968abeeebe2a55034fe99aa7.jpg,train/labels/download-17-_jpeg.rf.add52928968abeeebe2a55034fe99aa7.txt,mustard seeds
train,train/images/image73_png.rf.5cbe90980ba034b5134b4f1b4d46efc8.jpg,train/labels/image73_png.rf.5cbe90980ba034b5134b4f1b4d46efc8.txt,chickpea
train,train/images/chickpea196_jpg.rf.fd21933ad614779310690f2d4068ebc2.jpg,train/labels/chickpea196_jpg.rf.fd21933ad614779310690f2d4068ebc2.txt,chickpea
train,train/images/IMG_20230316_151230_1-1-_jpg.rf.50b5fc67cf51ca4646e89af6749ab26b.jpg,train/labels/IMG_20230316_151230_1-1-_jpg.rf.50b5fc67cf51ca4646e89af6749ab26b.txt,
train,train/images/download-5-_jpeg.rf.8dc98c53b606b074ae3ed6ca87f99bcc.jpg,train/labels/download-5-_jpeg.rf.8dc98c53b606b074ae3ed6ca87f99bcc.txt,rice seeds
train,train/images/IMG_20230316_151228-3-_jpg.rf.3c7f6e99cc8c360d00dabaf72166f966.jpg,train/labels/IMG_20230316_151228-3-_jpg.rf.3c7f6e99cc8c360d00dabaf72166f966.txt,chickpea
train,train/images/download-5-_jpeg.rf.ef324feb7b5a2c5cd6e82f0fd201d48c.jpg,train/labels/download-5-_jpeg.rf.ef324feb7b5a2c5cd6e82f0fd201d48c.txt,nigella seeds
train,train/images/chickpea88_jpg.rf.72fb5f795867607d45b3b256c04cfc20.jpg,train/labels/chickpea88_jpg.rf.72fb5f795867607d45b3b256c04cfc20.txt,chickpea
train,train/images/images-3-_jpeg.rf.fce41ad883cf34505b36c4ec902ead2b.jpg,train/labels/images-3-_jpeg.rf.fce41ad883cf34505b36c4ec902ead2b.txt,cabbage
train,train/images/image30_jpg.rf.565e5dd994016dc87e1ca43bffbe12d2.jpg,train/labels/image30_jpg.rf.565e5dd994016dc87e1ca43bffbe12d2.txt,chickpea
train,train/images/chickpea1_jpg.rf.1ef51c566b802df295576c5dfd58e2a6.jpg,train/labels/chickpea1_jpg.rf.1ef51c566b802df295576c5dfd58e2a6.txt,chickpea
train,train/images/download-1-_jpeg.rf.34e8f8589e6d679bbf959a3fa71f1186.jpg,train/labels/download-1-_jpeg.rf.34e8f8589e6d679bbf959a3fa71f1186.txt,grape seeds
train,train/images/download-9-_jpeg.rf.98b91f7ffd0e08ba75d6bd7c19911400.jpg,train/labels/download-9-_jpeg.rf.98b91f7ffd0e08ba75d6bd7c19911400.txt,brown bean
train,train/images/images-1-_jpeg.rf.a5a0a4d48d6f2ef6c314a8a8900166d1.jpg,train/labels/images-1-_jpeg.rf.a5a0a4d48d6f2ef6c314a8a8900166d1.txt,oats seeds
train,train/images/Wing-bean_-71-_jpg.rf.63944b5eb2cfcff9863e85460bb0b0f1.jpg,train/labels/Wing-bean_-71-_jpg.rf.63944b5eb2cfcff9863e85460bb0b0f1.txt,wingbean
train,train/images/Angled-gourd_-43-_jpg.rf.8cb511186f373db932c62c9533e06a8a.jpg,train/labels/Angled-gourd_-43-_jpg.rf.8cb511186f373db932c62c9533e06a8a.txt,angle-gourd
train,train/images/download-12-_jpeg.rf.a7da7f0ebb9f7e15b11b0c1f7ce95a0f.jpg,train/labels/download-12-_jpeg.rf.a7da7f0ebb9f7e15b11b0c1f7ce95a0f.txt,mustard seeds
train,train/images/chickpea145_jpg.rf.2e1bcbb81a94bbd741b63ad969c6a613.jpg,train/labels/chickpea145_jpg.rf.2e1bcbb81a94bbd741b63ad969c6a613.txt,chickpea
train,train/images/image92_jpg.rf.348e76bdca145dd48e60719c109de466.jpg,train/labels/image92_jpg.rf.348e76bdca145dd48e60719c109de466.txt,chickpea
train,train/images/download-13-_jpeg.rf.a5266e244ac1708762614528f5034934.jpg,train/labels/download-13-_jpeg.rf.a5266e244ac1708762614528f5034934.txt,fennel
train,train/images/image102_png.rf.30f9e1db87fcc7c19a283931480235f3.jpg,train/labels/image102_png.rf.30f9e1db87fcc7c19a283931480235f3.txt,chickpea
train,train/images/images-13-_jpeg.rf.409b70e5d1b808e82d552b2f5d8ab21a.jpg,train/labels/images-13-_jpeg.rf.409b70e5d1b808e82d552b2f5d8ab21a.txt,rice seeds
train,train/images/Wing-bean_-55-_jpg.rf.f58cd15ea3dc430402c3f54c7703220a.jpg,train/labels/Wing-bean_-55-_jpg.rf.f58cd15ea3dc430402c3f54c7703220a.txt,wingbean
train,train/images/Wing-bean_-44-_jpg.rf.4fe2e438588c22f3fc2defbfe5cbbf92.jpg,train/labels/Wing-bean_-44-_jpg.rf.4fe2e438588c22f3fc2defbfe5cbbf92.txt,wingbean
train,train/images/Angled-gourd_-67-_jpg.rf.f9d97b0009c2891bd8b1c7ea58e61a4c.jpg,train/labels/Angled-gourd_-67-_jpg.rf.f9d97b0009c2891bd8b1c7ea58e61a4c.txt,angle-gourd
train,train/images/image74_jpg.rf.48ce47f99cd9c44230b6c3e7c98230c4.jpg,train/labels/image74_jpg.rf.48ce47f99cd9c44230b6c3e7c98230c4.txt,chickpea
train,train/images/download-13-_jpeg.rf.6ce647f9dc6698610aa9bc8f3ecc36d2.jpg,train/labels/download-13-_jpeg.rf.6ce647f9dc6698610aa9bc8f3ecc36d2.txt,brown bean
train,train/images/IMG_20230316_124835_1_jpg.rf.251d3113c2ab6f2b622247ea6691d7e6.jpg,train/labels/IMG_20230316_124835_1_jpg.rf.251d3113c2ab6f2b622247ea6691d7e6.txt,chickpea
train,train/images/image51_jpg.rf.e5c075bde6a55e1fa9a595b7158e1950.jpg,train/labels/image51_jpg.rf.e5c075bde6a55e1fa9a595b7158e1950.txt,chickpea
train,train/images/IMG_20230316_125951_jpg.rf.bcf8b73135ca5840a2db352d910741b4.jpg,train/labels/IMG_20230316_125951_jpg.rf.bcf8b73135ca5840a2db352d910741b4.txt,
train,train/images/images-11-_jpeg.rf.623aafd8d301fdf6cafcc35d6f6c041e.jpg,train/labels/images-11-_jpeg.rf.623aafd8d301fdf6cafcc35d6f6c041e.txt,garlic seeds
train,train/images/IMG_20230316_124247_1-1-_jpg.rf.95693a4aa3208052e69be0f8795d2195.jpg,train/labels/IMG_20230316_124247_1-1-_jpg.rf.95693a4aa3208052e69be0f8795d2195.txt,
train,train/images/IMG_20230316_124641_1-1-_jpg.rf.35dd19fe1b91decb12ea2a142a8a4523.jpg,train/labels/IMG_20230316_124641_1-1-_jpg.rf.35dd19fe1b91decb12ea2a142a8a4523.txt,chickpea
train,train/images/image95_jpg.rf.4f38224c79b45a4f7429cf62154c06a9.jpg,train/labels/image95_jpg.rf.4f38224c79b45a4f7429cf62154c06a9.txt,chickpea
train,train/images/images-7-_jpeg.rf.dc412a9976c072581f6af0d912e91734.jpg,train/labels/images-7-_jpeg.rf.dc412a9976c072581f6af0d912e91734.txt,cabbage
train,train/images/download-7-_jpeg.rf.06931782b66d6be729111415b298a88f.jpg,train/labels/download-7-_jpeg.rf.06931782b66d6be729111415b298a88f.txt,mint seeds
train,train/images/image10_png.rf.c828af5c61d469052c2c7ffb674fc36e.jpg,train/labels/image10_png.rf.c828af5c61d469052c2c7ffb674fc36e.txt,chickpea
train,train/images/image130_jpg.rf.03534e459c808a85dce596e1e617e774.jpg,train/labels/image130_jpg.rf.03534e459c808a85dce596e1e617e774.txt,chickpea
train,train/images/download-11-_jpeg.rf.c31fc32e0c9c94b6dc434da8a30fd52d.jpg,train/labels/download-11-_jpeg.rf.c31fc32e0c9c94b6dc434da8a30fd52d.txt,carrot
train,train/images/images-7-_jpeg.rf.c8f3e062a281ca9a560c7deabcb4348a.jpg,train/labels/images-7-_jpeg.rf.c8f3e062a281ca9a560c7deabcb4348a.txt,lotus seeds
train,train/images/image77_png.rf.f0c5a4f742706e6d726d977d174f9872.jpg,train/labels/image77_png.rf.f0c5a4f742706e6d726d977d174f9872.txt,chickpea
train,train/images/images-6-_jpeg.rf.aa31b4b5b6e85c230d44fb7de2dbb406.jpg,train/labels/images-6-_jpeg.rf.aa31b4b5b6e85c230d44fb7de2dbb406.txt,onion seeds
train,train/images/IMG_20230316_151228-2-_jpg.rf.d3a694825a4a79fa3ba0713fc7bdaede.jpg,train/labels/IMG_20230316_151228-2-_jpg.rf.d3a694825a4a79fa3ba0713fc7bdaede.txt,chickpea
train,train/images/chickpea196_jpg.rf.91a0788a44b5bfa9e63471bb5eb1079a.jpg,train/labels/chickpea196_jpg.rf.91a0788a44b5bfa9e63471bb5eb1079a.txt,chickpea
train,train/images/images-7-_jpeg.rf.c5fa304303a88bdf3f256c0aba6bcdf3.jpg,train/labels/images-7-_jpeg.rf.c5fa304303a88bdf3f256c0aba6bcdf3.txt,nigella seeds
train,train/images/image95_png.rf.f17d98ce8077ca820c354b32e88c0c64.jpg,train/labels/image95_png.rf.f17d98ce8077ca820c354b32e88c0c64.txt,chickpea
train,train/images/images-3-_jpeg.rf.403c68642d46c68cce3a0cf720fd9e60.jpg,train/labels/images-3-_jpeg.rf.403c68642d46c68cce3a0cf720fd9e60.txt,chia
train,train/images/download-13-_jpeg.rf.c0f5501c803180425b81f1b757ac92bd.jpg,train/labels/download-13-_jpeg.rf.c0f5501c803180425b81f1b757ac92bd.txt,sesame seeds
train,train/images/image_136_png.rf.9921fa7636b726f6b9cb12c995c0e6a6.jpg,train/labels/image_136_png.rf.9921fa7636b726f6b9cb12c995c0e6a6.txt,chickpea
train,train/images/Bottle-gourd_long-69-_jpg.rf.c067e65b6df82dc791ba4698d7b6a854.jpg,train/labels/Bottle-gourd_long-69-_jpg.rf.c067e65b6df82dc791ba4698d7b6a854.txt,
train,train/images/download-5-_jpeg.rf.078b7a0735fc4dcfae00faeb5817c886.jpg,train/labels/download-5-_jpeg.rf.078b7a0735fc4dcfae00faeb5817c886.txt,split red lentils
train,train/images/image80_jpg.rf.f91dfce898c19ad8c748883006a1d963.jpg,train/labels/image80_jpg.rf.f91dfce898c19ad8c748883006a1d963.txt,
train,train/images/images-5-_jpeg.rf.41ac953f32d25f0d1990f5ffd4235d6e.jpg,train/labels/images-5-_jpeg.rf.41ac953f32d25f0d1990f5ffd4235d6e.txt,hemp seeds
train,train/images/chickpea135_jpg.rf.c6d4f5cf654c1701bd29bfcb83676f7a.jpg,train/labels/chickpea135_jpg.rf.c6d4f5cf654c1701bd29bfcb83676f7a.txt,chickpea
train,train/images/images-5-_jpeg.rf.f121257921046c6447bb1e4553c00514.jpg,train/labels/images-5-_jpeg.rf.f121257921046c6447bb1e4553c00514.txt,beetroot seed
train,train/images/chickpea203_jpg.rf.6025697b67ed149623a083135a6fe9d1.jpg,train/labels/chickpea203_jpg.rf.6025697b67ed149623a083135a6fe9d1.txt,chickpea
train,train/images/image69_jpg.rf.7a721ae2e8e8009bcd6b3c3c7b2a8e5d.jpg,train/labels/image69_jpg.rf.7a721ae2e8e8009bcd6b3c3c7b2a8e5d.txt,chickpea
train,train/images/image19_jpg.rf.801fd995855a8590f182ab409f4c03d6.jpg,train/labels/image19_jpg.rf.801fd995855a8590f182ab409f4c03d6.txt,chickpea
train,train/images/chickpea154_jpg.rf.b95be4b0b53cdd99fd7ff1d01759577d.jpg,train/labels/chickpea154_jpg.rf.b95be4b0b53cdd99fd7ff1d01759577d.txt,chickpea
train,train/images/IMG_20230316_130120_1_jpg.rf.7f443c9921048d96d20a8b07bb97d980.jpg,train/labels/IMG_20230316_130120_1_jpg.rf.7f443c9921048d96d20a8b07bb97d980.txt,chickpea
train,train/images/download-1-_jpeg.rf.d44139d264a95a09b5566d0136ccc82c.jpg,train/labels/download-1-_jpeg.rf.d44139d264a95a09b5566d0136ccc82c.txt,chia
train,train/images/image130_jpg.rf.45e9d626a2ad4e2408a42e8ec9d496be.jpg,train/labels/image130_jpg.rf.45e9d626a2ad4e2408a42e8ec9d496be.txt,
train,train/images/IMG_20230316_154059_1-1-_jpg.rf.84a70c30a16b385fc853bb6c780aee87.jpg,train/labels/IMG_20230316_154059_1-1-_jpg.rf.84a70c30a16b385fc853bb6c780aee87.txt,
train,train/images/IMG_20230316_151230_1-1-_jpg.rf.9335e85b0f0b4809ac710fed524cedbd.jpg,train/labels/IMG_20230316_151230_1-1-_jpg.rf.9335e85b0f0b4809ac710fed524cedbd.txt,chickpea
train,train/images/download-8-_jpeg.rf.1c7ac627209d764737389a1c86e0d289.jpg,train/labels/download-8-_jpeg.rf.1c7ac627209d764737389a1c86e0d289.txt,carrot
train,train/images/image42_jpg.rf.ffd373968b511c5ff8a6f57375cb7fbc.jpg,train/labels/image42_jpg.rf.ffd373968b511c5ff8a6f57375cb7fbc.txt,
train,train/images/chickpea190_jpg.rf.5cbf179c3e55fc42cbc391bf22f06233.jpg,train/labels/chickpea190_jpg.rf.5cbf179c3e55fc42cbc391bf22f06233.txt,chickpea
train,train/images/image58_jpg.rf.c2676c8df5d1059d20c71cf97654b7de.jpg,train/labels/image58_jpg.rf.c2676c8df5d1059d20c71cf97654b7de.txt,
train,train/images/IMG_20230316_150604_1-1-_jpg.rf.6a7247546f57f02ee2431138aa024cf7.jpg,train/labels/IMG_20230316_150604_1-1-_jpg.rf.6a7247546f57f02ee2431138aa024cf7.txt,chickpea
train,train/images/download-5-_jpeg.rf.ad7cb3555ca12a2138b58e520cc98832.jpg,train/labels/download-5-_jpeg.rf.ad7cb3555ca12a2138b58e520cc98832.txt,flax seeds
train,train/images/images-6-_jpeg.rf.12c591cbb7d2504394e644536857fb74.jpg,train/labels/images-6-_jpeg.rf.12c591cbb7d2504394e644536857fb74.txt,garlic seeds
train,train/images/images-7-_jpeg.rf.5d78b2d2af51d216868c9d595e4db5f3.jpg,train/labels/images-7-_jpeg.rf.5d78b2d2af51d216868c9d595e4db5f3.txt,basil seeds
train,train/images/images-4-_jpeg.rf.93fc9ede4e54156017ae4d4e8a950957.jpg,train/labels/images-4-_jpeg.rf.93fc9ede4e54156017ae4d4e8a950957.txt,hemp seeds
train,train/images/images-1-_jpeg.rf.cca1917d0fd077574b091f79e3599351.jpg,train/labels/images-1-_jpeg.rf.cca1917d0fd077574b091f79e3599351.txt,poppy seeds
train,train/images/Bottle-gourd_round-60-_jpg.rf.6915680a99e5fe3b4530756de4e9a3bd.jpg,train/labels/Bottle-gourd_round-60-_jpg.rf.6915680a99e5fe3b4530756de4e9a3bd.txt,
train,train/images/Wing-bean_-58-_jpg.rf.075cef3cec1e346344b0b916c98aa642.jpg,train/labels/Wing-bean_-58-_jpg.rf.075cef3cec1e346344b0b916c98aa642.txt,wingbean
train,train/images/IMG_20230316_155028_1_jpg.rf.dbf4c419374cda5b246939e42f16fb31.jpg,train/labels/IMG_20230316_155028_1_jpg.rf.dbf4c419374cda5b246939e42f16fb31.txt,chickpea
train,train/images/download-14-_jpeg.rf.59a6d540553ce10462e583e909a937ca.jpg,train/labels/download-14-_jpeg.rf.59a6d540553ce10462e583e909a937ca.txt,pinenut seeds
train,train/images/image15_jpg.rf.d6453a59c9f032133fa85c3e336c985e.jpg,train/labels/image15_jpg.rf.d6453a59c9f032133fa85c3e336c985e.txt,chickpea
train,train/images/IMG_20230316_124919_1-5-_jpg.rf.f327af1f5e84676793fcfbb5ea5ba9cb.jpg,train/labels/IMG_20230316_124919_1-5-_jpg.rf.f327af1f5e84676793fcfbb5ea5ba9cb.txt,
train,train/images/download-6-_jpeg.rf.f49b0f3cb4ebd5538f7a0766f4bd2027.jpg,train/labels/download-6-_jpeg.rf.f49b0f3cb4ebd5538f7a0766f4bd2027.txt,mint seeds
train,train/images/Wing-bean_-90-_jpg.rf.d2cbf559ed21d562d8899e3e8c92aed6.jpg,train/labels/Wing-bean_-90-_jpg.rf.d2cbf559ed21d562d8899e3e8c92aed6.txt,
train,train/images/download-7-_jpeg.rf.729d804b7268b976121633c12d29eaee.jpg,train/labels/download-7-_jpeg.rf.729d804b7268b976121633c12d29eaee.txt,cabbage
train,train/images/images-1-_jpeg.rf.8d2bf5db3fa16d4479881a45a1d1894d.jpg,train/labels/images-1-_jpeg.rf.8d2bf5db3fa16d4479881a45a1d1894d.txt,egusi seeds
train,train/images/download_jpeg.rf.c60af0a63bc051150ca7bbe9802d384e.jpg,train/labels/download_jpeg.rf.c60af0a63bc051150ca7bbe9802d384e.txt,mint seeds
train,train/images/image17_png.rf.851d38dfe8b729b653ec2d194bd72d39.jpg,train/labels/image17_png.rf.851d38dfe8b729b653ec2d194bd72d39.txt,chickpea
train,train/images/download_jpeg.rf.84f23d01aeb6985f4d221828c9d3a5ee.jpg,train/labels/download_jpeg.rf.84f23d01aeb6985f4d221828c9d3a5ee.txt,flax seeds
train,train/images/images_jpeg.rf.7fdf68a5251228ff949815923b29ab5f.jpg,train/labels/images_jpeg.rf.7fdf68a5251228ff949815923b29ab5f.txt,basil seeds
train,train/images/download-2-_jpeg.rf.8217ad029fde6762324db03be59f7ba6.jpg,train/labels/download-2-_jpeg.rf.8217ad029fde6762324db03be59f7ba6.txt,split red lentils
train,train/images/image100_jpg.rf.0fa5401e437f066ca541f203a0d2c882.jpg,train/labels/image100_jpg.rf.0fa5401e437f066ca541f203a0d2c882.txt,
train,train/images/download-1-_jpeg.rf.d2cce264d5bc81f4abc7eda28d2a441f.jpg,train/labels/download-1-_jpeg.rf.d2cce264d5bc81f4abc7eda28d2a441f.txt,split red lentils
train,train/images/images-14-_jpeg.rf.09119f96571b7a86e41aaa80ad374c30.jpg,train/labels/images-14-_jpeg.rf.09119f96571b7a86e41aaa80ad374c30.txt,basil seeds
train,train/images/image_150_png.rf.b17e9692bbacd6831d2ba426a3277059.jpg,train/labels/image_150_png.rf.b17e9692bbacd6831d2ba426a3277059.txt,
train,train/images/image105_jpg.rf.279c44a85477f25c097b03d8f0ba46eb.jpg,train/labels/image105_jpg.rf.279c44a85477f25c097b03d8f0ba46eb.txt,chickpea
train,train/images/images-1-_jpeg.rf.8675b3a2e7ff60f8834f7caa9e26d47b.jpg,train/labels/images-1-_jpeg.rf.8675b3a2e7ff60f8834f7caa9e26d47b.txt,chia
train,train/images/images-3-_jpeg.rf.f5483da32cdf7ec0040bf121a6080318.jpg,train/labels/images-3-_jpeg.rf.f5483da32cdf7ec0040bf121a6080318.txt,mint seeds
train,train/images/download-6-_jpeg.rf.1396a8b3185d650f55162c30f892192d.jpg,train/labels/download-6-_jpeg.rf.1396a8b3185d650f55162c30f892192d.txt,watermelon seeds
train,train/images/IMG_20230316_155647_1-1-_jpg.rf.9b5145a7ac2806c3be7f46b7d1970a7b.jpg,train/labels/IMG_20230316_155647_1-1-_jpg.rf.9b5145a7ac2806c3be7f46b7d1970a7b.txt,chickpea
train,train/images/download-7-_jpeg.rf.bc86139b38f290c621b60912fca411b2.jpg,train/labels/download-7-_jpeg.rf.bc86139b38f290c621b60912fca411b2.txt,pinenut seeds
train,train/images/S20211206_0007_jpg.rf.b80fbc1da8baa1fce292ea490a0a1b79.jpg,train/labels/S20211206_0007_jpg.rf.b80fbc1da8baa1fce292ea490a0a1b79.txt,
train,train/images/Bottle-gourd_long-57-_jpg.rf.25db54a0b58fd7d6b500905f2090ea5e.jpg,train/labels/Bottle-gourd_long-57-_jpg.rf.25db54a0b58fd7d6b500905f2090ea5e.txt,
train,train/images/images-1-_jpeg.rf.f20ed4709a03aedc9f53b30433b489f9.jpg,train/labels/images-1-_jpeg.rf.f20ed4709a03aedc9f53b30433b489f9.txt,watermelon seeds
train,train/images/download-5-_jpeg.rf.b5c969eb65097f932fff5fb366252902.jpg,train/labels/download-5-_jpeg.rf.b5c969eb65097f932fff5fb366252902.txt,radish seeds
train,train/images/Bottle-gourd_long-89-_jpg.rf.0ae7a92e2aae528f93e5e4a97bd4639d.jpg,train/labels/Bottle-gourd_long-89-_jpg.rf.0ae7a92e2aae528f93e5e4a97bd4639d.txt,
train,train/images/download-13-_jpeg.rf.53633954034c1fc0f2d6bcfc14462910.jpg,train/labels/download-13-_jpeg.rf.53633954034c1fc0f2d6bcfc14462910.txt,oats seeds
train,train/images/IMG_20230316_151519_1-1-_jpg.rf.4e5620b0f4d94217e6aeb1cdf3c110ab.jpg,train/labels/IMG_20230316_151519_1-1-_jpg.rf.4e5620b0f4d94217e6aeb1cdf3c110ab.txt,chickpea
train,train/images/chickpea194_jpg.rf.8ca4875eb37d71e8251b1a69faaab252.jpg,train/labels/chickpea194_jpg.rf.8ca4875eb37d71e8251b1a69faaab252.txt,chickpea
train,train/images/image28_png.rf.4b1252bfd125dc00f5ce717d31d4afb0.jpg,train/labels/image28_png.rf.4b1252bfd125dc00f5ce717d31d4afb0.txt,chickpea
train,train/images/image36_png.rf.1448a0008d66be5d7a4129c7e6dd8cf4.jpg,train/labels/image36_png.rf.1448a0008d66be5d7a4129c7e6dd8cf4.txt,chickpea
train,train/images/image8_png.rf.79e8935f2021698a6ddbfddb3d2518f7.jpg,train/labels/image8_png.rf.79e8935f2021698a6ddbfddb3d2518f7.txt,chickpea
train,train/images/image35_png.rf.2e7b99d095c00c052a784db1b9acf797.jpg,train/labels/image35_png.rf.2e7b99d095c00c052a784db1b9acf797.txt,chickpea
train,train/images/download-2-_jpeg.rf.6a9a7d2a390f8fd72a5f34460b2b356d.jpg,train/labels/download-2-_jpeg.rf.6a9a7d2a390f8fd72a5f34460b2b356d.txt,sesame seeds
train,train/images/image135_jpg.rf.021c423e9238b73e897479e23030560a.jpg,train/labels/image135_jpg.rf.021c423e9238b73e897479e23030560a.txt,chickpea
train,train/images/download-6-_jpeg.rf.b6045913fab73287ddcc64fd8647f24b.jpg,train/labels/download-6-_jpeg.rf.b6045913fab73287ddcc64fd8647f24b.txt,pinenut seeds
train,train/images/download-15-_jpeg.rf.0fa81be1b015e58fb94d4efa2ef73e1e.jpg,train/labels/download-15-_jpeg.rf.0fa81be1b015e58fb94d4efa2ef73e1e.txt,potato seeds
train,train/images/download-7-_jpeg.rf.36ec8173a3791939f2bd101eb15983cb.jpg,train/labels/download-7-_jpeg.rf.36ec8173a3791939f2bd101eb15983cb.txt,fennel
train,train/images/download-7-_jpeg.rf.fa30f150660709eab1d9240dd09579af.jpg,train/labels/download-7-_jpeg.rf.fa30f150660709eab1d9240dd09579af.txt,cucumber seeds
train,train/images/IMG_20230316_132656_1_jpg.rf.4fcb6eb7de6b86d771ee4919f8714629.jpg,train/labels/IMG_20230316_132656_1_jpg.rf.4fcb6eb7de6b86d771ee4919f8714629.txt,chickpea
train,train/images/Sugar-pea_-66-_jpg.rf.42ac84117f826abddc280f19260e2d9b.jpg,train/labels/Sugar-pea_-66-_jpg.rf.42ac84117f826abddc280f19260e2d9b.txt,sugar-pea
train,train/images/IMG_20230316_151341_1_jpg.rf.2a29a3df7bffc2c6da72a8a700d77ddc.jpg,train/labels/IMG_20230316_151341_1_jpg.rf.2a29a3df7bffc2c6da72a8a700d77ddc.txt,chickpea
train,train/images/IMG_20230316_125846_jpg.rf.83d6a6e70ccc120e709f3fb0327f38cc.jpg,train/labels/IMG_20230316_125846_jpg.rf.83d6a6e70ccc120e709f3fb0327f38cc.txt,
train,train/images/images-1-_jpeg.rf.d41d803e5f3f3316efe060067a93a541.jpg,train/labels/images-1-_jpeg.rf.d41d803e5f3f3316efe060067a93a541.txt,cucumber seeds
train,train/images/image105_jpg.rf.2ffa2ed69122f0c7c357bfe44f01ee00.jpg,train/labels/image105_jpg.rf.2ffa2ed69122f0c7c357bfe44f01ee00.txt,chickpea
train,train/images/download-7-_jpeg.rf.2a6c3acf7091c185992b1c87287ed8e4.jpg,train/labels/download-7-_jpeg.rf.2a6c3acf7091c185992b1c87287ed8e4.txt,watermelon seeds
train,train/images/IMG_20230316_151345_1_jpg.rf.58580d7a2c9bc9fb5d9fe549611196a2.jpg,train/labels/IMG_20230316_151345_1_jpg.rf.58580d7a2c9bc9fb5d9fe549611196a2.txt,chickpea
train,train/images/images-2-_jpeg.rf.19974b817d67e9030882de9e75bb765b.jpg,train/labels/images-2-_jpeg.rf.19974b817d67e9030882de9e75bb765b.txt,flax seeds
train,train/images/download-6-_jpeg.rf.5bf571026391da00d07896834e003827.jpg,train/labels/download-6-_jpeg.rf.5bf571026391da00d07896834e003827.txt,egusi seeds
train,train/images/download-12-_jpeg.rf.12cc94534ec45bc1640da8679f4f71da.jpg,train/labels/download-12-_jpeg.rf.12cc94534ec45bc1640da8679f4f71da.txt,split red lentils
train,train/images/Pumpkin_-41-_jpg.rf.31139e55c35f7dccad108056599a958c.jpg,train/labels/Pumpkin_-41-_jpg.rf.31139e55c35f7dccad108056599a958c.txt,pumpkin
train,train/images/download-3-_jpeg.rf.ff8f9cd99f757f9366d3a384c23ef7f5.jpg,train/labels/download-3-_jpeg.rf.ff8f9cd99f757f9366d3a384c23ef7f5.txt,cucumber seeds
train,train/images/images_jpeg.rf.9ccc950bf5eb32a310a3ea054e4e5607.jpg,train/labels/images_jpeg.rf.9ccc950bf5eb32a310a3ea054e4e5607.txt,lotus seeds
train,train/images/download-8-_jpeg.rf.eb28445734b3df8e1911db8d1f6bfa10.jpg,train/labels/download-8-_jpeg.rf.eb28445734b3df8e1911db8d1f6bfa10.txt,lotus seeds
train,train/images/Bottle-gourd_round-62-_jpg.rf.f87e9a2d85ed2ed109f935df0eaddf2d.jpg,train/labels/Bottle-gourd_round-62-_jpg.rf.f87e9a2d85ed2ed109f935df0eaddf2d.txt,
train,train/images/download-8-_jpeg.rf.09d09d1c96c4269585db28682543abf2.jpg,train/labels/download-8-_jpeg.rf.09d09d1c96c4269585db28682543abf2.txt,sesame seeds
train,train/images/IMG_20230316_150550-1-_jpg.rf.7e4bd40183a17a6e37d6229959977a25.jpg,train/labels/IMG_20230316_150550-1-_jpg.rf.7e4bd40183a17a6e37d6229959977a25.txt,chickpea
train,train/images/download-6-_jpeg.rf.5c974086b55f229781410014d6a0e5e8.jpg,train/labels/download-6-_jpeg.rf.5c974086b55f229781410014d6a0e5e8.txt,brown bean
train,train/images/image46_png.rf.af98d51eac311de6108ca158b2e7f734.jpg,train/labels/image46_png.rf.af98d51eac311de6108ca158b2e7f734.txt,chickpea
train,train/images/chickpea114_jpg.rf.9650d374c1dbb568eedd9042b6798b6d.jpg,train/labels/chickpea114_jpg.rf.9650d374c1dbb568eedd9042b6798b6d.txt,chickpea
train,train/images/images-9-_jpeg.rf.f3dbee56ef4dd111760b164fd8c20291.jpg,train/labels/images-9-_jpeg.rf.f3dbee56ef4dd111760b164fd8c20291.txt,chia
train,train/images/image25_png.rf.f49b2ff9ce168b5fe48db07b7a02ccaf.jpg,train/labels/image25_png.rf.f49b2ff9ce168b5fe48db07b7a02ccaf.txt,chickpea
train,train/images/download-2-_jpeg.rf.a4d1322b5c8e237daad0fd5ff6f8a247.jpg,train/labels/download-2-_jpeg.rf.a4d1322b5c8e237daad0fd5ff6f8a247.txt,hemp seeds
train,train/images/download-13-_jpeg.rf.bdda4dd14df5f7d87cc7417037fd39f8.jpg,train/labels/download-13-_jpeg.rf.bdda4dd14df5f7d87cc7417037fd39f8.txt,mustard seeds
train,train/images/image137_jpg.rf.1138ee6f8d19291c956127f94691d300.jpg,train/labels/image137_jpg.rf.1138ee6f8d19291c956127f94691d300.txt,chickpea
train,train/images/images-11-_jpeg.rf.3b3bf068044eae3dbcbb186a27cea2db.jpg,train/labels/images-11-_jpeg.rf.3b3bf068044eae3dbcbb186a27cea2db.txt,flax seeds
train,train/images/image14_png.rf.651a960cfae368b12a6b02ffd51a1714.jpg,train/labels/image14_png.rf.651a960cfae368b12a6b02ffd51a1714.txt,chickpea
train,train/images/Pumpkin_-56-_jpg.rf.12545f84e5c65f657cac57eba585aca6.jpg,train/labels/Pumpkin_-56-_jpg.rf.12545f84e5c65f657cac57eba585aca6.txt,pumpkin
train,train/images/images-2-_jpeg.rf.54a20f640689afa35a8e2d14627ee35c.jpg,train/labels/images-2-_jpeg.rf.54a20f640689afa35a8e2d14627ee35c.txt,jackfruit
train,train/images/IMG_20230316_124636-1-_jpg.rf.0dab1908ba4c886e163a3b8b967efa86.jpg,train/labels/IMG_20230316_124636-1-_jpg.rf.0dab1908ba4c886e163a3b8b967efa86.txt,
train,train/images/images-3-_jpeg.rf.d225f4beca4611198c30a176cbf7350f.jpg,train/labels/images-3-_jpeg.rf.d225f4beca4611198c30a176cbf7350f.txt,radish seeds
train,train/images/images-3-_jpeg.rf.ec6b083dedc201adfe5dd8d73662084b.jpg,train/labels/images-3-_jpeg.rf.ec6b083dedc201adfe5dd8d73662084b.txt,basil seeds
train,train/images/download-15-_jpeg.rf.fd66f180aa698a84785814a2b13364fd.jpg,train/labels/download-15-_jpeg.rf.fd66f180aa698a84785814a2b13364fd.txt,carrot
train,train/images/download-3-_jpeg.rf.dc941999895238e2976c3fdb2c540552.jpg,train/labels/download-3-_jpeg.rf.dc941999895238e2976c3fdb2c540552.txt,lotus seeds
train,train/images/images-6-_jpeg.rf.5230cae80bf4416ce87b7fcd80ea21a1.jpg,train/labels/images-6-_jpeg.rf.5230cae80bf4416ce87b7fcd80ea21a1.txt,watermelon seeds
train,train/images/download-6-_jpeg.rf.1f266ce69227fb747f3e34f5a867a1ee.jpg,train/labels/download-6-_jpeg.rf.1f266ce69227fb747f3e34f5a867a1ee.txt,jackfruit
train,train/images/IMG_20230316_150918_1_jpg.rf.af782ab9abd1dafb995b2aae874e2760.jpg,train/labels/IMG_20230316_150918_1_jpg.rf.af782ab9abd1dafb995b2aae874e2760.txt,
train,train/images/chickpea187_jpg.rf.71f9a33366ec8cec265e392e94f93f97.jpg,train/labels/chickpea187_jpg.rf.71f9a33366ec8cec265e392e94f93f97.txt,chickpea
train,train/images/download_jpeg.rf.cf87be34b2162845bc6b7bcb1a31fd9f.jpg,train/labels/download_jpeg.rf.cf87be34b2162845bc6b7bcb1a31fd9f.txt,radish seeds
train,train/images/download-13-_jpeg.rf.eb7821cc0d012964bcbf00924378dabb.jpg,train/labels/download-13-_jpeg.rf.eb7821cc0d012964bcbf00924378dabb.txt,chia
train,train/images/IMG_20230316_151519_1-1-_jpg.rf.7a90d454537d93c47815699e26eb034f.jpg,train/labels/IMG_20230316_151519_1-1-_jpg.rf.7a90d454537d93c47815699e26eb034f.txt,chickpea
train,train/images/IMG_20230316_125001_1_jpg.rf.b5c2b986781b418717c58622df9aabb0.jpg,train/labels/IMG_20230316_125001_1_jpg.rf.b5c2b986781b418717c58622df9aabb0.txt,
train,train/images/Bottle-gourd_round-88-_jpg.rf.4bfbe8a52bc6813d952792846a76b951.jpg,train/labels/Bottle-gourd_round-88-_jpg.rf.4bfbe8a52bc6813d952792846a76b951.txt,bitter-gourd
train,train/images/chickpea146_jpg.rf.ad1fe516611608de938d0f74db921d9a.jpg,train/labels/chickpea146_jpg.rf.ad1fe516611608de938d0f74db921d9a.txt,chickpea
train,train/images/images-2-_jpeg.rf.88dcda1db55f26120cbba36522632288.jpg,train/labels/images-2-_jpeg.rf.88dcda1db55f26120cbba36522632288.txt,potato seeds
train,train/images/download_jpeg.rf.11fbec566bcd987a70b633b006696df0.jpg,train/labels/download_jpeg.rf.11fbec566bcd987a70b633b006696df0.txt,hemp seeds
train,train/images/images_jpeg.rf.9d3a274b99816a4f351a64481ad254a2.jpg,train/labels/images_jpeg.rf.9d3a274b99816a4f351a64481ad254a2.txt,peanut seeds
train,train/images/download-9-_jpeg.rf.5ac19b37a2d576e0bc4be8beed92060f.jpg,train/labels/download-9-_jpeg.rf.5ac19b37a2d576e0bc4be8beed92060f.txt,pinenut seeds
train,train/images/image9_png.rf.fee7821daab46a2cfa603490ba805b7d.jpg,train/labels/image9_png.rf.fee7821daab46a2cfa603490ba805b7d.txt,chickpea
train,train/images/images_jpeg.rf.0b3be768f6f34829455950edb0f75e9b.jpg,train/labels/images_jpeg.rf.0b3be768f6f34829455950edb0f75e9b.txt,grape seeds
train,train/images/images-3-_jpeg.rf.83b6a2d1330dbf527d4f6aef1bc5c5af.jpg,train/labels/images-3-_jpeg.rf.83b6a2d1330dbf527d4f6aef1bc5c5af.txt,mustard seeds
train,train/images/download-4-_jpeg.rf.9b7eba44ff8a5817bc48cade57d446a9.jpg,train/labels/download-4-_jpeg.rf.9b7eba44ff8a5817bc48cade57d446a9.txt,flax seeds
train,train/images/download-2-_jpeg.rf.984251007c4a7793176047dfc8aa2f09.jpg,train/labels/download-2-_jpeg.rf.984251007c4a7793176047dfc8aa2f09.txt,grape seeds
train,train/images/images-9-_jpeg.rf.3a1eeba550cfb490b4b489712285c647.jpg,train/labels/images-9-_jpeg.rf.3a1eeba550cfb490b4b489712285c647.txt,coffee beans
train,train/images/download-5-_jpeg.rf.d0bf5297fba4359e818542b3212ea28c.jpg,train/labels/download-5-_jpeg.rf.d0bf5297fba4359e818542b3212ea28c.txt,beetroot seed
train,train/images/download-4-_jpeg.rf.1fac3a58a2d389242eb855d9d0c85a41.jpg,train/labels/download-4-_jpeg.rf.1fac3a58a2d389242eb855d9d0c85a41.txt,hemp seeds
train,train/images/image152_jpg.rf.5561dcd555ffd53da2932f3b079aed4a.jpg,train/labels/image152_jpg.rf.5561dcd555ffd53da2932f3b079aed4a.txt,chickpea
train,train/images/Sugar-pea_-77-_jpg.rf.f6fac83cda112310425eef0f74237312.jpg,train/labels/Sugar-pea_-77-_jpg.rf.f6fac83cda112310425eef0f74237312.txt,sugar-pea
train,train/images/images-2-_jpeg.rf.b48b07ca05a89aa50584e96438604b2e.jpg,train/labels/images-2-_jpeg.rf.b48b07ca05a89aa50584e96438604b2e.txt,basil seeds
train,train/images/image46_jpg.rf.fb638007fb14c3d11f53b18b959fbb44.jpg,train/labels/image46_jpg.rf.fb638007fb14c3d11f53b18b959fbb44.txt,
train,train/images/image35_png.rf.f5adc4a16dbcf6174dcc8ebb7b3c5c10.jpg,train/labels/image35_png.rf.f5adc4a16dbcf6174dcc8ebb7b3c5c10.txt,chickpea
train,train/images/download-4-_jpeg.rf.9d052e35098bd0085bfebfd4e28371e2.jpg,train/labels/download-4-_jpeg.rf.9d052e35098bd0085bfebfd4e28371e2.txt,mint seeds
train,train/images/IMG_20230316_150558-1-_jpg.rf.1fd8db7a06376f4eb18b00809b7c6c4b.jpg,train/labels/IMG_20230316_150558-1-_jpg.rf.1fd8db7a06376f4eb18b00809b7c6c4b.txt,
train,train/images/download-1-_jpeg.rf.9256b6b1dcf652dc671a8292db0231d8.jpg,train/labels/download-1-_jpeg.rf.9256b6b1dcf652dc671a8292db0231d8.txt,onion seeds
train,train/images/download-8-_jpeg.rf.dc530f6dcec8ec512fac0ebff7d91b9a.jpg,train/labels/download-8-_jpeg.rf.dc530f6dcec8ec512fac0ebff7d91b9a.txt,oats seeds
train,train/images/image45_png.rf.4e35f7288b070319c558939658416fab.jpg,train/labels/image45_png.rf.4e35f7288b070319c558939658416fab.txt,chickpea
train,train/images/download-5-_jpeg.rf.1e9c1d31a209db43c39c0838a69f5c12.jpg,train/labels/download-5-_jpeg.rf.1e9c1d31a209db43c39c0838a69f5c12.txt,brown bean
train,train/images/image_161_png.rf.488e7d1cd2022eb24102c745eba7f77e.jpg,train/labels/image_161_png.rf.488e7d1cd2022eb24102c745eba7f77e.txt,
train,train/images/download-11-_jpeg.rf.95047b0c2d5120fafcb68bc02b7133c7.jpg,train/labels/download-11-_jpeg.rf.95047b0c2d5120fafcb68bc02b7133c7.txt,rice seeds
train,train/images/image42_jpg.rf.474c86d3fbfbe48b11238dde13403fb0.jpg,train/labels/image42_jpg.rf.474c86d3fbfbe48b11238dde13403fb0.txt,chickpea
train,train/images/images-2-_jpeg.rf.d21d94a9115c3af33eb5105abbe0dd7e.jpg,train/labels/images-2-_jpeg.rf.d21d94a9115c3af33eb5105abbe0dd7e.txt,rice seeds
train,train/images/image41_jpg.rf.b8eb67f984973e97abe7dbf09511b028.jpg,train/labels/image41_jpg.rf.b8eb67f984973e97abe7dbf09511b028.txt,
train,train/images/image26_png.rf.97179b0ee3994628474270f78850a343.jpg,train/labels/image26_png.rf.97179b0ee3994628474270f78850a343.txt,chickpea
train,train/images/image32_png.rf.950c068b01c503028f052735e69a7f1c.jpg,train/labels/image32_png.rf.950c068b01c503028f052735e69a7f1c.txt,chickpea
train,train/images/image31_png.rf.1522a98309d1ee4d9ba98ff5c2786643.jpg,train/labels/image31_png.rf.1522a98309d1ee4d9ba98ff5c2786643.txt,chickpea
train,train/images/images-8-_jpeg.rf.1063b889d40d1e004a0940f57b8d08a8.jpg,train/labels/images-8-_jpeg.rf.1063b889d40d1e004a0940f57b8d08a8.txt,peanut seeds
train,train/images/images-4-_jpeg.rf.4db1c841b0e439c3fefba5caa21dbe19.jpg,train/labels/images-4-_jpeg.rf.4db1c841b0e439c3fefba5caa21dbe19.txt,watermelon seeds
train,train/images/download-9-_jpeg.rf.d6381225cf227548bea5624ff431fe71.jpg,train/labels/download-9-_jpeg.rf.d6381225cf227548bea5624ff431fe71.txt,egusi seeds
train,train/images/images_jpeg.rf.a0d90404bcc868052a53249ea148e548.jpg,train/labels/images_jpeg.rf.a0d90404bcc868052a53249ea148e548.txt,pinenut seeds
train,train/images/download-5-_jpeg.rf.8c0a6d7f754c18a924200bff5455e196.jpg,train/labels/download-5-_jpeg.rf.8c0a6d7f754c18a924200bff5455e196.txt,chia
train,train/images/chickpea121_jpg.rf.ebcdfbe51e2091443ce63402cc21df73.jpg,train/labels/chickpea121_jpg.rf.ebcdfbe51e2091443ce63402cc21df73.txt,chickpea
train,train/images/download-4-_jpeg.rf.17428dac7c9a88606a1458ee63506797.jpg,train/labels/download-4-_jpeg.rf.17428dac7c9a88606a1458ee63506797.txt,pinenut seeds
train,train/images/image_144_png.rf.6216669ea18085123cf466ee8f8e3f46.jpg,train/labels/image_144_png.rf.6216669ea18085123cf466ee8f8e3f46.txt,
train,train/images/Bottle-gourd_long-82-_jpg.rf.188e7eda75dfdb09aead6dac5bb51c76.jpg,train/labels/Bottle-gourd_long-82-_jpg.rf.188e7eda75dfdb09aead6dac5bb51c76.txt,
train,train/images/image9_jpg.rf.54d621939cdc8dbb6e8bdc2cf0d4c5b3.jpg,train/labels/image9_jpg.rf.54d621939cdc8dbb6e8bdc2cf0d4c5b3.txt,chickpea
train,train/images/image10_png.rf.c0ebc163ab9e470aa9898c3999e4d32b.jpg,train/labels/image10_png.rf.c0ebc163ab9e470aa9898c3999e4d32b.txt,chickpea
train,train/images/download_jpeg.rf.a83ba43b1388956cfa0d2f7e8cd6b1c5.jpg,train/labels/download_jpeg.rf.a83ba43b1388956cfa0d2f7e8cd6b1c5.txt,carrot
train,train/images/IMG_20230316_130131_1_jpg.rf.0b09972ee9b7cef3bffbcb4d1ca4089b.jpg,train/labels/IMG_20230316_130131_1_jpg.rf.0b09972ee9b7cef3bffbcb4d1ca4089b.txt,chickpea
train,train/images/image72_png.rf.bc9ff092ff7d0e898b8b5034475b2a2d.jpg,train/labels/image72_png.rf.bc9ff092ff7d0e898b8b5034475b2a2d.txt,chickpea
train,train/images/images-1-_jpeg.rf.9db23af4085f4f6e79c815cad821cebe.jpg,train/labels/images-1-_jpeg.rf.9db23af4085f4f6e79c815cad821cebe.txt,basil seeds
train,train/images/chickpea121_jpg.rf.cdbcc16dc465a83f6fb7174d3b2b0bd3.jpg,train/labels/chickpea121_jpg.rf.cdbcc16dc465a83f6fb7174d3b2b0bd3.txt,chickpea
train,train/images/image29_jpg.rf.5caa0879888984603fcd37c06409091d.jpg,train/labels/image29_jpg.rf.5caa0879888984603fcd37c06409091d.txt,
train,train/images/image108_jpg.rf.5bdb8f4f8d1cf9aab10e85b966dcc8e5.jpg,train/labels/image108_jpg.rf.5bdb8f4f8d1cf9aab10e85b966dcc8e5.txt,chickpea
train,train/images/image36_png.rf.b4cab3e075378b8a4afee591a1218a42.jpg,train/labels/image36_png.rf.b4cab3e075378b8a4afee591a1218a42.txt,chickpea
train,train/images/image_129_png.rf.2e2f8ec53cab128457ae2a871d5e47ea.jpg,train/labels/image_129_png.rf.2e2f8ec53cab128457ae2a871d5e47ea.txt,chickpea
train,train/images/IMG_20230316_124919_1-5-_jpg.rf.9a9d294c9b979a459692795ccf216151.jpg,train/labels/IMG_20230316_124919_1-5-_jpg.rf.9a9d294c9b979a459692795ccf216151.txt,chickpea
train,train/images/IMG_20230316_150632_1_jpg.rf.0aba6998732c6474558f69f7c3856df4.jpg,train/labels/IMG_20230316_150632_1_jpg.rf.0aba6998732c6474558f69f7c3856df4.txt,chickpea
train,train/images/image30_png.rf.cbbab1d975d2652b8de105b3d189959d.jpg,train/labels/image30_png.rf.cbbab1d975d2652b8de105b3d189959d.txt,chickpea
train,train/images/download-18-_jpeg.rf.71469d5b832274e480cbb19984f0ba79.jpg,train/labels/download-18-_jpeg.rf.71469d5b832274e480cbb19984f0ba79.txt,coffee beans
train,train/images/download-14-_jpeg.rf.239eb0a2c3daad46228f923aaac3a64c.jpg,train/labels/download-14-_jpeg.rf.239eb0a2c3daad46228f923aaac3a64c.txt,brown bean
train,train/images/image83_png.rf.44bee7683bd29d8a960cc2a37a02dfca.jpg,train/labels/image83_png.rf.44bee7683bd29d8a960cc2a37a02dfca.txt,chickpea
train,train/images/download-11-_jpeg.rf.b8418493d90f99ebe21f5aa6bfbd4140.jpg,train/labels/download-11-_jpeg.rf.b8418493d90f99ebe21f5aa6bfbd4140.txt,jackfruit
train,train/images/image30_jpg.rf.75d5eca661797305f609abbf77f8f3f9.jpg,train/labels/image30_jpg.rf.75d5eca661797305f609abbf77f8f3f9.txt,
train,train/images/download-6-_jpeg.rf.355382a6d696d0490cf00a10cebc9e8e.jpg,train/labels/download-6-_jpeg.rf.355382a6d696d0490cf00a10cebc9e8e.txt,split red lentils
train,train/images/Bottle-gourd_round-46-_jpg.rf.beee1129a432c004ce6f6d83230baac6.jpg,train/labels/Bottle-gourd_round-46-_jpg.rf.beee1129a432c004ce6f6d83230baac6.txt,
train,train/images/image65_png.rf.f1b569f564063590ed6aaf92561279a2.jpg,train/labels/image65_png.rf.f1b569f564063590ed6aaf92561279a2.txt,chickpea
train,train/images/chickpea190_jpg.rf.8a95cb70cfb896c641f6154811a677f9.jpg,train/labels/chickpea190_jpg.rf.8a95cb70cfb896c641f6154811a677f9.txt,chickpea
train,train/images/download-1-_jpeg.rf.f33932fd7df3d748668b93344e22271f.jpg,train/labels/download-1-_jpeg.rf.f33932fd7df3d748668b93344e22271f.txt,peanut seeds
train,train/images/images-7-_jpeg.rf.5a37ef797a491a19295885bc63f9b5a4.jpg,train/labels/images-7-_jpeg.rf.5a37ef797a491a19295885bc63f9b5a4.txt,hemp seeds
train,train/images/images-9-_jpeg.rf.f102c0219cc3afb60f91f2b357ab32b7.jpg,train/labels/images-9-_jpeg.rf.f102c0219cc3afb60f91f2b357ab32b7.txt,basil seeds
train,train/images/download-5-_jpeg.rf.4d65842aa06c880a3c87155c31766227.jpg,train/labels/download-5-_jpeg.rf.4d65842aa06c880a3c87155c31766227.txt,carrot
train,train/images/S20211206_0028_jpg.rf.3154648898ee3e7069993a631e435b47.jpg,train/labels/S20211206_0028_jpg.rf.3154648898ee3e7069993a631e435b47.txt,
train,train/images/image_164_png.rf.6fdb447f23463849e49c29b1ae6a4bde.jpg,train/labels/image_164_png.rf.6fdb447f23463849e49c29b1ae6a4bde.txt,chickpea
train,train/images/images-2-_jpeg.rf.47387438207f430833b00619f084a8fd.jpg,train/labels/images-2-_jpeg.rf.47387438207f430833b00619f084a8fd.txt,pinenut seeds
train,train/images/download-8-_jpeg.rf.9431597e0aae1d2aa5f8fc9f99306076.jpg,train/labels/download-8-_jpeg.rf.9431597e0aae1d2aa5f8fc9f99306076.txt,onion seeds
train,train/images/image17_png.rf.6f66a93770547b98288f90450cc5a06e.jpg,train/labels/image17_png.rf.6f66a93770547b98288f90450cc5a06e.txt,chickpea
train,train/images/image6_jpg.rf.f51ea5c57a9a979e630ee66e726db6cd.jpg,train/labels/image6_jpg.rf.f51ea5c57a9a979e630ee66e726db6cd.txt,chickpea
train,train/images/images-5-_jpeg.rf.57c27ea52c1b19d27f90f466aef02f25.jpg,train/labels/images-5-_jpeg.rf.57c27ea52c1b19d27f90f466aef02f25.txt,garlic seeds
train,train/images/IMG_20230316_124641_1-1-_jpg.rf.8a87eee55badbeaa349f450ca85b791d.jpg,train/labels/IMG_20230316_124641_1-1-_jpg.rf.8a87eee55badbeaa349f450ca85b791d.txt,chickpea
train,train/images/IMG_20230316_151230_1-3-_jpg.rf.cc370ac6f9846e52cab0f68b312c8220.jpg,train/labels/IMG_20230316_151230_1-3-_jpg.rf.cc370ac6f9846e52cab0f68b312c8220.txt,chickpea
train,train/images/images-5-_jpeg.rf.b0190ec6f73b83a67dd6f7b64f6427fa.jpg,train/labels/images-5-_jpeg.rf.b0190ec6f73b83a67dd6f7b64f6427fa.txt,cucumber seeds
train,train/images/download-2-_jpeg.rf.903e6c9457039b72d8335cd499e6f60c.jpg,train/labels/download-2-_jpeg.rf.903e6c9457039b72d8335cd499e6f60c.txt,chia
train,train/images/Angled-gourd_-78-_jpg.rf.d512e9aa85a193b11b48604c526a6d50.jpg,train/labels/Angled-gourd_-78-_jpg.rf.d512e9aa85a193b11b48604c526a6d50.txt,angle-gourd
train,train/images/IMG_20230316_125846_jpg.rf.bc21d20554495081ea47ed8b7b4120ce.jpg,train/labels/IMG_20230316_125846_jpg.rf.bc21d20554495081ea47ed8b7b4120ce.txt,chickpea
train,train/images/download-3-_jpeg.rf.0bd42ab95a4242470ca6dd107f556b51.jpg,train/labels/download-3-_jpeg.rf.0bd42ab95a4242470ca6dd107f556b51.txt,beetroot seed
train,train/images/IMG_20230316_124641_1_jpg.rf.b5eda2b9dbc48985b41449c44d2612fd.jpg,train/labels/IMG_20230316_124641_1_jpg.rf.b5eda2b9dbc48985b41449c44d2612fd.txt,chickpea
train,train/images/images-13-_jpeg.rf.b0dd1e756497ef29fc32e91afbb31c7f.jpg,train/labels/images-13-_jpeg.rf.b0dd1e756497ef29fc32e91afbb31c7f.txt,peanut seeds
train,train/images/image78_png.rf.f1d274d1cd15e62085dbcc2c1a2af71e.jpg,train/labels/image78_png.rf.f1d274d1cd15e62085dbcc2c1a2af71e.txt,chickpea
train,train/images/image37_png.rf.ce3ce31a7d7b3b3840a73b4c7c52ae6c.jpg,train/labels/image37_png.rf.ce3ce31a7d7b3b3840a73b4c7c52ae6c.txt,chickpea
train,train/images/image130_jpg.rf.b4fd90ff22487288b102a074cf347e7c.jpg,train/labels/image130_jpg.rf.b4fd90ff22487288b102a074cf347e7c.txt,
train,train/images/chickpea193_jpg.rf.2c28b27ae7523cd6ac7e3bff7637f0d3.jpg,train/labels/chickpea193_jpg.rf.2c28b27ae7523cd6ac7e3bff7637f0d3.txt,chickpea
train,train/images/image28_png.rf.b9bb998369291c50dd50f045b21fc1cb.jpg,train/labels/image28_png.rf.b9bb998369291c50dd50f045b21fc1cb.txt,chickpea
train,train/images/Bottle-gourd_long-99-_jpg.rf.7a7bae87c5e18d77eb7845a26a900694.jpg,train/labels/Bottle-gourd_long-99-_jpg.rf.7a7bae87c5e18d77eb7845a26a900694.txt,
train,train/images/Bottle-gourd_long-98-_jpg.rf.313652f3028a1ccfd57b6ea9ac1d500c.jpg,train/labels/Bottle-gourd_long-98-_jpg.rf.313652f3028a1ccfd57b6ea9ac1d500c.txt,
train,train/images/IMG_20230316_150550-1-_jpg.rf.b1b27ac8bf28494be80e4ee7513dd93e.jpg,train/labels/IMG_20230316_150550-1-_jpg.rf.b1b27ac8bf28494be80e4ee7513dd93e.txt,chickpea
train,train/images/IMG_20230316_151228-1-_jpg.rf.315278aa4517c267390bf17396bf2325.jpg,train/labels/IMG_20230316_151228-1-_jpg.rf.315278aa4517c267390bf17396bf2325.txt,
train,train/images/IMG_20230316_125933_jpg.rf.0926a31a41153d5ee4979d9ac4f29e66.jpg,train/labels/IMG_20230316_125933_jpg.rf.0926a31a41153d5ee4979d9ac4f29e66.txt,chickpea
train,train/images/download-5-_jpeg.rf.0a0a522f1eacb2ec9b25333ab4f8bd0d.jpg,train/labels/download-5-_jpeg.rf.0a0a522f1eacb2ec9b25333ab4f8bd0d.txt,cucumber seeds
train,train/images/image_144_png.rf.1c9a1666420f9c6e58da4e53695048ca.jpg,train/labels/image_144_png.rf.1c9a1666420f9c6e58da4e53695048ca.txt,chickpea
train,train/images/image_105_png.rf.af3f219f406d346be49afe1e04298118.jpg,train/labels/image_105_png.rf.af3f219f406d346be49afe1e04298118.txt,chickpea
train,train/images/image34_jpg.rf.488cebd85eed60c304528bcb845ace11.jpg,train/labels/image34_jpg.rf.488cebd85eed60c304528bcb845ace11.txt,chickpea
train,train/images/download-3-_jpeg.rf.6e0967aa70c8ea9f4f6d063d3de8e60a.jpg,train/labels/download-3-_jpeg.rf.6e0967aa70c8ea9f4f6d063d3de8e60a.txt,radish seeds
train,train/images/Muskmelon_-41-_jpg.rf.203ff3603c9b38bea5824e23c8bfaba7.jpg,train/labels/Muskmelon_-41-_jpg.rf.203ff3603c9b38bea5824e23c8bfaba7.txt,"muskmelon,pumpkin"
train,train/images/image37_jpg.rf.c1e2e994f4cb3b6c43597496ae70f18b.jpg,train/labels/image37_jpg.rf.c1e2e994f4cb3b6c43597496ae70f18b.txt,
train,train/images/Pumpkin_-72-_jpg.rf.f44a6425d061c552182229fab03b3869.jpg,train/labels/Pumpkin_-72-_jpg.rf.f44a6425d061c552182229fab03b3869.txt,pumpkin
train,train/images/image12_jpg.rf.a7fabd5bba79deb35a2ca616725b68ab.jpg,train/labels/image12_jpg.rf.a7fabd5bba79deb35a2ca616725b68ab.txt,
train,train/images/Muskmelon_-53-_jpg.rf.fdd98428f7f638a2fd57ecbebf8ab3a1.jpg,train/labels/Muskmelon_-53-_jpg.rf.fdd98428f7f638a2fd57ecbebf8ab3a1.txt,"muskmelon,pumpkin"
train,train/images/images-8-_jpeg.rf.5e65d8b5685215fd4ba3f776ae4b0148.jpg,train/labels/images-8-_jpeg.rf.5e65d8b5685215fd4ba3f776ae4b0148.txt,flax seeds
train,train/images/chickpea207_jpg.rf.fd974be725769cb42c315891f2892c8e.jpg,train/labels/chickpea207_jpg.rf.fd974be725769cb42c315891f2892c8e.txt,chickpea
train,train/images/IMG_20230316_131706_jpg.rf.2c8bff0cd5358b864e5ccb58f0e77f29.jpg,train/labels/IMG_20230316_131706_jpg.rf.2c8bff0cd5358b864e5ccb58f0e77f29.txt,
train,train/images/images_jpeg.rf.93300560638bbdada9e3f00e0d68ff7b.jpg,train/labels/images_jpeg.rf.93300560638bbdada9e3f00e0d68ff7b.txt,sesame seeds
train,train/images/Yardlong-bean_-99-_jpg.rf.cc50792d70a2ca93a872aa445ca1807f.jpg,train/labels/Yardlong-bean_-99-_jpg.rf.cc50792d70a2ca93a872aa445ca1807f.txt,yardlong-bean
train,train/images/Yardlong-bean_-58-_jpg.rf.ce8ad3bef356ba90b39e830f2a7f3767.jpg,train/labels/Yardlong-bean_-58-_jpg.rf.ce8ad3bef356ba90b39e830f2a7f3767.txt,yardlong-bean
train,train/images/download-10-_jpeg.rf.9787eb8aa3c9ec7fbfd0c46208caac09.jpg,train/labels/download-10-_jpeg.rf.9787eb8aa3c9ec7fbfd0c46208caac09.txt,sesame seeds
train,train/images/images-4-_jpeg.rf.17c4ea7a923c091051845af36e8159fa.jpg,train/labels/images-4-_jpeg.rf.17c4ea7a923c091051845af36e8159fa.txt,split red lentils
train,train/images/download-8-_jpeg.rf.6b93a853f0787f8cb7794f0f79d4d59b.jpg,train/labels/download-8-_jpeg.rf.6b93a853f0787f8cb7794f0f79d4d59b.txt,chia
train,train/images/download-11-_jpeg.rf.450807230bf8ef9b23cf9fb82a3f8eff.jpg,train/labels/download-11-_jpeg.rf.450807230bf8ef9b23cf9fb82a3f8eff.txt,pinenut seeds
train,train/images/image18_png.rf.2749af99db29cf1cc57172402d259d09.jpg,train/labels/image18_png.rf.2749af99db29cf1cc57172402d259d09.txt,chickpea
train,train/images/IMG_20230316_124835_1-2-_jpg.rf.ddac6c52e4579b4e8dc914caef1b4570.jpg,train/labels/IMG_20230316_124835_1-2-_jpg.rf.ddac6c52e4579b4e8dc914caef1b4570.txt,chickpea
train,train/images/IMG_20230316_151230_1-2-_jpg.rf.efffda894819196337067172d2d36955.jpg,train/labels/IMG_20230316_151230_1-2-_jpg.rf.efffda894819196337067172d2d36955.txt,chickpea
train,train/images/download-4-_jpeg.rf.09e11e9662a5acd6e0a2e3bc4a536b6f.jpg,train/labels/download-4-_jpeg.rf.09e11e9662a5acd6e0a2e3bc4a536b6f.txt,onion seeds
train,train/images/IMG_20230316_151341_1_jpg.rf.b7579df9511fffb72eff291eb0034401.jpg,train/labels/IMG_20230316_151341_1_jpg.rf.b7579df9511fffb72eff291eb0034401.txt,chickpea
train,train/images/Yardlong-bean_-95-_jpg.rf.a586d162709b2fba5b6453e42b6d66f3.jpg,train/labels/Yardlong-bean_-95-_jpg.rf.a586d162709b2fba5b6453e42b6d66f3.txt,yardlong-bean
train,train/images/chickpea142_jpg.rf.14513d20cac0336904c38698ecd2a19c.jpg,train/labels/chickpea142_jpg.rf.14513d20cac0336904c38698ecd2a19c.txt,chickpea
train,train/images/images-13-_jpeg.rf.c41c6bace17176bce8f9f2e4a16eb16f.jpg,train/labels/images-13-_jpeg.rf.c41c6bace17176bce8f9f2e4a16eb16f.txt,grape seeds
train,train/images/chickpea189_jpg.rf.ef92397ed00595d832c5134ea11fb8f7.jpg,train/labels/chickpea189_jpg.rf.ef92397ed00595d832c5134ea11fb8f7.txt,chickpea
train,train/images/images-8-_jpeg.rf.e6c59c82e9aafefb84d5fec57d271208.jpg,train/labels/images-8-_jpeg.rf.e6c59c82e9aafefb84d5fec57d271208.txt,chia
train,train/images/image58_jpg.rf.f2f143844240c2a392b98de6b769c7f2.jpg,train/labels/image58_jpg.rf.f2f143844240c2a392b98de6b769c7f2.txt,
train,train/images/download-6-_jpeg.rf.bdb069b2990af615c08420b2332cadf2.jpg,train/labels/download-6-_jpeg.rf.bdb069b2990af615c08420b2332cadf2.txt,lotus seeds
train,train/images/Bottle-gourd_long-61-_jpg.rf.d875d6accbedb059d4ebeb2c9af1b7ce.jpg,train/labels/Bottle-gourd_long-61-_jpg.rf.d875d6accbedb059d4ebeb2c9af1b7ce.txt,
train,train/images/image137_jpg.rf.f651291c4d831ecc0b565e6ebf0c1bfe.jpg,train/labels/image137_jpg.rf.f651291c4d831ecc0b565e6ebf0c1bfe.txt,
train,train/images/Pumpkin_-40-_jpg.rf.d70f9a564265558c1f860f4325a290ce.jpg,train/labels/Pumpkin_-40-_jpg.rf.d70f9a564265558c1f860f4325a290ce.txt,pumpkin
train,train/images/image36_png.rf.f2a2070721a1c22d861f1f293c598609.jpg,train/labels/image36_png.rf.f2a2070721a1c22d861f1f293c598609.txt,chickpea
train,train/images/image145_jpg.rf.deb9a5c4067f52bd343fa60653ae2f3e.jpg,train/labels/image145_jpg.rf.deb9a5c4067f52bd343fa60653ae2f3e.txt,
train,train/images/images-10-_jpeg.rf.a58fb85d1750201145f292a9a79fe1a1.jpg,train/labels/images-10-_jpeg.rf.a58fb85d1750201145f292a9a79fe1a1.txt,cabbage
train,train/images/image43_png.rf.4cf23f3d099c7510da0beab9014533b9.jpg,train/labels/image43_png.rf.4cf23f3d099c7510da0beab9014533b9.txt,chickpea
train,train/images/download-8-_jpeg.rf.b81651875f028e5fc585ca80d45a927e.jpg,train/labels/download-8-_jpeg.rf.b81651875f028e5fc585ca80d45a927e.txt,pinenut seeds
train,train/images/Muskmelon_-4-_jpg.rf.0bba36ffb14df800b22c9158b6118920.jpg,train/labels/Muskmelon_-4-_jpg.rf.0bba36ffb14df800b22c9158b6118920.txt,"muskmelon,pumpkin"
train,train/images/IMG_20230316_151238_1_jpg.rf.e680cb8ea632b2dff16cd4bf50067f6f.jpg,train/labels/IMG_20230316_151238_1_jpg.rf.e680cb8ea632b2dff16cd4bf50067f6f.txt,
train,train/images/image17_jpg.rf.0f9ef6c53011cfd4b8c9f747b33052e9.jpg,train/labels/image17_jpg.rf.0f9ef6c53011cfd4b8c9f747b33052e9.txt,chickpea
train,train/images/download-14-_jpeg.rf.19211f68f4d5ac4cb1bdcd389e61d0ca.jpg,train/labels/download-14-_jpeg.rf.19211f68f4d5ac4cb1bdcd389e61d0ca.txt,carrot
train,train/images/image99_jpg.rf.3f9718e46da92b15fa6a2be56378c3c3.jpg,train/labels/image99_jpg.rf.3f9718e46da92b15fa6a2be56378c3c3.txt,
train,train/images/images-5-_jpeg.rf.78fd558b6c7d446d3a9462ef67cba92f.jpg,train/labels/images-5-_jpeg.rf.78fd558b6c7d446d3a9462ef67cba92f.txt,watermelon seeds
train,train/images/chickpea106_jpg.rf.97a53c9a62c86451590e31ee33ae9308.jpg,train/labels/chickpea106_jpg.rf.97a53c9a62c86451590e31ee33ae9308.txt,chickpea
train,train/images/download-3-_jpeg.rf.93e36eb51dfe14d937d32c02e1e562e7.jpg,train/labels/download-3-_jpeg.rf.93e36eb51dfe14d937d32c02e1e562e7.txt,mustard seeds
train,train/images/images_jpeg.rf.88e1a895e426710d49b55b2beeb8cf9a.jpg,train/labels/images_jpeg.rf.88e1a895e426710d49b55b2beeb8cf9a.txt,coffee beans
train,train/images/download-6-_jpeg.rf.2ec99b4c75c11d0ebf9ed4897018275b.jpg,train/labels/download-6-_jpeg.rf.2ec99b4c75c11d0ebf9ed4897018275b.txt,nigella seeds
train,train/images/images-4-_jpeg.rf.c649507bb3afeab5896ac12b26dcbb0b.jpg,train/labels/images-4-_jpeg.rf.c649507bb3afeab5896ac12b26dcbb0b.txt,cabbage
train,train/images/download-3-_jpeg.rf.10f4e2e2ff1742c13d837e5019728425.jpg,train/labels/download-3-_jpeg.rf.10f4e2e2ff1742c13d837e5019728425.txt,poppy seeds
train,train/images/image7_jpg.rf.ac4ae6a06906173ed5faf4ffc837ddbb.jpg,train/labels/image7_jpg.rf.ac4ae6a06906173ed5faf4ffc837ddbb.txt,
train,train/images/image39_png.rf.71d7d2e21237d3ed45d6e79a2db3f099.jpg,train/labels/image39_png.rf.71d7d2e21237d3ed45d6e79a2db3f099.txt,chickpea
train,train/images/images-11-_jpeg.rf.f17b707050ca826dcb445e9e6b7877c7.jpg,train/labels/images-11-_jpeg.rf.f17b707050ca826dcb445e9e6b7877c7.txt,basil seeds
train,train/images/chickpea153_jpg.rf.ba0051ffcbc0faeb5be9824b42babc9c.jpg,train/labels/chickpea153_jpg.rf.ba0051ffcbc0faeb5be9824b42babc9c.txt,chickpea
train,train/images/images_jpeg.rf.3cecd28ace434f2f46cd99168377e74e.jpg,train/labels/images_jpeg.rf.3cecd28ace434f2f46cd99168377e74e.txt,hemp seeds
train,train/images/image3_png.rf.87ca8be947fea9fe1942153e40ac709a.jpg,train/labels/image3_png.rf.87ca8be947fea9fe1942153e40ac709a.txt,chickpea
train,train/images/download-5-_jpeg.rf.356759feb465985010e0d95d165f0ae0.jpg,train/labels/download-5-_jpeg.rf.356759feb465985010e0d95d165f0ae0.txt,onion seeds
train,train/images/IMG_20230316_151228-2-_jpg.rf.81e15c5ac40913855d3f8152b68f6975.jpg,train/labels/IMG_20230316_151228-2-_jpg.rf.81e15c5ac40913855d3f8152b68f6975.txt,chickpea
train,train/images/image147_jpg.rf.dd74c6a57c36bc012699a18c7b6f7a7a.jpg,train/labels/image147_jpg.rf.dd74c6a57c36bc012699a18c7b6f7a7a.txt,chickpea
train,train/images/image47_png.rf.036c8ac0e90501478e32f85df75bf05b.jpg,train/labels/image47_png.rf.036c8ac0e90501478e32f85df75bf05b.txt,chickpea
train,train/images/chickpea153_jpg.rf.8fec6d11d765da8f65bb1714c2244b82.jpg,train/labels/chickpea153_jpg.rf.8fec6d11d765da8f65bb1714c2244b82.txt,chickpea
train,train/images/download-8-_jpeg.rf.b9ee52be7f142ff1de95d83dee8ecfbb.jpg,train/labels/download-8-_jpeg.rf.b9ee52be7f142ff1de95d83dee8ecfbb.txt,garlic seeds
train,train/images/image16_png.rf.22f4d652919cdeb90aedb9a86778b843.jpg,train/labels/image16_png.rf.22f4d652919cdeb90aedb9a86778b843.txt,chickpea
train,train/images/IMG_20230316_151339_1_jpg.rf.4eadc12c7a012c8c1d283cdca1fa225e.jpg,train/labels/IMG_20230316_151339_1_jpg.rf.4eadc12c7a012c8c1d283cdca1fa225e.txt,chickpea
train,train/images/chickpea120_jpg.rf.43b74651ae23dd6dd115e2fb885e4af3.jpg,train/labels/chickpea120_jpg.rf.43b74651ae23dd6dd115e2fb885e4af3.txt,chickpea
train,train/images/images-4-_jpeg.rf.99e286ab9c4e45c6328e86126653526f.jpg,train/labels/images-4-_jpeg.rf.99e286ab9c4e45c6328e86126653526f.txt,nigella seeds
train,train/images/image_175_png.rf.6f8599b7beb4e535ab08f47081133180.jpg,train/labels/image_175_png.rf.6f8599b7beb4e535ab08f47081133180.txt,chickpea
train,train/images/chickpea141_jpg.rf.aa7eb4b45afa5e0b3a42a47e08695f1f.jpg,train/labels/chickpea141_jpg.rf.aa7eb4b45afa5e0b3a42a47e08695f1f.txt,chickpea
train,train/images/IMG_20230316_151228-2-_jpg.rf.f42b9c8b284d0f05f460833d4ff5f234.jpg,train/labels/IMG_20230316_151228-2-_jpg.rf.f42b9c8b284d0f05f460833d4ff5f234.txt,
train,train/images/IMG_20230316_154057_1_jpg.rf.4a18e3dbe38e7bb7492834d40b9d78ec.jpg,train/labels/IMG_20230316_154057_1_jpg.rf.4a18e3dbe38e7bb7492834d40b9d78ec.txt,chickpea
train,train/images/Pumpkin_-95-_jpg.rf.b2f6aadb362ff24c423fa2d670403019.jpg,train/labels/Pumpkin_-95-_jpg.rf.b2f6aadb362ff24c423fa2d670403019.txt,pumpkin
train,train/images/images-10-_jpeg.rf.0762b7ccd04cc3f45dc75efc306bcc78.jpg,train/labels/images-10-_jpeg.rf.0762b7ccd04cc3f45dc75efc306bcc78.txt,potato seeds
train,train/images/images-2-_jpeg.rf.995785c18b8d0823074b14a8849c5830.jpg,train/labels/images-2-_jpeg.rf.995785c18b8d0823074b14a8849c5830.txt,brown bean
train,train/images/images-1-_jpeg.rf.dfd01858fbac8547951dd38a76db47b5.jpg,train/labels/images-1-_jpeg.rf.dfd01858fbac8547951dd38a76db47b5.txt,carrot
train,train/images/image20_jpg.rf.5cd1833da155cbe8f489621b2e7718f8.jpg,train/labels/image20_jpg.rf.5cd1833da155cbe8f489621b2e7718f8.txt,chickpea
train,train/images/image23_png.rf.7b7958f6065bae05f8c1f034738b2ac4.jpg,train/labels/image23_png.rf.7b7958f6065bae05f8c1f034738b2ac4.txt,chickpea
train,train/images/images-2-_jpeg.rf.7ff7fbe936eeae9994d491d44ec32fcf.jpg,train/labels/images-2-_jpeg.rf.7ff7fbe936eeae9994d491d44ec32fcf.txt,coffee beans
train,train/images/images-2-_jpeg.rf.5fa1d5ed3b3cf4f0954c6e4c5b9c1cf3.jpg,train/labels/images-2-_jpeg.rf.5fa1d5ed3b3cf4f0954c6e4c5b9c1cf3.txt,hemp seeds
train,train/images/chickpea106_jpg.rf.2275072fddd40998825b811091019d8b.jpg,train/labels/chickpea106_jpg.rf.2275072fddd40998825b811091019d8b.txt,chickpea
train,train/images/image115_jpg.rf.5ce12bbb788f1f5133864f0aeb15fb74.jpg,train/labels/image115_jpg.rf.5ce12bbb788f1f5133864f0aeb15fb74.txt,chickpea
train,train/images/image3_jpg.rf.3f2f9a6b2458aa30cbbf66a159cf60b5.jpg,train/labels/image3_jpg.rf.3f2f9a6b2458aa30cbbf66a159cf60b5.txt,chickpea
train,train/images/images-11-_jpeg.rf.81eb8bb996a443166c846013aa33dd26.jpg,train/labels/images-11-_jpeg.rf.81eb8bb996a443166c846013aa33dd26.txt,
train,train/images/download-1-_jpeg.rf.d0ed2ba2dd7d01bc5d5331c6ace47aee.jpg,train/labels/download-1-_jpeg.rf.d0ed2ba2dd7d01bc5d5331c6ace47aee.txt,potato seeds
train,train/images/images-2-_jpeg.rf.edd20e7fee3c6c61059c6170faffe853.jpg,train/labels/images-2-_jpeg.rf.edd20e7fee3c6c61059c6170faffe853.txt,grape seeds
train,train/images/image_136_png.rf.3688ec307a58db6a1e97ddf57787b89e.jpg,train/labels/image_136_png.rf.3688ec307a58db6a1e97ddf57787b89e.txt,chickpea
train,train/images/image108_jpg.rf.5bffb3440f5fd69d71fc44c6f52ddd23.jpg,train/labels/image108_jpg.rf.5bffb3440f5fd69d71fc44c6f52ddd23.txt,
train,train/images/images-7-_jpeg.rf.2300495243d04cf2a4cec286407e8dd5.jpg,train/labels/images-7-_jpeg.rf.2300495243d04cf2a4cec286407e8dd5.txt,mustard seeds
train,train/images/image95_png.rf.15326677302c6991396e8a2a93629255.jpg,train/labels/image95_png.rf.15326677302c6991396e8a2a93629255.txt,chickpea
train,train/images/Pumpkin_-48-_jpg.rf.3c6c6992012d9d67a67186e1d561ca48.jpg,train/labels/Pumpkin_-48-_jpg.rf.3c6c6992012d9d67a67186e1d561ca48.txt,pumpkin
train,train/images/download-5-_jpeg.rf.7ba9482c496dfbb3476c6cffef7744e0.jpg,train/labels/download-5-_jpeg.rf.7ba9482c496dfbb3476c6cffef7744e0.txt,coffee beans
train,train/images/images-9-_jpeg.rf.e4b8e7ef2bbcd24c87e8b0c1e01699c0.jpg,train/labels/images-9-_jpeg.rf.e4b8e7ef2bbcd24c87e8b0c1e01699c0.txt,garlic seeds
train,train/images/image_179_png.rf.45d635637b8f73cd6aebc44c905d5159.jpg,train/labels/image_179_png.rf.45d635637b8f73cd6aebc44c905d5159.txt,chickpea
train,train/images/image_117_png.rf.0a902d49ca2ef47418e6cfcdb8e38740.jpg,train/labels/image_117_png.rf.0a902d49ca2ef47418e6cfcdb8e38740.txt,
train,train/images/download_jpeg.rf.5bb65769147ec9925963255811fda0f9.jpg,train/labels/download_jpeg.rf.5bb65769147ec9925963255811fda0f9.txt,split red lentils
train,train/images/IMG_20230316_151341_1-1-_jpg.rf.c23788ad034bc314631ec8ac197c5f08.jpg,train/labels/IMG_20230316_151341_1-1-_jpg.rf.c23788ad034bc314631ec8ac197c5f08.txt,chickpea
train,train/images/download-7-_jpeg.rf.483ee8152561d80af2b916b86669ea5d.jpg,train/labels/download-7-_jpeg.rf.483ee8152561d80af2b916b86669ea5d.txt,brown bean
train,train/images/download-3-_jpeg.rf.9f8d8b84bfe5fcc2981f84967f10b85f.jpg,train/labels/download-3-_jpeg.rf.9f8d8b84bfe5fcc2981f84967f10b85f.txt,onion seeds
train,train/images/image_140_png.rf.a34079d33b8f084ab0313c0ca29d03d8.jpg,train/labels/image_140_png.rf.a34079d33b8f084ab0313c0ca29d03d8.txt,chickpea
train,train/images/download-4-_jpeg.rf.d2abb7031c882b593cea7f7ef7b7d1e1.jpg,train/labels/download-4-_jpeg.rf.d2abb7031c882b593cea7f7ef7b7d1e1.txt,watermelon seeds
train,train/images/download-10-_jpeg.rf.cad956d907e1ec71743b02f583642fd8.jpg,train/labels/download-10-_jpeg.rf.cad956d907e1ec71743b02f583642fd8.txt,egusi seeds
train,train/images/Pumpkin_-42-_jpg.rf.d0c6048e6a35a539ac8b377dea78d94a.jpg,train/labels/Pumpkin_-42-_jpg.rf.d0c6048e6a35a539ac8b377dea78d94a.txt,pumpkin
train,train/images/image64_png.rf.f1413cd7e34074f9e3cb3ba64c7bb3b6.jpg,train/labels/image64_png.rf.f1413cd7e34074f9e3cb3ba64c7bb3b6.txt,chickpea
train,train/images/image117_jpg.rf.36db74298042519de800afa74e0e7bbc.jpg,train/labels/image117_jpg.rf.36db74298042519de800afa74e0e7bbc.txt,chickpea
train,train/images/images-3-_jpeg.rf.35a45089a2ab3c1170a28ceeb5d3cea2.jpg,train/labels/images-3-_jpeg.rf.35a45089a2ab3c1170a28ceeb5d3cea2.txt,cucumber seeds
train,train/images/image12_png.rf.6269d741c134058b1810ff0897f70d36.jpg,train/labels/image12_png.rf.6269d741c134058b1810ff0897f70d36.txt,chickpea
train,train/images/download_jpeg.rf.36fc1d62d728552a1c9ac37f6fd1f6f3.jpg,train/labels/download_jpeg.rf.36fc1d62d728552a1c9ac37f6fd1f6f3.txt,cabbage
train,train/images/S20211206_0036_jpg.rf.a38df4d140e81270388601e15fbe1ac3.jpg,train/labels/S20211206_0036_jpg.rf.a38df4d140e81270388601e15fbe1ac3.txt,
train,train/images/IMG_20230316_150604_1-1-_jpg.rf.6636f1574b47a23276eb6b7e546543d5.jpg,train/labels/IMG_20230316_150604_1-1-_jpg.rf.6636f1574b47a23276eb6b7e546543d5.txt,chickpea
train,train/images/download-2-_jpeg.rf.f3d511bca0beec12a62a2c3868b8bbd1.jpg,train/labels/download-2-_jpeg.rf.f3d511bca0beec12a62a2c3868b8bbd1.txt,carrot
train,train/images/Angled-gourd_-42-_jpg.rf.38cd859ad35381f7dda26e9f8304a373.jpg,train/labels/Angled-gourd_-42-_jpg.rf.38cd859ad35381f7dda26e9f8304a373.txt,angle-gourd
train,train/images/S20211206_0025_jpg.rf.04010a62ac21fe7c9cfc6341cb4fae50.jpg,train/labels/S20211206_0025_jpg.rf.04010a62ac21fe7c9cfc6341cb4fae50.txt,
train,train/images/Bottle-gourd_long-86-_jpg.rf.25b59407704f176b814d1ef68222c6e2.jpg,train/labels/Bottle-gourd_long-86-_jpg.rf.25b59407704f176b814d1ef68222c6e2.txt,
train,train/images/download_jpeg.rf.f0480842c9155ea0fd0f7093090cd9fb.jpg,train/labels/download_jpeg.rf.f0480842c9155ea0fd0f7093090cd9fb.txt,peanut seeds
train,train/images/images-5-_jpeg.rf.0a4a54ee5b1a63e0593854724dfe7969.jpg,train/labels/images-5-_jpeg.rf.0a4a54ee5b1a63e0593854724dfe7969.txt,sesame seeds
train,train/images/IMG_20230316_132131_jpg.rf.7e184c78b9dd6452951eed7be95b8d05.jpg,train/labels/IMG_20230316_132131_jpg.rf.7e184c78b9dd6452951eed7be95b8d05.txt,
train,train/images/images-2-_jpeg.rf.5800f5180af8a98ff50094f33bfc6369.jpg,train/labels/images-2-_jpeg.rf.5800f5180af8a98ff50094f33bfc6369.txt,cucumber seeds
train,train/images/image115_jpg.rf.336804f87c735bce6766819a099eeeea.jpg,train/labels/image115_jpg.rf.336804f87c735bce6766819a099eeeea.txt,chickpea
train,train/images/images-4-_jpeg.rf.3661de3ed91f89bf2ee88b41d2bfa8f4.jpg,train/labels/images-4-_jpeg.rf.3661de3ed91f89bf2ee88b41d2bfa8f4.txt,grape seeds
train,train/images/image36_jpg.rf.c0388c3a2c91b4866dcdc13bc02b10c6.jpg,train/labels/image36_jpg.rf.c0388c3a2c91b4866dcdc13bc02b10c6.txt,chickpea
train,train/images/download-7-_jpeg.rf.c139c34d69c5999169203d40a9926a9c.jpg,train/labels/download-7-_jpeg.rf.c139c34d69c5999169203d40a9926a9c.txt,grape seeds
train,train/images/image104_png.rf.6f645ed9aa10ec4a1f5714b644407d3e.jpg,train/labels/image104_png.rf.6f645ed9aa10ec4a1f5714b644407d3e.txt,chickpea
train,train/images/images-3-_jpeg.rf.bba59f6e4599a73ee8acd871e2f7f893.jpg,train/labels/images-3-_jpeg.rf.bba59f6e4599a73ee8acd871e2f7f893.txt,watermelon seeds
train,train/images/image142_jpg.rf.e0e91fcb10c027d4f940b39fb628d3ab.jpg,train/labels/image142_jpg.rf.e0e91fcb10c027d4f940b39fb628d3ab.txt,chickpea
train,train/images/images-6-_jpeg.rf.f2e7278ba9a8f6076c78d60e9c0154d5.jpg,train/labels/images-6-_jpeg.rf.f2e7278ba9a8f6076c78d60e9c0154d5.txt,egusi seeds
train,train/images/download-7-_jpeg.rf.f374f0b3577b3ba35b5d3810dfc2636d.jpg,train/labels/download-7-_jpeg.rf.f374f0b3577b3ba35b5d3810dfc2636d.txt,onion seeds
train,train/images/download-7-_jpeg.rf.ef5451867aafd8f4af4652d545fdeb9a.jpg,train/labels/download-7-_jpeg.rf.ef5451867aafd8f4af4652d545fdeb9a.txt,sesame seeds
train,train/images/Angled-gourd_-83-_jpg.rf.863440af5fd7ad31978461b483ff3cbf.jpg,train/labels/Angled-gourd_-83-_jpg.rf.863440af5fd7ad31978461b483ff3cbf.txt,angle-gourd
train,train/images/images-8-_jpeg.rf.53d5f1bcaa1ea2807fa29c789febf696.jpg,train/labels/images-8-_jpeg.rf.53d5f1bcaa1ea2807fa29c789febf696.txt,potato seeds
train,train/images/Angled-gourd_-93-_jpg.rf.42d19da36a007d316e67b87df0325894.jpg,train/labels/Angled-gourd_-93-_jpg.rf.42d19da36a007d316e67b87df0325894.txt,angle-gourd
train,train/images/image_154_png.rf.0bb94042ff13a80a9954fd2af1aad792.jpg,train/labels/image_154_png.rf.0bb94042ff13a80a9954fd2af1aad792.txt,chickpea
train,train/images/image_113_png.rf.49386dac1f2c4a7fc46b7568dc03231d.jpg,train/labels/image_113_png.rf.49386dac1f2c4a7fc46b7568dc03231d.txt,chickpea
train,train/images/images-8-_jpeg.rf.3d47f0a87ab0b037298ec8e48ea4c035.jpg,train/labels/images-8-_jpeg.rf.3d47f0a87ab0b037298ec8e48ea4c035.txt,beetroot seed
train,train/images/Wing-bean_-68-_jpg.rf.bc845401a5c800daeef2f4d9644a7c1b.jpg,train/labels/Wing-bean_-68-_jpg.rf.bc845401a5c800daeef2f4d9644a7c1b.txt,wingbean
train,train/images/Sugar-pea_-91-_jpg.rf.7ac001516f3c43d3bcbad2d444e7c6bd.jpg,train/labels/Sugar-pea_-91-_jpg.rf.7ac001516f3c43d3bcbad2d444e7c6bd.txt,sugar-pea
train,train/images/download-7-_jpeg.rf.d185f6e9c9d57f4efca450a1fd6a20d5.jpg,train/labels/download-7-_jpeg.rf.d185f6e9c9d57f4efca450a1fd6a20d5.txt,mustard seeds
train,train/images/image86_png.rf.8bd15d225de313c1357e3e01cd67c47c.jpg,train/labels/image86_png.rf.8bd15d225de313c1357e3e01cd67c47c.txt,chickpea
train,train/images/download-7-_jpeg.rf.c0ce4b60c186ea9199b98f8e1db68481.jpg,train/labels/download-7-_jpeg.rf.c0ce4b60c186ea9199b98f8e1db68481.txt,jackfruit
train,train/images/IMG_20230316_150956-2-_jpg.rf.07e7582519693aaa79dc4c4f44b6cf40.jpg,train/labels/IMG_20230316_150956-2-_jpg.rf.07e7582519693aaa79dc4c4f44b6cf40.txt,
train,train/images/image26_jpg.rf.27aa1694d98125149560e20fb994965e.jpg,train/labels/image26_jpg.rf.27aa1694d98125149560e20fb994965e.txt,chickpea
train,train/images/IMG_20230316_132601_1_jpg.rf.20602dfbebee50e06aec9c17abd53987.jpg,train/labels/IMG_20230316_132601_1_jpg.rf.20602dfbebee50e06aec9c17abd53987.txt,chickpea
train,train/images/images-2-_jpeg.rf.3d83f2a5ea8ba594caf0d8e784a0d869.jpg,train/labels/images-2-_jpeg.rf.3d83f2a5ea8ba594caf0d8e784a0d869.txt,nigella seeds
train,train/images/images-3-_jpeg.rf.ae954f2a1a0d5cdf02374dd276e30818.jpg,train/labels/images-3-_jpeg.rf.ae954f2a1a0d5cdf02374dd276e30818.txt,fennel
train,train/images/image149_jpg.rf.8022dafe214ffaf51871efa72d631e73.jpg,train/labels/image149_jpg.rf.8022dafe214ffaf51871efa72d631e73.txt,chickpea
train,train/images/images-6-_jpeg.rf.a19550eefa5a7bb53e16defc400e727e.jpg,train/labels/images-6-_jpeg.rf.a19550eefa5a7bb53e16defc400e727e.txt,chia
train,train/images/image139_jpg.rf.cbc0976b0644b07297f57ba149b6f3ad.jpg,train/labels/image139_jpg.rf.cbc0976b0644b07297f57ba149b6f3ad.txt,
train,train/images/images-2-_jpeg.rf.ace2a625ca2abb9b8df0df51d8c5ca45.jpg,train/labels/images-2-_jpeg.rf.ace2a625ca2abb9b8df0df51d8c5ca45.txt,mustard seeds
train,train/images/image49_png.rf.4424b7cc5d6b4420b1a40a44d0bf3d24.jpg,train/labels/image49_png.rf.4424b7cc5d6b4420b1a40a44d0bf3d24.txt,chickpea
train,train/images/IMG_20230316_124756_1-2-_jpg.rf.89029bb6e99b538a3e93fe8fbbebb85b.jpg,train/labels/IMG_20230316_124756_1-2-_jpg.rf.89029bb6e99b538a3e93fe8fbbebb85b.txt,
train,train/images/images-4-_jpeg.rf.f57664c11fee777f87a4e65c5c0ec937.jpg,train/labels/images-4-_jpeg.rf.f57664c11fee777f87a4e65c5c0ec937.txt,egusi seeds
train,train/images/IMG_20230316_152021_1-1-_jpg.rf.b9f7e057e54d623c4c910d47cdeb5bea.jpg,train/labels/IMG_20230316_152021_1-1-_jpg.rf.b9f7e057e54d623c4c910d47cdeb5bea.txt,chickpea
train,train/images/Wing-bean_-53-_jpg.rf.e06463c9a643344fa28226df23e4082e.jpg,train/labels/Wing-bean_-53-_jpg.rf.e06463c9a643344fa28226df23e4082e.txt,wingbean
train,train/images/image44_jpg.rf.4fb1963b749f1d2de02eb8b432e1f038.jpg,train/labels/image44_jpg.rf.4fb1963b749f1d2de02eb8b432e1f038.txt,
train,train/images/download-3-_jpeg.rf.84a7280a4bd99c3dda525183f59cf2cc.jpg,train/labels/download-3-_jpeg.rf.84a7280a4bd99c3dda525183f59cf2cc.txt,mint seeds
train,train/images/chickpea158_jpg.rf.a0ec541899536bf9fcb5f3c48ff7dadb.jpg,train/labels/chickpea158_jpg.rf.a0ec541899536bf9fcb5f3c48ff7dadb.txt,chickpea
train,train/images/download-3-_jpeg.rf.cbeaaf305ab83b17e78997aa7f6e1f92.jpg,train/labels/download-3-_jpeg.rf.cbeaaf305ab83b17e78997aa7f6e1f92.txt,pinenut seeds
train,train/images/Muskmelon_-39-_jpg.rf.55b97f7a0ca3c31b7b41d9ea552efdd6.jpg,train/labels/Muskmelon_-39-_jpg.rf.55b97f7a0ca3c31b7b41d9ea552efdd6.txt,"muskmelon,pumpkin"
train,train/images/images-5-_jpeg.rf.9929c7f648c888e86f68eb26efceb142.jpg,train/labels/images-5-_jpeg.rf.9929c7f648c888e86f68eb26efceb142.txt,basil seeds
train,train/images/image63_png.rf.2e594ac77a11ae83d1f14abbf17200a4.jpg,train/labels/image63_png.rf.2e594ac77a11ae83d1f14abbf17200a4.txt,chickpea
train,train/images/images_jpeg.rf.59a2455c16a870545a64bf66b4811cf5.jpg,train/labels/images_jpeg.rf.59a2455c16a870545a64bf66b4811cf5.txt,split red lentils
train,train/images/Bottle-gourd_round-49-_jpg.rf.f7a91e38ad3dfa6f55656befb2ca1c37.jpg,train/labels/Bottle-gourd_round-49-_jpg.rf.f7a91e38ad3dfa6f55656befb2ca1c37.txt,
train,train/images/image47_jpg.rf.c67cd548ee97dd582a22b5d724b725bd.jpg,train/labels/image47_jpg.rf.c67cd548ee97dd582a22b5d724b725bd.txt,chickpea
train,train/images/Wing-bean_-84-_jpg.rf.dded845ba801ad402a0d746b94762d33.jpg,train/labels/Wing-bean_-84-_jpg.rf.dded845ba801ad402a0d746b94762d33.txt,wingbean
train,train/images/chickpea89_jpg.rf.00bad5e5d105b5efb035ac76b14deb58.jpg,train/labels/chickpea89_jpg.rf.00bad5e5d105b5efb035ac76b14deb58.txt,chickpea
train,train/images/IMG_20230316_124333_1-1-_jpg.rf.8691d8bc904ebf3562edb15378c98372.jpg,train/labels/IMG_20230316_124333_1-1-_jpg.rf.8691d8bc904ebf3562edb15378c98372.txt,
train,train/images/Muskmelon_-68-_jpg.rf.4ce53635bb52ce34e747ac5f00dc29df.jpg,train/labels/Muskmelon_-68-_jpg.rf.4ce53635bb52ce34e747ac5f00dc29df.txt,"muskmelon,pumpkin"
train,train/images/image116_jpg.rf.2d96d5cd0408d0d5583fd3efdbe1cf12.jpg,train/labels/image116_jpg.rf.2d96d5cd0408d0d5583fd3efdbe1cf12.txt,chickpea
train,train/images/image147_jpg.rf.c436a4e46dbc03b8f1586ceb20b1fdb0.jpg,train/labels/image147_jpg.rf.c436a4e46dbc03b8f1586ceb20b1fdb0.txt,
train,train/images/download-11-_jpeg.rf.aa827d4831d1d4d14a750cf5319b16d2.jpg,train/labels/download-11-_jpeg.rf.aa827d4831d1d4d14a750cf5319b16d2.txt,onion seeds
train,train/images/image54_jpg.rf.9f5d61331cf56d4bab663b158d9c7ff1.jpg,train/labels/image54_jpg.rf.9f5d61331cf56d4bab663b158d9c7ff1.txt,
train,train/images/image31_png.rf.526596006e3f9483ea602860ca7fccca.jpg,train/labels/image31_png.rf.526596006e3f9483ea602860ca7fccca.txt,chickpea
train,train/images/image121_jpg.rf.67b1bf2efeefe7bc8a81061084bc610f.jpg,train/labels/image121_jpg.rf.67b1bf2efeefe7bc8a81061084bc610f.txt,chickpea
train,train/images/chickpea109_jpg.rf.e4ee414a3b4c46dea265d1b05956dbd8.jpg,train/labels/chickpea109_jpg.rf.e4ee414a3b4c46dea265d1b05956dbd8.txt,chickpea
train,train/images/image30_png.rf.b58a2ea4a16d2e4a1c81a046918793ea.jpg,train/labels/image30_png.rf.b58a2ea4a16d2e4a1c81a046918793ea.txt,chickpea
train,train/images/Angled-gourd_-47-_jpg.rf.a37165f1fb1b475976b57da7dbb93304.jpg,train/labels/Angled-gourd_-47-_jpg.rf.a37165f1fb1b475976b57da7dbb93304.txt,angle-gourd
train,train/images/Angled-gourd_-5-_jpg.rf.75b367090b10b78895175ed1445f58b4.jpg,train/labels/Angled-gourd_-5-_jpg.rf.75b367090b10b78895175ed1445f58b4.txt,angle-gourd
train,train/images/images_jpeg.rf.f1ea3e881e2ec0fb917c3221197f049f.jpg,train/labels/images_jpeg.rf.f1ea3e881e2ec0fb917c3221197f049f.txt,onion seeds
train,train/images/chickpea152_jpg.rf.b65afa2d8b27402a92239554bf6b3b1a.jpg,train/labels/chickpea152_jpg.rf.b65afa2d8b27402a92239554bf6b3b1a.txt,chickpea
train,train/images/images-8-_jpeg.rf.6711e4bc0a6db4c13261da0357bfce7e.jpg,train/labels/images-8-_jpeg.rf.6711e4bc0a6db4c13261da0357bfce7e.txt,lotus seeds
train,train/images/images-11-_jpeg.rf.ef581e6ada3735d77fb515cc37aa1e03.jpg,train/labels/images-11-_jpeg.rf.ef581e6ada3735d77fb515cc37aa1e03.txt,grape seeds
train,train/images/chickpea191_jpg.rf.d9e5f87ab8622fc31bb2180468d3cdee.jpg,train/labels/chickpea191_jpg.rf.d9e5f87ab8622fc31bb2180468d3cdee.txt,chickpea
train,train/images/image45_png.rf.a5296c82d92368a646f104493ee366de.jpg,train/labels/image45_png.rf.a5296c82d92368a646f104493ee366de.txt,chickpea
train,train/images/download_jpeg.rf.161b777d89b70b3adff950b9c2d83a5e.jpg,train/labels/download_jpeg.rf.161b777d89b70b3adff950b9c2d83a5e.txt,oats seeds
train,train/images/image92_jpg.rf.d2f2d78f3185efc8597233212ec6ddf5.jpg,train/labels/image92_jpg.rf.d2f2d78f3185efc8597233212ec6ddf5.txt,chickpea
train,train/images/image84_png.rf.707b2dabf9a12c70c949ab5d00456fbe.jpg,train/labels/image84_png.rf.707b2dabf9a12c70c949ab5d00456fbe.txt,chickpea
train,train/images/download-4-_jpeg.rf.4fc352b1dda7d70e53efec5327f959df.jpg,train/labels/download-4-_jpeg.rf.4fc352b1dda7d70e53efec5327f959df.txt,jackfruit
train,train/images/download-3-_jpeg.rf.40bb5eef7211be9a825b40d332bcf62e.jpg,train/labels/download-3-_jpeg.rf.40bb5eef7211be9a825b40d332bcf62e.txt,basil seeds
train,train/images/Yardlong-bean_-63-_jpg.rf.3c667f74aff817437c1d43efbf45f029.jpg,train/labels/Yardlong-bean_-63-_jpg.rf.3c667f74aff817437c1d43efbf45f029.txt,yardlong-bean
train,train/images/image8_jpg.rf.734f86c5c6d40243a85a12c7e3f9c965.jpg,train/labels/image8_jpg.rf.734f86c5c6d40243a85a12c7e3f9c965.txt,chickpea
train,train/images/download-10-_jpeg.rf.8b524893ee5ec44ef396c29bc74cd826.jpg,train/labels/download-10-_jpeg.rf.8b524893ee5ec44ef396c29bc74cd826.txt,rice seeds
train,train/images/images-10-_jpeg.rf.8915ea1154ca74500a1a625b1a28affd.jpg,train/labels/images-10-_jpeg.rf.8915ea1154ca74500a1a625b1a28affd.txt,poppy seeds
train,train/images/IMG_20230316_131758_1-1-_jpg.rf.721b68d9107e9b9765e584e3fac91691.jpg,train/labels/IMG_20230316_131758_1-1-_jpg.rf.721b68d9107e9b9765e584e3fac91691.txt,chickpea
train,train/images/images-3-_jpeg.rf.4fe5f91981d2391fc6ff0b37926307db.jpg,train/labels/images-3-_jpeg.rf.4fe5f91981d2391fc6ff0b37926307db.txt,garlic seeds
train,train/images/images-2-_jpeg.rf.1929bdc3267419a32af4a62328feaf58.jpg,train/labels/images-2-_jpeg.rf.1929bdc3267419a32af4a62328feaf58.txt,cabbage
train,train/images/chickpea125_jpg.rf.8cf6a466f5d5e214d928943458818f14.jpg,train/labels/chickpea125_jpg.rf.8cf6a466f5d5e214d928943458818f14.txt,chickpea
train,train/images/image_160_png.rf.2895d93c4cafae9b1043907199f07a4b.jpg,train/labels/image_160_png.rf.2895d93c4cafae9b1043907199f07a4b.txt,chickpea
train,train/images/image_180_png.rf.42cfd035e1c4ee4009fd666fd24a4e43.jpg,train/labels/image_180_png.rf.42cfd035e1c4ee4009fd666fd24a4e43.txt,chickpea
train,train/images/Angled-gourd_-53-_jpg.rf.f14b5a65452cf38d09e169c8a9d57f4a.jpg,train/labels/Angled-gourd_-53-_jpg.rf.f14b5a65452cf38d09e169c8a9d57f4a.txt,angle-gourd
train,train/images/images_jpeg.rf.9c36e674d1a7e542392d7f26252a793e.jpg,train/labels/images_jpeg.rf.9c36e674d1a7e542392d7f26252a793e.txt,poppy seeds
train,train/images/IMG_20230316_125951_jpg.rf.b164ddc008e9946a575a37641a66622e.jpg,train/labels/IMG_20230316_125951_jpg.rf.b164ddc008e9946a575a37641a66622e.txt,
train,train/images/S20211206_0024_jpg.rf.5b0ab536696ddefa0c5db88b20acbe44.jpg,train/labels/S20211206_0024_jpg.rf.5b0ab536696ddefa0c5db88b20acbe44.txt,
train,train/images/image90_jpg.rf.5f183b4c7d507fbb7b55658bcf796aec.jpg,train/labels/image90_jpg.rf.5f183b4c7d507fbb7b55658bcf796aec.txt,
train,train/images/IMG_20230316_124349_1_jpg.rf.4e0a92c623e56351f1ec3452187b581b.jpg,train/labels/IMG_20230316_124349_1_jpg.rf.4e0a92c623e56351f1ec3452187b581b.txt,
train,train/images/images-7-_jpeg.rf.8bc174597ba733c574cf9b3ae5362b6a.jpg,train/labels/images-7-_jpeg.rf.8bc174597ba733c574cf9b3ae5362b6a.txt,garlic seeds
train,train/images/image50_jpg.rf.f14fb15a4d648be7f89d097f159c3b24.jpg,train/labels/image50_jpg.rf.f14fb15a4d648be7f89d097f159c3b24.txt,
train,train/images/Bottle-gourd_long-70-_jpg.rf.11b511e545c0feb6ec3ae0f689423466.jpg,train/labels/Bottle-gourd_long-70-_jpg.rf.11b511e545c0feb6ec3ae0f689423466.txt,
train,train/images/Bottle-gourd_round-52-_jpg.rf.9ea44581d4f791459b4bbfb64004edfb.jpg,train/labels/Bottle-gourd_round-52-_jpg.rf.9ea44581d4f791459b4bbfb64004edfb.txt,
train,train/images/image46_png.rf.674d990b4003fc9d9bf0c0c681922a55.jpg,train/labels/image46_png.rf.674d990b4003fc9d9bf0c0c681922a55.txt,chickpea
train,train/images/image7_png.rf.742a639e0db6af00981dea5075d4735c.jpg,train/labels/image7_png.rf.742a639e0db6af00981dea5075d4735c.txt,chickpea
train,train/images/Angled-gourd_-39-_jpg.rf.452019cd3694a2c8a273f0539914c1e1.jpg,train/labels/Angled-gourd_-39-_jpg.rf.452019cd3694a2c8a273f0539914c1e1.txt,angle-gourd
train,train/images/image117_jpg.rf.708e0019fffa525726728bd83d18289a.jpg,train/labels/image117_jpg.rf.708e0019fffa525726728bd83d18289a.txt,chickpea
train,train/images/download-4-_jpeg.rf.76274778d9622cd9be52a1a1f0cbfb33.jpg,train/labels/download-4-_jpeg.rf.76274778d9622cd9be52a1a1f0cbfb33.txt,mustard seeds
train,train/images/IMG_20230316_150956-4-_jpg.rf.03ed164664e3f9e8fd1caa8859f40a2f.jpg,train/labels/IMG_20230316_150956-4-_jpg.rf.03ed164664e3f9e8fd1caa8859f40a2f.txt,chickpea
train,train/images/Wing-bean_-99-_jpg.rf.d756b8443c44764bc590a29448be92ed.jpg,train/labels/Wing-bean_-99-_jpg.rf.d756b8443c44764bc590a29448be92ed.txt,wingbean
train,train/images/image83_jpg.rf.58f23434ca4104470c70c97360eed5c2.jpg,train/labels/image83_jpg.rf.58f23434ca4104470c70c97360eed5c2.txt,chickpea
train,train/images/images-2-_jpeg.rf.0ad0e5ec0ec1549c42f2d0d52ea9dd29.jpg,train/labels/images-2-_jpeg.rf.0ad0e5ec0ec1549c42f2d0d52ea9dd29.txt,egusi seeds
train,train/images/image74_jpg.rf.21e5bf13c35b8d53937d7b3c65377893.jpg,train/labels/image74_jpg.rf.21e5bf13c35b8d53937d7b3c65377893.txt,
train,train/images/images-1-_jpeg.rf.0365156baf89996e583b5386c09cd9d4.jpg,train/labels/images-1-_jpeg.rf.0365156baf89996e583b5386c09cd9d4.txt,brown bean
train,train/images/download-1-_jpeg.rf.9ff2b37f2e2a26001a79e5534867899f.jpg,train/labels/download-1-_jpeg.rf.9ff2b37f2e2a26001a79e5534867899f.txt,egusi seeds
train,train/images/chickpea93_jpg.rf.c71336cd8980ecfaec106904bc3f84c7.jpg,train/labels/chickpea93_jpg.rf.c71336cd8980ecfaec106904bc3f84c7.txt,chickpea
train,train/images/download_jpeg.rf.a320a16e2832e99457ac994b75500cda.jpg,train/labels/download_jpeg.rf.a320a16e2832e99457ac994b75500cda.txt,jackfruit
train,train/images/images-4-_jpeg.rf.66b9a564e77c6e94bfcd445e8c462777.jpg,train/labels/images-4-_jpeg.rf.66b9a564e77c6e94bfcd445e8c462777.txt,potato seeds
train,train/images/IMG_20230316_132630_jpg.rf.79035b29ccf6f746eef1691f3cc25391.jpg,train/labels/IMG_20230316_132630_jpg.rf.79035b29ccf6f746eef1691f3cc25391.txt,
train,train/images/images-9-_jpeg.rf.acb1583b528f5a287d86c6f6f47f23dd.jpg,train/labels/images-9-_jpeg.rf.acb1583b528f5a287d86c6f6f47f23dd.txt,hemp seeds
train,train/images/Wing-bean_-63-_jpg.rf.1a15d90edbd4bfc24d269c9d3fb0b4e8.jpg,train/labels/Wing-bean_-63-_jpg.rf.1a15d90edbd4bfc24d269c9d3fb0b4e8.txt,wingbean
train,train/images/IMG_20230316_124919_1-4-_jpg.rf.1ea421c138bd86cdca281c9b73c1c226.jpg,train/labels/IMG_20230316_124919_1-4-_jpg.rf.1ea421c138bd86cdca281c9b73c1c226.txt,chickpea
train,train/images/IMG_20230316_124247_1-1-_jpg.rf.ef94f29e498fed42eb50a8c45a6a58c6.jpg,train/labels/IMG_20230316_124247_1-1-_jpg.rf.ef94f29e498fed42eb50a8c45a6a58c6.txt,chickpea
train,train/images/IMG_20230316_132653_1_jpg.rf.85b03b2e98973bd0b181b72285621cb7.jpg,train/labels/IMG_20230316_132653_1_jpg.rf.85b03b2e98973bd0b181b72285621cb7.txt,chickpea
train,train/images/IMG_20230316_150956-4-_jpg.rf.5555414929c5907bd460980c35a93763.jpg,train/labels/IMG_20230316_150956-4-_jpg.rf.5555414929c5907bd460980c35a93763.txt,
train,train/images/image_155_png.rf.fb4f55325927928487a13bf6895991fc.jpg,train/labels/image_155_png.rf.fb4f55325927928487a13bf6895991fc.txt,chickpea
train,train/images/image37_jpg.rf.79ff16e6443d9cd467a950acea2b316c.jpg,train/labels/image37_jpg.rf.79ff16e6443d9cd467a950acea2b316c.txt,
train,train/images/images-3-_jpeg.rf.97878b7424c84614a1310e0d6453daae.jpg,train/labels/images-3-_jpeg.rf.97878b7424c84614a1310e0d6453daae.txt,jackfruit
train,train/images/image20_png.rf.9dca2fe7b408f22da6089756ff55c2ee.jpg,train/labels/image20_png.rf.9dca2fe7b408f22da6089756ff55c2ee.txt,chickpea
train,train/images/download-10-_jpeg.rf.96d2b17a819fe4f5d87799f375007137.jpg,train/labels/download-10-_jpeg.rf.96d2b17a819fe4f5d87799f375007137.txt,pinenut seeds
train,train/images/download-1-_jpeg.rf.f6b6d9db69632d421b89c6f1bbdc03d7.jpg,train/labels/download-1-_jpeg.rf.f6b6d9db69632d421b89c6f1bbdc03d7.txt,garlic seeds
train,train/images/download-9-_jpeg.rf.6fb86f88d034203cdee623b113ed591d.jpg,train/labels/download-9-_jpeg.rf.6fb86f88d034203cdee623b113ed591d.txt,nigella seeds
train,train/images/download_jpeg.rf.e9d9a2159767a9b826ae80896c465f85.jpg,train/labels/download_jpeg.rf.e9d9a2159767a9b826ae80896c465f85.txt,lotus seeds
train,train/images/image10_png.rf.282287bd2c7ec6f906720e8a9c9e6313.jpg,train/labels/image10_png.rf.282287bd2c7ec6f906720e8a9c9e6313.txt,chickpea
train,train/images/images-8-_jpeg.rf.e60476fa02eea0c8508e97306de95fcf.jpg,train/labels/images-8-_jpeg.rf.e60476fa02eea0c8508e97306de95fcf.txt,cucumber seeds
train,train/images/images-3-_jpeg.rf.49d0a46a6c781f624030c49d2df97c3e.jpg,train/labels/images-3-_jpeg.rf.49d0a46a6c781f624030c49d2df97c3e.txt,coffee beans
train,train/images/image9_jpg.rf.311e8e976500773e878f7f30639ae2f4.jpg,train/labels/image9_jpg.rf.311e8e976500773e878f7f30639ae2f4.txt,chickpea
train,train/images/images-1-_jpeg.rf.2feae40bdc09a692842eedd3ae1ea72f.jpg,train/labels/images-1-_jpeg.rf.2feae40bdc09a692842eedd3ae1ea72f.txt,nigella seeds
train,train/images/chickpea116_jpg.rf.3792c45a92eb55de5f5a21f1f6a5f03e.jpg,train/labels/chickpea116_jpg.rf.3792c45a92eb55de5f5a21f1f6a5f03e.txt,chickpea
train,train/images/download-16-_jpeg.rf.407c6d8e66a97d4ca607cccf7b015684.jpg,train/labels/download-16-_jpeg.rf.407c6d8e66a97d4ca607cccf7b015684.txt,mustard seeds
train,train/images/chickpea12_jpg.rf.9586d033ff0b59dcf01fdf5b187b4e2d.jpg,train/labels/chickpea12_jpg.rf.9586d033ff0b59dcf01fdf5b187b4e2d.txt,chickpea
train,train/images/S20211206_0032_jpg.rf.5f3743ae3add0bc8b8ed622244671f4e.jpg,train/labels/S20211206_0032_jpg.rf.5f3743ae3add0bc8b8ed622244671f4e.txt,
train,train/images/Sugar-pea_-63-_jpg.rf.e1957be5237863a76f5c3c4265548715.jpg,train/labels/Sugar-pea_-63-_jpg.rf.e1957be5237863a76f5c3c4265548715.txt,sugar-pea
train,train/images/download-9-_jpeg.rf.b8cb03e1623ee3140e4d02678c9ee4f9.jpg,train/labels/download-9-_jpeg.rf.b8cb03e1623ee3140e4d02678c9ee4f9.txt,chia
train,train/images/image_158_png.rf.ac71cb4184c4c6331a232cdc08526c91.jpg,train/labels/image_158_png.rf.ac71cb4184c4c6331a232cdc08526c91.txt,
train,train/images/chickpea204_jpg.rf.1311dcf10406c64c77daee09b96c2f61.jpg,train/labels/chickpea204_jpg.rf.1311dcf10406c64c77daee09b96c2f61.txt,chickpea
train,train/images/image36_png.rf.c3679c7bdd6c62c311e2b214f0f62051.jpg,train/labels/image36_png.rf.c3679c7bdd6c62c311e2b214f0f62051.txt,chickpea
train,train/images/Bottle-gourd_round-76-_jpg.rf.5a74a74c1110262a3ef4ec9e065aff03.jpg,train/labels/Bottle-gourd_round-76-_jpg.rf.5a74a74c1110262a3ef4ec9e065aff03.txt,
train,train/images/image100_jpg.rf.9d1ec0b0edf86535250040460a454e14.jpg,train/labels/image100_jpg.rf.9d1ec0b0edf86535250040460a454e14.txt,chickpea
train,train/images/image_178_png.rf.8bce4a176b5841b53dbd90e25e668ced.jpg,train/labels/image_178_png.rf.8bce4a176b5841b53dbd90e25e668ced.txt,chickpea
train,train/images/S20211206_0018_jpg.rf.bbdae6c85e412cfd678b6786d9ad5949.jpg,train/labels/S20211206_0018_jpg.rf.bbdae6c85e412cfd678b6786d9ad5949.txt,
train,train/images/chickpea192_jpg.rf.1022a789e36732575c9cdb7fb82f43d4.jpg,train/labels/chickpea192_jpg.rf.1022a789e36732575c9cdb7fb82f43d4.txt,chickpea
train,train/images/download-11-_jpeg.rf.0da5b94917b0bd5bc0549d8c70d7f120.jpg,train/labels/download-11-_jpeg.rf.0da5b94917b0bd5bc0549d8c70d7f120.txt,mustard seeds
train,train/images/image32_jpg.rf.efca7029ce8f2f3b1c55dd82fba5a727.jpg,train/labels/image32_jpg.rf.efca7029ce8f2f3b1c55dd82fba5a727.txt,chickpea
train,train/images/image152_jpg.rf.ecc474b3b2039cfd0f82ca71471c6d28.jpg,train/labels/image152_jpg.rf.ecc474b3b2039cfd0f82ca71471c6d28.txt,
train,train/images/image69_png.rf.c52f7912b15ce2883cdffd4efcc9a79b.jpg,train/labels/image69_png.rf.c52f7912b15ce2883cdffd4efcc9a79b.txt,chickpea
train,train/images/IMG_20230316_151345_1_jpg.rf.8e03cf17eeec7571522bc0e7182076c3.jpg,train/labels/IMG_20230316_151345_1_jpg.rf.8e03cf17eeec7571522bc0e7182076c3.txt,chickpea
train,train/images/download-8-_jpeg.rf.1614ec2b2df19c2891db3d3eadb14bd3.jpg,train/labels/download-8-_jpeg.rf.1614ec2b2df19c2891db3d3eadb14bd3.txt,poppy seeds
train,train/images/images-2-_jpeg.rf.8e06aeef73e35bb0639d13620c3465e4.jpg,train/labels/images-2-_jpeg.rf.8e06aeef73e35bb0639d13620c3465e4.txt,sesame seeds
train,train/images/chickpea149_jpg.rf.ae02dfe27c57907ea9c621591b7cca66.jpg,train/labels/chickpea149_jpg.rf.ae02dfe27c57907ea9c621591b7cca66.txt,chickpea
train,train/images/images-12-_jpeg.rf.82af48f79d1070c2156974ddf51f24ed.jpg,train/labels/images-12-_jpeg.rf.82af48f79d1070c2156974ddf51f24ed.txt,cabbage
train,train/images/IMG_20230316_151228-1-_jpg.rf.54ec33aa421a6b9bd9e20d485292b77d.jpg,train/labels/IMG_20230316_151228-1-_jpg.rf.54ec33aa421a6b9bd9e20d485292b77d.txt,chickpea
train,train/images/IMG_20230316_132450_jpg.rf.31c546a086ca0d8ba914d9e6379d9942.jpg,train/labels/IMG_20230316_132450_jpg.rf.31c546a086ca0d8ba914d9e6379d9942.txt,
train,train/images/chickpea115_jpg.rf.021edaaf631b7a7647fcc607996792bc.jpg,train/labels/chickpea115_jpg.rf.021edaaf631b7a7647fcc607996792bc.txt,chickpea
train,train/images/download-1-_jpeg.rf.01aa081d4cc61455f21d9eb9c06d0f84.jpg,train/labels/download-1-_jpeg.rf.01aa081d4cc61455f21d9eb9c06d0f84.txt,carrot
train,train/images/Muskmelon_-52-_jpg.rf.f686abb16710810e0999e7543f7c6605.jpg,train/labels/Muskmelon_-52-_jpg.rf.f686abb16710810e0999e7543f7c6605.txt,"muskmelon,pumpkin"
train,train/images/chickpea157_jpg.rf.5f9d295e2605c7b56c74453cc896cdc0.jpg,train/labels/chickpea157_jpg.rf.5f9d295e2605c7b56c74453cc896cdc0.txt,chickpea
train,train/images/image86_png.rf.132198a15af3d366b1fadc504ee1c9ee.jpg,train/labels/image86_png.rf.132198a15af3d366b1fadc504ee1c9ee.txt,chickpea
train,train/images/images-6-_jpeg.rf.62d507509181ea709cf36813f06c2c6d.jpg,train/labels/images-6-_jpeg.rf.62d507509181ea709cf36813f06c2c6d.txt,lotus seeds
train,train/images/images-4-_jpeg.rf.be7f0589e0bc523efbab57004268de8f.jpg,train/labels/images-4-_jpeg.rf.be7f0589e0bc523efbab57004268de8f.txt,beetroot seed
train,train/images/image6_jpg.rf.7696fe12863462dfa256f6199ba46522.jpg,train/labels/image6_jpg.rf.7696fe12863462dfa256f6199ba46522.txt,chickpea
train,train/images/images-3-_jpeg.rf.14148930c39af744fea37d0409e94ae6.jpg,train/labels/images-3-_jpeg.rf.14148930c39af744fea37d0409e94ae6.txt,egusi seeds
train,train/images/image39_png.rf.8cf7fa0ecb328b28e51558861b0da744.jpg,train/labels/image39_png.rf.8cf7fa0ecb328b28e51558861b0da744.txt,chickpea
train,train/images/images-1-_jpeg.rf.7febd923bb73d2eefe729e4a60a39c0c.jpg,train/labels/images-1-_jpeg.rf.7febd923bb73d2eefe729e4a60a39c0c.txt,flax seeds
valid,valid/images/image73_png.rf.a3f74e18f1285854349637c67901919c.jpg,valid/labels/image73_png.rf.a3f74e18f1285854349637c67901919c.txt,chickpea
valid,valid/images/image21_png.rf.a0a5110989d6de31d505dd4a6c12a896.jpg,valid/labels/image21_png.rf.a0a5110989d6de31d505dd4a6c12a896.txt,chickpea
valid,valid/images/IMG_20230316_124835_1-2-_jpg.rf.e988abffd66c139e435042f0718c13ed.jpg,valid/labels/IMG_20230316_124835_1-2-_jpg.rf.e988abffd66c139e435042f0718c13ed.txt,
valid,valid/images/IMG_20230316_152021_1-1-_jpg.rf.2b434a1ba6020423d4e9424b97b136c6.jpg,valid/labels/IMG_20230316_152021_1-1-_jpg.rf.2b434a1ba6020423d4e9424b97b136c6.txt,chickpea
valid,valid/images/Bottle-gourd_round-72-_jpg.rf.1fe5d0c3043b7fcb1b6297a696081ea2.jpg,valid/labels/Bottle-gourd_round-72-_jpg.rf.1fe5d0c3043b7fcb1b6297a696081ea2.txt,
valid,valid/images/image66_png.rf.ef644ab69a1ca86151d6a3c17bd98b3d.jpg,valid/labels/image66_png.rf.ef644ab69a1ca86151d6a3c17bd98b3d.txt,chickpea
valid,valid/images/IMG_20230316_124244_1-1-_jpg.rf.cdbde75903305e31d0eafd54440b66bb.jpg,valid/labels/IMG_20230316_124244_1-1-_jpg.rf.cdbde75903305e31d0eafd54440b66bb.txt,chickpea
valid,valid/images/image52_jpg.rf.78f123b1bb256faab64bac7415eea6f8.jpg,valid/labels/image52_jpg.rf.78f123b1bb256faab64bac7415eea6f8.txt,
valid,valid/images/image_134_png.rf.42a4917c6dcc8b90aa3bf448368da82e.jpg,valid/labels/image_134_png.rf.42a4917c6dcc8b90aa3bf448368da82e.txt,
valid,valid/images/Angled-gourd_-48-_jpg.rf.70da7f2417206fe76cb2b093a8b74ea2.jpg,valid/labels/Angled-gourd_-48-_jpg.rf.70da7f2417206fe76cb2b093a8b74ea2.txt,angle-gourd
valid,valid/images/image36_jpg.rf.acef820d278246c2886a9bb56832c081.jpg,valid/labels/image36_jpg.rf.acef820d278246c2886a9bb56832c081.txt,
valid,valid/images/image122_jpg.rf.1b927375d40ae2f7a4bf5e168ee2222f.jpg,valid/labels/image122_jpg.rf.1b927375d40ae2f7a4bf5e168ee2222f.txt,
valid,valid/images/image153_jpg.rf.b44d8583ace6e7de1ee4626a902213af.jpg,valid/labels/image153_jpg.rf.b44d8583ace6e7de1ee4626a902213af.txt,chickpea
valid,valid/images/Bottle-gourd_long-97-_jpg.rf.088c3595b9e445faab5ee16aad8b4134.jpg,valid/labels/Bottle-gourd_long-97-_jpg.rf.088c3595b9e445faab5ee16aad8b4134.txt,
valid,valid/images/Muskmelon_-38-_jpg.rf.47ae096a52303ca927b878c2b6198351.jpg,valid/labels/Muskmelon_-38-_jpg.rf.47ae096a52303ca927b878c2b6198351.txt,"muskmelon,pumpkin"
valid,valid/images/image_160_png.rf.437aef471690b76d86488cfd63b62c4f.jpg,valid/labels/image_160_png.rf.437aef471690b76d86488cfd63b62c4f.txt,
valid,valid/images/image76_png.rf.c436c6abf1e1381bcb7a9ea833a4f0a9.jpg,valid/labels/image76_png.rf.c436c6abf1e1381bcb7a9ea833a4f0a9.txt,chickpea
valid,valid/images/image90_jpg.rf.cfa153c0b2083a78a9564f7a07124d4f.jpg,valid/labels/image90_jpg.rf.cfa153c0b2083a78a9564f7a07124d4f.txt,chickpea
valid,valid/images/image41_png.rf.20066cdfb5dfc61c76d70b5aa27ae7f4.jpg,valid/labels/image41_png.rf.20066cdfb5dfc61c76d70b5aa27ae7f4.txt,chickpea
valid,valid/images/chickpea88_jpg.rf.aa350fef4def525d85be49ce7de69e08.jpg,valid/labels/chickpea88_jpg.rf.aa350fef4def525d85be49ce7de69e08.txt,chickpea
valid,valid/images/image35_png.rf.61d2bac2c238cb58a40ba3b579e9615d.jpg,valid/labels/image35_png.rf.61d2bac2c238cb58a40ba3b579e9615d.txt,chickpea
valid,valid/images/IMG_20230316_132601_1-3-_jpg.rf.b539253dfa644a1b9995aec184e352fd.jpg,valid/labels/IMG_20230316_132601_1-3-_jpg.rf.b539253dfa644a1b9995aec184e352fd.txt,chickpea
valid,valid/images/image152_jpg.rf.4afa40be84586deba942ff9aabf3d20c.jpg,valid/labels/image152_jpg.rf.4afa40be84586deba942ff9aabf3d20c.txt,chickpea
valid,valid/images/chickpea95_jpg.rf.c47e362647c9c85393c28d26efcfa353.jpg,valid/labels/chickpea95_jpg.rf.c47e362647c9c85393c28d26efcfa353.txt,chickpea
valid,valid/images/image83_jpg.rf.dbfbd0d4d3dada49f93041e74b8d0186.jpg,valid/labels/image83_jpg.rf.dbfbd0d4d3dada49f93041e74b8d0186.txt,
valid,valid/images/image70_png.rf.4a489f9352e47a6f8648ce3f3bcf318d.jpg,valid/labels/image70_png.rf.4a489f9352e47a6f8648ce3f3bcf318d.txt,chickpea
valid,valid/images/chickpea136_jpg.rf.10abc3beac49b96b3d8843205a617e12.jpg,valid/labels/chickpea136_jpg.rf.10abc3beac49b96b3d8843205a617e12.txt,chickpea
valid,valid/images/S20211206_0001_jpg.rf.cd1673877896e533b3158adc98017583.jpg,valid/labels/S20211206_0001_jpg.rf.cd1673877896e533b3158adc98017583.txt,
valid,valid/images/chickpea150_jpg.rf.2430af8e77e5f65a0c1978f73a6c7068.jpg,valid/labels/chickpea150_jpg.rf.2430af8e77e5f65a0c1978f73a6c7068.txt,chickpea
valid,valid/images/Bottle-gourd_round-75-_jpg.rf.94c13eaaef0ecbcd6bdf22de7edf2e90.jpg,valid/labels/Bottle-gourd_round-75-_jpg.rf.94c13eaaef0ecbcd6bdf22de7edf2e90.txt,bitter-gourd
valid,valid/images/image107_jpg.rf.a7c6650224aa22a7fc4db173a51564e9.jpg,valid/labels/image107_jpg.rf.a7c6650224aa22a7fc4db173a51564e9.txt,
valid,valid/images/image84_jpg.rf.91a1a388b72ab84811c531e8117d6d1c.jpg,valid/labels/image84_jpg.rf.91a1a388b72ab84811c531e8117d6d1c.txt,
valid,valid/images/image29_png.rf.336fbb124eed14a6eb742239aa8c40af.jpg,valid/labels/image29_png.rf.336fbb124eed14a6eb742239aa8c40af.txt,chickpea
valid,valid/images/Pumpkin_-87-_jpg.rf.978a9f233bcf513666bd126b651877d4.jpg,valid/labels/Pumpkin_-87-_jpg.rf.978a9f233bcf513666bd126b651877d4.txt,pumpkin
valid,valid/images/image148_jpg.rf.3a16b901dcbf994114a13ee064366183.jpg,valid/labels/image148_jpg.rf.3a16b901dcbf994114a13ee064366183.txt,
valid,valid/images/Pumpkin_-44-_jpg.rf.ec85231838a73b6953142ecb0a88e266.jpg,valid/labels/Pumpkin_-44-_jpg.rf.ec85231838a73b6953142ecb0a88e266.txt,pumpkin
valid,valid/images/Yardlong-bean_-60-_jpg.rf.f83f56d8aeabfe40381ceb015277e7c9.jpg,valid/labels/Yardlong-bean_-60-_jpg.rf.f83f56d8aeabfe40381ceb015277e7c9.txt,yardlong-bean
valid,valid/images/chickpea200_jpg.rf.0dda4ad56841c0e63a97e07805df6bfa.jpg,valid/labels/chickpea200_jpg.rf.0dda4ad56841c0e63a97e07805df6bfa.txt,
valid,valid/images/image63_png.rf.1d1ae3988def541da2aa2957f89baf42.jpg,valid/labels/image63_png.rf.1d1ae3988def541da2aa2957f89baf42.txt,chickpea
valid,valid/images/image111_jpg.rf.703fab8772ffb419bae8c68e4ab08d57.jpg,valid/labels/image111_jpg.rf.703fab8772ffb419bae8c68e4ab08d57.txt,chickpea
valid,valid/images/chickpea191_jpg.rf.4ec3bda7ca3018dc697a499bd32f8f2c.jpg,valid/labels/chickpea191_jpg.rf.4ec3bda7ca3018dc697a499bd32f8f2c.txt,chickpea
valid,valid/images/image_160_png.rf.463e776a9bb2857ded43f84f0ea18382.jpg,valid/labels/image_160_png.rf.463e776a9bb2857ded43f84f0ea18382.txt,chickpea
valid,valid/images/Muskmelon_-90-_jpg.rf.e9f180d504fe20ee37b6f9d8adf5a5e6.jpg,valid/labels/Muskmelon_-90-_jpg.rf.e9f180d504fe20ee37b6f9d8adf5a5e6.txt,muskmelon
valid,valid/images/IMG_20230316_154057_1_jpg.rf.9db51c7de70f87e345c540d17fdb0208.jpg,valid/labels/IMG_20230316_154057_1_jpg.rf.9db51c7de70f87e345c540d17fdb0208.txt,chickpea
valid,valid/images/IMG_20230316_131706_jpg.rf.7bb956a1960e6b7fbdd2d60de21ed2d7.jpg,valid/labels/IMG_20230316_131706_jpg.rf.7bb956a1960e6b7fbdd2d60de21ed2d7.txt,chickpea
valid,valid/images/image42_png.rf.b9877a4061589dfab178e0f0e55670bb.jpg,valid/labels/image42_png.rf.b9877a4061589dfab178e0f0e55670bb.txt,chickpea
valid,valid/images/image40_jpg.rf.76f4ac24e01bdd7d1d3281deb100bb08.jpg,valid/labels/image40_jpg.rf.76f4ac24e01bdd7d1d3281deb100bb08.txt,chickpea
valid,valid/images/chickpea202_jpg.rf.254e5c99add4dd1ccc563e091b85d4dc.jpg,valid/labels/chickpea202_jpg.rf.254e5c99add4dd1ccc563e091b85d4dc.txt,chickpea
valid,valid/images/image104_jpg.rf.1f41dd4ef5e0251441da661442fb5531.jpg,valid/labels/image104_jpg.rf.1f41dd4ef5e0251441da661442fb5531.txt,chickpea
valid,valid/images/image57_jpg.rf.f9856e7f425f4065439692a24d74f924.jpg,valid/labels/image57_jpg.rf.f9856e7f425f4065439692a24d74f924.txt,chickpea
valid,valid/images/image2_jpg.rf.1e415a9c76a964b564bccca2686f7cc6.jpg,valid/labels/image2_jpg.rf.1e415a9c76a964b564bccca2686f7cc6.txt,chickpea
valid,valid/images/IMG_20230316_124743_1_jpg.rf.06a764e69aaca98ed363cc9e64539a4a.jpg,valid/labels/IMG_20230316_124743_1_jpg.rf.06a764e69aaca98ed363cc9e64539a4a.txt,chickpea
valid,valid/images/image28_jpg.rf.95f86f1d61983eddf0b3f461825fd87a.jpg,valid/labels/image28_jpg.rf.95f86f1d61983eddf0b3f461825fd87a.txt,chickpea
valid,valid/images/IMG_20230316_124244_1-1-_jpg.rf.656378ab9a01845f1164e77080e48f5f.jpg,valid/labels/IMG_20230316_124244_1-1-_jpg.rf.656378ab9a01845f1164e77080e48f5f.txt,
valid,valid/images/image99_jpg.rf.d1f99dfbde912680d645cc048bdd4310.jpg,valid/labels/image99_jpg.rf.d1f99dfbde912680d645cc048bdd4310.txt,chickpea
valid,valid/images/image20_png.rf.bf44c730924c1fa1463b804b1b1150b6.jpg,valid/labels/image20_png.rf.bf44c730924c1fa1463b804b1b1150b6.txt,chickpea
valid,valid/images/image14_png.rf.1621ff7a10b6c4a611be9e5c55b3c7d9.jpg,valid/labels/image14_png.rf.1621ff7a10b6c4a611be9e5c55b3c7d9.txt,chickpea
valid,valid/images/Yardlong-bean_-62-_jpg.rf.a20838849dd6669f6049c1ee1d692930.jpg,valid/labels/Yardlong-bean_-62-_jpg.rf.a20838849dd6669f6049c1ee1d692930.txt,yardlong-bean
valid,valid/images/IMG_20230316_154430_jpg.rf.a67b793169084ab58fc41728b3c7e078.jpg,valid/labels/IMG_20230316_154430_jpg.rf.a67b793169084ab58fc41728b3c7e078.txt,
valid,valid/images/IMG_20230316_151230_1-3-_jpg.rf.18c312d54adce702822ad433d1f3dc8a.jpg,valid/labels/IMG_20230316_151230_1-3-_jpg.rf.18c312d54adce702822ad433d1f3dc8a.txt,
valid,valid/images/IMG_20230316_150918_1_jpg.rf.d316004ea4ac17af6710a5b2b1306bab.jpg,valid/labels/IMG_20230316_150918_1_jpg.rf.d316004ea4ac17af6710a5b2b1306bab.txt,
valid,valid/images/S20211206_0006_jpg.rf.2f14a390f2dc39cf05612aac65b1bad8.jpg,valid/labels/S20211206_0006_jpg.rf.2f14a390f2dc39cf05612aac65b1bad8.txt,
valid,valid/images/IMG_20230316_151339_1_jpg.rf.9bc13ab2e476e9b7e8ce2243e0ac4108.jpg,valid/labels/IMG_20230316_151339_1_jpg.rf.9bc13ab2e476e9b7e8ce2243e0ac4108.txt,chickpea
valid,valid/images/image54_jpg.rf.56cf995677a5488432437136ef7866bc.jpg,valid/labels/image54_jpg.rf.56cf995677a5488432437136ef7866bc.txt,
valid,valid/images/image50_jpg.rf.fb51a0c0b6f78c56abde915b2796e381.jpg,valid/labels/image50_jpg.rf.fb51a0c0b6f78c56abde915b2796e381.txt,chickpea
valid,valid/images/Wing-bean_-5-_jpg.rf.f773bb56cbdf3c2ed5084408595cb862.jpg,valid/labels/Wing-bean_-5-_jpg.rf.f773bb56cbdf3c2ed5084408595cb862.txt,wingbean
valid,valid/images/image9_png.rf.fe8d2206caee9303500059f98c21d9e9.jpg,valid/labels/image9_png.rf.fe8d2206caee9303500059f98c21d9e9.txt,chickpea
valid,valid/images/Wing-bean_-45-_jpg.rf.f97b7a2e7d902d6524eb7f0c48a8c0e0.jpg,valid/labels/Wing-bean_-45-_jpg.rf.f97b7a2e7d902d6524eb7f0c48a8c0e0.txt,wingbean
valid,valid/images/image29_jpg.rf.e624e6c2d6a97016b3748fb1c7b4d01b.jpg,valid/labels/image29_jpg.rf.e624e6c2d6a97016b3748fb1c7b4d01b.txt,chickpea
valid,valid/images/Muskmelon_-54-_jpg.rf.b558f4a57c23554971ce5266a12d19b7.jpg,valid/labels/Muskmelon_-54-_jpg.rf.b558f4a57c23554971ce5266a12d19b7.txt,"muskmelon,pumpkin"
valid,valid/images/IMG_20230316_124349_1_jpg.rf.99f135c84423b18bbf59502a9730930c.jpg,valid/labels/IMG_20230316_124349_1_jpg.rf.99f135c84423b18bbf59502a9730930c.txt,
valid,valid/images/IMG_20230316_124809_jpg.rf.5c9630ec02658cc7775844111f0f99b5.jpg,valid/labels/IMG_20230316_124809_jpg.rf.5c9630ec02658cc7775844111f0f99b5.txt,chickpea
valid,valid/images/IMG_20230316_130120_1_jpg.rf.3918a6f1959524e5b2546285a3b149d2.jpg,valid/labels/IMG_20230316_130120_1_jpg.rf.3918a6f1959524e5b2546285a3b149d2.txt,chickpea
valid,valid/images/image34_jpg.rf.b912fc76e0f926e0429daea6d1632afd.jpg,valid/labels/image34_jpg.rf.b912fc76e0f926e0429daea6d1632afd.txt,chickpea
valid,valid/images/image84_jpg.rf.290158333cf2507629bffb778625b3a0.jpg,valid/labels/image84_jpg.rf.290158333cf2507629bffb778625b3a0.txt,chickpea
valid,valid/images/image55_jpg.rf.0044b4448e5733535a2ee3088d704836.jpg,valid/labels/image55_jpg.rf.0044b4448e5733535a2ee3088d704836.txt,chickpea
valid,valid/images/image26_png.rf.0cf5002fc347d200df78a99c0fb38e38.jpg,valid/labels/image26_png.rf.0cf5002fc347d200df78a99c0fb38e38.txt,chickpea
valid,valid/images/image_179_png.rf.a29cfccd143f4a827cc0860c87436f54.jpg,valid/labels/image_179_png.rf.a29cfccd143f4a827cc0860c87436f54.txt,chickpea
valid,valid/images/image14_jpg.rf.eb3e539189f2db235ff87fc4ae1aebe8.jpg,valid/labels/image14_jpg.rf.eb3e539189f2db235ff87fc4ae1aebe8.txt,chickpea
valid,valid/images/image17_jpg.rf.5fa0c2b1d74d8441236e45a3e7038f4c.jpg,valid/labels/image17_jpg.rf.5fa0c2b1d74d8441236e45a3e7038f4c.txt,chickpea
valid,valid/images/Wing-bean_-98-_jpg.rf.b4950c9227144d7577bafc7e36aff131.jpg,valid/labels/Wing-bean_-98-_jpg.rf.b4950c9227144d7577bafc7e36aff131.txt,wingbean
valid,valid/images/image56_jpg.rf.572ac0342d11f433bb16e39450cce3a5.jpg,valid/labels/image56_jpg.rf.572ac0342d11f433bb16e39450cce3a5.txt,
valid,valid/images/image95_png.rf.8b71b6b43c96492e6369576846f4d1ef.jpg,valid/labels/image95_png.rf.8b71b6b43c96492e6369576846f4d1ef.txt,chickpea
valid,valid/images/IMG_20230316_124835_1-1-_jpg.rf.de3337942457b7256c964e4b514edd69.jpg,valid/labels/IMG_20230316_124835_1-1-_jpg.rf.de3337942457b7256c964e4b514edd69.txt,
valid,valid/images/image57_jpg.rf.df7fe8f7ac261a189daa74a1f02e2b06.jpg,valid/labels/image57_jpg.rf.df7fe8f7ac261a189daa74a1f02e2b06.txt,chickpea
valid,valid/images/IMG_20230316_151230_1-2-_jpg.rf.81d4f6115de5a41041b75a4915efb183.jpg,valid/labels/IMG_20230316_151230_1-2-_jpg.rf.81d4f6115de5a41041b75a4915efb183.txt,chickpea
valid,valid/images/image19_png.rf.4ab9249fd34b1ef0eb8630f4ea6f1cf8.jpg,valid/labels/image19_png.rf.4ab9249fd34b1ef0eb8630f4ea6f1cf8.txt,chickpea
valid,valid/images/image21_jpg.rf.3432c3dfa26e80a6a1796b00e91080c4.jpg,valid/labels/image21_jpg.rf.3432c3dfa26e80a6a1796b00e91080c4.txt,chickpea
valid,valid/images/chickpea158_jpg.rf.0fc7592ef705d2150340a25a39c55fca.jpg,valid/labels/chickpea158_jpg.rf.0fc7592ef705d2150340a25a39c55fca.txt,chickpea
valid,valid/images/IMG_20230316_151519_1-3-_jpg.rf.e9c5c6eee0564a8308ab31e5dbcc69c8.jpg,valid/labels/IMG_20230316_151519_1-3-_jpg.rf.e9c5c6eee0564a8308ab31e5dbcc69c8.txt,chickpea
valid,valid/images/chickpea20_jpg.rf.55ed0fd4917c144e95fafc90d33c7dcb.jpg,valid/labels/chickpea20_jpg.rf.55ed0fd4917c144e95fafc90d33c7dcb.txt,chickpea
valid,valid/images/image16_jpg.rf.c82ae48dd1742cdf920d2831c54483c4.jpg,valid/labels/image16_jpg.rf.c82ae48dd1742cdf920d2831c54483c4.txt,
valid,valid/images/image_127_png.rf.cabe1c064bfa317e1840f9d5ed61eb1d.jpg,valid/labels/image_127_png.rf.cabe1c064bfa317e1840f9d5ed61eb1d.txt,chickpea
valid,valid/images/chickpea157_jpg.rf.5a474720c5b915832d4dd257d3c39f49.jpg,valid/labels/chickpea157_jpg.rf.5a474720c5b915832d4dd257d3c39f49.txt,chickpea
valid,valid/images/image_155_png.rf.732617161ed111ee408529feab1f55ee.jpg,valid/labels/image_155_png.rf.732617161ed111ee408529feab1f55ee.txt,
valid,valid/images/IMG_20230316_124636-1-_jpg.rf.2860f3df2fc9a7709aef2eaee9ecc9e5.jpg,valid/labels/IMG_20230316_124636-1-_jpg.rf.2860f3df2fc9a7709aef2eaee9ecc9e5.txt,
valid,valid/images/chickpea141_jpg.rf.26fae5620aa71e64385e690012a2d281.jpg,valid/labels/chickpea141_jpg.rf.26fae5620aa71e64385e690012a2d281.txt,chickpea
valid,valid/images/Angled-gourd_-91-_jpg.rf.a77b510ef05247a7acd4cd98e71ca487.jpg,valid/labels/Angled-gourd_-91-_jpg.rf.a77b510ef05247a7acd4cd98e71ca487.txt,angle-gourd
valid,valid/images/Wing-bean_-86-_jpg.rf.2db5fc6ba7974711ee194a7efb0c3c40.jpg,valid/labels/Wing-bean_-86-_jpg.rf.2db5fc6ba7974711ee194a7efb0c3c40.txt,wingbean
valid,valid/images/image_141_png.rf.0da7bf5e6c059f7a61721b9b9b981350.jpg,valid/labels/image_141_png.rf.0da7bf5e6c059f7a61721b9b9b981350.txt,
valid,valid/images/chickpea145_jpg.rf.538b3f1a9d3fc0330ad2ad76538a0974.jpg,valid/labels/chickpea145_jpg.rf.538b3f1a9d3fc0330ad2ad76538a0974.txt,chickpea
valid,valid/images/IMG_20230316_151603_jpg.rf.522f0b92ef4b47e8a87c0868dec9bc94.jpg,valid/labels/IMG_20230316_151603_jpg.rf.522f0b92ef4b47e8a87c0868dec9bc94.txt,
valid,valid/images/IMG_20230316_150956-3-_jpg.rf.b249112d929df1318102b8f1ec47ecde.jpg,valid/labels/IMG_20230316_150956-3-_jpg.rf.b249112d929df1318102b8f1ec47ecde.txt,chickpea
valid,valid/images/chickpea187_jpg.rf.9f52da7e3406a2bc5ef232fd3274df7f.jpg,valid/labels/chickpea187_jpg.rf.9f52da7e3406a2bc5ef232fd3274df7f.txt,chickpea
valid,valid/images/image59_png.rf.3123cb03f91c75aa849b315fd2e6dbce.jpg,valid/labels/image59_png.rf.3123cb03f91c75aa849b315fd2e6dbce.txt,chickpea
valid,valid/images/IMG_20230316_124735_1-1-_jpg.rf.9a2a1368698e5c6e29435f6feae3bf94.jpg,valid/labels/IMG_20230316_124735_1-1-_jpg.rf.9a2a1368698e5c6e29435f6feae3bf94.txt,
valid,valid/images/image72_png.rf.cbad17a629b256fc27c18564d4789595.jpg,valid/labels/image72_png.rf.cbad17a629b256fc27c18564d4789595.txt,chickpea
valid,valid/images/image97_jpg.rf.09aad758368364207a009d9b36a538f6.jpg,valid/labels/image97_jpg.rf.09aad758368364207a009d9b36a538f6.txt,chickpea
valid,valid/images/IMG_20230316_124735_1-1-_jpg.rf.5be4e927b9b17b179ba3b44f9be86b49.jpg,valid/labels/IMG_20230316_124735_1-1-_jpg.rf.5be4e927b9b17b179ba3b44f9be86b49.txt,
valid,valid/images/IMG_20230316_124919_1-1-_jpg.rf.4f954b7bef9dba211dc781013f2bb96d.jpg,valid/labels/IMG_20230316_124919_1-1-_jpg.rf.4f954b7bef9dba211dc781013f2bb96d.txt,chickpea
valid,valid/images/IMG_20230316_124756_1-2-_jpg.rf.27b1d4b8bfcaefc3722ce5320c460efc.jpg,valid/labels/IMG_20230316_124756_1-2-_jpg.rf.27b1d4b8bfcaefc3722ce5320c460efc.txt,chickpea
valid,valid/images/image12_png.rf.14dbbddfb5ad5a2b7dd2706c02e1a3c0.jpg,valid/labels/image12_png.rf.14dbbddfb5ad5a2b7dd2706c02e1a3c0.txt,chickpea
valid,valid/images/image101_jpg.rf.0ca97315d91197dda8d23b0de4f87114.jpg,valid/labels/image101_jpg.rf.0ca97315d91197dda8d23b0de4f87114.txt,chickpea
valid,valid/images/image6_png.rf.0bf1e244a939636e58c17e83ba757050.jpg,valid/labels/image6_png.rf.0bf1e244a939636e58c17e83ba757050.txt,chickpea
valid,valid/images/chickpea15_jpg.rf.b51ed861dce5a018d7243f8f4566526f.jpg,valid/labels/chickpea15_jpg.rf.b51ed861dce5a018d7243f8f4566526f.txt,chickpea
valid,valid/images/IMG_20230316_151238_1-1-_jpg.rf.0e2fd343236eb9289d04d6d79b981df5.jpg,valid/labels/IMG_20230316_151238_1-1-_jpg.rf.0e2fd343236eb9289d04d6d79b981df5.txt,chickpea
valid,valid/images/image150_jpg.rf.2ed9e1bb2f5a109906e54fb1fe887b78.jpg,valid/labels/image150_jpg.rf.2ed9e1bb2f5a109906e54fb1fe887b78.txt,
valid,valid/images/IMG_20230316_124208_jpg.rf.cbb3bf19697882f51ad9b8023bc1ba73.jpg,valid/labels/IMG_20230316_124208_jpg.rf.cbb3bf19697882f51ad9b8023bc1ba73.txt,
valid,valid/images/IMG_20230316_150956-1-_jpg.rf.05bc32d3f68d30885585d8df845d791b.jpg,valid/labels/IMG_20230316_150956-1-_jpg.rf.05bc32d3f68d30885585d8df845d791b.txt,chickpea
valid,valid/images/Angled-gourd_-94-_jpg.rf.9d83061650e27c91998f54a4dc4ffa30.jpg,valid/labels/Angled-gourd_-94-_jpg.rf.9d83061650e27c91998f54a4dc4ffa30.txt,angle-gourd
valid,valid/images/Bottle-gourd_round-77-_jpg.rf.332a15e8717739cb72fd99f6e4238d4f.jpg,valid/labels/Bottle-gourd_round-77-_jpg.rf.332a15e8717739cb72fd99f6e4238d4f.txt,bitter-gourd
valid,valid/images/image5_jpg.rf.3d48c1f70d53fd604f5c8eba5050f1cf.jpg,valid/labels/image5_jpg.rf.3d48c1f70d53fd604f5c8eba5050f1cf.txt,
valid,valid/images/Angled-gourd_-80-_jpg.rf.54b89b0ba1f6970b90ac7f7322aa1a0a.jpg,valid/labels/Angled-gourd_-80-_jpg.rf.54b89b0ba1f6970b90ac7f7322aa1a0a.txt,angle-gourd
valid,valid/images/chickpea134_jpg.rf.b4794849a80cbfb1d16bf88000d15294.jpg,valid/labels/chickpea134_jpg.rf.b4794849a80cbfb1d16bf88000d15294.txt,chickpea
valid,valid/images/image30_png.rf.7a0e461a9afdab2f3a1256e31d972308.jpg,valid/labels/image30_png.rf.7a0e461a9afdab2f3a1256e31d972308.txt,chickpea
valid,valid/images/Yardlong-bean_-49-_jpg.rf.39f435784df100ec7b13005dd670f9c6.jpg,valid/labels/Yardlong-bean_-49-_jpg.rf.39f435784df100ec7b13005dd670f9c6.txt,yardlong-bean
valid,valid/images/Muskmelon_-57-_jpg.rf.7c3c47052d53aa23f74ed8245b9a3c84.jpg,valid/labels/Muskmelon_-57-_jpg.rf.7c3c47052d53aa23f74ed8245b9a3c84.txt,"muskmelon,pumpkin"
valid,valid/images/image_157_png.rf.f49cc7dffd92b321dae21c249c1731aa.jpg,valid/labels/image_157_png.rf.f49cc7dffd92b321dae21c249c1731aa.txt,
valid,valid/images/image108_jpg.rf.786fa5b5cb90e0bc9fc46765a1eabe4e.jpg,valid/labels/image108_jpg.rf.786fa5b5cb90e0bc9fc46765a1eabe4e.txt,
valid,valid/images/chickpea204_jpg.rf.d726b1cffde922e8874c81a9cd375da9.jpg,valid/labels/chickpea204_jpg.rf.d726b1cffde922e8874c81a9cd375da9.txt,chickpea
valid,valid/images/IMG_20230316_124657_jpg.rf.28dafcac4914f916a40686012bdaa875.jpg,valid/labels/IMG_20230316_124657_jpg.rf.28dafcac4914f916a40686012bdaa875.txt,
valid,valid/images/image78_png.rf.f607efdc4adf674747e9fefc9849f3f2.jpg,valid/labels/image78_png.rf.f607efdc4adf674747e9fefc9849f3f2.txt,chickpea
valid,valid/images/IMG_20230316_154059_1-1-_jpg.rf.c7ff73bd267a877652efc4cfbe711a92.jpg,valid/labels/IMG_20230316_154059_1-1-_jpg.rf.c7ff73bd267a877652efc4cfbe711a92.txt,
valid,valid/images/Bottle-gourd_long-56-_jpg.rf.4c1c0d5477988a82d2c517923f1aa5c9.jpg,valid/labels/Bottle-gourd_long-56-_jpg.rf.4c1c0d5477988a82d2c517923f1aa5c9.txt,
valid,valid/images/image44_jpg.rf.116e3a8308288e68d2451434b0ed4197.jpg,valid/labels/image44_jpg.rf.116e3a8308288e68d2451434b0ed4197.txt,chickpea
valid,valid/images/chickpea205_jpg.rf.a912f7d8468e5afa672aebceec1c4969.jpg,valid/labels/chickpea205_jpg.rf.a912f7d8468e5afa672aebceec1c4969.txt,chickpea
valid,valid/images/IMG_20230316_132131_jpg.rf.959665eaad15af5ed553e0f2d43f4982.jpg,valid/labels/IMG_20230316_132131_jpg.rf.959665eaad15af5ed553e0f2d43f4982.txt,
valid,valid/images/image_154_png.rf.3c7189364fe9b84da3d7fe0dc50d0877.jpg,valid/labels/image_154_png.rf.3c7189364fe9b84da3d7fe0dc50d0877.txt,chickpea
valid,valid/images/IMG_20230316_151120_1_jpg.rf.33a51ce136056cf990c47e2b57a98004.jpg,valid/labels/IMG_20230316_151120_1_jpg.rf.33a51ce136056cf990c47e2b57a98004.txt,chickpea
valid,valid/images/image19_png.rf.b45ac62ecbc2fcdc043c744d950582f4.jpg,valid/labels/image19_png.rf.b45ac62ecbc2fcdc043c744d950582f4.txt,chickpea
valid,valid/images/image_162_png.rf.537c069fdb5ae8ce21541b1d925f3675.jpg,valid/labels/image_162_png.rf.537c069fdb5ae8ce21541b1d925f3675.txt,
valid,valid/images/IMG_20230316_122106_1-2-_jpg.rf.c5a8764201917cc3b9564ca59494333e.jpg,valid/labels/IMG_20230316_122106_1-2-_jpg.rf.c5a8764201917cc3b9564ca59494333e.txt,chickpea
valid,valid/images/image151_jpg.rf.0a807e7689f7d200bd921837031dce28.jpg,valid/labels/image151_jpg.rf.0a807e7689f7d200bd921837031dce28.txt,
valid,valid/images/Muskmelon_-79-_jpg.rf.a9a6b15f3efeed5a02b82833ef851531.jpg,valid/labels/Muskmelon_-79-_jpg.rf.a9a6b15f3efeed5a02b82833ef851531.txt,"muskmelon,pumpkin"
valid,valid/images/image26_jpg.rf.51f3aef7d3401cbd313d8437ca83d45c.jpg,valid/labels/image26_jpg.rf.51f3aef7d3401cbd313d8437ca83d45c.txt,
valid,valid/images/IMG_20230316_150604_1-1-_jpg.rf.f3f7ad1de86b68c10d5e215ab25da15d.jpg,valid/labels/IMG_20230316_150604_1-1-_jpg.rf.f3f7ad1de86b68c10d5e215ab25da15d.txt,chickpea
valid,valid/images/IMG_20230316_124809-1-_jpg.rf.dfeac0586bc2f1a2681971d0b663a534.jpg,valid/labels/IMG_20230316_124809-1-_jpg.rf.dfeac0586bc2f1a2681971d0b663a534.txt,
valid,valid/images/Bottle-gourd_round-39-_jpg.rf.34e4b4cd586a1a35232c28e50ed1d739.jpg,valid/labels/Bottle-gourd_round-39-_jpg.rf.34e4b4cd586a1a35232c28e50ed1d739.txt,
valid,valid/images/chickpea157_jpg.rf.4e763f4920059115d1bf6ee030c4de89.jpg,valid/labels/chickpea157_jpg.rf.4e763f4920059115d1bf6ee030c4de89.txt,chickpea
valid,valid/images/image_122_png.rf.badbfe7185992893e861d890d852ce93.jpg,valid/labels/image_122_png.rf.badbfe7185992893e861d890d852ce93.txt,chickpea
valid,valid/images/Wing-bean_-40-_jpg.rf.1d44cd1dc0f21eaac955bdf87b9dc695.jpg,valid/labels/Wing-bean_-40-_jpg.rf.1d44cd1dc0f21eaac955bdf87b9dc695.txt,sugar-pea
valid,valid/images/S20211206_0008_jpg.rf.0e3543d1b9ecb57009a8727143970051.jpg,valid/labels/S20211206_0008_jpg.rf.0e3543d1b9ecb57009a8727143970051.txt,
valid,valid/images/chickpea89_jpg.rf.9603ba68100e4a2e8cb946f2f47bb973.jpg,valid/labels/chickpea89_jpg.rf.9603ba68100e4a2e8cb946f2f47bb973.txt,chickpea
valid,valid/images/Wing-bean_-4-_jpg.rf.922a8b3aebdcc2aeb3d990f91d9274df.jpg,valid/labels/Wing-bean_-4-_jpg.rf.922a8b3aebdcc2aeb3d990f91d9274df.txt,wingbean
valid,valid/images/image101_png.rf.328a95a71b0a143b64c0611b62680a0f.jpg,valid/labels/image101_png.rf.328a95a71b0a143b64c0611b62680a0f.txt,chickpea
valid,valid/images/image102_png.rf.2959226e44e544f504e0ebedb3376511.jpg,valid/labels/image102_png.rf.2959226e44e544f504e0ebedb3376511.txt,chickpea
valid,valid/images/chickpea140_jpg.rf.1b71b8c37783bbdb7bafd025dcaf453b.jpg,valid/labels/chickpea140_jpg.rf.1b71b8c37783bbdb7bafd025dcaf453b.txt,chickpea
valid,valid/images/image45_jpg.rf.7dfacce4f629e54cf17dbadd278a94c2.jpg,valid/labels/image45_jpg.rf.7dfacce4f629e54cf17dbadd278a94c2.txt,chickpea
valid,valid/images/Yardlong-bean_-61-_jpg.rf.9da23f2f8e4c1a0e74d7926ae41fe65d.jpg,valid/labels/Yardlong-bean_-61-_jpg.rf.9da23f2f8e4c1a0e74d7926ae41fe65d.txt,yardlong-bean
valid,valid/images/chickpea121_jpg.rf.455cbb0663b655b097baf6fc89112bbb.jpg,valid/labels/chickpea121_jpg.rf.455cbb0663b655b097baf6fc89112bbb.txt,chickpea
valid,valid/images/chickpea89_jpg.rf.398ece4c2d353964dd44fe26b4a70fad.jpg,valid/labels/chickpea89_jpg.rf.398ece4c2d353964dd44fe26b4a70fad.txt,chickpea
valid,valid/images/chickpea130_jpg.rf.3a36a3a8e3f39a93df2e019149ac9d4d.jpg,valid/labels/chickpea130_jpg.rf.3a36a3a8e3f39a93df2e019149ac9d4d.txt,chickpea
valid,valid/images/image18_jpg.rf.f2f7fa942f0e4656c48575784ccde04e.jpg,valid/labels/image18_jpg.rf.f2f7fa942f0e4656c48575784ccde04e.txt,
valid,valid/images/image16_png.rf.d12fc585516e792d530397b0c4d671d7.jpg,valid/labels/image16_png.rf.d12fc585516e792d530397b0c4d671d7.txt,chickpea
valid,valid/images/image103_png.rf.7f2fe4e7d8dfd2a0acdaba5d646229c2.jpg,valid/labels/image103_png.rf.7f2fe4e7d8dfd2a0acdaba5d646229c2.txt,chickpea
valid,valid/images/Bottle-gourd_long-6-_jpg.rf.755052983326d8c62348582d771114e5.jpg,valid/labels/Bottle-gourd_long-6-_jpg.rf.755052983326d8c62348582d771114e5.txt,
valid,valid/images/image_126_png.rf.10fdfd7215929041341a30825a9d84fd.jpg,valid/labels/image_126_png.rf.10fdfd7215929041341a30825a9d84fd.txt,
valid,valid/images/image102_jpg.rf.d536b281b9d6f808acb700093e8259b1.jpg,valid/labels/image102_jpg.rf.d536b281b9d6f808acb700093e8259b1.txt,chickpea
valid,valid/images/IMG_20230316_131553_1-1-_jpg.rf.6fdeb5b984667638e8594b639fd33cf4.jpg,valid/labels/IMG_20230316_131553_1-1-_jpg.rf.6fdeb5b984667638e8594b639fd33cf4.txt,
valid,valid/images/Muskmelon_-51-_jpg.rf.762c6c70b9691e531af3649188933c20.jpg,valid/labels/Muskmelon_-51-_jpg.rf.762c6c70b9691e531af3649188933c20.txt,"muskmelon,pumpkin"
valid,valid/images/IMG_20230316_151535_jpg.rf.4826549b5dc9e8a830f8e800c445e4f8.jpg,valid/labels/IMG_20230316_151535_jpg.rf.4826549b5dc9e8a830f8e800c445e4f8.txt,chickpea
valid,valid/images/IMG_20230316_132558_jpg.rf.95dfc1319eb556d7a511893f1dd333a0.jpg,valid/labels/IMG_20230316_132558_jpg.rf.95dfc1319eb556d7a511893f1dd333a0.txt,
valid,valid/images/image6_jpg.rf.2da37be930fb26b39c87f1fe019ee4c8.jpg,valid/labels/image6_jpg.rf.2da37be930fb26b39c87f1fe019ee4c8.txt,chickpea
valid,valid/images/Waxgourd_-41-_jpg.rf.d23befde20b46f2e8d39142868506996.jpg,valid/labels/Waxgourd_-41-_jpg.rf.d23befde20b46f2e8d39142868506996.txt,waxgourd
valid,valid/images/image104_jpg.rf.0d373cfa3a0e82184407656e337f635f.jpg,valid/labels/image104_jpg.rf.0d373cfa3a0e82184407656e337f635f.txt,
valid,valid/images/Angled-gourd_-41-_jpg.rf.8b169569de1242b9084f2bcec5525f42.jpg,valid/labels/Angled-gourd_-41-_jpg.rf.8b169569de1242b9084f2bcec5525f42.txt,angle-gourd
valid,valid/images/IMG_20230316_151230_1_jpg.rf.d21b9e3649c56ba59c3c3879261e9ca8.jpg,valid/labels/IMG_20230316_151230_1_jpg.rf.d21b9e3649c56ba59c3c3879261e9ca8.txt,
valid,valid/images/image139_jpg.rf.b318eb66d076c447b93b84a7761f60dc.jpg,valid/labels/image139_jpg.rf.b318eb66d076c447b93b84a7761f60dc.txt,chickpea
valid,valid/images/image6_jpg.rf.ff3c8730f793275cf45ca0cdbc977142.jpg,valid/labels/image6_jpg.rf.ff3c8730f793275cf45ca0cdbc977142.txt,
valid,valid/images/image60_jpg.rf.9e0937fa56f06d4ab91706efd57da8dc.jpg,valid/labels/image60_jpg.rf.9e0937fa56f06d4ab91706efd57da8dc.txt,chickpea
valid,valid/images/image15_png.rf.7fd380660eaf9a0e08fdcd364c93e58d.jpg,valid/labels/image15_png.rf.7fd380660eaf9a0e08fdcd364c93e58d.txt,chickpea
valid,valid/images/Muskmelon_-70-_jpg.rf.c667c83034b17bbce454e27fa52f7f19.jpg,valid/labels/Muskmelon_-70-_jpg.rf.c667c83034b17bbce454e27fa52f7f19.txt,"muskmelon,pumpkin"
valid,valid/images/image38_jpg.rf.6677ee1fab7c89889ba47018640ddea2.jpg,valid/labels/image38_jpg.rf.6677ee1fab7c89889ba47018640ddea2.txt,
valid,valid/images/image5_png.rf.081e600c4870b13706b82c7e0e0907a6.jpg,valid/labels/image5_png.rf.081e600c4870b13706b82c7e0e0907a6.txt,chickpea
valid,valid/images/image18_png.rf.cfb0941ce5c3cd257be14ebbd27044c6.jpg,valid/labels/image18_png.rf.cfb0941ce5c3cd257be14ebbd27044c6.txt,chickpea
valid,valid/images/image12_png.rf.efa5fb10d308d0b44ede289942ca20d8.jpg,valid/labels/image12_png.rf.efa5fb10d308d0b44ede289942ca20d8.txt,chickpea
valid,valid/images/image32_png.rf.73f155a05db8c15cf5c5e9aa5a854e84.jpg,valid/labels/image32_png.rf.73f155a05db8c15cf5c5e9aa5a854e84.txt,chickpea
valid,valid/images/IMG_20230316_150602_jpg.rf.a5f43bbbe003ba6f8b67593322161dc4.jpg,valid/labels/IMG_20230316_150602_jpg.rf.a5f43bbbe003ba6f8b67593322161dc4.txt,
valid,valid/images/S20211206_0016_jpg.rf.f126508716a8220ab4b140f5b60bd54e.jpg,valid/labels/S20211206_0016_jpg.rf.f126508716a8220ab4b140f5b60bd54e.txt,
valid,valid/images/image12_png.rf.0fd609d7a3f1d2aaf2a6e01e1a84e8d1.jpg,valid/labels/image12_png.rf.0fd609d7a3f1d2aaf2a6e01e1a84e8d1.txt,chickpea
valid,valid/images/image26_png.rf.5b366338ef3ed680ca1736e4948b587a.jpg,valid/labels/image26_png.rf.5b366338ef3ed680ca1736e4948b587a.txt,chickpea
valid,valid/images/chickpea202_jpg.rf.506d71d7859a0fc57176a54ac7f2aeb5.jpg,valid/labels/chickpea202_jpg.rf.506d71d7859a0fc57176a54ac7f2aeb5.txt,chickpea
valid,valid/images/image19_png.rf.126682659b6269f357e3ea3bcca4eb9d.jpg,valid/labels/image19_png.rf.126682659b6269f357e3ea3bcca4eb9d.txt,chickpea
valid,valid/images/image64_png.rf.73478b6a28c5a957da04f2dc89fe6728.jpg,valid/labels/image64_png.rf.73478b6a28c5a957da04f2dc89fe6728.txt,chickpea
valid,valid/images/image60_png.rf.9672c562a66c43ea87968e156499f5d5.jpg,valid/labels/image60_png.rf.9672c562a66c43ea87968e156499f5d5.txt,chickpea
valid,valid/images/image22_png.rf.b4d10b04f1753cc67bc280fe7f6d55fd.jpg,valid/labels/image22_png.rf.b4d10b04f1753cc67bc280fe7f6d55fd.txt,chickpea
valid,valid/images/IMG_20230316_131750_1-1-_jpg.rf.61614ab407ae04f23f70582f979cefcf.jpg,valid/labels/IMG_20230316_131750_1-1-_jpg.rf.61614ab407ae04f23f70582f979cefcf.txt,
valid,valid/images/image146_jpg.rf.3c8e41d4cb284a25f423f1e8d99f204a.jpg,valid/labels/image146_jpg.rf.3c8e41d4cb284a25f423f1e8d99f204a.txt,chickpea
valid,valid/images/image104_png.rf.1d3eaf74361dea804c7558f0d828b8db.jpg,valid/labels/image104_png.rf.1d3eaf74361dea804c7558f0d828b8db.txt,chickpea
valid,valid/images/image84_png.rf.e1b2f792a6bf106f58862667875fae58.jpg,valid/labels/image84_png.rf.e1b2f792a6bf106f58862667875fae58.txt,chickpea
valid,valid/images/Sugar-pea_-6-_jpg.rf.eb2736ae76ad64b7c2bc19fa16ee35c4.jpg,valid/labels/Sugar-pea_-6-_jpg.rf.eb2736ae76ad64b7c2bc19fa16ee35c4.txt,sugar-pea
valid,valid/images/image61_jpg.rf.fb317d1405c06bea4dadd961c56b1ab4.jpg,valid/labels/image61_jpg.rf.fb317d1405c06bea4dadd961c56b1ab4.txt,
valid,valid/images/chickpea114_jpg.rf.84dd933a8409cb7021fdc77d7e07dac3.jpg,valid/labels/chickpea114_jpg.rf.84dd933a8409cb7021fdc77d7e07dac3.txt,chickpea
valid,valid/images/Pumpkin_-45-_jpg.rf.c13408d63a1b25c5e0c51ca4f78e59d2.jpg,valid/labels/Pumpkin_-45-_jpg.rf.c13408d63a1b25c5e0c51ca4f78e59d2.txt,pumpkin
valid,valid/images/image147_jpg.rf.190b1f88bf7adbd09df10078c5b14e06.jpg,valid/labels/image147_jpg.rf.190b1f88bf7adbd09df10078c5b14e06.txt,chickpea
valid,valid/images/Wing-bean_-85-_jpg.rf.3c5f409f592b4d8274dc9c363761d231.jpg,valid/labels/Wing-bean_-85-_jpg.rf.3c5f409f592b4d8274dc9c363761d231.txt,wingbean
valid,valid/images/Bottle-gourd_long-72-_jpg.rf.6bda697e7ef04a9382cda0d2c565710c.jpg,valid/labels/Bottle-gourd_long-72-_jpg.rf.6bda697e7ef04a9382cda0d2c565710c.txt,
valid,valid/images/Yardlong-bean_-67-_jpg.rf.ac9bbeaa4e18d9da83afa2db1dec2da1.jpg,valid/labels/Yardlong-bean_-67-_jpg.rf.ac9bbeaa4e18d9da83afa2db1dec2da1.txt,yardlong-bean
valid,valid/images/image8_png.rf.8a5598b1427976acb4378b0ed9e5fe03.jpg,valid/labels/image8_png.rf.8a5598b1427976acb4378b0ed9e5fe03.txt,chickpea
valid,valid/images/IMG_20230316_124756_1-2-_jpg.rf.f7541b4376ae4fe3a31ae6f0a4d23421.jpg,valid/labels/IMG_20230316_124756_1-2-_jpg.rf.f7541b4376ae4fe3a31ae6f0a4d23421.txt,chickpea
valid,valid/images/IMG_20230316_151345_1_jpg.rf.606df6b3604c841abcc3e6c20d895a99.jpg,valid/labels/IMG_20230316_151345_1_jpg.rf.606df6b3604c841abcc3e6c20d895a99.txt,chickpea
valid,valid/images/Yardlong-bean_-5-_jpg.rf.3c8b1b53a89a242c2a2ed8bf23fee455.jpg,valid/labels/Yardlong-bean_-5-_jpg.rf.3c8b1b53a89a242c2a2ed8bf23fee455.txt,yardlong-bean
valid,valid/images/IMG_20230316_124809_jpg.rf.8054f5020b53639490fa59e150d71a9b.jpg,valid/labels/IMG_20230316_124809_jpg.rf.8054f5020b53639490fa59e150d71a9b.txt,chickpea
valid,valid/images/IMG_20230316_151228-1-_jpg.rf.217904368d540d6d42de485a71968df5.jpg,valid/labels/IMG_20230316_151228-1-_jpg.rf.217904368d540d6d42de485a71968df5.txt,chickpea
valid,valid/images/Bottle-gourd_round-89-_jpg.rf.bf5ec1599892ef920a236192de24be8d.jpg,valid/labels/Bottle-gourd_round-89-_jpg.rf.bf5ec1599892ef920a236192de24be8d.txt,bitter-gourd
valid,valid/images/image39_jpg.rf.ea054f46e6c29887027b2449fa066d2b.jpg,valid/labels/image39_jpg.rf.ea054f46e6c29887027b2449fa066d2b.txt,chickpea
valid,valid/images/IMG_20230316_151341_1-1-_jpg.rf.eac1963719367bf972c1c6a1358fd091.jpg,valid/labels/IMG_20230316_151341_1-1-_jpg.rf.eac1963719367bf972c1c6a1358fd091.txt,chickpea
valid,valid/images/image146_jpg.rf.e2f3aea65be00a241ff630fa9d86eb8f.jpg,valid/labels/image146_jpg.rf.e2f3aea65be00a241ff630fa9d86eb8f.txt,chickpea
valid,valid/images/Yardlong-bean_-81-_jpg.rf.82bbdeedadde61e182048e8992f60391.jpg,valid/labels/Yardlong-bean_-81-_jpg.rf.82bbdeedadde61e182048e8992f60391.txt,yardlong-bean
valid,valid/images/image8_png.rf.9ad1bfbf412e48948cea2bdae94334d8.jpg,valid/labels/image8_png.rf.9ad1bfbf412e48948cea2bdae94334d8.txt,chickpea
valid,valid/images/IMG_20230316_151339_1_jpg.rf.9b2a99daecd53901dacf3cc42bf287f3.jpg,valid/labels/IMG_20230316_151339_1_jpg.rf.9b2a99daecd53901dacf3cc42bf287f3.txt,
valid,valid/images/image37_jpg.rf.0dc2b8763f1f702bdc3b42dfe5d1dc32.jpg,valid/labels/image37_jpg.rf.0dc2b8763f1f702bdc3b42dfe5d1dc32.txt,
valid,valid/images/image19_jpg.rf.526f58ce59d5c412021a8dfc62321d36.jpg,valid/labels/image19_jpg.rf.526f58ce59d5c412021a8dfc62321d36.txt,chickpea
valid,valid/images/image63_png.rf.90bb10ca3cc38c5ff5909b520a7aac3d.jpg,valid/labels/image63_png.rf.90bb10ca3cc38c5ff5909b520a7aac3d.txt,chickpea
valid,valid/images/image80_jpg.rf.160b163e0be0f0699da751329313c350.jpg,valid/labels/image80_jpg.rf.160b163e0be0f0699da751329313c350.txt,chickpea
valid,valid/images/chickpea208_jpg.rf.34cedcd638ede13fee141e597684e320.jpg,valid/labels/chickpea208_jpg.rf.34cedcd638ede13fee141e597684e320.txt,chickpea
valid,valid/images/Bottle-gourd_round-6-_jpg.rf.936503520b1c08694fafaac25504bdf2.jpg,valid/labels/Bottle-gourd_round-6-_jpg.rf.936503520b1c08694fafaac25504bdf2.txt,
valid,valid/images/Muskmelon_-8-_jpg.rf.d6d67690410b5ac278b560bbc75cae36.jpg,valid/labels/Muskmelon_-8-_jpg.rf.d6d67690410b5ac278b560bbc75cae36.txt,muskmelon
valid,valid/images/image22_jpg.rf.d11587e9a4d30356230e14ee10a4be0b.jpg,valid/labels/image22_jpg.rf.d11587e9a4d30356230e14ee10a4be0b.txt,chickpea
valid,valid/images/chickpea150_jpg.rf.032e0cb3f75d269123a3dd06c2a0269e.jpg,valid/labels/chickpea150_jpg.rf.032e0cb3f75d269123a3dd06c2a0269e.txt,chickpea
valid,valid/images/S20211206_0033_jpg.rf.a3995d2902cbd0e91efbd4c8981d7cb3.jpg,valid/labels/S20211206_0033_jpg.rf.a3995d2902cbd0e91efbd4c8981d7cb3.txt,
valid,valid/images/chickpea11_jpg.rf.12f53fc2fd434f5e385893b6e945e062.jpg,valid/labels/chickpea11_jpg.rf.12f53fc2fd434f5e385893b6e945e062.txt,chickpea
valid,valid/images/image153_jpg.rf.20a87c47cc720e88f629801a45489265.jpg,valid/labels/image153_jpg.rf.20a87c47cc720e88f629801a45489265.txt,chickpea
valid,valid/images/image60_png.rf.74ec2b57e724571179ffee640e7e82f7.jpg,valid/labels/image60_png.rf.74ec2b57e724571179ffee640e7e82f7.txt,chickpea
valid,valid/images/image18_png.rf.0c007ea214162ce75c72c8dd9795dbb2.jpg,valid/labels/image18_png.rf.0c007ea214162ce75c72c8dd9795dbb2.txt,chickpea
valid,valid/images/image54_jpg.rf.55ab144a3aaed29bf82aad11862d0ea9.jpg,valid/labels/image54_jpg.rf.55ab144a3aaed29bf82aad11862d0ea9.txt,chickpea
valid,valid/images/image_122_png.rf.ecdac5515a48219b2784750fcb5b4731.jpg,valid/labels/image_122_png.rf.ecdac5515a48219b2784750fcb5b4731.txt,chickpea
valid,valid/images/IMG_20230316_125951_jpg.rf.303515d89bc76b4e08c0528572d524c3.jpg,valid/labels/IMG_20230316_125951_jpg.rf.303515d89bc76b4e08c0528572d524c3.txt,chickpea
valid,valid/images/image92_png.rf.35ca9367807131c879eaaaf575c233f0.jpg,valid/labels/image92_png.rf.35ca9367807131c879eaaaf575c233f0.txt,chickpea
valid,valid/images/image_171_png.rf.3d1d56308bf45cf9d8299a4b62dd9df8.jpg,valid/labels/image_171_png.rf.3d1d56308bf45cf9d8299a4b62dd9df8.txt,chickpea
valid,valid/images/Waxgourd_-37-_jpg.rf.acd60efbba64a335518e623baf9ecdb4.jpg,valid/labels/Waxgourd_-37-_jpg.rf.acd60efbba64a335518e623baf9ecdb4.txt,waxgourd
valid,valid/images/image_113_png.rf.d5d5fce2a1baf9c593d5dee105cbee53.jpg,valid/labels/image_113_png.rf.d5d5fce2a1baf9c593d5dee105cbee53.txt,chickpea
valid,valid/images/chickpea145_jpg.rf.1b6d6f7831dfbff21f99f7602cd8f3d0.jpg,valid/labels/chickpea145_jpg.rf.1b6d6f7831dfbff21f99f7602cd8f3d0.txt,chickpea
valid,valid/images/image149_jpg.rf.f446b88f99330f4d7d85728e6c927450.jpg,valid/labels/image149_jpg.rf.f446b88f99330f4d7d85728e6c927450.txt,
valid,valid/images/Angled-gourd_-45-_jpg.rf.f4ddcbe86e916bd6408f040f4f8eebf3.jpg,valid/labels/Angled-gourd_-45-_jpg.rf.f4ddcbe86e916bd6408f040f4f8eebf3.txt,angle-gourd
valid,valid/images/chickpea143_jpg.rf.0a0050e14ef37faf09c554452eb2682a.jpg,valid/labels/chickpea143_jpg.rf.0a0050e14ef37faf09c554452eb2682a.txt,chickpea
valid,valid/images/chickpea137_jpg.rf.f0352f1f5e1319eb0b8a0b3f2992665a.jpg,valid/labels/chickpea137_jpg.rf.f0352f1f5e1319eb0b8a0b3f2992665a.txt,chickpea
valid,valid/images/image23_jpg.rf.b32db7025dba9d4b5dbb3a38347d77ec.jpg,valid/labels/image23_jpg.rf.b32db7025dba9d4b5dbb3a38347d77ec.txt,chickpea
valid,valid/images/image74_jpg.rf.ee910e0d9e7bb9ab1d8968fc796796d2.jpg,valid/labels/image74_jpg.rf.ee910e0d9e7bb9ab1d8968fc796796d2.txt,chickpea
valid,valid/images/IMG_20230316_132656_1_jpg.rf.18e9288a1047b3f9e9b6e85c59995f9c.jpg,valid/labels/IMG_20230316_132656_1_jpg.rf.18e9288a1047b3f9e9b6e85c59995f9c.txt,chickpea
valid,valid/images/image_121_png.rf.bdbcfdd63798bb0a5b85a3a5b8169893.jpg,valid/labels/image_121_png.rf.bdbcfdd63798bb0a5b85a3a5b8169893.txt,chickpea
valid,valid/images/image69_png.rf.35441e9585c3f072b35ebf099a5bb4ac.jpg,valid/labels/image69_png.rf.35441e9585c3f072b35ebf099a5bb4ac.txt,chickpea
valid,valid/images/Yardlong-bean_-77-_jpg.rf.96701c6573aed00923e2724cf3f461d8.jpg,valid/labels/Yardlong-bean_-77-_jpg.rf.96701c6573aed00923e2724cf3f461d8.txt,yardlong-bean
valid,valid/images/chickpea195_jpg.rf.9dc9fa6d7f6b3ad2fdc2720200a3a7ed.jpg,valid/labels/chickpea195_jpg.rf.9dc9fa6d7f6b3ad2fdc2720200a3a7ed.txt,chickpea
valid,valid/images/IMG_20230316_131637_jpg.rf.4f5e41f65c06d2a823b1d75ba1c686d3.jpg,valid/labels/IMG_20230316_131637_jpg.rf.4f5e41f65c06d2a823b1d75ba1c686d3.txt,chickpea
valid,valid/images/image_141_png.rf.a5dbcc6cc7e2e4d6aacda8ab5bca3dfc.jpg,valid/labels/image_141_png.rf.a5dbcc6cc7e2e4d6aacda8ab5bca3dfc.txt,
valid,valid/images/Angled-gourd_-38-_jpg.rf.f3ccaa9905b65572cd044e7d7cfc6200.jpg,valid/labels/Angled-gourd_-38-_jpg.rf.f3ccaa9905b65572cd044e7d7cfc6200.txt,angle-gourd
valid,valid/images/Wing-bean_-57-_jpg.rf.ea3fe1ba9d20916efc84bdc0c472fa8a.jpg,valid/labels/Wing-bean_-57-_jpg.rf.ea3fe1ba9d20916efc84bdc0c472fa8a.txt,wingbean
valid,valid/images/image66_png.rf.94d98a112e8ffd87609a903e74eb01ca.jpg,valid/labels/image66_png.rf.94d98a112e8ffd87609a903e74eb01ca.txt,chickpea
valid,valid/images/image5_jpg.rf.ff0b893387b768cfd525b20e32bc061b.jpg,valid/labels/image5_jpg.rf.ff0b893387b768cfd525b20e32bc061b.txt,chickpea
valid,valid/images/image141_jpg.rf.90091c2e1230bd777f522b6a45a2c607.jpg,valid/labels/image141_jpg.rf.90091c2e1230bd777f522b6a45a2c607.txt,
valid,valid/images/chickpea124_jpg.rf.536144adc358339e3cc4d1575648b70f.jpg,valid/labels/chickpea124_jpg.rf.536144adc358339e3cc4d1575648b70f.txt,chickpea
valid,valid/images/chickpea196_jpg.rf.997e6bef1caba3ac64a026c4a09b2513.jpg,valid/labels/chickpea196_jpg.rf.997e6bef1caba3ac64a026c4a09b2513.txt,chickpea
valid,valid/images/IMG_20230316_124919_1-1-_jpg.rf.1941f6f8e63daf8fbd14930705547759.jpg,valid/labels/IMG_20230316_124919_1-1-_jpg.rf.1941f6f8e63daf8fbd14930705547759.txt,
valid,valid/images/image58_jpg.rf.b1092693532c522591a20623a618e501.jpg,valid/labels/image58_jpg.rf.b1092693532c522591a20623a618e501.txt,chickpea
valid,valid/images/image43_png.rf.76484a2cbc09e1c6a28e8af3ecac6caf.jpg,valid/labels/image43_png.rf.76484a2cbc09e1c6a28e8af3ecac6caf.txt,chickpea
valid,valid/images/image37_png.rf.3dad24daddf30edb4cbf3dc6c247273e.jpg,valid/labels/image37_png.rf.3dad24daddf30edb4cbf3dc6c247273e.txt,chickpea
valid,valid/images/Muskmelon_-36-_jpg.rf.bd4b13e58da537c9926dc5f475fbb266.jpg,valid/labels/Muskmelon_-36-_jpg.rf.bd4b13e58da537c9926dc5f475fbb266.txt,muskmelon
valid,valid/images/image25_png.rf.8b2df30b1c02a6d4bfdb00d011d2e9d2.jpg,valid/labels/image25_png.rf.8b2df30b1c02a6d4bfdb00d011d2e9d2.txt,chickpea
valid,valid/images/image22_jpg.rf.675a1391935d759e6a79b1caa5adc547.jpg,valid/labels/image22_jpg.rf.675a1391935d759e6a79b1caa5adc547.txt,chickpea
valid,valid/images/Pumpkin_-6-_jpg.rf.d33c9555ed0605cb8f3b5654c188d326.jpg,valid/labels/Pumpkin_-6-_jpg.rf.d33c9555ed0605cb8f3b5654c188d326.txt,pumpkin
valid,valid/images/image_126_png.rf.6a309d65e092016c45871cbe85662bb9.jpg,valid/labels/image_126_png.rf.6a309d65e092016c45871cbe85662bb9.txt,chickpea
valid,valid/images/Angled-gourd_-66-_jpg.rf.458b384e2fafd4067bba05e212609cbc.jpg,valid/labels/Angled-gourd_-66-_jpg.rf.458b384e2fafd4067bba05e212609cbc.txt,angle-gourd
valid,valid/images/IMG_20230316_132450_jpg.rf.80b0b0730e7f899a13ec8be18a22fd1e.jpg,valid/labels/IMG_20230316_132450_jpg.rf.80b0b0730e7f899a13ec8be18a22fd1e.txt,chickpea
valid,valid/images/image38_png.rf.201f2fe2dcc97a3086520acbb000829f.jpg,valid/labels/image38_png.rf.201f2fe2dcc97a3086520acbb000829f.txt,chickpea
valid,valid/images/IMG_20230316_154324_jpg.rf.fdeeca9d820ef3144476ebe2bcf268f8.jpg,valid/labels/IMG_20230316_154324_jpg.rf.fdeeca9d820ef3144476ebe2bcf268f8.txt,chickpea
valid,valid/images/Muskmelon_-93-_jpg.rf.7b2c950bd57008014b1a9962eb5a682a.jpg,valid/labels/Muskmelon_-93-_jpg.rf.7b2c950bd57008014b1a9962eb5a682a.txt,muskmelon
valid,valid/images/Bottle-gourd_round-36-_jpg.rf.8144b31c5312dc99a8c9f774519260f8.jpg,valid/labels/Bottle-gourd_round-36-_jpg.rf.8144b31c5312dc99a8c9f774519260f8.txt,
valid,valid/images/IMG_20230316_131706_jpg.rf.ed39617f1f98454eedd13c14dcbe5bbe.jpg,valid/labels/IMG_20230316_131706_jpg.rf.ed39617f1f98454eedd13c14dcbe5bbe.txt,
valid,valid/images/IMG_20230316_124959_jpg.rf.c15d8b664f3a51886fa4817102f7413c.jpg,valid/labels/IMG_20230316_124959_jpg.rf.c15d8b664f3a51886fa4817102f7413c.txt,chickpea
valid,valid/images/IMG_20230316_124919_1-4-_jpg.rf.fac4761830e51b7dfa1090cdaa05a25c.jpg,valid/labels/IMG_20230316_124919_1-4-_jpg.rf.fac4761830e51b7dfa1090cdaa05a25c.txt,chickpea
valid,valid/images/image23_png.rf.84046fa2b0c57db79059fc0808bc21e9.jpg,valid/labels/image23_png.rf.84046fa2b0c57db79059fc0808bc21e9.txt,chickpea
valid,valid/images/Angled-gourd_-8-_jpg.rf.58157a8e95353b4566885b82165c67c8.jpg,valid/labels/Angled-gourd_-8-_jpg.rf.58157a8e95353b4566885b82165c67c8.txt,angle-gourd
valid,valid/images/image5_jpg.rf.453d65b788798c090ea9437d99c337b8.jpg,valid/labels/image5_jpg.rf.453d65b788798c090ea9437d99c337b8.txt,chickpea
valid,valid/images/chickpea13_jpg.rf.d4ed5c02a79021abb6ce4bdc84d4e1db.jpg,valid/labels/chickpea13_jpg.rf.d4ed5c02a79021abb6ce4bdc84d4e1db.txt,chickpea
valid,valid/images/image58_png.rf.5023b5872937dbcc0ce8f28357621e75.jpg,valid/labels/image58_png.rf.5023b5872937dbcc0ce8f28357621e75.txt,chickpea
valid,valid/images/Wing-bean_-83-_jpg.rf.bcfac32a70281db02ff80ff8d77c5686.jpg,valid/labels/Wing-bean_-83-_jpg.rf.bcfac32a70281db02ff80ff8d77c5686.txt,wingbean
valid,valid/images/image104_png.rf.5c9ea9872248ed5cd671027db426e9a7.jpg,valid/labels/image104_png.rf.5c9ea9872248ed5cd671027db426e9a7.txt,chickpea
valid,valid/images/image87_png.rf.9920e7f2cdfa2a247df25a0944b7a23b.jpg,valid/labels/image87_png.rf.9920e7f2cdfa2a247df25a0944b7a23b.txt,chickpea
valid,valid/images/IMG_20230316_131907_1_jpg.rf.dc068a34c83bf959d79059fcc3e1db23.jpg,valid/labels/IMG_20230316_131907_1_jpg.rf.dc068a34c83bf959d79059fcc3e1db23.txt,
valid,valid/images/Waxgourd_-38-_jpg.rf.e629e354835dbc81ba05568357f5eed6.jpg,valid/labels/Waxgourd_-38-_jpg.rf.e629e354835dbc81ba05568357f5eed6.txt,waxgourd
valid,valid/images/image50_png.rf.57badb78ec688cfe4a3cbabd17cb9c48.jpg,valid/labels/image50_png.rf.57badb78ec688cfe4a3cbabd17cb9c48.txt,chickpea
valid,valid/images/image_105_png.rf.730e60dd01824c094141a16398d9ae9a.jpg,valid/labels/image_105_png.rf.730e60dd01824c094141a16398d9ae9a.txt,chickpea
valid,valid/images/image14_jpg.rf.23e6701414ee56d7dbd314eba5b459e8.jpg,valid/labels/image14_jpg.rf.23e6701414ee56d7dbd314eba5b459e8.txt,
valid,valid/images/image12_png.rf.f81480e8cab27dc4909935f90607ab9c.jpg,valid/labels/image12_png.rf.f81480e8cab27dc4909935f90607ab9c.txt,chickpea
valid,valid/images/Wing-bean_-59-_jpg.rf.2152313d8f95caed825daed857bb9b66.jpg,valid/labels/Wing-bean_-59-_jpg.rf.2152313d8f95caed825daed857bb9b66.txt,wingbean
valid,valid/images/image137_jpg.rf.690a640c493b1cb54503c44644d299ec.jpg,valid/labels/image137_jpg.rf.690a640c493b1cb54503c44644d299ec.txt,chickpea
test,test/images/Sugar-pea_-90-_jpg.rf.6810e0237d6e6f67e5196844e728bc5a.jpg,test/labels/Sugar-pea_-90-_jpg.rf.6810e0237d6e6f67e5196844e728bc5a.txt,sugar-pea
test,test/images/image23_jpg.rf.0081a7e7d4b3564a1228ea8232b96159.jpg,test/labels/image23_jpg.rf.0081a7e7d4b3564a1228ea8232b96159.txt,
test,test/images/IMG_20230316_150956-2-_jpg.rf.9d43dc6fedeb00a7afb19a7fc322eb4b.jpg,test/labels/IMG_20230316_150956-2-_jpg.rf.9d43dc6fedeb00a7afb19a7fc322eb4b.txt,chickpea
test,test/images/IMG_20230316_151230_1_jpg.rf.da9e47ea3e9623e04cd6c51b6d882d1d.jpg,test/labels/IMG_20230316_151230_1_jpg.rf.da9e47ea3e9623e04cd6c51b6d882d1d.txt,chickpea
test,test/images/image26_jpg.rf.36bc837e969823499ef4b0167e94b5ac.jpg,test/labels/image26_jpg.rf.36bc837e969823499ef4b0167e94b5ac.txt,chickpea
test,test/images/image14_png.rf.7d54efb1021c74f7733378aae721b60a.jpg,test/labels/image14_png.rf.7d54efb1021c74f7733378aae721b60a.txt,chickpea
test,test/images/image11_png.rf.4c59a7facf812056bee7e96010c94bbd.jpg,test/labels/image11_png.rf.4c59a7facf812056bee7e96010c94bbd.txt,chickpea
test,test/images/IMG_20230316_150602_jpg.rf.948562ac0b78d708a5a2ae1849ddcff4.jpg,test/labels/IMG_20230316_150602_jpg.rf.948562ac0b78d708a5a2ae1849ddcff4.txt,
test,test/images/image102_png.rf.f593d127c2347faa6c9d2619d55696c6.jpg,test/labels/image102_png.rf.f593d127c2347faa6c9d2619d55696c6.txt,chickpea
test,test/images/image34_png.rf.d547763587f4341bc501df8bc486db09.jpg,test/labels/image34_png.rf.d547763587f4341bc501df8bc486db09.txt,chickpea
test,test/images/image_164_png.rf.0074124fbfca8a86227257c2bf833e21.jpg,test/labels/image_164_png.rf.0074124fbfca8a86227257c2bf833e21.txt,chickpea
test,test/images/S20211206_0034_jpg.rf.df808bd4e350b425d8595f587e5e7dce.jpg,test/labels/S20211206_0034_jpg.rf.df808bd4e350b425d8595f587e5e7dce.txt,
test,test/images/Angled-gourd_-92-_jpg.rf.ad8152dbdde845631592c1407a10623a.jpg,test/labels/Angled-gourd_-92-_jpg.rf.ad8152dbdde845631592c1407a10623a.txt,angle-gourd
test,test/images/IMG_20230316_151355_jpg.rf.32a2f6274449a546a24f1ba25636e7bd.jpg,test/labels/IMG_20230316_151355_jpg.rf.32a2f6274449a546a24f1ba25636e7bd.txt,chickpea
test,test/images/Sugar-pea_-49-_jpg.rf.634c35a096579dfadcdb05a2609da1b3.jpg,test/labels/Sugar-pea_-49-_jpg.rf.634c35a096579dfadcdb05a2609da1b3.txt,sugar-pea
test,test/images/Wing-bean_-70-_jpg.rf.b70731ea48bc609b715e7f56c538ebf7.jpg,test/labels/Wing-bean_-70-_jpg.rf.b70731ea48bc609b715e7f56c538ebf7.txt,wingbean
test,test/images/image_175_png.rf.40efe82222ae45d522f508639eedc7c4.jpg,test/labels/image_175_png.rf.40efe82222ae45d522f508639eedc7c4.txt,chickpea
test,test/images/image64_png.rf.feeef13fd720c4a8a3842c6093394256.jpg,test/labels/image64_png.rf.feeef13fd720c4a8a3842c6093394256.txt,chickpea
test,test/images/image_114_png.rf.e3231cdee1a5bfac14bdbed8115ef73f.jpg,test/labels/image_114_png.rf.e3231cdee1a5bfac14bdbed8115ef73f.txt,chickpea
test,test/images/IMG_20230316_154059_1_jpg.rf.0cc48233c1a2799ce115c4275dff3f68.jpg,test/labels/IMG_20230316_154059_1_jpg.rf.0cc48233c1a2799ce115c4275dff3f68.txt,chickpea
test,test/images/Bottle-gourd_round-64-_jpg.rf.9f2d6ff06f2bbb9d390e1e8059d0ccb6.jpg,test/labels/Bottle-gourd_round-64-_jpg.rf.9f2d6ff06f2bbb9d390e1e8059d0ccb6.txt,
test,test/images/IMG_20230316_150956-2-_jpg.rf.3585fe0d5105bae1df6362801c5560d3.jpg,test/labels/IMG_20230316_150956-2-_jpg.rf.3585fe0d5105bae1df6362801c5560d3.txt,chickpea
test,test/images/chickpea187_jpg.rf.e323b2d688e863e1bf3a83b3a595625e.jpg,test/labels/chickpea187_jpg.rf.e323b2d688e863e1bf3a83b3a595625e.txt,chickpea
test,test/images/image37_png.rf.0e8a11392de5b76764d070c9b419b580.jpg,test/labels/image37_png.rf.0e8a11392de5b76764d070c9b419b580.txt,chickpea
test,test/images/IMG_20230316_131637_jpg.rf.ca2a9b24505429132761b2f855401656.jpg,test/labels/IMG_20230316_131637_jpg.rf.ca2a9b24505429132761b2f855401656.txt,
test,test/images/IMG_20230316_150956_jpg.rf.01aa6e70c1032491fb8f7c5c1b754e6a.jpg,test/labels/IMG_20230316_150956_jpg.rf.01aa6e70c1032491fb8f7c5c1b754e6a.txt,chickpea
test,test/images/Wing-bean_-80-_jpg.rf.844eea21adeb603aa527900dfdeac48e.jpg,test/labels/Wing-bean_-80-_jpg.rf.844eea21adeb603aa527900dfdeac48e.txt,wingbean
test,test/images/image70_png.rf.655178e54e3a7cb0e962361ac426d177.jpg,test/labels/image70_png.rf.655178e54e3a7cb0e962361ac426d177.txt,chickpea
test,test/images/image84_jpg.rf.5c93e3dc2975bd3e2986ecfd6f487e4b.jpg,test/labels/image84_jpg.rf.5c93e3dc2975bd3e2986ecfd6f487e4b.txt,chickpea
test,test/images/IMG_20230316_124641_1-1-_jpg.rf.ccccff6de504e2a3eef6d1c3215d8e27.jpg,test/labels/IMG_20230316_124641_1-1-_jpg.rf.ccccff6de504e2a3eef6d1c3215d8e27.txt,
test,test/images/image_155_png.rf.e2efff1469b0db835b3f9c99a9e836a5.jpg,test/labels/image_155_png.rf.e2efff1469b0db835b3f9c99a9e836a5.txt,chickpea
test,test/images/image_106_png.rf.c06b6d7293412eb1f8033258209e7f10.jpg,test/labels/image_106_png.rf.c06b6d7293412eb1f8033258209e7f10.txt,chickpea
test,test/images/image56_png.rf.4607be212f25b702f4d1d54b8844eec3.jpg,test/labels/image56_png.rf.4607be212f25b702f4d1d54b8844eec3.txt,chickpea
test,test/images/image32_png.rf.c5227b6cb39dce8b216422abe1d3f829.jpg,test/labels/image32_png.rf.c5227b6cb39dce8b216422abe1d3f829.txt,chickpea
test,test/images/image75_jpg.rf.195095fd2017fc0ec1727478b719e634.jpg,test/labels/image75_jpg.rf.195095fd2017fc0ec1727478b719e634.txt,chickpea
test,test/images/IMG_20230316_131552_jpg.rf.96de60da369676ce946ccb85b105a26e.jpg,test/labels/IMG_20230316_131552_jpg.rf.96de60da369676ce946ccb85b105a26e.txt,chickpea
test,test/images/image76_png.rf.0637d4545fd1a67d2722fdb7128dc0c9.jpg,test/labels/image76_png.rf.0637d4545fd1a67d2722fdb7128dc0c9.txt,chickpea
test,test/images/image38_png.rf.dea89aafc99e60e6386a47e1008da105.jpg,test/labels/image38_png.rf.dea89aafc99e60e6386a47e1008da105.txt,chickpea
test,test/images/image34_png.rf.6c0dbc9d65838a44535a5cc33d111415.jpg,test/labels/image34_png.rf.6c0dbc9d65838a44535a5cc33d111415.txt,chickpea
test,test/images/chickpea135_jpg.rf.a7a6fdaa6c490f8527b81d8b4e498ebc.jpg,test/labels/chickpea135_jpg.rf.a7a6fdaa6c490f8527b81d8b4e498ebc.txt,chickpea
test,test/images/image83_png.rf.343be0c078e533f159b7fc4d8021cf56.jpg,test/labels/image83_png.rf.343be0c078e533f159b7fc4d8021cf56.txt,chickpea
test,test/images/IMG_20230316_152021_1-1-_jpg.rf.30232886534fbf42e9cda2a4bb37f85a.jpg,test/labels/IMG_20230316_152021_1-1-_jpg.rf.30232886534fbf42e9cda2a4bb37f85a.txt,
test,test/images/Wing-bean_-77-_jpg.rf.d5f0868782f8655ffa78439b340136c0.jpg,test/labels/Wing-bean_-77-_jpg.rf.d5f0868782f8655ffa78439b340136c0.txt,wingbean
test,test/images/Bottle-gourd_round-74-_jpg.rf.84bf1caee5107c8ebc7e456e494185b1.jpg,test/labels/Bottle-gourd_round-74-_jpg.rf.84bf1caee5107c8ebc7e456e494185b1.txt,
test,test/images/IMG_20230316_151519_1-3-_jpg.rf.0807f2cc603d53ccc17c66fe620bdd54.jpg,test/labels/IMG_20230316_151519_1-3-_jpg.rf.0807f2cc603d53ccc17c66fe620bdd54.txt,chickpea
test,test/images/image100_jpg.rf.495fc86237f6fe06f9dd7b0131466ba8.jpg,test/labels/image100_jpg.rf.495fc86237f6fe06f9dd7b0131466ba8.txt,chickpea
test,test/images/image_114_png.rf.053839c28a83ff93f7d0ac73db2a5301.jpg,test/labels/image_114_png.rf.053839c28a83ff93f7d0ac73db2a5301.txt,chickpea
test,test/images/image34_png.rf.87a2a1cb5120863b5d0d6d5277dc0f30.jpg,test/labels/image34_png.rf.87a2a1cb5120863b5d0d6d5277dc0f30.txt,chickpea
test,test/images/chickpea142_jpg.rf.69e7c6ec2f75ab44deae84006b7aeaa6.jpg,test/labels/chickpea142_jpg.rf.69e7c6ec2f75ab44deae84006b7aeaa6.txt,chickpea
test,test/images/image57_png.rf.4e31c283c9d4e39d3d15b166aa2d4862.jpg,test/labels/image57_png.rf.4e31c283c9d4e39d3d15b166aa2d4862.txt,chickpea
test,test/images/Sugar-pea_-9-_jpg.rf.dd68f2baf3d4e8e7bc6550d6ceb26a95.jpg,test/labels/Sugar-pea_-9-_jpg.rf.dd68f2baf3d4e8e7bc6550d6ceb26a95.txt,sugar-pea
test,test/images/image85_png.rf.c457f4349804017811b0f4cc2b0b342a.jpg,test/labels/image85_png.rf.c457f4349804017811b0f4cc2b0b342a.txt,chickpea
test,test/images/image_161_png.rf.62a619f68d9a19cf206384ce4a20c025.jpg,test/labels/image_161_png.rf.62a619f68d9a19cf206384ce4a20c025.txt,chickpea
test,test/images/IMG_20230316_155028_1_jpg.rf.89875527aef94af3541ecd8ad3025947.jpg,test/labels/IMG_20230316_155028_1_jpg.rf.89875527aef94af3541ecd8ad3025947.txt,
test,test/images/IMG_20230316_155647_1-1-_jpg.rf.7c25199efc2e4f38f25e3cbd27a7a96b.jpg,test/labels/IMG_20230316_155647_1-1-_jpg.rf.7c25199efc2e4f38f25e3cbd27a7a96b.txt,chickpea
test,test/images/chickpea127_jpg.rf.766d04f4e20f5cb040d55ddfa6c37883.jpg,test/labels/chickpea127_jpg.rf.766d04f4e20f5cb040d55ddfa6c37883.txt,chickpea
test,test/images/IMG_20230316_155028_1_jpg.rf.ce42f54105d9760d3b851e7bb70bbe04.jpg,test/labels/IMG_20230316_155028_1_jpg.rf.ce42f54105d9760d3b851e7bb70bbe04.txt,chickpea
test,test/images/image116_jpg.rf.ec2dedd01b99ea97373b0f07bcce0c46.jpg,test/labels/image116_jpg.rf.ec2dedd01b99ea97373b0f07bcce0c46.txt,
test,test/images/IMG_20230316_151238_1-1-_jpg.rf.1d5db4e260ec54397c62d13c5641e70f.jpg,test/labels/IMG_20230316_151238_1-1-_jpg.rf.1d5db4e260ec54397c62d13c5641e70f.txt,
test,test/images/IMG_20230316_124835_1-1-_jpg.rf.12e3593befeaa5a2ce3884a65ae854f3.jpg,test/labels/IMG_20230316_124835_1-1-_jpg.rf.12e3593befeaa5a2ce3884a65ae854f3.txt,chickpea
test,test/images/image69_jpg.rf.04b299ec2bd069f036bc3307d586d6c9.jpg,test/labels/image69_jpg.rf.04b299ec2bd069f036bc3307d586d6c9.txt,
test,test/images/Pumpkin_-82-_jpg.rf.1197524cab77f2fc0c0d4c099f7916b6.jpg,test/labels/Pumpkin_-82-_jpg.rf.1197524cab77f2fc0c0d4c099f7916b6.txt,pumpkin
test,test/images/IMG_20230316_124735_1_jpg.rf.d5e20e56343f7bc9f2f1cb37a43c40c1.jpg,test/labels/IMG_20230316_124735_1_jpg.rf.d5e20e56343f7bc9f2f1cb37a43c40c1.txt,
test,test/images/Muskmelon_-96-_jpg.rf.eb22ac73df1120bbce45368f56af63f8.jpg,test/labels/Muskmelon_-96-_jpg.rf.eb22ac73df1120bbce45368f56af63f8.txt,muskmelon
test,test/images/IMG_20230316_125807_1_jpg.rf.a497e2ef6663b885246e5cee26d01d77.jpg,test/labels/IMG_20230316_125807_1_jpg.rf.a497e2ef6663b885246e5cee26d01d77.txt,chickpea
test,test/images/image_178_png.rf.21f00dc3c2a3dfd18656b58f0e318118.jpg,test/labels/image_178_png.rf.21f00dc3c2a3dfd18656b58f0e318118.txt,chickpea
test,test/images/chickpea116_jpg.rf.e47e196d8c89e81140af3361cd2b0011.jpg,test/labels/chickpea116_jpg.rf.e47e196d8c89e81140af3361cd2b0011.txt,chickpea
test,test/images/image85_png.rf.a1ccdb84d11b706665518d154fb6c847.jpg,test/labels/image85_png.rf.a1ccdb84d11b706665518d154fb6c847.txt,chickpea
test,test/images/Muskmelon_-77-_jpg.rf.b81550725f0130b0ca1dc67c440f6d92.jpg,test/labels/Muskmelon_-77-_jpg.rf.b81550725f0130b0ca1dc67c440f6d92.txt,"muskmelon,pumpkin"
test,test/images/Sugar-pea_-93-_jpg.rf.1c2e88ae37f8d455aba5eaa38b7732b2.jpg,test/labels/Sugar-pea_-93-_jpg.rf.1c2e88ae37f8d455aba5eaa38b7732b2.txt,sugar-pea
test,test/images/Sugar-pea_-64-_jpg.rf.6231b5abe3a0a1ae1aca345233849f18.jpg,test/labels/Sugar-pea_-64-_jpg.rf.6231b5abe3a0a1ae1aca345233849f18.txt,sugar-pea
test,test/images/IMG_20230316_151519_1-3-_jpg.rf.ccdf2ec223ce4335322c525decb6ee36.jpg,test/labels/IMG_20230316_151519_1-3-_jpg.rf.ccdf2ec223ce4335322c525decb6ee36.txt,chickpea
test,test/images/image96_png.rf.5b2e2a1957a0eafddb32dc0331a40fbd.jpg,test/labels/image96_png.rf.5b2e2a1957a0eafddb32dc0331a40fbd.txt,chickpea
test,test/images/image78_jpg.rf.213524015df1f7a78436439391ec9017.jpg,test/labels/image78_jpg.rf.213524015df1f7a78436439391ec9017.txt,
test,test/images/chickpea115_jpg.rf.d3482bbc7dd457ea5011ebf23b6d28bf.jpg,test/labels/chickpea115_jpg.rf.d3482bbc7dd457ea5011ebf23b6d28bf.txt,chickpea
test,test/images/image6_png.rf.df7af8b6f5cb4bc5a07c50f5724a39c1.jpg,test/labels/image6_png.rf.df7af8b6f5cb4bc5a07c50f5724a39c1.txt,chickpea
test,test/images/chickpea150_jpg.rf.83542f74510eabfbb6b45a5b9aaae959.jpg,test/labels/chickpea150_jpg.rf.83542f74510eabfbb6b45a5b9aaae959.txt,chickpea
test,test/images/image32_jpg.rf.d1b352b88c4b2786c6dfaaf97d8f18dd.jpg,test/labels/image32_jpg.rf.d1b352b88c4b2786c6dfaaf97d8f18dd.txt,
test,test/images/image105_jpg.rf.4667a5475717e50a9a49d1a25d6cee61.jpg,test/labels/image105_jpg.rf.4667a5475717e50a9a49d1a25d6cee61.txt,chickpea
test,test/images/image_161_png.rf.822f3378948d77c4558d45ac26b40724.jpg,test/labels/image_161_png.rf.822f3378948d77c4558d45ac26b40724.txt,chickpea
test,test/images/IMG_20230316_125933_jpg.rf.c8ee3f9018048ec287b8c8915f61cf6a.jpg,test/labels/IMG_20230316_125933_jpg.rf.c8ee3f9018048ec287b8c8915f61cf6a.txt,
test,test/images/IMG_20230316_132653_1_jpg.rf.a6d29e71395ff2d08cfab346b905af73.jpg,test/labels/IMG_20230316_132653_1_jpg.rf.a6d29e71395ff2d08cfab346b905af73.txt,
test,test/images/image74_png.rf.220db7e57deacc9a941a5b899aeac9db.jpg,test/labels/image74_png.rf.220db7e57deacc9a941a5b899aeac9db.txt,chickpea
test,test/images/Muskmelon_-66-_jpg.rf.97f61f80af5830cd9af490983fd47f4e.jpg,test/labels/Muskmelon_-66-_jpg.rf.97f61f80af5830cd9af490983fd47f4e.txt,"muskmelon,pumpkin"
test,test/images/IMG_20230316_124735_1_jpg.rf.fb08a4d7025ec335ef84f48c6d7eb98f.jpg,test/labels/IMG_20230316_124735_1_jpg.rf.fb08a4d7025ec335ef84f48c6d7eb98f.txt,chickpea
test,test/images/image39_jpg.rf.0cfd172d6c5b91c082cf6f8e103b5def.jpg,test/labels/image39_jpg.rf.0cfd172d6c5b91c082cf6f8e103b5def.txt,chickpea
test,test/images/image20_png.rf.91dfb95a74cc2eba2cbe94ab96521e7c.jpg,test/labels/image20_png.rf.91dfb95a74cc2eba2cbe94ab96521e7c.txt,chickpea
test,test/images/IMG_20230316_131907_1_jpg.rf.c2f50e9b41b90b162fb7e001b4a46236.jpg,test/labels/IMG_20230316_131907_1_jpg.rf.c2f50e9b41b90b162fb7e001b4a46236.txt,chickpea
test,test/images/image11_png.rf.cf0896fc1a53ad5e6afa4c1186380f1d.jpg,test/labels/image11_png.rf.cf0896fc1a53ad5e6afa4c1186380f1d.txt,chickpea
test,test/images/image68_jpg.rf.25a4d6a10ced41b7299d22e350cf78f7.jpg,test/labels/image68_jpg.rf.25a4d6a10ced41b7299d22e350cf78f7.txt,chickpea
test,test/images/IMG_20230316_132601_1_jpg.rf.1e3683d04a3f7d821425e0812b78c447.jpg,test/labels/IMG_20230316_132601_1_jpg.rf.1e3683d04a3f7d821425e0812b78c447.txt,
test,test/images/image21_png.rf.9261ca1e97e05eff068fbc17fba68c8a.jpg,test/labels/image21_png.rf.9261ca1e97e05eff068fbc17fba68c8a.txt,chickpea
test,test/images/IMG_20230316_131553_1-1-_jpg.rf.03e4c8fd1c79d9fae4ace9d6c87b2cf3.jpg,test/labels/IMG_20230316_131553_1-1-_jpg.rf.03e4c8fd1c79d9fae4ace9d6c87b2cf3.txt,chickpea
test,test/images/image95_jpg.rf.0519dfa2c8e3b661558fbea7bb7e5f40.jpg,test/labels/image95_jpg.rf.0519dfa2c8e3b661558fbea7bb7e5f40.txt,
test,test/images/image52_jpg.rf.61d98869a13365b2702ad3c14808fa97.jpg,test/labels/image52_jpg.rf.61d98869a13365b2702ad3c14808fa97.txt,chickpea
test,test/images/chickpea124_jpg.rf.4e0a3f136b02d0e74cf4b3226c65b81d.jpg,test/labels/chickpea124_jpg.rf.4e0a3f136b02d0e74cf4b3226c65b81d.txt,chickpea
test,test/images/image_134_png.rf.a008e4e53fb13ebc9ac0cc9f473cf37b.jpg,test/labels/image_134_png.rf.a008e4e53fb13ebc9ac0cc9f473cf37b.txt,
test,test/images/Pumpkin_-97-_jpg.rf.6a7393c68c55371ae6d0c6f244a290e3.jpg,test/labels/Pumpkin_-97-_jpg.rf.6a7393c68c55371ae6d0c6f244a290e3.txt,pumpkin
test,test/images/image_132_png.rf.9dd1321330541529d5d72add062b77d2.jpg,test/labels/image_132_png.rf.9dd1321330541529d5d72add062b77d2.txt,chickpea
test,test/images/image141_jpg.rf.ab17982d1e13bb04787a496d761254d5.jpg,test/labels/image141_jpg.rf.ab17982d1e13bb04787a496d761254d5.txt,
test,test/images/image_114_png.rf.6d0b6546622ee0243406fa7139c5d4bd.jpg,test/labels/image_114_png.rf.6d0b6546622ee0243406fa7139c5d4bd.txt,
test,test/images/Angled-gourd_-46-_jpg.rf.7f5d95b996d23df4841468a6073f321d.jpg,test/labels/Angled-gourd_-46-_jpg.rf.7f5d95b996d23df4841468a6073f321d.txt,angle-gourd
test,test/images/Sugar-pea_-76-_jpg.rf.c1fd8de25bcbcb8c75851d13383ae617.jpg,test/labels/Sugar-pea_-76-_jpg.rf.c1fd8de25bcbcb8c75851d13383ae617.txt,sugar-pea
test,test/images/IMG_20230316_124735_1_jpg.rf.8c75a052e2e2548a1f29dab5cb659d76.jpg,test/labels/IMG_20230316_124735_1_jpg.rf.8c75a052e2e2548a1f29dab5cb659d76.txt,chickpea
test,test/images/IMG_20230316_125144_1_jpg.rf.bcbd3829c50f8bbc8ac23ee835c5eb89.jpg,test/labels/IMG_20230316_125144_1_jpg.rf.bcbd3829c50f8bbc8ac23ee835c5eb89.txt,
test,test/images/Bottle-gourd_long-73-_jpg.rf.de9bc6b3f90d30e079290213f143b1bc.jpg,test/labels/Bottle-gourd_long-73-_jpg.rf.de9bc6b3f90d30e079290213f143b1bc.txt,
test,test/images/Sugar-pea_-62-_jpg.rf.9921c640d8bccfdf7a31b73f6984edae.jpg,test/labels/Sugar-pea_-62-_jpg.rf.9921c640d8bccfdf7a31b73f6984edae.txt,sugar-pea
test,test/images/chickpea2_jpg.rf.e7882784878a149ed487738ba18bced5.jpg,test/labels/chickpea2_jpg.rf.e7882784878a149ed487738ba18bced5.txt,chickpea
test,test/images/IMG_20230316_124835_1-2-_jpg.rf.d505a7593b361f4b615b14b7b2612b47.jpg,test/labels/IMG_20230316_124835_1-2-_jpg.rf.d505a7593b361f4b615b14b7b2612b47.txt,chickpea
test,test/images/chickpea199_jpg.rf.ade08dfa9472a9ec94ab9346e7eee805.jpg,test/labels/chickpea199_jpg.rf.ade08dfa9472a9ec94ab9346e7eee805.txt,
test,test/images/Muskmelon_-40-_jpg.rf.f5d5ed7ba88a69882c6a849bf95fb3e8.jpg,test/labels/Muskmelon_-40-_jpg.rf.f5d5ed7ba88a69882c6a849bf95fb3e8.txt,"muskmelon,pumpkin"
test,test/images/IMG_20230316_150956-4-_jpg.rf.c3e7aff09eae4b900e79f55132f1db54.jpg,test/labels/IMG_20230316_150956-4-_jpg.rf.c3e7aff09eae4b900e79f55132f1db54.txt,chickpea
test,test/images/image114_jpg.rf.66e13832f31c6802b3d35ec2650359ed.jpg,test/labels/image114_jpg.rf.66e13832f31c6802b3d35ec2650359ed.txt,chickpea
test,test/images/image81_png.rf.529d97cdd911f8ed53004518bcfadfd1.jpg,test/labels/image81_png.rf.529d97cdd911f8ed53004518bcfadfd1.txt,chickpea
test,test/images/image15_jpg.rf.3bf80b519fabd877b96333fcb01e8118.jpg,test/labels/image15_jpg.rf.3bf80b519fabd877b96333fcb01e8118.txt,chickpea
test,test/images/image77_png.rf.77f0e31f1c92157d80b62278fdadb565.jpg,test/labels/image77_png.rf.77f0e31f1c92157d80b62278fdadb565.txt,chickpea
test,test/images/image92_png.rf.ca83e85a9c394007c775c97f7085744e.jpg,test/labels/image92_png.rf.ca83e85a9c394007c775c97f7085744e.txt,chickpea
test,test/images/Sugar-pea_-87-_jpg.rf.0a07de14d2d041f486ca2ba3f2696bab.jpg,test/labels/Sugar-pea_-87-_jpg.rf.0a07de14d2d041f486ca2ba3f2696bab.txt,sugar-pea
test,test/images/image_129_png.rf.b322cf290e7921e68a56aa3631036571.jpg,test/labels/image_129_png.rf.b322cf290e7921e68a56aa3631036571.txt,chickpea
test,test/images/image148_jpg.rf.1642d5bb5b35745afb918cbb7b04213b.jpg,test/labels/image148_jpg.rf.1642d5bb5b35745afb918cbb7b04213b.txt,
test,test/images/image_119_png.rf.4077afaafb80f518451929d1b6cf4309.jpg,test/labels/image_119_png.rf.4077afaafb80f518451929d1b6cf4309.txt,chickpea
test,test/images/image_139_png.rf.ad514c671fc382740c0065c51ff6317c.jpg,test/labels/image_139_png.rf.ad514c671fc382740c0065c51ff6317c.txt,chickpea
test,test/images/Wing-bean_-69-_jpg.rf.f21d027e901216c3383e1872a25bb2db.jpg,test/labels/Wing-bean_-69-_jpg.rf.f21d027e901216c3383e1872a25bb2db.txt,wingbean
test,test/images/image148_jpg.rf.398114a30f820a6029d7cb20d3e6afef.jpg,test/labels/image148_jpg.rf.398114a30f820a6029d7cb20d3e6afef.txt,chickpea
test,test/images/image8_png.rf.f786e5017b5e9131bcd2d08a6704b30e.jpg,test/labels/image8_png.rf.f786e5017b5e9131bcd2d08a6704b30e.txt,chickpea
test,test/images/IMG_20230316_124349_1_jpg.rf.3ea22d7401895bb9d043549589a1993c.jpg,test/labels/IMG_20230316_124349_1_jpg.rf.3ea22d7401895bb9d043549589a1993c.txt,chickpea
test,test/images/IMG_20230316_124745_jpg.rf.6eb4a2f2ac327398d98d197234b81eb7.jpg,test/labels/IMG_20230316_124745_jpg.rf.6eb4a2f2ac327398d98d197234b81eb7.txt,
test,test/images/S20211206_0005_jpg.rf.794fb2b710c82170f1966b21f1638562.jpg,test/labels/S20211206_0005_jpg.rf.794fb2b710c82170f1966b21f1638562.txt,
test,test/images/image_115_png.rf.d70f1ebd074c1ba691e890f73b4a82d4.jpg,test/labels/image_115_png.rf.d70f1ebd074c1ba691e890f73b4a82d4.txt,
test,test/images/Muskmelon_-69-_jpg.rf.433f40673558869d0c2ca2f20bd366ce.jpg,test/labels/Muskmelon_-69-_jpg.rf.433f40673558869d0c2ca2f20bd366ce.txt,"muskmelon,pumpkin"
test,test/images/image5_png.rf.ba0dd78d38559619a6770d042a90eeb2.jpg,test/labels/image5_png.rf.ba0dd78d38559619a6770d042a90eeb2.txt,chickpea
test,test/images/image2_png.rf.b7ef6c67f9ee072aae4777f313c37c37.jpg,test/labels/image2_png.rf.b7ef6c67f9ee072aae4777f313c37c37.txt,chickpea
test,test/images/image15_jpg.rf.8957e44a4576c8d3ef88f8976ec3ae27.jpg,test/labels/image15_jpg.rf.8957e44a4576c8d3ef88f8976ec3ae27.txt,chickpea
test,test/images/image145_jpg.rf.c36aa1fa3b3a95ae694aa71fee782678.jpg,test/labels/image145_jpg.rf.c36aa1fa3b3a95ae694aa71fee782678.txt,chickpea
test,test/images/image65_png.rf.a09fdccb614a9f803b790ba5a262c00d.jpg,test/labels/image65_png.rf.a09fdccb614a9f803b790ba5a262c00d.txt,chickpea
test,test/images/IMG_20230316_151341_1_jpg.rf.5746c1af6e609e1fcfc8e47962f74131.jpg,test/labels/IMG_20230316_151341_1_jpg.rf.5746c1af6e609e1fcfc8e47962f74131.txt,
test,test/images/image_150_png.rf.21329663dd99a6c128dcbc4735856345.jpg,test/labels/image_150_png.rf.21329663dd99a6c128dcbc4735856345.txt,
test,test/images/chickpea192_jpg.rf.f3f992c345c8e2ed719c9e5235e39947.jpg,test/labels/chickpea192_jpg.rf.f3f992c345c8e2ed719c9e5235e39947.txt,chickpea
test,test/images/image59_png.rf.31bac2309f07e37ef378773b4ecb1a6c.jpg,test/labels/image59_png.rf.31bac2309f07e37ef378773b4ecb1a6c.txt,chickpea
test,test/images/image7_jpg.rf.71f55de1053784bad352bec0be5b3fef.jpg,test/labels/image7_jpg.rf.71f55de1053784bad352bec0be5b3fef.txt,chickpea
test,test/images/image5_png.rf.73ad01db096d975a93f3821622f5d3f8.jpg,test/labels/image5_png.rf.73ad01db096d975a93f3821622f5d3f8.txt,chickpea
test,test/images/image_117_png.rf.c7e673bb4550c0cbda09f9eca6175570.jpg,test/labels/image_117_png.rf.c7e673bb4550c0cbda09f9eca6175570.txt,chickpea
test,test/images/Muskmelon_-63-_jpg.rf.0cc672b393ab8d534e5e7bf46e0fcd29.jpg,test/labels/Muskmelon_-63-_jpg.rf.0cc672b393ab8d534e5e7bf46e0fcd29.txt,"muskmelon,pumpkin"
test,test/images/image46_png.rf.1b47d2b8be4b971dc6954487f8d62ad3.jpg,test/labels/image46_png.rf.1b47d2b8be4b971dc6954487f8d62ad3.txt,chickpea
test,test/images/IMG_20230316_124809_jpg.rf.c0d0d8b8ee09426c4537003f6a803dfd.jpg,test/labels/IMG_20230316_124809_jpg.rf.c0d0d8b8ee09426c4537003f6a803dfd.txt,
test,test/images/image133_jpg.rf.5e60652ebac727c0b0d1b5fc0c978c4a.jpg,test/labels/image133_jpg.rf.5e60652ebac727c0b0d1b5fc0c978c4a.txt,
test,test/images/image_171_png.rf.bb2fc53d31a0147fc45bb4b868f456f7.jpg,test/labels/image_171_png.rf.bb2fc53d31a0147fc45bb4b868f456f7.txt,chickpea
test,test/images/image23_jpg.rf.330d2c0c0f0ee5ff19e304687ed2fc46.jpg,test/labels/image23_jpg.rf.330d2c0c0f0ee5ff19e304687ed2fc46.txt,chickpea
test,test/images/image23_jpg.rf.ee35dff5e24003148c7a27b0408f7213.jpg,test/labels/image23_jpg.rf.ee35dff5e24003148c7a27b0408f7213.txt,chickpea
