canonical,alias
"Milk, whole, Cow",curd
"Milk, whole, Cow",dahi
"Milk, whole, Cow",yogurt
"Bengal gram, dal",besan
"Bengal gram, dal",chickpea flour
"Bengal gram, dal",gram flour
"Bengal gram, dal",chana dal
"Bengal gram, dal",split bengal gram
"Red gram, dal",toor dal
"Red gram, dal",arhar dal
"Red gram, dal",pigeon pea
"Black gram, dal",urad dal
"Black gram, dal",black gram
"Green gram, dal",moong dal
"Green gram, dal",green gram
"Lentil, dal",masoor dal
"Lentil, dal",red lentil
"Rice, flakes",poha
"Rice, flakes",flattened rice
"Wheat flour, atta",atta
"Wheat flour, atta",gehun ka atta
"Wheat flour, atta",wheat flour
"Wheat flour, refined",maida
Ragi,ragi
Ragi,finger millet
Bajra,bajra
Bajra,pearl millet
Jowar,jowar
Ghee,ghee
Ghee,clarified butter
Spinach,palak
Spinach,spinach
Fenugreek leaves,methi
Fenugreek leaves,fenugreek leaves
Coriander leaves,dhania
Coriander leaves,coriander leaves
Potato,aloo
Potato,potato
Onion,pyaz
Onion,onion
"Tomato, green",tamatar
"Tomato, green",tomato
"Ginger, fresh",adrak
"Ginger, fresh",ginger
Garlic,lehsun
Garlic,garlic
"Amaranth seed, black",moricha guti
"Amaranth seed, black",ramdana
"Amaranth seed, black",danthu beeja
"Amaranth seed, black",mawal
"Amaranth seed, black",cheera vithu
"Amaranth seed, black",chengkruk maru
"Amaranth seed, black",cavali biya
"Amaranth seed, black",kosala sag manji dhala
"Amaranth seed, black",chaulali beej
"Amaranth seed, black",keerai vidai
"Amaranth seed, black",thotakoora ginjalu.
"Amaranth seed, pale brown",moricha guti
"Amaranth seed, pale brown",rajagaro
"Amaranth seed, pale brown",ramdana
"Amaranth seed, pale brown",danthu beeja
"Amaranth seed, pale brown",mawal
"Amaranth seed, pale brown",cheera vithu
"Amaranth seed, pale brown",chengkruk maru
"Amaranth seed, pale brown",cavali biya
"Amaranth seed, pale brown",kosala sag maji kale
"Amaranth seed, pale brown",chaulali beej
"Amaranth seed, pale brown",keerai vidai
"Amaranth seed, pale brown",thotakoora ginjalu.
Bajra,", kash. baajra"
Bajra,bajri
Bajra,sajje
Bajra,krai
Bajra,kambam
Bajra,bajara
Bajra,kambu
Bajra,sajjalu
Bajra,bajra.
Barley,barli
Barley,jav
Barley,jau
Barley,wushke
Barley,krai
Barley,sath
Barley,jaba
Barley,jao
Barley,yava
Barley,baarli arisi
Barley,jau.
Jowar,sorghum
Jowar,jolada
Jowar,pingu
Jowar,krai
Jowar,irunku
Jowar,jondhahlaa
Jowar,janha
Jowar,javara
Jowar,cholam
Jowar,jonna
Jowar,jowar.
"Maize, dry",makoi
"Maize, dry",bhutta
"Maize, dry",corn
"Maize, dry",makai
"Maize, dry",makka
"Maize, dry",mekke jola
"Maize, dry",symbai riewhadem stem
"Maize, dry",maize
"Maize, dry",chujaak
"Maize, dry",maka
"Maize, dry",sukha makai
"Maize, dry",chhali
"Maize, dry",yaavanaala
"Maize, dry",makka cholam
"Maize, dry",mokkajonna
"Maize, dry",makai.
"Maize, tender, local",makoi
"Maize, tender, local",bhutta
"Maize, tender, local",corn
"Maize, tender, local",lili makai
"Maize, tender, local",makka
"Maize, tender, local",mekke jola
"Maize, tender, local",makai
"Maize, tender, local",riewhadem stem
"Maize, tender, local",maize
"Maize, tender, local",chujaak
"Maize, tender, local",maka
"Maize, tender, local",chhali
"Maize, tender, local",makka cholam
"Maize, tender, local",mokkajonna
"Maize, tender, local",makai.
"Maize, tender, sweet",makoi
"Maize, tender, sweet",bhutta
"Maize, tender, sweet",corn
"Maize, tender, sweet",lili makai
"Maize, tender, sweet",makka
"Maize, tender, sweet",mekke jola
"Maize, tender, sweet",makai
"Maize, tender, sweet",riewhadem lieh
"Maize, tender, sweet",maize
"Maize, tender, sweet",chujaak
"Maize, tender, sweet",maka
"Maize, tender, sweet",chhali
"Maize, tender, sweet",makka cholam
"Maize, tender, sweet",mokkajonna
"Maize, tender, sweet",makai.
Quinoa,kinwa
Quinoa,seemai thinai
Ragi,bavato
Ragi,bhakri
Ragi,ukrai
Ragi,panjapulle
Ragi,kodo
Ragi,mandia
Ragi,mandal
Ragi,madhulika
Ragi,kelvaragu
Ragi,mandwa.
"Rice, flakes","chira, chiura"
"Rice, flakes","chide, chira"
"Rice, flakes","flattened rice, beaten rice"
"Rice, flakes",paunva
"Rice, flakes",avalakki
"Rice, flakes",chevri
"Rice, flakes",shira
"Rice, flakes",aval
"Rice, flakes",chengpaak
"Rice, flakes",pohe
"Rice, flakes","chudaa, chuda"
"Rice, flakes",chirwre
"Rice, flakes","atukulu, attukulu."
"Rice, puffed",muri
"Rice, puffed",mamra
"Rice, puffed",muramure
"Rice, puffed",kalle puri
"Rice, puffed",tomul
"Rice, puffed",pori
"Rice, puffed",kabok mur
"Rice, puffed",chirmure
"Rice, puffed",murai
"Rice, puffed",mudhi
"Rice, puffed",phulian
"Rice, puffed",maramaralu
"Rice, puffed",murmure.
"Rice, raw, brown",matia rangar chaul
"Rice, raw, brown",whole grain rice
"Rice, raw, brown",kathai chokha
"Rice, raw, brown",chawal
"Rice, raw, brown",bhura choul
"Rice, raw, brown",tomul
"Rice, raw, brown",khaw saw
"Rice, raw, brown",kuthari
"Rice, raw, brown",cheng
"Rice, raw, brown",arisi
"Rice, raw, brown",dampudu biyyam.
"Rice, parboiled, milled",ukhua chaul
"Rice, parboiled, milled",siddha chowl
"Rice, parboiled, milled",converted rice
"Rice, parboiled, milled",bafela chokha
"Rice, parboiled, milled",usna chawal
"Rice, parboiled, milled",kusubalakki
"Rice, parboiled, milled",tomul
"Rice, parboiled, milled",khaw boil
"Rice, parboiled, milled",puzhungal ari
"Rice, parboiled, milled",cheng
"Rice, parboiled, milled",ukadla tandool
"Rice, parboiled, milled",usuna chaula
"Rice, parboiled, milled",biga hua chawal
"Rice, parboiled, milled",puzhungal arisi
"Rice, parboiled, milled",uppudu biyyam.
"Rice, raw, milled",milat khunda chaul
"Rice, raw, milled",chowl
"Rice, raw, milled",choka
"Rice, raw, milled",chawal
"Rice, raw, milled",akki
"Rice, raw, milled",tomul
"Rice, raw, milled",khaw boil
"Rice, raw, milled",cheng
"Rice, raw, milled",tondool
"Rice, raw, milled",chaula
"Rice, raw, milled",chaul
"Rice, raw, milled",arisi
"Rice, raw, milled",biyyam.
Samai,sama
Samai,little millet
Samai,kuri
Samai,shavan
Samai,ganuhaar
Samai,chama
Samai,sava
Samai,suan
Samai,swank
Samai,sama.
Varagu,konidhan
Varagu,syama dhan
Varagu,kodo millet
Varagu,ral gana
Varagu,priyangu thene
Varagu,snol
Varagu,thina
Varagu,rala
Varagu,kangni
Varagu,thinai
Varagu,karralu.
"Wheat flour, refined",moida
"Wheat flour, refined",maido
"Wheat flour, refined",oat
"Wheat flour, refined",maida mavu
"Wheat flour, refined",maida pindi
"Wheat flour, refined",maida.
"Wheat flour, atta",ata
"Wheat flour, atta",samagra gha
"Wheat flour, atta",sampurna godhi hittu
"Wheat flour, atta",oat unno lota ghaun no lot
"Wheat flour, atta",godhambu mavu
"Wheat flour, atta",kaneek
"Wheat flour, atta",gahama atta
"Wheat flour, atta",mulu godumai maavu
"Wheat flour, atta",sampurna godhuma pindi.
"Wheat, whole",ghehu
"Wheat, whole",gom
"Wheat, whole",ghaun
"Wheat, whole",gehun
"Wheat, whole",godhi
"Wheat, whole",kinek
"Wheat, whole",ukew
"Wheat, whole",godhumbu
"Wheat, whole",gehu
"Wheat, whole",gau
"Wheat, whole",gahama
"Wheat, whole",kanaka
"Wheat, whole",godhum
"Wheat, whole",godumai
"Wheat, whole",godhumalu
"Wheat, whole",gehun.
"Wheat, bulgur",dalia
"Wheat, bulgur","burghul, groats, durum wheat, pasta wheat, macaroni wheat"
"Wheat, bulgur",bulgur ghaum
"Wheat, bulgur",bulgur godhi
"Wheat, bulgur",kinek
"Wheat, bulgur",kew
"Wheat, bulgur",godhambu ravu
"Wheat, bulgur",bulgur gahu
"Wheat, bulgur",gau ko pitho
"Wheat, bulgur",godumai ravai
"Wheat, bulgur",bulgur
"Wheat, bulgur",dalia.
"Wheat, semolina",suji
"Wheat, semolina","durum wheat, pasta wheat, macaroni wheat"
"Wheat, semolina",ghaum soji
"Wheat, semolina",gehun suji
"Wheat, semolina",godhi rave
"Wheat, semolina",sooj
"Wheat, semolina",uppumavu
"Wheat, semolina",gahu rava
"Wheat, semolina",godumai ravai
"Wheat, semolina",godhuma rava.
"Wheat, vermicelli",sewai
"Wheat, vermicelli",semai
"Wheat, vermicelli",very thin pasta
"Wheat, vermicelli",ghaun ni sev
"Wheat, vermicelli",siwain
"Wheat, vermicelli",shevige
"Wheat, vermicelli",sewian
"Wheat, vermicelli",sewai lieh
"Wheat, vermicelli",semiya
"Wheat, vermicelli",simai
"Wheat, vermicelli",sevian
"Wheat, vermicelli",semiya.
"Wheat, vermicelli, roasted",gom sewai
"Wheat, vermicelli, roasted",semai
"Wheat, vermicelli, roasted",very thin pasta
"Wheat, vermicelli, roasted",ghaun ni shekeli sev
"Wheat, vermicelli, roasted",siwain
"Wheat, vermicelli, roasted",shevige
"Wheat, vermicelli, roasted",sewian
"Wheat, vermicelli, roasted",sewai saw
"Wheat, vermicelli, roasted",semiya
"Wheat, vermicelli, roasted",simai
"Wheat, vermicelli, roasted",bhooni sevian
"Wheat, vermicelli, roasted",semiya.
"Bengal gram, dal",boot dail
"Bengal gram, dal",cholar dal
"Bengal gram, dal","split bengal gram, chickpea"
"Bengal gram, dal",chana-ni-daad
"Bengal gram, dal",chan-ki-dal
"Bengal gram, dal",kadale bele
"Bengal gram, dal",chanu dal
"Bengal gram, dal",dai shana
"Bengal gram, dal",kadala parippu
"Bengal gram, dal",chana tangkhai
"Bengal gram, dal",harabara dal
"Bengal gram, dal",chana ko dal
"Bengal gram, dal",channa dali (buta dali)
"Bengal gram, dal",sholedi dal
"Bengal gram, dal",kadalaiparuppu
"Bengal gram, dal",sanaga papu
"Bengal gram, dal",chane ki dal.
"Bengal gram, whole",boot
"Bengal gram, whole",chola
"Bengal gram, whole",chickpea
"Bengal gram, whole",chana
"Bengal gram, whole","chana, kala chana"
"Bengal gram, whole",kadale
"Bengal gram, whole",chanu
"Bengal gram, whole",shana kulai
"Bengal gram, whole",kadala
"Bengal gram, whole",harbara
"Bengal gram, whole",chana mapum
"Bengal gram, whole",kabuli chana
"Bengal gram, whole",buta
"Bengal gram, whole",shole
"Bengal gram, whole",chanak
"Bengal gram, whole",kondaikadalai
"Bengal gram, whole",sanagalu
"Bengal gram, whole",chana.
"Black gram, dal",matir dail phola
"Black gram, dal",biulir dal
"Black gram, dal","urad bean, mungo bean, black matpe bean"
"Black gram, dal",aadad ni daad
"Black gram, dal",uddhina bele
"Black gram, dal",kaha
"Black gram, dal",uzhunnu parippu
"Black gram, dal",sagol hawai tangkhai
"Black gram, dal",uddachi dal
"Black gram, dal",maas ko dal
"Black gram, dal","birri dali, biri dali"
"Black gram, dal",maa ki daal
"Black gram, dal",maassa
"Black gram, dal",ulutham paruppu
"Black gram, dal",minapa pappu
"Black gram, dal",mash ki dal.
"Black gram, whole",gota mati mah
"Black gram, whole",mashkolail
"Black gram, whole","urad bean, mungo bean, black matpe bean"
"Black gram, whole",adad
"Black gram, whole",chhilke wali urad dal
"Black gram, whole",uddhina bele
"Black gram, whole",kaha
"Black gram, whole",dai iong
"Black gram, whole",uzhunu
"Black gram, whole",sagol hawai
"Black gram, whole",uddachi dal
"Black gram, whole","birri, biri"
"Black gram, whole",sabut maa ki daal
"Black gram, whole",ulundhu
"Black gram, whole",minumulu mapum
"Cowpea, brown",lesera mahor guti
"Cowpea, brown",barbati
"Cowpea, brown","black eyed peas, lobia peas"
"Cowpea, brown",chorap
"Cowpea, brown",lobia
"Cowpea, brown",alasande
"Cowpea, brown",rymbai
"Cowpea, brown",vella payaru
"Cowpea, brown",pong hawai
"Cowpea, brown",chavli
"Cowpea, brown",bodi
"Cowpea, brown",jhudunga
"Cowpea, brown",raajamaassa
"Cowpea, brown",karamani
"Cowpea, brown",bobbarlu
"Cowpea, brown",baunir.
"Cowpea, white",lesera mahor guti
"Cowpea, white",barbati
"Cowpea, white","black eyed peas, lobia peas"
"Cowpea, white",chorap
"Cowpea, white",lobia
"Cowpea, white",alasande
"Cowpea, white",rymbai lieh
"Cowpea, white",vella payaru
"Cowpea, white",pong hawai
"Cowpea, white",chavli
"Cowpea, white",bodi
"Cowpea, white",jhudunga
"Cowpea, white",raajamaassa
"Cowpea, white",karamani
"Cowpea, white",bobbarlu
"Cowpea, white",baunir.
"Field bean, black",urohi guti
"Field bean, black",shim
"Field bean, black","common bean, fieldbean, broad bean, string bean"
"Field bean, black",valpapdi
"Field bean, black",sem
"Field bean, black",avare
"Field bean, black",moang
"Field bean, black",symbai ri iong
"Field bean, black",avar
"Field bean, black",papta
"Field bean, black",baragudi
"Field bean, black",sem dal
"Field bean, black",mochai
"Field bean, black",chikkudu ginjalu.
"Field bean, brown",urohi guti
"Field bean, brown",shim
"Field bean, brown","common bean, fieldbean, broad bean, string bean"
"Field bean, brown",valpapdi
"Field bean, brown",sem
"Field bean, brown",avare
"Field bean, brown",moang
"Field bean, brown",symbai ri saw
"Field bean, brown",avar
"Field bean, brown",papta
"Field bean, brown",baragudi
"Field bean, brown",mochai
"Field bean, brown",chikkudu ginjalu.
"Field bean, white",urohi guti
"Field bean, white",shim
"Field bean, white","common bean, fieldbean, broad bean, string bean"
"Field bean, white",valpapdi
"Field bean, white",sem
"Field bean, white",avare
"Field bean, white",moang
"Field bean, white",symbai ri lieh
"Field bean, white",avar
"Field bean, white",papta
"Field bean, white",baragudi
"Field bean, white",mochai
"Field bean, white",chikkudu ginjalu.
"Green gram, dal",dhua mogu dail
"Green gram, dal",mung dal
"Green gram, dal","mung bean, maash, moong"
"Green gram, dal",mug ni daad
"Green gram, dal",mug dal
"Green gram, dal",hesara bele
"Green gram, dal",muang dal
"Green gram, dal",u dai stem
"Green gram, dal",cheru payar parippu
"Green gram, dal",mung hawai
"Green gram, dal",moong ko khoste
"Green gram, dal",muga dali
"Green gram, dal",mungi-di-dal
"Green gram, dal",payatham paruppu
"Green gram, dal",pesara pappu
"Green gram, dal",moong dal.
"Green gram, whole",gota mogu mah
"Green gram, whole",moog
"Green gram, whole","mung bean, maash, moong"
"Green gram, whole",mug
"Green gram, whole",mung
"Green gram, whole",hesare kalu
"Green gram, whole",muang
"Green gram, whole",u dai jyrngam
"Green gram, whole",cheru pararu
"Green gram, whole",mung hawai
"Green gram, whole",mun
"Green gram, whole",moong
"Green gram, whole",muga
"Green gram, whole",sabut moong dal
"Green gram, whole",mudra
"Green gram, whole",pasipayir
"Green gram, whole",pesalu
"Green gram, whole",moong.
"Horse gram, whole",kulotto- kalai
"Horse gram, whole","kulthi bean, hurali, madras gram"
"Horse gram, whole",kuleeth
"Horse gram, whole",kulthi
"Horse gram, whole",hurule
"Horse gram, whole",kurath
"Horse gram, whole",muthira
"Horse gram, whole",bakulla
"Horse gram, whole",kolatha
"Horse gram, whole",kulattha
"Horse gram, whole",kollu
"Horse gram, whole",ulavalu
"Horse gram, whole",kulthi.
"Lentil, dal",masur dail
"Lentil, dal",mosur dal
"Lentil, dal",masoor ni daad
"Lentil, dal",laki bele
"Lentil, dal",masoor
"Lentil, dal",u dai saw
"Lentil, dal",vattu parippu
"Lentil, dal",hawai masuri
"Lentil, dal",lank dal
"Lentil, dal",masura dali
"Lentil, dal",dhooli masari dal
"Lentil, dal",triputta
"Lentil, dal",khesari paruppu
"Lentil, dal",lanka pappu.
"Lentil, whole, brown",gota masur mah
"Lentil, whole, brown",mosur
"Lentil, whole, brown",masoor (kathai)
"Lentil, whole, brown",masur dal
"Lentil, whole, brown",masur bele
"Lentil, whole, brown",masoor
"Lentil, whole, brown",masur parippu
"Lentil, whole, brown",hawai masuri
"Lentil, whole, brown",musuroo
"Lentil, whole, brown",masura
"Lentil, whole, brown",saboot masari dal
"Lentil, whole, brown",mysore paruppu
"Lentil, whole, brown",misur pappu
"Lentil, whole, brown",masur dal.
"Lentil, whole, yellowish",masur dal
"Lentil, whole, yellowish",misur pappu
"Lentil, whole, yellowish",mysore paruppu
"Lentil, whole, yellowish",masur bele
"Lentil, whole, yellowish",masur parippu
"Lentil, whole, yellowish",masura
"Lentil, whole, yellowish",mosur
"Lentil, whole, yellowish",masoor rakhoda
"Lentil, whole, yellowish",saboot masari dal
"Lentil, whole, yellowish",mosur (dail)
"Lentil, whole, yellowish",masoor
"Lentil, whole, yellowish",masura musuroo
"Lentil, whole, yellowish",hawai masuri
"Lentil, whole, yellowish",u dai saw.
Moth bean,"mat bean, turkish gram, dew bean"
Moth bean,motha
Moth bean,narippayir
Moth bean,matki kal
Moth bean,matki
Moth bean,kheri
Moth bean,math
Moth bean,bhiopnitam
Moth bean,moth dal
Moth bean,rymbai.
"Peas, dry",gota motor
"Peas, dry",matar
"Peas, dry",sukha vatana
"Peas, dry",sukhi matar
"Peas, dry",batani
"Peas, dry",kaza
"Peas, dry",shana mator
"Peas, dry",pattani
"Peas, dry",matara
"Peas, dry",sukhe hare matar dal
"Peas, dry",", tel. batani"
"Peas, dry",kara
"Peas, dry",hawai mangal.
"Rajmah, black",rajmah
"Rajmah, black",barbati beej
"Rajmah, black","rajma, razma"
"Rajmah, black",phansi (kadi)
"Rajmah, black",thugare bele
"Rajmah, black",razma
"Rajmah, black",rajma heh
"Rajmah, black",shravangheveda
"Rajmah, black",rajma
"Rajmah, black",kale rajmah
"Rajmah, black",makussttaka
"Rajmah, black",karamani payir
"Rajmah, black",barigalu
"Rajmah, black",rajma.
"Rajmah, brown",rajmah
"Rajmah, brown",barbati beej
"Rajmah, brown","rajma, razma"
"Rajmah, brown",phansi (gulabi)
"Rajmah, brown",thugare bele
"Rajmah, brown",razma
"Rajmah, brown",rajma lieh
"Rajmah, brown",shravangheveda
"Rajmah, brown",rajma
"Rajmah, brown",bhoore rajmah
"Rajmah, brown",makussttaka
"Rajmah, brown",karamani payir
"Rajmah, brown",barigalu
"Rajmah, brown",rajma.
"Rajmah, red",rajmah
"Rajmah, red",barbati beej
"Rajmah, red","rajma, razma"
"Rajmah, red",phansi (lal)
"Rajmah, red",thugare bele
"Rajmah, red",razma
"Rajmah, red",rajma rit
"Rajmah, red",shravangheveda
"Rajmah, red",rajma
"Rajmah, red",lal rajmah
"Rajmah, red",makussttaka
"Rajmah, red",karamani payir
"Rajmah, red",barigalu
"Rajmah, red",rajma.
"Red gram, dal",rohor dail
"Red gram, dal",", kash., h. arhar dal"
"Red gram, dal",tuver ni daad
"Red gram, dal",thugare bele
"Red gram, dal",masur
"Red gram, dal",dai shana
"Red gram, dal",tuvaru parippu
"Red gram, dal",mairongbi
"Red gram, dal",turdal
"Red gram, dal",rahar ko dal
"Red gram, dal",harada dal
"Red gram, dal",aaddhakii
"Red gram, dal",kandi pappu
"Red gram, dal",tuvaramparuppu
"Red gram, dal",tuvar ki dal.
"Red gram, whole",gota rohor
"Red gram, whole",pigeon pea
"Red gram, whole",tuver
"Red gram, whole",arhar sabud
"Red gram, whole",masur
"Red gram, whole",rymbai ja
"Red gram, whole",tuvaru parippu
"Red gram, whole",mairongbi
"Red gram, whole",turdal
"Red gram, whole",harada
"Red gram, whole",arhar sabut dal
"Red gram, whole",tuvarai
"Red gram, whole",kandulu
"Red gram, whole",tuvar.
Ricebean,galmoong
Ricebean,meth
Ricebean,rymbai ja
Ricebean,kattuzhunnu
Ricebean,chakwai
Ricebean,shiltong.
"Soya bean, brown",soya bean
"Soya bean, brown",garikalai
"Soya bean, brown",soybean
"Soya bean, brown",bhatmas
"Soya bean, brown",muth
"Soya bean, brown",toh rymbai
"Soya bean, brown",nunghawai
"Soya bean, brown",soya bean dal
"Soya bean, brown",soya.
"Soya bean, white",soya bean
"Soya bean, white",garikalai
"Soya bean, white",soybean
"Soya bean, white",bhatmas
"Soya bean, white",muth
"Soya bean, white",toh rymbai
"Soya bean, white",nunghawai
"Soya bean, white",soya bean dal
"Soya bean, white",soya.
Agathi leaves,bok phular paat
Agathi leaves,bak ful shak
Agathi leaves,"august tree leaves, humming bird tree leaves, spinach"
Agathi leaves,agathio
Agathi leaves,agasthi
Agathi leaves,agase soppu
Agathi leaves,agathi cheera
Agathi leaves,chu chu rangmei
Agathi leaves,agasthi ka sag
Agathi leaves,agasti
Agathi leaves,agathi keerai
Agathi leaves,avise akulu.
"Amaranth leaves, green",moricha sak
"Amaranth leaves, green",notya shaakh
"Amaranth leaves, green",taldalja ni bhaaji
"Amaranth leaves, green",chaulai
"Amaranth leaves, green",danthu
"Amaranth leaves, green",mawal
"Amaranth leaves, green",cheera
"Amaranth leaves, green",chengkruk
"Amaranth leaves, green",math
"Amaranth leaves, green",latte to saag
"Amaranth leaves, green",neutia sag
"Amaranth leaves, green",chaulai sag
"Amaranth leaves, green",maarissa
"Amaranth leaves, green",thandu keerai
"Amaranth leaves, green",thotakoora
"Amaranth leaves, green",cholai.
"Amaranth leaves, red",moricha
"Amaranth leaves, red",lal shaakh
"Amaranth leaves, red",lal tandaljo
"Amaranth leaves, red",chaulai
"Amaranth leaves, red",danthu
"Amaranth leaves, red",mawal
"Amaranth leaves, red",cheera
"Amaranth leaves, red",chengkruk
"Amaranth leaves, red",math
"Amaranth leaves, red",latte to saag
"Amaranth leaves, red",neutia sag
"Amaranth leaves, red",lal chaulai sag
"Amaranth leaves, red",maarissa
"Amaranth leaves, red",thotakoora
"Amaranth leaves, red",thandu keerai
"Amaranth leaves, red",cholai.
"Amaranth leaves, red and green",moricha
"Amaranth leaves, red and green",notya shaakh
"Amaranth leaves, red and green",tandaljo
"Amaranth leaves, red and green",chaulai
"Amaranth leaves, red and green",danthu
"Amaranth leaves, red and green",mawal
"Amaranth leaves, red and green",cheera
"Amaranth leaves, red and green",chengkruk
"Amaranth leaves, red and green",math
"Amaranth leaves, red and green",latte to saag
"Amaranth leaves, red and green",neutia sag
"Amaranth leaves, red and green",chaulai sag
"Amaranth leaves, red and green",maarissa
"Amaranth leaves, red and green",thandu keerai
"Amaranth leaves, red and green",thotakoora
"Amaranth leaves, red and green",cholai.
"Amaranth, spinous, leaves, green",moricha sak
"Amaranth, spinous, leaves, green",kanta-notya
"Amaranth, spinous, leaves, green",kanta vado tandaljo
"Amaranth, spinous, leaves, green",kantewali-notya
"Amaranth, spinous, leaves, green",mulla danthu
"Amaranth, spinous, leaves, green",mawal
"Amaranth, spinous, leaves, green",mullancheru- cheera
"Amaranth, spinous, leaves, green",chengkruk
"Amaranth, spinous, leaves, green",kantemanth
"Amaranth, spinous, leaves, green",kanta notay shak
"Amaranth, spinous, leaves, green",kantewali chaulai
"Amaranth, spinous, leaves, green",mulaikeerai
"Amaranth, spinous, leaves, green",mulla thotakura.
"Amaranth, spinous, leaves, red and green",kanta-notya shaak
"Amaranth, spinous, leaves, red and green",kanta vado tandaljo
"Amaranth, spinous, leaves, red and green",kantewali-notya
"Amaranth, spinous, leaves, red and green",mulla danthu
"Amaranth, spinous, leaves, red and green",mawal
"Amaranth, spinous, leaves, red and green",sla longmar
"Amaranth, spinous, leaves, red and green",mullancheru-cheera
"Amaranth, spinous, leaves, red and green",chengkruk
"Amaranth, spinous, leaves, red and green",kantemanth
"Amaranth, spinous, leaves, red and green",kanta neutia sag
"Amaranth, spinous, leaves, red and green",kantewali chaulai
"Amaranth, spinous, leaves, red and green",mulakeerai
"Amaranth, spinous, leaves, red and green",mulla thotakura.
Basella leaves,puroi sak
Basella leaves,pui shaak
Basella leaves,malabar spinach
Basella leaves,poi ni bhaji
Basella leaves,palak
Basella leaves,basale soppu
Basella leaves,sla palong dkhar
Basella leaves,vallicheera
Basella leaves,mayalu
Basella leaves,poi saaga
Basella leaves,paalak
Basella leaves,kodippasali
Basella leaves,bachhali.
Bathua leaves,jilmil sak
Bathua leaves,beto sak
Bathua leaves,chilni bhaji
Bathua leaves,bathua sagu
Bathua leaves,sakothina soppu
Bathua leaves,ushtahak
Bathua leaves,sla jada
Bathua leaves,parippuchira
Bathua leaves,monsaobi
Bathua leaves,chakavath
Bathua leaves,bethe ko saag
Bathua leaves,bathua sag
Bathua leaves,bathu sag
Bathua leaves,pappukura
Bathua leaves,paruppukkeerai.
Beetroot leaves,beetar sak
Beetroot leaves,beet greens
Beetroot leaves,beet ni bhaji
Beetroot leaves,chukandhar sag
Beetroot leaves,beet root soppu
Beetroot leaves,chogander munji
Beetroot leaves,sla bit
Beetroot leaves,beet root cheera
Beetroot leaves,beet root ka sag
Beetroot leaves,bengali palungo ko saag
Beetroot leaves,chukandhar da sag
Beetroot leaves,beet root keerai
Beetroot leaves,beet root
Beetroot leaves,beet patta.
"Betel leaves, big (kolkata)",paan
"Betel leaves, big (kolkata)",pan
"Betel leaves, big (kolkata)",nagarvelna pan
"Betel leaves, big (kolkata)",pan ka patha
"Betel leaves, big (kolkata)",kadale soppu
"Betel leaves, big (kolkata)",tympew dkhar
"Betel leaves, big (kolkata)",vettiiai
"Betel leaves, big (kolkata)",kwa mana
"Betel leaves, big (kolkata)",pan-ka-patta
"Betel leaves, big (kolkata)",pana
"Betel leaves, big (kolkata)",pan-da-patta
"Betel leaves, big (kolkata)",vetrilai
"Betel leaves, big (kolkata)",thamala paku
"Betel leaves, big (kolkata)",paan ka patta.
"Betel leaves, small",paan
"Betel leaves, small",pan
"Betel leaves, small",nagarvelna pan
"Betel leaves, small",pan ka patha
"Betel leaves, small",kadale soppu
"Betel leaves, small",tympew
"Betel leaves, small",vettiiai
"Betel leaves, small",kwa mana
"Betel leaves, small",pan-ka-patta
"Betel leaves, small",pana
"Betel leaves, small",pan-da-patta
"Betel leaves, small",thamala paku
"Betel leaves, small",vetrilai
"Betel leaves, small",paan ka patta.
Brussels sprouts,biliti bandhakopi
Brussels sprouts,nani kobi
Brussels sprouts,choote gobi
Brussels sprouts,mara kosu
Brussels sprouts,haakh
Brussels sprouts,kalakose
Brussels sprouts,chotee gobi
Brussels sprouts,chota bandha
Brussels sprouts,chooti band gobi
Brussels sprouts,kalaikose
Brussels sprouts,chinna cabbage
Brussels sprouts,choti bund gobh.
"Cabbage, Chinese",china lai
"Cabbage, Chinese",chinese kobi
"Cabbage, Chinese",bandh
"Cabbage, Chinese",salat chaina.
"Cabbage, collard greens",kobi na pan
"Cabbage, collard greens",bandh
"Cabbage, collard greens",sla kubi
"Cabbage, collard greens",seemai parattai keerai.
"Cabbage, green",bondhakobi
"Cabbage, green",badha kopi
"Cabbage, green",lili kobi
"Cabbage, green",bandh gobi
"Cabbage, green",kosu
"Cabbage, green",kubi
"Cabbage, green",muttu gose
"Cabbage, green",kobi mana
"Cabbage, green",kobi
"Cabbage, green",banda kovi
"Cabbage, green",bandha kobi
"Cabbage, green",patta gobhi
"Cabbage, green",shaakaprabhedah
"Cabbage, green",gos koora
"Cabbage, green",muttaikose
"Cabbage, green",gobhi.
"Cabbage, violet",bondhakobi
"Cabbage, violet",badha kopi
"Cabbage, violet","red cabbage, purple cabbage, red kraut, blur kraut"
"Cabbage, violet",lal kobi
"Cabbage, violet",bandh gobi
"Cabbage, violet",kosu
"Cabbage, violet",kubi saw
"Cabbage, violet",muttu gose
"Cabbage, violet",kobi
"Cabbage, violet",banda kovi
"Cabbage, violet",bandha kopee
"Cabbage, violet",patta gobhi
"Cabbage, violet",shaakaprabhedah
"Cabbage, violet",muttaikose
"Cabbage, violet",gos koora
"Cabbage, violet",gobhi.
Cauliflower leaves,phul kobir pat
Cauliflower leaves,phul gopi pata
Cauliflower leaves,fulawar na pan
Cauliflower leaves,phul gobi patta
Cauliflower leaves,hukosu
Cauliflower leaves,phoolgobi panwathir
Cauliflower leaves,sla phul
Cauliflower leaves,cauliflower
Cauliflower leaves,kobithamchetmai mana
Cauliflower leaves,phul gobi
Cauliflower leaves,kauli
Cauliflower leaves,phula kobi patra
Cauliflower leaves,phool gobi di patte
Cauliflower leaves,gojihvaa
Cauliflower leaves,pookosu keerai
Cauliflower leaves,go puvvu
Cauliflower leaves,phul gobi.
"Colocasia leaves, green",kasu sak
"Colocasia leaves, green",kochu pata
"Colocasia leaves, green",advi na pan
"Colocasia leaves, green",arvi ka sag
"Colocasia leaves, green",shamangadda yele
"Colocasia leaves, green",sla wang
"Colocasia leaves, green",chembu ilagal
"Colocasia leaves, green",paan mana
"Colocasia leaves, green",alu pan
"Colocasia leaves, green",karkalo
"Colocasia leaves, green",saru saga
"Colocasia leaves, green",arbi-di-patte
"Colocasia leaves, green",seppam ilaigal
"Colocasia leaves, green",chama akulu
"Colocasia leaves, green",arvi ka patta.
Drumstick leaves,sajina paat
Drumstick leaves,sajna pata
Drumstick leaves,"horseradish leaves, benzoil leaves"
Drumstick leaves,saragwa na pan
Drumstick leaves,saijan patta
Drumstick leaves,nuggeyele
Drumstick leaves,muringa ela
Drumstick leaves,sajana mana
Drumstick leaves,shevaga pan
Drumstick leaves,sajna sag
Drumstick leaves,soanjhna da patta
Drumstick leaves,murungai keerai
Drumstick leaves,mulaga akulu
Drumstick leaves,sujineki palli.
Fenugreek leaves,methi paat
Fenugreek leaves,methi shak
Fenugreek leaves,methi pandada
Fenugreek leaves,methi sag
Fenugreek leaves,menthya soppu
Fenugreek leaves,kasori methi
Fenugreek leaves,sla methi
Fenugreek leaves,uluva ila
Fenugreek leaves,methi man
Fenugreek leaves,methi pata
Fenugreek leaves,methi di patte
Fenugreek leaves,menthikoora
Fenugreek leaves,vendhaiya keerai
Fenugreek leaves,methi.
Garden cress,bor manimuni
Garden cress,halim sag
Garden cress,asadio na pan
Garden cress,halim ka patta
Garden cress,allibija soppu
Garden cress,halyun
Garden cress,khliang syiar
Garden cress,alivirai cheera
Garden cress,ahiva ka patta
Garden cress,chamsoor ko saag
Garden cress,kakharu saga
Garden cress,halim-da-sag
Garden cress,alivirai keerai
Garden cress,adityala akulu.
"Gogu leaves, green stem",tengamora
"Gogu leaves, green stem",mestapat
"Gogu leaves, green stem",roselle leaves
"Gogu leaves, green stem",ambadi
"Gogu leaves, green stem",pitwa
"Gogu leaves, green stem",pundi
"Gogu leaves, green stem",sla jajew jyrngam
"Gogu leaves, green stem",pulichai cheera
"Gogu leaves, green stem",sougri mana
"Gogu leaves, green stem",nalite saga
"Gogu leaves, green stem",pitwa sag
"Gogu leaves, green stem",pulichchai keerai
"Gogu leaves, green stem",gongura
"Gogu leaves, green stem",ambada ki bhaji.
"Gogu leaves, red stem",tengamora
"Gogu leaves, red stem",mestapat
"Gogu leaves, red stem",roselle leaves
"Gogu leaves, red stem",ambadi
"Gogu leaves, red stem",pitwa
"Gogu leaves, red stem",pundi
"Gogu leaves, red stem",sla jajew saw
"Gogu leaves, red stem",pulichai cheera
"Gogu leaves, red stem",sougri mana
"Gogu leaves, red stem",nalite saga
"Gogu leaves, red stem",pitwa sag
"Gogu leaves, red stem",pulichchai keerai
"Gogu leaves, red stem",gongura
"Gogu leaves, red stem",ambada ki bhaji.
"Knol-Khol, leaves",ool kobi
"Knol-Khol, leaves",olkopi sag
"Knol-Khol, leaves","knol knol, kohlrabi, wild cabbage greens"
"Knol-Khol, leaves",gath kobi na pan
"Knol-Khol, leaves",ganth gobi ka sag
"Knol-Khol, leaves",gedde kosu
"Knol-Khol, leaves",hakh monji
"Knol-Khol, leaves",phan kubi
"Knol-Khol, leaves",knol-khol cheera
"Knol-Khol, leaves",kobi maru kabi
"Knol-Khol, leaves",nol khol ka patta
"Knol-Khol, leaves",salgam ko saag
"Knol-Khol, leaves",ulgobi saga
"Knol-Khol, leaves",ganth gobi sag
"Knol-Khol, leaves",knol-khol keerai
"Knol-Khol, leaves",knol-khol akulu.
Lettuce,salad paat
Lettuce,lettuce na pan
Lettuce,salad ka patta
Lettuce,lettuce soppu
Lettuce,hakh
Lettuce,salat dkhar
Lettuce,lettuce cheera
Lettuce,lettuce ka patta
Lettuce,saalad ko paat
Lettuce,salada sag
Lettuce,ilaikosu
Lettuce,kavu akulu
Lettuce,kismisaag.
Mustard leaves,horiyo paat
Mustard leaves,sorisa sag
Mustard leaves,mustard greens
Mustard leaves,sarasava pandada
Mustard leaves,sarson ka sag
Mustard leaves,sasuve yele
Mustard leaves,hakh
Mustard leaves,tyrso
Mustard leaves,kadugu ila
Mustard leaves,hangaam
Mustard leaves,mochari-chi pan
Mustard leaves,raayo ko saag
Mustard leaves,sarson ka saga
Mustard leaves,saro da sag
Mustard leaves,kadugu ilai
Mustard leaves,ava akulu
Mustard leaves,sarson ki patta.
Pak Choi leaves,"bok choy, horse`s ear, chinese celery cabbage, white mustard cabbage"
Pak Choi leaves,pak choi na pan.
Parsley,sugandhi lota
Parsley,garden parsley
Parsley,leela dhana
Parsley,seema malli
Parsley,kothimbir/dhane
Parsley,verkosu
Parsley,auchumooda
Parsley,ajmod
Parsley,parsley.
Ponnaganni,matikaduri
Ponnaganni,khanchari
Ponnaganni,saranthi na pan
Ponnaganni,saranthi sag
Ponnaganni,honagone soppu
Ponnaganni,ponnaganni cheera
Ponnaganni,phakchet
Ponnaganni,madarangh
Ponnaganni,ponnaganni keerai
Ponnaganni,ponnaganti koora
Ponnaganni,kunte ki bhaji.
"Pumpkin leaves, tender",rongalao paat
"Pumpkin leaves, tender",kumra shak
"Pumpkin leaves, tender",kolam na pan
"Pumpkin leaves, tender",kumhra sag
"Pumpkin leaves, tender",kumbale soppu
"Pumpkin leaves, tender",aal kaniji
"Pumpkin leaves, tender",sla pathaw
"Pumpkin leaves, tender",manthan elakai
"Pumpkin leaves, tender",mairen mana
"Pumpkin leaves, tender",bhopla chipan
"Pumpkin leaves, tender",khakaru saga
"Pumpkin leaves, tender",petha de pate
"Pumpkin leaves, tender",gummadi akulu
"Pumpkin leaves, tender",parangi ilai
"Pumpkin leaves, tender",kaddu ka patta.
Radish leaves,dherua
Radish leaves,mulo shak
Radish leaves,muda na pan
Radish leaves,muli ka sag
Radish leaves,mullangi soppu
Radish leaves,mooji hakh
Radish leaves,sla muli
Radish leaves,mullangi ilaigal
Radish leaves,hangham mula
Radish leaves,mula ka sag
Radish leaves,moolaa ko saag
Radish leaves,muli di patte
Radish leaves,mullangi akulu
Radish leaves,mullangi ilai
Radish leaves,muli ka patta..
Rumex leaves,suka sak
Rumex leaves,bun palung
Rumex leaves,ambada (sorrel)
Rumex leaves,chukki soppu
Rumex leaves,amlavetasa
Rumex leaves,tukhm hummaz.
Spinach,paleng
Spinach,palong shak
Spinach,palak ni bhaji
Spinach,spinak soppu
Spinach,palong heh
Spinach,basala cheera
Spinach,paalungo ko saag
Spinach,palang sag
Spinach,paalakya
Spinach,pasalai keerai
Spinach,palakoora
Spinach,palak.
"Tamarind leaves, tender",tetul pata
"Tamarind leaves, tender",amli na pan
"Tamarind leaves, tender",", p. imli patte"
"Tamarind leaves, tender",hunise chiguru
"Tamarind leaves, tender",", tam. puliam ilaigal"
"Tamarind leaves, tender",chinchecha pala
"Tamarind leaves, tender",tentuli
"Tamarind leaves, tender",chinta chiguru
"Tamarind leaves, tender",teteli paat
"Tamarind leaves, tender",mange mana
"Tamarind leaves, tender",sla sohkyntoi.
Ash gourd,kumura
Ash gourd,chalkumra
Ash gourd,"wax gourd, white gourd, winter gourd, tallow gourd, ash pumpkin, winter melon, chinese preserving melon"
Ash gourd,bhuru kodu
Ash gourd,petha
Ash gourd,budagumbala
Ash gourd,aal
Ash gourd,pathaw iiwbih
Ash gourd,kumbalanga
Ash gourd,torbot
Ash gourd,kohala
Ash gourd,kubhindo
Ash gourd,panikakharu
Ash gourd,venpoosani
Ash gourd,boodida gummadi
Ash gourd,peta.
"Bamboo shoot, tender",bahgaj
"Bamboo shoot, tender",bansber ankur
"Bamboo shoot, tender",bamboo sprouts
"Bamboo shoot, tender",lilo vans
"Bamboo shoot, tender",baans
"Bamboo shoot, tender","baimbale, kanile"
"Bamboo shoot, tender",ka lung siej
"Bamboo shoot, tender",mulankoombu
"Bamboo shoot, tender",soidon
"Bamboo shoot, tender",kalkipan
"Bamboo shoot, tender",bhet ki lakdi
"Bamboo shoot, tender",moongil kuruthu
"Bamboo shoot, tender",veduru chiguru
"Bamboo shoot, tender",bhet ki lakdi.
"Bean scarlet, tender",lesera mah
"Bean scarlet, tender","runner bean, scarlet runner bean, multiflora bean"
"Bean scarlet, tender",chodi
"Bean scarlet, tender",sem
"Bean scarlet, tender",hyambi
"Bean scarlet, tender",u buri
"Bean scarlet, tender",hawai ashaangbi
"Bean scarlet, tender",sem fali.
"Bitter gourd, jagged, teeth ridges, elongate",kerela
"Bitter gourd, jagged, teeth ridges, elongate",korola
"Bitter gourd, jagged, teeth ridges, elongate","bitter melon, bitter squash, balsam pear"
"Bitter gourd, jagged, teeth ridges, elongate",karela
"Bitter gourd, jagged, teeth ridges, elongate",hagal kai
"Bitter gourd, jagged, teeth ridges, elongate",kerela heh
"Bitter gourd, jagged, teeth ridges, elongate",kaippakka
"Bitter gourd, jagged, teeth ridges, elongate",karon akhabi
"Bitter gourd, jagged, teeth ridges, elongate",karle
"Bitter gourd, jagged, teeth ridges, elongate",tite karela
"Bitter gourd, jagged, teeth ridges, elongate",kalara
"Bitter gourd, jagged, teeth ridges, elongate",tillikaa
"Bitter gourd, jagged, teeth ridges, elongate",kakara kaya
"Bitter gourd, jagged, teeth ridges, elongate",paavakkai
"Bitter gourd, jagged, teeth ridges, elongate",karela.
"Bitter gourd, jagged, teeth ridges, short",kerela
"Bitter gourd, jagged, teeth ridges, short",uchhe
"Bitter gourd, jagged, teeth ridges, short","bitter melon, bitter squash, balsam pear"
"Bitter gourd, jagged, teeth ridges, short",marela
"Bitter gourd, jagged, teeth ridges, short",karela
"Bitter gourd, jagged, teeth ridges, short",hagal kai
"Bitter gourd, jagged, teeth ridges, short",kerela rit
"Bitter gourd, jagged, teeth ridges, short",kaippakka
"Bitter gourd, jagged, teeth ridges, short",karon akhabi
"Bitter gourd, jagged, teeth ridges, short",karle
"Bitter gourd, jagged, teeth ridges, short",tite karela
"Bitter gourd, jagged, teeth ridges, short",kalara
"Bitter gourd, jagged, teeth ridges, short",tillikaa
"Bitter gourd, jagged, teeth ridges, short",paavakkai
"Bitter gourd, jagged, teeth ridges, short",kakara kaya
"Bitter gourd, jagged, teeth ridges, short",karela.
"Bitter gourd, jagged, smooth ridges, elongate",kerela
"Bitter gourd, jagged, smooth ridges, elongate",korola
"Bitter gourd, jagged, smooth ridges, elongate","bitter melon, bitter squash, balsam pear"
"Bitter gourd, jagged, smooth ridges, elongate",karela
"Bitter gourd, jagged, smooth ridges, elongate",hagal kai
"Bitter gourd, jagged, smooth ridges, elongate",kaippakka
"Bitter gourd, jagged, smooth ridges, elongate",karon akhabi
"Bitter gourd, jagged, smooth ridges, elongate",karle
"Bitter gourd, jagged, smooth ridges, elongate",tite karela
"Bitter gourd, jagged, smooth ridges, elongate",kalara
"Bitter gourd, jagged, smooth ridges, elongate",tillikaa
"Bitter gourd, jagged, smooth ridges, elongate",paavakkai
"Bitter gourd, jagged, smooth ridges, elongate",kakara kaya
"Bitter gourd, jagged, smooth ridges, elongate",karela.
"Bottle gourd, elongate, pale green",jatilao
"Bottle gourd, elongate, pale green",lau
"Bottle gourd, elongate, pale green","calabash, white flowered gourd"
"Bottle gourd, elongate, pale green",dudhi
"Bottle gourd, elongate, pale green",lowki
"Bottle gourd, elongate, pale green",sorekai
"Bottle gourd, elongate, pale green",zeeth aal
"Bottle gourd, elongate, pale green",u klong
"Bottle gourd, elongate, pale green",cheranga
"Bottle gourd, elongate, pale green",khongdrum
"Bottle gourd, elongate, pale green",pandhara
"Bottle gourd, elongate, pale green",lauka
"Bottle gourd, elongate, pale green",kadu
"Bottle gourd, elongate, pale green",kaarabellam
"Bottle gourd, elongate, pale green",suraikkai
"Bottle gourd, elongate, pale green",sorrakaya
"Bottle gourd, elongate, pale green",lowki.
"Bottle gourd, round, pale green",jatilao
"Bottle gourd, round, pale green",lau
"Bottle gourd, round, pale green","calabash, white flowered gourd"
"Bottle gourd, round, pale green",dudhi
"Bottle gourd, round, pale green",lowki
"Bottle gourd, round, pale green",sorekai
"Bottle gourd, round, pale green",gool aal
"Bottle gourd, round, pale green",u klong heh
"Bottle gourd, round, pale green",cheranga
"Bottle gourd, round, pale green",khongdrum
"Bottle gourd, round, pale green",pandhara
"Bottle gourd, round, pale green",lauka
"Bottle gourd, round, pale green",kdu
"Bottle gourd, round, pale green",kaarabellam
"Bottle gourd, round, pale green",suraikkai
"Bottle gourd, round, pale green",sorrakaya
"Bottle gourd, round, pale green",lowki.
"Bottle gourd, elongate, dark green",jatilao
"Bottle gourd, elongate, dark green",lau
"Bottle gourd, elongate, dark green","calabash, white flowered gourd"
"Bottle gourd, elongate, dark green",dudhi
"Bottle gourd, elongate, dark green",lowki
"Bottle gourd, elongate, dark green",sorekai
"Bottle gourd, elongate, dark green",zeth aal
"Bottle gourd, elongate, dark green",klong jrong
"Bottle gourd, elongate, dark green",cheranga
"Bottle gourd, elongate, dark green",khongdrum
"Bottle gourd, elongate, dark green",pandhara
"Bottle gourd, elongate, dark green",lauka
"Bottle gourd, elongate, dark green",kadu
"Bottle gourd, elongate, dark green",kaarabellam
"Bottle gourd, elongate, dark green",suraikkai
"Bottle gourd, elongate, dark green",sorrakaya.
Brinjal 1,bengena
Brinjal 1,begun
Brinjal 1,"eggplant, aubergine"
Brinjal 1,ringna
Brinjal 1,baingan
Brinjal 1,badane
Brinjal 1,wagun
Brinjal 1,sohbaingon jyrngam
Brinjal 1,vazhuthiniga
Brinjal 1,lam khamen
Brinjal 1,vange
Brinjal 1,bhantaa
Brinjal 1,baigan
Brinjal 1,vruntaakam
Brinjal 1,kathirikkai
Brinjal 1,vankaya
Brinjal 1,baigan.
Brinjal 2,bengena
Brinjal 2,begun
Brinjal 2,"eggplant, aubergine"
Brinjal 2,ringna
Brinjal 2,baingan
Brinjal 2,badane
Brinjal 2,wagun
Brinjal 2,sohbaingon jyrngam
Brinjal 2,vazhuthiniga
Brinjal 2,lam khamen
Brinjal 2,vange
Brinjal 2,bhantaa
Brinjal 2,baigan
Brinjal 2,vruntaakam
Brinjal 2,kathirikkai
Brinjal 2,vankaya
Brinjal 2,baigan.
Brinjal 3,bengena
Brinjal 3,begun
Brinjal 3,"eggplant, aubergine"
Brinjal 3,ringna
Brinjal 3,baingan
Brinjal 3,badane
Brinjal 3,wagun
Brinjal 3,sohbaingon jyrngam
Brinjal 3,vazhuthiniga
Brinjal 3,lam khamen
Brinjal 3,vange
Brinjal 3,bhantaa
Brinjal 3,baigan
Brinjal 3,vruntaakam
Brinjal 3,kathirikkai
Brinjal 3,vankaya
Brinjal 3,baigan.
Brinjal 4,bengena
Brinjal 4,begun
Brinjal 4,"eggplant, aubergine"
Brinjal 4,ringna
Brinjal 4,baingan
Brinjal 4,badane
Brinjal 4,wagun
Brinjal 4,sohbaingon jyrngam
Brinjal 4,vazhuthiniga
Brinjal 4,lam khamen
Brinjal 4,vange
Brinjal 4,bhantaa
Brinjal 4,baigan
Brinjal 4,vruntaakam
Brinjal 4,kathirikkai
Brinjal 4,vankaya
Brinjal 4,baigan.
Brinjal 5,bengena
Brinjal 5,begun
Brinjal 5,"eggplant, aubergine"
Brinjal 5,ringna
Brinjal 5,baingan
Brinjal 5,badane
Brinjal 5,wagun
Brinjal 5,sohbaingon jyrngam
Brinjal 5,vazhuthiniga
Brinjal 5,lam khamen
Brinjal 5,vange
Brinjal 5,bhantaa
Brinjal 5,baigan
Brinjal 5,vruntaakam
Brinjal 5,kathirikkai
Brinjal 5,vankaya
Brinjal 6,bengena
Brinjal 6,begun
Brinjal 6,"eggplant, aubergine"
Brinjal 6,ringna
Brinjal 6,baingan
Brinjal 6,badane
Brinjal 6,wagun
Brinjal 6,sohbaingon jyrngam
Brinjal 6,vazhuthiniga
Brinjal 6,lam khamen
Brinjal 6,vange
Brinjal 6,bhantaa
Brinjal 6,baigan
Brinjal 6,vruntaakam
Brinjal 6,kathirikkai
Brinjal 6,vankaya
Brinjal 7,bengena
Brinjal 7,begun
Brinjal 7,"eggplant, aubergine"
Brinjal 7,ringna
Brinjal 7,baingan
Brinjal 7,badane
Brinjal 7,wagun
Brinjal 7,sohbaingon jyrngam
Brinjal 7,vazhuthiniga
Brinjal 7,lam khamen
Brinjal 7,vange
Brinjal 7,bhantaa
Brinjal 7,baigan
Brinjal 7,vruntaakam
Brinjal 7,kathirikkai
Brinjal 7,vankaya
Brinjal 8,bengena
Brinjal 8,begun
Brinjal 8,"eggplant, aubergine"
Brinjal 8,ringna
Brinjal 8,baingan
Brinjal 8,badane
Brinjal 8,wagun
Brinjal 8,sohbaingon jyrngam
Brinjal 8,vazhuthiniga
Brinjal 8,lam khamen
Brinjal 8,vange
Brinjal 8,bhantaa
Brinjal 8,baigan
Brinjal 8,vruntaakam
Brinjal 8,kathirikkai
Brinjal 8,vankaya
Brinjal 8,baigan.
Brinjal 9,bengena
Brinjal 9,begun
Brinjal 9,"eggplant, aubergine"
Brinjal 9,ringna
Brinjal 9,baingan
Brinjal 9,badane
Brinjal 9,wagun
Brinjal 9,sohbaingon jyrngam
Brinjal 9,vazhuthiniga
Brinjal 9,lam khamen
Brinjal 9,vange
Brinjal 9,bhantaa
Brinjal 9,baigan
Brinjal 9,vruntaakam
Brinjal 9,kathirikkai
Brinjal 9,vankaya
Brinjal 9,baigan.
Brinjal 10,bengena
Brinjal 10,begun
Brinjal 10,"eggplant, aubergine"
Brinjal 10,ringna
Brinjal 10,baingan
Brinjal 10,badane
Brinjal 10,wagun
Brinjal 10,sohbaingon jyrngam
Brinjal 10,vazhuthiniga
Brinjal 10,lam khamen
Brinjal 10,vange
Brinjal 10,bhantaa
Brinjal 10,baigan
Brinjal 10,vruntaakam
Brinjal 10,kathirikkai
Brinjal 10,vankaya
Brinjal 10,baigan.
Brinjal 11,bengena
Brinjal 11,begun
Brinjal 11,"eggplant, aubergine"
Brinjal 11,ringna
Brinjal 11,baingan
Brinjal 11,badane
Brinjal 11,wagun
Brinjal 11,sohbaingon jyrngam
Brinjal 11,vazhuthiniga
Brinjal 11,lam khamen
Brinjal 11,vange
Brinjal 11,bhantaa
Brinjal 11,baigan
Brinjal 11,vruntaakam
Brinjal 11,kathirikkai
Brinjal 11,vankaya
Brinjal 11,baigan.
Brinjal 12,bengena
Brinjal 12,begun
Brinjal 12,"eggplant, aubergine"
Brinjal 12,ringna
Brinjal 12,baingan
Brinjal 12,badane
Brinjal 12,wagun
Brinjal 12,sohbaingon jyrngam
Brinjal 12,vazhuthiniga
Brinjal 12,lam khamen
Brinjal 12,vange
Brinjal 12,bhantaa
Brinjal 12,baigan
Brinjal 12,vruntaakam
Brinjal 12,kathirikkai
Brinjal 12,vankaya
Brinjal 12,baigan.
Brinjal 13,bengena
Brinjal 13,begun
Brinjal 13,"eggplant, aubergine"
Brinjal 13,ringna
Brinjal 13,baingan
Brinjal 13,badane
Brinjal 13,wagun
Brinjal 13,sohbaingon jyrngam
Brinjal 13,vazhuthiniga
Brinjal 13,lam khamen
Brinjal 13,vange
Brinjal 13,bhantaa
Brinjal 13,baigan
Brinjal 13,vruntaakam
Brinjal 13,kathirikkai
Brinjal 13,vankaya
Brinjal 13,baigan.
Brinjal 14,bengena
Brinjal 14,begun
Brinjal 14,"eggplant, aubergine"
Brinjal 14,ringna
Brinjal 14,baingan
Brinjal 14,badane
Brinjal 14,wagun
Brinjal 14,sohbaingon jyrngam
Brinjal 14,vazhuthiniga
Brinjal 14,lam khamen
Brinjal 14,vange
Brinjal 14,bhantaa
Brinjal 14,baigan
Brinjal 14,vruntaakam
Brinjal 14,kathirikkai
Brinjal 14,vankaya
Brinjal 14,baigan.
Brinjal 15,bengena
Brinjal 15,begun
Brinjal 15,"eggplant, aubergine"
Brinjal 15,ringna
Brinjal 15,baingan
Brinjal 15,badane
Brinjal 15,wagun
Brinjal 15,sohbaingon jyrngam
Brinjal 15,vazhuthiniga
Brinjal 15,lam khamen
Brinjal 15,vange
Brinjal 15,bhantaa
Brinjal 15,baigan
Brinjal 15,vruntaakam
Brinjal 15,kathirikkai
Brinjal 15,vankaya
Brinjal 15,baigan.
Brinjal 16,bengena
Brinjal 16,begun
Brinjal 16,"eggplant, aubergine"
Brinjal 16,ringna
Brinjal 16,baingan
Brinjal 16,badane
Brinjal 16,wagun
Brinjal 16,sohbaingon jyrngam
Brinjal 16,vazhuthiniga
Brinjal 16,lam khamen
Brinjal 16,vange
Brinjal 16,bhantaa
Brinjal 16,baigan
Brinjal 16,vruntaakam
Brinjal 16,kathirikkai
Brinjal 16,vankaya
Brinjal 16,baigan.
Brinjal 17,bengena
Brinjal 17,begun
Brinjal 17,"eggplant, aubergine"
Brinjal 17,ringna
Brinjal 17,baingan
Brinjal 17,badane
Brinjal 17,wagun
Brinjal 17,sohbaingon jyrngam
Brinjal 17,vazhuthiniga
Brinjal 17,lam khamen
Brinjal 17,vange
Brinjal 17,bhantaa
Brinjal 17,baigan
Brinjal 17,vruntaakam
Brinjal 17,kathirikkai
Brinjal 17,vankaya
Brinjal 17,baigan.
Brinjal 18,bengena
Brinjal 18,begun
Brinjal 18,"eggplant, aubergine"
Brinjal 18,ringna
Brinjal 18,baingan
Brinjal 18,badane
Brinjal 18,wagun
Brinjal 18,sohbaingon jyrngam
Brinjal 18,vazhuthiniga
Brinjal 18,lam khamen
Brinjal 18,vange
Brinjal 18,bhantaa
Brinjal 18,baigan
Brinjal 18,vruntaakam
Brinjal 18,kathirikkai
Brinjal 18,vankaya
Brinjal 18,baigan.
Brinjal 19,bengena
Brinjal 19,begun
Brinjal 19,"eggplant, aubergine"
Brinjal 19,ringna
Brinjal 19,baingan
Brinjal 19,badane
Brinjal 19,wagun
Brinjal 19,sohbaingon jyrngam
Brinjal 19,vazhuthiniga
Brinjal 19,lam khamen
Brinjal 19,vange
Brinjal 19,bhantaa
Brinjal 19,baigan
Brinjal 19,vruntaakam
Brinjal 19,kathirikkai
Brinjal 19,vankaya
Brinjal 19,baigan.
Brinjal 20,bengena
Brinjal 20,begun
Brinjal 20,"eggplant, aubergine"
Brinjal 20,ringna
Brinjal 20,baingan
Brinjal 20,badane
Brinjal 20,wagun
Brinjal 20,sohbaingon jyrngam
Brinjal 20,vazhuthiniga
Brinjal 20,lam khamen
Brinjal 20,vange
Brinjal 20,bhantaa
Brinjal 20,baigan
Brinjal 20,vruntaakam
Brinjal 20,kathirikkai
Brinjal 20,vankaya
Brinjal 20,baigan.
Brinjal 21,bengena
Brinjal 21,begun
Brinjal 21,"eggplant, aubergine"
Brinjal 21,ringna
Brinjal 21,baingan
Brinjal 21,badane
Brinjal 21,wagun
Brinjal 21,sohbaingon jyrngam
Brinjal 21,vazhuthiniga
Brinjal 21,lam khamen
Brinjal 21,vange
Brinjal 21,bhantaa
Brinjal 21,baigan
Brinjal 21,vruntaakam
Brinjal 21,kathirikkai
Brinjal 21,vankaya
Brinjal 21,baigan.
Brinjal - all varieties,bengena
Brinjal - all varieties,begun
Brinjal - all varieties,"eggplant, aubergine"
Brinjal - all varieties,ringna
Brinjal - all varieties,baingan
Brinjal - all varieties,badane
Brinjal - all varieties,wagun
Brinjal - all varieties,sohbaingon jyrngam
Brinjal - all varieties,vazhuthiniga
Brinjal - all varieties,lam khamen
Brinjal - all varieties,vange
Brinjal - all varieties,bhantaa
Brinjal - all varieties,baigan
Brinjal - all varieties,vruntaakam
Brinjal - all varieties,kathirikkai
Brinjal - all varieties,vankaya
Brinjal - all varieties,baigan.
Broad beans,urahi
Broad beans,makhon shim
Broad beans,"fava bean, faba bean, field bean, bell bean, tic bean"
Broad beans,fafda papdi
Broad beans,bakla
Broad beans,chkaooaradavare
Broad beans,thool haymbe
Broad beans,ri majai
Broad beans,amarakka
Broad beans,ghewda
Broad beans,simba
Broad beans,avarai
Broad beans,pedda chikkudu.
"Capsicum, green",kashmiri jalakia
"Capsicum, green",lanka (bilathi)
"Capsicum, green",bhuler marcha
"Capsicum, green",shimla mirch
"Capsicum, green",donnmena-sinakayi
"Capsicum, green",shimla marchwangan
"Capsicum, green",sohmynken jhur jyrngam
"Capsicum, green",undamulagu
"Capsicum, green",bhoplimirchi
"Capsicum, green",shimla lanka
"Capsicum, green",shimle-di-mirchi
"Capsicum, green",koda milagai
"Capsicum, green",shimla mirchi
"Capsicum, green",shimla mirchi.
"Capsicum, red",kashmiri jalakia
"Capsicum, red",lanka (bilathi)
"Capsicum, red",bhuler marcha
"Capsicum, red",shimla mirch
"Capsicum, red",donnmena- sinakayi
"Capsicum, red",shimla marchwangan
"Capsicum, red",sohmynken jhur jyrngam
"Capsicum, red",undamulagu
"Capsicum, red",bhoplimirchi
"Capsicum, red",shimla lanka
"Capsicum, red",shimle-di-mirchi
"Capsicum, red",koda milagai
"Capsicum, red",shimla mirchi
"Capsicum, red",shimla mirchi.
"Capsicum, yellow",kashmiri jalakia
"Capsicum, yellow",lanka (bilathi)
"Capsicum, yellow",bhuler marcha
"Capsicum, yellow",shimla mirch
"Capsicum, yellow",donnmena-sinakayi
"Capsicum, yellow",shimla marchwangan
"Capsicum, yellow",sohmynken jhur stem
"Capsicum, yellow",undamulagu
"Capsicum, yellow",bhoplimirchi
"Capsicum, yellow",shimla lanka
"Capsicum, yellow",shimle-di-mirchi
"Capsicum, yellow",koda milagai
"Capsicum, yellow",shimla mirchi
"Capsicum, yellow",shimla mirchi.
Cauliflower,phul kobi
Cauliflower,phul kopi
Cauliflower,fulawar
Cauliflower,phul gobi
Cauliflower,hukosu
Cauliflower,phoolgobi
Cauliflower,phul kubi
Cauliflower,kobithamchetmai
Cauliflower,kauli
Cauliflower,gojihvaa
Cauliflower,pookosu
Cauliflower,go puvvu
Cauliflower,phul gobi.
Celery stalk,randhuni
Celery stalk,ajmud
Celery stalk,dieng seleri
Celery stalk,celery daandi
Celery stalk,sivarikkeerai.
Cho-cho-marrow,squash
Cho-cho-marrow,"cho cho marrow, chayote"
Cho-cho-marrow,dasakusa
Cho-cho-marrow,cho cho sara
Cho-cho-marrow,phuti kakudi
Cho-cho-marrow,biskot
Cho-cho-marrow,chow-chow.
Cluster beans,mah
Cluster beans,jhar sim
Cluster beans,guar
Cluster beans,govar
Cluster beans,gaur-ki-phalli
Cluster beans,gori koyi
Cluster beans,hyambi
Cluster beans,kothavara
Cluster beans,govari
Cluster beans,guanra chhuin
Cluster beans,guarae-di-faliya
Cluster beans,kothavaranga
Cluster beans,goruchikkudu
Cluster beans,gavar ki palli.
"Colocasia, stem, black",kosu thari
"Colocasia, stem, black",kochur loti
"Colocasia, stem, black",arwi-ki-dandi
"Colocasia, stem, black",kesu danthu
"Colocasia, stem, black",kawang iong
"Colocasia, stem, black",chembin thandu
"Colocasia, stem, black",paan makhok
"Colocasia, stem, black",alu-che-dath
"Colocasia, stem, black",sarunada
"Colocasia, stem, black",arbi de dande
"Colocasia, stem, black",seppanthandu
"Colocasia, stem, black",chama kada
"Colocasia, stem, black",arwi ke kade.
"Colocasia, stem, green",kosu thari
"Colocasia, stem, green",kochur loti
"Colocasia, stem, green",arwi-ki-dandi
"Colocasia, stem, green",kesu danthu
"Colocasia, stem, green",ka wang jyrngam
"Colocasia, stem, green",chembin thandu
"Colocasia, stem, green",paan makhok
"Colocasia, stem, green",alu-che-dath
"Colocasia, stem, green",sarunada
"Colocasia, stem, green",arbi de dande
"Colocasia, stem, green",seppanthandu
"Colocasia, stem, green",chama kada
"Colocasia, stem, green",arwi ke kade.
"Corn, baby",makai
"Corn, baby",riewhadem lung
"Corn, baby",chujaak
"Corn, baby",shoti shalli.
"Cucumber, green, elongate",tiyoh
"Cucumber, green, elongate",sosha
"Cucumber, green, elongate",kakdi
"Cucumber, green, elongate","kheera, kachumbar"
"Cucumber, green, elongate",southe kayi
"Cucumber, green, elongate",laar
"Cucumber, green, elongate",sohkhia
"Cucumber, green, elongate",vellarikka
"Cucumber, green, elongate",thabi
"Cucumber, green, elongate",kakadi
"Cucumber, green, elongate",kakro
"Cucumber, green, elongate",kakudi
"Cucumber, green, elongate",khira
"Cucumber, green, elongate",patolah
"Cucumber, green, elongate",vellarikkai
"Cucumber, green, elongate",dosa kaya
"Cucumber, green, elongate",kheera.
"Cucumber, green, short",tiyoh
"Cucumber, green, short",sosha
"Cucumber, green, short",kakdi
"Cucumber, green, short","kheera, kachumbar"
"Cucumber, green, short",southe kayi
"Cucumber, green, short",laar
"Cucumber, green, short",sohkhia
"Cucumber, green, short",thabi
"Cucumber, green, short",vellarikka
"Cucumber, green, short",kakadi
"Cucumber, green, short",kakro
"Cucumber, green, short",kakudi
"Cucumber, green, short",khira
"Cucumber, green, short",patolah
"Cucumber, green, short",vellarikkai
"Cucumber, green, short",dosa kaya
"Cucumber, green, short",kheera.
"Cucumber, orange, round",tiyoh
"Cucumber, orange, round",sosha
"Cucumber, orange, round",kakdi
"Cucumber, orange, round",kakadi
"Cucumber, orange, round",southe kayi
"Cucumber, orange, round",laar
"Cucumber, orange, round",sohkhia pyllon
"Cucumber, orange, round",vellarikka
"Cucumber, orange, round",kakro
"Cucumber, orange, round",kakudi
"Cucumber, orange, round",khira
"Cucumber, orange, round",patolah
"Cucumber, orange, round",vellarikkai
"Cucumber, orange, round",dosa kaya
"Cucumber, orange, round",kheera.
Drumstick,sajina
Drumstick,sajna danta
Drumstick,"horseradish, benzoil"
Drumstick,saragavo
Drumstick,saijan-ki-phalli
Drumstick,nugga kayi
Drumstick,dieng sajana
Drumstick,muringakkai
Drumstick,sajana
Drumstick,shevanga sheng
Drumstick,sajana chhuin
Drumstick,suhanjana di phalliya
Drumstick,murungakkai
Drumstick,mulakaada
Drumstick,sujne ki palli.
"Field beans, tender, broad",urohi
"Field beans, tender, broad",shim
"Field beans, tender, broad","common bean, fieldbean, broad bean, string bean"
"Field beans, tender, broad",valpapdi
"Field beans, tender, broad",sem
"Field beans, tender, broad",avare
"Field beans, tender, broad",hyambi
"Field beans, tender, broad",ri majai
"Field beans, tender, broad",avar
"Field beans, tender, broad",papta
"Field beans, tender, broad",baragudi
"Field beans, tender, broad",vidaiavarai
"Field beans, tender, broad",chikkudu ginjalu
"Field beans, tender, broad",sem ki palli.
"Field beans, tender, lean",urohi
"Field beans, tender, lean",shim
"Field beans, tender, lean","common bean, fieldbean, broad bean, string bean"
"Field beans, tender, lean",valpapdi
"Field beans, tender, lean",sem
"Field beans, tender, lean",avare
"Field beans, tender, lean",hyambi
"Field beans, tender, lean",ri majai
"Field beans, tender, lean",avar
"Field beans, tender, lean",papta
"Field beans, tender, lean",baragudi
"Field beans, tender, lean",chikkudu ginjalu
"Field beans, tender, lean",vidaiavarai
"Field beans, tender, lean",sem ki palli.
"French beans, country",french bean
"French beans, country",green beans
"French beans, country",fansi
"French beans, country",bakla
"French beans, country",huruli kayi
"French beans, country",hyambi
"French beans, country",presbin phyrngop
"French beans, country",beans
"French beans, country",pharasebee
"French beans, country",ghiu simi
"French beans, country",fras bean
"French beans, country",vidaiavarai
"French beans, country",sannachikkudu
"French beans, country",beans.
"French beans, hybrid",french bean
"French beans, hybrid",green beans
"French beans, hybrid",fansi
"French beans, hybrid",bakla
"French beans, hybrid",huruli kayi
"French beans, hybrid",hyambi
"French beans, hybrid",presbin
"French beans, hybrid",beans
"French beans, hybrid",pharasebee
"French beans, hybrid",ghiu simi
"French beans, hybrid",fras bean
"French beans, hybrid",vidaiavarai
"French beans, hybrid",sannachikkudu
"French beans, hybrid",beans.
"Jack fruit, raw",kothal
"Jack fruit, raw",kanthal
"Jack fruit, raw",jackfruit
"Jack fruit, raw",phanas
"Jack fruit, raw",kathal
"Jack fruit, raw",bindu
"Jack fruit, raw",halasu
"Jack fruit, raw",soh phan
"Jack fruit, raw",theibong
"Jack fruit, raw",chakka
"Jack fruit, raw",katahar
"Jack fruit, raw",panasa
"Jack fruit, raw",kathal ki beej
"Jack fruit, raw",palapazham
"Jack fruit, raw",kathahal.
"Jack fruit, seeds, mature",kothal guti
"Jack fruit, seeds, mature",kanthal
"Jack fruit, seeds, mature",jackfruit
"Jack fruit, seeds, mature",phanas
"Jack fruit, seeds, mature",kathal
"Jack fruit, seeds, mature",halasu
"Jack fruit, seeds, mature",bindu
"Jack fruit, seeds, mature",shyieng soh phan
"Jack fruit, seeds, mature",chakka
"Jack fruit, seeds, mature",theibong maru
"Jack fruit, seeds, mature",katahar
"Jack fruit, seeds, mature",panasa
"Jack fruit, seeds, mature",palakkottai
"Jack fruit, seeds, mature",kathahal.
Knol - Khol,oolkobi
Knol - Khol,olkopi
Knol - Khol,wild cabbage
Knol - Khol,nol-kol
Knol - Khol,kohl-rabi
Knol - Khol,noolkol
Knol - Khol,monjh haak
Knol - Khol,phan kubi
Knol - Khol,kobi maru kabi
Knol - Khol,gyathkopi
Knol - Khol,ulkobi
Knol - Khol,ganth gobi
Knol - Khol,knoolkol
Knol - Khol,noolkol.
"Kovai, big",kunduli
"Kovai, big",telakucha
"Kovai, big","ivy gourd, scarlet gourd"
"Kovai, big",ghole gluru
"Kovai, big","konduri, kowai"
"Kovai, big",tondekayi
"Kovai, big",jhur thliem
"Kovai, big",kova kai
"Kovai, big",tondale
"Kovai, big",kunduru
"Kovai, big",donda kaya
"Kovai, big",tindli.
"Kovai, small",kunduli
"Kovai, small",telakucha
"Kovai, small","ivy gourd, scarlet gourd"
"Kovai, small",ghole gluru
"Kovai, small","konduri, kowai"
"Kovai, small",tondekayi
"Kovai, small",jhur thliem
"Kovai, small",kova kai
"Kovai, small",tondale
"Kovai, small",kunduru
"Kovai, small",donda kaya
"Kovai, small",tindli.
Ladies finger,bhendi
Ladies finger,dherosh
Ladies finger,"okra, okro, ochro"
Ladies finger,bhinda
Ladies finger,bhindi
Ladies finger,bende
Ladies finger,bindi
Ladies finger,vendakkai
Ladies finger,belandri
Ladies finger,ramtoriya
Ladies finger,bhindikaa
Ladies finger,vendaikkai
Ladies finger,bendakaya
Ladies finger,bhendi.
"Mango, green, raw",keasa aam
"Mango, green, raw",aam (kancha)
"Mango, green, raw",ambo
"Mango, green, raw",katcha aam
"Mango, green, raw",mavinakayi
"Mango, green, raw",kach aamb
"Mango, green, raw",soh pieng im
"Mango, green, raw",manga
"Mango, green, raw",heinou ashangba
"Mango, green, raw",amba
"Mango, green, raw",ambu (kacha)
"Mango, green, raw",kaccha aam
"Mango, green, raw",mangai
"Mango, green, raw",mamidikaya
"Mango, green, raw",kaccha aam.
"Onion, stalk",piyaj paat
"Onion, stalk",piyaz kali
"Onion, stalk","spring onion, onion greens"
"Onion, stalk",dunglina dakkadi (onion dakkadi)
"Onion, stalk",pyaz
"Onion, stalk",erulli soppu
"Onion, stalk",pichiganda
"Onion, stalk",sla piat
"Onion, stalk",ulli thandu
"Onion, stalk",tilhou mana
"Onion, stalk",pati
"Onion, stalk",chhayapi ko saag
"Onion, stalk",piaja sandha
"Onion, stalk",hare pyaaz
"Onion, stalk",vengaya thaal
"Onion, stalk",ulli kadalu
"Onion, stalk",hari pyaaz.
"Papaya, raw",kesa omita
"Papaya, raw",pempe (kacha)
"Papaya, raw","papaw, pawpaw"
"Papaya, raw",papayi
"Papaya, raw",katcha pepita
"Papaya, raw",parangi
"Papaya, raw",soh kymphor im
"Papaya, raw",papita
"Papaya, raw",dudde
"Papaya, raw",omakaya
"Papaya, raw",awathabi ashangba
"Papaya, raw",papaya
"Papaya, raw",amrutabhanda
"Papaya, raw",pappalikkaai
"Papaya, raw",boppayi kaya
"Papaya, raw",papaya.
Parwar,potol
Parwar,pointed gourd
Parwar,padval
Parwar,parwal
Parwar,mara thonde
Parwar,patol rit
Parwar,kovakkai
Parwar,potala
Parwar,kommu potla
Parwar,parwal.
"Peas, fresh",matar mah
"Peas, fresh",motor shuti
"Peas, fresh",", mar. vatana"
"Peas, fresh",kaza
"Peas, fresh",matara
"Peas, fresh",matar
"Peas, fresh",", tel. batani"
"Peas, fresh",mator
"Peas, fresh",hawai tharaak
"Peas, fresh",hare matar
"Peas, fresh",", tam. paccha pattani."
"Plantain, flower",koldil
"Plantain, flower",mocha
"Plantain, flower",banana flower
"Plantain, flower",kel phool
"Plantain, flower",kele-ka phool
"Plantain, flower",bale motho
"Plantain, flower",pashor kait
"Plantain, flower",vazhapoo
"Plantain, flower",lafu tharo
"Plantain, flower",kadali bhanda
"Plantain, flower",kele-da-phool
"Plantain, flower",arati puvvu
"Plantain, flower",kela ka phool.
"Plantain, green",kaskol/purakol
"Plantain, green",kela (kanch)
"Plantain, green",cooking banana
"Plantain, green",kela
"Plantain, green",kele (hara)
"Plantain, green",bale kayi
"Plantain, green",kham kael
"Plantain, green",kait im
"Plantain, green",vazhakkai
"Plantain, green",laphoi ashangba
"Plantain, green",kel (hara)
"Plantain, green",bungo
"Plantain, green",bantala kadali
"Plantain, green",kela (hara)
"Plantain, green",rambhaa
"Plantain, green",vazhakkaai
"Plantain, green",arati kayi
"Plantain, green",kaccha kela.
"Plantain, stem",posola
"Plantain, stem",thor
"Plantain, stem",banana stem
"Plantain, stem",kelanu thed
"Plantain, stem",kele-ka-tana
"Plantain, stem",bele dindu
"Plantain, stem",nud kait
"Plantain, stem",unnipindi
"Plantain, stem",lafu
"Plantain, stem",kelicha khunt
"Plantain, stem",kadali manja
"Plantain, stem",kele da tana
"Plantain, stem",vazhai thandu
"Plantain, stem",arati doota.
"Pumpkin, green, cylindrical",rongalao
"Pumpkin, green, cylindrical",kumro
"Pumpkin, green, cylindrical",kohlu
"Pumpkin, green, cylindrical",kaddu
"Pumpkin, green, cylindrical",kumbala kash
"Pumpkin, green, cylindrical",paarimal
"Pumpkin, green, cylindrical",pathaw
"Pumpkin, green, cylindrical",mathan
"Pumpkin, green, cylindrical",mairen
"Pumpkin, green, cylindrical",lal bhopla
"Pumpkin, green, cylindrical",farsi
"Pumpkin, green, cylindrical",kakharu
"Pumpkin, green, cylindrical",kummaandah
"Pumpkin, green, cylindrical",parangikkai
"Pumpkin, green, cylindrical",gummadi kaya
"Pumpkin, green, cylindrical",kaddu.
"Pumpkin, orange, round",rongalao
"Pumpkin, orange, round",kumro
"Pumpkin, orange, round",kohlu
"Pumpkin, orange, round",kaddu
"Pumpkin, orange, round",kumbala kash
"Pumpkin, orange, round",paarimal
"Pumpkin, orange, round",pathaw saw
"Pumpkin, orange, round",mathan
"Pumpkin, orange, round",mairen
"Pumpkin, orange, round",lal bhopla
"Pumpkin, orange, round",farsi
"Pumpkin, orange, round",kakharu
"Pumpkin, orange, round",kummaandah
"Pumpkin, orange, round",parangikkai
"Pumpkin, orange, round",gummadi
"Pumpkin, orange, round",kaddu.
"Red gram, tender, fresh",pigeon pea
"Red gram, tender, fresh",arhar ki fali
"Red gram, tender, fresh",thuvarai
"Red gram, tender, fresh",pacchi kandulu
"Red gram, tender, fresh",hara tuvar.
Ridge gourd,jikaa
Ridge gourd,jhinge
Ridge gourd,"luffa, loofah"
Ridge gourd,turia
Ridge gourd,torai
Ridge gourd,heeraikai
Ridge gourd,turrel
Ridge gourd,jingka
Ridge gourd,gurdudde
Ridge gourd,peechinga
Ridge gourd,sebot
Ridge gourd,dodka
Ridge gourd,janhi
Ridge gourd,kali tori
Ridge gourd,peerkankai
Ridge gourd,beera kaya
Ridge gourd,turai.
"Ridge gourd, smooth skin",bhol
"Ridge gourd, smooth skin",jhinge
"Ridge gourd, smooth skin","luffa, loofah"
"Ridge gourd, smooth skin",turia
"Ridge gourd, smooth skin",torai
"Ridge gourd, smooth skin",heeraikai
"Ridge gourd, smooth skin",turrel
"Ridge gourd, smooth skin",jingka
"Ridge gourd, smooth skin",gurdudde
"Ridge gourd, smooth skin",peechinga
"Ridge gourd, smooth skin",sebot
"Ridge gourd, smooth skin",dodka
"Ridge gourd, smooth skin",janchi
"Ridge gourd, smooth skin",kali tori
"Ridge gourd, smooth skin",peerkankai
"Ridge gourd, smooth skin",beera kaya
"Ridge gourd, smooth skin",turai.
"Snake gourd, long, pale green",dhunduli
"Snake gourd, long, pale green",chichinga
"Snake gourd, long, pale green",pandola
"Snake gourd, long, pale green",chachinda
"Snake gourd, long, pale green",podavala
"Snake gourd, long, pale green",jingka
"Snake gourd, long, pale green",padavalanga
"Snake gourd, long, pale green",padwal
"Snake gourd, long, pale green",chichindo
"Snake gourd, long, pale green",galartori
"Snake gourd, long, pale green",cicinndda
"Snake gourd, long, pale green",pudalangai
"Snake gourd, long, pale green",potla kaya
"Snake gourd, long, pale green",chichinda.
"Snake gourd, long, dark green",dhunduli
"Snake gourd, long, dark green",chichinga
"Snake gourd, long, dark green",pandola
"Snake gourd, long, dark green",chachinda
"Snake gourd, long, dark green",podavala
"Snake gourd, long, dark green",jingka
"Snake gourd, long, dark green",padavalanga
"Snake gourd, long, dark green",padwal
"Snake gourd, long, dark green",chichindo
"Snake gourd, long, dark green",galartori
"Snake gourd, long, dark green",cicinndda
"Snake gourd, long, dark green",pudalangai
"Snake gourd, long, dark green",potla kaya
"Snake gourd, long, dark green",chichinda.
"Snake gourd, short",dhunduli
"Snake gourd, short",chichinga
"Snake gourd, short",pandola
"Snake gourd, short",chachinda
"Snake gourd, short",podavala
"Snake gourd, short",jingka
"Snake gourd, short",padavalanga
"Snake gourd, short",padwal
"Snake gourd, short",chichindo
"Snake gourd, short",galartori
"Snake gourd, short",cicinndda
"Snake gourd, short",pudalangai
"Snake gourd, short",potla kaya
"Snake gourd, short",chichinda.
"Tinda, tender","indian squash, round melon, indian round gourd, apple gourd, indian baby pumpkin"
"Tinda, tender",tadabuch
"Tinda, tender",tinda
"Tinda, tender",thondekkai
"Tinda, tender",dhemase
"Tinda, tender",tinde.
"Tomato, green",kesa bilahi
"Tomato, green",kacha tomato
"Tomato, green",tamator
"Tomato, green",goore hannu
"Tomato, green",rowagun
"Tomato, green",soh saw jyrngam
"Tomato, green",takkali
"Tomato, green",khamen ashinba
"Tomato, green",hara velvangi
"Tomato, green",bilati baigan
"Tomato, green",kaccha tamator
"Tomato, green",thakkali kai
"Tomato, green",ramamulagakaya
"Tomato, green",kaccha tamatar.
"Tomato, ripe, hybrid",poka bilahi
"Tomato, ripe, hybrid",tomato
"Tomato, ripe, hybrid",tameta
"Tomato, ripe, hybrid",tamator
"Tomato, ripe, hybrid",goore hannu
"Tomato, ripe, hybrid",rowangun
"Tomato, ripe, hybrid",soh saw dkhar
"Tomato, ripe, hybrid",takkali pazham
"Tomato, ripe, hybrid",khamen ashinba
"Tomato, ripe, hybrid",velvangi
"Tomato, ripe, hybrid",bilati baigan
"Tomato, ripe, hybrid",pakke tamator
"Tomato, ripe, hybrid",rakta phalam
"Tomato, ripe, hybrid",gholobheda
"Tomato, ripe, hybrid",ramamulagakaya
"Tomato, ripe, hybrid",pakka tamatar.
"Tomato, ripe, local",poka bilahi
"Tomato, ripe, local",tomato
"Tomato, ripe, local",tameta
"Tomato, ripe, local",tamator
"Tomato, ripe, local",goore hannu
"Tomato, ripe, local",rowangun
"Tomato, ripe, local",takkali pazham
"Tomato, ripe, local",khamen ashinba
"Tomato, ripe, local",velvangi
"Tomato, ripe, local",gholobheda
"Tomato, ripe, local",bilati baigan
"Tomato, ripe, local",pakke tamator
"Tomato, ripe, local",rakta phalam
"Tomato, ripe, local",soh saw khasii
"Tomato, ripe, local",ramamulagakaya
"Tomato, ripe, local",pakka tamatar.
"Zucchini, green",dhudul
"Zucchini, green","courgette, summer squash"
"Zucchini, green",sabed kaddu
"Zucchini, green",dilpasand
"Zucchini, green",kaashiral
"Zucchini, green",kashi bhopla
"Zucchini, green",golu phubi kakuri
"Zucchini, green",seemai suraikayi.
"Zucchini, yellow",dhudul
"Zucchini, yellow","courgette, summer squash"
"Zucchini, yellow",sabed kaddu
"Zucchini, yellow",dilpasand
"Zucchini, yellow",kaashiral
"Zucchini, yellow",kashi bhopla
"Zucchini, yellow",golu phubi kakuri
"Zucchini, yellow",seemai suraikayi.
"Apple, big",apel
"Apple, big",sev
"Apple, big",safarjan
"Apple, big",sebu
"Apple, big",tsoonth
"Apple, big",soh apple saw
"Apple, big",", tam. apple pazham"
"Apple, big",sem
"Apple, big",safar chand
"Apple, big",shau
"Apple, big",seb
"Apple, big",seva
"Apple, big",sepu/sema regu
"Apple, big",saib.
"Apple, green",apel
"Apple, green",sev
"Apple, green",lila safarjan
"Apple, green",sebu
"Apple, green",tsoonth
"Apple, green",soh apple jyrngam
"Apple, green",apple pazham
"Apple, green",sem
"Apple, green",safar chand
"Apple, green",shau
"Apple, green",seb
"Apple, green",seva
"Apple, green",sepu/sema regu
"Apple, green",saib.
"Apple, small",apel
"Apple, small",sev
"Apple, small",safarjan
"Apple, small",sebu
"Apple, small",tsoonth
"Apple, small",soh apple saw
"Apple, small",apple pazham
"Apple, small",sem
"Apple, small",safar chand
"Apple, small",shau
"Apple, small",seb
"Apple, small",seva
"Apple, small",sepu/sema regu
"Apple, small",saib.
"Apple, small, Kashmir",apel
"Apple, small, Kashmir",sev
"Apple, small, Kashmir",safarjan
"Apple, small, Kashmir",seb
"Apple, small, Kashmir",tsoonth
"Apple, small, Kashmir",soh apple saw
"Apple, small, Kashmir",apple pazham
"Apple, small, Kashmir",sem
"Apple, small, Kashmir",safar chand
"Apple, small, Kashmir",shau
"Apple, small, Kashmir",seva
"Apple, small, Kashmir",sepu/sema regu
"Apple, small, Kashmir",saib.
"Apricot, dried",malhoi
"Apricot, dried",suska khubani
"Apricot, dried",jardaloo (suka velu)
"Apricot, dried",khoomani
"Apricot, dried",jaldaru hannu
"Apricot, dried",tser
"Apricot, dried",sheema bedhaam pazham
"Apricot, dried",malhei
"Apricot, dried",jardaalu
"Apricot, dried",khattu
"Apricot, dried",kharamani
"Apricot, dried",seema badam/ jallaru pandu
"Apricot, dried",sakkarai badhami
"Apricot, dried",khubaani.
"Apricot, processed",malhoi
"Apricot, processed",suska khubani
"Apricot, processed",jardaloo
"Apricot, processed",khoomani
"Apricot, processed",jaldaru hannu
"Apricot, processed",tser
"Apricot, processed",sheema bedhaam pazham
"Apricot, processed",malhei
"Apricot, processed",jardaalu
"Apricot, processed",khattu
"Apricot, processed",kharamani
"Apricot, processed",sakkarai badhami
"Apricot, processed",seema badam/ jallaru pandu
"Apricot, processed",khubaani.
Avocado fruit,kulunashpati
Avocado fruit,makhanphal
Avocado fruit,bennephala/bennehannu
Avocado fruit,goshtub tang
Avocado fruit,aathachakka/ venna-pazham
Avocado fruit,makhan phal
Avocado fruit,vennaipazham.
Bael fruit,bel
Bael fruit,"indian bael, bengal quince, golden apple, japanese bitter orange, stone apple, wood apple"
Bael fruit,bila
Bael fruit,soh bel
Bael fruit,vilwa pazham
Bael fruit,heiri khagok
Bael fruit,bhel
Bael fruit,marendu pandu.
"Banana, ripe, montham",poka kol
"Banana, ripe, montham",kola(paka)
"Banana, ripe, montham",paka keda
"Banana, ripe, montham",kela
"Banana, ripe, montham",bale hannu
"Banana, ripe, montham",kait syiem
"Banana, ripe, montham",vazha pazham
"Banana, ripe, montham",laphoi
"Banana, ripe, montham",kele
"Banana, ripe, montham",kera
"Banana, ripe, montham",champa kadali
"Banana, ripe, montham",kella
"Banana, ripe, montham",kadalii
"Banana, ripe, montham",arati pandu
"Banana, ripe, montham",kela.
"Banana, ripe, poovam",poka kol
"Banana, ripe, poovam",kola (paka)
"Banana, ripe, poovam",paka keda
"Banana, ripe, poovam",kela
"Banana, ripe, poovam",bale hannu
"Banana, ripe, poovam",kait mon/ ja
"Banana, ripe, poovam",vazha pazham
"Banana, ripe, poovam",laphoi
"Banana, ripe, poovam",kele
"Banana, ripe, poovam",kera
"Banana, ripe, poovam",champa kadali
"Banana, ripe, poovam",kella
"Banana, ripe, poovam",kadalii
"Banana, ripe, poovam",arati pandu
"Banana, ripe, poovam",kela.
"Banana, ripe, red",poka kol
"Banana, ripe, red",kola (paka)
"Banana, ripe, red",lal paka keda
"Banana, ripe, red",kela
"Banana, ripe, red",bale hannu
"Banana, ripe, red",kait saw
"Banana, ripe, red",vazha pazham
"Banana, ripe, red",laphoi
"Banana, ripe, red",kele
"Banana, ripe, red",kera
"Banana, ripe, red",champa kadali
"Banana, ripe, red",kella
"Banana, ripe, red",kadalii
"Banana, ripe, red",sevvazhaipazham
"Banana, ripe, red",arati pandu
"Banana, ripe, red",kela.
"Banana, ripe, robusta",poka kol
"Banana, ripe, robusta",kola (paka)
"Banana, ripe, robusta",keda
"Banana, ripe, robusta",kela
"Banana, ripe, robusta",bale hannu
"Banana, ripe, robusta",kait jaji
"Banana, ripe, robusta",vazha pazham
"Banana, ripe, robusta",laphoi
"Banana, ripe, robusta",kele
"Banana, ripe, robusta",kera
"Banana, ripe, robusta",champa kadali
"Banana, ripe, robusta",kella
"Banana, ripe, robusta",kadalii
"Banana, ripe, robusta",vazhaipazham
"Banana, ripe, robusta",arati pandu
"Banana, ripe, robusta",kela.
Black berry,kola jamu
Black berry,kalojam
Black berry,blackberry
Black berry,jambu
Black berry,kala jamun
Black berry,neralai
Black berry,soh jam/ soh jamun
Black berry,naval pazham
Black berry,jaam
Black berry,jambhool
Black berry,jamukoli
Black berry,jamun
Black berry,nagapazham
Black berry,neredupandu.
"Cherries, red",cherry
"Cherries, red",gilas
"Cherries, red",kadugempu
"Cherries, red",soh sherri
"Cherries, red",cherrypazham
"Cherries, red",cherry phal
"Cherries, red",cherry pazham
"Cherries, red",cherri pandu.
"Currants, black",kismis
"Currants, black","zante currants, corinth raisins, corinthian raisins"
"Currants, black",kadi draksh
"Currants, black",munakka
"Currants, black",nerale hannu
"Currants, black",soh kismis iong
"Currants, black",najavalppazham
"Currants, black",kala pravaha
"Currants, black",karunthiratcha
"Currants, black",nalla kishmish
"Currants, black",kala kishmish.
Custard apple,sitaphal
Custard apple,ata
Custard apple,"sugar apple, sweetsop"
Custard apple,sitapad
Custard apple,sharifa
Custard apple,", mar. sitaphal"
Custard apple,seethapazham
Custard apple,sitaphalam.
"Dates, dry, pale brown",khajur
"Dates, dry, pale brown",kharjura
"Dates, dry, pale brown",date palm
"Dates, dry, pale brown",kharek
"Dates, dry, pale brown",chuhara
"Dates, dry, pale brown",kharjoora
"Dates, dry, pale brown",soh khajur
"Dates, dry, pale brown",eethapazham
"Dates, dry, pale brown",thangtup
"Dates, dry, pale brown",khajura
"Dates, dry, pale brown",khajuri
"Dates, dry, pale brown",chawara
"Dates, dry, pale brown",pericham pazham
"Dates, dry, pale brown",khajoora pandu
"Dates, dry, pale brown",khajur.
"Dates, dry, dark brown",khajur
"Dates, dry, dark brown",kharjura
"Dates, dry, dark brown",date palm
"Dates, dry, dark brown",chuhara
"Dates, dry, dark brown",kharjoora
"Dates, dry, dark brown",soh khajur
"Dates, dry, dark brown",eethapazham
"Dates, dry, dark brown",thangtup
"Dates, dry, dark brown",khajura
"Dates, dry, dark brown",khajuri
"Dates, dry, dark brown",chawara
"Dates, dry, dark brown",pericham pazham
"Dates, dry, dark brown",khajoora pandu
"Dates, dry, dark brown",khajur.
"Dates, processed",khajur
"Dates, processed",kharjura
"Dates, processed",date palm
"Dates, processed",kharjoora
"Dates, processed",soh khajur im
"Dates, processed",eethapazham
"Dates, processed",thangtup
"Dates, processed",khajura
"Dates, processed",khajuri
"Dates, processed",pericham pazham
"Dates, processed",khajoora pandu
"Dates, processed",khajur.
Fig,dimoru
Fig,dumura
Fig,common fig
Fig,anjir
Fig,anjeer
Fig,anjurada hannugalu
Fig,soh dimbur
Fig,athipazham
Fig,heirit
Fig,dimiri
Fig,anjiira
Fig,atti pandu
Fig,anjeer.
Goosberry,amlakhi
Goosberry,indian gooseberry
Goosberry,amla
Goosberry,betta nelli
Goosberry,soh mylleng
Goosberry,nellikka
Goosberry,heikru
Goosberry,aanla
Goosberry,olle
Goosberry,nellikkai
Goosberry,usirikaya.
"Grapes, seeded, round, black",angoor
"Grapes, seeded, round, black",kadi draksha
"Grapes, seeded, round, black",draksha
"Grapes, seeded, round, black",dach
"Grapes, seeded, round, black",soh grape iong
"Grapes, seeded, round, black",mundiringa
"Grapes, seeded, round, black",draakssaa
"Grapes, seeded, round, black",panneer dratchai
"Grapes, seeded, round, black",draksha padu.
"Grapes, seeded, round, green",angoor
"Grapes, seeded, round, green",lili draksha
"Grapes, seeded, round, green",draksha
"Grapes, seeded, round, green",dach
"Grapes, seeded, round, green",soh grape jyrngam
"Grapes, seeded, round, green",mundiringa
"Grapes, seeded, round, green",draakssaa
"Grapes, seeded, round, green",dratchai
"Grapes, seeded, round, green",draksha padu.
"Grapes, seeded, round, red",angoor
"Grapes, seeded, round, red",lal draksha
"Grapes, seeded, round, red",draksha
"Grapes, seeded, round, red",dach
"Grapes, seeded, round, red",soh grape saw
"Grapes, seeded, round, red",mundiringa
"Grapes, seeded, round, red",draakssaa
"Grapes, seeded, round, red",dratchai
"Grapes, seeded, round, red",draksha padu.
"Grapes, seedless, oval, black",angoor
"Grapes, seedless, oval, black",draksha
"Grapes, seedless, oval, black",dach
"Grapes, seedless, oval, black",soh grape iong
"Grapes, seedless, oval, black",mundiringa
"Grapes, seedless, oval, black",draakssaa
"Grapes, seedless, oval, black",dratchai
"Grapes, seedless, oval, black",draksha padu.
"Grapes, seedless, round, green",angoor
"Grapes, seedless, round, green",draksha
"Grapes, seedless, round, green",dach
"Grapes, seedless, round, green",soh grape jyrngam
"Grapes, seedless, round, green",mundiringa
"Grapes, seedless, round, green",draakssaa
"Grapes, seedless, round, green",dratchai
"Grapes, seedless, round, green",draksha padu.
"Grapes, seedless, round, black",kadi draksha
"Grapes, seedless, round, black",angoor
"Grapes, seedless, round, black",draksha
"Grapes, seedless, round, black",dach
"Grapes, seedless, round, black",soh grape iong
"Grapes, seedless, round, black",mundiringa
"Grapes, seedless, round, black",draakssaa
"Grapes, seedless, round, black",dratchai
"Grapes, seedless, round, black",draksha padu.
"Guava, white flesh",madhurium
"Guava, white flesh",peyara
"Guava, white flesh",jamphad
"Guava, white flesh",amrud
"Guava, white flesh",seebe
"Guava, white flesh",amrodh
"Guava, white flesh",soh pyriam
"Guava, white flesh",perakka (nattu)
"Guava, white flesh",pungton
"Guava, white flesh",peru
"Guava, white flesh",aamba
"Guava, white flesh",pijuli (deshi)
"Guava, white flesh",peruka
"Guava, white flesh",koiyapazham
"Guava, white flesh",jama pandu
"Guava, white flesh",amrood.
"Guava, pink flesh",amrud
"Guava, pink flesh",jama pandu
"Guava, pink flesh",koiyapazham
"Guava, pink flesh",seebe
"Guava, pink flesh",perakka
"Guava, pink flesh",peru
"Guava, pink flesh",pijuli
"Guava, pink flesh",peyara
"Guava, pink flesh",lal jamphad
"Guava, pink flesh",madhurium
"Guava, pink flesh",amrodh
"Guava, pink flesh",peruka
"Guava, pink flesh",aamba
"Guava, pink flesh",bilaiti pungton
"Guava, pink flesh",soh pyriam.
"Jack fruit, ripe",kothal
"Jack fruit, ripe",kanthal
"Jack fruit, ripe","jakfruit, jak"
"Jack fruit, ripe",phanas
"Jack fruit, ripe",kathal
"Jack fruit, ripe",halasu
"Jack fruit, ripe",soh phan
"Jack fruit, ripe",chakka
"Jack fruit, ripe",theibong
"Jack fruit, ripe",katahar
"Jack fruit, ripe",panasa
"Jack fruit, ripe",bindu
"Jack fruit, ripe",palapazham
"Jack fruit, ripe",kathahal.
"Jambu fruit, ripe",jamu
"Jambu fruit, ripe",jaamrool
"Jambu fruit, ripe","java apple, semarang rose apple, wax jambu"
"Jambu fruit, ripe",jamun
"Jambu fruit, ripe",neralai
"Jambu fruit, ripe",naval pazham
"Jambu fruit, ripe",jambhool
"Jambu fruit, ripe",jamukoli
"Jambu fruit, ripe",nagapazham
"Jambu fruit, ripe",neredupandu.
Karonda fruit,korja tenga
Karonda fruit,koromcha
Karonda fruit,karamda
Karonda fruit,"balalak, dindimi"
Karonda fruit,karekayi
Karonda fruit,karvand
Karonda fruit,karakka
Karonda fruit,sushena
Karonda fruit,karonda
Karonda fruit,karamazda
Karonda fruit,kalakkay/ parungala
Karonda fruit,kalive.
"Lemon, juice",nimbhu
"Lemon, juice",nimapandu
"Lemon, juice",kagaji limbu
"Lemon, juice",pati lebu
"Lemon, juice",limbu
"Lemon, juice",nibu
"Lemon, juice",neembu
"Lemon, juice",nemu
"Lemon, juice",nyomb
"Lemon, juice",lehin
"Lemon, juice",kaagati
"Lemon, juice",champra mahi
"Lemon, juice",soh jew.
"Lime, sweet, pulp",mosambi
"Lime, sweet, pulp",gaja nimma pandu
"Lime, sweet, pulp",kolinchi pazham
"Lime, sweet, pulp",gaja nimbe
"Lime, sweet, pulp",limbu goda
"Lime, sweet, pulp",mitha lebu
"Lime, sweet, pulp",mosumi
"Lime, sweet, pulp",mosami
"Lime, sweet, pulp",soh balensha.
Litchi,lichu
Litchi,lychee
Litchi,lichi
Litchi,soh manir
Litchi,letchu
Litchi,lichi.
"Mango, ripe, banganapalli",aam
"Mango, ripe, banganapalli",aam(paka)
"Mango, ripe, banganapalli",keri
"Mango, ripe, banganapalli",aam (paka)
"Mango, ripe, banganapalli",mvina hannu
"Mango, ripe, banganapalli",aamb
"Mango, ripe, banganapalli",soh pieng
"Mango, ripe, banganapalli",mam pazham
"Mango, ripe, banganapalli",heinou amunba
"Mango, ripe, banganapalli",amba (piklela)
"Mango, ripe, banganapalli",ampa
"Mango, ripe, banganapalli",amba (pachila)
"Mango, ripe, banganapalli",aamra
"Mango, ripe, banganapalli",mampazham
"Mango, ripe, banganapalli",mamidi pandu
"Mango, ripe, banganapalli",pakka aam.
"Mango, ripe, gulabkhas",aam
"Mango, ripe, gulabkhas",aam (paka)
"Mango, ripe, gulabkhas",pakeli kedi
"Mango, ripe, gulabkhas",mvina hannu
"Mango, ripe, gulabkhas",aamb
"Mango, ripe, gulabkhas",soh pieng
"Mango, ripe, gulabkhas",mam pazham
"Mango, ripe, gulabkhas",heinou amunba
"Mango, ripe, gulabkhas",amba (piklela)
"Mango, ripe, gulabkhas",ampa
"Mango, ripe, gulabkhas",amba (pachila)
"Mango, ripe, gulabkhas",aamra
"Mango, ripe, gulabkhas",mampazham
"Mango, ripe, gulabkhas",mamidi pandu
"Mango, ripe, gulabkhas",pakka aam.
"Mango, ripe, himsagar",aam
"Mango, ripe, himsagar",aam (paka)
"Mango, ripe, himsagar",keri
"Mango, ripe, himsagar",mvina hannu
"Mango, ripe, himsagar",aamb
"Mango, ripe, himsagar",soh pieng
"Mango, ripe, himsagar",mam pazham
"Mango, ripe, himsagar",heinou amunba
"Mango, ripe, himsagar",amba (piklela)
"Mango, ripe, himsagar",ampa
"Mango, ripe, himsagar",amba (pachila)
"Mango, ripe, himsagar",aamra
"Mango, ripe, himsagar",mampazham
"Mango, ripe, himsagar",mamidi pandu
"Mango, ripe, himsagar",pakka aam.
"Mango, ripe, kesar",aam
"Mango, ripe, kesar",aam (paka)
"Mango, ripe, kesar",kesar kedi
"Mango, ripe, kesar",mvina hannu
"Mango, ripe, kesar",aamb
"Mango, ripe, kesar",soh pieng
"Mango, ripe, kesar",mam pazham
"Mango, ripe, kesar",heinou amunba
"Mango, ripe, kesar",amba (piklela)
"Mango, ripe, kesar",ampa
"Mango, ripe, kesar",amba (pachila)
"Mango, ripe, kesar",aamra
"Mango, ripe, kesar",mampazham
"Mango, ripe, kesar",mamidi pandu
"Mango, ripe, kesar",pakka aam.
"Mango, ripe, neelam",aam
"Mango, ripe, neelam",aam (paka)
"Mango, ripe, neelam",nilam kedi
"Mango, ripe, neelam",mvina hannu
"Mango, ripe, neelam",aamb
"Mango, ripe, neelam",soh pieng
"Mango, ripe, neelam",mam  pazham
"Mango, ripe, neelam",heinou amunba
"Mango, ripe, neelam",amba (piklela)
"Mango, ripe, neelam",ampa
"Mango, ripe, neelam",amba (pachila)
"Mango, ripe, neelam",aamra
"Mango, ripe, neelam",mampazham
"Mango, ripe, neelam",mamidi pandu
"Mango, ripe, neelam",pakka aam.
"Mango, ripe, paheri",aam
"Mango, ripe, paheri",aam (paka)
"Mango, ripe, paheri",keri
"Mango, ripe, paheri",mvina hannu
"Mango, ripe, paheri",aamb
"Mango, ripe, paheri",soh pieng
"Mango, ripe, paheri",mam pazham
"Mango, ripe, paheri",heinou amunba
"Mango, ripe, paheri",amba (piklela)
"Mango, ripe, paheri",ampa
"Mango, ripe, paheri",amba (pachila)
"Mango, ripe, paheri",aamra
"Mango, ripe, paheri",mampazham
"Mango, ripe, paheri",mamidi pandu
"Mango, ripe, paheri",pakka aam.
"Mango, ripe, totapari",aam
"Mango, ripe, totapari",aam (paka)
"Mango, ripe, totapari",totapuri kedi
"Mango, ripe, totapari",mvina hannu
"Mango, ripe, totapari",aamb
"Mango, ripe, totapari",soh pieng
"Mango, ripe, totapari",mam pazham
"Mango, ripe, totapari",heinou amunba
"Mango, ripe, totapari",amba (piklela)
"Mango, ripe, totapari",ampa
"Mango, ripe, totapari",amba (pachila)
"Mango, ripe, totapari",aamra
"Mango, ripe, totapari",mamidi pandu
"Mango, ripe, totapari",mampazham
"Mango, ripe, totapari",pakka aam.
Mangosteen,purple mangosteen
Mangosteen,mangustan
Mangosteen,kodam puli
Mangosteen,sulambali.
Manila tamarind,jilapi
Manila tamarind,bakhai ambli/vilayabi ambli
Manila tamarind,ganga imli/ jangal jalebi
Manila tamarind,seema/ dora hunase
Manila tamarind,soh kyntoi im
Manila tamarind,mange
Manila tamarind,vilayatichinch
Manila tamarind,jangjalebi
Manila tamarind,kodukkapuli
Manila tamarind,seema chintakaya.
"Musk melon, orange flesh",siral
"Musk melon, orange flesh",kharamuja
"Musk melon, orange flesh",muskmelon
"Musk melon, orange flesh",kharbujo
"Musk melon, orange flesh",kharbooja
"Musk melon, orange flesh",kherbuz
"Musk melon, orange flesh",mulam pazham
"Musk melon, orange flesh",kharbuuja
"Musk melon, orange flesh",kharbuz.
"Musk melon, yellow flesh",siral
"Musk melon, yellow flesh",kharamuja
"Musk melon, yellow flesh",muskmelon
"Musk melon, yellow flesh",kharbujo (pido)
"Musk melon, yellow flesh",kharbooja
"Musk melon, yellow flesh",kherbuz
"Musk melon, yellow flesh",mulam pazham
"Musk melon, yellow flesh",kharbuuja
"Musk melon, yellow flesh",kharbuz.
"Orange, pulp",komola
"Orange, pulp",kamala lebu
"Orange, pulp",santra
"Orange, pulp",kithilai
"Orange, pulp",sangtar
"Orange, pulp",soh niamtra
"Orange, pulp",madhura naranga
"Orange, pulp",komla
"Orange, pulp",santre
"Orange, pulp",suntala
"Orange, pulp",kamala
"Orange, pulp",naarangga
"Orange, pulp",saathukudi
"Orange, pulp",kamala padu
"Orange, pulp",santra.
"Palm fruit, tender","doub palm, palmyra palm, tala palm, toddy palm, wine palm, ice apple"
"Palm fruit, tender",tar
"Palm fruit, tender",thati mangu
"Palm fruit, tender",pnamnungu
"Palm fruit, tender",tala saja
"Palm fruit, tender",panai nungu
"Palm fruit, tender",thati munjalu.
"Papaya, ripe",amita
"Papaya, ripe",pepe (paka)
"Papaya, ripe","papaw, pawpaw"
"Papaya, ripe",papayu
"Papaya, ripe",papita
"Papaya, ripe",pappayi hannu
"Papaya, ripe",soh kymphor
"Papaya, ripe",papayi
"Papaya, ripe",omakai
"Papaya, ripe",awathabi amunba
"Papaya, ripe",popai
"Papaya, ripe",mewa
"Papaya, ripe",amrutbhanda (pachila)
"Papaya, ripe",pappali
"Papaya, ripe",boppayi pandu
"Papaya, ripe",papita.
Peach,ahom bogori
Peach,nectarine
Peach,aroo
Peach,aer
Peach,soh phareng
Peach,chumbrei
Peach,aroo.
Pear,naspoti
Pear,nashpati
Pear,nashpatino
Pear,berikai
Pear,tang
Pear,soh phoh
Pear,sabarjil
Pear,naspati
Pear,berikkai
Pear,berikaya
Pear,nashpati.
Phalsa,pharaskol
Phalsa,falsa
Phalsa,phalsa hannu
Phalsa,soh broi rit
Phalsa,palisa
Phalsa,mirgichara
Phalsa,falsa pandu
Phalsa,falsa.
Pineapple,ahnaros
Pineapple,anarasa
Pineapple,anenas
Pineapple,ananas
Pineapple,punchitipul
Pineapple,soh trun
Pineapple,anas
Pineapple,kayirha chakka
Pineapple,kihom ananas
Pineapple,sapuri
Pineapple,annasi pazham
Pineapple,anasa pandu
Pineapple,ananas.
Plum,alubokhara
Plum,aaddu
Plum,onagida draakshi
Plum,aeir
Plum,soh plum dorris/ norris
Plum,heikha
Plum,aloobhukhara
Plum,alapagoda.
"Pomegranate, maroon seeds",dalim
"Pomegranate, maroon seeds",bedana
"Pomegranate, maroon seeds",dadam
"Pomegranate, maroon seeds",anar
"Pomegranate, maroon seeds",dalimbari
"Pomegranate, maroon seeds",daan
"Pomegranate, maroon seeds",soh pomegranate
"Pomegranate, maroon seeds",dalimb
"Pomegranate, maroon seeds",mathalam pazhham
"Pomegranate, maroon seeds",kamphoi
"Pomegranate, maroon seeds",dalimba
"Pomegranate, maroon seeds",daaddima
"Pomegranate, maroon seeds",madhulam pazham
"Pomegranate, maroon seeds",danimma pandu
"Pomegranate, maroon seeds",anaar.
Pummelo,rabab tenga
Pummelo,batabilembu
Pummelo,pomelo
Pummelo,papnuse
Pummelo,chakotra
Pummelo,chakkota
Pummelo,soh bah
Pummelo,bombilimas
Pummelo,nobab
Pummelo,papnus
Pummelo,batapilembu
Pummelo,pampara panasa.
"Raisins, dried, black",kishmish
"Raisins, dried, black",dried grape
"Raisins, dried, black",kadi draksha
"Raisins, dried, black",drashi
"Raisins, dried, black",kismis iong
"Raisins, dried, black",mundiringa (unakku)
"Raisins, dried, black",kismis
"Raisins, dried, black",songi
"Raisins, dried, black",ular dhirachai
"Raisins, dried, black",endu draksha
"Raisins, dried, black",kishmish.
"Raisins, dried, golden",kishmish
"Raisins, dried, golden",dried grape
"Raisins, dried, golden",pidi draksha
"Raisins, dried, golden",drashi
"Raisins, dried, golden",kismis saw
"Raisins, dried, golden",suke dhrakshi
"Raisins, dried, golden",mundiringa (unakku)
"Raisins, dried, golden",kismis
"Raisins, dried, golden",songi
"Raisins, dried, golden",ular dhirachai
"Raisins, dried, golden",endu draksha
"Raisins, dried, golden",kishmish.
Rambutan,rambutan.
Sapota,chiku
Sapota,sapodilla
Sapota,sapota.
Soursop,shul-ram fal
Soursop,lakshmanaphala/mulluramphala
Soursop,mullatha
Soursop,malai seethapalam/ paanghi pazham
Soursop,lakshamana phalamu.
Star fruit,kordoi
Star fruit,"carambola, starfruit"
Star fruit,amrakh
Star fruit,kazmal/kamrakh
Star fruit,kamaraka/ kapazakshi hannu
Star fruit,soh pyrshong
Star fruit,caturappuli
Star fruit,heinoujom
Star fruit,karambal
Star fruit,karamanga
Star fruit,tamarattai
Star fruit,kamrakh.
Strawberry,nela milli hannu
Strawberry,strawberry/ soh stap
Strawberry,stroberry
Strawberry,lachi
Strawberry,istaber
Strawberry,strawberry.
"Tamarind, pulp",teteli
"Tamarind, pulp",tetul
"Tamarind, pulp",amli
"Tamarind, pulp",imli
"Tamarind, pulp",hunise hannu
"Tamarind, pulp",tambari
"Tamarind, pulp",soh kyntoi
"Tamarind, pulp",puli
"Tamarind, pulp",mange
"Tamarind, pulp",chinch
"Tamarind, pulp",imali
"Tamarind, pulp",tentuli
"Tamarind, pulp",sucukrika
"Tamarind, pulp",chintha pandu
"Tamarind, pulp",imli.
"Water melon, dark green (sugar baby)",tormuj
"Water melon, dark green (sugar baby)",tarmuj
"Water melon, dark green (sugar baby)",watermelon
"Water melon, dark green (sugar baby)",tadbuj
"Water melon, dark green (sugar baby)",tarbuj
"Water melon, dark green (sugar baby)",kallangadi
"Water melon, dark green (sugar baby)",hend wend
"Water melon, dark green (sugar baby)",soh watermelon
"Water melon, dark green (sugar baby)",bacchanga
"Water melon, dark green (sugar baby)",thannir mathan
"Water melon, dark green (sugar baby)",kalingad
"Water melon, dark green (sugar baby)",kharbuja
"Water melon, dark green (sugar baby)",tarvuja
"Water melon, dark green (sugar baby)",dawana
"Water melon, dark green (sugar baby)",darbusani
"Water melon, dark green (sugar baby)",puchakaya
"Water melon, dark green (sugar baby)",tarbuja.
"Water melon, pale green",tormuj
"Water melon, pale green",tarmuj
"Water melon, pale green",watermelon
"Water melon, pale green",tadbuj
"Water melon, pale green",tarbuj
"Water melon, pale green",kallangadi
"Water melon, pale green",hend wend
"Water melon, pale green",soh watermelon
"Water melon, pale green",bacchanga
"Water melon, pale green",thannir mathan
"Water melon, pale green",kalingad
"Water melon, pale green",kharbuja
"Water melon, pale green",tarvuja
"Water melon, pale green",dawana
"Water melon, pale green",darbusani
"Water melon, pale green",puchakaya
"Water melon, pale green",tarbuja.
Wood apple,bel
Wood apple,koyeth bael
Wood apple,elephant apple
Wood apple,kothu
Wood apple,kaith
Wood apple,bele
Wood apple,bum choont
Wood apple,vilam pazham
Wood apple,kavath
Wood apple,kaitha
Wood apple,chaktora
Wood apple,bilvaon (gorakamli)
Wood apple,velega pandu
Wood apple,beal.
Zizyphus,bogori
Zizyphus,kula
Zizyphus,"jujube, ziziphus"
Zizyphus,ber
Zizyphus,yelachi
Zizyphus,brey
Zizyphus,soh broi heh
Zizyphus,bor
Zizyphus,elanth pazham
Zizyphus,boroi
Zizyphus,barakoli
Zizyphus,beri
Zizyphus,badarii
Zizyphus,elanthai pazham
Zizyphus,regu pandu
Zizyphus,ber.
Beetroot,beet
Beetroot,"beet root, beet, table beet, garden beet, red beet, golden beet"
Beetroot,chukandar
Beetroot,u bit
Beetroot,chogander munji
Beetroot,beet root
Beetroot,bita
Beetroot,paalangashaakah
Beetroot,chokhandar.
"Carrot, orange",gajor
"Carrot, orange",gajar
"Carrot, orange",gajjare
"Carrot, orange",ghahzir
"Carrot, orange",u kajor
"Carrot, orange",carrot
"Carrot, orange",gajara
"Carrot, orange",grunjanam
"Carrot, orange",gajjara gadda
"Carrot, orange",gajar.
"Carrot, red",gajor
"Carrot, red",gajar
"Carrot, red",gajjare
"Carrot, red",ghahzir
"Carrot, red",kajor
"Carrot, red",carrot
"Carrot, red",gajara
"Carrot, red",grunjanam
"Carrot, red",gajjara gadda
"Carrot, red",gajar.
Colocasia,kosu
Colocasia,kochu
Colocasia,taro
Colocasia,advi
Colocasia,arwi
Colocasia,samagadde
Colocasia,faram
Colocasia,ka shriew
Colocasia,chembu
Colocasia,paan
Colocasia,alu kanda
Colocasia,saru
Colocasia,seppankizhangu
Colocasia,chama dumpa
Colocasia,arwi.
Lotus root,podum thari
Lotus root,kamad kakdi
Lotus root,"kamal gatta, kamal kakdi"
Lotus root,tavare dantu
Lotus root,nader
Lotus root,thied lotus
Lotus root,thamara thandu
Lotus root,thambou
Lotus root,kamalkaakdi
Lotus root,padma nad
Lotus root,kamal zahr
Lotus root,thamaraithandu
Lotus root,thamara kada
Lotus root,kanwal kakri.
"Potato, brown skin, big",simolu aloo
"Potato, brown skin, big",gal alu
"Potato, brown skin, big",bateka
"Potato, brown skin, big",alu
"Potato, brown skin, big",alugadda
"Potato, brown skin, big",oalu
"Potato, brown skin, big",u phan
"Potato, brown skin, big",urula kizhangu
"Potato, brown skin, big",aloo
"Potato, brown skin, big",batata
"Potato, brown skin, big",aalukah
"Potato, brown skin, big",urulai kizhangu
"Potato, brown skin, big",bangala dumpa
"Potato, brown skin, big",alu.
"Potato, brown skin, small",simolu aloo
"Potato, brown skin, small",gal alu
"Potato, brown skin, small",bateka
"Potato, brown skin, small",alu
"Potato, brown skin, small",alugadda
"Potato, brown skin, small",oalu
"Potato, brown skin, small",phan rit
"Potato, brown skin, small",aloo
"Potato, brown skin, small",batata
"Potato, brown skin, small",", o., p., u. alu"
"Potato, brown skin, small",aalukah
"Potato, brown skin, small",urulaikizhangu
"Potato, brown skin, small",bangala dumpa.
"Potato, red skin",aloo
"Potato, red skin",gal alu
"Potato, red skin",bateka
"Potato, red skin",alu
"Potato, red skin",alugadda
"Potato, red skin",oalu
"Potato, red skin",phan saw
"Potato, red skin",urula kizhangu
"Potato, red skin",batata
"Potato, red skin",aalukah
"Potato, red skin",urulaikizhangu
"Potato, red skin",bangala dumpa
"Potato, red skin",alu.
"Radish, elongate, red skin",mula
"Radish, elongate, red skin",muda
"Radish, elongate, red skin",muli
"Radish, elongate, red skin",mullangi
"Radish, elongate, red skin",muli saw
"Radish, elongate, red skin",gonglu
"Radish, elongate, red skin",moolikaa
"Radish, elongate, red skin",mooli.
"Radish, elongate, white skin",mula
"Radish, elongate, white skin",muda
"Radish, elongate, white skin",muli
"Radish, elongate, white skin",mullangi
"Radish, elongate, white skin",muli lieh
"Radish, elongate, white skin",gonglu
"Radish, elongate, white skin",moolikaa
"Radish, elongate, white skin",mooli.
"Radish, round, red skin",mula
"Radish, round, red skin",muda
"Radish, round, red skin",muli
"Radish, round, red skin",mullangi
"Radish, round, red skin",muli pyllon
"Radish, round, red skin",gonglu
"Radish, round, red skin",moolikaa
"Radish, round, red skin",mooli.
"Radish, round, white skin",mula
"Radish, round, white skin",muda
"Radish, round, white skin",muli
"Radish, round, white skin",mullangi
"Radish, round, white skin",muli pyllon
"Radish, round, white skin",gonglu
"Radish, round, white skin",moolikaa
"Radish, round, white skin",mooli.
"Sweet potato, brown skin",meetha aloo
"Sweet potato, brown skin",ranga alu
"Sweet potato, brown skin",sakkaria
"Sweet potato, brown skin",shakarkand
"Sweet potato, brown skin",genasu
"Sweet potato, brown skin",phankaro iong
"Sweet potato, brown skin",sakkarvalli kazhangu
"Sweet potato, brown skin",manghra
"Sweet potato, brown skin",ratalu
"Sweet potato, brown skin",sakhar khand
"Sweet potato, brown skin",kandamula
"Sweet potato, brown skin",sakkargandi
"Sweet potato, brown skin",sakkarvalli kizhangu
"Sweet potato, brown skin",chilagada dumpa
"Sweet potato, brown skin",ratalu.
"Sweet potato, pink skin",meetha aloo
"Sweet potato, pink skin",ranga alu
"Sweet potato, pink skin",sakkaria
"Sweet potato, pink skin",shakarkand
"Sweet potato, pink skin",genasu
"Sweet potato, pink skin",phankaro saw
"Sweet potato, pink skin",sakkarvalli kazhangu
"Sweet potato, pink skin",manghra
"Sweet potato, pink skin",ratalu
"Sweet potato, pink skin",sakhar khand
"Sweet potato, pink skin",kandamula
"Sweet potato, pink skin",sakkargandi
"Sweet potato, pink skin",sakkarvalli kizhangu
"Sweet potato, pink skin",chilagada dumpa
"Sweet potato, pink skin",ratalu.
Tapioca,sagi
Tapioca,simla alu
Tapioca,aararoot
Tapioca,mra genasu
Tapioca,phan dieng
Tapioca,mrachini
Tapioca,u manghra
Tapioca,simla  batata
Tapioca,tarul
Tapioca,kathakonda
Tapioca,maravalli kizhangu
Tapioca,krrapendalamu
Tapioca,kasawa soji.
Water Chestnut,pani singora
Water Chestnut,pani phal
Water Chestnut,shingoda
Water Chestnut,", mar. shingara"
Water Chestnut,goer
Water Chestnut,karimpolam
Water Chestnut,kaothum
Water Chestnut,pani singhara
Water Chestnut,shingada
Water Chestnut,singhara
Water Chestnut,kubyakam.
"Yam, elephant",ol kachu
"Yam, elephant",ol
"Yam, elephant","elephant foot yam, whitespot giant arum"
"Yam, elephant",suran
"Yam, elephant",zimikandha
"Yam, elephant",suvarna gadda
"Yam, elephant",shriew hati
"Yam, elephant",chena
"Yam, elephant",haa
"Yam, elephant",zimikand
"Yam, elephant",karunai kizhangu
"Yam, elephant",kandha dumpa.
"Yam, ordinary",kath aloo
"Yam, ordinary",gherkochoo
"Yam, ordinary","white yam, winged yam, water yam, purple yam"
"Yam, ordinary",ratadu
"Yam, ordinary",sooran
"Yam, ordinary",suvarna gadda
"Yam, ordinary",shriew jrong
"Yam, ordinary",chena
"Yam, ordinary",haa
"Yam, ordinary",goradu
"Yam, ordinary",pidaloo
"Yam, ordinary",khamba alu
"Yam, ordinary",aalu
"Yam, ordinary",karunai kizhangu
"Yam, ordinary",durdakandagadda.
"Yam, wild",jongoli kosu
"Yam, wild",ranga alu
"Yam, wild",ratadu
"Yam, wild",suaralu
"Yam, wild",hegganasu
"Yam, wild",shriew lieh
"Yam, wild",kattuchena
"Yam, wild",haa
"Yam, wild",suran
"Yam, wild",kodi kizhangu
"Yam, wild",chedu paddu dumpa.
"Chillies, green-1",kesa jalakia
"Chillies, green-1",chili pepper
"Chillies, green-1",lila marcha
"Chillies, green-1",hara mirchi
"Chillies, green-1",hasi menasinakayi
"Chillies, green-1",marach wangun
"Chillies, green-1",sohmynken heh
"Chillies, green-1",mulaku
"Chillies, green-1",morok
"Chillies, green-1",hariyo khursani
"Chillies, green-1",kancha lanka
"Chillies, green-1",marichika
"Chillies, green-1",pachhai milagai
"Chillies, green-1",pacchi mirapakaya
"Chillies, green-1",hara mirchi.
"Chillies, green-2",kesa jalakia
"Chillies, green-2",chili pepper
"Chillies, green-2",lila marcha
"Chillies, green-2",hara mirchi
"Chillies, green-2",hasi menasinakayi
"Chillies, green-2",marach wangun
"Chillies, green-2",soh mynken dkhar
"Chillies, green-2",mulaku
"Chillies, green-2",morok
"Chillies, green-2",hariyo khursani
"Chillies, green-2",kancha lanka
"Chillies, green-2",marichika
"Chillies, green-2",pachhai milagai
"Chillies, green-2",pacchi mirapakaya
"Chillies, green-2",hara mirchi.
"Chillies, green-3",kesa jalakia
"Chillies, green-3",chili pepper
"Chillies, green-3",lila marcha
"Chillies, green-3",hara mirchi
"Chillies, green-3",hasi menasinakayi
"Chillies, green-3",marach wangun
"Chillies, green-3",soh mynken dkhar
"Chillies, green-3",mulaku
"Chillies, green-3",morok
"Chillies, green-3",hariyo khursani
"Chillies, green-3",kancha lanka
"Chillies, green-3",marichika
"Chillies, green-3",pachhai milagai
"Chillies, green-3",pacchi mirapakaya
"Chillies, green-3",hara mirchi.
"Chillies, green-4",kesa jalakia
"Chillies, green-4",chili pepper
"Chillies, green-4",hara mirchi
"Chillies, green-4",hasi menasinakayi
"Chillies, green-4",marach wangun
"Chillies, green-4",soh mynken dkhar
"Chillies, green-4",mulaku
"Chillies, green-4",morok
"Chillies, green-4",hariyo khursani
"Chillies, green-4",kancha lanka
"Chillies, green-4",marichika
"Chillies, green-4",pachhai milagai
"Chillies, green-4",pacchi mirapakaya
"Chillies, green-4",hara mirchi.
"Chillies, green-5",kesa jalakia
"Chillies, green-5",chili pepper
"Chillies, green-5",vadhvani marcha
"Chillies, green-5",hara mirchi
"Chillies, green-5",hasi menasinakayi
"Chillies, green-5",marach wangun
"Chillies, green-5",soh mynken dkhar
"Chillies, green-5",mulaku
"Chillies, green-5",morok
"Chillies, green-5",hariyo khursani
"Chillies, green-5",kancha lanka
"Chillies, green-5",marichika
"Chillies, green-5",pachhai milagai
"Chillies, green-5",pacchi mirapakaya
"Chillies, green-5",hara mirchi.
"Chillies, green-6",kesa jalakia
"Chillies, green-6",chili pepper
"Chillies, green-6",lila marcha
"Chillies, green-6",hara mirchi
"Chillies, green-6",hasi menasinakayi
"Chillies, green-6",marach wangun
"Chillies, green-6",soh mynken dkhar
"Chillies, green-6",mulaku
"Chillies, green-6",morok
"Chillies, green-6",hariyo khursani
"Chillies, green-6",kancha lanka
"Chillies, green-6",marichika
"Chillies, green-6",pachhai milagai
"Chillies, green-6",pacchi mirapakaya
"Chillies, green-6",hara mirchi.
"Chillies, green-7",kesa jalakia
"Chillies, green-7",chili pepper
"Chillies, green-7",gola marcha
"Chillies, green-7",hara mirchi
"Chillies, green-7",hasi menasinakayi
"Chillies, green-7",marach wangun
"Chillies, green-7",soh mynken beb
"Chillies, green-7",mulaku
"Chillies, green-7",morok
"Chillies, green-7",hariyo khursani
"Chillies, green-7",kancha lanka
"Chillies, green-7",marichika
"Chillies, green-7",pachhai milagai
"Chillies, green-7",pacchi mirapakaya
"Chillies, green-7",hara mirchi.
"Chillies, green - all varieties",kesa jalakia
"Chillies, green - all varieties",chili pepper
"Chillies, green - all varieties",hara mirchi
"Chillies, green - all varieties",hasi menasinakayi
"Chillies, green - all varieties",marach wangun
"Chillies, green - all varieties",soh mynken dkhar
"Chillies, green - all varieties",mulaku
"Chillies, green - all varieties",morok
"Chillies, green - all varieties",hariyo khursani
"Chillies, green - all varieties",kancha lanka
"Chillies, green - all varieties",marichika
"Chillies, green - all varieties",pachhai milagai
"Chillies, green - all varieties",pacchi mirapakaya
"Chillies, green - all varieties",hara mirchi.
Coriander leaves,dhania paat
Coriander leaves,dhone pata
Coriander leaves,"cilantro, chinese parsley"
Coriander leaves,dhana pandada
Coriander leaves,hara dhania
Coriander leaves,kothambari
Coriander leaves,daaniwal
Coriander leaves,dhonia dkhar
Coriander leaves,kothamalli
Coriander leaves,fadhighom mana
Coriander leaves,kothimbir
Coriander leaves,hario dhaniya
Coriander leaves,dhania patra
Coriander leaves,hara dhaniya patta
Coriander leaves,kothimiri
Coriander leaves,hara dhaniya.
Curry leaves,narasingha paat
Curry leaves,karhi-pat
Curry leaves,sweet neem leaves
Curry leaves,kadi umdo
Curry leaves,gandhela
Curry leaves,karibevu
Curry leaves,curry patta
Curry leaves,sla kori
Curry leaves,kariveppilai
Curry leaves,curry pata
Curry leaves,kary patta
Curry leaves,bhursanga patra
Curry leaves,kadhi patta
Curry leaves,girinimba
Curry leaves,karivepaku
Curry leaves,kadi ka patta.
"Garlic, big cloves",nohoru
"Garlic, big cloves",rashun
"Garlic, big cloves",lasan
"Garlic, big cloves",lehsan
"Garlic, big cloves",bellulli
"Garlic, big cloves",ruhan
"Garlic, big cloves",rynsun heh/ rynsun dkhar
"Garlic, big cloves",vellulli
"Garlic, big cloves",chanam
"Garlic, big cloves",lasoon
"Garlic, big cloves",lasun
"Garlic, big cloves",rasuna
"Garlic, big cloves",lashoonam
"Garlic, big cloves",poondu
"Garlic, big cloves",laisan.
"Garlic, small cloves",nohoru
"Garlic, small cloves",rashun
"Garlic, small cloves",lasan
"Garlic, small cloves",lehsan
"Garlic, small cloves",bellulli
"Garlic, small cloves",ruhan
"Garlic, small cloves",rynsun rit
"Garlic, small cloves",vellulli
"Garlic, small cloves",chanam
"Garlic, small cloves",lasoon
"Garlic, small cloves",lasun
"Garlic, small cloves",rasuna
"Garlic, small cloves",lashoonam
"Garlic, small cloves",poondu
"Garlic, small cloves",laisan.
"Garlic, single clove, Kashmir",nohoru
"Garlic, single clove, Kashmir",ek koya rashun
"Garlic, single clove, Kashmir",lasan
"Garlic, single clove, Kashmir",lehsan
"Garlic, single clove, Kashmir",bellulli
"Garlic, single clove, Kashmir",ruhan
"Garlic, single clove, Kashmir",rynsun
"Garlic, single clove, Kashmir",vellulli
"Garlic, single clove, Kashmir",chanam
"Garlic, single clove, Kashmir",lasoon
"Garlic, single clove, Kashmir",lasun
"Garlic, single clove, Kashmir",rasuna
"Garlic, single clove, Kashmir",lashoonam
"Garlic, single clove, Kashmir",ottrai poondu
"Garlic, single clove, Kashmir",laisan.
"Ginger, fresh",ada kesa
"Ginger, fresh",ada
"Ginger, fresh",adu
"Ginger, fresh",shunti
"Ginger, fresh",sying bah
"Ginger, fresh",inji
"Ginger, fresh",sing
"Ginger, fresh",ale
"Ginger, fresh",aduwa
"Ginger, fresh",aadrak
"Ginger, fresh",allam
"Ginger, fresh",adrak.
Mango ginger,aam ada
Mango ginger,amada
Mango ginger,amba hardar
Mango ginger,aam adhrak
Mango ginger,mavina hasi sunthi
Mango ginger,adrak
Mango ginger,sying makhir
Mango ginger,mangainji
Mango ginger,amba haldi
Mango ginger,aam adrak
Mango ginger,mainji
Mango ginger,mamidiallam
Mango ginger,aam adrak.
Mint leaves,podina
Mint leaves,pudina
Mint leaves,mentha
Mint leaves,phudino
Mint leaves,pudinth
Mint leaves,nungsihidak
Mint leaves,baabari
Mint leaves,pudina patra
Mint leaves,pudina.
"Onion, big",piyanj
"Onion, big",peyaj
"Onion, big","bulb onion, common onion"
"Onion, big",kando
"Onion, big",pyaz
"Onion, big",eerulli
"Onion, big",gandha
"Onion, big",piat
"Onion, big",ulli
"Onion, big",tilhou
"Onion, big",kanda
"Onion, big",pyaj
"Onion, big",piaja
"Onion, big",gandhe
"Onion, big",palaanduh
"Onion, big",vengayam
"Onion, big",neerulli/ullipaya
"Onion, big",pyaaz.
"Onion, small",xoru piyanj
"Onion, small",gundhun
"Onion, small","bulb onion, common onion"
"Onion, small",dungri (nani)
"Onion, small",pyaaz kali
"Onion, small",chikk eerulli
"Onion, small",praan
"Onion, small",piat rit
"Onion, small",cheriya ulli
"Onion, small",tilhou
"Onion, small",kanda
"Onion, small",chayapi
"Onion, small",gandhe
"Onion, small",chinna vengayam
"Onion, small",chinna ullipaya
"Onion, small",pyaaz.
Asafoetida,hing
Asafoetida,"food of the gods, jowani badian, hengu, ingu, kayam, ting"
Asafoetida,hingu
Asafoetida,yangu
Asafoetida,u hing
Asafoetida,perungayam
Asafoetida,badhika
Asafoetida,perugayam
Asafoetida,inguva
Asafoetida,hing.
"Cardamom, green",ilasi
"Cardamom, green",elach
"Cardamom, green",true cardamom
"Cardamom, green",alechi
"Cardamom, green",elaychi
"Cardamom, green",yelakki
"Cardamom, green",aa’l budu’a aa’ l
"Cardamom, green",elaishi
"Cardamom, green",elakkai
"Cardamom, green",elaichi
"Cardamom, green",veldoda
"Cardamom, green",alaichi
"Cardamom, green",shoti elaychi
"Cardamom, green",ela
"Cardamom, green",elaichi.
"Cardamom, black",boro elach
"Cardamom, black","hill cardamom, bengal cardamom, greater cardamom, indian cardamom, nepal cardamom, winged cardamom, brown cardamom"
"Cardamom, black",moti alechi
"Cardamom, black",ilasi
"Cardamom, black",badi elaychi
"Cardamom, black",yelakki
"Cardamom, black",aa’l budu’a aa’ l
"Cardamom, black",elaichi
"Cardamom, black",elathari
"Cardamom, black",veldoda
"Cardamom, black",alaichi
"Cardamom, black",baddi elaychi
"Cardamom, black",ela
"Cardamom, black",elakkai
"Cardamom, black",elaichi.
"Chillies, red",sukan jolokia
"Chillies, red",shuckhuo lonka
"Chillies, red",red chilli pepper
"Chillies, red",lal marcha (sukha)
"Chillies, red",mirchi
"Chillies, red",ona menasinakayi
"Chillies, red",sohmynken trykhong
"Chillies, red",mulaku
"Chillies, red",morok akangba
"Chillies, red",rato khursani
"Chillies, red",lanka
"Chillies, red",lal mircha
"Chillies, red",varamilagai
"Chillies, red",mirapakaya
"Chillies, red",lal mirchi.
Cloves,long
Cloves,lobong
Cloves,lavang
Cloves,lavanga
Cloves,ruang
Cloves,u long
Cloves,krambu
Cloves,luwang
Cloves,labang
Cloves,lavangu
Cloves,long.
Coriander seeds,dhoniya
Coriander seeds,dhone
Coriander seeds,"cilantro seeds, chinese parsley seeds"
Coriander seeds,sukha dhana
Coriander seeds,dhania
Coriander seeds,kothambari
Coriander seeds,daaniwal
Coriander seeds,symbai dhania
Coriander seeds,kothambalari
Coriander seeds,fadhighom maru
Coriander seeds,dhane
Coriander seeds,dhanyaka
Coriander seeds,kothamalli vidhai
Coriander seeds,dhaniyalu
Coriander seeds,dhaniya.
Cumin seeds,jeera
Cumin seeds,jire
Cumin seeds,jiru
Cumin seeds,jira
Cumin seeds,jeerage
Cumin seeds,zyur
Cumin seeds,u jeera
Cumin seeds,jeerakam
Cumin seeds,jiraka
Cumin seeds,jeelakarra
Cumin seeds,jira.
Fenugreek seeds,methi
Fenugreek seeds,methi dana
Fenugreek seeds,menthe
Fenugreek seeds,meeth
Fenugreek seeds,symbai methi
Fenugreek seeds,uluva
Fenugreek seeds,methe
Fenugreek seeds,venthayam
Fenugreek seeds,menthulu
Fenugreek seeds,methi.
Mace,jayitri
Mace,nutmeg
Mace,javantri
Mace,avithri
Mace,jalwatur
Mace,jathipatri
Mace,jaypatri
Mace,jaipatri
Mace,japathri
Mace,javantri.
Nutmeg,jaiphal
Nutmeg,jayphal
Nutmeg,"fragrant nutmeg, true nutmeg"
Nutmeg,jayaphad
Nutmeg,jayikayi mara
Nutmeg,zaaphal
Nutmeg,jathikai
Nutmeg,jayaphala
Nutmeg,jatiphala
Nutmeg,jajikaya
Nutmeg,jaifal.
Omum,ajwain
Omum,joan
Omum,"ajwain, ajowan, ajowan caraway, ajman, bishop`s weed, carom"
Omum,ajmo
Omum,ajwan
Omum,oma
Omum,jawind
Omum,paspron
Omum,ayamothakam
Omum,onva
Omum,juani
Omum,ajamoda
Omum,vamu
Omum,ajwain.
Pippali,pipul
Pippali,"long pepper, indian long pepper"
Pippali,khus khus
Pippali,pipli
Pippali,kandan lippili
Pippali,sohmarit khlaw
Pippali,tippali
Pippali,pimpli
Pippali,sarupippali
Pippali,javantri
Pippali,tippili
Pippali,pippallu
Pippali,pipul.
"Pepper, black",kola jaluk
"Pepper, black",golmarichi
"Pepper, black",peppercorn
"Pepper, black",mari
"Pepper, black",kalimirchi
"Pepper, black",kari menasu
"Pepper, black",marutus
"Pepper, black",soh marit
"Pepper, black",kurumlaku
"Pepper, black",mire
"Pepper, black",marich
"Pepper, black",golomarcho
"Pepper, black","marich ushna, hapusha"
"Pepper, black",milagu
"Pepper, black",mirayalu
"Pepper, black",kaali mirch.
Poppy seeds,afoo guti
Poppy seeds,posta
Poppy seeds,aphina
Poppy seeds,postdana
Poppy seeds,afim
Poppy seeds,khaskhash
Poppy seeds,afiam
Poppy seeds,khaskhas
Poppy seeds,khus khus
Poppy seeds,postak
Poppy seeds,khas khas
Poppy seeds,khasa
Poppy seeds,khasakhasa
Poppy seeds,gasagasalu
Poppy seeds,khash khash.
Turmeric powder,halodhi
Turmeric powder,holud
Turmeric powder,haddar
Turmeric powder,haldi
Turmeric powder,anashina
Turmeric powder,lader
Turmeric powder,shynrai
Turmeric powder,manjal
Turmeric powder,yaingang
Turmeric powder,halad
Turmeric powder,besar
Turmeric powder,haladi
Turmeric powder,pasupu
Turmeric powder,haldi.
Almond,china badam
Almond,badam
Almond,almon
Almond,vatam kottai
Almond,kagji badam
Almond,badam paruppu
Almond,badam pappu
Almond,badam.
"Arecanut, dried, brown",sufari
"Arecanut, dried, brown",supari
"Arecanut, dried, brown","areca nut, betel nut"
"Arecanut, dried, brown",sopari
"Arecanut, dried, brown",adike
"Arecanut, dried, brown",kwai tyrkhong
"Arecanut, dried, brown",adakka
"Arecanut, dried, brown",kwa maru
"Arecanut, dried, brown",gua
"Arecanut, dried, brown",puuga
"Arecanut, dried, brown",kottai paakku
"Arecanut, dried, brown",vakka
"Arecanut, dried, brown",supari.
"Arecanut, dried, red color",sufari
"Arecanut, dried, red color",supari
"Arecanut, dried, red color","areca nut, betel nut"
"Arecanut, dried, red color",sopari
"Arecanut, dried, red color",adike
"Arecanut, dried, red color",supaari
"Arecanut, dried, red color",kwai supari
"Arecanut, dried, red color",adakka
"Arecanut, dried, red color",kwa maru
"Arecanut, dried, red color",gua
"Arecanut, dried, red color",puuga
"Arecanut, dried, red color",paakku
"Arecanut, dried, red color",vakka
"Arecanut, dried, red color",supari.
"Arecanut, fresh",kesa tamul
"Arecanut, fresh",supari
"Arecanut, fresh","areca nut, betel nut"
"Arecanut, fresh",sopari
"Arecanut, fresh",adike
"Arecanut, fresh",supaari
"Arecanut, fresh",kwai im
"Arecanut, fresh",adakka
"Arecanut, fresh",kwa maru
"Arecanut, fresh",gua
"Arecanut, fresh",puuga
"Arecanut, fresh",paakku
"Arecanut, fresh",vakka
"Arecanut, fresh",supari.
Cashew nut,kaju badam
Cashew nut,hijli badam
Cashew nut,kaju
Cashew nut,geru beeja
Cashew nut,soh kashu
Cashew nut,kasu andi
Cashew nut,lanka ambu
Cashew nut,mundiri paruppu
Cashew nut,jeedi pappu
Cashew nut,kaju.
"Coconut, kernel, dry",dab narikol
"Coconut, kernel, dry",narkel
"Coconut, kernel, dry",kopra ni kachli
"Coconut, kernel, dry",nariyal
"Coconut, kernel, dry",thengini kai
"Coconut, kernel, dry",narjil
"Coconut, kernel, dry",snep kor trykhong
"Coconut, kernel, dry",thenga
"Coconut, kernel, dry",yubi akangba
"Coconut, kernel, dry",narel
"Coconut, kernel, dry",nadia
"Coconut, kernel, dry",gola
"Coconut, kernel, dry",kopparai
"Coconut, kernel, dry",endu kobbari
"Coconut, kernel, dry",khopra.
"Coconut, kernel, fresh",narikol
"Coconut, kernel, fresh",narkel
"Coconut, kernel, fresh",nariyad
"Coconut, kernel, fresh",nariyal
"Coconut, kernel, fresh",thengina kayi
"Coconut, kernel, fresh",narjeel
"Coconut, kernel, fresh",snep kor im
"Coconut, kernel, fresh",karikku
"Coconut, kernel, fresh",yubi
"Coconut, kernel, fresh",narel
"Coconut, kernel, fresh",naribel
"Coconut, kernel, fresh",paida
"Coconut, kernel, fresh",naarikela
"Coconut, kernel, fresh",thenkai
"Coconut, kernel, fresh",kobbari
"Coconut, kernel, fresh",nariyel.
"Garden cress, seeds",soru manimunni
"Garden cress, seeds",halim
"Garden cress, seeds",asadiyo
"Garden cress, seeds",allibija
"Garden cress, seeds",alivirai
"Garden cress, seeds",ahiva
"Garden cress, seeds",adityala.
"Gingelly seeds, black",kola til
"Gingelly seeds, black",til
"Gingelly seeds, black",sesame seeds
"Gingelly seeds, black",kada tal
"Gingelly seeds, black",acchellu
"Gingelly seeds, black",nei iong
"Gingelly seeds, black",ellu
"Gingelly seeds, black",thoiding amuba
"Gingelly seeds, black",teel
"Gingelly seeds, black",rasi
"Gingelly seeds, black",nuvvulu
"Gingelly seeds, black",til .
"Gingelly seeds, brown",matia rangar til
"Gingelly seeds, brown",til
"Gingelly seeds, brown",sesame seeds
"Gingelly seeds, brown",tal
"Gingelly seeds, brown",acchellu
"Gingelly seeds, brown",nei
"Gingelly seeds, brown",ellu
"Gingelly seeds, brown",thoiding
"Gingelly seeds, brown",teel
"Gingelly seeds, brown",rasi
"Gingelly seeds, brown",nuvvulu
"Gingelly seeds, brown",til.
"Gingelly seeds, white",boga til
"Gingelly seeds, white",til
"Gingelly seeds, white",sesame seeds
"Gingelly seeds, white",safed tal
"Gingelly seeds, white",acchellu
"Gingelly seeds, white",nei
"Gingelly seeds, white",ellu
"Gingelly seeds, white",thoiding angouba
"Gingelly seeds, white",teel
"Gingelly seeds, white",rasi
"Gingelly seeds, white",nuvvulu
"Gingelly seeds, white",til.
Ground nut,badam
Ground nut,china badam
Ground nut,"peanut, groundnut, goober"
Ground nut,singdana
Ground nut,moog phali
Ground nut,kadale kayi
Ground nut,moong phalli
Ground nut,nilakkadalai
Ground nut,leibak hawai
Ground nut,bhui mug
Ground nut,verkadalai
Ground nut,verusenaga
Ground nut,moog phali.
Mustard seeds,soriyah
Mustard seeds,sorse
Mustard seeds,rai
Mustard seeds,sasuve
Mustard seeds,assur
Mustard seeds,symbai syrso
Mustard seeds,kadugu
Mustard seeds,hangham maru
Mustard seeds,mohori
Mustard seeds,rayo
Mustard seeds,sorisa
Mustard seeds,sarssapa
Mustard seeds,avalu
Mustard seeds,rai.
Linseeds,tishi
Linseeds,"flax seeds, common flax"
Linseeds,adsi
Linseeds,alsi
Linseeds,agasi
Linseeds,ailsh
Linseeds,cheruchana vithu
Linseeds,jawas
Linseeds,pesi
Linseeds,atasii
Linseeds,ali vidai
Linseeds,avise ginzalu
Linseeds,alsi.
"Niger seeds, black",sorguja
"Niger seeds, black",ram til
"Niger seeds, black",kada tal
"Niger seeds, black",kala til
"Niger seeds, black",gurellu
"Niger seeds, black",bazar-bhang
"Niger seeds, black",karim jeerakam
"Niger seeds, black",karale
"Niger seeds, black",kattelu
"Niger seeds, black",valasulu.
"Niger seeds, grey",sorguja
"Niger seeds, grey",ram til
"Niger seeds, grey",tal
"Niger seeds, grey",kala til
"Niger seeds, grey",gurellu
"Niger seeds, grey",bazar-bhang
"Niger seeds, grey",karim jeerakam
"Niger seeds, grey",karale
"Niger seeds, grey",kattelu
"Niger seeds, grey",valasulu.
Pine seeds,pine nut
Pine seeds,chilgoza
Pine seeds,symbai soh kseh
Pine seeds,jhurane biya
Pine seeds,rhi.
Pistachio nuts,pista
Pistachio nuts,pesta
Pistachio nuts,pista.
Safflower seeds,kusum
Safflower seeds,kusumbo
Safflower seeds,kardi
Safflower seeds,kusambe
Safflower seeds,symbai tiew sngi
Safflower seeds,karadi
Safflower seeds,sendurkan vidhai
Safflower seeds,kusuma ginzalu.
Sunflower seeds,beli phular guti
Sunflower seeds,suraj mukhi
Sunflower seeds,suraj mukhi na bee
Sunflower seeds,surya mukhi
Sunflower seeds,sryakanti bijagalu
Sunflower seeds,symbai tiew sngi
Sunflower seeds,suryakanthi
Sunflower seeds,numitlei maru
Sunflower seeds,surjya mukhi manji
Sunflower seeds,suryakanthi vidhai
Sunflower seeds,podduthirugidi puvvu ginzalu.
Walnut,akhrot
Walnut,akrodu
Walnut,dhoon
Walnut,akrottandi
Walnut,heijukha
Walnut,akhrod
Walnut,okhar
Walnut,akhoot
Walnut,akrot kaya
Walnut,akhrut.
"Jaggery, cane",gur
"Jaggery, cane",gurh
"Jaggery, cane",god
"Jaggery, cane",gud
"Jaggery, cane",bella
"Jaggery, cane",gor
"Jaggery, cane",mithai gur
"Jaggery, cane",godd
"Jaggery, cane",vellam
"Jaggery, cane",chini anganba
"Jaggery, cane",gul
"Jaggery, cane",guda
"Jaggery, cane",mandavellam
"Jaggery, cane",bellam
"Jaggery, cane",gud.
"Sugarcane, juice",kunhiyar
"Sugarcane, juice",akher rosh
"Sugarcane, juice",sherdino ras
"Sugarcane, juice",ganne-ka-ras
"Sugarcane, juice",kabbina halu
"Sugarcane, juice",ganne rus
"Sugarcane, juice",soh pai
"Sugarcane, juice",karumbin neeru
"Sugarcane, juice",chuhing
"Sugarcane, juice",usacha rasa
"Sugarcane, juice",aakhu dorua
"Sugarcane, juice",ganne-da-ras
"Sugarcane, juice",karumbu charu
"Sugarcane, juice",cheruku rasam
"Sugarcane, juice",ganne-ke-ras.
"Button mushroom, fresh",mushroom
"Button mushroom, fresh",banger chata
"Button mushroom, fresh","common mushroom, portobello mushroom"
"Button mushroom, fresh",biladi no top
"Button mushroom, fresh",aanabay/aanabe
"Button mushroom, fresh",hadder
"Button mushroom, fresh",tit budam
"Button mushroom, fresh",kun koon
"Button mushroom, fresh",chenghum
"Button mushroom, fresh",bhoochhtra
"Button mushroom, fresh",chatu
"Button mushroom, fresh",khoomba
"Button mushroom, fresh",kaalaan
"Button mushroom, fresh",putta godugu.
"Chicken mushroom, fresh",mushroom
"Chicken mushroom, fresh",banger chata
"Chicken mushroom, fresh",biladi no top
"Chicken mushroom, fresh",aanabay/aanabe
"Chicken mushroom, fresh",hadder
"Chicken mushroom, fresh",tit tyndong
"Chicken mushroom, fresh",kun koon
"Chicken mushroom, fresh",chenghum
"Chicken mushroom, fresh",bhoochhtra
"Chicken mushroom, fresh",chatu
"Chicken mushroom, fresh",khoomba
"Chicken mushroom, fresh",kaalaan
"Chicken mushroom, fresh",putta godugu.
"Shiitake mushroom, fresh",mushroom
"Shiitake mushroom, fresh",banger chata
"Shiitake mushroom, fresh",biladi no top
"Shiitake mushroom, fresh",aanabay/aanabe
"Shiitake mushroom, fresh",hadder
"Shiitake mushroom, fresh",kun koon
"Shiitake mushroom, fresh",uyen
"Shiitake mushroom, fresh",bhoochhtra
"Shiitake mushroom, fresh",chatu
"Shiitake mushroom, fresh",khoomba
"Shiitake mushroom, fresh",kaalaan
"Shiitake mushroom, fresh",putta godugu.
"Oyster mushroom, dried",banger chata
"Oyster mushroom, dried",biladino top
"Oyster mushroom, dried",aanabay/aanabe
"Oyster mushroom, dried",hadder
"Oyster mushroom, dried",kun koon
"Oyster mushroom, dried",chenghum
"Oyster mushroom, dried",bhoochhtra
"Oyster mushroom, dried",chatu
"Oyster mushroom, dried",khoomba
"Oyster mushroom, dried",kaalaan
"Oyster mushroom, dried",putta godugu.
Toddy,tari
Toddy,palm wine
Toddy,henda
Toddy,tadi
Toddy,tarai
Toddy,kiad lieh
Toddy,", o. tadi"
Toddy,todhi
Toddy,", tam., tel. kallu."
Coconut water,dab narikolor pani
Coconut water,daberjal
Coconut water,nariyad nu pani
Coconut water,nariyal ka pani
Coconut water,thenga neeru
Coconut water,narji pooen
Coconut water,um snepkor
Coconut water,thenga vellam
Coconut water,yubi mahi
Coconut water,naral pani
Coconut water,paida pani
Coconut water,gola da pani
Coconut water,ilaneer
Coconut water,kobbari neeru.
"Milk, whole, Buffalo",mohor gakhir
"Milk, whole, Buffalo",dudha (mosher)
"Milk, whole, Buffalo",bhes nu dhudh
"Milk, whole, Buffalo",bhains ka dhood
"Milk, whole, Buffalo",uemma halu
"Milk, whole, Buffalo",doodh
"Milk, whole, Buffalo",dud muid
"Milk, whole, Buffalo",kerbau paal
"Milk, whole, Buffalo",eroi sanghom
"Milk, whole, Buffalo",doodh (maish)
"Milk, whole, Buffalo",mainsi dudha
"Milk, whole, Buffalo",maz da doodh
"Milk, whole, Buffalo",erumaipal
"Milk, whole, Buffalo",gedha/barre palu.
"Milk, whole, Cow",garoor gakhir
"Milk, whole, Cow",doodh (garu)
"Milk, whole, Cow",gai nu dhudh
"Milk, whole, Cow",gai ka doodh
"Milk, whole, Cow",hasuvina halu
"Milk, whole, Cow",doodh
"Milk, whole, Cow",dud masi
"Milk, whole, Cow",san sanghom
"Milk, whole, Cow",doodh (gay)
"Milk, whole, Cow",gai dudha
"Milk, whole, Cow",gaan da doodh
"Milk, whole, Cow",gow kshiram
"Milk, whole, Cow",pasumpaal
"Milk, whole, Cow",aavu paalu.
Paneer,chena
Paneer,cottage cheese
Paneer,chhena
Paneer,tali
Paneer,chaman
Paneer,palkatti
Paneer,channa
Paneer,paladai
Paneer,paalavirugudu.
Khoa,", h., kan., mal., p., tel. khoa"
Khoa,mavo
Khoa,khoya
Khoa,malai khowa
Khoa,khua
Khoa,thirattupal.
"Egg, poultry, whole, raw",koni
"Egg, poultry, whole, raw",dim
"Egg, poultry, whole, raw",indu
"Egg, poultry, whole, raw",anda
"Egg, poultry, whole, raw",motte
"Egg, poultry, whole, raw",thool
"Egg, poultry, whole, raw",pylleng
"Egg, poultry, whole, raw",tandri/tanti
"Egg, poultry, whole, raw",mutta
"Egg, poultry, whole, raw",yairum
"Egg, poultry, whole, raw",ande
"Egg, poultry, whole, raw",anda/phool
"Egg, poultry, whole, raw",muttai
"Egg, poultry, whole, raw",guddu
"Egg, poultry, whole, raw",anda.
"Egg, poultry, white, raw",koni boga
"Egg, poultry, white, raw",dimer shada ongsho
"Egg, poultry, white, raw",indu no safed bhaag
"Egg, poultry, white, raw",ande ki safedi
"Egg, poultry, white, raw",motteya bili
"Egg, poultry, white, raw",thool safed hissa
"Egg, poultry, white, raw",pylleng lieh
"Egg, poultry, white, raw",tantyacho dhovo bhag
"Egg, poultry, white, raw",muttayude vella
"Egg, poultry, white, raw",yairum angouba
"Egg, poultry, white, raw",andyacha pandhra balak
"Egg, poultry, white, raw",andako seto bhag
"Egg, poultry, white, raw",andara dhala ansa
"Egg, poultry, white, raw",ande di safedi
"Egg, poultry, white, raw",muttai vellai karu
"Egg, poultry, white, raw",guddu tella sona
"Egg, poultry, white, raw",ande ki safedi.
"Egg, poultry, yolk, raw",koni halodhiya
"Egg, poultry, yolk, raw",dimer kushum
"Egg, poultry, yolk, raw",indu ni pili jardi
"Egg, poultry, yolk, raw",ande ki zardi
"Egg, poultry, yolk, raw",motteya haladi
"Egg, poultry, yolk, raw",thool pila hissa
"Egg, poultry, yolk, raw",pylleng stem
"Egg, poultry, yolk, raw",tantyacho holduvo bhag
"Egg, poultry, yolk, raw",muttayude manja
"Egg, poultry, yolk, raw",yairum amanba
"Egg, poultry, yolk, raw",andyacha pivla balak
"Egg, poultry, yolk, raw",andako pahenlo bhag
"Egg, poultry, yolk, raw",andara haladia ansa
"Egg, poultry, yolk, raw",ande di zardi
"Egg, poultry, yolk, raw",muttai manjal karu
"Egg, poultry, yolk, raw",guddu pacha sona
"Egg, poultry, yolk, raw",ande ki zardi.
"Egg, poultry, whole, boiled",xijoa koni
"Egg, poultry, whole, boiled",sheddho dim
"Egg, poultry, whole, boiled",bafelu indu
"Egg, poultry, whole, boiled",ubla anda
"Egg, poultry, whole, boiled",beyisida motte
"Egg, poultry, whole, boiled",hukyun thool
"Egg, poultry, whole, boiled",pylleng thnam
"Egg, poultry, whole, boiled",ukdil'lem tanti
"Egg, poultry, whole, boiled",puzhungiya mutta
"Egg, poultry, whole, boiled",yairum tathpa
"Egg, poultry, whole, boiled",ukadalele ande
"Egg, poultry, whole, boiled",usineko anda
"Egg, poultry, whole, boiled",sijha anda
"Egg, poultry, whole, boiled",ublia anda
"Egg, poultry, whole, boiled",avitha muttai
"Egg, poultry, whole, boiled",udikinchina guddu
"Egg, poultry, whole, boiled",ubla anda.
"Egg, poultry, white, boiled",xijoa koni boga
"Egg, poultry, white, boiled",sheddho dimer shada
"Egg, poultry, white, boiled",bafelu indu no safed bhaag
"Egg, poultry, white, boiled",ubla safedi
"Egg, poultry, white, boiled",beyisida motteya bili
"Egg, poultry, white, boiled",hukyun thool safed
"Egg, poultry, white, boiled",pylleng lieh thnam
"Egg, poultry, white, boiled",ukdil'lem dhovo bhag
"Egg, poultry, white, boiled",puzhungiya vella
"Egg, poultry, white, boiled",yairum angouba tathpa
"Egg, poultry, white, boiled",ukadlela pandhra balak
"Egg, poultry, white, boiled",usineko seto bhag
"Egg, poultry, white, boiled",sijha andara dhala ansa
"Egg, poultry, white, boiled",ubli safedi
"Egg, poultry, white, boiled",avitha muttai vellai
"Egg, poultry, white, boiled",udikinchina tella sona
"Egg, poultry, white, boiled",ubli safedi.
"Egg, poultry, yolk, boiled",xijoa koni halodhiya
"Egg, poultry, yolk, boiled",sheddho dimer kushum
"Egg, poultry, yolk, boiled",bafelu indu ni pili jardi
"Egg, poultry, yolk, boiled",ubla zardi
"Egg, poultry, yolk, boiled",beyisida motteya haladi
"Egg, poultry, yolk, boiled",hukyun thool pila
"Egg, poultry, yolk, boiled",pylleng stem thnam
"Egg, poultry, yolk, boiled",ukdil'lem holduvo bhag
"Egg, poultry, yolk, boiled",puzhungiya manja
"Egg, poultry, yolk, boiled",yairum amanba tathpa
"Egg, poultry, yolk, boiled",ukadlela pivla balak
"Egg, poultry, yolk, boiled",usineko pahenlo bhag
"Egg, poultry, yolk, boiled",sijha andara haladia ansa
"Egg, poultry, yolk, boiled",ubli zardi
"Egg, poultry, yolk, boiled",avitha muttai manjal
"Egg, poultry, yolk, boiled",udikinchina pacha sona
"Egg, poultry, yolk, boiled",ubli zardi.
"Egg, poultry, omlet",aamlet
"Egg, poultry, omlet",anda bhaja
"Egg, poultry, omlet",muttai dosai
"Egg, poultry, omlet",aamlet.
"Egg, country hen, whole, raw",ghironiya murgir koni
"Egg, country hen, whole, raw",deshi murgir dim
"Egg, country hen, whole, raw",desi marghi nu indu
"Egg, country hen, whole, raw",desi murgi ka anda
"Egg, country hen, whole, raw",naati koli motte
"Egg, country hen, whole, raw",desi kokur thool
"Egg, country hen, whole, raw",syiar shnong pylleng
"Egg, country hen, whole, raw",gavtti kombiechem tanti
"Egg, country hen, whole, raw",naadan kozhi mutta
"Egg, country hen, whole, raw",yumshan yen yairum
"Egg, country hen, whole, raw",gavran kombdiche ande
"Egg, country hen, whole, raw",sthaniya kukhura ko anda
"Egg, country hen, whole, raw",desi kukuda anda
"Egg, country hen, whole, raw",desi murgi da anda
"Egg, country hen, whole, raw",naattu kozhi muttai
"Egg, country hen, whole, raw",naatu kodi guddu
"Egg, country hen, whole, raw",desi murghi ka anda.
"Egg, country hen, whole, boiled",xijoa ghironiya murgir koni
"Egg, country hen, whole, boiled",sheddho deshi murgir dim
"Egg, country hen, whole, boiled",bafelu desi marghi nu indu
"Egg, country hen, whole, boiled",ubla desi murgi ka anda
"Egg, country hen, whole, boiled",beyisida naati koli motte
"Egg, country hen, whole, boiled",hukyun desi kokur thool
"Egg, country hen, whole, boiled",pylleng syiar shnong thnam
"Egg, country hen, whole, boiled",ukdil'lem gavtti kombiechem tanti
"Egg, country hen, whole, boiled",puzhungiya naadan kozhi mutta
"Egg, country hen, whole, boiled",yumshan yen yairum tathpa
"Egg, country hen, whole, boiled",ukadlele gavran kombdiche ande
"Egg, country hen, whole, boiled",usineko sthaniya kukhura ko anda
"Egg, country hen, whole, boiled",sijha desi kukuda anda
"Egg, country hen, whole, boiled",ublia desi murgi da anda
"Egg, country hen, whole, boiled",avitha naattu kozhi muttai
"Egg, country hen, whole, boiled",udikinchina naatu kodi guddu
"Egg, country hen, whole, boiled",ubla desi murghi ka anda.
"Egg, country hen, omlet",desi aamlet
"Egg, country hen, omlet",desi anda bhaja
"Egg, country hen, omlet",naattu kozhi muttai dosai
"Egg, country hen, omlet",desi aamlet.
"Egg, duck, whole, boiled",xijoa hahor koni
"Egg, duck, whole, boiled",sheddho haasher dim
"Egg, duck, whole, boiled",bafelu batak nu indu
"Egg, duck, whole, boiled",ubla batakh ka anda
"Egg, duck, whole, boiled",beyisida batu motte
"Egg, duck, whole, boiled",hukyun ?. thool
"Egg, duck, whole, boiled",?. pylleng thnam
"Egg, duck, whole, boiled",ukdil'lem ?. tanti
"Egg, duck, whole, boiled",puzhungiya thaaraavu mutta
"Egg, duck, whole, boiled",nganu yairum tathpa
"Egg, duck, whole, boiled",ukadlele badak ande
"Egg, duck, whole, boiled",usineko haas ko anda
"Egg, duck, whole, boiled",sijha bataka anda
"Egg, duck, whole, boiled",ublia batakh da anda
"Egg, duck, whole, boiled",avitha vaathu muttai
"Egg, duck, whole, boiled",udikinchina baathu guddu
"Egg, duck, whole, boiled",ubla batakh ka anda.
"Egg, duck, whole, raw",hahor koni
"Egg, duck, whole, raw",haasher dim
"Egg, duck, whole, raw",batak nu indu
"Egg, duck, whole, raw",batakh ka anda
"Egg, duck, whole, raw",batu motte
"Egg, duck, whole, raw",?. thool
"Egg, duck, whole, raw",?. pylleng
"Egg, duck, whole, raw",?. tanti
"Egg, duck, whole, raw",thaaraavu mutta
"Egg, duck, whole, raw",nganu yairum
"Egg, duck, whole, raw",badak ande
"Egg, duck, whole, raw",haas ko anda
"Egg, duck, whole, raw",bataka anda
"Egg, duck, whole, raw",batakh da anda
"Egg, duck, whole, raw",vaathu muttai
"Egg, duck, whole, raw",baathu guddu
"Egg, duck, whole, raw",batakh ka anda.
"Egg, duck, whole, omlet",batakh aamlet
"Egg, duck, whole, omlet",bataka anda bhaja
"Egg, duck, whole, omlet",vaathu muttai dosai
"Egg, duck, whole, omlet",batakh aamlet.
"Egg, quial, whole, raw",?. koni
"Egg, quial, whole, raw",bater dim
"Egg, quial, whole, raw",?. indu
"Egg, quial, whole, raw",bater ka anda
"Egg, quial, whole, raw",?. motte
"Egg, quial, whole, raw",?. thool
"Egg, quial, whole, raw",?. pylleng
"Egg, quial, whole, raw",?. tanti
"Egg, quial, whole, raw",kaada mutta
"Egg, quial, whole, raw",?. yairum
"Egg, quial, whole, raw",lavari ande
"Egg, quial, whole, raw",batai ko anda
"Egg, quial, whole, raw",batera anda
"Egg, quial, whole, raw",bater da anda
"Egg, quial, whole, raw",kaadai muttai
"Egg, quial, whole, raw",burusu pitta guddu
"Egg, quial, whole, raw",bater ka anda.
"Egg, quial, whole, boiled",xijoa ?. koni
"Egg, quial, whole, boiled",sheddho bater dim
"Egg, quial, whole, boiled",bafelu ?. indu
"Egg, quial, whole, boiled",ubla bater ka anda
"Egg, quial, whole, boiled",beyisida ?. motte
"Egg, quial, whole, boiled",hukyun ?. thool
"Egg, quial, whole, boiled",?. pylleng thnam
"Egg, quial, whole, boiled",ukdil'lem ?. tanti
"Egg, quial, whole, boiled",puzhungiya kaada mutta
"Egg, quial, whole, boiled",?. yairum tathpa
"Egg, quial, whole, boiled",ukadlele lavari ande
"Egg, quial, whole, boiled",usineko batai ko anda
"Egg, quial, whole, boiled",sijha batera anda
"Egg, quial, whole, boiled",ublia bater da anda
"Egg, quial, whole, boiled",avitha kaadai muttai
"Egg, quial, whole, boiled",udikinchina burusu pitta guddu
"Egg, quial, whole, boiled",ubla bater ka anda.
"Chicken, poultry, leg, skinless",murgir theng/bhori
"Chicken, poultry, leg, skinless",murgir thyang/ran
"Chicken, poultry, leg, skinless",marghi ni tang
"Chicken, poultry, leg, skinless",murga tang/murgi ki raan
"Chicken, poultry, leg, skinless",koli kaalu
"Chicken, poultry, leg, skinless",syiar kjat
"Chicken, poultry, leg, skinless",kombi paayn/paanv
"Chicken, poultry, leg, skinless",kozhi kaal
"Chicken, poultry, leg, skinless",yen khong
"Chicken, poultry, leg, skinless",kombdi tangdi/mandi
"Chicken, poultry, leg, skinless",kukhura ko khutta
"Chicken, poultry, leg, skinless",kukuda goda
"Chicken, poultry, leg, skinless",murge di latt/raan
"Chicken, poultry, leg, skinless",kodi kaallu
"Chicken, poultry, leg, skinless",murgh ki tang/raan.
"Chicken, poultry, thigh, skinless",murgir ran
"Chicken, poultry, thigh, skinless",marghi ni saathal
"Chicken, poultry, thigh, skinless",murge ki raan/jangh
"Chicken, poultry, thigh, skinless",koli thode
"Chicken, poultry, thigh, skinless",syiar lbong
"Chicken, poultry, thigh, skinless",kombiecho mandi
"Chicken, poultry, thigh, skinless",kozhi thuda
"Chicken, poultry, thigh, skinless",yenpham
"Chicken, poultry, thigh, skinless",kombdichi mandi
"Chicken, poultry, thigh, skinless",kukhura ko tighra
"Chicken, poultry, thigh, skinless",kukuda ran
"Chicken, poultry, thigh, skinless",murge di patt/raan
"Chicken, poultry, thigh, skinless",kozhi thodai
"Chicken, poultry, thigh, skinless",kodi thodala mamsam
"Chicken, poultry, thigh, skinless",murgh ki raan.
"Chicken, poultry, breast, skinless",murgir buku
"Chicken, poultry, breast, skinless",murgir book
"Chicken, poultry, breast, skinless",marghi ni chhaati
"Chicken, poultry, breast, skinless",murge ka seena
"Chicken, poultry, breast, skinless",koli ede mamsa
"Chicken, poultry, breast, skinless",syiar shadem
"Chicken, poultry, breast, skinless",kombiechem hadoo
"Chicken, poultry, breast, skinless",kozhi maaridam/nenju
"Chicken, poultry, breast, skinless",yen thangbak
"Chicken, poultry, breast, skinless",kombdichi chhaati
"Chicken, poultry, breast, skinless",kukhura ko chhati
"Chicken, poultry, breast, skinless",kukuda chhati
"Chicken, poultry, breast, skinless",murge da seena
"Chicken, poultry, breast, skinless",kozhi maarbu kari
"Chicken, poultry, breast, skinless",kodi chaati mamsam
"Chicken, poultry, breast, skinless",murgh ka seena.
"Chicken, poultry, wing, skinless",murgir pakhi
"Chicken, poultry, wing, skinless",murgir dana/pakha
"Chicken, poultry, wing, skinless",marghi ni pankh
"Chicken, poultry, wing, skinless",murge ka par/pankh
"Chicken, poultry, wing, skinless",koli rekke
"Chicken, poultry, wing, skinless",syiar thapniang
"Chicken, poultry, wing, skinless",kombiechem pakhattem
"Chicken, poultry, wing, skinless",kozhi chiraku
"Chicken, poultry, wing, skinless",yen manam
"Chicken, poultry, wing, skinless",kombdiche pankh
"Chicken, poultry, wing, skinless",kukhura ko pankheta
"Chicken, poultry, wing, skinless",kukuda dena
"Chicken, poultry, wing, skinless",murge da par
"Chicken, poultry, wing, skinless",kozhi irakkai
"Chicken, poultry, wing, skinless",kodi rekka
"Chicken, poultry, wing, skinless",murgh ka par.
"Poultry, chicken, liver",murgir kolija
"Poultry, chicken, liver",murgir mete/kolija
"Poultry, chicken, liver",marghi nu kaleju
"Poultry, chicken, liver",murge ki kaleji
"Poultry, chicken, liver",koli yakrit/pittakosha
"Poultry, chicken, liver",syiar dohjem
"Poultry, chicken, liver",kombiechem kalliz
"Poultry, chicken, liver",kozhi karal
"Poultry, chicken, liver",yen thin
"Poultry, chicken, liver",kombdiche kaleji
"Poultry, chicken, liver",kukhura ko kalejo
"Poultry, chicken, liver",kukuda kalija
"Poultry, chicken, liver",murge di kaleji
"Poultry, chicken, liver",kozhi eeral
"Poultry, chicken, liver",kodi kaleyam
"Poultry, chicken, liver",murgh ki kaleji.
"Poultry, chicken, gizzard",murgir pathri
"Poultry, chicken, gizzard",murgir gila
"Poultry, chicken, gizzard",marghi ni pathri
"Poultry, chicken, gizzard",murge ki pathri/sangdana
"Poultry, chicken, gizzard",koli gijjarda
"Poultry, chicken, gizzard",?.
"Poultry, chicken, gizzard",kombiechem pot
"Poultry, chicken, gizzard",kozhi avanakkaaya
"Poultry, chicken, gizzard",yen kok
"Poultry, chicken, gizzard",kombdiche pot/vajri
"Poultry, chicken, gizzard",kukhura ko jyanamara
"Poultry, chicken, gizzard",kukuda pathri
"Poultry, chicken, gizzard",murge di pathri
"Poultry, chicken, gizzard",kozhi gundaikkai
"Poultry, chicken, gizzard",kodi gizzardu
"Poultry, chicken, gizzard",murgh ki pathri.
"Country hen, leg, with skin",ghironiya murgir theng/bhori
"Country hen, leg, with skin",deshi murgir thyang/ran
"Country hen, leg, with skin",desi marghi ni tang
"Country hen, leg, with skin",desi murge ki tang/raan
"Country hen, leg, with skin",naati koli kaalu
"Country hen, leg, with skin",syiar shnong kjat
"Country hen, leg, with skin",gavtti kombiecho paayn
"Country hen, leg, with skin",naadan kozhi kaal
"Country hen, leg, with skin",yumshan yen khong
"Country hen, leg, with skin",gavran kombdichi tangdi
"Country hen, leg, with skin",sthaniya kukhura ko khutta
"Country hen, leg, with skin",desi kukuda goda
"Country hen, leg, with skin",desi murge di latt/raan
"Country hen, leg, with skin",naattu kozhi kaal
"Country hen, leg, with skin",naatu kodi kaallu
"Country hen, leg, with skin",desi murgh ki tang/raan.
"Country hen, thigh, with skin",ghironiya murgir ran
"Country hen, thigh, with skin",deshi murgir ran
"Country hen, thigh, with skin",desi marghi ni saathal
"Country hen, thigh, with skin",desi murge ki raan/jangh
"Country hen, thigh, with skin",naati koli thode
"Country hen, thigh, with skin",syiar shnong lbong
"Country hen, thigh, with skin",gavtti kombiecho mandi
"Country hen, thigh, with skin",naadan kozhi thuda
"Country hen, thigh, with skin",yumshan yenpham
"Country hen, thigh, with skin",gavran kombdichi mandi
"Country hen, thigh, with skin",sthaniya kukhura ko tighra
"Country hen, thigh, with skin",desi kukuda ran
"Country hen, thigh, with skin",desi murge di patt/raan
"Country hen, thigh, with skin",naattu kozhi thodai
"Country hen, thigh, with skin",naatu kodi thodala mamsam
"Country hen, thigh, with skin",desi murgh ki raan.
"Country hen, breast, with skin",ghironiya murgir buku
"Country hen, breast, with skin",deshi murgir book
"Country hen, breast, with skin",desi marghi ni chhaati
"Country hen, breast, with skin",desi murge ka seena
"Country hen, breast, with skin",naati koli ede mamsa
"Country hen, breast, with skin",syiar shnong shadem
"Country hen, breast, with skin",gavtti kombiechem hadoo
"Country hen, breast, with skin",naadan kozhi maaridam/nenju
"Country hen, breast, with skin",yumshan yen thangbak
"Country hen, breast, with skin",gavran kombdichi chhaati
"Country hen, breast, with skin",sthaniya kukhura ko chhati
"Country hen, breast, with skin",desi kukuda chhati
"Country hen, breast, with skin",desi murge da seena
"Country hen, breast, with skin",naattu kozhi maarbu kari
"Country hen, breast, with skin",naatu kodi chaati mamsam
"Country hen, breast, with skin",desi murgh ka seena.
"Country hen, wing, with skin",ghironiya murgir pakhi
"Country hen, wing, with skin",deshi murgir dana/pakha
"Country hen, wing, with skin",desi marghi ni pankh
"Country hen, wing, with skin",desi murge ka par/pankh
"Country hen, wing, with skin",naati koli rekke
"Country hen, wing, with skin",syiar shnong thapniang
"Country hen, wing, with skin",gavtti kombiechem pakhattem
"Country hen, wing, with skin",naadan kozhi chiraku
"Country hen, wing, with skin",yumshan yen manam
"Country hen, wing, with skin",gavran kombdiche pankh
"Country hen, wing, with skin",sthaniya kukhura ko pankheta
"Country hen, wing, with skin",desi kukuda dena
"Country hen, wing, with skin",desi murge da par
"Country hen, wing, with skin",naattu kozhi irakkai
"Country hen, wing, with skin",naatu kodi rekka
"Country hen, wing, with skin",desi murgh ka par.
"Duck, meat, with skin",hahor mangho
"Duck, meat, with skin",haasher mangsho
"Duck, meat, with skin",batak nu mas
"Duck, meat, with skin",batakh ka gosht
"Duck, meat, with skin",batu mamsa
"Duck, meat, with skin",doh sniang
"Duck, meat, with skin",badkachem maas
"Duck, meat, with skin",thaaraavu irachi
"Duck, meat, with skin",nganu sha
"Duck, meat, with skin",badakache mas
"Duck, meat, with skin",haas ko masu
"Duck, meat, with skin",bataka mansa
"Duck, meat, with skin",batakh da gosht
"Duck, meat, with skin",vaathu irachi
"Duck, meat, with skin",baathu mamsam
"Duck, meat, with skin",batakh ka gosht.
"Emu, meat, skinless",emu gosht
"Emu, meat, skinless",emu kari
"Emu, meat, skinless",emu mamsam. (names in other languages are less common or borrowed).
"Guinea fowl, meat, with skin",guinea murga gosht
"Guinea fowl, meat, with skin",guinea kozhi kari
"Guinea fowl, meat, with skin",guinea kodi mamsam. (names often descriptive combinations).
"Pigeon, meat, with skin",paror mangho
"Pigeon, meat, with skin",payra mangsho
"Pigeon, meat, with skin",kabutar nu mas
"Pigeon, meat, with skin",kabutar ka gosht
"Pigeon, meat, with skin",paarivaala mamsa
"Pigeon, meat, with skin",paro doh
"Pigeon, meat, with skin",parveachem maas
"Pigeon, meat, with skin",praavu irachi
"Pigeon, meat, with skin",khunu sha
"Pigeon, meat, with skin",kabutarache mas
"Pigeon, meat, with skin",parewa ko masu
"Pigeon, meat, with skin",para mansa
"Pigeon, meat, with skin",kabutar da gosht
"Pigeon, meat, with skin",puraa irachi
"Pigeon, meat, with skin",paavuramu mamsam
"Pigeon, meat, with skin",kabutar ka gosht.
"Quail, meat, skinless",?. mangho
"Quail, meat, skinless",bater mangsho
"Quail, meat, skinless",?. mas
"Quail, meat, skinless",bater ka gosht
"Quail, meat, skinless",?. mamsa
"Quail, meat, skinless",?. doh
"Quail, meat, skinless",?. maas
"Quail, meat, skinless",kaada irachi
"Quail, meat, skinless",?. sha
"Quail, meat, skinless",lavari mas
"Quail, meat, skinless",batai ko masu
"Quail, meat, skinless",batera mansa
"Quail, meat, skinless",bater da gosht
"Quail, meat, skinless",kaadai irachi
"Quail, meat, skinless",burusu pitta mamsam
"Quail, meat, skinless",bater ka gosht.
"Turkey, leg, with skin",turkey ki tang/raan
"Turkey, leg, with skin",turkey kaal
"Turkey, leg, with skin",turkey kaallu. (often borrowed name + leg term).
"Turkey, thigh, with skin",turkey ki raan/jangh
"Turkey, thigh, with skin",turkey thodai
"Turkey, thigh, with skin",turkey thodalu.
"Turkey, breast, with skin",turkey ka seena
"Turkey, breast, with skin",turkey maarbu kari
"Turkey, breast, with skin",turkey chaati mamsam.
"Turkey, wing, with skin",turkey ka par/pankh
"Turkey, wing, with skin",turkey irakkai
"Turkey, wing, with skin",turkey rekka.
"Goat, shoulder, meat",sagolir kandh
"Goat, shoulder, meat",pathar kandh
"Goat, shoulder, meat",bakri no khabho
"Goat, shoulder, meat",bakre ka kandha/dast
"Goat, shoulder, meat",aadina/meke bhujada mamsa
"Goat, shoulder, meat",blang tyrpeng
"Goat, shoulder, meat",bokdyaacho khand
"Goat, shoulder, meat",aattin chumal irachi
"Goat, shoulder, meat",hameng leikha?
"Goat, shoulder, meat",bakriche khande
"Goat, shoulder, meat",bakhrako kaandh
"Goat, shoulder, meat",chheli kandha mansa
"Goat, shoulder, meat",bakre da modha
"Goat, shoulder, meat",aattu tholpattai kari
"Goat, shoulder, meat",meka bhujamu mamsam
"Goat, shoulder, meat",bakre ka kandha/shana.
"Goat, chops",pathar chaap
"Goat, chops",bakre ki champ
"Goat, chops",bakre di champ
"Goat, chops",bakre ki champ. (often borrowed term 'chop/champ').
"Goat, legs",sagolir theng
"Goat, legs",pathar thyang
"Goat, legs",bakri na tang
"Goat, legs",bakre ki tangein
"Goat, legs",aadina/meke kaalugalu
"Goat, legs",blang kjat
"Goat, legs",bokdyaachem paayn
"Goat, legs",aattin kaalukal
"Goat, legs",hameng khong
"Goat, legs",bakriche paay
"Goat, legs",bakhrako khutta
"Goat, legs",chheli goda
"Goat, legs",bakre di lattein
"Goat, legs",aattu kaalgal
"Goat, legs",meka kaallu
"Goat, legs",bakre ki tangein.
"Goat, brain",sagolir mogoj
"Goat, brain",pathar magaj
"Goat, brain",bakri nu bheju
"Goat, brain",bakre ka bheja/maghaz
"Goat, brain",aadina/meke medulu
"Goat, brain",blang jynkhlieh
"Goat, brain",bokdyaacho mendu
"Goat, brain",aattin thalacchoru
"Goat, brain",hameng kok?
"Goat, brain",bakricha mendu
"Goat, brain",bakhrako gidi
"Goat, brain",chheli mogoj
"Goat, brain",bakre da bheja
"Goat, brain",aattu moolai
"Goat, brain",meka medadu
"Goat, brain",bakre ka maghaz.
"Goat, tongue",sagolir jibha
"Goat, tongue",pathar jibh
"Goat, tongue",bakri ni jeebh
"Goat, tongue",bakre ki zabaan/jeebh
"Goat, tongue",aadina/meke naalige
"Goat, tongue",blang thyndiat?
"Goat, tongue",bokdyaachi jeeb
"Goat, tongue",aattin naavu
"Goat, tongue",hameng lei
"Goat, tongue",bakrichi jeebh
"Goat, tongue",bakhrako jibro
"Goat, tongue",chheli jibha
"Goat, tongue",bakre di jeebh
"Goat, tongue",aattu naakku
"Goat, tongue",meka naluka
"Goat, tongue",bakre ki zabaan.
"Goat, lungs",sagolir phopsa
"Goat, lungs",pathar phusphus
"Goat, lungs",bakri na fefsa
"Goat, lungs",bakre ke phephde
"Goat, lungs",aadina/meke shwasakosha
"Goat, lungs",blang tor?
"Goat, lungs",bokdyaachem kalsanchem?
"Goat, lungs",aattin shwasakosham
"Goat, lungs",hameng thamoimon?
"Goat, lungs",bakriche phupphus
"Goat, lungs",bakhrako phokso
"Goat, lungs",chheli phusphus
"Goat, lungs",bakre de phephde
"Goat, lungs",aattu nuraiyeeral
"Goat, lungs",meka oopirithitthulu
"Goat, lungs",bakre ke phephde.
"Goat, heart",sagolir hirdaya
"Goat, heart",pathar hritpinda
"Goat, heart",bakri nu haiyu/dil
"Goat, heart",bakre ka dil
"Goat, heart",aadina/meke hrudaya
"Goat, heart",blang klongsnam?
"Goat, heart",bokdyaachem kalliz
"Goat, heart",aattin hrudayam
"Goat, heart",hameng thamoi
"Goat, heart",bakriche kallij/rudhaya
"Goat, heart",bakhrako mutu
"Goat, heart",chheli hritpinda
"Goat, heart",bakre da dil
"Goat, heart",aattu idhayam
"Goat, heart",meka gunde
"Goat, heart",bakre ka dil.
"Goat, liver",sagolir kolija
"Goat, liver",pathar mete/kolija
"Goat, liver",bakri nu kaleju
"Goat, liver",bakre ki kaleji
"Goat, liver",aadina/meke yakrit
"Goat, liver",blang dohjem
"Goat, liver",bokdyaachem kalliz
"Goat, liver",aattin karal
"Goat, liver",hameng thin
"Goat, liver",bakriche kaleji
"Goat, liver",bakhrako kalejo
"Goat, liver",chheli kalija
"Goat, liver",bakre di kaleji
"Goat, liver",aattu eeral
"Goat, liver",meka kaleyam
"Goat, liver",bakre ki kaleji.
"Goat, tripe",pathar bhuri/butt
"Goat, tripe",bakre ki ojri/boti
"Goat, tripe",aattin kudal
"Goat, tripe",bakrichi vajri
"Goat, tripe",chheli ojhri
"Goat, tripe",bakre di ojri
"Goat, tripe",aattu kudal
"Goat, tripe",meka pottikadupu
"Goat, tripe",bakre ki ojri.
"Goat, spleen",sagolir pliha
"Goat, spleen",pathar pliha
"Goat, spleen",bakri ni barol
"Goat, spleen",bakre ki tilli
"Goat, spleen",aadina/meke pliha
"Goat, spleen",?.
"Goat, spleen",bokdyaachem pano?
"Goat, spleen",aattin pliha
"Goat, spleen",hameng pliha?
"Goat, spleen",bakrichi panthari
"Goat, spleen",bakhrako phiyo
"Goat, spleen",chheli pliha
"Goat, spleen",bakre di tilli
"Goat, spleen",aattu manneral/suvarotti
"Goat, spleen",meka plihamu
"Goat, spleen",bakre ki tilli.
"Goat, kidneys",sagolir kankalam
"Goat, kidneys",pathar brikko
"Goat, kidneys",bakri na gurda
"Goat, kidneys",bakre ke gurde
"Goat, kidneys",aadina/meke mutrapinda
"Goat, kidneys",blang nier?
"Goat, kidneys",bokdyaachem mutpin
"Goat, kidneys",aattin vrikka
"Goat, kidneys",?.
"Goat, kidneys",bakriche gurde/mutrapind
"Goat, kidneys",bakhrako mirgaula
"Goat, kidneys",chheli brikko
"Goat, kidneys",bakre de gurde
"Goat, kidneys",aattu siruneeragam
"Goat, kidneys",meka mutrapindalu
"Goat, kidneys",bakre ke gurde.
"Goat, tube (small intestine)",pathar nari
"Goat, tube (small intestine)",bakre ki aant
"Goat, tube (small intestine)",aattin kudal
"Goat, tube (small intestine)",bakrichi aantadi
"Goat, tube (small intestine)",chheli anta
"Goat, tube (small intestine)",bakre di aant
"Goat, tube (small intestine)",aattu kudal
"Goat, tube (small intestine)",meka karulu
"Goat, tube (small intestine)",bakre ki aant.
"Goat, testis",pathar andakosh
"Goat, testis",bakre ke kapure
"Goat, testis",aattin andam
"Goat, testis",bakriche andkosh
"Goat, testis",chheli andakosha
"Goat, testis",bakre de kapure
"Goat, testis",aattu virai
"Goat, testis",meka vushanam
"Goat, testis",bakre ke kapure.
"Sheep, shoulder",bherar kandh
"Sheep, shoulder",gheta no khabho
"Sheep, shoulder",bhed ka kandha/dast
"Sheep, shoulder",kuri bhujada mamsa
"Sheep, shoulder",langbrot tyrpeng
"Sheep, shoulder",sheracho khand
"Sheep, shoulder",chemmariyattin chumal irachi
"Sheep, shoulder",mendhiche khande
"Sheep, shoulder",bheda ko kaandh
"Sheep, shoulder",mendha kandha mansa
"Sheep, shoulder",bhed da modha
"Sheep, shoulder",semmari aattu tholpattai kari
"Sheep, shoulder",gorre bhujamu mamsam
"Sheep, shoulder",bhed ka kandha/shana.
"Sheep, chops",bherar chaap
"Sheep, chops",bhed ki champ
"Sheep, chops",bhed di champ
"Sheep, chops",bhed ki champ.
"Sheep, leg",bherar theng
"Sheep, leg",bherar thyang
"Sheep, leg",gheta na tang
"Sheep, leg",bhed ki tangein
"Sheep, leg",kuri kaalugalu
"Sheep, leg",langbrot kjat
"Sheep, leg",sherachem paayn
"Sheep, leg",chemmariyattin kaalukal
"Sheep, leg",mendhiche paay
"Sheep, leg",bheda ko khutta
"Sheep, leg",mendha goda
"Sheep, leg",bhed di lattein
"Sheep, leg",semmari aattu kaalgal
"Sheep, leg",gorre kaallu
"Sheep, leg",bhed ki tangein.
"Sheep, brain",bherar mogoj
"Sheep, brain",bherar magaj
"Sheep, brain",gheta nu bheju
"Sheep, brain",bhed ka bheja/maghaz
"Sheep, brain",kuri medulu
"Sheep, brain",langbrot jynkhlieh
"Sheep, brain",sheracho mendu
"Sheep, brain",chemmariyattin thalacchoru
"Sheep, brain",mendhicha mendu
"Sheep, brain",bheda ko gidi
"Sheep, brain",mendha mogoj
"Sheep, brain",bhed da bheja
"Sheep, brain",semmari aattu moolai
"Sheep, brain",gorre medadu
"Sheep, brain",bhed ka maghaz.
"Sheep, tongue",bherar jibha
"Sheep, tongue",bherar jibh
"Sheep, tongue",gheta ni jeebh
"Sheep, tongue",bhed ki zabaan/jeebh
"Sheep, tongue",kuri naalige
"Sheep, tongue",langbrot thyndiat?
"Sheep, tongue",sherachi jeeb
"Sheep, tongue",chemmariyattin naavu
"Sheep, tongue",mendhichi jeebh
"Sheep, tongue",bheda ko jibro
"Sheep, tongue",mendha jibha
"Sheep, tongue",bhed di jeebh
"Sheep, tongue",semmari aattu naakku
"Sheep, tongue",gorre naluka
"Sheep, tongue",bhed ki zabaan.
"Sheep, lungs",bherar phopsa
"Sheep, lungs",bherar phusphus
"Sheep, lungs",gheta na fefsa
"Sheep, lungs",bhed ke phephde
"Sheep, lungs",kuri shwasakosha
"Sheep, lungs",langbrot tor?
"Sheep, lungs",sherachem kalsanchem?
"Sheep, lungs",chemmariyattin shwasakosham
"Sheep, lungs",mendhiche phupphus
"Sheep, lungs",bheda ko phokso
"Sheep, lungs",mendha phusphus
"Sheep, lungs",bhed de phephde
"Sheep, lungs",semmari aattu nuraiyeeral
"Sheep, lungs",gorre oopirithitthulu
"Sheep, lungs",bhed ke phephde.
"Sheep, heart",bherar hirdaya
"Sheep, heart",bherar hritpinda
"Sheep, heart",gheta nu haiyu/dil
"Sheep, heart",bhed ka dil
"Sheep, heart",kuri hrudaya
"Sheep, heart",langbrot klongsnam?
"Sheep, heart",sherachem kalliz
"Sheep, heart",chemmariyattin hrudayam
"Sheep, heart",mendhiche kallij/rudhaya
"Sheep, heart",bheda ko mutu
"Sheep, heart",mendha hritpinda
"Sheep, heart",bhed da dil
"Sheep, heart",semmari aattu idhayam
"Sheep, heart",gorre gunde
"Sheep, heart",bhed ka dil.
"Sheep, liver",bherar kolija
"Sheep, liver",bherar mete/kolija
"Sheep, liver",gheta nu kaleju
"Sheep, liver",bhed ki kaleji
"Sheep, liver",kuri yakrit
"Sheep, liver",langbrot dohjem
"Sheep, liver",sherachem kalliz
"Sheep, liver",chemmariyattin karal
"Sheep, liver",mendhiche kaleji
"Sheep, liver",bheda ko kalejo
"Sheep, liver",mendha kalija
"Sheep, liver",bhed di kaleji
"Sheep, liver",semmari aattu eeral
"Sheep, liver",gorre kaleyam
"Sheep, liver",bhed ki kaleji.
"Sheep, tripe",bherar bhuri/butt
"Sheep, tripe",bhed ki ojri/boti
"Sheep, tripe",chemmariyattin kudal
"Sheep, tripe",mendhichi vajri
"Sheep, tripe",mendha ojhri
"Sheep, tripe",bhed di ojri
"Sheep, tripe",semmari aattu kudal
"Sheep, tripe",gorre pottikadupu
"Sheep, tripe",bhed ki ojri.
"Sheep, spleen",bherar pliha
"Sheep, spleen",gheta ni barol
"Sheep, spleen",bhed ki tilli
"Sheep, spleen",kuri pliha
"Sheep, spleen",?.
"Sheep, spleen",sherachem pano?
"Sheep, spleen",chemmariyattin pliha
"Sheep, spleen",mendhichi panthari
"Sheep, spleen",bheda ko phiyo
"Sheep, spleen",mendha pliha
"Sheep, spleen",bhed di tilli
"Sheep, spleen",semmari aattu manneral/suvarotti
"Sheep, spleen",gorre plihamu
"Sheep, spleen",bhed ki tilli.
"Sheep, kidneys",bherar kankalam
"Sheep, kidneys",bherar brikko
"Sheep, kidneys",gheta na gurda
"Sheep, kidneys",bhed ke gurde
"Sheep, kidneys",kuri mutrapinda
"Sheep, kidneys",langbrot nier?
"Sheep, kidneys",sherachem mutpin
"Sheep, kidneys",chemmariyattin vrikka
"Sheep, kidneys",mendhiche gurde/mutrapind
"Sheep, kidneys",bheda ko mirgaula
"Sheep, kidneys",mendha brikko
"Sheep, kidneys",bhed de gurde
"Sheep, kidneys",semmari aattu siruneeragam
"Sheep, kidneys",gorre mutrapindalu
"Sheep, kidneys",bhed ke gurde.
"Beef, shoulder",goru kandh
"Beef, shoulder",gaay ka kandha/dast
"Beef, shoulder",dana bhujada mamsa
"Beef, shoulder",masidab tyrpeng
"Beef, shoulder",gaayicho khand
"Beef, shoulder",pothirachi chumal
"Beef, shoulder",gaiche khande
"Beef, shoulder",gai ko kaandh
"Beef, shoulder",goru kandha mansa
"Beef, shoulder",gaaye da modha
"Beef, shoulder",maattu tholpattai kari
"Beef, shoulder",aavu bhujamu mamsam
"Beef, shoulder",gaay ka kandha/shana.
"Beef, chops",gorur chaap
"Beef, chops",gaay ki champ
"Beef, chops",gaaye di champ
"Beef, chops",gaay ki champ.
"Beef, round (leg)",gorur ran
"Beef, round (leg)",gaay ki raan
"Beef, round (leg)",dana thode mamsa
"Beef, round (leg)",masidab lbong
"Beef, round (leg)",gaayichi mandi
"Beef, round (leg)",pothirachi thuda
"Beef, round (leg)",gaichi mandi
"Beef, round (leg)",gai ko tighra
"Beef, round (leg)",goru ran mansa
"Beef, round (leg)",gaaye di raan
"Beef, round (leg)",maattu thodai kari
"Beef, round (leg)",aavu thodala mamsam
"Beef, round (leg)",gaay ki raan.
"Beef, brain",gorur magaj
"Beef, brain",gaay ka bheja/maghaz
"Beef, brain",dana medulu
"Beef, brain",masidab jynkhlieh
"Beef, brain",gaayicho mendu
"Beef, brain",pothirachi thalacchoru
"Beef, brain",gaicha mendu
"Beef, brain",gai ko gidi
"Beef, brain",goru mogoj
"Beef, brain",gaaye da bheja
"Beef, brain",maattu moolai
"Beef, brain",aavu medadu
"Beef, brain",gaay ka maghaz.
"Beef, tongue",gorur jibh
"Beef, tongue",gaay ki zabaan/jeebh
"Beef, tongue",dana naalige
"Beef, tongue",masidab thyndiat?
"Beef, tongue",gaayichi jeeb
"Beef, tongue",pothirachi naavu
"Beef, tongue",gaichi jeebh
"Beef, tongue",gai ko jibro
"Beef, tongue",goru jibha
"Beef, tongue",gaaye di jeebh
"Beef, tongue",maattu naakku
"Beef, tongue",aavu naluka
"Beef, tongue",gaay ki zabaan.
"Beef, lungs",gorur phusphus
"Beef, lungs",gaay ke phephde
"Beef, lungs",dana shwasakosha
"Beef, lungs",masidab tor?
"Beef, lungs",gaayichem kalsanchem?
"Beef, lungs",pothirachi shwasakosham
"Beef, lungs",gaiche phupphus
"Beef, lungs",gai ko phokso
"Beef, lungs",goru phusphus
"Beef, lungs",gaaye de phephde
"Beef, lungs",maattu nuraiyeeral
"Beef, lungs",aavu oopirithitthulu
"Beef, lungs",gaay ke phephde.
"Beef, heart",gorur hritpinda
"Beef, heart",gaay ka dil
"Beef, heart",dana hrudaya
"Beef, heart",masidab klongsnam?
"Beef, heart",gaayichem kalliz
"Beef, heart",pothirachi hrudayam
"Beef, heart",gaiche kallij/rudhaya
"Beef, heart",gai ko mutu
"Beef, heart",goru hritpinda
"Beef, heart",gaaye da dil
"Beef, heart",maattu idhayam
"Beef, heart",aavu gunde
"Beef, heart",gaay ka dil.
"Beef, liver",gorur mete/kolija
"Beef, liver",gaay ki kaleji
"Beef, liver",dana yakrit
"Beef, liver",masidab dohjem
"Beef, liver",gaayichem kalliz
"Beef, liver",pothirachi karal
"Beef, liver",gaiche kaleji
"Beef, liver",gai ko kalejo
"Beef, liver",goru kalija
"Beef, liver",gaaye di kaleji
"Beef, liver",maattu eeral
"Beef, liver",aavu kaleyam
"Beef, liver",gaay ki kaleji.
"Beef, tripe",gorur bhuri/butt
"Beef, tripe",gaay ki ojri/boti
"Beef, tripe",pothirachi kudal
"Beef, tripe",gaichi vajri
"Beef, tripe",goru ojhri
"Beef, tripe",gaaye di ojri
"Beef, tripe",maattu kudal
"Beef, tripe",aavu pottikadupu
"Beef, tripe",gaay ki ojri.
"Beef, spleen",gorur pliha
"Beef, spleen",gaay ki tilli
"Beef, spleen",dana pliha
"Beef, spleen",?.
"Beef, spleen",gaayichem pano?
"Beef, spleen",pothirachi pliha
"Beef, spleen",gaichi panthari
"Beef, spleen",gai ko phiyo
"Beef, spleen",goru pliha
"Beef, spleen",gaaye di tilli
"Beef, spleen",maattu manneral/suvarotti
"Beef, spleen",aavu plihamu
"Beef, spleen",gaay ki tilli.
"Beef, kidneys",gorur brikko
"Beef, kidneys",gaay ke gurde
"Beef, kidneys",dana mutrapinda
"Beef, kidneys",masidab nier?
"Beef, kidneys",gaayichem mutpin
"Beef, kidneys",pothirachi vrikka
"Beef, kidneys",gaiche gurde/mutrapind
"Beef, kidneys",gai ko mirgaula
"Beef, kidneys",goru brikko
"Beef, kidneys",gaaye de gurde
"Beef, kidneys",maattu siruneeragam
"Beef, kidneys",aavu mutrapindalu
"Beef, kidneys",gaay ke gurde.
"Calf, shoulder",bachhurer kandh
"Calf, shoulder",bachhde ka kandha/dast
"Calf, shoulder",karu bhujada mamsa
"Calf, shoulder",?. tyrpeng
"Calf, shoulder",padkulem khand
"Calf, shoulder",kuttyirachi chumal
"Calf, shoulder",vasrache khande
"Calf, shoulder",bachcha ko kaandh
"Calf, shoulder",bachhuri kandha mansa
"Calf, shoulder",vachhe da modha
"Calf, shoulder",kannukutti tholpattai kari
"Calf, shoulder",dooda bhujamu mamsam
"Calf, shoulder",bachhde ka kandha/shana.
"Calf, chops",bachhurer chaap
"Calf, chops",bachhde ki champ
"Calf, chops",vachhe di champ
"Calf, chops",bachhde ki champ.
"Calf, round (leg)",bachhurer ran
"Calf, round (leg)",bachhde ki raan
"Calf, round (leg)",karu thode mamsa
"Calf, round (leg)",?. lbong
"Calf, round (leg)",padkulem mandi
"Calf, round (leg)",kuttyirachi thuda
"Calf, round (leg)",vasrachi mandi
"Calf, round (leg)",bachcha ko tighra
"Calf, round (leg)",bachhuri ran mansa
"Calf, round (leg)",vachhe di raan
"Calf, round (leg)",kannukutti thodai kari
"Calf, round (leg)",dooda thodala mamsam
"Calf, round (leg)",bachhde ki raan.
"Calf, brain",bachhurer magaj
"Calf, brain",bachhde ka bheja/maghaz
"Calf, brain",karu medulu
"Calf, brain",?. jynkhlieh
"Calf, brain",padkulem mendu
"Calf, brain",kuttyirachi thalacchoru
"Calf, brain",vasracha mendu
"Calf, brain",bachcha ko gidi
"Calf, brain",bachhuri mogoj
"Calf, brain",vachhe da bheja
"Calf, brain",kannukutti moolai
"Calf, brain",dooda medadu
"Calf, brain",bachhde ka maghaz.
"Calf, tongue",bachhurer jibh
"Calf, tongue",bachhde ki zabaan/jeebh
"Calf, tongue",karu naalige
"Calf, tongue",?. thyndiat?
"Calf, tongue",padkulem jeeb
"Calf, tongue",kuttyirachi naavu
"Calf, tongue",vasrachi jeebh
"Calf, tongue",bachcha ko jibro
"Calf, tongue",bachhuri jibha
"Calf, tongue",vachhe di jeebh
"Calf, tongue",kannukutti naakku
"Calf, tongue",dooda naluka
"Calf, tongue",bachhde ki zabaan.
"Calf, heart",bachhurer hritpinda
"Calf, heart",bachhde ka dil
"Calf, heart",karu hrudaya
"Calf, heart",?. klongsnam?
"Calf, heart",padkulem kalliz
"Calf, heart",kuttyirachi hrudayam
"Calf, heart",vasrache kallij/rudhaya
"Calf, heart",bachcha ko mutu
"Calf, heart",bachhuri hritpinda
"Calf, heart",vachhe da dil
"Calf, heart",kannukutti idhayam
"Calf, heart",dooda gunde
"Calf, heart",bachhde ka dil.
"Calf, liver",bachhurer mete/kolija
"Calf, liver",bachhde ki kaleji
"Calf, liver",karu yakrit
"Calf, liver",?. dohjem
"Calf, liver",padkulem kalliz
"Calf, liver",kuttyirachi karal
"Calf, liver",vasrache kaleji
"Calf, liver",bachcha ko kalejo
"Calf, liver",bachhuri kalija
"Calf, liver",vachhe di kaleji
"Calf, liver",kannukutti eeral
"Calf, liver",dooda kaleyam
"Calf, liver",bachhde ki kaleji.
"Calf, spleen",bachhurer pliha
"Calf, spleen",bachhde ki tilli
"Calf, spleen",karu pliha
"Calf, spleen",?.
"Calf, spleen",padkulem pano?
"Calf, spleen",kuttyirachi pliha
"Calf, spleen",vasrachi panthari
"Calf, spleen",bachcha ko phiyo
"Calf, spleen",bachhuri pliha
"Calf, spleen",vachhe di tilli
"Calf, spleen",kannukutti manneral/suvarotti
"Calf, spleen",dooda plihamu
"Calf, spleen",bachhde ki tilli.
"Calf, kidneys",bachhurer brikko
"Calf, kidneys",bachhde ke gurde
"Calf, kidneys",karu mutrapinda
"Calf, kidneys",?. nier?
"Calf, kidneys",padkulem mutpin
"Calf, kidneys",kuttyirachi vrikka
"Calf, kidneys",vasrache gurde/mutrapind
"Calf, kidneys",bachcha ko mirgaula
"Calf, kidneys",bachhuri brikko
"Calf, kidneys",vachhe de gurde
"Calf, kidneys",kannukutti siruneeragam
"Calf, kidneys",dooda mutrapindalu
"Calf, kidneys",bachhde ke gurde.
"Mithun, shoulder",mithunor kandh
"Mithun, shoulder",mithuner kandh
"Mithun, shoulder",mithun ka kandha
"Mithun, shoulder",mithun ko kaandh. (less common elsewhere).
"Mithun, chops",mithuner chaap
"Mithun, chops",mithun ki champ
"Mithun, chops",mithun ko champ.
"Mithun, round (leg)",mithunor theng/ran
"Mithun, round (leg)",mithuner ran
"Mithun, round (leg)",mithun ki raan
"Mithun, round (leg)",mithun ko tighra.
"Pork, shoulder",gahorir kandh
"Pork, shoulder",shukorer kandh
"Pork, shoulder",suar no khabho
"Pork, shoulder",suar ka kandha
"Pork, shoulder",handi bhujada mamsa
"Pork, shoulder",?. tyrpeng
"Pork, shoulder",dukracho khand
"Pork, shoulder",panni irachi chumal
"Pork, shoulder",ok leikha?
"Pork, shoulder",dukkarache khande
"Pork, shoulder",sungur ko kaandh
"Pork, shoulder",ghusuri kandha mansa
"Pork, shoulder",suar da modha
"Pork, shoulder",panri tholpattai kari
"Pork, shoulder",pandi bhujamu mamsam
"Pork, shoulder",suar ka kandha.
"Pork, chops",shukorer chaap
"Pork, chops",suar ki champ
"Pork, chops",sungur ko champ
"Pork, chops",suar di champ
"Pork, chops",suar ki champ.
"Pork, ham",suar ki raan
"Pork, ham",suar ki raan.
"Pork, lungs",gahorir phopsa
"Pork, lungs",shukorer phusphus
"Pork, lungs",suar na fefsa
"Pork, lungs",suar ke phephde
"Pork, lungs",handi shwasakosha
"Pork, lungs",?. tor?
"Pork, lungs",dukrachem kalsanchem?
"Pork, lungs",panni irachi shwasakosham
"Pork, lungs",ok thamoimon?
"Pork, lungs",dukkarache phupphus
"Pork, lungs",sungur ko phokso
"Pork, lungs",ghusuri phusphus
"Pork, lungs",suar de phephde
"Pork, lungs",panri nuraiyeeral
"Pork, lungs",pandi oopirithitthulu
"Pork, lungs",suar ke phephde.
"Pork, heart",gahorir hirdaya
"Pork, heart",shukorer hritpinda
"Pork, heart",suar nu haiyu/dil
"Pork, heart",suar ka dil
"Pork, heart",handi hrudaya
"Pork, heart",?. klongsnam?
"Pork, heart",dukrachem kalliz
"Pork, heart",panni irachi hrudayam
"Pork, heart",ok thamoi
"Pork, heart",dukkarache kallij/rudhaya
"Pork, heart",sungur ko mutu
"Pork, heart",ghusuri hritpinda
"Pork, heart",suar da dil
"Pork, heart",panri idhayam
"Pork, heart",pandi gunde
"Pork, heart",suar ka dil.
"Pork, liver",gahorir kolija
"Pork, liver",shukorer mete/kolija
"Pork, liver",suar nu kaleju
"Pork, liver",suar ki kaleji
"Pork, liver",handi yakrit
"Pork, liver",?. dohjem
"Pork, liver",dukrachem kalliz
"Pork, liver",panni irachi karal
"Pork, liver",ok thin
"Pork, liver",dukkarache kaleji
"Pork, liver",sungur ko kalejo
"Pork, liver",ghusuri kalija
"Pork, liver",suar di kaleji
"Pork, liver",panri eeral
"Pork, liver",pandi kaleyam
"Pork, liver",suar ki kaleji.
"Pork, stomach",gahorir pet
"Pork, stomach",shukorer pet
"Pork, stomach",suar nu pet
"Pork, stomach",suar ka pet
"Pork, stomach",handi hotte
"Pork, stomach",?. kpoh
"Pork, stomach",dukrachem pot
"Pork, stomach",panni irachi vayaru
"Pork, stomach",ok puk
"Pork, stomach",dukkarache pot
"Pork, stomach",sungur ko pet
"Pork, stomach",ghusuri peta
"Pork, stomach",suar da pidh
"Pork, stomach",panri vayiru
"Pork, stomach",pandi potta
"Pork, stomach",suar ka pet.
"Pork, spleen",gahorir pliha
"Pork, spleen",shukorer pliha
"Pork, spleen",suar ni barol
"Pork, spleen",suar ki tilli
"Pork, spleen",handi pliha
"Pork, spleen",?.
"Pork, spleen",dukrachem pano?
"Pork, spleen",panni irachi pliha
"Pork, spleen",ok pliha?
"Pork, spleen",dukkarachi panthari
"Pork, spleen",sungur ko phiyo
"Pork, spleen",ghusuri pliha
"Pork, spleen",suar di tilli
"Pork, spleen",panri manneral
"Pork, spleen",pandi plihamu
"Pork, spleen",suar ki tilli.
"Pork, kidneys",gahorir kankalam
"Pork, kidneys",shukorer brikko
"Pork, kidneys",suar na gurda
"Pork, kidneys",suar ke gurde
"Pork, kidneys",handi mutrapinda
"Pork, kidneys",?. nier?
"Pork, kidneys",dukrachem mutpin
"Pork, kidneys",panni irachi vrikka
"Pork, kidneys",?.
"Pork, kidneys",dukkarache gurde/mutrapind
"Pork, kidneys",sungur ko mirgaula
"Pork, kidneys",ghusuri brikko
"Pork, kidneys",suar de gurde
"Pork, kidneys",panri siruneeragam
"Pork, kidneys",pandi mutrapindalu
"Pork, kidneys",suar ke gurde.
"Pork, tube (small intestine)",shukorer nari
"Pork, tube (small intestine)",suar ki aant
"Pork, tube (small intestine)",panni irachi kudal
"Pork, tube (small intestine)",dukkarachi aantadi
"Pork, tube (small intestine)",ghusuri anta
"Pork, tube (small intestine)",suar di aant
"Pork, tube (small intestine)",panri kudal
"Pork, tube (small intestine)",pandi karulu
"Pork, tube (small intestine)",suar ki aant.
"Hare, shoulder",khargosh ka kandha
"Hare, shoulder",khargosh da modha
"Hare, shoulder",muyal tholpattai
"Hare, shoulder",khargosh ka kandha. (hare/rabbit often use same term 'khargosh')
"Hare, chops",khargosh ki champ
"Hare, chops",khargosh di champ
"Hare, chops",khargosh ki champ.
"Hare, leg",khargosh ki tang
"Hare, leg",khargosh di latt
"Hare, leg",muyal kaal
"Hare, leg",khargosh ki tang.
"Rabbit, shoulder",xoha posur kandh
"Rabbit, shoulder",shoshoker kandh
"Rabbit, shoulder",sasla no khabho
"Rabbit, shoulder",khargosh ka kandha
"Rabbit, shoulder",molada bhujada mamsa
"Rabbit, shoulder",muyal chumal
"Rabbit, shoulder",sasa che khande
"Rabbit, shoulder",kharayo ko kaandh
"Rabbit, shoulder",thekua kandha mansa
"Rabbit, shoulder",khargosh da modha
"Rabbit, shoulder",muyal tholpattai kari
"Rabbit, shoulder",kundelu bhujamu mamsam
"Rabbit, shoulder",khargosh ka kandha.
"Rabbit, chops",shoshoker chaap
"Rabbit, chops",khargosh ki champ
"Rabbit, chops",khargosh di champ
"Rabbit, chops",khargosh ki champ.
"Rabbit, leg",xoha posur theng
"Rabbit, leg",shoshoker thyang
"Rabbit, leg",sasla na tang
"Rabbit, leg",khargosh ki tang
"Rabbit, leg",molada kaalu
"Rabbit, leg",muyal kaal
"Rabbit, leg",sasa che paay
"Rabbit, leg",kharayo ko khutta
"Rabbit, leg",thekua goda
"Rabbit, leg",khargosh di latt
"Rabbit, leg",kundelu kaallu
"Rabbit, leg",khargosh ki tang.
Allathi,"tenpounder, ladyfish, indo pacific tarpon"
Allathi,"valli poomeen, vallipoomeen"
Allathi,"shonas, dandeli, chirya"
Allathi,naum
Allathi,"poomeen, ullahti, manna, mooran kendai"
Allathi,"jinnagow, jallagu"
Allathi,[place of collection: chennai]
Aluva,"black pomfret, brown pomfret, pomfret"
Aluva,"halwa, adadio"
Aluva,thondrotte
Aluva,halwa
Aluva,"karuvolli, karauthakoli, avoli, vellavoli"
Aluva,"vellaivaval, vavval, karuvaval"
Aluva,"nallachanduva, chanduva, thellachanduva"
Aluva,"[place of collection: vizag, goa and mumbai]"
Anchovy,"indian anchovy, hardenberg`s anchovy"
Anchovy,conetholi
Anchovy,dindus
Anchovy,tamil nethilli
Anchovy,nattoo
Anchovy,[place of collection: chennai and kochi]
Ari fish,kurali
Ari fish,"kila meen, komu kila"
Ari fish,green jobfish
Ari fish,[place of collection: kochi]
Betki,"barramundi, asian sea bass, cockup, cock up, giant sea perch, giant seaperch"
Betki,bhekti
Betki,"bekti, gariyu"
Betki,"keliji, koliji"
Betki,"narimeen, nuddee meen, nair meen, nari meen"
Betki,"khajura, jiteda, khajuri, fitadar"
Betki,"durruah, bekkut"
Betki,"painnee meen, koduva, keduwa"
Betki,"pandu kopah, dadhara, pandu menu"
Betki,[place of collection: kolkata]
Black snapper,kari kuruval
Black snapper,karutha kuruval
Black snapper,[place of collection: kolkata]
Bombay duck,bummalo
Bombay duck,"nehare, lutia, bamaloh"
Bombay duck,"bumla, gulchi"
Bombay duck,"bunmalo, bombil"
Bombay duck,bombil
Bombay duck,vangaravasi
Bombay duck,"cucah sawahri, coco mottah"
Bombay duck,lizardfish
Bombay duck,[place of collection: mumbai and kolkata]
Bommuralu,"kotuna, pambu meen"
Bommuralu,"kotla pama, tolli pama"
Bommuralu,"daggertooth pike conger, dagger tooth pike conger"
Bommuralu,eel
Bommuralu,"[place of collection: chennai, goa and vizag]"
Cat fish,valia etta
Cat fish,ven etta
Cat fish,thella jella
Cat fish,"giant catfish, giant sea catfish"
Cat fish,marine catfish
Cat fish,[place of collection: chennai]
Chakla,"cobia, black kingfish, black king fish, butterfish, black salmon, ling, lemonfish, crabeater, prodigal son, black bonito"
Chakla,modasa
Chakla,neimeen
Chakla,"muddus, sakala, sakla, madusa"
Chakla,"cuddul verarl, kadal viral"
Chakla,peddah mottah
Chakla,perciform marine fish
Chakla,"[place of collection: mumbai, vizag, goa, mandapam and chennai]"
Chappal,"klathi, thol meen"
Chappal,kommu thoka
Chappal,clathi
Chappal,phutaki
Chappal,unicorn leatherjacket
Chappal,filefish
Chappal,[place of collection: goa]
Chelu,"rainbow runner, rainbow yellowtail, spanish jack, hawaiian salmon"
Chelu,"poomeen, chameen"
Chelu,kulkul
Chelu,pelagic marine fish
Chelu,[place of collection: vizag and chennai]
Chembali,"chemballi, chembally"
Chembali,vellakkara
Chembali,rangoo
Chembali,"five lined snapper, blue striped snapper, fivelines seaperch, gold striped sea-perch, five line snapper, fivelined snapper"
Chembali,snapper
Chembali,[place of collection: kochi]
Eri meen,"eri meen, velameen"
Eri meen,"eri meen, nedunkala"
Eri meen,"crimson jobfish, crimson snapper, opakapaka, hawaiian pink snapper"
Eri meen,snapper
Eri meen,[place of collection: kochi]
Gobro,"coral cod, six barred reef cod, thornycheek grouper, spinycheek grouper, grouper, six barred reef cod, seabass, coral trout"
Gobro,guri
Gobro,gobri
Gobro,"kalawa, varayan kalawa"
Gobro,"gobra, hekaru"
Gobro,kalava
Gobro,serranid fish
Gobro,[place of collection: mumbai and goa]
Guitar fish,veenna meen
Guitar fish,padangan
Guitar fish,sorra padhangan
Guitar fish,lanjav
Guitar fish,papan
Guitar fish,"guitarfish, prahli guitarfish"
Guitar fish,ray
Guitar fish,[place of collection: chennai]
Hilsa,"ilish, hilsa, river shad, indian shad, hilsa shad"
Hilsa,"elish, ilish"
Hilsa,"ilishmach, ilish, hilsa, ilisha, hilsha"
Hilsa,"chaski, palla, chaksi, chakshi"
Hilsa,"palasa, paliya, polasa, palia, mullasu"
Hilsa,"paluva, valava, paliyah"
Hilsa,"palva, chaksi, pala, palla"
Hilsa,"ilisha, ilish, jodi"
Hilsa,"karuva ullam, sevva, dolum, ullam, oolum"
Hilsa,"palasah, polasa, palasa, palia"
Hilsa,herring
Hilsa,[place of collection: kochi]
Jallal,jella
Jallal,kaeluthi
Jallal,etta
Jallal,kontia
Jallal,tengra
Jallal,arius
Jallal,catfish
Jallal,[place of collection: vizag]
Jathi vela meen,"pig face bream, silver spotted sea bream, bridled pigface bream"
Jathi vela meen,"pullivelameen, kadu"
Jathi vela meen,valamin
Jathi vela meen,karua
Jathi vela meen,emperor fish
Jathi vela meen,[place of collection: mumbai and mandapam]
Kadal bral,"kadal varal, kechi"
Kadal bral,"palli meen, ooli meen"
Kadal bral,bathisaapa
Kadal bral,arna manji
Kadal bral,chor bombil
Kadal bral,indian lizardfish
Kadal bral,lizardfish
Kadal bral,[place of collection: kochi]
Kadali,"kadali, kendai"
Kadali,"murumeen, kerachoondan"
Kadali,"kadali, goli"
Kadali,redfilament threadfin bream
Kadali,[place of collection: chennai]
Kalamaara,"indian threadfin, monk fish, thread fin, row ball, bastard mullets, bamin, threadfin, indian salmon, giant threadfin, indian threadfin"
Kalamaara,"dara, darha, dadha"
Kalamaara,"vahmeenu, ramas"
Kalamaara,"thamuthi, yeta, wahmeen, baameen, norakudiyan, bahmin"
Kalamaara,"dara, darha, chelna"
Kalamaara,"thiravalai, vellaikala, seenakalai, tahlunkala, panigala, valanakala, kala, battihiravalai, kondiangalai, kattikalai"
Kalamaara,"podikimaga, budathamaga, boddumaga, thellamaga, sahala, maga-booshee"
Kalamaara,coastal fish
Kalamaara,[place of collection: goa and vizag]
Kalava,"kalava, panni kalava"
Kalava,"kalavan, pulli kalava"
Kalava,bontha
Kalava,"hekaru, gobra"
Kalava,gopra
Kalava,"orange spotted grouper, estuary cod"
Kalava,[place of collection: mandapam]
Kanamayya,"blubberlip snapper, maori snapper, multi coloured snapper"
Kanamayya,kathupiriyan
Kanamayya,cuttu pirium
Kanamayya,snapper
Kanamayya,[place of collection: chennai and vizag]
Kannadi paarai,"kannadi paarai, kattamparei"
Kannadi paarai,"kannadi paarai, vattapara"
Kannadi paarai,badil
Kannadi paarai,kat bangda
Kannadi paarai,"diamond trevally, indian threadfish, indian threadfin, mirror fish, plumed trevally"
Kannadi paarai,coastal marine fish
Kannadi paarai,"[place of collection: mumbai, chennai and mandapam]"
Karimeen,"green chromide, pearlspot cichlid, banded pearlspot, striped chromide, pearl spot, banded etroplus"
Karimeen,elimeenu
Karimeen,pitul
Karimeen,kalunder
Karimeen,"karimeen, erumeen, irimeen"
Karimeen,cundahle
Karimeen,"seththa kendai, karassar, sethakendai, sethakandai, palincha, panishettai, udupatti"
Karimeen,"cashi mara, cashimara, duvvenachepa"
Karimeen,cichlid fish
Karimeen,[place of collection: kochi]
Karnagawala,karna gawala
Karnagawala,"nethili, poruva"
Karnagawala,"netholi, kozhuva"
Karnagawala,bolingei
Karnagawala,broad striped anchovy
Karnagawala,[place of collection: vizag]
Kayrai,"yellowfin tuna, yellow fin tuna"
Kayrai,"gedar, gedara"
Kayrai,bokado
Kayrai,poovan choora
Kayrai,"kuppa, gedar, bugudi, pimp"
Kayrai,soccer
Kayrai,tuna
Kayrai,[place of collection: chennai]
Kiriyan,"yellowtail scad, northern yellowtail scad, one finlet scad, deep trevally, omaka, horse mackerel"
Kiriyan,gondlu
Kiriyan,para
Kiriyan,"pulli parai, para, warri parah, vennai parai, semaparai, parai, thenga parai, komaraparai, kilisai"
Kiriyan,"manjal parai, pulli parai, para"
Kiriyan,small inshore marine fish
Kiriyan,[place of collection: kochi]
Kite fish,kozhi thirandi
Kite fish,kozhi thirukkai
Kite fish,tekku madava
Kite fish,shortfin devil ray
Kite fish,ray
Kite fish,[place of collection: kochi]
Korka,"crescent grunter, target fish, crescent bass, crescent perch, tiger bass, jarbua terapon, tiger perch, squeaking perch"
Korka,"boorgooni, jeerpye"
Korka,"garangeta, naida"
Korka,gore
Korka,"kotha, marakkeri, keeri, kallakeedam"
Korka,"naveri hajam, naveri"
Korka,"gahnu, galikooru"
Korka,"mattakkeechan, palin keetchan, kovakeechan, palinkeechan, pootankeeli, keeli, keechan, chavathinnikeeli"
Korka,"baikeeli, kilipothu, ganam, samudrakili"
Korka,grunter
Korka,[place of collection: kochi]
Kulam paarai,"kulam paarai, pulli paarai"
Kulam paarai,manja paarai
Kulam paarai,pulli para
Kulam paarai,"yellowspotted trevally, yellowspotted kingfish, goldspotted trevally, tarrum"
Kulam paarai,large inshore marine fish
Kulam paarai,[place of collection: chennai]
Maagaa,"maga, budatha maga"
Maagaa,pozhakkala
Maagaa,sahala
Maagaa,tape machh
Maagaa,rawas
Maagaa,striped threadfin
Maagaa,marine fish
Maagaa,[place of collection: vizag]
Mackerel,"indian mackerel, rake gillat mackerel"
Mackerel,bangada
Mackerel,"bangda, bangadei, bangada"
Mackerel,"ayila, ayala, ayla"
Mackerel,"kaulagedar, bangada, kaula gedar"
Mackerel,karan kita
Mackerel,"kanangeluthi, kumala, kumla, augalai"
Mackerel,"kannangadatha, kanagurta, kamangadachalu"
Mackerel,"[place of collection: chennai, mumbai and goa]"
Manda clathi,manda klathi
Manda clathi,reticulated unicornfish
Manda clathi,[place of collection: mandapam]
Matha,"elongate surgeonfish, blue lined surgeonfish"
Matha,pala
Matha,marine tropical fish
Matha,[place of collection: chennai and vizag]
Milk fish,"milkfish, milk fish, white mullet"
Milk fish,"humeen, hoomeenu, hoo meenu"
Milk fish,poomeen
Milk fish,"pal kendai, palmeen, tulu candul, thullu, palai meen"
Milk fish,"pallabontha, polah bontah"
Milk fish,[place of collection: mandapam]
Moon fish,moonfish
Moon fish,vaniani
Moon fish,hakkimeen
Moon fish,ambattan parah
Moon fish,"ambutan parah, amattikatti"
Moon fish,perch fish
Moon fish,[place of collection: mumbai]
Mullet,"flathead grey mullet, flathead greymullet"
Mullet,ain
Mullet,"bhomat, boi, gandhia"
Mullet,mala
Mullet,"tirutha, thirutha, tiruta"
Mullet,"boi, mangan, boita, pilas, bol, pilsa, sherto"
Mullet,"madavai, kasmeen, manla"
Mullet,"kathiparega, kathi parenga"
Mullet,food fish
Mullet,"[place of collection: mumbai, kochi and chennai]"
Mural,"houndfish, crocodile needlefish, giant longtom"
Mural,"oola, keran"
Mural,tol
Mural,pahmum kolah
Mural,wahlah kuddera
Mural,game fish
Mural,[place of collection: mandapam]
Myil meen,"indo pacific sailfish, peacock fish, sail fish, indian sail fish, sailfish"
Myil meen,"tadmachhi, kunga"
Myil meen,"ola meen, olameen"
Myil meen,tadmasa
Myil meen,sailfish
Myil meen,[place of collection: chennai and mandapam]
Nalla bontha,"wekhali, wekhanu, wekhru"
Nalla bontha,"gopra, muni meenu"
Nalla bontha,gobri
Nalla bontha,kalawa
Nalla bontha,"gobra, hekru, hekaru"
Nalla bontha,bhala
Nalla bontha,"punni calawah, kalava"
Nalla bontha,"bontha, kodi punju, bontoo"
Nalla bontha,"giant rock cod, malabar rockcod, brown-spotted grouper, estuary rock cod, malabar grouper, morgan`s cod, blackspot cod, malabar reef cod, speckled grouper., blacksaddle grouper, malabar cod, speckled grouper, grouper, greasy grouper, blackspotted rockcod, malabar reefcod, estuary cod, malabar rock cod"
Nalla bontha,large serranid fish
Nalla bontha,[place of collection: vizag]
Narba,"bigeye trevally, bigeye jack, great trevally, six banded trevally, dusky jack, dusk jack, tille jack"
Narba,"bangada, kala bangada"
Narba,gondlu
Narba,"maduthala, varayan para, kuluvel"
Narba,kala bangada
Narba,large marine fish
Narba,[place of collection: vizag and mumbai]
Paarai,"paarai, karunkanni paarai"
Paarai,para
Paarai,"blacktip trevally, blacktip kingfish, yellowtail kingfish"
Paarai,large marine fish
Paarai,[place of collection: chennnai]
Padayappa,karuppu klathi
Padayappa,"rough triggerfish, spotted oceanic triggerfish"
Padayappa,triggerfish
Padayappa,[place of collection: kochi]
Pali kora,palli kora
Pali kora,palli korai
Pali kora,panna croaker
Pali kora,[place of collection: kochi]
Pambada,"savalai hairtail, small head hairtail, small headed hairtail, small headed ribbon fish, small headed ribbonfish, silver ribbon fish, hair tail, ribbon fish"
Pambada,patti
Pambada,pambole
Pambada,bale
Pambada,"vellasavala, thalayan, vellathalayan, karupputhalayan, karuppusavala, vellithalayan"
Pambada,"baia, wagti, bala"
Pambada,"chavalai, karthigaivalai, savalai, mattachavalai, olavalai"
Pambada,"nadippussavallu, peddasavallu, yellasavallu, savala, kothisavallu"
Pambada,snapper
Pambada,[place of collection: chennai and kochi]
Pandukopa,pandu kopa
Pandukopa,borogo
Pandukopa,bhola
Pandukopa,doma
Pandukopa,"larimichthys polyactis, redlip croaker, small yellow croaker, little yellow croaker, yellow corvina"
Pandukopa,croaker
Pandukopa,[place of collection: vizag]
Parava,"false trevally, big jawed jumper, big jawed jumber"
Parava,"dhangari, dangri, chapla, katli"
Parava,"saundala, adai minu"
Parava,"adavu, parava"
Parava,"saundala, pervi"
Parava,"sudumbu, suthumbu, guthippu"
Parava,"sudumbu, sudumbala, kuthuppu"
Parava,[place of collection: kochi]
Parcus,"indian halibut, indian turbot"
Parcus,"hario, dataro"
Parcus,box lep
Parcus,"zhipali, bhakas"
Parcus,erumei nakku
Parcus,noree nalaka
Parcus,large primitive flatfish
Parcus,[place of collection: mumbai]
Parrot fish,"blue barred parrotfish, blue trim parrotfish, cream parrotfish, globe headed parrotfish, green blotched parrotfish, yellow scale parrotfish, bluechin parrotfish"
Parrot fish,chandi
Parrot fish,marine fish
Parrot fish,[place of collection: mandapam]
Perinkilichai,pinjalo snapper
Perinkilichai,"mette mirrei, polei oolavai"
Perinkilichai,snapper
Perinkilichai,[place of collection: chennai]
Phopat,"mahi mahi, common dolphinfish, common dolphin fish"
Phopat,pomfret
Phopat,"halwa, adadio, himra machhi"
Phopat,thondrotte
Phopat,"affunose, avoli, karuvoli, vellavoli"
Phopat,"abanoos, halwa, himra masa"
Phopat,baal
Phopat,"karuvaval, vavval, vanna, vellaivaval, badahlan, koppurai kula"
Phopat,"chanduva, nallachanduva, thellachanduva"
Phopat,surface dwelling ray finned fish
Phopat,"[place of collection: chennai, kochi, vizag and mumbai]"
Piranha,[place of collection: kochi]
"Pomfret, black","black pomfret, brown pomfret"
"Pomfret, black","halwa, adadio"
"Pomfret, black",thondrotte
"Pomfret, black",halwa
"Pomfret, black","vellavoli, karuvolli, avoli, karauthakoli"
"Pomfret, black","vellaivaval, vavval, karuvaval"
"Pomfret, black","nallachanduva, chanduva, thellachanduva"
"Pomfret, black",pomfret
"Pomfret, black","[place of collection: kochi, chennai, mumbai, mandapam, vizag and goa]"
"Pomfret, snub nose",snubnose pampano
"Pomfret, snub nose",peeyada
"Pomfret, snub nose","ladagoo, katattitaka"
"Pomfret, snub nose",kootili
"Pomfret, snub nose",coastal fish
"Pomfret, snub nose",[place of collection: mumbai]
"Pomfret, white","silver pomfret, white pomfret"
"Pomfret, white","chandi, pomfret"
"Pomfret, white",vichuda
"Pomfret, white","thondrotte, thondrette, manji"
"Pomfret, white",surangat
"Pomfret, white","vellavoli, karuvolli, avoli, velutha-avoli"
"Pomfret, white","saranga, chandava, paplet"
"Pomfret, white","chandee, ghia"
"Pomfret, white","vella vavval, karuvaval, vavval, vellaivaval"
"Pomfret, white","thellachanduva, nallachanduva, chanduva"
"Pomfret, white",butterfish
"Pomfret, white",[place of collection: mumbai and goa]
Pranel,"whipfin silver biddy, deepbody mojarra"
Pranel,paiya
Pranel,pranjin
Pranel,charbat
Pranel,oodan
Pranel,mojarras
Pranel,[place of collection: kochi]
Pulli paarai,"golden trevally, golden kingfish, banded trevally, king trevally, golden toothless trevally, horse mackerel"
Pulli paarai,gondlu
Pulli paarai,para
Pulli paarai,"pilli parah, pathi parah, para, thenga parai, vennai parai, kilisai, pathi parah, komaraparai, pulli parai, semaparai, parai"
Pulli paarai,"pulli parai, para, poloosoo parah, manjal parai"
Pulli paarai,large marine fish
Pulli paarai,[place of collection: chennai]
Queen fish,"doubledotted queenfish, talang queenfish"
Queen fish,sag
Queen fish,"palaimeenu, diana"
Queen fish,palameen
Queen fish,dagol
Queen fish,"toal parah, katta"
Queen fish,pasupara
Queen fish,coastal fish
Queen fish,"[place of collection: chennai, kochi and goa]"
Raai fish,"atlantic tripletail, brown tripletail, tripple tail, brown tripletail"
Raai fish,katkola
Raai fish,parrandee
Raai fish,chota bekkut
Raai fish,musalli
Raai fish,warm water marine fish
Raai fish,[place of collection: chennai and vizag]
Raai vanthu,"brown spotted reef cod, souman, brownspotted grouper, brown spotted grouper, brownspotted rockcod., brown spotted reef cod"
Raai vanthu,"vekharu, vekhala"
Raai vanthu,guri
Raai vanthu,gobri
Raai vanthu,"pulli kalawa, kalava"
Raai vanthu,"hekru, hekaru"
Raai vanthu,kalava
Raai vanthu,grouper fish
Raai vanthu,[place of collection: vizag]
Rani,"rani meen, sankara"
Rani,"kilimeen, chen kili"
Rani,rani menu
Rani,"pink perch, threadfin bream"
Rani,freshwater gamefish
Rani,"[place of collection: goa, kochi, chennai, mumbai, vizag and mandapam]"
"Ray fish, bow head, spotted","bowmouth guitarfish, shark ray, mud skate, bowmouthed guitarfish"
"Ray fish, bow head, spotted","sakshi, lanj"
"Ray fish, bow head, spotted",mun ultava
"Ray fish, bow head, spotted","pottila sora, nella dindi"
"Ray fish, bow head, spotted",ray
"Ray fish, bow head, spotted",[place of collection: kochi]
Red snapper,"mangrove red snapper, mangrove jack, creek red bream, stuart evader, dog bream, purple sea perch, purple seaperch, red bass, red bream, red perch, red reef bream, river roman, rock barramundi, yellow snapper, silver spotted grey snapper, gray snapper, malabar red snapper"
Red snapper,ratado
Red snapper,chembali
Red snapper,"murumeen, pahari, chemballi"
Red snapper,tambusa
Red snapper,"paruthikanni, patani-keeli, karuvalai, nethiprion, paruthivala meen, chenganni, vekkattai, thokkal, cheppili, karva, adallu, vekkattai, antaleyan"
Red snapper,"rangu, thundava., rangoo, thundava, kaliviyya"
Red snapper,snapper
Red snapper,[place of collection: vizag]
"Red snapper, small",alta-punti
"Red snapper, small","dorali, ratado"
"Red snapper, small",disco meenu
"Red snapper, small","bullsai, chemballi"
"Red snapper, small",tambi
"Red snapper, small","kakkasi, paswa"
"Red snapper, small",bochelu
"Red snapper, small","lunar-tailed bigeye, goggle eye, moontail bullseye, red bullseye, lunar-tailed bullseye, red big eye, crescent tail bigeye, lunar tailed bigeye, dusky-finned bullseye, spot-finned bull`s eye., moontail bullseye, bigeye snapper, black-spot big-eye, lunar-tailed glasseye, duskyfin bulleye, goggle-eye"
"Red snapper, small",marine fish
"Red snapper, small",[place of collection: goa]
Sadaya,"sadaya, thotti meen"
Sadaya,nandan
Sadaya,"orbicular batfish, circular batfish, orbiculate batfish, round batfish, orbic batfish"
Sadaya,aquarium fish
Sadaya,[place of collection: chennai]
Salmon,atlantic salmon
Salmon,ray-finned fish
Salmon,[place of collection: goa]
Sangada,bamni
Sangada,"kendai, puthuputtan kendai"
Sangada,goli
Sangada,kerachoondan
Sangada,japanese threadfin bream
Sangada,marine fish
Sangada,[place of collection: chennai]
Sankata parai,"giant trevally, lowly trevally, barrier trevally, giant kingfish, ulua, yellowfin jack"
Sankata parai,kuluvel
Sankata parai,jarradandree-parah
Sankata parai,large marine fish
Sankata parai,[place of collection: chennai]
Sardine,"indian oil sardine, malabar sardine"
Sardine,tarali
Sardine,"baige, buthai, boothai, tarli-multhi"
Sardine,"nalla mathi, nallamathi"
Sardine,"haird, kanat, tarali, tarli, haid"
Sardine,"nonalai, charlay, paycharlay, paichalai"
Sardine,noona-kavallu
Sardine,ray-finned fish
Sardine,[place of collection: kolkata]
Shark,"spot-tail shark, sorrah shark"
Shark,shirat
Shark,"balda, pisori"
Shark,katta-sorrah
Shark,requiem shark
Shark,[place of collection: goa and mandapam]
"Shark, hammer head","sura, komban sura"
"Shark, hammer head","sravu, chenkannan sravu"
"Shark, hammer head","sorrah, koma sorrah"
"Shark, hammer head",haturi hangar
"Shark, hammer head",kochia kammad
"Shark, hammer head","kanar, mushee"
"Shark, hammer head",sappa sorrah
"Shark, hammer head",great hammerhead
"Shark, hammer head",hammerhead shark
"Shark, hammer head",[place of collection: kolkata]
"Shark, spotted",zebra shark
"Shark, spotted","shinawala, magara, shinvala, musia"
"Shark, spotted","poochasurav, zebra sravu"
"Shark, spotted","shinvala, mushi, shinavla"
"Shark, spotted","komarasi-sorrah, coruhgun-sorrah, korangum sorrah"
"Shark, spotted","potrava, komarasi, orookoolti-sorrah, pollee-makum, komrasi, pollee makum, corootoolti-sorrah"
"Shark, spotted",carpet shark
"Shark, spotted",[place of collection: kochi]
Shelavu,"pickhandle barracuda, banded barracuda, sea pike"
Shelavu,bhungar
Shelavu,kandai
Shelavu,cheelahoo
Shelavu,"ghalse, badvi, jaban-tal, badri"
Shelavu,jellow
Shelavu,"[place of collection: chennai, goa, vizag and kochi]"
Silan,"silond catfish, silondia vacha, silong catfish"
Silan,"dhain, silan, utti, koch"
Silan,silond
Silan,schilbid catfish
Silan,[place of collection: kolkata]
Silk fish,pattumeen
Silk fish,"alfonsino, alfonsin, longfinned beryx, red bream, imperador"
Silk fish,deep oceanic fish
Silk fish,[place of collection: kochi]
Silver carp,belli-gende
Silver carp,"freshwater cyprinid fish, asian carp"
Silver carp,[place of collection: kolkata]
Sole fish,largescale tongue-sole
Sole fish,lep
Sole fish,tonguefish
Sole fish,[place of collection: vizag]
Stingray,"common stingray, blue stingray"
Stingray,thirukay
Stingray,[place of collection: kolkata]
Tarlava,"spotted sicklefish, moon-fish, spotted bat-fish, spotted drepane"
Tarlava,chand
Tarlava,"therattai, painthi"
Tarlava,"thotha, thetti"
Tarlava,[place of collection: chennai and vizag]
Tholam,"minstrel sweetlips, grey sweetlip"
Tholam,harvil
Tholam,gamefish
Tholam,[place of collection: chennai and mandapam]
Tilapia,nile tilapia
Tilapia,"elapi, japani kawoi"
Tilapia,"tilapia, cichlid fish"
Tilapia,[place of collection: kolkata]
Tuna,"mackerel tuna, kawakawa, little tuna"
Tuna,gedar
Tuna,bokado
Tuna,choora
Tuna,"chuki, bugudi, ohaman, gedar, kuppa"
Tuna,"choori-min, suraly"
Tuna,ray-finned bony fish
Tuna,"[place of collection: chennai, vizag, goa, mandapam and kochi]"
"Tuna, striped","skipjack tuna, aku, arctic bonito, mushmouth, oceanic bonito, striped tuna, victor fish, oceanic skipjack"
"Tuna, striped",gedar
"Tuna, striped",bokado
"Tuna, striped",choora
"Tuna, striped","kuppa, bugudi, gedar"
"Tuna, striped",medium-sized perciform fish
"Tuna, striped",[place of collection: kochi]
Valava,"whitefin wolf-herring, tenpounder"
Valava,kiru-wahlah
Valava,wahlah
Valava,herring
Valava,[place of collection: vizag]
Vanjaram,"narrow-barred spanish mackerel, barred seer fish, king seer"
Vanjaram,"surmai, chhapri"
Vanjaram,thavar
Vanjaram,"ayakora, chumbum"
Vanjaram,"anjai, anjari, surmai, towar"
Vanjaram,"ah-ku-lah, mah-wu-leachi, mavulasi, seela, mah-wu-laachi, vanjiram, velra, konam"
Vanjaram,"vanjiramu, konema, varimeen, yellari, vellikannan, ayaokaro"
Vanjaram,mackerel
Vanjaram,[place of collection: chennai and goa]
Vela meen,"vela meen, kurali"
Vela meen,"vela meen, kila meen, komu kila"
Vela meen,green jobfish
Vela meen,snapper
Vela meen,[place of collection: mandapam]
Vora,streaked spinefoot
Vora,kunar
Vora,ottah
Vora,warahwah
Vora,rabbitfish
Vora,[place of collection: chennai and mandapam]
Whale shark,tiger shark
Whale shark,"bhoovar, bhoavar, pattari"
Whale shark,"pullia, pilithatte"
Whale shark,"valiasurav, vorimiyaru, kalla-sravu, kalvari, pulli sravu, kellan, kethalan, valiyasurav"
Whale shark,waghbeer
Whale shark,wulluven sorrah
Whale shark,"kettalam sorrah, kethalam-sorrah, kethulam, kurangu-sorrah, vulluvan-sorrah"
Whale shark,requiem shark
Whale shark,[place of collection: mandapam]
Xiphinis,"swordfish, broadbills, sword fish"
Xiphinis,"kunga, tadmachhi"
Xiphinis,kuthirameen
Xiphinis,tadmasa
Xiphinis,"billfish, gamefish, predatory fish"
Xiphinis,[place of collection: mandapam]
"Eggs, cat fish",pabho koni
"Eggs, cat fish",pabda dim
"Eggs, cat fish",pabda ande
"Eggs, cat fish",pabdah anda
"Eggs, cat fish",butter catfish
"Eggs, cat fish",sheatfish
"Eggs, cat fish",[place of collection: kolkata]
Crab,khekora
Crab,kankra
Crab,karachalo
Crab,kekda
Crab,"edi, nalli"
Crab,kulli
Crab,njandu
Crab,"khekada, chimbori"
Crab,kankada
Crab,kekra
Crab,nandu
Crab,"peetha, endrakaya"
Crab,florida stone crab
Crab,[place of collection: kolkata]
"Crab, sea",khekora
"Crab, sea",kankra
"Crab, sea",karachalo
"Crab, sea",kekda
"Crab, sea","edi, nalli"
"Crab, sea",kulli
"Crab, sea",njandu
"Crab, sea","khekada, chimbori"
"Crab, sea",kankada
"Crab, sea",kekra
"Crab, sea",nandu
"Crab, sea","peetha, endrakaya"
"Crab, sea","three-spot swimming crab, blood-spotted swimming crab, red-spotted swimming crab"
"Crab, sea",large crab
"Crab, sea",[place of collection: chennai]
"Lobster, brown",koral chingri
"Lobster, brown",chappal jhinga
"Lobster, brown",kalla sigadi
"Lobster, brown",adipan chemmeen
"Lobster, brown",phati
"Lobster, brown","matta singi eral, kal eral"
"Lobster, brown",edu royya
"Lobster, brown","flathead lobster, bay lobster, moreton bay bug"
"Lobster, brown",slipper lobster
"Lobster, brown",[place of collection: chennai]
"Lobster, king size",koral chingri
"Lobster, king size",chappal jhinga
"Lobster, king size",kalla sigadi
"Lobster, king size",adipan chemmeen
"Lobster, king size",phati
"Lobster, king size","matta singi eral, kal eral"
"Lobster, king size",edu royya
"Lobster, king size","flathead lobster, bay lobster, moreton bay bug"
"Lobster, king size",slipper lobster
"Lobster, king size","[place of collection: chennai, vizag, mumbai, kochi, mandapam and goa]"
Mud crab,chokha kankra
Mud crab,chikad kekda
Mud crab,kesaru edi
Mud crab,cheli njandu
Mud crab,chikhli chimbori
Mud crab,kado kankada
Mud crab,"seru nandu, mandu nandu"
Mud crab,buradha peetha
Mud crab,"mangrove crab, mud crab"
Mud crab,[place of collection: goa]
Oyster,indian backwater oyster
Oyster,"muringa, muru"
Oyster,"kalungu, ali, patti"
Oyster,[place of collection: goa]
"Tiger prawns, brown",misa maas
"Tiger prawns, brown",chingri
"Tiger prawns, brown",jinga
"Tiger prawns, brown",jhinga
"Tiger prawns, brown",sigadi
"Tiger prawns, brown",sungat
"Tiger prawns, brown",chemmeen
"Tiger prawns, brown",kolambi
"Tiger prawns, brown",chingudi
"Tiger prawns, brown",iraal
"Tiger prawns, brown",royya
"Tiger prawns, brown",marine crustacean
"Tiger prawns, brown",[place of collection: chennai]
"Tiger Prawns, orange",misa maas
"Tiger Prawns, orange",bagda chingri
"Tiger Prawns, orange",tiger jinga
"Tiger Prawns, orange",bagda jhinga
"Tiger Prawns, orange",hebbagani sigadi
"Tiger Prawns, orange",wagho sungat
"Tiger Prawns, orange","kara chemmeen, naran chemmeen"
"Tiger Prawns, orange",bagda kolambi
"Tiger Prawns, orange",bagda chingudi
"Tiger Prawns, orange",tiger jhinga
"Tiger Prawns, orange",vari iraal
"Tiger Prawns, orange",puli royya
"Tiger Prawns, orange","giant tiger prawn, asian tiger shrimp"
"Tiger Prawns, orange",marine crustacean
"Tiger Prawns, orange",[place of collection: kochi]
"Clam, green shell","asian green mussel, green-lipped mussel"
"Clam, green shell","kallumalkai, kadukka"
"Clam, green shell","mussel, bivalve"
"Clam, green shell",[place of collection: goa]
"Clam, white shell, ribbed",jhinuk
"Clam, white shell, ribbed",kalav
"Clam, white shell, ribbed",sippi
"Clam, white shell, ribbed","maruvai, tisare"
"Clam, white shell, ribbed","tisareo, shinanyeo"
"Clam, white shell, ribbed",kakka
"Clam, white shell, ribbed","tisari, shivlya"
"Clam, white shell, ribbed",samuka
"Clam, white shell, ribbed","matti, vari matti"
"Clam, white shell, ribbed","alu chippa, gulla"
"Clam, white shell, ribbed",asiatic hard clam
"Clam, white shell, ribbed",[place of collection: goa]
Octopus,ashtabahu
Octopus,"ashtabhuja, ane bondaas"
Octopus,neerali
Octopus,ashtapad
Octopus,"kanavai, aktopas"
Octopus,ashtabuji
Octopus,ashtpa
Octopus,common octopus
Octopus,[place of collection: mumbai]
"Squid, black",kali squid
"Squid, black",kala squid
"Squid, black",kappu bondaas
"Squid, black",karutha koonthal
"Squid, black",kali maakli
"Squid, black",karuppu kanavai
"Squid, black",nalla squid
"Squid, black",[place of collection: kolkata]
"Squid, hard shell","cuttlefish, katol mas"
"Squid, hard shell",samudra pheni
"Squid, hard shell",kallu bondaas
"Squid, hard shell",kanava
"Squid, hard shell","maakli, goti maakli"
"Squid, hard shell","kanavai, ottu kanavai"
"Squid, hard shell","cuttlefish, samudra peni"
"Squid, hard shell",pharaoh cuttlefish
"Squid, hard shell",large cuttlefish
"Squid, hard shell",[place of collection: goa]
"Squid, red",lal squid
"Squid, red",kempu bondaas
"Squid, red",chuvanna koonthal
"Squid, red",lal maakli
"Squid, red",sivappu kanavai
"Squid, red",erra squid
"Squid, red",[place of collection: chennai and goa]
"Squid, white, small",shada squid
"Squid, white, small",safed squid
"Squid, white, small",bili bondaas
"Squid, white, small",vella koonthal
"Squid, white, small","safed maakli, choti maakli"
"Squid, white, small","vellai kanavai, porsi kanavai"
"Squid, white, small",tella squid
"Squid, white, small","indian ocean squid, indian squid"
"Squid, white, small",[place of collection: mumbai]
Cat fish,"kanduli mas, singora mas"
Cat fish,"tengra, singi"
Cat fish,khago
Cat fish,"singee, singhara"
Cat fish,thogari meenu
Cat fish,"muzhi, etta"
Cat fish,"shingata, shingala"
Cat fish,singhai
Cat fish,sanghra
Cat fish,"keluthi, theli"
Cat fish,"marpu, jella"
Cat fish,singee
Cat fish,"eel-tailed catfish, dewfish, freshwater catfish, jewfish, tandan"
Cat fish,catfish
Cat fish,[place of collection: kolkata]
Catla,major carp
Catla,"baudhekra, bhakua, baudhekera"
Catla,"katla, pla kra ho"
Catla,"tambra, thambra, bawas"
Catla,"catla, bhakur, boassa, katla, chepti"
Catla,"karakatla, catla"
Catla,"tambra, pla kra ho, catla, katala"
Catla,"bhakur, bahkur, barkur"
Catla,"theil, theila, thaila"
Catla,"meen, yamaneri kendai, theppu meenu, japan kendai, japankendai, thoppa, thoppa-meen, theppu-meenu, thoppu meen, koora kendai, koora-kendai, kanavi, thoppameenu"
Catla,"botcha, botchee, bocha, bacha, krishnabotcha"
Catla,asian freshwater fish
Catla,[place of collection: kolkata]
Fresh water Eel,kushia
Fresh water Eel,"baan maach, baam"
Fresh water Eel,baam machli
Fresh water Eel,havu meenu
Fresh water Eel,"mananjil, mlanjil"
Fresh water Eel,"vaam, ahir"
Fresh water Eel,baamo
Fresh water Eel,baam
Fresh water Eel,vilangu meen
Fresh water Eel,"malugu chepa, bhamu"
Fresh water Eel,european eel
Fresh water Eel,"eel, catadromous fish"
Fresh water Eel,[place of collection: kolkata]
Gold fish,xunali maas
Gold fish,shona maach
Gold fish,soneri machhli
Gold fish,sunahri machli
Gold fish,"bangaru meenu, chinna meenu"
Gold fish,swarna matsyam
Gold fish,soneri masa
Gold fish,suna machha
Gold fish,sunahri machhi
Gold fish,thanga meen
Gold fish,bangaru chepa
Gold fish,goldfish
Gold fish,"freshwater fish, aquarium fish"
Gold fish,[place of collection: kolkata and bangaluru]
Pangas,pangas machli
Pangas,iridescent shark
Pangas,shark catfish
Pangas,[place of collection: kolkata]
Rohu,"rohu, rui, roho labeo"
Rohu,"rou, rohiti, rohitii, row, rau, rui"
Rohu,"rahu, rui, ruee"
Rohu,"bhobhari, rohu"
Rohu,"rohitham, rohu"
Rohu,row
Rohu,"rohu, tambada massa, tambada masa, tambada-massa"
Rohu,"rohu, ruhu, rohi"
Rohu,"dumra, tapra, rohu, dhambra"
Rohu,"kannadi kendai, kennadi kendai"
Rohu,bocha-gandumeenu
Rohu,carp fish
Rohu,[place of collection: kolkata]
Crab,small shore crab
"Prawns, big",bor misa
"Prawns, big",golda chingri
"Prawns, big",bada jhinga
"Prawns, big",dodda sigadi
"Prawns, big","aattu konchu, valiya chemmeen"
"Prawns, big",mothi kolambi
"Prawns, big",galda chingudi
"Prawns, big","aattu eral, yera"
"Prawns, big",gudi royya
"Prawns, big","giant freshwater prawn, giant river prawn"
"Prawns, big","palaemonid freshwater prawn, shrimp"
"Prawns, big",[place of collection: bengaluru]
"Prawns, small",xoru misa
"Prawns, small",kucho chingri
"Prawns, small",nani jinga
"Prawns, small",chhota jhinga
"Prawns, small",chikka sigadi
"Prawns, small",lhan sungat
"Prawns, small","kunju konchu, cheru chemmeen"
"Prawns, small",lahan kolambi
"Prawns, small",chuna chingudi
"Prawns, small",chhoti jhinga
"Prawns, small","kutti eral, kooni"
"Prawns, small",chinna royya
"Prawns, small",shrimp
"Prawns, small",[place of collection: mumbai]
Tiger prawns,misa maas
Tiger prawns,chingri
Tiger prawns,jinga
Tiger prawns,jhinga
Tiger prawns,sigadi
Tiger prawns,sungat
Tiger prawns,"chemmeen, konchu"
Tiger prawns,kolambi
Tiger prawns,chingudi
Tiger prawns,iraal
Tiger prawns,royya
Tiger prawns,shrimp
Tiger prawns,[place of collection: kolkata]
Coconut oil,narikol tel
Coconut oil,narkel tel
Coconut oil,nariyel nu tel
Coconut oil,nariyal tel
Coconut oil,tenginakai enne
Coconut oil,narla tel
Coconut oil,velichenna
Coconut oil,khobrel tel
Coconut oil,nariwal ko tel
Coconut oil,nadia tela
Coconut oil,nariyal da tel
Coconut oil,narikela taila
Coconut oil,thengai ennai
Coconut oil,kobbari nune
Coconut oil,nariyal ka tel
Corn oil,gom dhan tel
Corn oil,bhuttar tel
Corn oil,makai nu tel
Corn oil,makai ka tel
Corn oil,musukina jola enne
Corn oil,cholam enna
Corn oil,makyache tel
Corn oil,makai ko tel
Corn oil,maka tela
Corn oil,makki da tel
Corn oil,makkacholam ennai
Corn oil,mokka jonna nune
Cotton seed oil,karpaser tel
Cotton seed oil,kapasiya tel
Cotton seed oil,"kapas ka tel, binola tel"
Cotton seed oil,hatthi beeja enne
Cotton seed oil,"kapsache tel, sarkiche tel"
Cotton seed oil,kapa tela
Cotton seed oil,vareve da tel
Cotton seed oil,paruthi vidhai ennai
Cotton seed oil,prathi ginjala nune
Cotton seed oil,binola tel
Gingelly oil,til tel
Gingelly oil,tal nu tel
Gingelly oil,til ka tel
Gingelly oil,ellenne
Gingelly oil,tila tel
Gingelly oil,"nallenna, ellenna"
Gingelly oil,tila che tel
Gingelly oil,til ko tel
Gingelly oil,rasi tela
Gingelly oil,til da tel
Gingelly oil,tila taila
Gingelly oil,"nallennai, ellenai"
Gingelly oil,nuvvula nune
Groundnut oil,china badam tel
Groundnut oil,"sing tel, magafali nu tel"
Groundnut oil,moongphali ka tel
Groundnut oil,"kadale kaayi enne, shenga enne"
Groundnut oil,bhui mug tel
Groundnut oil,"kadala enna, nilakkadala enna"
Groundnut oil,shengdana tel
Groundnut oil,mungfali tel
Groundnut oil,china badama tela
Groundnut oil,mungfali da tel
Groundnut oil,bhuchanaka taila
Groundnut oil,kadalai ennai
Groundnut oil,"verusenaga nune, pallila nune"
Mustard oil,horiyoh tel
Mustard oil,shorsher tel
Mustard oil,"sarisav nu tel, rai nu tel"
Mustard oil,sarson ka tel
Mustard oil,sasive enne
Mustard oil,sarshaf tel
Mustard oil,sasvanche tel
Mustard oil,kadugu enna
Mustard oil,mohariche tel
Mustard oil,tori ko tel
Mustard oil,sorisa tela
Mustard oil,sarhon da tel
Mustard oil,sarshapa taila
Mustard oil,kadugu ennai
Mustard oil,aava nune
Palm oil,taaler tel
Palm oil,taad nu tel
Palm oil,taad ka tel
Palm oil,taale enne
Palm oil,pana enna
Palm oil,taad tel
Palm oil,tala tela
Palm oil,taad da tel
Palm oil,panai ennai
Palm oil,taati nune
Palm oil,taar ka tel
Rice bran oil,"chaler kuro tel, chaler kundo tel"
Rice bran oil,chokha na bhusa nu tel
Rice bran oil,chawal ki bhusi ka tel
Rice bran oil,akki tavadu enne
Rice bran oil,ari thavidu enna
Rice bran oil,tandul kondya che tel
Rice bran oil,"chaula chopa tela, chaula kunda tela"
Rice bran oil,chaul de chilke da tel
Rice bran oil,arisi thavidu ennai
Rice bran oil,tavudu nune
Safflower oil,kusum tel
Safflower oil,kusumbi tel
Safflower oil,kusum ka tel
Safflower oil,kusube enne
Safflower oil,kardai tel
Safflower oil,kusuma tela
Safflower oil,kusum da tel
Safflower oil,kusuma nune
Soyabean oil,soyabean tel
Soyabean oil,soyabean enne
Soyabean oil,soyabean enna
Soyabean oil,soyabean tela
Soyabean oil,soyabean ennai
Soyabean oil,soyabean nune
Sunflower oil,surjomukhi tel
Sunflower oil,surajmukhi nu tel
Sunflower oil,surajmukhi ka tel
Sunflower oil,suryakanthi enne
Sunflower oil,suryakanthi enna
Sunflower oil,suryaphul tel
Sunflower oil,suryamukhi tel
Sunflower oil,surjyamukhi tela
Sunflower oil,surajmukhi da tel
Sunflower oil,suriyakanthi ennai
Sunflower oil,"poddu tirugudu nune, suryakanthi nune"
Ghee,tuppa
Ghee,touup
Ghee,neyy
Ghee,tup
Ghee,ghia
Ghee,ghyo
Ghee,ghrita
Ghee,nei
Ghee,neyyi
Vanaspati,"bonospoti, dalda"
Vanaspati,dalda
Vanaspati,"banaspati, dalda"
