split,image_path,label_path,label_exists
train,processed/train/images/IMG_4572_jpg.rf.f89f488523c1689e7d1eaaee9ecbe4b0.jpg,processed/train/labels/IMG_4572_jpg.rf.f89f488523c1689e7d1eaaee9ecbe4b0.txt,True
train,processed/train/images/IMG_4574_jpg.rf.bc79dfed884cde514f874fbfda401dd9.jpg,processed/train/labels/IMG_4574_jpg.rf.bc79dfed884cde514f874fbfda401dd9.txt,True
train,processed/train/images/IMG_4575_jpg.rf.df87c5536b3da14b0c1a0942191f42ba.jpg,processed/train/labels/IMG_4575_jpg.rf.df87c5536b3da14b0c1a0942191f42ba.txt,True
train,processed/train/images/IMG_4577_jpg.rf.26ffc05472ebcba0eb312a67dbe95f97.jpg,processed/train/labels/IMG_4577_jpg.rf.26ffc05472ebcba0eb312a67dbe95f97.txt,True
train,processed/train/images/IMG_4580_jpg.rf.fcb7cc9c641908480437e93bb17ca772.jpg,processed/train/labels/IMG_4580_jpg.rf.fcb7cc9c641908480437e93bb17ca772.txt,True
train,processed/train/images/IMG_4581_jpg.rf.783bbf994970abcd37dc6e52f9d162b6.jpg,processed/train/labels/IMG_4581_jpg.rf.783bbf994970abcd37dc6e52f9d162b6.txt,True
train,processed/train/images/IMG_4582_jpg.rf.dca9cfb7ced8335ae13f68dca895944b.jpg,processed/train/labels/IMG_4582_jpg.rf.dca9cfb7ced8335ae13f68dca895944b.txt,True
train,processed/train/images/IMG_4583_jpg.rf.003782bf05b2a2a30fcf7fa61b7921a0.jpg,processed/train/labels/IMG_4583_jpg.rf.003782bf05b2a2a30fcf7fa61b7921a0.txt,True
train,processed/train/images/IMG_4584_jpg.rf.a97220e2fc6203edcfbc14bdfcd7ef99.jpg,processed/train/labels/IMG_4584_jpg.rf.a97220e2fc6203edcfbc14bdfcd7ef99.txt,True
train,processed/train/images/IMG_4587_jpg.rf.d95162190047cc32795c6ee0f3665c2e.jpg,processed/train/labels/IMG_4587_jpg.rf.d95162190047cc32795c6ee0f3665c2e.txt,True
train,processed/train/images/IMG_4589_jpg.rf.32ce7b4826369597dad2dfa0f0d5fb2d.jpg,processed/train/labels/IMG_4589_jpg.rf.32ce7b4826369597dad2dfa0f0d5fb2d.txt,True
train,processed/train/images/IMG_4590_jpg.rf.b6f70b7383b0ee36a56baf20248eaa91.jpg,processed/train/labels/IMG_4590_jpg.rf.b6f70b7383b0ee36a56baf20248eaa91.txt,True
train,processed/train/images/IMG_4592_jpg.rf.16b2cd2d3904b802d44cbdddfc9ac697.jpg,processed/train/labels/IMG_4592_jpg.rf.16b2cd2d3904b802d44cbdddfc9ac697.txt,True
train,processed/train/images/IMG_4593_jpg.rf.dc273758c1775f7cc172781d49be7064.jpg,processed/train/labels/IMG_4593_jpg.rf.dc273758c1775f7cc172781d49be7064.txt,True
train,processed/train/images/IMG_4594_jpg.rf.edc49dab2ef86910195091ecf5e7c780.jpg,processed/train/labels/IMG_4594_jpg.rf.edc49dab2ef86910195091ecf5e7c780.txt,True
train,processed/train/images/IMG_4596_jpg.rf.5fd9e896fc84c947269110550fe36755.jpg,processed/train/labels/IMG_4596_jpg.rf.5fd9e896fc84c947269110550fe36755.txt,True
train,processed/train/images/IMG_4597_jpg.rf.50d75f692e3e979761d873462a18bc21.jpg,processed/train/labels/IMG_4597_jpg.rf.50d75f692e3e979761d873462a18bc21.txt,True
train,processed/train/images/IMG_4598_jpg.rf.1a934f7a62ad2bd4d95ef7549e95e615.jpg,processed/train/labels/IMG_4598_jpg.rf.1a934f7a62ad2bd4d95ef7549e95e615.txt,True
train,processed/train/images/IMG_4599_jpg.rf.928c5e8233f64aecb9708dba19d0266f.jpg,processed/train/labels/IMG_4599_jpg.rf.928c5e8233f64aecb9708dba19d0266f.txt,True
train,processed/train/images/IMG_4600_jpg.rf.3f2de30bed779c3ecd52c3743da0bc5d.jpg,processed/train/labels/IMG_4600_jpg.rf.3f2de30bed779c3ecd52c3743da0bc5d.txt,True
train,processed/train/images/IMG_4601_jpg.rf.d6d4366bc34c525e3fbbc6f18e7f3719.jpg,processed/train/labels/IMG_4601_jpg.rf.d6d4366bc34c525e3fbbc6f18e7f3719.txt,True
train,processed/train/images/IMG_4603_jpg.rf.2a04ede609ea9aea4463e246e76daab1.jpg,processed/train/labels/IMG_4603_jpg.rf.2a04ede609ea9aea4463e246e76daab1.txt,True
train,processed/train/images/IMG_4604_jpg.rf.e794101e50bed3e253ba7cbb08572765.jpg,processed/train/labels/IMG_4604_jpg.rf.e794101e50bed3e253ba7cbb08572765.txt,True
train,processed/train/images/IMG_4605_jpg.rf.98e8f97db8cfda3e3efefeae18887072.jpg,processed/train/labels/IMG_4605_jpg.rf.98e8f97db8cfda3e3efefeae18887072.txt,True
train,processed/train/images/IMG_4606_jpg.rf.9859d8f3cc92ec6084610440b9fc4404.jpg,processed/train/labels/IMG_4606_jpg.rf.9859d8f3cc92ec6084610440b9fc4404.txt,True
train,processed/train/images/IMG_4607_jpg.rf.6d15900069f51556f214bdf55bdd1faf.jpg,processed/train/labels/IMG_4607_jpg.rf.6d15900069f51556f214bdf55bdd1faf.txt,True
train,processed/train/images/IMG_4608_jpg.rf.33dac344f408cac501f03a82cf33bef4.jpg,processed/train/labels/IMG_4608_jpg.rf.33dac344f408cac501f03a82cf33bef4.txt,True
train,processed/train/images/IMG_4609_jpg.rf.ec029c2d16de9ce68dce2ae8f675b2be.jpg,processed/train/labels/IMG_4609_jpg.rf.ec029c2d16de9ce68dce2ae8f675b2be.txt,True
train,processed/train/images/IMG_4610_jpg.rf.bf4de3e745fb904ca9437c8320c06e1e.jpg,processed/train/labels/IMG_4610_jpg.rf.bf4de3e745fb904ca9437c8320c06e1e.txt,True
train,processed/train/images/IMG_4612_jpg.rf.e33bac91d046a45a6eb79ffea014e235.jpg,processed/train/labels/IMG_4612_jpg.rf.e33bac91d046a45a6eb79ffea014e235.txt,True
train,processed/train/images/IMG_4613_jpg.rf.4f22dfc16c5149b37ed9d3567cdd20e2.jpg,processed/train/labels/IMG_4613_jpg.rf.4f22dfc16c5149b37ed9d3567cdd20e2.txt,True
train,processed/train/images/IMG_4614_jpg.rf.7838f532ac26c97b7bdc906748c702e2.jpg,processed/train/labels/IMG_4614_jpg.rf.7838f532ac26c97b7bdc906748c702e2.txt,True
train,processed/train/images/IMG_4616_jpg.rf.ed736fab3ed83faa9429f643e60115cb.jpg,processed/train/labels/IMG_4616_jpg.rf.ed736fab3ed83faa9429f643e60115cb.txt,True
train,processed/train/images/IMG_4617_jpg.rf.d127c959a2cd5366f54b7d34192b9b3f.jpg,processed/train/labels/IMG_4617_jpg.rf.d127c959a2cd5366f54b7d34192b9b3f.txt,True
train,processed/train/images/IMG_4618_jpg.rf.bbf3dac89df28e29f5cacee3506f974b.jpg,processed/train/labels/IMG_4618_jpg.rf.bbf3dac89df28e29f5cacee3506f974b.txt,True
train,processed/train/images/IMG_4619_jpg.rf.706fe3e23fdd0e8a84ddbaad80095264.jpg,processed/train/labels/IMG_4619_jpg.rf.706fe3e23fdd0e8a84ddbaad80095264.txt,True
train,processed/train/images/IMG_4621_jpg.rf.d47ba40dd30313cfb383f187582278e2.jpg,processed/train/labels/IMG_4621_jpg.rf.d47ba40dd30313cfb383f187582278e2.txt,True
train,processed/train/images/IMG_4624_jpg.rf.43ba8b61599a0a48d7cc375ccba05a61.jpg,processed/train/labels/IMG_4624_jpg.rf.43ba8b61599a0a48d7cc375ccba05a61.txt,True
train,processed/train/images/IMG_4625_jpg.rf.7b7d08b63e562dd73652267b56839768.jpg,processed/train/labels/IMG_4625_jpg.rf.7b7d08b63e562dd73652267b56839768.txt,True
train,processed/train/images/IMG_4627_jpg.rf.b7601d26836bdbbd5c13d568d0010eaf.jpg,processed/train/labels/IMG_4627_jpg.rf.b7601d26836bdbbd5c13d568d0010eaf.txt,True
train,processed/train/images/IMG_4629_jpg.rf.a277585ce5f14ad69fb0cd2e518e78ce.jpg,processed/train/labels/IMG_4629_jpg.rf.a277585ce5f14ad69fb0cd2e518e78ce.txt,True
train,processed/train/images/IMG_4630_jpg.rf.6c6ab523a081944c3ab941cfbf02036a.jpg,processed/train/labels/IMG_4630_jpg.rf.6c6ab523a081944c3ab941cfbf02036a.txt,True
train,processed/train/images/IMG_4631_jpg.rf.17e3bff52fbe06f4fc3d7a755d72982c.jpg,processed/train/labels/IMG_4631_jpg.rf.17e3bff52fbe06f4fc3d7a755d72982c.txt,True
train,processed/train/images/IMG_4632_jpg.rf.5898b42543ffeb51c144e34c570a2bbe.jpg,processed/train/labels/IMG_4632_jpg.rf.5898b42543ffeb51c144e34c570a2bbe.txt,True
train,processed/train/images/IMG_4634_jpg.rf.4db129e4e2c378ca31df8cbaae83ebb4.jpg,processed/train/labels/IMG_4634_jpg.rf.4db129e4e2c378ca31df8cbaae83ebb4.txt,True
train,processed/train/images/IMG_4635_jpg.rf.cbc5f05bac0c568f4b38f85975f154c6.jpg,processed/train/labels/IMG_4635_jpg.rf.cbc5f05bac0c568f4b38f85975f154c6.txt,True
train,processed/train/images/IMG_4638_jpg.rf.daa0a9c27b8d9166415957f4433524af.jpg,processed/train/labels/IMG_4638_jpg.rf.daa0a9c27b8d9166415957f4433524af.txt,True
train,processed/train/images/IMG_4639_jpg.rf.5f6690a3f67409190d8b6003f59bd793.jpg,processed/train/labels/IMG_4639_jpg.rf.5f6690a3f67409190d8b6003f59bd793.txt,True
train,processed/train/images/IMG_4640_jpg.rf.654c30802504182dcdbba21437ca2b32.jpg,processed/train/labels/IMG_4640_jpg.rf.654c30802504182dcdbba21437ca2b32.txt,True
train,processed/train/images/IMG_4641_jpg.rf.5fa52a2c79a59383661af374722e0e49.jpg,processed/train/labels/IMG_4641_jpg.rf.5fa52a2c79a59383661af374722e0e49.txt,True
train,processed/train/images/IMG_4642_jpg.rf.34c850f300ea2ff625454b6e2924d665.jpg,processed/train/labels/IMG_4642_jpg.rf.34c850f300ea2ff625454b6e2924d665.txt,True
train,processed/train/images/IMG_4643_jpg.rf.e4aaaef7e307a92592b3fad42558c80e.jpg,processed/train/labels/IMG_4643_jpg.rf.e4aaaef7e307a92592b3fad42558c80e.txt,True
train,processed/train/images/IMG_4644_jpg.rf.0e13bde2805ffc5f5c9d8e9061fdc385.jpg,processed/train/labels/IMG_4644_jpg.rf.0e13bde2805ffc5f5c9d8e9061fdc385.txt,True
train,processed/train/images/IMG_4646_jpg.rf.3726711e2fb85cab725c18d56f8e7c6d.jpg,processed/train/labels/IMG_4646_jpg.rf.3726711e2fb85cab725c18d56f8e7c6d.txt,True
train,processed/train/images/IMG_4647_jpg.rf.2b8e5915c50687922450cb8bc2feb709.jpg,processed/train/labels/IMG_4647_jpg.rf.2b8e5915c50687922450cb8bc2feb709.txt,True
train,processed/train/images/IMG_4648_jpg.rf.4a140817152558dad0f7f33b12abb97b.jpg,processed/train/labels/IMG_4648_jpg.rf.4a140817152558dad0f7f33b12abb97b.txt,True
train,processed/train/images/IMG_4649_jpg.rf.961e45946b7ca6b23dcd892bbf2d1288.jpg,processed/train/labels/IMG_4649_jpg.rf.961e45946b7ca6b23dcd892bbf2d1288.txt,True
train,processed/train/images/IMG_4652_jpg.rf.cc51d82b31c48f152d1f38d78f5f681f.jpg,processed/train/labels/IMG_4652_jpg.rf.cc51d82b31c48f152d1f38d78f5f681f.txt,True
train,processed/train/images/IMG_4654_jpg.rf.c80d3f843487a78a2f192e7d58f3e8b3.jpg,processed/train/labels/IMG_4654_jpg.rf.c80d3f843487a78a2f192e7d58f3e8b3.txt,True
train,processed/train/images/IMG_4655_jpg.rf.984e1cf8f891c30d7a139e5f44d2ed1c.jpg,processed/train/labels/IMG_4655_jpg.rf.984e1cf8f891c30d7a139e5f44d2ed1c.txt,True
train,processed/train/images/IMG_4656_jpg.rf.25c0f162d1f59da6f4045146289c3116.jpg,processed/train/labels/IMG_4656_jpg.rf.25c0f162d1f59da6f4045146289c3116.txt,True
train,processed/train/images/IMG_4658_jpg.rf.7d7e2bc4320f8be6a8c812f50e326072.jpg,processed/train/labels/IMG_4658_jpg.rf.7d7e2bc4320f8be6a8c812f50e326072.txt,True
train,processed/train/images/IMG_4659_jpg.rf.458c541319081c726b64391f34c434cb.jpg,processed/train/labels/IMG_4659_jpg.rf.458c541319081c726b64391f34c434cb.txt,True
train,processed/train/images/IMG_4661_jpg.rf.9895b82f2e045258c90145e980877285.jpg,processed/train/labels/IMG_4661_jpg.rf.9895b82f2e045258c90145e980877285.txt,True
train,processed/train/images/IMG_4663_jpg.rf.452508d0d19987698fd0778ec6908131.jpg,processed/train/labels/IMG_4663_jpg.rf.452508d0d19987698fd0778ec6908131.txt,True
train,processed/train/images/IMG_4664_jpg.rf.5e0995af9829737e97859708a017aac8.jpg,processed/train/labels/IMG_4664_jpg.rf.5e0995af9829737e97859708a017aac8.txt,True
train,processed/train/images/IMG_4666_jpg.rf.29227ce002338759892929c20dce4b18.jpg,processed/train/labels/IMG_4666_jpg.rf.29227ce002338759892929c20dce4b18.txt,True
train,processed/train/images/IMG_4667_jpg.rf.241a0b6b77ddd202a2f4cc2e7efc7384.jpg,processed/train/labels/IMG_4667_jpg.rf.241a0b6b77ddd202a2f4cc2e7efc7384.txt,True
train,processed/train/images/IMG_4669_jpg.rf.cf907c4e7e2aaeb77717eb1ffc7f4dd2.jpg,processed/train/labels/IMG_4669_jpg.rf.cf907c4e7e2aaeb77717eb1ffc7f4dd2.txt,True
train,processed/train/images/IMG_4670_jpg.rf.2908ff0d59694f421d08f83aba645d93.jpg,processed/train/labels/IMG_4670_jpg.rf.2908ff0d59694f421d08f83aba645d93.txt,True
train,processed/train/images/IMG_4671_jpg.rf.e47e1a624ccb1548bb006ca0f4207379.jpg,processed/train/labels/IMG_4671_jpg.rf.e47e1a624ccb1548bb006ca0f4207379.txt,True
train,processed/train/images/IMG_4672_jpg.rf.7c8a76f8628b5f807c2e0a7496a2ad02.jpg,processed/train/labels/IMG_4672_jpg.rf.7c8a76f8628b5f807c2e0a7496a2ad02.txt,True
train,processed/train/images/IMG_4673_jpg.rf.f10435a4a3c8ddaa0167e6b55dd4f490.jpg,processed/train/labels/IMG_4673_jpg.rf.f10435a4a3c8ddaa0167e6b55dd4f490.txt,True
train,processed/train/images/IMG_4677_jpg.rf.acf476a85713817df2a5f1753f44cf55.jpg,processed/train/labels/IMG_4677_jpg.rf.acf476a85713817df2a5f1753f44cf55.txt,True
train,processed/train/images/IMG_4678_jpg.rf.f5b515e118daa5b7de6bf957ec8af243.jpg,processed/train/labels/IMG_4678_jpg.rf.f5b515e118daa5b7de6bf957ec8af243.txt,True
train,processed/train/images/IMG_4679_jpg.rf.7e11e22d0435d682f201c416513cf12d.jpg,processed/train/labels/IMG_4679_jpg.rf.7e11e22d0435d682f201c416513cf12d.txt,True
train,processed/train/images/IMG_4680_jpg.rf.3a86774185ce8488c18a03dfb60491de.jpg,processed/train/labels/IMG_4680_jpg.rf.3a86774185ce8488c18a03dfb60491de.txt,True
train,processed/train/images/IMG_4681_jpg.rf.d6d099ccdc620a7dc6f66ab909e6e648.jpg,processed/train/labels/IMG_4681_jpg.rf.d6d099ccdc620a7dc6f66ab909e6e648.txt,True
train,processed/train/images/IMG_4683_jpg.rf.1e03b4a6c331c698af7f1d24f6f246f3.jpg,processed/train/labels/IMG_4683_jpg.rf.1e03b4a6c331c698af7f1d24f6f246f3.txt,True
train,processed/train/images/IMG_4684_jpg.rf.fa74b266686ccf0ad0b8c0b6a2504668.jpg,processed/train/labels/IMG_4684_jpg.rf.fa74b266686ccf0ad0b8c0b6a2504668.txt,True
train,processed/train/images/IMG_4685_jpg.rf.008422f68ebcb71905656a1195e9121f.jpg,processed/train/labels/IMG_4685_jpg.rf.008422f68ebcb71905656a1195e9121f.txt,True
train,processed/train/images/IMG_4687_jpg.rf.a742eb039c2c7a1a2a72999c089f660b.jpg,processed/train/labels/IMG_4687_jpg.rf.a742eb039c2c7a1a2a72999c089f660b.txt,True
train,processed/train/images/IMG_4693_jpg.rf.b80e46cabcde834501662fef1c829fbc.jpg,processed/train/labels/IMG_4693_jpg.rf.b80e46cabcde834501662fef1c829fbc.txt,True
train,processed/train/images/IMG_4694_jpg.rf.4f9e31e0133429908924202d120ae289.jpg,processed/train/labels/IMG_4694_jpg.rf.4f9e31e0133429908924202d120ae289.txt,True
train,processed/train/images/IMG_4695_jpg.rf.3864af87b2eb22dd83952820187c4baf.jpg,processed/train/labels/IMG_4695_jpg.rf.3864af87b2eb22dd83952820187c4baf.txt,True
train,processed/train/images/IMG_4697_jpg.rf.f66eb819f3f340a73d5d1118a545d0a6.jpg,processed/train/labels/IMG_4697_jpg.rf.f66eb819f3f340a73d5d1118a545d0a6.txt,True
train,processed/train/images/IMG_4698_jpg.rf.b28c24e7ab181dcf048ead02c6a0d55c.jpg,processed/train/labels/IMG_4698_jpg.rf.b28c24e7ab181dcf048ead02c6a0d55c.txt,True
train,processed/train/images/IMG_4699_jpg.rf.07c81072817d8ec7707d2e034f3bf582.jpg,processed/train/labels/IMG_4699_jpg.rf.07c81072817d8ec7707d2e034f3bf582.txt,True
train,processed/train/images/IMG_4700_jpg.rf.f5d4e2a110d21f6655340430bcb7eeb7.jpg,processed/train/labels/IMG_4700_jpg.rf.f5d4e2a110d21f6655340430bcb7eeb7.txt,True
train,processed/train/images/IMG_4701_jpg.rf.7951c69341682ed1c1fcaebfee895e03.jpg,processed/train/labels/IMG_4701_jpg.rf.7951c69341682ed1c1fcaebfee895e03.txt,True
train,processed/train/images/IMG_4704_jpg.rf.42693c5bb2c9839b2b730ac4d0ef0cd1.jpg,processed/train/labels/IMG_4704_jpg.rf.42693c5bb2c9839b2b730ac4d0ef0cd1.txt,True
train,processed/train/images/IMG_4705_jpg.rf.380bc3b507dd983fd94459e5e6f5473c.jpg,processed/train/labels/IMG_4705_jpg.rf.380bc3b507dd983fd94459e5e6f5473c.txt,True
train,processed/train/images/IMG_4706_jpg.rf.f0e25823252132745aa45d71dda13612.jpg,processed/train/labels/IMG_4706_jpg.rf.f0e25823252132745aa45d71dda13612.txt,True
train,processed/train/images/IMG_4708_jpg.rf.acf64bab886576a026edccbcd1a5d7ab.jpg,processed/train/labels/IMG_4708_jpg.rf.acf64bab886576a026edccbcd1a5d7ab.txt,True
train,processed/train/images/IMG_4709_jpg.rf.1b0f2274d8318589d4f80d09d8e7cf39.jpg,processed/train/labels/IMG_4709_jpg.rf.1b0f2274d8318589d4f80d09d8e7cf39.txt,True
train,processed/train/images/IMG_4715_jpg.rf.79eee16a320224201c5fd4b8b3e75dd9.jpg,processed/train/labels/IMG_4715_jpg.rf.79eee16a320224201c5fd4b8b3e75dd9.txt,True
train,processed/train/images/IMG_4716_jpg.rf.a856450452b4a0830ed1cc2e3d11886d.jpg,processed/train/labels/IMG_4716_jpg.rf.a856450452b4a0830ed1cc2e3d11886d.txt,True
train,processed/train/images/IMG_4719_jpg.rf.fcaa3f579d051e0f2494a33d9b207f1a.jpg,processed/train/labels/IMG_4719_jpg.rf.fcaa3f579d051e0f2494a33d9b207f1a.txt,True
train,processed/train/images/IMG_4721_jpg.rf.b27cb445c39b195dff8e6a440e9d7de2.jpg,processed/train/labels/IMG_4721_jpg.rf.b27cb445c39b195dff8e6a440e9d7de2.txt,True
train,processed/train/images/IMG_4723_jpg.rf.aefe8ae87783ecd4ad4f61ba2fa31c01.jpg,processed/train/labels/IMG_4723_jpg.rf.aefe8ae87783ecd4ad4f61ba2fa31c01.txt,True
train,processed/train/images/IMG_4724_jpg.rf.7cf226d69d527985f3d854c5d6aecf2b.jpg,processed/train/labels/IMG_4724_jpg.rf.7cf226d69d527985f3d854c5d6aecf2b.txt,True
train,processed/train/images/IMG_4725_jpg.rf.c959f3a231ecae94d012f85a2224c3ce.jpg,processed/train/labels/IMG_4725_jpg.rf.c959f3a231ecae94d012f85a2224c3ce.txt,True
train,processed/train/images/IMG_4727_jpg.rf.fedcae1fbe262ed5050704ece6536b81.jpg,processed/train/labels/IMG_4727_jpg.rf.fedcae1fbe262ed5050704ece6536b81.txt,True
train,processed/train/images/IMG_4728_jpg.rf.dea0e806c581acc91ab3c5e11224cb63.jpg,processed/train/labels/IMG_4728_jpg.rf.dea0e806c581acc91ab3c5e11224cb63.txt,True
train,processed/train/images/IMG_4729_jpg.rf.433c7871b6ba566c59fc8e61b12c30f2.jpg,processed/train/labels/IMG_4729_jpg.rf.433c7871b6ba566c59fc8e61b12c30f2.txt,True
train,processed/train/images/IMG_4730_jpg.rf.80a9766e0ee3755ac9f9bf3abba2400b.jpg,processed/train/labels/IMG_4730_jpg.rf.80a9766e0ee3755ac9f9bf3abba2400b.txt,True
train,processed/train/images/IMG_4731_jpg.rf.ca4d78f77d4d970ff3735d5644bb2f47.jpg,processed/train/labels/IMG_4731_jpg.rf.ca4d78f77d4d970ff3735d5644bb2f47.txt,True
train,processed/train/images/IMG_4732_jpg.rf.d5b3251c7b2466f1e011c2bfd079908a.jpg,processed/train/labels/IMG_4732_jpg.rf.d5b3251c7b2466f1e011c2bfd079908a.txt,True
train,processed/train/images/IMG_4734_jpg.rf.1c39d2b0f0eb1426694e3ba3d5825e84.jpg,processed/train/labels/IMG_4734_jpg.rf.1c39d2b0f0eb1426694e3ba3d5825e84.txt,True
train,processed/train/images/IMG_4737_jpg.rf.cfc7e927ac34025fa024f4fb5f39bda0.jpg,processed/train/labels/IMG_4737_jpg.rf.cfc7e927ac34025fa024f4fb5f39bda0.txt,True
train,processed/train/images/IMG_4738_jpg.rf.ca3a8b2183c93f060cde5cb47f59603a.jpg,processed/train/labels/IMG_4738_jpg.rf.ca3a8b2183c93f060cde5cb47f59603a.txt,True
train,processed/train/images/IMG_4740_jpg.rf.7739411e9da8f6f417d584a3c8b41510.jpg,processed/train/labels/IMG_4740_jpg.rf.7739411e9da8f6f417d584a3c8b41510.txt,True
train,processed/train/images/IMG_4741_jpg.rf.f4f243c226bf81990802691616ddead7.jpg,processed/train/labels/IMG_4741_jpg.rf.f4f243c226bf81990802691616ddead7.txt,True
train,processed/train/images/IMG_4742_jpg.rf.e0f5c51d953138e830a45f00303139c1.jpg,processed/train/labels/IMG_4742_jpg.rf.e0f5c51d953138e830a45f00303139c1.txt,True
train,processed/train/images/IMG_4743_jpg.rf.240f755fb9d79dac8c11de880c1aa44c.jpg,processed/train/labels/IMG_4743_jpg.rf.240f755fb9d79dac8c11de880c1aa44c.txt,True
train,processed/train/images/IMG_4744_jpg.rf.68d147b95321722270fbf990ffccc231.jpg,processed/train/labels/IMG_4744_jpg.rf.68d147b95321722270fbf990ffccc231.txt,True
train,processed/train/images/IMG_4745_jpg.rf.07f058c120c3faeb798ec22999225e79.jpg,processed/train/labels/IMG_4745_jpg.rf.07f058c120c3faeb798ec22999225e79.txt,True
train,processed/train/images/IMG_4746_jpg.rf.b7a51e4448f18f8544cfdb00ab5a9032.jpg,processed/train/labels/IMG_4746_jpg.rf.b7a51e4448f18f8544cfdb00ab5a9032.txt,True
train,processed/train/images/IMG_4748_jpg.rf.35d2d92f6bbe5b0bb949fec6a8ac9b71.jpg,processed/train/labels/IMG_4748_jpg.rf.35d2d92f6bbe5b0bb949fec6a8ac9b71.txt,True
train,processed/train/images/IMG_4749_jpg.rf.f217a16adae648e0debc1dd942eec126.jpg,processed/train/labels/IMG_4749_jpg.rf.f217a16adae648e0debc1dd942eec126.txt,True
train,processed/train/images/IMG_4751_jpg.rf.e3f6f493e5051174a23bb183720f3d8c.jpg,processed/train/labels/IMG_4751_jpg.rf.e3f6f493e5051174a23bb183720f3d8c.txt,True
train,processed/train/images/IMG_4752_jpg.rf.9674ce9126efa6b2ba0b7dbd1d3afdc1.jpg,processed/train/labels/IMG_4752_jpg.rf.9674ce9126efa6b2ba0b7dbd1d3afdc1.txt,True
train,processed/train/images/IMG_4753_jpg.rf.97923f8f1744774834d646ce4c1b9d8b.jpg,processed/train/labels/IMG_4753_jpg.rf.97923f8f1744774834d646ce4c1b9d8b.txt,True
train,processed/train/images/IMG_4754_jpg.rf.819ef2ef4c0ca2046cf73c138041cd07.jpg,processed/train/labels/IMG_4754_jpg.rf.819ef2ef4c0ca2046cf73c138041cd07.txt,True
train,processed/train/images/IMG_4755_jpg.rf.1084c20d1e58f1fc9b1c6e84d60a2950.jpg,processed/train/labels/IMG_4755_jpg.rf.1084c20d1e58f1fc9b1c6e84d60a2950.txt,True
train,processed/train/images/IMG_4756_jpg.rf.0a8826af0e0d725ef2aca2267ac8a13c.jpg,processed/train/labels/IMG_4756_jpg.rf.0a8826af0e0d725ef2aca2267ac8a13c.txt,True
train,processed/train/images/IMG_4757_jpg.rf.597a5e4b868b9ef1538e4211440fdcbc.jpg,processed/train/labels/IMG_4757_jpg.rf.597a5e4b868b9ef1538e4211440fdcbc.txt,True
train,processed/train/images/IMG_4759_jpg.rf.ea04eb31c4156c510839a796717fc5fc.jpg,processed/train/labels/IMG_4759_jpg.rf.ea04eb31c4156c510839a796717fc5fc.txt,True
train,processed/train/images/IMG_4760_jpg.rf.946cdd44e0753e65f8f8a3c4600fe7cb.jpg,processed/train/labels/IMG_4760_jpg.rf.946cdd44e0753e65f8f8a3c4600fe7cb.txt,True
train,processed/train/images/IMG_4762_jpg.rf.711a4c2a25d29c512ef32a286c03718c.jpg,processed/train/labels/IMG_4762_jpg.rf.711a4c2a25d29c512ef32a286c03718c.txt,True
train,processed/train/images/IMG_4764_jpg.rf.db545b079bcc4f9f1a5d59bc8e52e86c.jpg,processed/train/labels/IMG_4764_jpg.rf.db545b079bcc4f9f1a5d59bc8e52e86c.txt,True
train,processed/train/images/IMG_4766_jpg.rf.cbaaa8d1e8da6abeac9515829a98d127.jpg,processed/train/labels/IMG_4766_jpg.rf.cbaaa8d1e8da6abeac9515829a98d127.txt,True
train,processed/train/images/IMG_4767_jpg.rf.541491aef4fefee40f8a2264b2b0f8f4.jpg,processed/train/labels/IMG_4767_jpg.rf.541491aef4fefee40f8a2264b2b0f8f4.txt,True
train,processed/train/images/IMG_4768_jpg.rf.594734978405b17f5eedfdb64ef98421.jpg,processed/train/labels/IMG_4768_jpg.rf.594734978405b17f5eedfdb64ef98421.txt,True
train,processed/train/images/IMG_4770_jpg.rf.d9fcc25e198a8cfa75228a0f21004dbd.jpg,processed/train/labels/IMG_4770_jpg.rf.d9fcc25e198a8cfa75228a0f21004dbd.txt,True
train,processed/train/images/IMG_4772_jpg.rf.14ed1a107fb918afc3778013a675a14a.jpg,processed/train/labels/IMG_4772_jpg.rf.14ed1a107fb918afc3778013a675a14a.txt,True
train,processed/train/images/IMG_4779_jpg.rf.0d27934549f64c150a92a4ae8434c2f4.jpg,processed/train/labels/IMG_4779_jpg.rf.0d27934549f64c150a92a4ae8434c2f4.txt,True
train,processed/train/images/IMG_4780_jpg.rf.8f8d2c36258639ee0db1f56dd4d2dc98.jpg,processed/train/labels/IMG_4780_jpg.rf.8f8d2c36258639ee0db1f56dd4d2dc98.txt,True
train,processed/train/images/IMG_4784_jpg.rf.9a930af567600a617f81baf7c38a7e7c.jpg,processed/train/labels/IMG_4784_jpg.rf.9a930af567600a617f81baf7c38a7e7c.txt,True
train,processed/train/images/IMG_4786_jpg.rf.3358a5ecc50b366c933e4ca7686f6e37.jpg,processed/train/labels/IMG_4786_jpg.rf.3358a5ecc50b366c933e4ca7686f6e37.txt,True
train,processed/train/images/IMG_4787_jpg.rf.37cc8c981dbb1628f29841408bbc1ec7.jpg,processed/train/labels/IMG_4787_jpg.rf.37cc8c981dbb1628f29841408bbc1ec7.txt,True
train,processed/train/images/IMG_4794_jpg.rf.babc3225f2a6b758e482cb847391e877.jpg,processed/train/labels/IMG_4794_jpg.rf.babc3225f2a6b758e482cb847391e877.txt,True
train,processed/train/images/IMG_4796_jpg.rf.a86ce84c43499ab88d8b358b7f4c33df.jpg,processed/train/labels/IMG_4796_jpg.rf.a86ce84c43499ab88d8b358b7f4c33df.txt,True
train,processed/train/images/IMG_4797_jpg.rf.745ba1a842e9dc53a9f092aa79e14b0e.jpg,processed/train/labels/IMG_4797_jpg.rf.745ba1a842e9dc53a9f092aa79e14b0e.txt,True
train,processed/train/images/IMG_4798_jpg.rf.233cb2052ebabd627d229f59c7bcdfe5.jpg,processed/train/labels/IMG_4798_jpg.rf.233cb2052ebabd627d229f59c7bcdfe5.txt,True
train,processed/train/images/IMG_4801_jpg.rf.5882af7cbd85585751e4e8b9553faab0.jpg,processed/train/labels/IMG_4801_jpg.rf.5882af7cbd85585751e4e8b9553faab0.txt,True
train,processed/train/images/IMG_4805_jpg.rf.2463a6bb696a988b138d9b6212fc82cb.jpg,processed/train/labels/IMG_4805_jpg.rf.2463a6bb696a988b138d9b6212fc82cb.txt,True
train,processed/train/images/IMG_4807_jpg.rf.86f56296e22a748dcabcd177527167cf.jpg,processed/train/labels/IMG_4807_jpg.rf.86f56296e22a748dcabcd177527167cf.txt,True
train,processed/train/images/IMG_4814_jpg.rf.71908e6324c5953f13088a0ad813c64d.jpg,processed/train/labels/IMG_4814_jpg.rf.71908e6324c5953f13088a0ad813c64d.txt,True
train,processed/train/images/IMG_4815_jpg.rf.5657e9a25a5b1a6909a32f6b115a1533.jpg,processed/train/labels/IMG_4815_jpg.rf.5657e9a25a5b1a6909a32f6b115a1533.txt,True
train,processed/train/images/IMG_4816_jpg.rf.29bdbf8662a7165879496ccf65859fb3.jpg,processed/train/labels/IMG_4816_jpg.rf.29bdbf8662a7165879496ccf65859fb3.txt,True
train,processed/train/images/IMG_4820_jpg.rf.d35fe7a3b1191dc4c3a27d0e073211ca.jpg,processed/train/labels/IMG_4820_jpg.rf.d35fe7a3b1191dc4c3a27d0e073211ca.txt,True
train,processed/train/images/IMG_4822_jpg.rf.924b19e9ecd366de3fb0f512b7172a83.jpg,processed/train/labels/IMG_4822_jpg.rf.924b19e9ecd366de3fb0f512b7172a83.txt,True
train,processed/train/images/IMG_4823_jpg.rf.0f3ff9dab27a169cb1dd3ae00e16cd80.jpg,processed/train/labels/IMG_4823_jpg.rf.0f3ff9dab27a169cb1dd3ae00e16cd80.txt,True
train,processed/train/images/IMG_4824_jpg.rf.96d012613314f68047829f82f5fedda3.jpg,processed/train/labels/IMG_4824_jpg.rf.96d012613314f68047829f82f5fedda3.txt,True
train,processed/train/images/IMG_4826_jpg.rf.19aed61d7503e245e5bfa8301d19b3fb.jpg,processed/train/labels/IMG_4826_jpg.rf.19aed61d7503e245e5bfa8301d19b3fb.txt,True
train,processed/train/images/IMG_4828_jpg.rf.80fa18fe8f1b130e71b741d89c6b79bc.jpg,processed/train/labels/IMG_4828_jpg.rf.80fa18fe8f1b130e71b741d89c6b79bc.txt,True
train,processed/train/images/IMG_4829_jpg.rf.f33c374590a6615ac5542d4a76a234fa.jpg,processed/train/labels/IMG_4829_jpg.rf.f33c374590a6615ac5542d4a76a234fa.txt,True
train,processed/train/images/IMG_4830_jpg.rf.8f39833a6e409b8b979093172da24a4a.jpg,processed/train/labels/IMG_4830_jpg.rf.8f39833a6e409b8b979093172da24a4a.txt,True
train,processed/train/images/IMG_4831_jpg.rf.ba4f8330ba3f04c605f14582a05822b2.jpg,processed/train/labels/IMG_4831_jpg.rf.ba4f8330ba3f04c605f14582a05822b2.txt,True
train,processed/train/images/IMG_4832_jpg.rf.9cf39d6af528ddd271258647e0e98dc8.jpg,processed/train/labels/IMG_4832_jpg.rf.9cf39d6af528ddd271258647e0e98dc8.txt,True
train,processed/train/images/IMG_4833_jpg.rf.0b05c89df2cd64eb4838ec9529f56d93.jpg,processed/train/labels/IMG_4833_jpg.rf.0b05c89df2cd64eb4838ec9529f56d93.txt,True
train,processed/train/images/IMG_4834_jpg.rf.3385d0b929769c60c5d01525a3cd4afe.jpg,processed/train/labels/IMG_4834_jpg.rf.3385d0b929769c60c5d01525a3cd4afe.txt,True
train,processed/train/images/IMG_4835_jpg.rf.314880b02caec2fe9a2332d5a27f3503.jpg,processed/train/labels/IMG_4835_jpg.rf.314880b02caec2fe9a2332d5a27f3503.txt,True
train,processed/train/images/IMG_4837_jpg.rf.dcff2a0ebabba3f984f405955655d0f1.jpg,processed/train/labels/IMG_4837_jpg.rf.dcff2a0ebabba3f984f405955655d0f1.txt,True
train,processed/train/images/IMG_4839_jpg.rf.c3e6c65a4ca3e2727595b52ad8d49df6.jpg,processed/train/labels/IMG_4839_jpg.rf.c3e6c65a4ca3e2727595b52ad8d49df6.txt,True
train,processed/train/images/IMG_5221_jpg.rf.6e004590b337a584c1ef8e6269fdd0d7.jpg,processed/train/labels/IMG_5221_jpg.rf.6e004590b337a584c1ef8e6269fdd0d7.txt,True
train,processed/train/images/IMG_5222_jpg.rf.8631cd9ee6df404659670673959ceb57.jpg,processed/train/labels/IMG_5222_jpg.rf.8631cd9ee6df404659670673959ceb57.txt,True
train,processed/train/images/IMG_5223_jpg.rf.5bff399ef411b43e18b65ca6ad664e54.jpg,processed/train/labels/IMG_5223_jpg.rf.5bff399ef411b43e18b65ca6ad664e54.txt,True
train,processed/train/images/IMG_5224_jpg.rf.70efbb36255d5f6f8e206dce178385af.jpg,processed/train/labels/IMG_5224_jpg.rf.70efbb36255d5f6f8e206dce178385af.txt,True
train,processed/train/images/IMG_5225_jpg.rf.73c4cf16ffa984a84963c889e4852224.jpg,processed/train/labels/IMG_5225_jpg.rf.73c4cf16ffa984a84963c889e4852224.txt,True
train,processed/train/images/IMG_5226_jpg.rf.4bf9b0ba578bffbb7b86dd3a7b272cb2.jpg,processed/train/labels/IMG_5226_jpg.rf.4bf9b0ba578bffbb7b86dd3a7b272cb2.txt,True
train,processed/train/images/IMG_5228_jpg.rf.ae45d712e976dca2fdbb50f3d8ae96d2.jpg,processed/train/labels/IMG_5228_jpg.rf.ae45d712e976dca2fdbb50f3d8ae96d2.txt,True
train,processed/train/images/IMG_5230_jpg.rf.17bfea34414c905433f74449d3e9c424.jpg,processed/train/labels/IMG_5230_jpg.rf.17bfea34414c905433f74449d3e9c424.txt,True
train,processed/train/images/IMG_5231_jpg.rf.c29cfdaa5eb4620aa57f6f9893873d77.jpg,processed/train/labels/IMG_5231_jpg.rf.c29cfdaa5eb4620aa57f6f9893873d77.txt,True
train,processed/train/images/IMG_5232_jpg.rf.b508d3e00568b0b679c26460bea857d6.jpg,processed/train/labels/IMG_5232_jpg.rf.b508d3e00568b0b679c26460bea857d6.txt,True
train,processed/train/images/IMG_5235_jpg.rf.6c7636923c7210046ed4136793fd45b9.jpg,processed/train/labels/IMG_5235_jpg.rf.6c7636923c7210046ed4136793fd45b9.txt,True
train,processed/train/images/IMG_5236_jpg.rf.da8387246c69c7fb7733e7fa7d5b36e6.jpg,processed/train/labels/IMG_5236_jpg.rf.da8387246c69c7fb7733e7fa7d5b36e6.txt,True
train,processed/train/images/IMG_5237_jpg.rf.130b21ad0ad4d8bd3c75769ebb0c9c70.jpg,processed/train/labels/IMG_5237_jpg.rf.130b21ad0ad4d8bd3c75769ebb0c9c70.txt,True
train,processed/train/images/IMG_5238_jpg.rf.261c75e97a37b383e0c89a9c3aa6c2b1.jpg,processed/train/labels/IMG_5238_jpg.rf.261c75e97a37b383e0c89a9c3aa6c2b1.txt,True
train,processed/train/images/IMG_5241_jpg.rf.4210ea5102c9441cc592769d29b4503c.jpg,processed/train/labels/IMG_5241_jpg.rf.4210ea5102c9441cc592769d29b4503c.txt,True
train,processed/train/images/IMG_5244_jpg.rf.80ca58e35ad7bfefabf34de294b22e3c.jpg,processed/train/labels/IMG_5244_jpg.rf.80ca58e35ad7bfefabf34de294b22e3c.txt,True
train,processed/train/images/IMG_5245_jpg.rf.deea7c2c929e67f0292c3c5ae6bdddfd.jpg,processed/train/labels/IMG_5245_jpg.rf.deea7c2c929e67f0292c3c5ae6bdddfd.txt,True
train,processed/train/images/IMG_5246_jpg.rf.6c03d0916f4cdba51ca5f684ee9a7110.jpg,processed/train/labels/IMG_5246_jpg.rf.6c03d0916f4cdba51ca5f684ee9a7110.txt,True
train,processed/train/images/IMG_5248_jpg.rf.f7e910783760ba00d00261122c2d57d0.jpg,processed/train/labels/IMG_5248_jpg.rf.f7e910783760ba00d00261122c2d57d0.txt,True
train,processed/train/images/IMG_5249_jpg.rf.2caa6b81da95dc93b15e4d0f1ba81f9c.jpg,processed/train/labels/IMG_5249_jpg.rf.2caa6b81da95dc93b15e4d0f1ba81f9c.txt,True
train,processed/train/images/IMG_5250_jpg.rf.7bcba7d2cd2129136be3379d68caf7d8.jpg,processed/train/labels/IMG_5250_jpg.rf.7bcba7d2cd2129136be3379d68caf7d8.txt,True
train,processed/train/images/IMG_5251_jpg.rf.0d8e32bdaef4275b60ca6d66130faa08.jpg,processed/train/labels/IMG_5251_jpg.rf.0d8e32bdaef4275b60ca6d66130faa08.txt,True
train,processed/train/images/IMG_5252_jpg.rf.313b69c1139d28325ed325b246f96f59.jpg,processed/train/labels/IMG_5252_jpg.rf.313b69c1139d28325ed325b246f96f59.txt,True
train,processed/train/images/IMG_5253_jpg.rf.c0e83ed2d28cd720ff2ede0270c193ac.jpg,processed/train/labels/IMG_5253_jpg.rf.c0e83ed2d28cd720ff2ede0270c193ac.txt,True
train,processed/train/images/IMG_5254_jpg.rf.f23c35aee42ce13622bf0ed31d66d479.jpg,processed/train/labels/IMG_5254_jpg.rf.f23c35aee42ce13622bf0ed31d66d479.txt,True
train,processed/train/images/IMG_5256_jpg.rf.39354ce33e7ef403f8e1e1f3860f1614.jpg,processed/train/labels/IMG_5256_jpg.rf.39354ce33e7ef403f8e1e1f3860f1614.txt,True
train,processed/train/images/IMG_5258_jpg.rf.38c6621583c7f2e5a0cea84fc030308a.jpg,processed/train/labels/IMG_5258_jpg.rf.38c6621583c7f2e5a0cea84fc030308a.txt,True
train,processed/train/images/IMG_5260_jpg.rf.4395ac89a4f5bb52f9a129b9f810174e.jpg,processed/train/labels/IMG_5260_jpg.rf.4395ac89a4f5bb52f9a129b9f810174e.txt,True
train,processed/train/images/IMG_5261_jpg.rf.e2bcb47f2e1ba1e28841fa0342574ba1.jpg,processed/train/labels/IMG_5261_jpg.rf.e2bcb47f2e1ba1e28841fa0342574ba1.txt,True
train,processed/train/images/IMG_5262_jpg.rf.06088908bf0334455d57917541df0c9c.jpg,processed/train/labels/IMG_5262_jpg.rf.06088908bf0334455d57917541df0c9c.txt,True
train,processed/train/images/IMG_5263_jpg.rf.3b6e856c367947fb03cb9a967a073b80.jpg,processed/train/labels/IMG_5263_jpg.rf.3b6e856c367947fb03cb9a967a073b80.txt,True
train,processed/train/images/IMG_5265_jpg.rf.61043a621300c4e136ef53c698375eae.jpg,processed/train/labels/IMG_5265_jpg.rf.61043a621300c4e136ef53c698375eae.txt,True
train,processed/train/images/IMG_5266_jpg.rf.8ee05c913d1bf2b9d9ee16c065c3f50f.jpg,processed/train/labels/IMG_5266_jpg.rf.8ee05c913d1bf2b9d9ee16c065c3f50f.txt,True
train,processed/train/images/IMG_5267_jpg.rf.0c460ecec1663b136ee682d780089e72.jpg,processed/train/labels/IMG_5267_jpg.rf.0c460ecec1663b136ee682d780089e72.txt,True
train,processed/train/images/IMG_5268_jpg.rf.15680bdcfde1e9652604386a747b4126.jpg,processed/train/labels/IMG_5268_jpg.rf.15680bdcfde1e9652604386a747b4126.txt,True
train,processed/train/images/IMG_5269_jpg.rf.1b4d902b21af4c2ae7a81d1e1204b40a.jpg,processed/train/labels/IMG_5269_jpg.rf.1b4d902b21af4c2ae7a81d1e1204b40a.txt,True
train,processed/train/images/IMG_5270_jpg.rf.6e3b9fa565dfc57458ba6d8166732e34.jpg,processed/train/labels/IMG_5270_jpg.rf.6e3b9fa565dfc57458ba6d8166732e34.txt,True
train,processed/train/images/IMG_5271_jpg.rf.19d58792121e867ac6b41d3e6ffcb8cb.jpg,processed/train/labels/IMG_5271_jpg.rf.19d58792121e867ac6b41d3e6ffcb8cb.txt,True
train,processed/train/images/IMG_5272_jpg.rf.91693e3bc2374a6d2fc6a895f6870103.jpg,processed/train/labels/IMG_5272_jpg.rf.91693e3bc2374a6d2fc6a895f6870103.txt,True
train,processed/train/images/IMG_5273_jpg.rf.487b801b97cc2de27e3e905f4e9e73c5.jpg,processed/train/labels/IMG_5273_jpg.rf.487b801b97cc2de27e3e905f4e9e73c5.txt,True
train,processed/train/images/IMG_5274_jpg.rf.94e2de83dc42c95200d1ecf24860d21a.jpg,processed/train/labels/IMG_5274_jpg.rf.94e2de83dc42c95200d1ecf24860d21a.txt,True
train,processed/train/images/IMG_5276_jpg.rf.1e7050ad6353adca02e507e035e985ce.jpg,processed/train/labels/IMG_5276_jpg.rf.1e7050ad6353adca02e507e035e985ce.txt,True
train,processed/train/images/IMG_5278_jpg.rf.383e8d14feefd74e77e3e2c062e465a5.jpg,processed/train/labels/IMG_5278_jpg.rf.383e8d14feefd74e77e3e2c062e465a5.txt,True
train,processed/train/images/IMG_5279_jpg.rf.cc9de513ad2192cdee2365b322a45c12.jpg,processed/train/labels/IMG_5279_jpg.rf.cc9de513ad2192cdee2365b322a45c12.txt,True
train,processed/train/images/IMG_5280_jpg.rf.436708e17ef19dd8ba9e3057b5b5e4d0.jpg,processed/train/labels/IMG_5280_jpg.rf.436708e17ef19dd8ba9e3057b5b5e4d0.txt,True
train,processed/train/images/IMG_5281_jpg.rf.0817767eef42f416b897ff0cbfd110f3.jpg,processed/train/labels/IMG_5281_jpg.rf.0817767eef42f416b897ff0cbfd110f3.txt,True
train,processed/train/images/IMG_5282_jpg.rf.60bd569f69a1e228e9fe2f78a81951e8.jpg,processed/train/labels/IMG_5282_jpg.rf.60bd569f69a1e228e9fe2f78a81951e8.txt,True
train,processed/train/images/IMG_5283_jpg.rf.d5d5be68d8e5f2e3e22b6184f0af795f.jpg,processed/train/labels/IMG_5283_jpg.rf.d5d5be68d8e5f2e3e22b6184f0af795f.txt,True
train,processed/train/images/IMG_5284_jpg.rf.715bb9c98267d900d6d4117b1fa999e6.jpg,processed/train/labels/IMG_5284_jpg.rf.715bb9c98267d900d6d4117b1fa999e6.txt,True
train,processed/train/images/IMG_5286_jpg.rf.3ec846e49473326ba091c56043735efc.jpg,processed/train/labels/IMG_5286_jpg.rf.3ec846e49473326ba091c56043735efc.txt,True
train,processed/train/images/IMG_5287_jpg.rf.47ad09ba99b40d220b97cc1db49c57dc.jpg,processed/train/labels/IMG_5287_jpg.rf.47ad09ba99b40d220b97cc1db49c57dc.txt,True
train,processed/train/images/IMG_5291_jpg.rf.85127afebc203cbd4ae4279ab0295a7f.jpg,processed/train/labels/IMG_5291_jpg.rf.85127afebc203cbd4ae4279ab0295a7f.txt,True
train,processed/train/images/IMG_5292_jpg.rf.cacbb693dfee6587e21d3bb45456b910.jpg,processed/train/labels/IMG_5292_jpg.rf.cacbb693dfee6587e21d3bb45456b910.txt,True
train,processed/train/images/IMG_5293_jpg.rf.ae4543996ff0a2b60458c36a7a615055.jpg,processed/train/labels/IMG_5293_jpg.rf.ae4543996ff0a2b60458c36a7a615055.txt,True
train,processed/train/images/IMG_5296_jpg.rf.5ee2a0f48977276bd60c84cd1a0c5f5b.jpg,processed/train/labels/IMG_5296_jpg.rf.5ee2a0f48977276bd60c84cd1a0c5f5b.txt,True
train,processed/train/images/IMG_5297_jpg.rf.7c20e715fe9a12d52bb2b8ffe73c59d1.jpg,processed/train/labels/IMG_5297_jpg.rf.7c20e715fe9a12d52bb2b8ffe73c59d1.txt,True
train,processed/train/images/IMG_5300_jpg.rf.cd43656fafbd6751ceccfeddbb6e56e2.jpg,processed/train/labels/IMG_5300_jpg.rf.cd43656fafbd6751ceccfeddbb6e56e2.txt,True
train,processed/train/images/IMG_5301_jpg.rf.ab30e50bae5c4e871c3b08e3d6d3a305.jpg,processed/train/labels/IMG_5301_jpg.rf.ab30e50bae5c4e871c3b08e3d6d3a305.txt,True
train,processed/train/images/IMG_5303_jpg.rf.7dbe546aae7fe67a16cbb7ee0bb64227.jpg,processed/train/labels/IMG_5303_jpg.rf.7dbe546aae7fe67a16cbb7ee0bb64227.txt,True
train,processed/train/images/IMG_5307_jpg.rf.c4585434ec2e508938419dd4fdd44bca.jpg,processed/train/labels/IMG_5307_jpg.rf.c4585434ec2e508938419dd4fdd44bca.txt,True
train,processed/train/images/IMG_5308_jpg.rf.bf95b359015bef0afceb81ab6e4b2806.jpg,processed/train/labels/IMG_5308_jpg.rf.bf95b359015bef0afceb81ab6e4b2806.txt,True
train,processed/train/images/IMG_5311_jpg.rf.0ea26c7672d205fe0afdd2e3670a7913.jpg,processed/train/labels/IMG_5311_jpg.rf.0ea26c7672d205fe0afdd2e3670a7913.txt,True
train,processed/train/images/IMG_5313_jpg.rf.b07032bca1c4737f6b59355aedf102a2.jpg,processed/train/labels/IMG_5313_jpg.rf.b07032bca1c4737f6b59355aedf102a2.txt,True
train,processed/train/images/IMG_5314_jpg.rf.81217d60bdc0140e08c7090f8e91df22.jpg,processed/train/labels/IMG_5314_jpg.rf.81217d60bdc0140e08c7090f8e91df22.txt,True
train,processed/train/images/IMG_5315_jpg.rf.627e71d46cf56b5e641ff303fa764e87.jpg,processed/train/labels/IMG_5315_jpg.rf.627e71d46cf56b5e641ff303fa764e87.txt,True
train,processed/train/images/IMG_5316_jpg.rf.1a869338cd53e77c0afb883fbb73e099.jpg,processed/train/labels/IMG_5316_jpg.rf.1a869338cd53e77c0afb883fbb73e099.txt,True
train,processed/train/images/IMG_5317_jpg.rf.5fa7a09e30e8adbf80d2a769b5fce386.jpg,processed/train/labels/IMG_5317_jpg.rf.5fa7a09e30e8adbf80d2a769b5fce386.txt,True
train,processed/train/images/IMG_5318_jpg.rf.01cbe96f56656c6accea397be0777173.jpg,processed/train/labels/IMG_5318_jpg.rf.01cbe96f56656c6accea397be0777173.txt,True
train,processed/train/images/IMG_5319_jpg.rf.1a9dd2c8ef2fe9bc1c3fd6b9bf049c4f.jpg,processed/train/labels/IMG_5319_jpg.rf.1a9dd2c8ef2fe9bc1c3fd6b9bf049c4f.txt,True
train,processed/train/images/IMG_5320_jpg.rf.316e9fc2ce3c92bb67f05c1729ac075f.jpg,processed/train/labels/IMG_5320_jpg.rf.316e9fc2ce3c92bb67f05c1729ac075f.txt,True
train,processed/train/images/IMG_5321_jpg.rf.0d6f3798332031430d54cdbbe80db0c5.jpg,processed/train/labels/IMG_5321_jpg.rf.0d6f3798332031430d54cdbbe80db0c5.txt,True
train,processed/train/images/IMG_5323_jpg.rf.6c53c0b196c29ee7aa61f932c2e3f9e1.jpg,processed/train/labels/IMG_5323_jpg.rf.6c53c0b196c29ee7aa61f932c2e3f9e1.txt,True
train,processed/train/images/IMG_5324_jpg.rf.4f87851bde93a64e46514b7a744f7eef.jpg,processed/train/labels/IMG_5324_jpg.rf.4f87851bde93a64e46514b7a744f7eef.txt,True
train,processed/train/images/IMG_5325_jpg.rf.9b4b97afa3b2644111e36d57fadeb91d.jpg,processed/train/labels/IMG_5325_jpg.rf.9b4b97afa3b2644111e36d57fadeb91d.txt,True
train,processed/train/images/IMG_5326_jpg.rf.632e2db0117c8f93ef7d5ae9503e78fe.jpg,processed/train/labels/IMG_5326_jpg.rf.632e2db0117c8f93ef7d5ae9503e78fe.txt,True
train,processed/train/images/IMG_5327_jpg.rf.6330a9764e57283abec21c5fc1c60b79.jpg,processed/train/labels/IMG_5327_jpg.rf.6330a9764e57283abec21c5fc1c60b79.txt,True
train,processed/train/images/IMG_5328_jpg.rf.7eb80c66e440418680e6cb3073d8347e.jpg,processed/train/labels/IMG_5328_jpg.rf.7eb80c66e440418680e6cb3073d8347e.txt,True
train,processed/train/images/IMG_5329_jpg.rf.a70dd13fa322ddf21ecc2eb9719f9b7f.jpg,processed/train/labels/IMG_5329_jpg.rf.a70dd13fa322ddf21ecc2eb9719f9b7f.txt,True
train,processed/train/images/IMG_5330_jpg.rf.a13b080c6a0918aaae0f0262b3d422c6.jpg,processed/train/labels/IMG_5330_jpg.rf.a13b080c6a0918aaae0f0262b3d422c6.txt,True
train,processed/train/images/IMG_5331_jpg.rf.58f2bb79fbbc6e66b720efd232f2a8a4.jpg,processed/train/labels/IMG_5331_jpg.rf.58f2bb79fbbc6e66b720efd232f2a8a4.txt,True
train,processed/train/images/IMG_5332_jpg.rf.bc7bce13c4187a1b0c3a6448e028e048.jpg,processed/train/labels/IMG_5332_jpg.rf.bc7bce13c4187a1b0c3a6448e028e048.txt,True
train,processed/train/images/IMG_5333_jpg.rf.cd8f59a83da76fa53a247e3c8c7a9a71.jpg,processed/train/labels/IMG_5333_jpg.rf.cd8f59a83da76fa53a247e3c8c7a9a71.txt,True
train,processed/train/images/IMG_5335_jpg.rf.4800515eb7b168904b7a0896b6269f24.jpg,processed/train/labels/IMG_5335_jpg.rf.4800515eb7b168904b7a0896b6269f24.txt,True
train,processed/train/images/IMG_5336_jpg.rf.925f9328999eb67dc852dee0ccbd03e9.jpg,processed/train/labels/IMG_5336_jpg.rf.925f9328999eb67dc852dee0ccbd03e9.txt,True
train,processed/train/images/IMG_5338_jpg.rf.cad35c8622cdb72d599b49e26ba5f9dd.jpg,processed/train/labels/IMG_5338_jpg.rf.cad35c8622cdb72d599b49e26ba5f9dd.txt,True
train,processed/train/images/IMG_5340_jpg.rf.24a0749a830d29256ad2f4302f8fb03c.jpg,processed/train/labels/IMG_5340_jpg.rf.24a0749a830d29256ad2f4302f8fb03c.txt,True
train,processed/train/images/IMG_5341_jpg.rf.0f09e8f4e3ea785afba3b86104f2d480.jpg,processed/train/labels/IMG_5341_jpg.rf.0f09e8f4e3ea785afba3b86104f2d480.txt,True
train,processed/train/images/IMG_5342_jpg.rf.6cb4cc5748806e881a6d8c12426e564c.jpg,processed/train/labels/IMG_5342_jpg.rf.6cb4cc5748806e881a6d8c12426e564c.txt,True
train,processed/train/images/IMG_5343_jpg.rf.eaacad71efb0c40e14d3b043fda2767c.jpg,processed/train/labels/IMG_5343_jpg.rf.eaacad71efb0c40e14d3b043fda2767c.txt,True
train,processed/train/images/IMG_5344_jpg.rf.c3765ff5a6eb098d19021208270ca83c.jpg,processed/train/labels/IMG_5344_jpg.rf.c3765ff5a6eb098d19021208270ca83c.txt,True
train,processed/train/images/IMG_5345_jpg.rf.07d2a1756b26eedc2f5b9d8ac94d36fc.jpg,processed/train/labels/IMG_5345_jpg.rf.07d2a1756b26eedc2f5b9d8ac94d36fc.txt,True
train,processed/train/images/IMG_5346_jpg.rf.08e01729a5e6b2854c2a3ea765d100af.jpg,processed/train/labels/IMG_5346_jpg.rf.08e01729a5e6b2854c2a3ea765d100af.txt,True
train,processed/train/images/IMG_5348_jpg.rf.80eb9daa66b054d16449130fd92b62ca.jpg,processed/train/labels/IMG_5348_jpg.rf.80eb9daa66b054d16449130fd92b62ca.txt,True
train,processed/train/images/IMG_5349_jpg.rf.6a79bd02ed0f6140006c9c524b244c4c.jpg,processed/train/labels/IMG_5349_jpg.rf.6a79bd02ed0f6140006c9c524b244c4c.txt,True
train,processed/train/images/IMG_5350_jpg.rf.51529aa82150b1bbb401edb50ddace19.jpg,processed/train/labels/IMG_5350_jpg.rf.51529aa82150b1bbb401edb50ddace19.txt,True
train,processed/train/images/IMG_5351_jpg.rf.d5ad26d18784960b950f3e581acf7f5a.jpg,processed/train/labels/IMG_5351_jpg.rf.d5ad26d18784960b950f3e581acf7f5a.txt,True
train,processed/train/images/IMG_5353_jpg.rf.dce93869b5a65fba784f8c1b383c4c7e.jpg,processed/train/labels/IMG_5353_jpg.rf.dce93869b5a65fba784f8c1b383c4c7e.txt,True
train,processed/train/images/IMG_5354_jpg.rf.eb490a6543b01227497286c4bb8026dc.jpg,processed/train/labels/IMG_5354_jpg.rf.eb490a6543b01227497286c4bb8026dc.txt,True
train,processed/train/images/IMG_5355_jpg.rf.a5a744abe723f7d75ae6b6cc37e1db7f.jpg,processed/train/labels/IMG_5355_jpg.rf.a5a744abe723f7d75ae6b6cc37e1db7f.txt,True
train,processed/train/images/IMG_5356_jpg.rf.2d1ba56168ce656fa88802df12cd42c5.jpg,processed/train/labels/IMG_5356_jpg.rf.2d1ba56168ce656fa88802df12cd42c5.txt,True
train,processed/train/images/IMG_5357_jpg.rf.99cf3fcfabec649f0bf0422013adf81d.jpg,processed/train/labels/IMG_5357_jpg.rf.99cf3fcfabec649f0bf0422013adf81d.txt,True
train,processed/train/images/IMG_5358_jpg.rf.20aad88cbdd55e9f04acd87001b5359e.jpg,processed/train/labels/IMG_5358_jpg.rf.20aad88cbdd55e9f04acd87001b5359e.txt,True
train,processed/train/images/IMG_5359_jpg.rf.b4911b628034d7aba46b805950e3ca81.jpg,processed/train/labels/IMG_5359_jpg.rf.b4911b628034d7aba46b805950e3ca81.txt,True
train,processed/train/images/IMG_5362_jpg.rf.aa4f90fcc788dd43b9c3c92f8b88ebbd.jpg,processed/train/labels/IMG_5362_jpg.rf.aa4f90fcc788dd43b9c3c92f8b88ebbd.txt,True
train,processed/train/images/IMG_5363_jpg.rf.f6b25068304db7e032ce59b70a199c84.jpg,processed/train/labels/IMG_5363_jpg.rf.f6b25068304db7e032ce59b70a199c84.txt,True
train,processed/train/images/IMG_5366_jpg.rf.f61cada9acd110643a942d0a3d6b448b.jpg,processed/train/labels/IMG_5366_jpg.rf.f61cada9acd110643a942d0a3d6b448b.txt,True
train,processed/train/images/IMG_5368_jpg.rf.625b245d31a5e13ee821730d3ae08b2b.jpg,processed/train/labels/IMG_5368_jpg.rf.625b245d31a5e13ee821730d3ae08b2b.txt,True
train,processed/train/images/IMG_5369_jpg.rf.1a68522baab7c01034ee8672cdcb398a.jpg,processed/train/labels/IMG_5369_jpg.rf.1a68522baab7c01034ee8672cdcb398a.txt,True
train,processed/train/images/IMG_5370_jpg.rf.38dabbdf8fe033abb65de69480ea76c5.jpg,processed/train/labels/IMG_5370_jpg.rf.38dabbdf8fe033abb65de69480ea76c5.txt,True
train,processed/train/images/IMG_5371_jpg.rf.81f5e538939a335f278c9d339513f5d0.jpg,processed/train/labels/IMG_5371_jpg.rf.81f5e538939a335f278c9d339513f5d0.txt,True
train,processed/train/images/IMG_5372_jpg.rf.e8336df69c4819d418688b190cb70840.jpg,processed/train/labels/IMG_5372_jpg.rf.e8336df69c4819d418688b190cb70840.txt,True
train,processed/train/images/IMG_5373_jpg.rf.0fabafc44dece127538f563bb928c70c.jpg,processed/train/labels/IMG_5373_jpg.rf.0fabafc44dece127538f563bb928c70c.txt,True
train,processed/train/images/IMG_5374_jpg.rf.6ad50d4c663ccca37d2e1029252405b9.jpg,processed/train/labels/IMG_5374_jpg.rf.6ad50d4c663ccca37d2e1029252405b9.txt,True
train,processed/train/images/IMG_5375_jpg.rf.22a9a2629c7983b93a15f1b22cc06429.jpg,processed/train/labels/IMG_5375_jpg.rf.22a9a2629c7983b93a15f1b22cc06429.txt,True
train,processed/train/images/IMG_5376_jpg.rf.aeb62fed8d82457a6c062c7448047251.jpg,processed/train/labels/IMG_5376_jpg.rf.aeb62fed8d82457a6c062c7448047251.txt,True
train,processed/train/images/IMG_5377_jpg.rf.d304d136cccb38f1707572e7410e131d.jpg,processed/train/labels/IMG_5377_jpg.rf.d304d136cccb38f1707572e7410e131d.txt,True
train,processed/train/images/IMG_5378_jpg.rf.ff42f557a3d250bccf789da153f228bc.jpg,processed/train/labels/IMG_5378_jpg.rf.ff42f557a3d250bccf789da153f228bc.txt,True
train,processed/train/images/IMG_5383_jpg.rf.a93418ca9a8c27696d4b1f9864f8e17d.jpg,processed/train/labels/IMG_5383_jpg.rf.a93418ca9a8c27696d4b1f9864f8e17d.txt,True
train,processed/train/images/IMG_5384_jpg.rf.b83e59b31e885f7881783a728b56711a.jpg,processed/train/labels/IMG_5384_jpg.rf.b83e59b31e885f7881783a728b56711a.txt,True
train,processed/train/images/IMG_5386_jpg.rf.56f3e74d0ad6da50a385e93be9737307.jpg,processed/train/labels/IMG_5386_jpg.rf.56f3e74d0ad6da50a385e93be9737307.txt,True
train,processed/train/images/IMG_5387_jpg.rf.9f009e373843ba29de491c6a20957cc0.jpg,processed/train/labels/IMG_5387_jpg.rf.9f009e373843ba29de491c6a20957cc0.txt,True
train,processed/train/images/IMG_5388_jpg.rf.4ac98a286d0647e3bc0031bcff89b782.jpg,processed/train/labels/IMG_5388_jpg.rf.4ac98a286d0647e3bc0031bcff89b782.txt,True
train,processed/train/images/IMG_5389_jpg.rf.7f743234ce00083fa090c82c049838a6.jpg,processed/train/labels/IMG_5389_jpg.rf.7f743234ce00083fa090c82c049838a6.txt,True
train,processed/train/images/IMG_5391_jpg.rf.26e27b77213dec57ae4b0ea0cb77c28f.jpg,processed/train/labels/IMG_5391_jpg.rf.26e27b77213dec57ae4b0ea0cb77c28f.txt,True
train,processed/train/images/IMG_5393_jpg.rf.d6d994368e57c5a7374ab1d940f285d4.jpg,processed/train/labels/IMG_5393_jpg.rf.d6d994368e57c5a7374ab1d940f285d4.txt,True
train,processed/train/images/IMG_5394_jpg.rf.8f342b618885678a88776b95213082b3.jpg,processed/train/labels/IMG_5394_jpg.rf.8f342b618885678a88776b95213082b3.txt,True
train,processed/train/images/IMG_5395_jpg.rf.75e19f472c999e1584b3aae6f19f72d8.jpg,processed/train/labels/IMG_5395_jpg.rf.75e19f472c999e1584b3aae6f19f72d8.txt,True
train,processed/train/images/IMG_5396_jpg.rf.34633179c6b7166a092537d2fc3fe2af.jpg,processed/train/labels/IMG_5396_jpg.rf.34633179c6b7166a092537d2fc3fe2af.txt,True
train,processed/train/images/IMG_5397_jpg.rf.eeb2e3118fe0af19a4b6b1a97c758ff1.jpg,processed/train/labels/IMG_5397_jpg.rf.eeb2e3118fe0af19a4b6b1a97c758ff1.txt,True
train,processed/train/images/IMG_5398_jpg.rf.a7afc729ffb0f9b5729d2f851dcfeecf.jpg,processed/train/labels/IMG_5398_jpg.rf.a7afc729ffb0f9b5729d2f851dcfeecf.txt,True
train,processed/train/images/IMG_5399_jpg.rf.a7fd33ca5617b0a8090abb98d3c6ce1c.jpg,processed/train/labels/IMG_5399_jpg.rf.a7fd33ca5617b0a8090abb98d3c6ce1c.txt,True
train,processed/train/images/IMG_5400_jpg.rf.d2631c55b2feb050bb6592f85ef3d616.jpg,processed/train/labels/IMG_5400_jpg.rf.d2631c55b2feb050bb6592f85ef3d616.txt,True
train,processed/train/images/IMG_5401_jpg.rf.a01c9b9a68716555fe43f75ae02b8376.jpg,processed/train/labels/IMG_5401_jpg.rf.a01c9b9a68716555fe43f75ae02b8376.txt,True
train,processed/train/images/IMG_5402_jpg.rf.99a0e10098c32988f61e668a32fff8d1.jpg,processed/train/labels/IMG_5402_jpg.rf.99a0e10098c32988f61e668a32fff8d1.txt,True
train,processed/train/images/IMG_5408_jpg.rf.d024a1a5a0358afbe3dea95e57b3d1e5.jpg,processed/train/labels/IMG_5408_jpg.rf.d024a1a5a0358afbe3dea95e57b3d1e5.txt,True
train,processed/train/images/IMG_5413_jpg.rf.5d1f9e6e6d35a9215016d0fccb3b5031.jpg,processed/train/labels/IMG_5413_jpg.rf.5d1f9e6e6d35a9215016d0fccb3b5031.txt,True
train,processed/train/images/IMG_5415_jpg.rf.042ccbac9a40474511896fba7594d114.jpg,processed/train/labels/IMG_5415_jpg.rf.042ccbac9a40474511896fba7594d114.txt,True
train,processed/train/images/IMG_5416_jpg.rf.f3855645dacfd16e17094b8b02ea9d64.jpg,processed/train/labels/IMG_5416_jpg.rf.f3855645dacfd16e17094b8b02ea9d64.txt,True
train,processed/train/images/IMG_5417_jpg.rf.a097be048a25d22621d70712882b8199.jpg,processed/train/labels/IMG_5417_jpg.rf.a097be048a25d22621d70712882b8199.txt,True
train,processed/train/images/IMG_5418_jpg.rf.81343718f79c0c185ea13d9131de0f62.jpg,processed/train/labels/IMG_5418_jpg.rf.81343718f79c0c185ea13d9131de0f62.txt,True
train,processed/train/images/IMG_5420_jpg.rf.0c8eb69eb8ec8731621ad850de8bd0f8.jpg,processed/train/labels/IMG_5420_jpg.rf.0c8eb69eb8ec8731621ad850de8bd0f8.txt,True
train,processed/train/images/IMG_5422_jpg.rf.f09da8f2a3d975d78949173cd2dd5ffb.jpg,processed/train/labels/IMG_5422_jpg.rf.f09da8f2a3d975d78949173cd2dd5ffb.txt,True
train,processed/train/images/IMG_5424_jpg.rf.16c620fbeeb12342a185196984151cd5.jpg,processed/train/labels/IMG_5424_jpg.rf.16c620fbeeb12342a185196984151cd5.txt,True
train,processed/train/images/IMG_5426_jpg.rf.16bb4d4db374b8e02947a1f4924bed6a.jpg,processed/train/labels/IMG_5426_jpg.rf.16bb4d4db374b8e02947a1f4924bed6a.txt,True
train,processed/train/images/IMG_5427_jpg.rf.cde5a6d6c261c29cc8cc36e7fc699bd5.jpg,processed/train/labels/IMG_5427_jpg.rf.cde5a6d6c261c29cc8cc36e7fc699bd5.txt,True
train,processed/train/images/IMG_5428_jpg.rf.1841e16b932558d324181ff4cef588d5.jpg,processed/train/labels/IMG_5428_jpg.rf.1841e16b932558d324181ff4cef588d5.txt,True
train,processed/train/images/IMG_5432_jpg.rf.50744bbae79b1d30628a7b9b59303e0a.jpg,processed/train/labels/IMG_5432_jpg.rf.50744bbae79b1d30628a7b9b59303e0a.txt,True
train,processed/train/images/IMG_5433_jpg.rf.c684a556db520bcc065de1617efecc0a.jpg,processed/train/labels/IMG_5433_jpg.rf.c684a556db520bcc065de1617efecc0a.txt,True
train,processed/train/images/IMG_5435_jpg.rf.53284c064a696a4930081339d47eebb8.jpg,processed/train/labels/IMG_5435_jpg.rf.53284c064a696a4930081339d47eebb8.txt,True
train,processed/train/images/IMG_5436_jpg.rf.249736f02d56d471887065a668379fb3.jpg,processed/train/labels/IMG_5436_jpg.rf.249736f02d56d471887065a668379fb3.txt,True
train,processed/train/images/IMG_5437_jpg.rf.9d7ea3078986070a5f6d330e43139d42.jpg,processed/train/labels/IMG_5437_jpg.rf.9d7ea3078986070a5f6d330e43139d42.txt,True
train,processed/train/images/IMG_5438_jpg.rf.d27ecbcaba13b23fa6b0af2f9cab91e7.jpg,processed/train/labels/IMG_5438_jpg.rf.d27ecbcaba13b23fa6b0af2f9cab91e7.txt,True
train,processed/train/images/IMG_5439_jpg.rf.b27e94e51c6955caa1ca01ace7dc0754.jpg,processed/train/labels/IMG_5439_jpg.rf.b27e94e51c6955caa1ca01ace7dc0754.txt,True
train,processed/train/images/IMG_5441_jpg.rf.063684e41d928b20e9a078c709f8a33b.jpg,processed/train/labels/IMG_5441_jpg.rf.063684e41d928b20e9a078c709f8a33b.txt,True
train,processed/train/images/IMG_5444_jpg.rf.13779ec13b54062e10206da2c78d9e4c.jpg,processed/train/labels/IMG_5444_jpg.rf.13779ec13b54062e10206da2c78d9e4c.txt,True
train,processed/train/images/IMG_5446_jpg.rf.32b738841d9d2a4046149954d2db59ed.jpg,processed/train/labels/IMG_5446_jpg.rf.32b738841d9d2a4046149954d2db59ed.txt,True
train,processed/train/images/IMG_5447_jpg.rf.899c1b264902566f97b91adec1efc047.jpg,processed/train/labels/IMG_5447_jpg.rf.899c1b264902566f97b91adec1efc047.txt,True
train,processed/train/images/IMG_5448_jpg.rf.021d17228a29a51af798970eac45cc64.jpg,processed/train/labels/IMG_5448_jpg.rf.021d17228a29a51af798970eac45cc64.txt,True
train,processed/train/images/IMG_5449_jpg.rf.23ec86fd1418432b236c34bcb41ca2ae.jpg,processed/train/labels/IMG_5449_jpg.rf.23ec86fd1418432b236c34bcb41ca2ae.txt,True
train,processed/train/images/IMG_5451_jpg.rf.cebdd99dd495950336f9a9d844d930a4.jpg,processed/train/labels/IMG_5451_jpg.rf.cebdd99dd495950336f9a9d844d930a4.txt,True
train,processed/train/images/IMG_5452_jpg.rf.af86359c53530256bf32f87bf9b4dbe5.jpg,processed/train/labels/IMG_5452_jpg.rf.af86359c53530256bf32f87bf9b4dbe5.txt,True
train,processed/train/images/IMG_5453_jpg.rf.6a61641657c225709935cf02dfe20392.jpg,processed/train/labels/IMG_5453_jpg.rf.6a61641657c225709935cf02dfe20392.txt,True
train,processed/train/images/IMG_5454_jpg.rf.b4650fd47b603a96573a4857c2b541ba.jpg,processed/train/labels/IMG_5454_jpg.rf.b4650fd47b603a96573a4857c2b541ba.txt,True
train,processed/train/images/IMG_5456_jpg.rf.0e94b9836cb2eba30060731b6673d3b3.jpg,processed/train/labels/IMG_5456_jpg.rf.0e94b9836cb2eba30060731b6673d3b3.txt,True
train,processed/train/images/IMG_5457_jpg.rf.e46a9bf278966566593d69136e08ec6e.jpg,processed/train/labels/IMG_5457_jpg.rf.e46a9bf278966566593d69136e08ec6e.txt,True
train,processed/train/images/IMG_5459_jpg.rf.3d992e728e2ba427544d665910292276.jpg,processed/train/labels/IMG_5459_jpg.rf.3d992e728e2ba427544d665910292276.txt,True
train,processed/train/images/IMG_5460_jpg.rf.c9b306dd55cbbe45099fe9b2a956652f.jpg,processed/train/labels/IMG_5460_jpg.rf.c9b306dd55cbbe45099fe9b2a956652f.txt,True
train,processed/train/images/IMG_5463_jpg.rf.bccf23832bc075713e2e4e80fce59400.jpg,processed/train/labels/IMG_5463_jpg.rf.bccf23832bc075713e2e4e80fce59400.txt,True
train,processed/train/images/IMG_5465_jpg.rf.d1bfc8397557a047c9d380680dc83290.jpg,processed/train/labels/IMG_5465_jpg.rf.d1bfc8397557a047c9d380680dc83290.txt,True
train,processed/train/images/IMG_5466_jpg.rf.3e7623de987bb11cb8969c0dd9db9336.jpg,processed/train/labels/IMG_5466_jpg.rf.3e7623de987bb11cb8969c0dd9db9336.txt,True
train,processed/train/images/IMG_5468_jpg.rf.b9a5f150c9d023aa5b23bfdbe410588d.jpg,processed/train/labels/IMG_5468_jpg.rf.b9a5f150c9d023aa5b23bfdbe410588d.txt,True
train,processed/train/images/IMG_5469_jpg.rf.ecadf7a678ca7ca987ba468b6d3fd182.jpg,processed/train/labels/IMG_5469_jpg.rf.ecadf7a678ca7ca987ba468b6d3fd182.txt,True
train,processed/train/images/IMG_5470_jpg.rf.cf78bbec10f351b3a6e25d0838a9fe57.jpg,processed/train/labels/IMG_5470_jpg.rf.cf78bbec10f351b3a6e25d0838a9fe57.txt,True
train,processed/train/images/IMG_5472_jpg.rf.bac8bb83b559d587e44671dd43a000aa.jpg,processed/train/labels/IMG_5472_jpg.rf.bac8bb83b559d587e44671dd43a000aa.txt,True
train,processed/train/images/IMG_5473_jpg.rf.688648a77111b4342cd78038ea00c8f3.jpg,processed/train/labels/IMG_5473_jpg.rf.688648a77111b4342cd78038ea00c8f3.txt,True
train,processed/train/images/IMG_5476_jpg.rf.e5a35cf5aa02d669966c95240e677126.jpg,processed/train/labels/IMG_5476_jpg.rf.e5a35cf5aa02d669966c95240e677126.txt,True
train,processed/train/images/IMG_5477_jpg.rf.4603d7f825a6c02090976e59f43f6a58.jpg,processed/train/labels/IMG_5477_jpg.rf.4603d7f825a6c02090976e59f43f6a58.txt,True
train,processed/train/images/IMG_5480_jpg.rf.50df657d3ccf849f8fc721aacdf85a35.jpg,processed/train/labels/IMG_5480_jpg.rf.50df657d3ccf849f8fc721aacdf85a35.txt,True
train,processed/train/images/IMG_5484_jpg.rf.4409d29c5a4a21be13a0d640fb4b344f.jpg,processed/train/labels/IMG_5484_jpg.rf.4409d29c5a4a21be13a0d640fb4b344f.txt,True
train,processed/train/images/IMG_5486_jpg.rf.bb55d1026629b80942d35abce42d4cad.jpg,processed/train/labels/IMG_5486_jpg.rf.bb55d1026629b80942d35abce42d4cad.txt,True
train,processed/train/images/IMG_5487_jpg.rf.6d258b70d321490ab05787916be56954.jpg,processed/train/labels/IMG_5487_jpg.rf.6d258b70d321490ab05787916be56954.txt,True
train,processed/train/images/IMG_5489_jpg.rf.1b339e2d34676b2899fe0aa423675150.jpg,processed/train/labels/IMG_5489_jpg.rf.1b339e2d34676b2899fe0aa423675150.txt,True
train,processed/train/images/IMG_5490_jpg.rf.4f1d4215be03e4fa55cdafd59890f42e.jpg,processed/train/labels/IMG_5490_jpg.rf.4f1d4215be03e4fa55cdafd59890f42e.txt,True
train,processed/train/images/IMG_5491_jpg.rf.d6359a6f268b9c4fe906f21d218afa60.jpg,processed/train/labels/IMG_5491_jpg.rf.d6359a6f268b9c4fe906f21d218afa60.txt,True
train,processed/train/images/IMG_5492_jpg.rf.ce07e5042cb5ce26d6e9a749bf700d37.jpg,processed/train/labels/IMG_5492_jpg.rf.ce07e5042cb5ce26d6e9a749bf700d37.txt,True
train,processed/train/images/IMG_5493_jpg.rf.0e976cb3c06e5167c2b71695623e5d1e.jpg,processed/train/labels/IMG_5493_jpg.rf.0e976cb3c06e5167c2b71695623e5d1e.txt,True
train,processed/train/images/IMG_5494_jpg.rf.62b927973240259f94f59cc0c6c81c62.jpg,processed/train/labels/IMG_5494_jpg.rf.62b927973240259f94f59cc0c6c81c62.txt,True
train,processed/train/images/IMG_5495_jpg.rf.57111e9c7e91eacd65d3b3d50e3ee7ab.jpg,processed/train/labels/IMG_5495_jpg.rf.57111e9c7e91eacd65d3b3d50e3ee7ab.txt,True
train,processed/train/images/IMG_5496_jpg.rf.ffe35733fb7ca3ddc239789f998c9791.jpg,processed/train/labels/IMG_5496_jpg.rf.ffe35733fb7ca3ddc239789f998c9791.txt,True
train,processed/train/images/IMG_5497_jpg.rf.22e776173a6ab77bd00b5cda8eba7d20.jpg,processed/train/labels/IMG_5497_jpg.rf.22e776173a6ab77bd00b5cda8eba7d20.txt,True
train,processed/train/images/IMG_5498_jpg.rf.304324df871753f7cc951876ae9ef50b.jpg,processed/train/labels/IMG_5498_jpg.rf.304324df871753f7cc951876ae9ef50b.txt,True
train,processed/train/images/IMG_5499_jpg.rf.321cb7f405b38df0a6443191f5182027.jpg,processed/train/labels/IMG_5499_jpg.rf.321cb7f405b38df0a6443191f5182027.txt,True
train,processed/train/images/IMG_5500_jpg.rf.5a26a73e4ab90a77eb0f27c591adea21.jpg,processed/train/labels/IMG_5500_jpg.rf.5a26a73e4ab90a77eb0f27c591adea21.txt,True
train,processed/train/images/IMG_5501_jpg.rf.7245b9661b43a36ed14398b926e17612.jpg,processed/train/labels/IMG_5501_jpg.rf.7245b9661b43a36ed14398b926e17612.txt,True
train,processed/train/images/IMG_5502_jpg.rf.032b467cd9c70fa0616614a23a31722c.jpg,processed/train/labels/IMG_5502_jpg.rf.032b467cd9c70fa0616614a23a31722c.txt,True
train,processed/train/images/IMG_5503_jpg.rf.592600b061f107d32ab8d2398ae7fbec.jpg,processed/train/labels/IMG_5503_jpg.rf.592600b061f107d32ab8d2398ae7fbec.txt,True
train,processed/train/images/IMG_5504_jpg.rf.a1a65a78aaafeaa4abf7669882fcfdb6.jpg,processed/train/labels/IMG_5504_jpg.rf.a1a65a78aaafeaa4abf7669882fcfdb6.txt,True
train,processed/train/images/IMG_5505_jpg.rf.25ea158e1ef3c13e3998918660fe7854.jpg,processed/train/labels/IMG_5505_jpg.rf.25ea158e1ef3c13e3998918660fe7854.txt,True
train,processed/train/images/IMG_5506_jpg.rf.bbea28915f99230612e0c8c0a64dfd1b.jpg,processed/train/labels/IMG_5506_jpg.rf.bbea28915f99230612e0c8c0a64dfd1b.txt,True
train,processed/train/images/IMG_5507_jpg.rf.437fc17ee10ed03a78c5eb8b0418fd76.jpg,processed/train/labels/IMG_5507_jpg.rf.437fc17ee10ed03a78c5eb8b0418fd76.txt,True
train,processed/train/images/IMG_5509_jpg.rf.50175591c92e4c5c82877249d5c2d8cf.jpg,processed/train/labels/IMG_5509_jpg.rf.50175591c92e4c5c82877249d5c2d8cf.txt,True
train,processed/train/images/IMG_5511_jpg.rf.66ab8eb4c7b01726da856a17e31e4ea7.jpg,processed/train/labels/IMG_5511_jpg.rf.66ab8eb4c7b01726da856a17e31e4ea7.txt,True
train,processed/train/images/IMG_5518_jpg.rf.62d815464735950c2854f3238576091c.jpg,processed/train/labels/IMG_5518_jpg.rf.62d815464735950c2854f3238576091c.txt,True
train,processed/train/images/IMG_5519_jpg.rf.50fabcc50b0b97a47999525986f54125.jpg,processed/train/labels/IMG_5519_jpg.rf.50fabcc50b0b97a47999525986f54125.txt,True
train,processed/train/images/IMG_5521_jpg.rf.284e62d3ef3483546bfd0fd969793167.jpg,processed/train/labels/IMG_5521_jpg.rf.284e62d3ef3483546bfd0fd969793167.txt,True
train,processed/train/images/IMG_5523_jpg.rf.c53cac669ab35894be71d83d433bdcfe.jpg,processed/train/labels/IMG_5523_jpg.rf.c53cac669ab35894be71d83d433bdcfe.txt,True
train,processed/train/images/IMG_5524_jpg.rf.1e419db919e2ed89aaebf3ede5ef2f28.jpg,processed/train/labels/IMG_5524_jpg.rf.1e419db919e2ed89aaebf3ede5ef2f28.txt,True
train,processed/train/images/IMG_5525_jpg.rf.1792d2abc4cbace637bef3622f9eb656.jpg,processed/train/labels/IMG_5525_jpg.rf.1792d2abc4cbace637bef3622f9eb656.txt,True
train,processed/train/images/IMG_5527_jpg.rf.2a4808246100c2c729fc66088cac345d.jpg,processed/train/labels/IMG_5527_jpg.rf.2a4808246100c2c729fc66088cac345d.txt,True
train,processed/train/images/IMG_5528_jpg.rf.9c612c0e58ea0aa70d36049261554e65.jpg,processed/train/labels/IMG_5528_jpg.rf.9c612c0e58ea0aa70d36049261554e65.txt,True
train,processed/train/images/IMG_5529_jpg.rf.8bfd4d592bdaa487d551ae4e3536fcef.jpg,processed/train/labels/IMG_5529_jpg.rf.8bfd4d592bdaa487d551ae4e3536fcef.txt,True
train,processed/train/images/IMG_5530_jpg.rf.3450ca8be741ea14b552dc1c371ccbfa.jpg,processed/train/labels/IMG_5530_jpg.rf.3450ca8be741ea14b552dc1c371ccbfa.txt,True
train,processed/train/images/IMG_5532_jpg.rf.c488d9cf71cfa7aeeddd7e6212f82a48.jpg,processed/train/labels/IMG_5532_jpg.rf.c488d9cf71cfa7aeeddd7e6212f82a48.txt,True
train,processed/train/images/IMG_5533_jpg.rf.fef9561b0ddab768d84f8fc94569ee47.jpg,processed/train/labels/IMG_5533_jpg.rf.fef9561b0ddab768d84f8fc94569ee47.txt,True
train,processed/train/images/IMG_5534_jpg.rf.4322d5faa2c2372452a25361e7e9f416.jpg,processed/train/labels/IMG_5534_jpg.rf.4322d5faa2c2372452a25361e7e9f416.txt,True
train,processed/train/images/IMG_5535_jpg.rf.8fd5ec00b8652bb054188d63382d286a.jpg,processed/train/labels/IMG_5535_jpg.rf.8fd5ec00b8652bb054188d63382d286a.txt,True
train,processed/train/images/IMG_5536_jpg.rf.95a79ded055005e0ab4a290a2ce07c26.jpg,processed/train/labels/IMG_5536_jpg.rf.95a79ded055005e0ab4a290a2ce07c26.txt,True
train,processed/train/images/IMG_5538_jpg.rf.36c91b8d30a0749f5902fba3cd4d2c8a.jpg,processed/train/labels/IMG_5538_jpg.rf.36c91b8d30a0749f5902fba3cd4d2c8a.txt,True
train,processed/train/images/IMG_5539_jpg.rf.96afda33226831b2f51a942bdbbe2345.jpg,processed/train/labels/IMG_5539_jpg.rf.96afda33226831b2f51a942bdbbe2345.txt,True
train,processed/train/images/IMG_5541_jpg.rf.ccab56f7cfa590f18347617ee46d3774.jpg,processed/train/labels/IMG_5541_jpg.rf.ccab56f7cfa590f18347617ee46d3774.txt,True
train,processed/train/images/IMG_5542_jpg.rf.c91968faf7fc81d22c278430b66e9dcc.jpg,processed/train/labels/IMG_5542_jpg.rf.c91968faf7fc81d22c278430b66e9dcc.txt,True
train,processed/train/images/IMG_5546_jpg.rf.fb5ef98f48b17fc66f2a772fcab5c853.jpg,processed/train/labels/IMG_5546_jpg.rf.fb5ef98f48b17fc66f2a772fcab5c853.txt,True
train,processed/train/images/IMG_5547_jpg.rf.a8bedb8ae1ba867703375d53f188dd58.jpg,processed/train/labels/IMG_5547_jpg.rf.a8bedb8ae1ba867703375d53f188dd58.txt,True
train,processed/train/images/IMG_5548_jpg.rf.70ab7e7ed018236134fa930d5df524c0.jpg,processed/train/labels/IMG_5548_jpg.rf.70ab7e7ed018236134fa930d5df524c0.txt,True
train,processed/train/images/IMG_5549_jpg.rf.c6690d024a1c7e05204db0d3ff9c7d3e.jpg,processed/train/labels/IMG_5549_jpg.rf.c6690d024a1c7e05204db0d3ff9c7d3e.txt,True
train,processed/train/images/IMG_5550_jpg.rf.4dcb40c6fdf08a0a8878a40d55e17dc2.jpg,processed/train/labels/IMG_5550_jpg.rf.4dcb40c6fdf08a0a8878a40d55e17dc2.txt,True
train,processed/train/images/IMG_5552_jpg.rf.aa15f0fe3517c95b9276fab9de4c178a.jpg,processed/train/labels/IMG_5552_jpg.rf.aa15f0fe3517c95b9276fab9de4c178a.txt,True
train,processed/train/images/IMG_5553_jpg.rf.85eb02fd0ae3680c3ca37403224ebdea.jpg,processed/train/labels/IMG_5553_jpg.rf.85eb02fd0ae3680c3ca37403224ebdea.txt,True
train,processed/train/images/IMG_5554_jpg.rf.09dc165733752df6a3410d02d2207882.jpg,processed/train/labels/IMG_5554_jpg.rf.09dc165733752df6a3410d02d2207882.txt,True
train,processed/train/images/IMG_5555_jpg.rf.0311813c87fcf579360bb27849d5b055.jpg,processed/train/labels/IMG_5555_jpg.rf.0311813c87fcf579360bb27849d5b055.txt,True
train,processed/train/images/IMG_5556_jpg.rf.89a270feae78449f2a2aaa898d15ab44.jpg,processed/train/labels/IMG_5556_jpg.rf.89a270feae78449f2a2aaa898d15ab44.txt,True
train,processed/train/images/IMG_5559_jpg.rf.0aa2c66262a186c39aa3e3cd3771ca0b.jpg,processed/train/labels/IMG_5559_jpg.rf.0aa2c66262a186c39aa3e3cd3771ca0b.txt,True
train,processed/train/images/IMG_5560_jpg.rf.5b5004d17ae5ea56dd14782fa75c944c.jpg,processed/train/labels/IMG_5560_jpg.rf.5b5004d17ae5ea56dd14782fa75c944c.txt,True
train,processed/train/images/IMG_5561_jpg.rf.28cb380a1bdcc299902ec1d57d480993.jpg,processed/train/labels/IMG_5561_jpg.rf.28cb380a1bdcc299902ec1d57d480993.txt,True
train,processed/train/images/IMG_5562_jpg.rf.754d6721c6f84fab96b120976babcf87.jpg,processed/train/labels/IMG_5562_jpg.rf.754d6721c6f84fab96b120976babcf87.txt,True
train,processed/train/images/IMG_5563_jpg.rf.17e6f07a22112c33108aabb3f13bf0cc.jpg,processed/train/labels/IMG_5563_jpg.rf.17e6f07a22112c33108aabb3f13bf0cc.txt,True
train,processed/train/images/IMG_5564_jpg.rf.ac5f41f85264389cb28b9f98d88660b3.jpg,processed/train/labels/IMG_5564_jpg.rf.ac5f41f85264389cb28b9f98d88660b3.txt,True
train,processed/train/images/IMG_5565_jpg.rf.ea7fd6dcae597417f8134c6342028805.jpg,processed/train/labels/IMG_5565_jpg.rf.ea7fd6dcae597417f8134c6342028805.txt,True
train,processed/train/images/IMG_5567_jpg.rf.1522de98e869c29f20a872fe6a582d56.jpg,processed/train/labels/IMG_5567_jpg.rf.1522de98e869c29f20a872fe6a582d56.txt,True
train,processed/train/images/IMG_5568_jpg.rf.2b62b9c9d39b2f3fac9386cfb5817e9c.jpg,processed/train/labels/IMG_5568_jpg.rf.2b62b9c9d39b2f3fac9386cfb5817e9c.txt,True
train,processed/train/images/IMG_5569_jpg.rf.6daea05ecb6ede23f110e1e586a81df6.jpg,processed/train/labels/IMG_5569_jpg.rf.6daea05ecb6ede23f110e1e586a81df6.txt,True
train,processed/train/images/IMG_5570_jpg.rf.16c51ce34ee1fc1e5b7850feaf5f6eda.jpg,processed/train/labels/IMG_5570_jpg.rf.16c51ce34ee1fc1e5b7850feaf5f6eda.txt,True
train,processed/train/images/IMG_5571_jpg.rf.137d7c200ee31caea72be301d24dbefd.jpg,processed/train/labels/IMG_5571_jpg.rf.137d7c200ee31caea72be301d24dbefd.txt,True
train,processed/train/images/IMG_5572_jpg.rf.f0fd7428cb61b5e40f4a8f8c2bc9247c.jpg,processed/train/labels/IMG_5572_jpg.rf.f0fd7428cb61b5e40f4a8f8c2bc9247c.txt,True
train,processed/train/images/IMG_5573_jpg.rf.083dc30fd41bbbc06c6c6829d886b039.jpg,processed/train/labels/IMG_5573_jpg.rf.083dc30fd41bbbc06c6c6829d886b039.txt,True
train,processed/train/images/IMG_5576_jpg.rf.e27363899c4d3528375732a177da30f1.jpg,processed/train/labels/IMG_5576_jpg.rf.e27363899c4d3528375732a177da30f1.txt,True
train,processed/train/images/IMG_5577_jpg.rf.7045d43139bf5551c7562ae65a9873b0.jpg,processed/train/labels/IMG_5577_jpg.rf.7045d43139bf5551c7562ae65a9873b0.txt,True
train,processed/train/images/IMG_5578_jpg.rf.a9423d81d4ed20feeb5dec97de8d1904.jpg,processed/train/labels/IMG_5578_jpg.rf.a9423d81d4ed20feeb5dec97de8d1904.txt,True
train,processed/train/images/IMG_5579_jpg.rf.0ef5d004ceddb9807bcba5d7031476e2.jpg,processed/train/labels/IMG_5579_jpg.rf.0ef5d004ceddb9807bcba5d7031476e2.txt,True
train,processed/train/images/IMG_5580_jpg.rf.c002b503e22dfd3d9e23d75bd26c2df4.jpg,processed/train/labels/IMG_5580_jpg.rf.c002b503e22dfd3d9e23d75bd26c2df4.txt,True
train,processed/train/images/IMG_5582_jpg.rf.2be2c2a96e4cbeea46a8937bb0ed14d4.jpg,processed/train/labels/IMG_5582_jpg.rf.2be2c2a96e4cbeea46a8937bb0ed14d4.txt,True
train,processed/train/images/IMG_5583_jpg.rf.0a8e65e9e5763c0bebc1c36eebeff4e4.jpg,processed/train/labels/IMG_5583_jpg.rf.0a8e65e9e5763c0bebc1c36eebeff4e4.txt,True
train,processed/train/images/IMG_5584_jpg.rf.75715ee5148fff5f75f600fed0977c35.jpg,processed/train/labels/IMG_5584_jpg.rf.75715ee5148fff5f75f600fed0977c35.txt,True
train,processed/train/images/IMG_5586_jpg.rf.774607521a883ec2c01f61b5a6094dc0.jpg,processed/train/labels/IMG_5586_jpg.rf.774607521a883ec2c01f61b5a6094dc0.txt,True
train,processed/train/images/IMG_5589_jpg.rf.ebe5b0567b4e086be3550812ad0326c7.jpg,processed/train/labels/IMG_5589_jpg.rf.ebe5b0567b4e086be3550812ad0326c7.txt,True
train,processed/train/images/IMG_5590_jpg.rf.3c4872eeeed7497d91869f88f9fd6975.jpg,processed/train/labels/IMG_5590_jpg.rf.3c4872eeeed7497d91869f88f9fd6975.txt,True
train,processed/train/images/IMG_5591_jpg.rf.58ac912fd6c2a724bee69d45e4642880.jpg,processed/train/labels/IMG_5591_jpg.rf.58ac912fd6c2a724bee69d45e4642880.txt,True
train,processed/train/images/IMG_5592_jpg.rf.3035a818c0270310ad9d3269fa4c5cc1.jpg,processed/train/labels/IMG_5592_jpg.rf.3035a818c0270310ad9d3269fa4c5cc1.txt,True
train,processed/train/images/IMG_5594_jpg.rf.05779c711584de3a0057e7aa2fee4035.jpg,processed/train/labels/IMG_5594_jpg.rf.05779c711584de3a0057e7aa2fee4035.txt,True
train,processed/train/images/IMG_5595_jpg.rf.4181b9761a0247280e49f7d3dca3111a.jpg,processed/train/labels/IMG_5595_jpg.rf.4181b9761a0247280e49f7d3dca3111a.txt,True
train,processed/train/images/IMG_5596_jpg.rf.d7d1fd14aa26e87b69845d622670fa8f.jpg,processed/train/labels/IMG_5596_jpg.rf.d7d1fd14aa26e87b69845d622670fa8f.txt,True
train,processed/train/images/IMG_5597_jpg.rf.96a938eeee9ef82dc9d73d90aaa3fbb4.jpg,processed/train/labels/IMG_5597_jpg.rf.96a938eeee9ef82dc9d73d90aaa3fbb4.txt,True
train,processed/train/images/IMG_5598_jpg.rf.df388fdee3ace388fa29913a57636a0e.jpg,processed/train/labels/IMG_5598_jpg.rf.df388fdee3ace388fa29913a57636a0e.txt,True
train,processed/train/images/IMG_5600_jpg.rf.cb1a4d5e00023729714d5a1529ba251a.jpg,processed/train/labels/IMG_5600_jpg.rf.cb1a4d5e00023729714d5a1529ba251a.txt,True
train,processed/train/images/IMG_5601_jpg.rf.61dd6344d0f3f8fcafe8694f40c623ab.jpg,processed/train/labels/IMG_5601_jpg.rf.61dd6344d0f3f8fcafe8694f40c623ab.txt,True
train,processed/train/images/IMG_5602_jpg.rf.7004cd80a05dc37efd9ef5c7185fabd8.jpg,processed/train/labels/IMG_5602_jpg.rf.7004cd80a05dc37efd9ef5c7185fabd8.txt,True
train,processed/train/images/IMG_5604_jpg.rf.35c5c524a488d8594d94f305055e51bc.jpg,processed/train/labels/IMG_5604_jpg.rf.35c5c524a488d8594d94f305055e51bc.txt,True
train,processed/train/images/IMG_5606_jpg.rf.cb673015a884fed950fb743e25040a6e.jpg,processed/train/labels/IMG_5606_jpg.rf.cb673015a884fed950fb743e25040a6e.txt,True
train,processed/train/images/IMG_5607_jpg.rf.09364ae36deb577e1fabb22f35851a57.jpg,processed/train/labels/IMG_5607_jpg.rf.09364ae36deb577e1fabb22f35851a57.txt,True
train,processed/train/images/IMG_5608_jpg.rf.e4a3fc5a7b1fbecc039c56b97d17a7c1.jpg,processed/train/labels/IMG_5608_jpg.rf.e4a3fc5a7b1fbecc039c56b97d17a7c1.txt,True
train,processed/train/images/IMG_5609_jpg.rf.2385b7fe89a8504d6830d79a69c0066a.jpg,processed/train/labels/IMG_5609_jpg.rf.2385b7fe89a8504d6830d79a69c0066a.txt,True
train,processed/train/images/IMG_5610_jpg.rf.00379bae3cedd026d240fbc2d9b7f7ff.jpg,processed/train/labels/IMG_5610_jpg.rf.00379bae3cedd026d240fbc2d9b7f7ff.txt,True
train,processed/train/images/IMG_5611_jpg.rf.8755c286aaff443a9ee599a9046f5a35.jpg,processed/train/labels/IMG_5611_jpg.rf.8755c286aaff443a9ee599a9046f5a35.txt,True
train,processed/train/images/IMG_5613_jpg.rf.334b7a79e2a7f711dcb3d7a89309abdf.jpg,processed/train/labels/IMG_5613_jpg.rf.334b7a79e2a7f711dcb3d7a89309abdf.txt,True
train,processed/train/images/IMG_5614_jpg.rf.6300990205a56f67c63ec6daa4840ea5.jpg,processed/train/labels/IMG_5614_jpg.rf.6300990205a56f67c63ec6daa4840ea5.txt,True
train,processed/train/images/IMG_5615_jpg.rf.726d448928edbc510806ebc6f6864cf8.jpg,processed/train/labels/IMG_5615_jpg.rf.726d448928edbc510806ebc6f6864cf8.txt,True
train,processed/train/images/IMG_5619_jpg.rf.acbd667cb9897a128e60881057bdabc7.jpg,processed/train/labels/IMG_5619_jpg.rf.acbd667cb9897a128e60881057bdabc7.txt,True
train,processed/train/images/IMG_5622_jpg.rf.58fea4d7262498d48199fb91522407fb.jpg,processed/train/labels/IMG_5622_jpg.rf.58fea4d7262498d48199fb91522407fb.txt,True
train,processed/train/images/IMG_5623_jpg.rf.1387d743c73016b881ae4503a06460fc.jpg,processed/train/labels/IMG_5623_jpg.rf.1387d743c73016b881ae4503a06460fc.txt,True
train,processed/train/images/IMG_5624_jpg.rf.682eea4e1a43fe508cb09e1a267395a3.jpg,processed/train/labels/IMG_5624_jpg.rf.682eea4e1a43fe508cb09e1a267395a3.txt,True
train,processed/train/images/IMG_5625_jpg.rf.ea330ab9f3c387d19549afd46059b2a8.jpg,processed/train/labels/IMG_5625_jpg.rf.ea330ab9f3c387d19549afd46059b2a8.txt,True
train,processed/train/images/IMG_5626_jpg.rf.a9c5ce352ac7ae7e6e406ff6c5cd6044.jpg,processed/train/labels/IMG_5626_jpg.rf.a9c5ce352ac7ae7e6e406ff6c5cd6044.txt,True
train,processed/train/images/IMG_5627_jpg.rf.8fcc70d1b69703408705c9ef896bd145.jpg,processed/train/labels/IMG_5627_jpg.rf.8fcc70d1b69703408705c9ef896bd145.txt,True
train,processed/train/images/IMG_5628_jpg.rf.39a4383caf30ad2c761cbdf785adb589.jpg,processed/train/labels/IMG_5628_jpg.rf.39a4383caf30ad2c761cbdf785adb589.txt,True
train,processed/train/images/IMG_5629_jpg.rf.b4e77bee91397fbae45647700cfcd054.jpg,processed/train/labels/IMG_5629_jpg.rf.b4e77bee91397fbae45647700cfcd054.txt,True
train,processed/train/images/IMG_5630_jpg.rf.8bf714abd00fc6c68870ed684c240fe0.jpg,processed/train/labels/IMG_5630_jpg.rf.8bf714abd00fc6c68870ed684c240fe0.txt,True
train,processed/train/images/IMG_5631_jpg.rf.1d8a1d2866396452cbeeea2e623ab914.jpg,processed/train/labels/IMG_5631_jpg.rf.1d8a1d2866396452cbeeea2e623ab914.txt,True
train,processed/train/images/IMG_5632_jpg.rf.369496f466042b230070785a903aabf0.jpg,processed/train/labels/IMG_5632_jpg.rf.369496f466042b230070785a903aabf0.txt,True
train,processed/train/images/IMG_5633_jpg.rf.f1c3bf3ef6e31daf1a2ab0e3800b1853.jpg,processed/train/labels/IMG_5633_jpg.rf.f1c3bf3ef6e31daf1a2ab0e3800b1853.txt,True
train,processed/train/images/IMG_5634_jpg.rf.45b771bead8cf5a677c6ed316c98f743.jpg,processed/train/labels/IMG_5634_jpg.rf.45b771bead8cf5a677c6ed316c98f743.txt,True
train,processed/train/images/IMG_5635_jpg.rf.2937598d1469e9ac76c9b02f6df18842.jpg,processed/train/labels/IMG_5635_jpg.rf.2937598d1469e9ac76c9b02f6df18842.txt,True
train,processed/train/images/IMG_5636_jpg.rf.7a3c7cc9ab150b194c4664a2d13104b4.jpg,processed/train/labels/IMG_5636_jpg.rf.7a3c7cc9ab150b194c4664a2d13104b4.txt,True
train,processed/train/images/IMG_5639_jpg.rf.c7d213264a44163805a8ba584cc41192.jpg,processed/train/labels/IMG_5639_jpg.rf.c7d213264a44163805a8ba584cc41192.txt,True
train,processed/train/images/IMG_5640_jpg.rf.8652c27a497f48042043a43ec7fb2944.jpg,processed/train/labels/IMG_5640_jpg.rf.8652c27a497f48042043a43ec7fb2944.txt,True
train,processed/train/images/IMG_5641_jpg.rf.6e87c43e4219b8e32acc40df1d4b3eac.jpg,processed/train/labels/IMG_5641_jpg.rf.6e87c43e4219b8e32acc40df1d4b3eac.txt,True
train,processed/train/images/IMG_5642_jpg.rf.5aa1293af5f39036b8e8bd1666859101.jpg,processed/train/labels/IMG_5642_jpg.rf.5aa1293af5f39036b8e8bd1666859101.txt,True
train,processed/train/images/IMG_5643_jpg.rf.f7b192f3ab5c8505abe20394daa36746.jpg,processed/train/labels/IMG_5643_jpg.rf.f7b192f3ab5c8505abe20394daa36746.txt,True
train,processed/train/images/IMG_5644_jpg.rf.c3fac3183cc467516c82a2b949e33e0b.jpg,processed/train/labels/IMG_5644_jpg.rf.c3fac3183cc467516c82a2b949e33e0b.txt,True
train,processed/train/images/IMG_5645_jpg.rf.b039e2a6e58b15313b622a33c9d0d248.jpg,processed/train/labels/IMG_5645_jpg.rf.b039e2a6e58b15313b622a33c9d0d248.txt,True
train,processed/train/images/IMG_5647_jpg.rf.b98261719346631ef161d64655e8b82e.jpg,processed/train/labels/IMG_5647_jpg.rf.b98261719346631ef161d64655e8b82e.txt,True
train,processed/train/images/IMG_5648_jpg.rf.0c84cd3ca6724f12fcef0a0fa25b0397.jpg,processed/train/labels/IMG_5648_jpg.rf.0c84cd3ca6724f12fcef0a0fa25b0397.txt,True
train,processed/train/images/IMG_5649_jpg.rf.3e59442f3d10061373a91cba0e0a8ed6.jpg,processed/train/labels/IMG_5649_jpg.rf.3e59442f3d10061373a91cba0e0a8ed6.txt,True
train,processed/train/images/IMG_5651_jpg.rf.c9de7463b02d99ceadbdbd86dfde2d8f.jpg,processed/train/labels/IMG_5651_jpg.rf.c9de7463b02d99ceadbdbd86dfde2d8f.txt,True
train,processed/train/images/IMG_5653_jpg.rf.d7ac24ef55a966bbc40e7a428053b2a6.jpg,processed/train/labels/IMG_5653_jpg.rf.d7ac24ef55a966bbc40e7a428053b2a6.txt,True
train,processed/train/images/IMG_5655_jpg.rf.f979bd48d63b6c73f0e438e465869957.jpg,processed/train/labels/IMG_5655_jpg.rf.f979bd48d63b6c73f0e438e465869957.txt,True
train,processed/train/images/IMG_5656_jpg.rf.d8dd45741a53bb6a10fa9b21d59fa95f.jpg,processed/train/labels/IMG_5656_jpg.rf.d8dd45741a53bb6a10fa9b21d59fa95f.txt,True
train,processed/train/images/IMG_5658_jpg.rf.7cf10caa58f15e6a9838e6e5661c5dd1.jpg,processed/train/labels/IMG_5658_jpg.rf.7cf10caa58f15e6a9838e6e5661c5dd1.txt,True
train,processed/train/images/IMG_5659_jpg.rf.497fd7bae66f63eff266ca9c93c86239.jpg,processed/train/labels/IMG_5659_jpg.rf.497fd7bae66f63eff266ca9c93c86239.txt,True
train,processed/train/images/IMG_5660_jpg.rf.f453804780b727f3dff556b488629b9c.jpg,processed/train/labels/IMG_5660_jpg.rf.f453804780b727f3dff556b488629b9c.txt,True
train,processed/train/images/IMG_5661_jpg.rf.2e85ae90773345be1103e495e0fa717f.jpg,processed/train/labels/IMG_5661_jpg.rf.2e85ae90773345be1103e495e0fa717f.txt,True
train,processed/train/images/IMG_5662_jpg.rf.eca2289900d2783006c080b607ce5108.jpg,processed/train/labels/IMG_5662_jpg.rf.eca2289900d2783006c080b607ce5108.txt,True
train,processed/train/images/IMG_5664_jpg.rf.61989ea5e9eeaec61bf002a31724ac09.jpg,processed/train/labels/IMG_5664_jpg.rf.61989ea5e9eeaec61bf002a31724ac09.txt,True
train,processed/train/images/IMG_5665_jpg.rf.6692ce0f1566ff04cf4d09e72d0e9c14.jpg,processed/train/labels/IMG_5665_jpg.rf.6692ce0f1566ff04cf4d09e72d0e9c14.txt,True
train,processed/train/images/IMG_5667_jpg.rf.4c657fc446d617d323933817b4d2acf7.jpg,processed/train/labels/IMG_5667_jpg.rf.4c657fc446d617d323933817b4d2acf7.txt,True
train,processed/train/images/IMG_5669_jpg.rf.44b4f27b25ef40b2430b9d686667090c.jpg,processed/train/labels/IMG_5669_jpg.rf.44b4f27b25ef40b2430b9d686667090c.txt,True
train,processed/train/images/IMG_5671_jpg.rf.cf894850211d23c86d514b518250d03c.jpg,processed/train/labels/IMG_5671_jpg.rf.cf894850211d23c86d514b518250d03c.txt,True
train,processed/train/images/IMG_5672_jpg.rf.60078096c1903a351264f27fee4c484e.jpg,processed/train/labels/IMG_5672_jpg.rf.60078096c1903a351264f27fee4c484e.txt,True
train,processed/train/images/IMG_5673_jpg.rf.ca957c033d2691f08710abb2e03be61b.jpg,processed/train/labels/IMG_5673_jpg.rf.ca957c033d2691f08710abb2e03be61b.txt,True
train,processed/train/images/IMG_5674_jpg.rf.be87945aaa579fd5d98aa373b18020d9.jpg,processed/train/labels/IMG_5674_jpg.rf.be87945aaa579fd5d98aa373b18020d9.txt,True
train,processed/train/images/IMG_5675_jpg.rf.00ed7dc311ed7aad99f849f0de4ebd03.jpg,processed/train/labels/IMG_5675_jpg.rf.00ed7dc311ed7aad99f849f0de4ebd03.txt,True
train,processed/train/images/IMG_5677_jpg.rf.4e9ca51112d6d38872fd3796d67cbd0e.jpg,processed/train/labels/IMG_5677_jpg.rf.4e9ca51112d6d38872fd3796d67cbd0e.txt,True
train,processed/train/images/IMG_5679_jpg.rf.8f9b252b247b18249a62629482de03c9.jpg,processed/train/labels/IMG_5679_jpg.rf.8f9b252b247b18249a62629482de03c9.txt,True
train,processed/train/images/IMG_5680_jpg.rf.8c629df555cc3730be0f8fcf6839556e.jpg,processed/train/labels/IMG_5680_jpg.rf.8c629df555cc3730be0f8fcf6839556e.txt,True
train,processed/train/images/IMG_5682_jpg.rf.8cfdcb733e6fbfd455f4b724697527a7.jpg,processed/train/labels/IMG_5682_jpg.rf.8cfdcb733e6fbfd455f4b724697527a7.txt,True
train,processed/train/images/IMG_5683_jpg.rf.dca84b9dc0d574d204008217049897d7.jpg,processed/train/labels/IMG_5683_jpg.rf.dca84b9dc0d574d204008217049897d7.txt,True
train,processed/train/images/IMG_5684_jpg.rf.83524925662f0cb663518b45975a1373.jpg,processed/train/labels/IMG_5684_jpg.rf.83524925662f0cb663518b45975a1373.txt,True
train,processed/train/images/IMG_5685_jpg.rf.7a3f2c4da9369ea3ec874f52ed507f81.jpg,processed/train/labels/IMG_5685_jpg.rf.7a3f2c4da9369ea3ec874f52ed507f81.txt,True
train,processed/train/images/IMG_5686_jpg.rf.f7d25485e48c4bef6528752232a3b9d0.jpg,processed/train/labels/IMG_5686_jpg.rf.f7d25485e48c4bef6528752232a3b9d0.txt,True
train,processed/train/images/IMG_5687_jpg.rf.2331c85d70fbadb9a5d7a857c0e4d2da.jpg,processed/train/labels/IMG_5687_jpg.rf.2331c85d70fbadb9a5d7a857c0e4d2da.txt,True
train,processed/train/images/IMG_5689_jpg.rf.122db6531d987ab7690a76111df119d8.jpg,processed/train/labels/IMG_5689_jpg.rf.122db6531d987ab7690a76111df119d8.txt,True
train,processed/train/images/IMG_5691_jpg.rf.27d9bbda853e2e7923e1092d5acc922f.jpg,processed/train/labels/IMG_5691_jpg.rf.27d9bbda853e2e7923e1092d5acc922f.txt,True
train,processed/train/images/IMG_5692_jpg.rf.5247084d951c13a50307c1282abbcb86.jpg,processed/train/labels/IMG_5692_jpg.rf.5247084d951c13a50307c1282abbcb86.txt,True
train,processed/train/images/IMG_5694_jpg.rf.5937349bf8a8c70088eb8fd3d164a9f0.jpg,processed/train/labels/IMG_5694_jpg.rf.5937349bf8a8c70088eb8fd3d164a9f0.txt,True
train,processed/train/images/IMG_5695_jpg.rf.1fab65e81eb803be6ff947bcb0487b48.jpg,processed/train/labels/IMG_5695_jpg.rf.1fab65e81eb803be6ff947bcb0487b48.txt,True
train,processed/train/images/IMG_5696_jpg.rf.c85c4ed344cc688c5a91b0b94f112503.jpg,processed/train/labels/IMG_5696_jpg.rf.c85c4ed344cc688c5a91b0b94f112503.txt,True
train,processed/train/images/IMG_5697_jpg.rf.c6a86f71dbd83ebe811b99746f9c0714.jpg,processed/train/labels/IMG_5697_jpg.rf.c6a86f71dbd83ebe811b99746f9c0714.txt,True
train,processed/train/images/IMG_5700_jpg.rf.1ca057af3fdd1ca25769fd46ce38ccf8.jpg,processed/train/labels/IMG_5700_jpg.rf.1ca057af3fdd1ca25769fd46ce38ccf8.txt,True
train,processed/train/images/IMG_5702_jpg.rf.6d8e1e731ca8ddb7fe68b1b0ef35a254.jpg,processed/train/labels/IMG_5702_jpg.rf.6d8e1e731ca8ddb7fe68b1b0ef35a254.txt,True
train,processed/train/images/IMG_5703_jpg.rf.9810d76254216ca55f2ae7f93957bda1.jpg,processed/train/labels/IMG_5703_jpg.rf.9810d76254216ca55f2ae7f93957bda1.txt,True
train,processed/train/images/IMG_5704_jpg.rf.e3343bede7a9a2953f6f1da52235b037.jpg,processed/train/labels/IMG_5704_jpg.rf.e3343bede7a9a2953f6f1da52235b037.txt,True
train,processed/train/images/IMG_5705_jpg.rf.14410fd7555bc132d9e12d2f86dfc438.jpg,processed/train/labels/IMG_5705_jpg.rf.14410fd7555bc132d9e12d2f86dfc438.txt,True
train,processed/train/images/IMG_5707_jpg.rf.51a1fcdb8cbf9b6c426b4115f992723c.jpg,processed/train/labels/IMG_5707_jpg.rf.51a1fcdb8cbf9b6c426b4115f992723c.txt,True
train,processed/train/images/IMG_5708_jpg.rf.bbf1d5271e0556d81fa1f27deb01b324.jpg,processed/train/labels/IMG_5708_jpg.rf.bbf1d5271e0556d81fa1f27deb01b324.txt,True
train,processed/train/images/IMG_5710_jpg.rf.1181fcccc891b8a9994f82bf2802bca2.jpg,processed/train/labels/IMG_5710_jpg.rf.1181fcccc891b8a9994f82bf2802bca2.txt,True
train,processed/train/images/IMG_5711_jpg.rf.607473d10575300b40ee93d39d2c1737.jpg,processed/train/labels/IMG_5711_jpg.rf.607473d10575300b40ee93d39d2c1737.txt,True
train,processed/train/images/IMG_5712_jpg.rf.4968b477cdbf02aa6db027fcb8cc62ac.jpg,processed/train/labels/IMG_5712_jpg.rf.4968b477cdbf02aa6db027fcb8cc62ac.txt,True
train,processed/train/images/IMG_5713_jpg.rf.ecbe1c3f00446a93986e0252d28a2d1e.jpg,processed/train/labels/IMG_5713_jpg.rf.ecbe1c3f00446a93986e0252d28a2d1e.txt,True
train,processed/train/images/IMG_5716_jpg.rf.9f09d13d74bc8d4ef98dcc13a245f681.jpg,processed/train/labels/IMG_5716_jpg.rf.9f09d13d74bc8d4ef98dcc13a245f681.txt,True
train,processed/train/images/IMG_5718_jpg.rf.00c71401248e2088d512bf2ca2bcabdd.jpg,processed/train/labels/IMG_5718_jpg.rf.00c71401248e2088d512bf2ca2bcabdd.txt,True
train,processed/train/images/IMG_5719_jpg.rf.fe3b0ebe0d9effd4a4d21ec93eca0982.jpg,processed/train/labels/IMG_5719_jpg.rf.fe3b0ebe0d9effd4a4d21ec93eca0982.txt,True
train,processed/train/images/IMG_5723_jpg.rf.0ebec556dd56ef0455539c8741de24c2.jpg,processed/train/labels/IMG_5723_jpg.rf.0ebec556dd56ef0455539c8741de24c2.txt,True
train,processed/train/images/IMG_5724_jpg.rf.0e0b1ba4eeccef324c3943fe52a7e586.jpg,processed/train/labels/IMG_5724_jpg.rf.0e0b1ba4eeccef324c3943fe52a7e586.txt,True
train,processed/train/images/IMG_5725_jpg.rf.3604a9c0a31e0969e10f8abe8713d372.jpg,processed/train/labels/IMG_5725_jpg.rf.3604a9c0a31e0969e10f8abe8713d372.txt,True
train,processed/train/images/IMG_5726_jpg.rf.91abcc80f36f1ed1fafff04d50551c87.jpg,processed/train/labels/IMG_5726_jpg.rf.91abcc80f36f1ed1fafff04d50551c87.txt,True
train,processed/train/images/IMG_5727_jpg.rf.ab8ec99415c3ba581569deab8fbdac48.jpg,processed/train/labels/IMG_5727_jpg.rf.ab8ec99415c3ba581569deab8fbdac48.txt,True
train,processed/train/images/IMG_5728_jpg.rf.a3e7fd4bd46a3d6f80318012c95fdd32.jpg,processed/train/labels/IMG_5728_jpg.rf.a3e7fd4bd46a3d6f80318012c95fdd32.txt,True
train,processed/train/images/IMG_5729_jpg.rf.1e6cce8ddb445f406962ff2922b7e2b3.jpg,processed/train/labels/IMG_5729_jpg.rf.1e6cce8ddb445f406962ff2922b7e2b3.txt,True
train,processed/train/images/IMG_5730_jpg.rf.cea4babcd047cecb710c4610936a2824.jpg,processed/train/labels/IMG_5730_jpg.rf.cea4babcd047cecb710c4610936a2824.txt,True
train,processed/train/images/IMG_5732_jpg.rf.9581fc193f39fad355c1c8f95c8231c8.jpg,processed/train/labels/IMG_5732_jpg.rf.9581fc193f39fad355c1c8f95c8231c8.txt,True
train,processed/train/images/IMG_5734_jpg.rf.dabfa612eb8e5a373602c8ee8f7c7e65.jpg,processed/train/labels/IMG_5734_jpg.rf.dabfa612eb8e5a373602c8ee8f7c7e65.txt,True
train,processed/train/images/IMG_5735_jpg.rf.2147637357aee205b7d63bcdc15c45a9.jpg,processed/train/labels/IMG_5735_jpg.rf.2147637357aee205b7d63bcdc15c45a9.txt,True
train,processed/train/images/IMG_5736_jpg.rf.dc4bc953ccc882d77c3906d28843a155.jpg,processed/train/labels/IMG_5736_jpg.rf.dc4bc953ccc882d77c3906d28843a155.txt,True
train,processed/train/images/IMG_5737_jpg.rf.419d79f06915ef47735a65a8f62e8e9d.jpg,processed/train/labels/IMG_5737_jpg.rf.419d79f06915ef47735a65a8f62e8e9d.txt,True
train,processed/train/images/IMG_5738_jpg.rf.9176a589519aa9cfa84a464b67964664.jpg,processed/train/labels/IMG_5738_jpg.rf.9176a589519aa9cfa84a464b67964664.txt,True
train,processed/train/images/IMG_5741_jpg.rf.f33a0fef5ab2422eb7e748c5da57a6f8.jpg,processed/train/labels/IMG_5741_jpg.rf.f33a0fef5ab2422eb7e748c5da57a6f8.txt,True
train,processed/train/images/IMG_5742_jpg.rf.2f711b174293a0ed301ecfd69eebf70a.jpg,processed/train/labels/IMG_5742_jpg.rf.2f711b174293a0ed301ecfd69eebf70a.txt,True
train,processed/train/images/IMG_5743_jpg.rf.93aaad5cd3cb7ea48db49bc0c319dcde.jpg,processed/train/labels/IMG_5743_jpg.rf.93aaad5cd3cb7ea48db49bc0c319dcde.txt,True
train,processed/train/images/IMG_5744_jpg.rf.04004bc65f133bcb042316f8c61f0f36.jpg,processed/train/labels/IMG_5744_jpg.rf.04004bc65f133bcb042316f8c61f0f36.txt,True
train,processed/train/images/IMG_5745_jpg.rf.15d9d46b462323c0556eaa4296190210.jpg,processed/train/labels/IMG_5745_jpg.rf.15d9d46b462323c0556eaa4296190210.txt,True
train,processed/train/images/IMG_5746_jpg.rf.53c8ab17654ebbbbba0ae171bc9c5523.jpg,processed/train/labels/IMG_5746_jpg.rf.53c8ab17654ebbbbba0ae171bc9c5523.txt,True
train,processed/train/images/IMG_5747_jpg.rf.31100c10ed2ce29e9aa21b15cc49515d.jpg,processed/train/labels/IMG_5747_jpg.rf.31100c10ed2ce29e9aa21b15cc49515d.txt,True
train,processed/train/images/IMG_5748_jpg.rf.6aca1d24f0d75b19685f21492116c59b.jpg,processed/train/labels/IMG_5748_jpg.rf.6aca1d24f0d75b19685f21492116c59b.txt,True
train,processed/train/images/IMG_5749_jpg.rf.51c21deebba5eb3f3f195ed06bc41d30.jpg,processed/train/labels/IMG_5749_jpg.rf.51c21deebba5eb3f3f195ed06bc41d30.txt,True
train,processed/train/images/IMG_5754_jpg.rf.12817324448a573b39dde12a075c5482.jpg,processed/train/labels/IMG_5754_jpg.rf.12817324448a573b39dde12a075c5482.txt,True
train,processed/train/images/IMG_5755_jpg.rf.fb1b7255b060cb59e8ebed716df7ca29.jpg,processed/train/labels/IMG_5755_jpg.rf.fb1b7255b060cb59e8ebed716df7ca29.txt,True
train,processed/train/images/IMG_5757_jpg.rf.f7066062341dee731ce091efdfe21fcd.jpg,processed/train/labels/IMG_5757_jpg.rf.f7066062341dee731ce091efdfe21fcd.txt,True
train,processed/train/images/IMG_5759_jpg.rf.a89f4e79d8d45a1dab4f7b21897413ac.jpg,processed/train/labels/IMG_5759_jpg.rf.a89f4e79d8d45a1dab4f7b21897413ac.txt,True
train,processed/train/images/IMG_5760_jpg.rf.c4109d3c79ae7cd0d8fcb10ca181b958.jpg,processed/train/labels/IMG_5760_jpg.rf.c4109d3c79ae7cd0d8fcb10ca181b958.txt,True
train,processed/train/images/IMG_5761_jpg.rf.8705ec975d19fb235345daf0cf58b5a4.jpg,processed/train/labels/IMG_5761_jpg.rf.8705ec975d19fb235345daf0cf58b5a4.txt,True
train,processed/train/images/IMG_5762_jpg.rf.140f8fa4bcba2249fc227b7c23ca1d56.jpg,processed/train/labels/IMG_5762_jpg.rf.140f8fa4bcba2249fc227b7c23ca1d56.txt,True
train,processed/train/images/IMG_5764_jpg.rf.60da555c0ec2cf66f244c265284f9b10.jpg,processed/train/labels/IMG_5764_jpg.rf.60da555c0ec2cf66f244c265284f9b10.txt,True
train,processed/train/images/IMG_5765_jpg.rf.072f9d6d6cd15d4ca8289b864869f460.jpg,processed/train/labels/IMG_5765_jpg.rf.072f9d6d6cd15d4ca8289b864869f460.txt,True
train,processed/train/images/IMG_5766_jpg.rf.766f552fce399aa793f19182f42634fe.jpg,processed/train/labels/IMG_5766_jpg.rf.766f552fce399aa793f19182f42634fe.txt,True
train,processed/train/images/IMG_5767_jpg.rf.c93f2d3baf2d2a0714d93203791b6f41.jpg,processed/train/labels/IMG_5767_jpg.rf.c93f2d3baf2d2a0714d93203791b6f41.txt,True
train,processed/train/images/IMG_5768_jpg.rf.bd041db4a0867f0efc4f5807fe9474ac.jpg,processed/train/labels/IMG_5768_jpg.rf.bd041db4a0867f0efc4f5807fe9474ac.txt,True
train,processed/train/images/IMG_5769_jpg.rf.f40c38e3800d3aa5fbf06a752631ea1a.jpg,processed/train/labels/IMG_5769_jpg.rf.f40c38e3800d3aa5fbf06a752631ea1a.txt,True
train,processed/train/images/IMG_5770_jpg.rf.3a0e05af62196c1e02233642e9e7f6fb.jpg,processed/train/labels/IMG_5770_jpg.rf.3a0e05af62196c1e02233642e9e7f6fb.txt,True
train,processed/train/images/IMG_5771_jpg.rf.da977d749f806c6debd58ff571497b68.jpg,processed/train/labels/IMG_5771_jpg.rf.da977d749f806c6debd58ff571497b68.txt,True
train,processed/train/images/IMG_5772_jpg.rf.907fb819d0881c55e1a6a2e4d6792875.jpg,processed/train/labels/IMG_5772_jpg.rf.907fb819d0881c55e1a6a2e4d6792875.txt,True
train,processed/train/images/IMG_5773_jpg.rf.6923b753ea057701aa46a1da6b704139.jpg,processed/train/labels/IMG_5773_jpg.rf.6923b753ea057701aa46a1da6b704139.txt,True
train,processed/train/images/IMG_5775_jpg.rf.24878f57efcd5ffec4211cc09ab3d2e5.jpg,processed/train/labels/IMG_5775_jpg.rf.24878f57efcd5ffec4211cc09ab3d2e5.txt,True
train,processed/train/images/IMG_5776_jpg.rf.374da1d24113f6e95680708ea72ffac4.jpg,processed/train/labels/IMG_5776_jpg.rf.374da1d24113f6e95680708ea72ffac4.txt,True
train,processed/train/images/IMG_5777_jpg.rf.dd20ea6175a677ff1217d8d25e908a14.jpg,processed/train/labels/IMG_5777_jpg.rf.dd20ea6175a677ff1217d8d25e908a14.txt,True
train,processed/train/images/IMG_5778_jpg.rf.c5d1e9197565375e0d756ba0e0f9ee63.jpg,processed/train/labels/IMG_5778_jpg.rf.c5d1e9197565375e0d756ba0e0f9ee63.txt,True
train,processed/train/images/IMG_5779_jpg.rf.7f89afd9b028142e1077b2cdff692713.jpg,processed/train/labels/IMG_5779_jpg.rf.7f89afd9b028142e1077b2cdff692713.txt,True
train,processed/train/images/IMG_5780_jpg.rf.1bdd788d3634e5f45dffe0173c48f9bc.jpg,processed/train/labels/IMG_5780_jpg.rf.1bdd788d3634e5f45dffe0173c48f9bc.txt,True
train,processed/train/images/IMG_5781_jpg.rf.8d3dbe04fcc4d47248307333f4309865.jpg,processed/train/labels/IMG_5781_jpg.rf.8d3dbe04fcc4d47248307333f4309865.txt,True
train,processed/train/images/IMG_5782_jpg.rf.1ce11af13a8efc43ddfcbea74e607f1a.jpg,processed/train/labels/IMG_5782_jpg.rf.1ce11af13a8efc43ddfcbea74e607f1a.txt,True
train,processed/train/images/IMG_5783_jpg.rf.093067d335bbf7757481f09376b0df61.jpg,processed/train/labels/IMG_5783_jpg.rf.093067d335bbf7757481f09376b0df61.txt,True
train,processed/train/images/IMG_5784_jpg.rf.b1cb0d93e9fbf1cd268e92a9ce6b79e4.jpg,processed/train/labels/IMG_5784_jpg.rf.b1cb0d93e9fbf1cd268e92a9ce6b79e4.txt,True
train,processed/train/images/IMG_5786_jpg.rf.297f6a7c143d1efa0af0067c64700758.jpg,processed/train/labels/IMG_5786_jpg.rf.297f6a7c143d1efa0af0067c64700758.txt,True
train,processed/train/images/IMG_5787_jpg.rf.277a52f5ff82f5163d44d2ea2e8b146e.jpg,processed/train/labels/IMG_5787_jpg.rf.277a52f5ff82f5163d44d2ea2e8b146e.txt,True
train,processed/train/images/IMG_5788_jpg.rf.187e1971c0c6203bfed78293ffb49eb2.jpg,processed/train/labels/IMG_5788_jpg.rf.187e1971c0c6203bfed78293ffb49eb2.txt,True
train,processed/train/images/IMG_5789_jpg.rf.9306056152b48c05a372e0aa270ce79e.jpg,processed/train/labels/IMG_5789_jpg.rf.9306056152b48c05a372e0aa270ce79e.txt,True
train,processed/train/images/IMG_5790_jpg.rf.f5a6ad29621a4951c42dde5ce569689a.jpg,processed/train/labels/IMG_5790_jpg.rf.f5a6ad29621a4951c42dde5ce569689a.txt,True
train,processed/train/images/IMG_5794_jpg.rf.abdd05a16f9cb5da7fb634366b06efd0.jpg,processed/train/labels/IMG_5794_jpg.rf.abdd05a16f9cb5da7fb634366b06efd0.txt,True
train,processed/train/images/IMG_5795_jpg.rf.6a79452b0e3a5145c919db5be9958266.jpg,processed/train/labels/IMG_5795_jpg.rf.6a79452b0e3a5145c919db5be9958266.txt,True
train,processed/train/images/IMG_5797_jpg.rf.0b11f7251c1d47368ea5254334985a9f.jpg,processed/train/labels/IMG_5797_jpg.rf.0b11f7251c1d47368ea5254334985a9f.txt,True
train,processed/train/images/IMG_5798_jpg.rf.1cb9f7f01cb99df7ab7797cbe4dda212.jpg,processed/train/labels/IMG_5798_jpg.rf.1cb9f7f01cb99df7ab7797cbe4dda212.txt,True
train,processed/train/images/IMG_5800_jpg.rf.dd7e8175b89f239bf6fc95a5c380d085.jpg,processed/train/labels/IMG_5800_jpg.rf.dd7e8175b89f239bf6fc95a5c380d085.txt,True
train,processed/train/images/IMG_5802_jpg.rf.a6869c95adc2a976c6f1fd59da81722f.jpg,processed/train/labels/IMG_5802_jpg.rf.a6869c95adc2a976c6f1fd59da81722f.txt,True
train,processed/train/images/IMG_5803_jpg.rf.ac17caec31b01e462a974ec2453a66c1.jpg,processed/train/labels/IMG_5803_jpg.rf.ac17caec31b01e462a974ec2453a66c1.txt,True
train,processed/train/images/IMG_5804_jpg.rf.775e2035bc72a4482254380d642eba8d.jpg,processed/train/labels/IMG_5804_jpg.rf.775e2035bc72a4482254380d642eba8d.txt,True
train,processed/train/images/IMG_5805_jpg.rf.3b229ccebe345756b9efe86bdef898b3.jpg,processed/train/labels/IMG_5805_jpg.rf.3b229ccebe345756b9efe86bdef898b3.txt,True
train,processed/train/images/IMG_5806_jpg.rf.f3ea0806af180791333ddb260eed1748.jpg,processed/train/labels/IMG_5806_jpg.rf.f3ea0806af180791333ddb260eed1748.txt,True
train,processed/train/images/IMG_5809_jpg.rf.7c3a47ed6736d5253452b42f81648409.jpg,processed/train/labels/IMG_5809_jpg.rf.7c3a47ed6736d5253452b42f81648409.txt,True
train,processed/train/images/IMG_5810_jpg.rf.a1e2e3f778598cab2be013f5b4e51622.jpg,processed/train/labels/IMG_5810_jpg.rf.a1e2e3f778598cab2be013f5b4e51622.txt,True
train,processed/train/images/IMG_5811_jpg.rf.ff1f2ca2ecf8a8b6744f7c30113ebfb6.jpg,processed/train/labels/IMG_5811_jpg.rf.ff1f2ca2ecf8a8b6744f7c30113ebfb6.txt,True
train,processed/train/images/IMG_5812_jpg.rf.61df4ad70346affb006c17fe74f02da2.jpg,processed/train/labels/IMG_5812_jpg.rf.61df4ad70346affb006c17fe74f02da2.txt,True
train,processed/train/images/IMG_5813_jpg.rf.ed3901a3637dbceef9cd50d0d58a1fa8.jpg,processed/train/labels/IMG_5813_jpg.rf.ed3901a3637dbceef9cd50d0d58a1fa8.txt,True
train,processed/train/images/IMG_5814_jpg.rf.13f7c1cf7f252c351a6c0c986c529b89.jpg,processed/train/labels/IMG_5814_jpg.rf.13f7c1cf7f252c351a6c0c986c529b89.txt,True
train,processed/train/images/IMG_5815_jpg.rf.ebefaf39c646b2f534f6bc9bf8098cb3.jpg,processed/train/labels/IMG_5815_jpg.rf.ebefaf39c646b2f534f6bc9bf8098cb3.txt,True
train,processed/train/images/IMG_5817_jpg.rf.566ab3236f28ebad1961649526973d15.jpg,processed/train/labels/IMG_5817_jpg.rf.566ab3236f28ebad1961649526973d15.txt,True
train,processed/train/images/IMG_5820_jpg.rf.bad294a05539b1390b294b533e7c9544.jpg,processed/train/labels/IMG_5820_jpg.rf.bad294a05539b1390b294b533e7c9544.txt,True
train,processed/train/images/IMG_5821_jpg.rf.5f4aaf445dfbfc590392c3fbf3577ad2.jpg,processed/train/labels/IMG_5821_jpg.rf.5f4aaf445dfbfc590392c3fbf3577ad2.txt,True
train,processed/train/images/IMG_5822_jpg.rf.649c5445d1f682627b1659e50b4063dc.jpg,processed/train/labels/IMG_5822_jpg.rf.649c5445d1f682627b1659e50b4063dc.txt,True
train,processed/train/images/IMG_5823_jpg.rf.8aa5774739e56a700f127e0771abc2d9.jpg,processed/train/labels/IMG_5823_jpg.rf.8aa5774739e56a700f127e0771abc2d9.txt,True
train,processed/train/images/IMG_5824_jpg.rf.ada75c27a94fbadea09d49d4cfc4c141.jpg,processed/train/labels/IMG_5824_jpg.rf.ada75c27a94fbadea09d49d4cfc4c141.txt,True
train,processed/train/images/IMG_5825_jpg.rf.3d77b40c82b3ed478bea051409d61f90.jpg,processed/train/labels/IMG_5825_jpg.rf.3d77b40c82b3ed478bea051409d61f90.txt,True
train,processed/train/images/IMG_5826_jpg.rf.b64b7fc4a73e0fbb7431e1feaee18f1a.jpg,processed/train/labels/IMG_5826_jpg.rf.b64b7fc4a73e0fbb7431e1feaee18f1a.txt,True
train,processed/train/images/IMG_5827_jpg.rf.bee2c6ffd60b772cb9c624bc96609bcf.jpg,processed/train/labels/IMG_5827_jpg.rf.bee2c6ffd60b772cb9c624bc96609bcf.txt,True
train,processed/train/images/IMG_5828_jpg.rf.c6ad46d40cd7f0a9390201e370a3cdfb.jpg,processed/train/labels/IMG_5828_jpg.rf.c6ad46d40cd7f0a9390201e370a3cdfb.txt,True
train,processed/train/images/IMG_5829_jpg.rf.b85ac51c7f0b6d1b935d307c783b980a.jpg,processed/train/labels/IMG_5829_jpg.rf.b85ac51c7f0b6d1b935d307c783b980a.txt,True
train,processed/train/images/IMG_5830_jpg.rf.82ecc904daf17f12668d910aecd5d3e2.jpg,processed/train/labels/IMG_5830_jpg.rf.82ecc904daf17f12668d910aecd5d3e2.txt,True
train,processed/train/images/IMG_5831_jpg.rf.e7a13aa4f6596ba0d39e87b8ef2646fa.jpg,processed/train/labels/IMG_5831_jpg.rf.e7a13aa4f6596ba0d39e87b8ef2646fa.txt,True
train,processed/train/images/IMG_5832_jpg.rf.0b5754d4ac1b65cc0dcc2eeb7050fffd.jpg,processed/train/labels/IMG_5832_jpg.rf.0b5754d4ac1b65cc0dcc2eeb7050fffd.txt,True
train,processed/train/images/IMG_5835_jpg.rf.393ec75d19ab8998ccd08e161ebafaac.jpg,processed/train/labels/IMG_5835_jpg.rf.393ec75d19ab8998ccd08e161ebafaac.txt,True
train,processed/train/images/IMG_5836_jpg.rf.993c88db0a0753bdeeb5e38448b1b633.jpg,processed/train/labels/IMG_5836_jpg.rf.993c88db0a0753bdeeb5e38448b1b633.txt,True
train,processed/train/images/IMG_5837_jpg.rf.9ee47e15cab33c15c37df721b3a8a09a.jpg,processed/train/labels/IMG_5837_jpg.rf.9ee47e15cab33c15c37df721b3a8a09a.txt,True
train,processed/train/images/IMG_5838_jpg.rf.99a3a30acd7f951f6ac8b86b44b9046e.jpg,processed/train/labels/IMG_5838_jpg.rf.99a3a30acd7f951f6ac8b86b44b9046e.txt,True
train,processed/train/images/IMG_5843_jpg.rf.773e260d34e444704aae15805a3dd069.jpg,processed/train/labels/IMG_5843_jpg.rf.773e260d34e444704aae15805a3dd069.txt,True
train,processed/train/images/IMG_5844_jpg.rf.fc6f68b06b29653265d4e397acb29986.jpg,processed/train/labels/IMG_5844_jpg.rf.fc6f68b06b29653265d4e397acb29986.txt,True
train,processed/train/images/IMG_5845_jpg.rf.298a9ccaaa887dd68af3b6690dc95895.jpg,processed/train/labels/IMG_5845_jpg.rf.298a9ccaaa887dd68af3b6690dc95895.txt,True
train,processed/train/images/IMG_5846_jpg.rf.3ebde8f852cb746ac20faaa7d6a725a5.jpg,processed/train/labels/IMG_5846_jpg.rf.3ebde8f852cb746ac20faaa7d6a725a5.txt,True
train,processed/train/images/IMG_5847_jpg.rf.71315292d0769e424c889d5675f4f61c.jpg,processed/train/labels/IMG_5847_jpg.rf.71315292d0769e424c889d5675f4f61c.txt,True
train,processed/train/images/IMG_5848_jpg.rf.76c57bcf3103880bf5d0acd57842698b.jpg,processed/train/labels/IMG_5848_jpg.rf.76c57bcf3103880bf5d0acd57842698b.txt,True
train,processed/train/images/IMG_5849_jpg.rf.082de451e1d879d4d60849c640dd6a7f.jpg,processed/train/labels/IMG_5849_jpg.rf.082de451e1d879d4d60849c640dd6a7f.txt,True
train,processed/train/images/IMG_5851_jpg.rf.99522b47a25321fab05b39f8f676039f.jpg,processed/train/labels/IMG_5851_jpg.rf.99522b47a25321fab05b39f8f676039f.txt,True
train,processed/train/images/IMG_5853_jpg.rf.622da193cdaa20852322406ed0151a60.jpg,processed/train/labels/IMG_5853_jpg.rf.622da193cdaa20852322406ed0151a60.txt,True
train,processed/train/images/IMG_5854_jpg.rf.c29074d432bc36faf969beb1edfa8b2c.jpg,processed/train/labels/IMG_5854_jpg.rf.c29074d432bc36faf969beb1edfa8b2c.txt,True
train,processed/train/images/IMG_5856_jpg.rf.8e78d26a1215adb538483ecce5d5bc2c.jpg,processed/train/labels/IMG_5856_jpg.rf.8e78d26a1215adb538483ecce5d5bc2c.txt,True
train,processed/train/images/IMG_5858_jpg.rf.c385eaebe1f4838849699c1d766f728f.jpg,processed/train/labels/IMG_5858_jpg.rf.c385eaebe1f4838849699c1d766f728f.txt,True
train,processed/train/images/IMG_5859_jpg.rf.5f7554dee94e6158535a949a6339e2de.jpg,processed/train/labels/IMG_5859_jpg.rf.5f7554dee94e6158535a949a6339e2de.txt,True
train,processed/train/images/IMG_5860_jpg.rf.42531e9d7fa243544183b12b81556b4c.jpg,processed/train/labels/IMG_5860_jpg.rf.42531e9d7fa243544183b12b81556b4c.txt,True
train,processed/train/images/IMG_5861_jpg.rf.5839a6a5d24c62b725d6a1d2234ddbd7.jpg,processed/train/labels/IMG_5861_jpg.rf.5839a6a5d24c62b725d6a1d2234ddbd7.txt,True
train,processed/train/images/IMG_5862_jpg.rf.1e4fc07739d9707b49a8337d6eb5a76f.jpg,processed/train/labels/IMG_5862_jpg.rf.1e4fc07739d9707b49a8337d6eb5a76f.txt,True
train,processed/train/images/IMG_5863_jpg.rf.a1ae20c535ba86d5dbca3ee21b39ee94.jpg,processed/train/labels/IMG_5863_jpg.rf.a1ae20c535ba86d5dbca3ee21b39ee94.txt,True
train,processed/train/images/IMG_5866_jpg.rf.4443660adab4ef0fada84c0251761134.jpg,processed/train/labels/IMG_5866_jpg.rf.4443660adab4ef0fada84c0251761134.txt,True
train,processed/train/images/IMG_5867_jpg.rf.8440832fef334f6223cdf67b5a3de102.jpg,processed/train/labels/IMG_5867_jpg.rf.8440832fef334f6223cdf67b5a3de102.txt,True
train,processed/train/images/IMG_5869_jpg.rf.2656a66717e4a86a2a050d41524eb54b.jpg,processed/train/labels/IMG_5869_jpg.rf.2656a66717e4a86a2a050d41524eb54b.txt,True
train,processed/train/images/IMG_5870_jpg.rf.5b6a88bd4bf77dedf78a6401715d3f2c.jpg,processed/train/labels/IMG_5870_jpg.rf.5b6a88bd4bf77dedf78a6401715d3f2c.txt,True
train,processed/train/images/IMG_5871_jpg.rf.1b391599a174a2d70f149785df5cf296.jpg,processed/train/labels/IMG_5871_jpg.rf.1b391599a174a2d70f149785df5cf296.txt,True
train,processed/train/images/IMG_5873_jpg.rf.7d9ff8f94d6f6eae3d204f1744382f9b.jpg,processed/train/labels/IMG_5873_jpg.rf.7d9ff8f94d6f6eae3d204f1744382f9b.txt,True
train,processed/train/images/IMG_5874_jpg.rf.15f24cc9e84febaacdaa047dc897c1ea.jpg,processed/train/labels/IMG_5874_jpg.rf.15f24cc9e84febaacdaa047dc897c1ea.txt,True
train,processed/train/images/IMG_5875_jpg.rf.85f98df3b1a1279c6a37b6f2ba59d45a.jpg,processed/train/labels/IMG_5875_jpg.rf.85f98df3b1a1279c6a37b6f2ba59d45a.txt,True
train,processed/train/images/IMG_5876_jpg.rf.f50a12f8f9e748bf08b23af9d3b38d6a.jpg,processed/train/labels/IMG_5876_jpg.rf.f50a12f8f9e748bf08b23af9d3b38d6a.txt,True
train,processed/train/images/IMG_5877_jpg.rf.eb269d5e530f4d12136fea75c3a00bce.jpg,processed/train/labels/IMG_5877_jpg.rf.eb269d5e530f4d12136fea75c3a00bce.txt,True
train,processed/train/images/IMG_5878_jpg.rf.468e5567471030e8fb9175aa108c7482.jpg,processed/train/labels/IMG_5878_jpg.rf.468e5567471030e8fb9175aa108c7482.txt,True
train,processed/train/images/IMG_5880_jpg.rf.19658b73103cfaf4fba24310e76835b2.jpg,processed/train/labels/IMG_5880_jpg.rf.19658b73103cfaf4fba24310e76835b2.txt,True
train,processed/train/images/IMG_5881_jpg.rf.858f53dbc1dfb44870c7a966bc80f268.jpg,processed/train/labels/IMG_5881_jpg.rf.858f53dbc1dfb44870c7a966bc80f268.txt,True
train,processed/train/images/IMG_5883_jpg.rf.07a1e0beefd0e2eac006847af61bfdbe.jpg,processed/train/labels/IMG_5883_jpg.rf.07a1e0beefd0e2eac006847af61bfdbe.txt,True
train,processed/train/images/IMG_5884_jpg.rf.99cdf7bd65363ac2db5f807756e6a5fc.jpg,processed/train/labels/IMG_5884_jpg.rf.99cdf7bd65363ac2db5f807756e6a5fc.txt,True
train,processed/train/images/IMG_5885_jpg.rf.7b3da904f53f8af5591318fc7d945a45.jpg,processed/train/labels/IMG_5885_jpg.rf.7b3da904f53f8af5591318fc7d945a45.txt,True
train,processed/train/images/IMG_5886_jpg.rf.ceacb60ea9cdb8387c392ad1a1f12cea.jpg,processed/train/labels/IMG_5886_jpg.rf.ceacb60ea9cdb8387c392ad1a1f12cea.txt,True
train,processed/train/images/IMG_5887_jpg.rf.dcd9ac4204fc9d0f797f76d8bf3c6129.jpg,processed/train/labels/IMG_5887_jpg.rf.dcd9ac4204fc9d0f797f76d8bf3c6129.txt,True
train,processed/train/images/IMG_5888_jpg.rf.72d20ff8dfd0957e1a2da628c82efe49.jpg,processed/train/labels/IMG_5888_jpg.rf.72d20ff8dfd0957e1a2da628c82efe49.txt,True
train,processed/train/images/IMG_5889_jpg.rf.7f555e1e9b85427b38fcac36d29779de.jpg,processed/train/labels/IMG_5889_jpg.rf.7f555e1e9b85427b38fcac36d29779de.txt,True
train,processed/train/images/IMG_5890_jpg.rf.6ba17a701f69f96536f3e64a4bd63551.jpg,processed/train/labels/IMG_5890_jpg.rf.6ba17a701f69f96536f3e64a4bd63551.txt,True
train,processed/train/images/IMG_5891_jpg.rf.cd94dcbadbff7506c949fba110df4a9a.jpg,processed/train/labels/IMG_5891_jpg.rf.cd94dcbadbff7506c949fba110df4a9a.txt,True
train,processed/train/images/IMG_5892_jpg.rf.0c8a5cb988024e34dc0a0d9981ed8789.jpg,processed/train/labels/IMG_5892_jpg.rf.0c8a5cb988024e34dc0a0d9981ed8789.txt,True
train,processed/train/images/IMG_5895_jpg.rf.f0bd3af317c3a0b8fe5e8f431c466619.jpg,processed/train/labels/IMG_5895_jpg.rf.f0bd3af317c3a0b8fe5e8f431c466619.txt,True
train,processed/train/images/IMG_5896_jpg.rf.87d5b34d925fb5aa616f869cebb177c1.jpg,processed/train/labels/IMG_5896_jpg.rf.87d5b34d925fb5aa616f869cebb177c1.txt,True
train,processed/train/images/IMG_5897_jpg.rf.246e9261287a865a02a42957963fdbcd.jpg,processed/train/labels/IMG_5897_jpg.rf.246e9261287a865a02a42957963fdbcd.txt,True
train,processed/train/images/IMG_5898_jpg.rf.efb43e64df043453b20b837d6874d255.jpg,processed/train/labels/IMG_5898_jpg.rf.efb43e64df043453b20b837d6874d255.txt,True
train,processed/train/images/IMG_5900_jpg.rf.27d1b87b2bd6ed56e3e8a684a9153741.jpg,processed/train/labels/IMG_5900_jpg.rf.27d1b87b2bd6ed56e3e8a684a9153741.txt,True
train,processed/train/images/IMG_5901_jpg.rf.f43e07fc9d5813d1ad45fcd0bb20689b.jpg,processed/train/labels/IMG_5901_jpg.rf.f43e07fc9d5813d1ad45fcd0bb20689b.txt,True
train,processed/train/images/IMG_5902_jpg.rf.37957239f22d9a7c409c18766d771bd2.jpg,processed/train/labels/IMG_5902_jpg.rf.37957239f22d9a7c409c18766d771bd2.txt,True
train,processed/train/images/IMG_5905_jpg.rf.93ab3aded0b269c2c365fdf808e29183.jpg,processed/train/labels/IMG_5905_jpg.rf.93ab3aded0b269c2c365fdf808e29183.txt,True
train,processed/train/images/IMG_5907_jpg.rf.9686502102a620c757ef38f2efc7a792.jpg,processed/train/labels/IMG_5907_jpg.rf.9686502102a620c757ef38f2efc7a792.txt,True
train,processed/train/images/IMG_5908_jpg.rf.a40d768cb14b6fcd61fd33597f2c9629.jpg,processed/train/labels/IMG_5908_jpg.rf.a40d768cb14b6fcd61fd33597f2c9629.txt,True
train,processed/train/images/IMG_5909_jpg.rf.c762fddfe8e52e6040d276b01163c069.jpg,processed/train/labels/IMG_5909_jpg.rf.c762fddfe8e52e6040d276b01163c069.txt,True
train,processed/train/images/IMG_5910_jpg.rf.d2844346dd15607990c4fe04b7c00a13.jpg,processed/train/labels/IMG_5910_jpg.rf.d2844346dd15607990c4fe04b7c00a13.txt,True
train,processed/train/images/IMG_5912_jpg.rf.00acbeec77cf4f4a1fad33ea4fcc0883.jpg,processed/train/labels/IMG_5912_jpg.rf.00acbeec77cf4f4a1fad33ea4fcc0883.txt,True
train,processed/train/images/IMG_5916_jpg.rf.292376ff39598f1b134102d338593600.jpg,processed/train/labels/IMG_5916_jpg.rf.292376ff39598f1b134102d338593600.txt,True
train,processed/train/images/IMG_5918_jpg.rf.f11ab3d6438a8d8326332489593b4b60.jpg,processed/train/labels/IMG_5918_jpg.rf.f11ab3d6438a8d8326332489593b4b60.txt,True
train,processed/train/images/IMG_5919_jpg.rf.24c467fe7a0949e4694beb497221345c.jpg,processed/train/labels/IMG_5919_jpg.rf.24c467fe7a0949e4694beb497221345c.txt,True
train,processed/train/images/IMG_5920_jpg.rf.7adeec902998c5fe41bf55dca29305c0.jpg,processed/train/labels/IMG_5920_jpg.rf.7adeec902998c5fe41bf55dca29305c0.txt,True
train,processed/train/images/IMG_5923_jpg.rf.4ccc17302a57ac9f113b7d336635f41d.jpg,processed/train/labels/IMG_5923_jpg.rf.4ccc17302a57ac9f113b7d336635f41d.txt,True
train,processed/train/images/IMG_5924_jpg.rf.f0de012c68d1ac2b79370225f750e024.jpg,processed/train/labels/IMG_5924_jpg.rf.f0de012c68d1ac2b79370225f750e024.txt,True
train,processed/train/images/IMG_5925_jpg.rf.572bc9cc38951ed8d28ff0d203ecfe85.jpg,processed/train/labels/IMG_5925_jpg.rf.572bc9cc38951ed8d28ff0d203ecfe85.txt,True
train,processed/train/images/IMG_5926_jpg.rf.8fdaac2784aca0ec83bd0af86dd409c7.jpg,processed/train/labels/IMG_5926_jpg.rf.8fdaac2784aca0ec83bd0af86dd409c7.txt,True
train,processed/train/images/IMG_5927_jpg.rf.49f30f5b50f4d6b0c8a2bfb112b3cbc0.jpg,processed/train/labels/IMG_5927_jpg.rf.49f30f5b50f4d6b0c8a2bfb112b3cbc0.txt,True
train,processed/train/images/IMG_5928_jpg.rf.d8a0b123a90bb1fc64076c692b2e0310.jpg,processed/train/labels/IMG_5928_jpg.rf.d8a0b123a90bb1fc64076c692b2e0310.txt,True
train,processed/train/images/IMG_5929_jpg.rf.784893f932f7eb28f9c91a496f5c85aa.jpg,processed/train/labels/IMG_5929_jpg.rf.784893f932f7eb28f9c91a496f5c85aa.txt,True
train,processed/train/images/IMG_5930_jpg.rf.3179a0d9e073a55ef54001a30272192a.jpg,processed/train/labels/IMG_5930_jpg.rf.3179a0d9e073a55ef54001a30272192a.txt,True
train,processed/train/images/IMG_5932_jpg.rf.eb753015efda51d78a50103771a365d9.jpg,processed/train/labels/IMG_5932_jpg.rf.eb753015efda51d78a50103771a365d9.txt,True
train,processed/train/images/IMG_5934_jpg.rf.37d0e5ba5f63e632005d46312cb3ec68.jpg,processed/train/labels/IMG_5934_jpg.rf.37d0e5ba5f63e632005d46312cb3ec68.txt,True
train,processed/train/images/IMG_5935_jpg.rf.fc356d266fdf8df9c44029958b10f8c2.jpg,processed/train/labels/IMG_5935_jpg.rf.fc356d266fdf8df9c44029958b10f8c2.txt,True
train,processed/train/images/IMG_5936_jpg.rf.d192340d785dd8997d6cbd9ef032a10d.jpg,processed/train/labels/IMG_5936_jpg.rf.d192340d785dd8997d6cbd9ef032a10d.txt,True
train,processed/train/images/IMG_5937_jpg.rf.87c57cc2119e7238af5191ebb48abd12.jpg,processed/train/labels/IMG_5937_jpg.rf.87c57cc2119e7238af5191ebb48abd12.txt,True
train,processed/train/images/IMG_5939_jpg.rf.12237d399c2d3b98a89246268c028daf.jpg,processed/train/labels/IMG_5939_jpg.rf.12237d399c2d3b98a89246268c028daf.txt,True
train,processed/train/images/IMG_5940_jpg.rf.866ba19a41fa867e368d648cd099a85f.jpg,processed/train/labels/IMG_5940_jpg.rf.866ba19a41fa867e368d648cd099a85f.txt,True
train,processed/train/images/IMG_5941_jpg.rf.90ef20f4d1ed75341e43d54dc1bfc11e.jpg,processed/train/labels/IMG_5941_jpg.rf.90ef20f4d1ed75341e43d54dc1bfc11e.txt,True
train,processed/train/images/IMG_5942_jpg.rf.bf61ff250730ab11a084f891ff87f230.jpg,processed/train/labels/IMG_5942_jpg.rf.bf61ff250730ab11a084f891ff87f230.txt,True
train,processed/train/images/IMG_5944_jpg.rf.94558dd8e0370d9585ee7ab2cad7a428.jpg,processed/train/labels/IMG_5944_jpg.rf.94558dd8e0370d9585ee7ab2cad7a428.txt,True
train,processed/train/images/IMG_5945_jpg.rf.6369383dd7dedc72424bea921e9a318e.jpg,processed/train/labels/IMG_5945_jpg.rf.6369383dd7dedc72424bea921e9a318e.txt,True
train,processed/train/images/IMG_5946_jpg.rf.8ee24623d8ad83bea80cc413272573ff.jpg,processed/train/labels/IMG_5946_jpg.rf.8ee24623d8ad83bea80cc413272573ff.txt,True
train,processed/train/images/IMG_5947_jpg.rf.6aa985de22813c3f1585fa3eb828b66a.jpg,processed/train/labels/IMG_5947_jpg.rf.6aa985de22813c3f1585fa3eb828b66a.txt,True
train,processed/train/images/IMG_5949_jpg.rf.af00d601cdf5d806be9946ec63ac1832.jpg,processed/train/labels/IMG_5949_jpg.rf.af00d601cdf5d806be9946ec63ac1832.txt,True
train,processed/train/images/IMG_5950_jpg.rf.b7873e30bf8682a91161c605b92857e6.jpg,processed/train/labels/IMG_5950_jpg.rf.b7873e30bf8682a91161c605b92857e6.txt,True
train,processed/train/images/IMG_5952_jpg.rf.62d146efbe2650472b4789f88842156c.jpg,processed/train/labels/IMG_5952_jpg.rf.62d146efbe2650472b4789f88842156c.txt,True
train,processed/train/images/IMG_5953_jpg.rf.df7849113f20619d59ad37505bd277da.jpg,processed/train/labels/IMG_5953_jpg.rf.df7849113f20619d59ad37505bd277da.txt,True
train,processed/train/images/IMG_5954_jpg.rf.7d81c346aa248ff796d733b547d183e8.jpg,processed/train/labels/IMG_5954_jpg.rf.7d81c346aa248ff796d733b547d183e8.txt,True
train,processed/train/images/IMG_5955_jpg.rf.23032d88851fcb05a30bcf04d1a4e1f3.jpg,processed/train/labels/IMG_5955_jpg.rf.23032d88851fcb05a30bcf04d1a4e1f3.txt,True
train,processed/train/images/IMG_5956_jpg.rf.3f2d2ed643ab682dfb31f9c95a0ba469.jpg,processed/train/labels/IMG_5956_jpg.rf.3f2d2ed643ab682dfb31f9c95a0ba469.txt,True
train,processed/train/images/IMG_5957_jpg.rf.88452fc60210b5e4d188e6be92b43781.jpg,processed/train/labels/IMG_5957_jpg.rf.88452fc60210b5e4d188e6be92b43781.txt,True
train,processed/train/images/IMG_5958_jpg.rf.6ccc7b9f07610806ba946de9ae8d4ca9.jpg,processed/train/labels/IMG_5958_jpg.rf.6ccc7b9f07610806ba946de9ae8d4ca9.txt,True
train,processed/train/images/IMG_5959_jpg.rf.181e9d5aa8e0e5c270790e4865f2d57e.jpg,processed/train/labels/IMG_5959_jpg.rf.181e9d5aa8e0e5c270790e4865f2d57e.txt,True
train,processed/train/images/IMG_5961_jpg.rf.3d47810ce164fcbe7367780e8306a8d2.jpg,processed/train/labels/IMG_5961_jpg.rf.3d47810ce164fcbe7367780e8306a8d2.txt,True
train,processed/train/images/IMG_5962_jpg.rf.ed4867ed3ac517f82a01488d73440027.jpg,processed/train/labels/IMG_5962_jpg.rf.ed4867ed3ac517f82a01488d73440027.txt,True
train,processed/train/images/IMG_5963_jpg.rf.76691e588f74b8f3d79c3f3ce25f8113.jpg,processed/train/labels/IMG_5963_jpg.rf.76691e588f74b8f3d79c3f3ce25f8113.txt,True
train,processed/train/images/IMG_5964_jpg.rf.eed9d634660bdeaa3e66228fa721d5ad.jpg,processed/train/labels/IMG_5964_jpg.rf.eed9d634660bdeaa3e66228fa721d5ad.txt,True
train,processed/train/images/IMG_5965_jpg.rf.fa49143d343275c3a6489eac2d39d85a.jpg,processed/train/labels/IMG_5965_jpg.rf.fa49143d343275c3a6489eac2d39d85a.txt,True
train,processed/train/images/IMG_5966_jpg.rf.8aefa52c9132780693ceb31a824e44ec.jpg,processed/train/labels/IMG_5966_jpg.rf.8aefa52c9132780693ceb31a824e44ec.txt,True
train,processed/train/images/IMG_5967_jpg.rf.a708d5a098e90a39a5334d1421b63c59.jpg,processed/train/labels/IMG_5967_jpg.rf.a708d5a098e90a39a5334d1421b63c59.txt,True
train,processed/train/images/IMG_5968_jpg.rf.9813df1e04da2e546cd807ebfddd416c.jpg,processed/train/labels/IMG_5968_jpg.rf.9813df1e04da2e546cd807ebfddd416c.txt,True
train,processed/train/images/IMG_5972_jpg.rf.150a0a1cc20a4be1eaf958f684771fc5.jpg,processed/train/labels/IMG_5972_jpg.rf.150a0a1cc20a4be1eaf958f684771fc5.txt,True
train,processed/train/images/IMG_5973_jpg.rf.1da1a6be90ee0f14475bfed955c89408.jpg,processed/train/labels/IMG_5973_jpg.rf.1da1a6be90ee0f14475bfed955c89408.txt,True
train,processed/train/images/IMG_5974_jpg.rf.0e04202508aea67249ae9dad9466e788.jpg,processed/train/labels/IMG_5974_jpg.rf.0e04202508aea67249ae9dad9466e788.txt,True
train,processed/train/images/IMG_5976_jpg.rf.0ac700a471702146922f0d04e3dd3759.jpg,processed/train/labels/IMG_5976_jpg.rf.0ac700a471702146922f0d04e3dd3759.txt,True
train,processed/train/images/IMG_5977_jpg.rf.13faf33d61053e5e247d27597ec70ffc.jpg,processed/train/labels/IMG_5977_jpg.rf.13faf33d61053e5e247d27597ec70ffc.txt,True
train,processed/train/images/IMG_5978_jpg.rf.efb2301c4b8f9b178bb1efea049c9d42.jpg,processed/train/labels/IMG_5978_jpg.rf.efb2301c4b8f9b178bb1efea049c9d42.txt,True
train,processed/train/images/IMG_5979_jpg.rf.2de4ed393b1ea3d80644bbeeca0c0ae3.jpg,processed/train/labels/IMG_5979_jpg.rf.2de4ed393b1ea3d80644bbeeca0c0ae3.txt,True
train,processed/train/images/IMG_5980_jpg.rf.a3535940f4f16656b0fd24ec4b403b33.jpg,processed/train/labels/IMG_5980_jpg.rf.a3535940f4f16656b0fd24ec4b403b33.txt,True
train,processed/train/images/IMG_5981_jpg.rf.14d2dfc71257e44c2a345ba8eb465d6a.jpg,processed/train/labels/IMG_5981_jpg.rf.14d2dfc71257e44c2a345ba8eb465d6a.txt,True
train,processed/train/images/IMG_5982_jpg.rf.3e20469b9fb85572364649baeaaaac96.jpg,processed/train/labels/IMG_5982_jpg.rf.3e20469b9fb85572364649baeaaaac96.txt,True
train,processed/train/images/IMG_5983_jpg.rf.dc551bf7717b9a9e92f8dc2ff4f8d271.jpg,processed/train/labels/IMG_5983_jpg.rf.dc551bf7717b9a9e92f8dc2ff4f8d271.txt,True
train,processed/train/images/IMG_5984_jpg.rf.3641a6a8bb960f8685693a1059ec350c.jpg,processed/train/labels/IMG_5984_jpg.rf.3641a6a8bb960f8685693a1059ec350c.txt,True
train,processed/train/images/IMG_5986_jpg.rf.0acb313a4f2c10b61ebbf243f2734df7.jpg,processed/train/labels/IMG_5986_jpg.rf.0acb313a4f2c10b61ebbf243f2734df7.txt,True
train,processed/train/images/IMG_5987_jpg.rf.246dfa4fa78fac990a8cc19a82d10694.jpg,processed/train/labels/IMG_5987_jpg.rf.246dfa4fa78fac990a8cc19a82d10694.txt,True
train,processed/train/images/IMG_5988_jpg.rf.c3bc89c8acefd19ed5d571729ec100a4.jpg,processed/train/labels/IMG_5988_jpg.rf.c3bc89c8acefd19ed5d571729ec100a4.txt,True
train,processed/train/images/IMG_5989_jpg.rf.cc4931c01ababb1c8893f224c1ae2b9d.jpg,processed/train/labels/IMG_5989_jpg.rf.cc4931c01ababb1c8893f224c1ae2b9d.txt,True
train,processed/train/images/IMG_5990_jpg.rf.4ea1fcc4f9ddb388a60c801aa6831751.jpg,processed/train/labels/IMG_5990_jpg.rf.4ea1fcc4f9ddb388a60c801aa6831751.txt,True
train,processed/train/images/IMG_5991_jpg.rf.cd5ba856a77a4b307cad629ae3b36879.jpg,processed/train/labels/IMG_5991_jpg.rf.cd5ba856a77a4b307cad629ae3b36879.txt,True
train,processed/train/images/IMG_5992_jpg.rf.5a7e15a97f86cb6481b4f1c48be20820.jpg,processed/train/labels/IMG_5992_jpg.rf.5a7e15a97f86cb6481b4f1c48be20820.txt,True
train,processed/train/images/IMG_5993_jpg.rf.ab04cae38b647d1089fdd55c6701e8d9.jpg,processed/train/labels/IMG_5993_jpg.rf.ab04cae38b647d1089fdd55c6701e8d9.txt,True
train,processed/train/images/IMG_5994_jpg.rf.e6a17b836af67a0f5eaf0f82bc8f3e5a.jpg,processed/train/labels/IMG_5994_jpg.rf.e6a17b836af67a0f5eaf0f82bc8f3e5a.txt,True
train,processed/train/images/IMG_5995_jpg.rf.3d201ce9f5b6646259ce26b95cec4e42.jpg,processed/train/labels/IMG_5995_jpg.rf.3d201ce9f5b6646259ce26b95cec4e42.txt,True
train,processed/train/images/IMG_5996_jpg.rf.7927f350ca2a476d5bcd4935a1b6d37d.jpg,processed/train/labels/IMG_5996_jpg.rf.7927f350ca2a476d5bcd4935a1b6d37d.txt,True
train,processed/train/images/IMG_5998_jpg.rf.a2b0542cdafbe07f30786baabbf7760d.jpg,processed/train/labels/IMG_5998_jpg.rf.a2b0542cdafbe07f30786baabbf7760d.txt,True
train,processed/train/images/IMG_5999_jpg.rf.0ca59222b16c45dc94587f084a9a3b81.jpg,processed/train/labels/IMG_5999_jpg.rf.0ca59222b16c45dc94587f084a9a3b81.txt,True
train,processed/train/images/IMG_6002_jpg.rf.110a376c0b48cfa1864904b15d141ab9.jpg,processed/train/labels/IMG_6002_jpg.rf.110a376c0b48cfa1864904b15d141ab9.txt,True
train,processed/train/images/IMG_6003_jpg.rf.af2aed0dd5d6288e73d5b891db4672e2.jpg,processed/train/labels/IMG_6003_jpg.rf.af2aed0dd5d6288e73d5b891db4672e2.txt,True
train,processed/train/images/IMG_6004_jpg.rf.31001ab8cc3a28aba3dbfc4c5416ffdd.jpg,processed/train/labels/IMG_6004_jpg.rf.31001ab8cc3a28aba3dbfc4c5416ffdd.txt,True
train,processed/train/images/IMG_6006_jpg.rf.a2a9ae34a0d134b7657365fb375bc7ba.jpg,processed/train/labels/IMG_6006_jpg.rf.a2a9ae34a0d134b7657365fb375bc7ba.txt,True
train,processed/train/images/IMG_6007_jpg.rf.0822c0dd841dae601ceb72d697f66b1c.jpg,processed/train/labels/IMG_6007_jpg.rf.0822c0dd841dae601ceb72d697f66b1c.txt,True
train,processed/train/images/IMG_6008_jpg.rf.949a8f16778e34eccc2b64032f6261bf.jpg,processed/train/labels/IMG_6008_jpg.rf.949a8f16778e34eccc2b64032f6261bf.txt,True
train,processed/train/images/IMG_6009_jpg.rf.ef62b3b65887990d46564816c347318d.jpg,processed/train/labels/IMG_6009_jpg.rf.ef62b3b65887990d46564816c347318d.txt,True
train,processed/train/images/IMG_6013_jpg.rf.82bac5b860987d8071f24edbd85253b9.jpg,processed/train/labels/IMG_6013_jpg.rf.82bac5b860987d8071f24edbd85253b9.txt,True
train,processed/train/images/IMG_6014_jpg.rf.e0d2db1b6c69f54b0c653c65cb7f650f.jpg,processed/train/labels/IMG_6014_jpg.rf.e0d2db1b6c69f54b0c653c65cb7f650f.txt,True
train,processed/train/images/IMG_6017_jpg.rf.4f43b3c546cbb5e424999203dfc56305.jpg,processed/train/labels/IMG_6017_jpg.rf.4f43b3c546cbb5e424999203dfc56305.txt,True
train,processed/train/images/IMG_6018_jpg.rf.a46af7fe81a20efff1e222530b875f4c.jpg,processed/train/labels/IMG_6018_jpg.rf.a46af7fe81a20efff1e222530b875f4c.txt,True
train,processed/train/images/IMG_6020_jpg.rf.78b30dd235b93b91d71bda00893afc20.jpg,processed/train/labels/IMG_6020_jpg.rf.78b30dd235b93b91d71bda00893afc20.txt,True
train,processed/train/images/IMG_6021_jpg.rf.8d52f03a44aeb3e78f3551c0aed03b53.jpg,processed/train/labels/IMG_6021_jpg.rf.8d52f03a44aeb3e78f3551c0aed03b53.txt,True
train,processed/train/images/IMG_6022_jpg.rf.11cbd1ae33985ea65328d6bbc8d1ab3d.jpg,processed/train/labels/IMG_6022_jpg.rf.11cbd1ae33985ea65328d6bbc8d1ab3d.txt,True
train,processed/train/images/IMG_6023_jpg.rf.497ce5fbe412cc37f3d20be90ce320a4.jpg,processed/train/labels/IMG_6023_jpg.rf.497ce5fbe412cc37f3d20be90ce320a4.txt,True
train,processed/train/images/IMG_6024_jpg.rf.74477426d619f367ff522d7f089f3b22.jpg,processed/train/labels/IMG_6024_jpg.rf.74477426d619f367ff522d7f089f3b22.txt,True
train,processed/train/images/IMG_6025_jpg.rf.3b39ae9b42a211f92a7da276feb29f0f.jpg,processed/train/labels/IMG_6025_jpg.rf.3b39ae9b42a211f92a7da276feb29f0f.txt,True
train,processed/train/images/IMG_6026_jpg.rf.c1493bbf970724dcce63804b80bb8836.jpg,processed/train/labels/IMG_6026_jpg.rf.c1493bbf970724dcce63804b80bb8836.txt,True
train,processed/train/images/IMG_6027_jpg.rf.f2a9684f126bca70668b067661508e41.jpg,processed/train/labels/IMG_6027_jpg.rf.f2a9684f126bca70668b067661508e41.txt,True
train,processed/train/images/IMG_6029_jpg.rf.9c22e957b34cab9bb4cb14d2c474e10e.jpg,processed/train/labels/IMG_6029_jpg.rf.9c22e957b34cab9bb4cb14d2c474e10e.txt,True
train,processed/train/images/IMG_6030_jpg.rf.315920caeb9cc1042f56eb0ea3f0d4f9.jpg,processed/train/labels/IMG_6030_jpg.rf.315920caeb9cc1042f56eb0ea3f0d4f9.txt,True
train,processed/train/images/IMG_6031_jpg.rf.522b3a1c63d05f0f4065be1e6f6c868f.jpg,processed/train/labels/IMG_6031_jpg.rf.522b3a1c63d05f0f4065be1e6f6c868f.txt,True
train,processed/train/images/IMG_6032_jpg.rf.7b257bb42dc4aa40ed3679d696cb082c.jpg,processed/train/labels/IMG_6032_jpg.rf.7b257bb42dc4aa40ed3679d696cb082c.txt,True
train,processed/train/images/IMG_6033_jpg.rf.48ae727b88b405d69050cc9fbf6a440e.jpg,processed/train/labels/IMG_6033_jpg.rf.48ae727b88b405d69050cc9fbf6a440e.txt,True
train,processed/train/images/IMG_6034_jpg.rf.76b6789e55045ba8a47e431f18158dd1.jpg,processed/train/labels/IMG_6034_jpg.rf.76b6789e55045ba8a47e431f18158dd1.txt,True
train,processed/train/images/IMG_6036_jpg.rf.604f4bfe11ed05040e97be053f91fc9f.jpg,processed/train/labels/IMG_6036_jpg.rf.604f4bfe11ed05040e97be053f91fc9f.txt,True
train,processed/train/images/IMG_6037_jpg.rf.683c5eae2e854cfd0d2f9746eae9a588.jpg,processed/train/labels/IMG_6037_jpg.rf.683c5eae2e854cfd0d2f9746eae9a588.txt,True
train,processed/train/images/IMG_6038_jpg.rf.d835aaf008430d3365fc7253c5b8591a.jpg,processed/train/labels/IMG_6038_jpg.rf.d835aaf008430d3365fc7253c5b8591a.txt,True
train,processed/train/images/IMG_6039_jpg.rf.d932a59b3ddf1b0c587fd6c4784fe618.jpg,processed/train/labels/IMG_6039_jpg.rf.d932a59b3ddf1b0c587fd6c4784fe618.txt,True
train,processed/train/images/IMG_6040_jpg.rf.6f2960e37e048c0d6aa2c53a7e2924d5.jpg,processed/train/labels/IMG_6040_jpg.rf.6f2960e37e048c0d6aa2c53a7e2924d5.txt,True
train,processed/train/images/IMG_6041_jpg.rf.34a1b2507edbb6e45889a2b24b3217d3.jpg,processed/train/labels/IMG_6041_jpg.rf.34a1b2507edbb6e45889a2b24b3217d3.txt,True
train,processed/train/images/IMG_6042_jpg.rf.9935b9cc25ee4b44c400f7ad19297d78.jpg,processed/train/labels/IMG_6042_jpg.rf.9935b9cc25ee4b44c400f7ad19297d78.txt,True
train,processed/train/images/IMG_6043_jpg.rf.6f806a53c0ef1e95cf179e4dffe4281e.jpg,processed/train/labels/IMG_6043_jpg.rf.6f806a53c0ef1e95cf179e4dffe4281e.txt,True
train,processed/train/images/IMG_6044_jpg.rf.2684e0fe56cdc5db2b0dcb5c3a95545d.jpg,processed/train/labels/IMG_6044_jpg.rf.2684e0fe56cdc5db2b0dcb5c3a95545d.txt,True
train,processed/train/images/IMG_6045_jpg.rf.553afeb809f134352bcaa0b9693e8882.jpg,processed/train/labels/IMG_6045_jpg.rf.553afeb809f134352bcaa0b9693e8882.txt,True
train,processed/train/images/IMG_6047_jpg.rf.72fb128a3e907132f30194e1429660b3.jpg,processed/train/labels/IMG_6047_jpg.rf.72fb128a3e907132f30194e1429660b3.txt,True
train,processed/train/images/IMG_6048_jpg.rf.1ababebe0dc9886fe84a436ce195e6ed.jpg,processed/train/labels/IMG_6048_jpg.rf.1ababebe0dc9886fe84a436ce195e6ed.txt,True
train,processed/train/images/IMG_6049_jpg.rf.ef72205ab3f084096981fe14ef45bcda.jpg,processed/train/labels/IMG_6049_jpg.rf.ef72205ab3f084096981fe14ef45bcda.txt,True
train,processed/train/images/IMG_6050_jpg.rf.ad9e1b37c41424320a5000bb8069201c.jpg,processed/train/labels/IMG_6050_jpg.rf.ad9e1b37c41424320a5000bb8069201c.txt,True
train,processed/train/images/IMG_6051_jpg.rf.5e4ff97c9649aa2c6b49ba3b5d42ff64.jpg,processed/train/labels/IMG_6051_jpg.rf.5e4ff97c9649aa2c6b49ba3b5d42ff64.txt,True
train,processed/train/images/IMG_6052_jpg.rf.a5875924418b3b99e31a36f19b228748.jpg,processed/train/labels/IMG_6052_jpg.rf.a5875924418b3b99e31a36f19b228748.txt,True
train,processed/train/images/IMG_6053_jpg.rf.94acf8b567a82fc006edf18842302262.jpg,processed/train/labels/IMG_6053_jpg.rf.94acf8b567a82fc006edf18842302262.txt,True
train,processed/train/images/IMG_6054_jpg.rf.f967434865bb959b80681af5b05125dd.jpg,processed/train/labels/IMG_6054_jpg.rf.f967434865bb959b80681af5b05125dd.txt,True
train,processed/train/images/IMG_6055_jpg.rf.d3e0ef2df1cc1bf35d6f08df97dd34aa.jpg,processed/train/labels/IMG_6055_jpg.rf.d3e0ef2df1cc1bf35d6f08df97dd34aa.txt,True
train,processed/train/images/IMG_6057_jpg.rf.5110b0be071018f5e2d3d96077452c20.jpg,processed/train/labels/IMG_6057_jpg.rf.5110b0be071018f5e2d3d96077452c20.txt,True
train,processed/train/images/IMG_6058_jpg.rf.05e861651613d8e58904f1461213a81d.jpg,processed/train/labels/IMG_6058_jpg.rf.05e861651613d8e58904f1461213a81d.txt,True
train,processed/train/images/IMG_6060_jpg.rf.712275161e501475360c401c67ed0c5c.jpg,processed/train/labels/IMG_6060_jpg.rf.712275161e501475360c401c67ed0c5c.txt,True
train,processed/train/images/IMG_6061_jpg.rf.201cce1cc081558211f43d157414713f.jpg,processed/train/labels/IMG_6061_jpg.rf.201cce1cc081558211f43d157414713f.txt,True
train,processed/train/images/IMG_6064_jpg.rf.32e3d877432aae3b70b10114e29b3f7d.jpg,processed/train/labels/IMG_6064_jpg.rf.32e3d877432aae3b70b10114e29b3f7d.txt,True
train,processed/train/images/IMG_6065_jpg.rf.6f71add49d74c05eb24f5becdd913afa.jpg,processed/train/labels/IMG_6065_jpg.rf.6f71add49d74c05eb24f5becdd913afa.txt,True
train,processed/train/images/IMG_6067_jpg.rf.5b869f246fc64d09111c9c88d8581e38.jpg,processed/train/labels/IMG_6067_jpg.rf.5b869f246fc64d09111c9c88d8581e38.txt,True
train,processed/train/images/IMG_6068_jpg.rf.74decf3095247badd21cd9c19260fee9.jpg,processed/train/labels/IMG_6068_jpg.rf.74decf3095247badd21cd9c19260fee9.txt,True
train,processed/train/images/IMG_6070_jpg.rf.8e1d4d3733201f406509740a8b73755f.jpg,processed/train/labels/IMG_6070_jpg.rf.8e1d4d3733201f406509740a8b73755f.txt,True
train,processed/train/images/IMG_6071_jpg.rf.75cbe62cdeac08dd9ec2cc1bce472af3.jpg,processed/train/labels/IMG_6071_jpg.rf.75cbe62cdeac08dd9ec2cc1bce472af3.txt,True
train,processed/train/images/IMG_6072_jpg.rf.3982dc0da4ead46aedc01a6e22470a45.jpg,processed/train/labels/IMG_6072_jpg.rf.3982dc0da4ead46aedc01a6e22470a45.txt,True
train,processed/train/images/IMG_6073_jpg.rf.ef141b6faef0893504ce8897e0ddc1e1.jpg,processed/train/labels/IMG_6073_jpg.rf.ef141b6faef0893504ce8897e0ddc1e1.txt,True
train,processed/train/images/IMG_6076_jpg.rf.44d8c5fc308d350b47c032178e361421.jpg,processed/train/labels/IMG_6076_jpg.rf.44d8c5fc308d350b47c032178e361421.txt,True
train,processed/train/images/IMG_6078_jpg.rf.c307f664fe8d7899f066e27996075f48.jpg,processed/train/labels/IMG_6078_jpg.rf.c307f664fe8d7899f066e27996075f48.txt,True
train,processed/train/images/IMG_6081_jpg.rf.1cf5ce6a7b740b03ffc5009cdcec283e.jpg,processed/train/labels/IMG_6081_jpg.rf.1cf5ce6a7b740b03ffc5009cdcec283e.txt,True
train,processed/train/images/IMG_6082_jpg.rf.121d9ef22194ca27a435f17a778eedda.jpg,processed/train/labels/IMG_6082_jpg.rf.121d9ef22194ca27a435f17a778eedda.txt,True
train,processed/train/images/IMG_6084_jpg.rf.0a524c9ea233f75e9a08767e46e36c2b.jpg,processed/train/labels/IMG_6084_jpg.rf.0a524c9ea233f75e9a08767e46e36c2b.txt,True
train,processed/train/images/IMG_6085_jpg.rf.80f8d8acec0cf32b66ee45cb4a5b4c3f.jpg,processed/train/labels/IMG_6085_jpg.rf.80f8d8acec0cf32b66ee45cb4a5b4c3f.txt,True
train,processed/train/images/IMG_6087_jpg.rf.88d1c128dc16f3345400a8ba72f64ac7.jpg,processed/train/labels/IMG_6087_jpg.rf.88d1c128dc16f3345400a8ba72f64ac7.txt,True
train,processed/train/images/IMG_6089_jpg.rf.6661a19a8f73e0769a0176f731708f9d.jpg,processed/train/labels/IMG_6089_jpg.rf.6661a19a8f73e0769a0176f731708f9d.txt,True
train,processed/train/images/IMG_6090_jpg.rf.f859152924b51352ab8ab2f09c85fe95.jpg,processed/train/labels/IMG_6090_jpg.rf.f859152924b51352ab8ab2f09c85fe95.txt,True
train,processed/train/images/IMG_6091_jpg.rf.388e4230c4c853a096abd5eb4f6dc1e1.jpg,processed/train/labels/IMG_6091_jpg.rf.388e4230c4c853a096abd5eb4f6dc1e1.txt,True
train,processed/train/images/IMG_6093_jpg.rf.cdd135c30d0855cf2f756f5f7f5e37d5.jpg,processed/train/labels/IMG_6093_jpg.rf.cdd135c30d0855cf2f756f5f7f5e37d5.txt,True
train,processed/train/images/IMG_6094_jpg.rf.b2046835c3904935145e607b83e89455.jpg,processed/train/labels/IMG_6094_jpg.rf.b2046835c3904935145e607b83e89455.txt,True
train,processed/train/images/IMG_6095_jpg.rf.9851dc6fb57309d44861a2c2a9bc8605.jpg,processed/train/labels/IMG_6095_jpg.rf.9851dc6fb57309d44861a2c2a9bc8605.txt,True
train,processed/train/images/IMG_6096_jpg.rf.c72ddd0d495bf34c7e788fe8b53d05d6.jpg,processed/train/labels/IMG_6096_jpg.rf.c72ddd0d495bf34c7e788fe8b53d05d6.txt,True
train,processed/train/images/IMG_6097_jpg.rf.63b0acc570163687334c19a1f6c8eb5f.jpg,processed/train/labels/IMG_6097_jpg.rf.63b0acc570163687334c19a1f6c8eb5f.txt,True
train,processed/train/images/IMG_6098_jpg.rf.b8fa24a3b7c8c2bc7022a22afba5fb3c.jpg,processed/train/labels/IMG_6098_jpg.rf.b8fa24a3b7c8c2bc7022a22afba5fb3c.txt,True
train,processed/train/images/IMG_6099_jpg.rf.d9fbbc5a7bcba8f7065d52edea7be519.jpg,processed/train/labels/IMG_6099_jpg.rf.d9fbbc5a7bcba8f7065d52edea7be519.txt,True
train,processed/train/images/IMG_6100_jpg.rf.a97b13bafa8706773e45fc2ca5900974.jpg,processed/train/labels/IMG_6100_jpg.rf.a97b13bafa8706773e45fc2ca5900974.txt,True
train,processed/train/images/IMG_6102_jpg.rf.af1f0cde820b0bb55b2caeb556b68f45.jpg,processed/train/labels/IMG_6102_jpg.rf.af1f0cde820b0bb55b2caeb556b68f45.txt,True
train,processed/train/images/IMG_6104_jpg.rf.fd2e87bfccebb6513b7477702968e0f5.jpg,processed/train/labels/IMG_6104_jpg.rf.fd2e87bfccebb6513b7477702968e0f5.txt,True
train,processed/train/images/IMG_6105_jpg.rf.df810140deb6aa93bf15015b0a1590e4.jpg,processed/train/labels/IMG_6105_jpg.rf.df810140deb6aa93bf15015b0a1590e4.txt,True
train,processed/train/images/IMG_6107_jpg.rf.12dc49ff8797df104b7d4e7c7084d375.jpg,processed/train/labels/IMG_6107_jpg.rf.12dc49ff8797df104b7d4e7c7084d375.txt,True
train,processed/train/images/IMG_6108_jpg.rf.b1bbc91649b6b4e0ecc347f4628d216b.jpg,processed/train/labels/IMG_6108_jpg.rf.b1bbc91649b6b4e0ecc347f4628d216b.txt,True
train,processed/train/images/IMG_6112_jpg.rf.1d8efb6cf7fd57367c629eb03180a2e2.jpg,processed/train/labels/IMG_6112_jpg.rf.1d8efb6cf7fd57367c629eb03180a2e2.txt,True
train,processed/train/images/IMG_6113_jpg.rf.78367556acfc34467d9526386690a71c.jpg,processed/train/labels/IMG_6113_jpg.rf.78367556acfc34467d9526386690a71c.txt,True
train,processed/train/images/IMG_6115_jpg.rf.a8ae62f61870ce14d2d877c004a2cf35.jpg,processed/train/labels/IMG_6115_jpg.rf.a8ae62f61870ce14d2d877c004a2cf35.txt,True
train,processed/train/images/IMG_6117_jpg.rf.80122bc9c5891f2033da8898b7b5c291.jpg,processed/train/labels/IMG_6117_jpg.rf.80122bc9c5891f2033da8898b7b5c291.txt,True
train,processed/train/images/IMG_6118_jpg.rf.ee8d8b3c01dd9516126a627b212cbb93.jpg,processed/train/labels/IMG_6118_jpg.rf.ee8d8b3c01dd9516126a627b212cbb93.txt,True
train,processed/train/images/IMG_6119_jpg.rf.632eac601092ca1b7522e4303cefaff4.jpg,processed/train/labels/IMG_6119_jpg.rf.632eac601092ca1b7522e4303cefaff4.txt,True
train,processed/train/images/IMG_6120_jpg.rf.2bcfbcad1a2e8cd5e21e7907bcedb632.jpg,processed/train/labels/IMG_6120_jpg.rf.2bcfbcad1a2e8cd5e21e7907bcedb632.txt,True
train,processed/train/images/IMG_6121_jpg.rf.8f0bdba11470caa6b6ebce47ecd1a227.jpg,processed/train/labels/IMG_6121_jpg.rf.8f0bdba11470caa6b6ebce47ecd1a227.txt,True
train,processed/train/images/IMG_6122_jpg.rf.109800363156307297b5f97fd6f6b4d8.jpg,processed/train/labels/IMG_6122_jpg.rf.109800363156307297b5f97fd6f6b4d8.txt,True
train,processed/train/images/IMG_6123_jpg.rf.893fe96ebc4d24b3a644f75a0311034c.jpg,processed/train/labels/IMG_6123_jpg.rf.893fe96ebc4d24b3a644f75a0311034c.txt,True
train,processed/train/images/IMG_6126_jpg.rf.3d59c907f2c2c93296bda1ec801ed32d.jpg,processed/train/labels/IMG_6126_jpg.rf.3d59c907f2c2c93296bda1ec801ed32d.txt,True
train,processed/train/images/IMG_6127_jpg.rf.7cbcb246c7b5321943bb8e7de2061e6a.jpg,processed/train/labels/IMG_6127_jpg.rf.7cbcb246c7b5321943bb8e7de2061e6a.txt,True
train,processed/train/images/IMG_6128_jpg.rf.83fad3d7bf7074226914236b38e10be3.jpg,processed/train/labels/IMG_6128_jpg.rf.83fad3d7bf7074226914236b38e10be3.txt,True
train,processed/train/images/IMG_6130_jpg.rf.3034599bb293b2a56d590f9098d423da.jpg,processed/train/labels/IMG_6130_jpg.rf.3034599bb293b2a56d590f9098d423da.txt,True
train,processed/train/images/IMG_6131_jpg.rf.ae95b5ffbc32b811c5fccd632d5ac7dd.jpg,processed/train/labels/IMG_6131_jpg.rf.ae95b5ffbc32b811c5fccd632d5ac7dd.txt,True
train,processed/train/images/IMG_6132_jpg.rf.5b932875cd122bd2bfad802cfd09e6bc.jpg,processed/train/labels/IMG_6132_jpg.rf.5b932875cd122bd2bfad802cfd09e6bc.txt,True
train,processed/train/images/IMG_6134_jpg.rf.d5bda535e04e0162790f76e93b8da62a.jpg,processed/train/labels/IMG_6134_jpg.rf.d5bda535e04e0162790f76e93b8da62a.txt,True
train,processed/train/images/IMG_6136_jpg.rf.186f0532e11bf5d7ead2b38b6b9c6ad2.jpg,processed/train/labels/IMG_6136_jpg.rf.186f0532e11bf5d7ead2b38b6b9c6ad2.txt,True
train,processed/train/images/IMG_6138_jpg.rf.2a6cb9ea27aab15d4233dc823fcfcd10.jpg,processed/train/labels/IMG_6138_jpg.rf.2a6cb9ea27aab15d4233dc823fcfcd10.txt,True
train,processed/train/images/IMG_6139_jpg.rf.12705a9a768e7791d50df5d7e8d391f5.jpg,processed/train/labels/IMG_6139_jpg.rf.12705a9a768e7791d50df5d7e8d391f5.txt,True
train,processed/train/images/IMG_6140_jpg.rf.c53da0ecfbc70cce59ada2dca71a66e7.jpg,processed/train/labels/IMG_6140_jpg.rf.c53da0ecfbc70cce59ada2dca71a66e7.txt,True
train,processed/train/images/IMG_6141_jpg.rf.eac313f3bb6902440e50a9c7f55e296f.jpg,processed/train/labels/IMG_6141_jpg.rf.eac313f3bb6902440e50a9c7f55e296f.txt,True
train,processed/train/images/IMG_6143_jpg.rf.48a363039dc5ff4eb68a98991c8f3357.jpg,processed/train/labels/IMG_6143_jpg.rf.48a363039dc5ff4eb68a98991c8f3357.txt,True
train,processed/train/images/IMG_6146_jpg.rf.232d0024b25bf7f5c638ebdd6703ebb7.jpg,processed/train/labels/IMG_6146_jpg.rf.232d0024b25bf7f5c638ebdd6703ebb7.txt,True
train,processed/train/images/IMG_6147_jpg.rf.468dbcbc79074cf4de2244642a770bc0.jpg,processed/train/labels/IMG_6147_jpg.rf.468dbcbc79074cf4de2244642a770bc0.txt,True
train,processed/train/images/IMG_6150_jpg.rf.9e4da3367a0dfcc44ef36ba5cca761f0.jpg,processed/train/labels/IMG_6150_jpg.rf.9e4da3367a0dfcc44ef36ba5cca761f0.txt,True
train,processed/train/images/IMG_6151_jpg.rf.1f2672b34d4ad0c6b37409ad2003f362.jpg,processed/train/labels/IMG_6151_jpg.rf.1f2672b34d4ad0c6b37409ad2003f362.txt,True
train,processed/train/images/IMG_6152_jpg.rf.bff84f0627f89cc012b60c7f4b5d2ba7.jpg,processed/train/labels/IMG_6152_jpg.rf.bff84f0627f89cc012b60c7f4b5d2ba7.txt,True
train,processed/train/images/IMG_6153_jpg.rf.a31ae5d8c03653e05e1146edbc5b3272.jpg,processed/train/labels/IMG_6153_jpg.rf.a31ae5d8c03653e05e1146edbc5b3272.txt,True
train,processed/train/images/IMG_6155_jpg.rf.bce1714de323d90debb281b21642c40e.jpg,processed/train/labels/IMG_6155_jpg.rf.bce1714de323d90debb281b21642c40e.txt,True
train,processed/train/images/IMG_6157_jpg.rf.0f4378d0071826cc21e41c646d0ef499.jpg,processed/train/labels/IMG_6157_jpg.rf.0f4378d0071826cc21e41c646d0ef499.txt,True
train,processed/train/images/IMG_6159_jpg.rf.230b5baf7676bde92fd3878aced2b05a.jpg,processed/train/labels/IMG_6159_jpg.rf.230b5baf7676bde92fd3878aced2b05a.txt,True
train,processed/train/images/IMG_6160_jpg.rf.379991ccd76a9d1d67f698b108e7add5.jpg,processed/train/labels/IMG_6160_jpg.rf.379991ccd76a9d1d67f698b108e7add5.txt,True
train,processed/train/images/IMG_6163_jpg.rf.c7f8effd1db88f9534113e584e99650a.jpg,processed/train/labels/IMG_6163_jpg.rf.c7f8effd1db88f9534113e584e99650a.txt,True
train,processed/train/images/IMG_6164_jpg.rf.7c574da083c5036658ae7ce2d8e329ad.jpg,processed/train/labels/IMG_6164_jpg.rf.7c574da083c5036658ae7ce2d8e329ad.txt,True
train,processed/train/images/IMG_6165_jpg.rf.6288ef43d06ac5a8cfc3d3455635efd1.jpg,processed/train/labels/IMG_6165_jpg.rf.6288ef43d06ac5a8cfc3d3455635efd1.txt,True
train,processed/train/images/IMG_6166_jpg.rf.34764b9f34c358e5295c8a7e6972837f.jpg,processed/train/labels/IMG_6166_jpg.rf.34764b9f34c358e5295c8a7e6972837f.txt,True
train,processed/train/images/IMG_6167_jpg.rf.1abcf99b734345d4ce668f5d624fa6cb.jpg,processed/train/labels/IMG_6167_jpg.rf.1abcf99b734345d4ce668f5d624fa6cb.txt,True
train,processed/train/images/IMG_6168_jpg.rf.d7c82aa444bffdd9459e7ecba60041de.jpg,processed/train/labels/IMG_6168_jpg.rf.d7c82aa444bffdd9459e7ecba60041de.txt,True
train,processed/train/images/IMG_6169_jpg.rf.cd2b116f1879ea9adb414ea03ce21813.jpg,processed/train/labels/IMG_6169_jpg.rf.cd2b116f1879ea9adb414ea03ce21813.txt,True
train,processed/train/images/IMG_6170_jpg.rf.ea713027c108565b8c791e41f932b27b.jpg,processed/train/labels/IMG_6170_jpg.rf.ea713027c108565b8c791e41f932b27b.txt,True
train,processed/train/images/IMG_6174_jpg.rf.1914674dd84ce21e2c5edfed0b51e339.jpg,processed/train/labels/IMG_6174_jpg.rf.1914674dd84ce21e2c5edfed0b51e339.txt,True
train,processed/train/images/IMG_6175_jpg.rf.db7146f7de8bc871420c2a0e30872177.jpg,processed/train/labels/IMG_6175_jpg.rf.db7146f7de8bc871420c2a0e30872177.txt,True
train,processed/train/images/IMG_6176_jpg.rf.f1ba436d3b726f3576b71c2311260a66.jpg,processed/train/labels/IMG_6176_jpg.rf.f1ba436d3b726f3576b71c2311260a66.txt,True
train,processed/train/images/IMG_6177_jpg.rf.bb7dfd6b391af068c89c31b15cb92ce2.jpg,processed/train/labels/IMG_6177_jpg.rf.bb7dfd6b391af068c89c31b15cb92ce2.txt,True
train,processed/train/images/IMG_6178_jpg.rf.00d9846bd2bc9dd480ee91fde93f989a.jpg,processed/train/labels/IMG_6178_jpg.rf.00d9846bd2bc9dd480ee91fde93f989a.txt,True
train,processed/train/images/IMG_6179_jpg.rf.ae0d166c9a99712b58d99758e0651a63.jpg,processed/train/labels/IMG_6179_jpg.rf.ae0d166c9a99712b58d99758e0651a63.txt,True
train,processed/train/images/IMG_6183_jpg.rf.dba61eb38bc60de4468ef9d040fb9696.jpg,processed/train/labels/IMG_6183_jpg.rf.dba61eb38bc60de4468ef9d040fb9696.txt,True
train,processed/train/images/IMG_6184_jpg.rf.2ddec0698b85b3d249bca65159727711.jpg,processed/train/labels/IMG_6184_jpg.rf.2ddec0698b85b3d249bca65159727711.txt,True
train,processed/train/images/IMG_6187_jpg.rf.57bc0012b490824d40475797608a6b75.jpg,processed/train/labels/IMG_6187_jpg.rf.57bc0012b490824d40475797608a6b75.txt,True
train,processed/train/images/IMG_6188_jpg.rf.3f45be1bcfd728430121eb432745b70b.jpg,processed/train/labels/IMG_6188_jpg.rf.3f45be1bcfd728430121eb432745b70b.txt,True
train,processed/train/images/IMG_6189_jpg.rf.1104167aac558660711153fbf83ba133.jpg,processed/train/labels/IMG_6189_jpg.rf.1104167aac558660711153fbf83ba133.txt,True
train,processed/train/images/IMG_6190_jpg.rf.3216a2f11c7bd9178b48eb1c3bcaac2c.jpg,processed/train/labels/IMG_6190_jpg.rf.3216a2f11c7bd9178b48eb1c3bcaac2c.txt,True
train,processed/train/images/IMG_6191_jpg.rf.25142a6a94c8332bffef3fa250125b83.jpg,processed/train/labels/IMG_6191_jpg.rf.25142a6a94c8332bffef3fa250125b83.txt,True
train,processed/train/images/IMG_6192_jpg.rf.b4880c02d8a0ad27bd0ecf3e55a99ffc.jpg,processed/train/labels/IMG_6192_jpg.rf.b4880c02d8a0ad27bd0ecf3e55a99ffc.txt,True
train,processed/train/images/IMG_6193_jpg.rf.bb5d1a8c39b4bcce93c6b9cee5c4d0f7.jpg,processed/train/labels/IMG_6193_jpg.rf.bb5d1a8c39b4bcce93c6b9cee5c4d0f7.txt,True
train,processed/train/images/IMG_6194_jpg.rf.70187c5b5cc4a804de595d54976ac92f.jpg,processed/train/labels/IMG_6194_jpg.rf.70187c5b5cc4a804de595d54976ac92f.txt,True
train,processed/train/images/IMG_6195_jpg.rf.1a4fc9ddb495a939fb38e800fbbf010c.jpg,processed/train/labels/IMG_6195_jpg.rf.1a4fc9ddb495a939fb38e800fbbf010c.txt,True
train,processed/train/images/IMG_6199_jpg.rf.fb645e47d409d5484342687a471df108.jpg,processed/train/labels/IMG_6199_jpg.rf.fb645e47d409d5484342687a471df108.txt,True
train,processed/train/images/IMG_6200_jpg.rf.16f360141cdbf610ead3f7fef8656fd3.jpg,processed/train/labels/IMG_6200_jpg.rf.16f360141cdbf610ead3f7fef8656fd3.txt,True
train,processed/train/images/IMG_6201_jpg.rf.b71a208c505e00f0dcc3c2a52e31d19d.jpg,processed/train/labels/IMG_6201_jpg.rf.b71a208c505e00f0dcc3c2a52e31d19d.txt,True
train,processed/train/images/IMG_6203_jpg.rf.af4a730269feba8e5fb74bb3cb8489b3.jpg,processed/train/labels/IMG_6203_jpg.rf.af4a730269feba8e5fb74bb3cb8489b3.txt,True
train,processed/train/images/IMG_6204_jpg.rf.d7a35410516542b6d92d377cf29b5d57.jpg,processed/train/labels/IMG_6204_jpg.rf.d7a35410516542b6d92d377cf29b5d57.txt,True
train,processed/train/images/IMG_6205_jpg.rf.df2af414ae3f2445c19ca8ad13d87e2a.jpg,processed/train/labels/IMG_6205_jpg.rf.df2af414ae3f2445c19ca8ad13d87e2a.txt,True
train,processed/train/images/IMG_6210_jpg.rf.0f99c2a1a266739600b01a509d6b077a.jpg,processed/train/labels/IMG_6210_jpg.rf.0f99c2a1a266739600b01a509d6b077a.txt,True
train,processed/train/images/IMG_6211_jpg.rf.9660923c61cfd0ba856b77935474e19e.jpg,processed/train/labels/IMG_6211_jpg.rf.9660923c61cfd0ba856b77935474e19e.txt,True
train,processed/train/images/IMG_6213_jpg.rf.136aeccbc2da21b7075cef289de81912.jpg,processed/train/labels/IMG_6213_jpg.rf.136aeccbc2da21b7075cef289de81912.txt,True
train,processed/train/images/IMG_6214_jpg.rf.cc88a1a2de179704ed0e8310342139ec.jpg,processed/train/labels/IMG_6214_jpg.rf.cc88a1a2de179704ed0e8310342139ec.txt,True
train,processed/train/images/IMG_6215_jpg.rf.55e3f6252271fecbc4c47660b07f67a8.jpg,processed/train/labels/IMG_6215_jpg.rf.55e3f6252271fecbc4c47660b07f67a8.txt,True
train,processed/train/images/IMG_6216_jpg.rf.aca97acd942b4faeca42c4683404dff0.jpg,processed/train/labels/IMG_6216_jpg.rf.aca97acd942b4faeca42c4683404dff0.txt,True
train,processed/train/images/IMG_6217_jpg.rf.cc8cfa6efa26e54b3a780ff7994d8d76.jpg,processed/train/labels/IMG_6217_jpg.rf.cc8cfa6efa26e54b3a780ff7994d8d76.txt,True
train,processed/train/images/IMG_6219_jpg.rf.6eb026f5b9170d8ac99d01a48a10b04b.jpg,processed/train/labels/IMG_6219_jpg.rf.6eb026f5b9170d8ac99d01a48a10b04b.txt,True
train,processed/train/images/IMG_6220_jpg.rf.51eb04d576feba4d49fdd76facf975ef.jpg,processed/train/labels/IMG_6220_jpg.rf.51eb04d576feba4d49fdd76facf975ef.txt,True
train,processed/train/images/IMG_6222_jpg.rf.1221140a2fc196ec90a6d756a59a99aa.jpg,processed/train/labels/IMG_6222_jpg.rf.1221140a2fc196ec90a6d756a59a99aa.txt,True
train,processed/train/images/IMG_6224_jpg.rf.7e41525aae76c254d1f201f1dc6a1743.jpg,processed/train/labels/IMG_6224_jpg.rf.7e41525aae76c254d1f201f1dc6a1743.txt,True
train,processed/train/images/IMG_6225_jpg.rf.ef0167772b2cd044e37e5c941df70daa.jpg,processed/train/labels/IMG_6225_jpg.rf.ef0167772b2cd044e37e5c941df70daa.txt,True
train,processed/train/images/IMG_6227_jpg.rf.4ace54e36d2e1453343f1ec774872e8a.jpg,processed/train/labels/IMG_6227_jpg.rf.4ace54e36d2e1453343f1ec774872e8a.txt,True
train,processed/train/images/IMG_6228_jpg.rf.66a16d67bfb5e416a418d653d9d071ca.jpg,processed/train/labels/IMG_6228_jpg.rf.66a16d67bfb5e416a418d653d9d071ca.txt,True
train,processed/train/images/IMG_6229_jpg.rf.f83aef25d8022646e99456ff1e3145b7.jpg,processed/train/labels/IMG_6229_jpg.rf.f83aef25d8022646e99456ff1e3145b7.txt,True
train,processed/train/images/IMG_6230_jpg.rf.5adb20862313fa8ce79fffe84c4593a9.jpg,processed/train/labels/IMG_6230_jpg.rf.5adb20862313fa8ce79fffe84c4593a9.txt,True
train,processed/train/images/IMG_6232_jpg.rf.db3e6dc9afc357f116dfda9e43ecc69a.jpg,processed/train/labels/IMG_6232_jpg.rf.db3e6dc9afc357f116dfda9e43ecc69a.txt,True
train,processed/train/images/IMG_6233_jpg.rf.52e5f9894647c403750de3122c04bd58.jpg,processed/train/labels/IMG_6233_jpg.rf.52e5f9894647c403750de3122c04bd58.txt,True
train,processed/train/images/IMG_6234_jpg.rf.984c6bbe078f24d08bc6ef440c852fc2.jpg,processed/train/labels/IMG_6234_jpg.rf.984c6bbe078f24d08bc6ef440c852fc2.txt,True
train,processed/train/images/IMG_6236_jpg.rf.6114423adb52821f2f6ba172ee6c0c1e.jpg,processed/train/labels/IMG_6236_jpg.rf.6114423adb52821f2f6ba172ee6c0c1e.txt,True
train,processed/train/images/IMG_6237_jpg.rf.bdfd6214c8c149096a5aa4c0f37137d5.jpg,processed/train/labels/IMG_6237_jpg.rf.bdfd6214c8c149096a5aa4c0f37137d5.txt,True
train,processed/train/images/IMG_6238_jpg.rf.e154e313ceb2f5938b6b590386af88d6.jpg,processed/train/labels/IMG_6238_jpg.rf.e154e313ceb2f5938b6b590386af88d6.txt,True
train,processed/train/images/IMG_6239_jpg.rf.d426db86193bf7d3c45233ad14364029.jpg,processed/train/labels/IMG_6239_jpg.rf.d426db86193bf7d3c45233ad14364029.txt,True
train,processed/train/images/IMG_6240_jpg.rf.b8ed24e20bf25fd7bd394d7cbed8c8a9.jpg,processed/train/labels/IMG_6240_jpg.rf.b8ed24e20bf25fd7bd394d7cbed8c8a9.txt,True
train,processed/train/images/IMG_6243_jpg.rf.b874ccbc4e944d975649e6beecf28024.jpg,processed/train/labels/IMG_6243_jpg.rf.b874ccbc4e944d975649e6beecf28024.txt,True
train,processed/train/images/IMG_6244_jpg.rf.3d7d4b1ae99f6a791ce5132c2367eae9.jpg,processed/train/labels/IMG_6244_jpg.rf.3d7d4b1ae99f6a791ce5132c2367eae9.txt,True
train,processed/train/images/IMG_6245_jpg.rf.206ae0e32a2ebe4cda2cedbe3947109b.jpg,processed/train/labels/IMG_6245_jpg.rf.206ae0e32a2ebe4cda2cedbe3947109b.txt,True
train,processed/train/images/IMG_6246_jpg.rf.27bc1887a0784ed476eef0a2fb51abd3.jpg,processed/train/labels/IMG_6246_jpg.rf.27bc1887a0784ed476eef0a2fb51abd3.txt,True
train,processed/train/images/IMG_6247_jpg.rf.9cef5b8a599fe4950ad8bb58a319b506.jpg,processed/train/labels/IMG_6247_jpg.rf.9cef5b8a599fe4950ad8bb58a319b506.txt,True
train,processed/train/images/IMG_6248_jpg.rf.1aaca907220e57248669f8a7d801dda2.jpg,processed/train/labels/IMG_6248_jpg.rf.1aaca907220e57248669f8a7d801dda2.txt,True
train,processed/train/images/IMG_6249_jpg.rf.a8066cd70348b321c2cdab9c5ce1495f.jpg,processed/train/labels/IMG_6249_jpg.rf.a8066cd70348b321c2cdab9c5ce1495f.txt,True
train,processed/train/images/IMG_6252_jpg.rf.3604e57d4d295ccc9492ff0339e9897b.jpg,processed/train/labels/IMG_6252_jpg.rf.3604e57d4d295ccc9492ff0339e9897b.txt,True
train,processed/train/images/IMG_6253_jpg.rf.25409ff63dfcb6eea2201012c62f901b.jpg,processed/train/labels/IMG_6253_jpg.rf.25409ff63dfcb6eea2201012c62f901b.txt,True
train,processed/train/images/IMG_6254_jpg.rf.93f256c3021fa66264ec992467b8ba67.jpg,processed/train/labels/IMG_6254_jpg.rf.93f256c3021fa66264ec992467b8ba67.txt,True
train,processed/train/images/IMG_6255_jpg.rf.4923429ae07e2abfca8a4cee6c0931e7.jpg,processed/train/labels/IMG_6255_jpg.rf.4923429ae07e2abfca8a4cee6c0931e7.txt,True
train,processed/train/images/IMG_6257_jpg.rf.88729ceec2bf5d54f94be591126109ab.jpg,processed/train/labels/IMG_6257_jpg.rf.88729ceec2bf5d54f94be591126109ab.txt,True
train,processed/train/images/IMG_6258_jpg.rf.8da080e513e487b370327f08afe13cbb.jpg,processed/train/labels/IMG_6258_jpg.rf.8da080e513e487b370327f08afe13cbb.txt,True
train,processed/train/images/IMG_6259_jpg.rf.f541e0fd7d6a3db03775bc1c24cca9ae.jpg,processed/train/labels/IMG_6259_jpg.rf.f541e0fd7d6a3db03775bc1c24cca9ae.txt,True
train,processed/train/images/IMG_6260_jpg.rf.654c500478a1587e26a686b8f346f688.jpg,processed/train/labels/IMG_6260_jpg.rf.654c500478a1587e26a686b8f346f688.txt,True
train,processed/train/images/IMG_6262_jpg.rf.c78eabed4ae476a5064a2c5de83d33a7.jpg,processed/train/labels/IMG_6262_jpg.rf.c78eabed4ae476a5064a2c5de83d33a7.txt,True
train,processed/train/images/IMG_6264_jpg.rf.17d2b2a821994b81281b715b384dea61.jpg,processed/train/labels/IMG_6264_jpg.rf.17d2b2a821994b81281b715b384dea61.txt,True
train,processed/train/images/IMG_6265_jpg.rf.9e22c04ccd27bea7326f735066a2b3ae.jpg,processed/train/labels/IMG_6265_jpg.rf.9e22c04ccd27bea7326f735066a2b3ae.txt,True
train,processed/train/images/IMG_6267_jpg.rf.3f65642057d7e3eeabcb9e2308f2768c.jpg,processed/train/labels/IMG_6267_jpg.rf.3f65642057d7e3eeabcb9e2308f2768c.txt,True
train,processed/train/images/IMG_6268_jpg.rf.13f0f118e8ca6e2557d5e37b4ddee317.jpg,processed/train/labels/IMG_6268_jpg.rf.13f0f118e8ca6e2557d5e37b4ddee317.txt,True
train,processed/train/images/IMG_6269_jpg.rf.5a9809d8158b2b5423072a4aa918ac90.jpg,processed/train/labels/IMG_6269_jpg.rf.5a9809d8158b2b5423072a4aa918ac90.txt,True
train,processed/train/images/IMG_6270_jpg.rf.6566a7f0cb1fbc483901d14844e3aeb4.jpg,processed/train/labels/IMG_6270_jpg.rf.6566a7f0cb1fbc483901d14844e3aeb4.txt,True
train,processed/train/images/IMG_6272_jpg.rf.60372b69d152831e652624d904a585a7.jpg,processed/train/labels/IMG_6272_jpg.rf.60372b69d152831e652624d904a585a7.txt,True
train,processed/train/images/IMG_6274_jpg.rf.a04b5f01fd652f6e6094f1a5ec819204.jpg,processed/train/labels/IMG_6274_jpg.rf.a04b5f01fd652f6e6094f1a5ec819204.txt,True
train,processed/train/images/IMG_6275_jpg.rf.86e251c40cc4510ee329cf0bbe6fd7ce.jpg,processed/train/labels/IMG_6275_jpg.rf.86e251c40cc4510ee329cf0bbe6fd7ce.txt,True
train,processed/train/images/IMG_6278_jpg.rf.319cef4bc572446627771baa9f56867a.jpg,processed/train/labels/IMG_6278_jpg.rf.319cef4bc572446627771baa9f56867a.txt,True
train,processed/train/images/IMG_6279_jpg.rf.8e149bce3a7c0a71b6c830c59940a930.jpg,processed/train/labels/IMG_6279_jpg.rf.8e149bce3a7c0a71b6c830c59940a930.txt,True
train,processed/train/images/IMG_6280_jpg.rf.cdfb928c322447d6fc63b210156ea6eb.jpg,processed/train/labels/IMG_6280_jpg.rf.cdfb928c322447d6fc63b210156ea6eb.txt,True
train,processed/train/images/IMG_6281_jpg.rf.032b7a9ad3c537420cdff42c0c3e2179.jpg,processed/train/labels/IMG_6281_jpg.rf.032b7a9ad3c537420cdff42c0c3e2179.txt,True
train,processed/train/images/IMG_6282_jpg.rf.80d626131b2e8e8340e08671e12bc4d9.jpg,processed/train/labels/IMG_6282_jpg.rf.80d626131b2e8e8340e08671e12bc4d9.txt,True
train,processed/train/images/IMG_6283_jpg.rf.3eff677065972b510bda0bc4fe9e20f0.jpg,processed/train/labels/IMG_6283_jpg.rf.3eff677065972b510bda0bc4fe9e20f0.txt,True
train,processed/train/images/IMG_6289_jpg.rf.a70fdda5fa072869187484a5a757f0ec.jpg,processed/train/labels/IMG_6289_jpg.rf.a70fdda5fa072869187484a5a757f0ec.txt,True
train,processed/train/images/IMG_6290_jpg.rf.7b3589c850d1681c4aab7bd067ea475e.jpg,processed/train/labels/IMG_6290_jpg.rf.7b3589c850d1681c4aab7bd067ea475e.txt,True
train,processed/train/images/IMG_6291_jpg.rf.f7ef6a5c8d2e2df28911699517f2ce37.jpg,processed/train/labels/IMG_6291_jpg.rf.f7ef6a5c8d2e2df28911699517f2ce37.txt,True
train,processed/train/images/IMG_6294_jpg.rf.2894da5789854dbfee0684a800ccedc3.jpg,processed/train/labels/IMG_6294_jpg.rf.2894da5789854dbfee0684a800ccedc3.txt,True
train,processed/train/images/IMG_6296_jpg.rf.96b2a01ca16086b7cd3645f08eb36134.jpg,processed/train/labels/IMG_6296_jpg.rf.96b2a01ca16086b7cd3645f08eb36134.txt,True
train,processed/train/images/IMG_6297_jpg.rf.1557768d5cfdccb8e0b614fee26fb074.jpg,processed/train/labels/IMG_6297_jpg.rf.1557768d5cfdccb8e0b614fee26fb074.txt,True
train,processed/train/images/IMG_6298_jpg.rf.a82371718acb52407d47ccee1a00aaab.jpg,processed/train/labels/IMG_6298_jpg.rf.a82371718acb52407d47ccee1a00aaab.txt,True
train,processed/train/images/IMG_6299_jpg.rf.e51d13689541886caf29b8368657fa63.jpg,processed/train/labels/IMG_6299_jpg.rf.e51d13689541886caf29b8368657fa63.txt,True
train,processed/train/images/IMG_6302_jpg.rf.665639ea647d87dc887483b00804a6ad.jpg,processed/train/labels/IMG_6302_jpg.rf.665639ea647d87dc887483b00804a6ad.txt,True
train,processed/train/images/IMG_6304_jpg.rf.de79d7e8004be4450546d747c660bfee.jpg,processed/train/labels/IMG_6304_jpg.rf.de79d7e8004be4450546d747c660bfee.txt,True
train,processed/train/images/IMG_6305_jpg.rf.3189fff328ea131de39c28d209b48c52.jpg,processed/train/labels/IMG_6305_jpg.rf.3189fff328ea131de39c28d209b48c52.txt,True
train,processed/train/images/IMG_6307_jpg.rf.3165f960945d270577b80ffe97f8bed1.jpg,processed/train/labels/IMG_6307_jpg.rf.3165f960945d270577b80ffe97f8bed1.txt,True
train,processed/train/images/IMG_6308_jpg.rf.f7591b6a731bb30f8fc622015719dcbb.jpg,processed/train/labels/IMG_6308_jpg.rf.f7591b6a731bb30f8fc622015719dcbb.txt,True
train,processed/train/images/IMG_6309_jpg.rf.f8a34c200b22b1898ef2f43e789e050b.jpg,processed/train/labels/IMG_6309_jpg.rf.f8a34c200b22b1898ef2f43e789e050b.txt,True
train,processed/train/images/IMG_6310_jpg.rf.4e849231aed024b976f3068958272f5c.jpg,processed/train/labels/IMG_6310_jpg.rf.4e849231aed024b976f3068958272f5c.txt,True
train,processed/train/images/IMG_6313_jpg.rf.65742c01959cb9c2826967383eb2868b.jpg,processed/train/labels/IMG_6313_jpg.rf.65742c01959cb9c2826967383eb2868b.txt,True
train,processed/train/images/IMG_6314_jpg.rf.52c76f0267bfb1d25642218e10efaaa8.jpg,processed/train/labels/IMG_6314_jpg.rf.52c76f0267bfb1d25642218e10efaaa8.txt,True
train,processed/train/images/IMG_6315_jpg.rf.c24b324d2220939d683aa8178d3fe752.jpg,processed/train/labels/IMG_6315_jpg.rf.c24b324d2220939d683aa8178d3fe752.txt,True
train,processed/train/images/IMG_6316_jpg.rf.b8ff999f86aaa0a15c0f70d2b22a27b8.jpg,processed/train/labels/IMG_6316_jpg.rf.b8ff999f86aaa0a15c0f70d2b22a27b8.txt,True
train,processed/train/images/IMG_6319_jpg.rf.7d4eafff8fd4d5d973fdd707084097ea.jpg,processed/train/labels/IMG_6319_jpg.rf.7d4eafff8fd4d5d973fdd707084097ea.txt,True
train,processed/train/images/IMG_6320_jpg.rf.3e441cddd27658b77be46e7b5fdd1223.jpg,processed/train/labels/IMG_6320_jpg.rf.3e441cddd27658b77be46e7b5fdd1223.txt,True
train,processed/train/images/IMG_6321_jpg.rf.42d68714916ec003a17ad655bfb2b446.jpg,processed/train/labels/IMG_6321_jpg.rf.42d68714916ec003a17ad655bfb2b446.txt,True
train,processed/train/images/IMG_6322_jpg.rf.29e010c0b9081c13e7421cdd54f09e53.jpg,processed/train/labels/IMG_6322_jpg.rf.29e010c0b9081c13e7421cdd54f09e53.txt,True
train,processed/train/images/IMG_6324_jpg.rf.4ac1245920015f601e579f6431cca429.jpg,processed/train/labels/IMG_6324_jpg.rf.4ac1245920015f601e579f6431cca429.txt,True
train,processed/train/images/IMG_6325_jpg.rf.97b64a4ea049eee8b80c9c13520fff86.jpg,processed/train/labels/IMG_6325_jpg.rf.97b64a4ea049eee8b80c9c13520fff86.txt,True
train,processed/train/images/IMG_6326_jpg.rf.dfeb7925acc3a64316ba12c7366e1fa9.jpg,processed/train/labels/IMG_6326_jpg.rf.dfeb7925acc3a64316ba12c7366e1fa9.txt,True
train,processed/train/images/IMG_6332_jpg.rf.4710eda51d8a6df5de1e3dba92f42939.jpg,processed/train/labels/IMG_6332_jpg.rf.4710eda51d8a6df5de1e3dba92f42939.txt,True
train,processed/train/images/IMG_6333_jpg.rf.f9a9e1e5931ee2e1185c334b04109eda.jpg,processed/train/labels/IMG_6333_jpg.rf.f9a9e1e5931ee2e1185c334b04109eda.txt,True
train,processed/train/images/IMG_6334_jpg.rf.93d8d632fd20f43625756f5ebf2f7d67.jpg,processed/train/labels/IMG_6334_jpg.rf.93d8d632fd20f43625756f5ebf2f7d67.txt,True
train,processed/train/images/IMG_6335_jpg.rf.4f01be6090894628eb3c6d5ed4cac6e5.jpg,processed/train/labels/IMG_6335_jpg.rf.4f01be6090894628eb3c6d5ed4cac6e5.txt,True
train,processed/train/images/IMG_6337_jpg.rf.09c67a59e23cf82abdac48a68905fa63.jpg,processed/train/labels/IMG_6337_jpg.rf.09c67a59e23cf82abdac48a68905fa63.txt,True
train,processed/train/images/IMG_6338_jpg.rf.da97621398e2d0fb7aa264d83f01ba66.jpg,processed/train/labels/IMG_6338_jpg.rf.da97621398e2d0fb7aa264d83f01ba66.txt,True
train,processed/train/images/IMG_6340_jpg.rf.0e60d75fce101350a832526827a6485d.jpg,processed/train/labels/IMG_6340_jpg.rf.0e60d75fce101350a832526827a6485d.txt,True
train,processed/train/images/IMG_6341_jpg.rf.054f37b887ba1a198c7a0fa187099060.jpg,processed/train/labels/IMG_6341_jpg.rf.054f37b887ba1a198c7a0fa187099060.txt,True
train,processed/train/images/IMG_6342_jpg.rf.99cc13415c4326de3fb9b0eccb8431d8.jpg,processed/train/labels/IMG_6342_jpg.rf.99cc13415c4326de3fb9b0eccb8431d8.txt,True
train,processed/train/images/IMG_6343_jpg.rf.e6d9a22e4fcfb09a441b5014f3556235.jpg,processed/train/labels/IMG_6343_jpg.rf.e6d9a22e4fcfb09a441b5014f3556235.txt,True
train,processed/train/images/IMG_6345_jpg.rf.d32d926af056cdd7faf5b6ccba150db1.jpg,processed/train/labels/IMG_6345_jpg.rf.d32d926af056cdd7faf5b6ccba150db1.txt,True
train,processed/train/images/IMG_6346_jpg.rf.837b71dc0de003d55dd978333825dc0e.jpg,processed/train/labels/IMG_6346_jpg.rf.837b71dc0de003d55dd978333825dc0e.txt,True
train,processed/train/images/IMG_6347_jpg.rf.b993d745642b362e8267717f350991f5.jpg,processed/train/labels/IMG_6347_jpg.rf.b993d745642b362e8267717f350991f5.txt,True
train,processed/train/images/IMG_6349_jpg.rf.7bb53b0efcba58196cf80b8603a42438.jpg,processed/train/labels/IMG_6349_jpg.rf.7bb53b0efcba58196cf80b8603a42438.txt,True
train,processed/train/images/IMG_6350_jpg.rf.9751f204eb8c2b0d98abbc44202e7cb8.jpg,processed/train/labels/IMG_6350_jpg.rf.9751f204eb8c2b0d98abbc44202e7cb8.txt,True
train,processed/train/images/IMG_6351_jpg.rf.067a1a7dba2cd9689200279b23791d86.jpg,processed/train/labels/IMG_6351_jpg.rf.067a1a7dba2cd9689200279b23791d86.txt,True
train,processed/train/images/IMG_6352_jpg.rf.b2c02a519a1a2c76f6d025084656edcb.jpg,processed/train/labels/IMG_6352_jpg.rf.b2c02a519a1a2c76f6d025084656edcb.txt,True
train,processed/train/images/IMG_6353_jpg.rf.16788c710911ba24c20c7d95e043193a.jpg,processed/train/labels/IMG_6353_jpg.rf.16788c710911ba24c20c7d95e043193a.txt,True
train,processed/train/images/IMG_6354_jpg.rf.db1d7484c20553a92a462df8ee3884fa.jpg,processed/train/labels/IMG_6354_jpg.rf.db1d7484c20553a92a462df8ee3884fa.txt,True
train,processed/train/images/IMG_6355_jpg.rf.cc3f2cb57c5a57d795af088c9b222862.jpg,processed/train/labels/IMG_6355_jpg.rf.cc3f2cb57c5a57d795af088c9b222862.txt,True
train,processed/train/images/IMG_6356_jpg.rf.c8da49e9e399569ae226cc0821789aab.jpg,processed/train/labels/IMG_6356_jpg.rf.c8da49e9e399569ae226cc0821789aab.txt,True
train,processed/train/images/IMG_6358_jpg.rf.80065961d1af9ac8da89f68f6923afc9.jpg,processed/train/labels/IMG_6358_jpg.rf.80065961d1af9ac8da89f68f6923afc9.txt,True
train,processed/train/images/IMG_6359_jpg.rf.f940c03e078c4bd9f622cc4ccf833a14.jpg,processed/train/labels/IMG_6359_jpg.rf.f940c03e078c4bd9f622cc4ccf833a14.txt,True
train,processed/train/images/IMG_6360_jpg.rf.e6620d33eba2f4c834d995d4a631f8ed.jpg,processed/train/labels/IMG_6360_jpg.rf.e6620d33eba2f4c834d995d4a631f8ed.txt,True
train,processed/train/images/IMG_6362_jpg.rf.6bc7fbc8a867039ed0042cf64b66990f.jpg,processed/train/labels/IMG_6362_jpg.rf.6bc7fbc8a867039ed0042cf64b66990f.txt,True
train,processed/train/images/IMG_6363_jpg.rf.8a24e3e079b71129ce107376adae97e7.jpg,processed/train/labels/IMG_6363_jpg.rf.8a24e3e079b71129ce107376adae97e7.txt,True
train,processed/train/images/IMG_6364_jpg.rf.c59ca0942603ec40bcebcf982ab17cbe.jpg,processed/train/labels/IMG_6364_jpg.rf.c59ca0942603ec40bcebcf982ab17cbe.txt,True
train,processed/train/images/IMG_6365_jpg.rf.aee522633918d86d30e11c92bdc54ad4.jpg,processed/train/labels/IMG_6365_jpg.rf.aee522633918d86d30e11c92bdc54ad4.txt,True
train,processed/train/images/IMG_6367_jpg.rf.6235c43566252b7950db3842cb2a82e9.jpg,processed/train/labels/IMG_6367_jpg.rf.6235c43566252b7950db3842cb2a82e9.txt,True
train,processed/train/images/IMG_6368_jpg.rf.6e80737f1634ff428ce9e7609f9a25cd.jpg,processed/train/labels/IMG_6368_jpg.rf.6e80737f1634ff428ce9e7609f9a25cd.txt,True
train,processed/train/images/IMG_6369_jpg.rf.42efe57818344f3016daca49451637d1.jpg,processed/train/labels/IMG_6369_jpg.rf.42efe57818344f3016daca49451637d1.txt,True
train,processed/train/images/IMG_6371_jpg.rf.6d782426186647f1fbeb7b24d50717b5.jpg,processed/train/labels/IMG_6371_jpg.rf.6d782426186647f1fbeb7b24d50717b5.txt,True
train,processed/train/images/IMG_6372_jpg.rf.fb869778317a135228b4d5458a5c3b08.jpg,processed/train/labels/IMG_6372_jpg.rf.fb869778317a135228b4d5458a5c3b08.txt,True
train,processed/train/images/IMG_6373_jpg.rf.074fa56decf4d59ba6b4e7478985a528.jpg,processed/train/labels/IMG_6373_jpg.rf.074fa56decf4d59ba6b4e7478985a528.txt,True
train,processed/train/images/IMG_6374_jpg.rf.4578570d08a680fceea93d98da43a980.jpg,processed/train/labels/IMG_6374_jpg.rf.4578570d08a680fceea93d98da43a980.txt,True
train,processed/train/images/IMG_6378_jpg.rf.0610ff6de32b7ba8d7d26050bf6253df.jpg,processed/train/labels/IMG_6378_jpg.rf.0610ff6de32b7ba8d7d26050bf6253df.txt,True
train,processed/train/images/IMG_6379_jpg.rf.0042d084bdb6bbd130c2002456527944.jpg,processed/train/labels/IMG_6379_jpg.rf.0042d084bdb6bbd130c2002456527944.txt,True
train,processed/train/images/IMG_6380_jpg.rf.58198ce3eafd824f9d9a0cd42d57f653.jpg,processed/train/labels/IMG_6380_jpg.rf.58198ce3eafd824f9d9a0cd42d57f653.txt,True
train,processed/train/images/IMG_6381_jpg.rf.5832d19c557305d5fed956ff70f7910a.jpg,processed/train/labels/IMG_6381_jpg.rf.5832d19c557305d5fed956ff70f7910a.txt,True
train,processed/train/images/IMG_6382_jpg.rf.90f4f927b1e5ded6140c35c87c63c560.jpg,processed/train/labels/IMG_6382_jpg.rf.90f4f927b1e5ded6140c35c87c63c560.txt,True
train,processed/train/images/IMG_6383_jpg.rf.a6df1c16ad347d99b23c9142b33e2709.jpg,processed/train/labels/IMG_6383_jpg.rf.a6df1c16ad347d99b23c9142b33e2709.txt,True
train,processed/train/images/IMG_6384_jpg.rf.65e085fb2e032714fee14d628f8402c3.jpg,processed/train/labels/IMG_6384_jpg.rf.65e085fb2e032714fee14d628f8402c3.txt,True
train,processed/train/images/IMG_6385_jpg.rf.6acf47986877b2f8502b04cca0d276f1.jpg,processed/train/labels/IMG_6385_jpg.rf.6acf47986877b2f8502b04cca0d276f1.txt,True
train,processed/train/images/IMG_6386_jpg.rf.c1923be66546887b2307c85a4d4380a2.jpg,processed/train/labels/IMG_6386_jpg.rf.c1923be66546887b2307c85a4d4380a2.txt,True
train,processed/train/images/IMG_6388_jpg.rf.07062fefb1af897d7288c617b869fd89.jpg,processed/train/labels/IMG_6388_jpg.rf.07062fefb1af897d7288c617b869fd89.txt,True
train,processed/train/images/IMG_6389_jpg.rf.1f9e838414950221dcd08fc713df5fb5.jpg,processed/train/labels/IMG_6389_jpg.rf.1f9e838414950221dcd08fc713df5fb5.txt,True
train,processed/train/images/IMG_6390_jpg.rf.f7b117a713aab513e717e13a8d70d536.jpg,processed/train/labels/IMG_6390_jpg.rf.f7b117a713aab513e717e13a8d70d536.txt,True
train,processed/train/images/IMG_6393_jpg.rf.28cd099e0cbc4e44da56412b90119a35.jpg,processed/train/labels/IMG_6393_jpg.rf.28cd099e0cbc4e44da56412b90119a35.txt,True
train,processed/train/images/IMG_6394_jpg.rf.912f149313c6955b37858ff416599ca4.jpg,processed/train/labels/IMG_6394_jpg.rf.912f149313c6955b37858ff416599ca4.txt,True
train,processed/train/images/IMG_6395_jpg.rf.c9e1df6a231eff2c12ede81c13767578.jpg,processed/train/labels/IMG_6395_jpg.rf.c9e1df6a231eff2c12ede81c13767578.txt,True
train,processed/train/images/IMG_6396_jpg.rf.f19f22ecf36b3a2c5777153df82a620f.jpg,processed/train/labels/IMG_6396_jpg.rf.f19f22ecf36b3a2c5777153df82a620f.txt,True
train,processed/train/images/IMG_6397_jpg.rf.271ddcbc88af994a1f8b59c68a247314.jpg,processed/train/labels/IMG_6397_jpg.rf.271ddcbc88af994a1f8b59c68a247314.txt,True
train,processed/train/images/IMG_6398_jpg.rf.455134c9f997574a4daed316e7fcc783.jpg,processed/train/labels/IMG_6398_jpg.rf.455134c9f997574a4daed316e7fcc783.txt,True
train,processed/train/images/IMG_6399_jpg.rf.f7f26ddd22e65c9c82244e061e6afc60.jpg,processed/train/labels/IMG_6399_jpg.rf.f7f26ddd22e65c9c82244e061e6afc60.txt,True
train,processed/train/images/IMG_6400_jpg.rf.ff7c16089c08cb78b7e1db841f7038ac.jpg,processed/train/labels/IMG_6400_jpg.rf.ff7c16089c08cb78b7e1db841f7038ac.txt,True
train,processed/train/images/IMG_6401_jpg.rf.c7efa72ec4ad813584c382a6ac05ba00.jpg,processed/train/labels/IMG_6401_jpg.rf.c7efa72ec4ad813584c382a6ac05ba00.txt,True
train,processed/train/images/IMG_6402_jpg.rf.0dab515083427dc8be707e89aeb9c76f.jpg,processed/train/labels/IMG_6402_jpg.rf.0dab515083427dc8be707e89aeb9c76f.txt,True
train,processed/train/images/IMG_6403_jpg.rf.332ad2c44a7d28d35c11c3e4c5af1de5.jpg,processed/train/labels/IMG_6403_jpg.rf.332ad2c44a7d28d35c11c3e4c5af1de5.txt,True
train,processed/train/images/IMG_6404_jpg.rf.dd63be5f825828447f8c35b87231d800.jpg,processed/train/labels/IMG_6404_jpg.rf.dd63be5f825828447f8c35b87231d800.txt,True
train,processed/train/images/IMG_6407_jpg.rf.8ac4daab67962e1454edd35ff88c2bd0.jpg,processed/train/labels/IMG_6407_jpg.rf.8ac4daab67962e1454edd35ff88c2bd0.txt,True
train,processed/train/images/IMG_6408_jpg.rf.5b78a8ed04d0aee9aa653fa0fda0a524.jpg,processed/train/labels/IMG_6408_jpg.rf.5b78a8ed04d0aee9aa653fa0fda0a524.txt,True
train,processed/train/images/IMG_6410_jpg.rf.c4aa349cf4a9e2e8312fe68a4d473ab6.jpg,processed/train/labels/IMG_6410_jpg.rf.c4aa349cf4a9e2e8312fe68a4d473ab6.txt,True
train,processed/train/images/IMG_6411_jpg.rf.c5784d39f5877e1cce7c16831cb82846.jpg,processed/train/labels/IMG_6411_jpg.rf.c5784d39f5877e1cce7c16831cb82846.txt,True
train,processed/train/images/IMG_6414_jpg.rf.812e12bc46000f39698e876a62c6a47c.jpg,processed/train/labels/IMG_6414_jpg.rf.812e12bc46000f39698e876a62c6a47c.txt,True
train,processed/train/images/IMG_6415_jpg.rf.c6102bdcfff4b8948a503ba4d619e87b.jpg,processed/train/labels/IMG_6415_jpg.rf.c6102bdcfff4b8948a503ba4d619e87b.txt,True
train,processed/train/images/IMG_6416_jpg.rf.2d385b33316732039c89b531fc225e92.jpg,processed/train/labels/IMG_6416_jpg.rf.2d385b33316732039c89b531fc225e92.txt,True
train,processed/train/images/IMG_6418_jpg.rf.d16a5ca21b43c2d05cf2962c688347ba.jpg,processed/train/labels/IMG_6418_jpg.rf.d16a5ca21b43c2d05cf2962c688347ba.txt,True
train,processed/train/images/IMG_6419_jpg.rf.b99f0048d8aca9ece90fff9abb9aa7be.jpg,processed/train/labels/IMG_6419_jpg.rf.b99f0048d8aca9ece90fff9abb9aa7be.txt,True
train,processed/train/images/IMG_6421_jpg.rf.78b6b3a954be95a2959416e61c2c33c0.jpg,processed/train/labels/IMG_6421_jpg.rf.78b6b3a954be95a2959416e61c2c33c0.txt,True
train,processed/train/images/IMG_6422_jpg.rf.10aea23192aef79e1a2911af0ed23275.jpg,processed/train/labels/IMG_6422_jpg.rf.10aea23192aef79e1a2911af0ed23275.txt,True
train,processed/train/images/IMG_6424_jpg.rf.fc133f91d09d2ba0f4bdbc3657e16414.jpg,processed/train/labels/IMG_6424_jpg.rf.fc133f91d09d2ba0f4bdbc3657e16414.txt,True
train,processed/train/images/IMG_6425_jpg.rf.ee8faf8030edbf017c7ed88346f47990.jpg,processed/train/labels/IMG_6425_jpg.rf.ee8faf8030edbf017c7ed88346f47990.txt,True
train,processed/train/images/IMG_6426_jpg.rf.7da6bed6be54927664c7915e4fb3360c.jpg,processed/train/labels/IMG_6426_jpg.rf.7da6bed6be54927664c7915e4fb3360c.txt,True
train,processed/train/images/IMG_6430_jpg.rf.1651791f072f5b69dc0a938bc0824ab8.jpg,processed/train/labels/IMG_6430_jpg.rf.1651791f072f5b69dc0a938bc0824ab8.txt,True
train,processed/train/images/IMG_6431_jpg.rf.aa9532aa88699810256e1c545fe59997.jpg,processed/train/labels/IMG_6431_jpg.rf.aa9532aa88699810256e1c545fe59997.txt,True
train,processed/train/images/IMG_6432_jpg.rf.2040e55a6933ba97ac2e8895139924c5.jpg,processed/train/labels/IMG_6432_jpg.rf.2040e55a6933ba97ac2e8895139924c5.txt,True
train,processed/train/images/IMG_6436_jpg.rf.8341434cd7548132b3cf315d170d600c.jpg,processed/train/labels/IMG_6436_jpg.rf.8341434cd7548132b3cf315d170d600c.txt,True
train,processed/train/images/IMG_6437_jpg.rf.eca95a6b67cf2f8e861864d2abee418c.jpg,processed/train/labels/IMG_6437_jpg.rf.eca95a6b67cf2f8e861864d2abee418c.txt,True
train,processed/train/images/IMG_6439_jpg.rf.04f295a9fb864aa455313102d246cb5b.jpg,processed/train/labels/IMG_6439_jpg.rf.04f295a9fb864aa455313102d246cb5b.txt,True
train,processed/train/images/IMG_6441_jpg.rf.5f9a3e82219341bba89c82bc1cbe1b62.jpg,processed/train/labels/IMG_6441_jpg.rf.5f9a3e82219341bba89c82bc1cbe1b62.txt,True
train,processed/train/images/IMG_6444_jpg.rf.957e9af2d35ebfef8ac75f5715889300.jpg,processed/train/labels/IMG_6444_jpg.rf.957e9af2d35ebfef8ac75f5715889300.txt,True
train,processed/train/images/IMG_6445_jpg.rf.456e64da4bdbdc3071070f31a6334ad7.jpg,processed/train/labels/IMG_6445_jpg.rf.456e64da4bdbdc3071070f31a6334ad7.txt,True
train,processed/train/images/IMG_6446_jpg.rf.822ff1f16d9848e4b82b0eace190b566.jpg,processed/train/labels/IMG_6446_jpg.rf.822ff1f16d9848e4b82b0eace190b566.txt,True
train,processed/train/images/IMG_6447_jpg.rf.df72ca905e15bb928fe757833fd4ffeb.jpg,processed/train/labels/IMG_6447_jpg.rf.df72ca905e15bb928fe757833fd4ffeb.txt,True
train,processed/train/images/IMG_6448_jpg.rf.126ab6beca65390b8c59120f9b0bfc6a.jpg,processed/train/labels/IMG_6448_jpg.rf.126ab6beca65390b8c59120f9b0bfc6a.txt,True
train,processed/train/images/IMG_6451_jpg.rf.0c045b85745796e1f876a8ba1e6b6e49.jpg,processed/train/labels/IMG_6451_jpg.rf.0c045b85745796e1f876a8ba1e6b6e49.txt,True
train,processed/train/images/IMG_6452_jpg.rf.774fe151fd79f8a4063ee7fc07c1b51e.jpg,processed/train/labels/IMG_6452_jpg.rf.774fe151fd79f8a4063ee7fc07c1b51e.txt,True
train,processed/train/images/IMG_6453_jpg.rf.844c66e972c06890664db0002e0c7eb7.jpg,processed/train/labels/IMG_6453_jpg.rf.844c66e972c06890664db0002e0c7eb7.txt,True
train,processed/train/images/IMG_6455_jpg.rf.4149733bb6decf126de4e2c930f4fa18.jpg,processed/train/labels/IMG_6455_jpg.rf.4149733bb6decf126de4e2c930f4fa18.txt,True
train,processed/train/images/IMG_6457_jpg.rf.28e43ec3982a468a577ea080a30ac018.jpg,processed/train/labels/IMG_6457_jpg.rf.28e43ec3982a468a577ea080a30ac018.txt,True
train,processed/train/images/IMG_6460_jpg.rf.8aea9e52c1a95397b5b9446043f1d0b3.jpg,processed/train/labels/IMG_6460_jpg.rf.8aea9e52c1a95397b5b9446043f1d0b3.txt,True
train,processed/train/images/IMG_6461_jpg.rf.423ccc55b000f3cc7cf1a1478cd1c0af.jpg,processed/train/labels/IMG_6461_jpg.rf.423ccc55b000f3cc7cf1a1478cd1c0af.txt,True
train,processed/train/images/IMG_6466_jpg.rf.5269590b8029c586c43d690a35cd66b2.jpg,processed/train/labels/IMG_6466_jpg.rf.5269590b8029c586c43d690a35cd66b2.txt,True
train,processed/train/images/IMG_6468_jpg.rf.affe286efdf0ff869c79708379935ae2.jpg,processed/train/labels/IMG_6468_jpg.rf.affe286efdf0ff869c79708379935ae2.txt,True
train,processed/train/images/IMG_6469_jpg.rf.b3b8a7cc2c7ed7fdc7f3ff1b15787be1.jpg,processed/train/labels/IMG_6469_jpg.rf.b3b8a7cc2c7ed7fdc7f3ff1b15787be1.txt,True
train,processed/train/images/IMG_6471_jpg.rf.8dc514574722557aeda516806d932e07.jpg,processed/train/labels/IMG_6471_jpg.rf.8dc514574722557aeda516806d932e07.txt,True
valid,processed/valid/images/IMG_4573_jpg.rf.0a74b8e138ac33c1a3114034452ec27d.jpg,processed/valid/labels/IMG_4573_jpg.rf.0a74b8e138ac33c1a3114034452ec27d.txt,True
valid,processed/valid/images/IMG_4576_jpg.rf.2144d6b9cdc0aab545a319fd2efdaedb.jpg,processed/valid/labels/IMG_4576_jpg.rf.2144d6b9cdc0aab545a319fd2efdaedb.txt,True
valid,processed/valid/images/IMG_4578_jpg.rf.781793302a82ac6880f8d01953251eb9.jpg,processed/valid/labels/IMG_4578_jpg.rf.781793302a82ac6880f8d01953251eb9.txt,True
valid,processed/valid/images/IMG_4579_jpg.rf.d26e64a8162ea950d4f20e434eea5722.jpg,processed/valid/labels/IMG_4579_jpg.rf.d26e64a8162ea950d4f20e434eea5722.txt,True
valid,processed/valid/images/IMG_4586_jpg.rf.0bac2205caef188d4afa02fa207709dc.jpg,processed/valid/labels/IMG_4586_jpg.rf.0bac2205caef188d4afa02fa207709dc.txt,True
valid,processed/valid/images/IMG_4588_jpg.rf.f05baa7b00cf8ecc3a7b7538e0e2bc22.jpg,processed/valid/labels/IMG_4588_jpg.rf.f05baa7b00cf8ecc3a7b7538e0e2bc22.txt,True
valid,processed/valid/images/IMG_4591_jpg.rf.bc819268fb2e22b328dfe38621d045d6.jpg,processed/valid/labels/IMG_4591_jpg.rf.bc819268fb2e22b328dfe38621d045d6.txt,True
valid,processed/valid/images/IMG_4602_jpg.rf.3f463db41dca79c7c6fe26c5c198cc28.jpg,processed/valid/labels/IMG_4602_jpg.rf.3f463db41dca79c7c6fe26c5c198cc28.txt,True
valid,processed/valid/images/IMG_4611_jpg.rf.d020e41b6dee67e6978fa3483309ee51.jpg,processed/valid/labels/IMG_4611_jpg.rf.d020e41b6dee67e6978fa3483309ee51.txt,True
valid,processed/valid/images/IMG_4615_jpg.rf.050b8a9360ad632e9e658c6956ca8d62.jpg,processed/valid/labels/IMG_4615_jpg.rf.050b8a9360ad632e9e658c6956ca8d62.txt,True
valid,processed/valid/images/IMG_4620_jpg.rf.97faf68e5e5ff7d21f05859a3e969116.jpg,processed/valid/labels/IMG_4620_jpg.rf.97faf68e5e5ff7d21f05859a3e969116.txt,True
valid,processed/valid/images/IMG_4622_jpg.rf.8669be805a4a18481e78ce0969751beb.jpg,processed/valid/labels/IMG_4622_jpg.rf.8669be805a4a18481e78ce0969751beb.txt,True
valid,processed/valid/images/IMG_4628_jpg.rf.39643160dcf5bc270f75543a06c2828b.jpg,processed/valid/labels/IMG_4628_jpg.rf.39643160dcf5bc270f75543a06c2828b.txt,True
valid,processed/valid/images/IMG_4636_jpg.rf.88b2892634826fc3307d8da7399ec824.jpg,processed/valid/labels/IMG_4636_jpg.rf.88b2892634826fc3307d8da7399ec824.txt,True
valid,processed/valid/images/IMG_4645_jpg.rf.8bcd55928c5838cb778505eb6a8c19bd.jpg,processed/valid/labels/IMG_4645_jpg.rf.8bcd55928c5838cb778505eb6a8c19bd.txt,True
valid,processed/valid/images/IMG_4650_jpg.rf.6903f5ed3c7713fb204cd41cc882c0be.jpg,processed/valid/labels/IMG_4650_jpg.rf.6903f5ed3c7713fb204cd41cc882c0be.txt,True
valid,processed/valid/images/IMG_4651_jpg.rf.4ae7d528052a808cf1ef143dad19f5ab.jpg,processed/valid/labels/IMG_4651_jpg.rf.4ae7d528052a808cf1ef143dad19f5ab.txt,True
valid,processed/valid/images/IMG_4653_jpg.rf.0b1f2d5cadc2dec6acc5a1553c614752.jpg,processed/valid/labels/IMG_4653_jpg.rf.0b1f2d5cadc2dec6acc5a1553c614752.txt,True
valid,processed/valid/images/IMG_4657_jpg.rf.ce8fb489e9e4cda15fd5ecba3f5cfa22.jpg,processed/valid/labels/IMG_4657_jpg.rf.ce8fb489e9e4cda15fd5ecba3f5cfa22.txt,True
valid,processed/valid/images/IMG_4662_jpg.rf.122285da8eb248024ad1e943d9ba768e.jpg,processed/valid/labels/IMG_4662_jpg.rf.122285da8eb248024ad1e943d9ba768e.txt,True
valid,processed/valid/images/IMG_4674_jpg.rf.e1384e2c9dbac6c91c3a1508f55aa81a.jpg,processed/valid/labels/IMG_4674_jpg.rf.e1384e2c9dbac6c91c3a1508f55aa81a.txt,True
valid,processed/valid/images/IMG_4675_jpg.rf.c64e3007c3deb19eb9bd80440233e860.jpg,processed/valid/labels/IMG_4675_jpg.rf.c64e3007c3deb19eb9bd80440233e860.txt,True
valid,processed/valid/images/IMG_4676_jpg.rf.ca2f77e57c4ab78ea4eefa0b7a871966.jpg,processed/valid/labels/IMG_4676_jpg.rf.ca2f77e57c4ab78ea4eefa0b7a871966.txt,True
valid,processed/valid/images/IMG_4682_jpg.rf.a576c9d1ca2500221ac3d4985f67abed.jpg,processed/valid/labels/IMG_4682_jpg.rf.a576c9d1ca2500221ac3d4985f67abed.txt,True
valid,processed/valid/images/IMG_4688_jpg.rf.7128d2aa3e2e11d9c85158ea5690d8b5.jpg,processed/valid/labels/IMG_4688_jpg.rf.7128d2aa3e2e11d9c85158ea5690d8b5.txt,True
valid,processed/valid/images/IMG_4689_jpg.rf.262d09527a6434b40a1e4278bcb711bd.jpg,processed/valid/labels/IMG_4689_jpg.rf.262d09527a6434b40a1e4278bcb711bd.txt,True
valid,processed/valid/images/IMG_4690_jpg.rf.93cc5ee3c78ec77d22fe0c778ed4871c.jpg,processed/valid/labels/IMG_4690_jpg.rf.93cc5ee3c78ec77d22fe0c778ed4871c.txt,True
valid,processed/valid/images/IMG_4691_jpg.rf.fcedda090230b4b204d72d1e039834e5.jpg,processed/valid/labels/IMG_4691_jpg.rf.fcedda090230b4b204d72d1e039834e5.txt,True
valid,processed/valid/images/IMG_4692_jpg.rf.004743ad7152f98d83b8861ba899436c.jpg,processed/valid/labels/IMG_4692_jpg.rf.004743ad7152f98d83b8861ba899436c.txt,True
valid,processed/valid/images/IMG_4696_jpg.rf.dc4c74c2f9070cf39ed9d384a07e2cb8.jpg,processed/valid/labels/IMG_4696_jpg.rf.dc4c74c2f9070cf39ed9d384a07e2cb8.txt,True
valid,processed/valid/images/IMG_4703_jpg.rf.5c34c4a2558725e4709016eab813b0fb.jpg,processed/valid/labels/IMG_4703_jpg.rf.5c34c4a2558725e4709016eab813b0fb.txt,True
valid,processed/valid/images/IMG_4710_jpg.rf.972aa3c9f1bd54ef8a9baabdab3e13d9.jpg,processed/valid/labels/IMG_4710_jpg.rf.972aa3c9f1bd54ef8a9baabdab3e13d9.txt,True
valid,processed/valid/images/IMG_4711_jpg.rf.07a855f0d881792a89769879bd0165c6.jpg,processed/valid/labels/IMG_4711_jpg.rf.07a855f0d881792a89769879bd0165c6.txt,True
valid,processed/valid/images/IMG_4712_jpg.rf.16b01ab1f1df79a27d1836c7a5f87496.jpg,processed/valid/labels/IMG_4712_jpg.rf.16b01ab1f1df79a27d1836c7a5f87496.txt,True
valid,processed/valid/images/IMG_4713_jpg.rf.7631efde08c34abab902eb7c7376c19a.jpg,processed/valid/labels/IMG_4713_jpg.rf.7631efde08c34abab902eb7c7376c19a.txt,True
valid,processed/valid/images/IMG_4717_jpg.rf.571ecefe7ccc484b0fdcde14f5b24926.jpg,processed/valid/labels/IMG_4717_jpg.rf.571ecefe7ccc484b0fdcde14f5b24926.txt,True
valid,processed/valid/images/IMG_4720_jpg.rf.f54068cd9ba68632e5e4089e49b04860.jpg,processed/valid/labels/IMG_4720_jpg.rf.f54068cd9ba68632e5e4089e49b04860.txt,True
valid,processed/valid/images/IMG_4722_jpg.rf.efe24ebdb0f27085a6c173bf29693c1a.jpg,processed/valid/labels/IMG_4722_jpg.rf.efe24ebdb0f27085a6c173bf29693c1a.txt,True
valid,processed/valid/images/IMG_4726_jpg.rf.60e098a1e4b04d16a0d6039e6ea0ac8d.jpg,processed/valid/labels/IMG_4726_jpg.rf.60e098a1e4b04d16a0d6039e6ea0ac8d.txt,True
valid,processed/valid/images/IMG_4736_jpg.rf.2e0fd81e28c1e9947cc886118e3bc709.jpg,processed/valid/labels/IMG_4736_jpg.rf.2e0fd81e28c1e9947cc886118e3bc709.txt,True
valid,processed/valid/images/IMG_4739_jpg.rf.533ecb9965efbd8fe33ff343166aa47b.jpg,processed/valid/labels/IMG_4739_jpg.rf.533ecb9965efbd8fe33ff343166aa47b.txt,True
valid,processed/valid/images/IMG_4747_jpg.rf.f4f787d3f5e13e2b64fc62eb8f865dec.jpg,processed/valid/labels/IMG_4747_jpg.rf.f4f787d3f5e13e2b64fc62eb8f865dec.txt,True
valid,processed/valid/images/IMG_4765_jpg.rf.2e6fe0dd3b296cdb1b3d18112689f270.jpg,processed/valid/labels/IMG_4765_jpg.rf.2e6fe0dd3b296cdb1b3d18112689f270.txt,True
valid,processed/valid/images/IMG_4773_jpg.rf.84e6f81589f8703673db1cda95791ef4.jpg,processed/valid/labels/IMG_4773_jpg.rf.84e6f81589f8703673db1cda95791ef4.txt,True
valid,processed/valid/images/IMG_4778_jpg.rf.20fa9c3af9d138c346ccbed59cac2684.jpg,processed/valid/labels/IMG_4778_jpg.rf.20fa9c3af9d138c346ccbed59cac2684.txt,True
valid,processed/valid/images/IMG_4783_jpg.rf.98cbae8402739c6897f5f8a8c9c02eb4.jpg,processed/valid/labels/IMG_4783_jpg.rf.98cbae8402739c6897f5f8a8c9c02eb4.txt,True
valid,processed/valid/images/IMG_4791_jpg.rf.bba055c0bf15ca7786601effc3f39554.jpg,processed/valid/labels/IMG_4791_jpg.rf.bba055c0bf15ca7786601effc3f39554.txt,True
valid,processed/valid/images/IMG_4795_jpg.rf.045498693903c5d8bfbfc6f31363a64b.jpg,processed/valid/labels/IMG_4795_jpg.rf.045498693903c5d8bfbfc6f31363a64b.txt,True
valid,processed/valid/images/IMG_4802_jpg.rf.8f80a0a23d74e4c92de64431f9938bf6.jpg,processed/valid/labels/IMG_4802_jpg.rf.8f80a0a23d74e4c92de64431f9938bf6.txt,True
valid,processed/valid/images/IMG_4806_jpg.rf.dfa808a3f4bb6316244b2cfb65dd4223.jpg,processed/valid/labels/IMG_4806_jpg.rf.dfa808a3f4bb6316244b2cfb65dd4223.txt,True
valid,processed/valid/images/IMG_4808_jpg.rf.d1d2a0276464dedde0821672f1f4f346.jpg,processed/valid/labels/IMG_4808_jpg.rf.d1d2a0276464dedde0821672f1f4f346.txt,True
valid,processed/valid/images/IMG_4809_jpg.rf.b57016f97f784b00c928f23c6ee3586a.jpg,processed/valid/labels/IMG_4809_jpg.rf.b57016f97f784b00c928f23c6ee3586a.txt,True
valid,processed/valid/images/IMG_4810_jpg.rf.ff35c0fc9becae07370fdb18ac321d5d.jpg,processed/valid/labels/IMG_4810_jpg.rf.ff35c0fc9becae07370fdb18ac321d5d.txt,True
valid,processed/valid/images/IMG_4818_jpg.rf.eafd47b3d33da98cf95c03663ee2c6d7.jpg,processed/valid/labels/IMG_4818_jpg.rf.eafd47b3d33da98cf95c03663ee2c6d7.txt,True
valid,processed/valid/images/IMG_4827_jpg.rf.f5a62dacceda690a99db6ead2501ce95.jpg,processed/valid/labels/IMG_4827_jpg.rf.f5a62dacceda690a99db6ead2501ce95.txt,True
valid,processed/valid/images/IMG_4836_jpg.rf.2d7485831d5e95357b3758609fda8f81.jpg,processed/valid/labels/IMG_4836_jpg.rf.2d7485831d5e95357b3758609fda8f81.txt,True
valid,processed/valid/images/IMG_4838_jpg.rf.1b483854ddc7261b314d9a2714a287da.jpg,processed/valid/labels/IMG_4838_jpg.rf.1b483854ddc7261b314d9a2714a287da.txt,True
valid,processed/valid/images/IMG_5229_jpg.rf.40144915c3ca933dd2fe3de6607614ce.jpg,processed/valid/labels/IMG_5229_jpg.rf.40144915c3ca933dd2fe3de6607614ce.txt,True
valid,processed/valid/images/IMG_5233_jpg.rf.f11d7682752a9d1dc4f15dffa414c71f.jpg,processed/valid/labels/IMG_5233_jpg.rf.f11d7682752a9d1dc4f15dffa414c71f.txt,True
valid,processed/valid/images/IMG_5234_jpg.rf.f9797c563f4b41c05899a273c8890e7f.jpg,processed/valid/labels/IMG_5234_jpg.rf.f9797c563f4b41c05899a273c8890e7f.txt,True
valid,processed/valid/images/IMG_5239_jpg.rf.c07977d0c3e91d286264b4307ce3e0ee.jpg,processed/valid/labels/IMG_5239_jpg.rf.c07977d0c3e91d286264b4307ce3e0ee.txt,True
valid,processed/valid/images/IMG_5240_jpg.rf.39e2074094d07097e2d00c68a2396c72.jpg,processed/valid/labels/IMG_5240_jpg.rf.39e2074094d07097e2d00c68a2396c72.txt,True
valid,processed/valid/images/IMG_5242_jpg.rf.ae55ba2473fbf834764f0e1307476ae2.jpg,processed/valid/labels/IMG_5242_jpg.rf.ae55ba2473fbf834764f0e1307476ae2.txt,True
valid,processed/valid/images/IMG_5243_jpg.rf.e32b812cf6e5613995ecdcd021feeb32.jpg,processed/valid/labels/IMG_5243_jpg.rf.e32b812cf6e5613995ecdcd021feeb32.txt,True
valid,processed/valid/images/IMG_5247_jpg.rf.fcd70c77cd04d93189c12ff1868131d9.jpg,processed/valid/labels/IMG_5247_jpg.rf.fcd70c77cd04d93189c12ff1868131d9.txt,True
valid,processed/valid/images/IMG_5259_jpg.rf.48c2b5f161e23718bad758a587d849cf.jpg,processed/valid/labels/IMG_5259_jpg.rf.48c2b5f161e23718bad758a587d849cf.txt,True
valid,processed/valid/images/IMG_5275_jpg.rf.0cd0843e7141c2efd7f07569d873e6be.jpg,processed/valid/labels/IMG_5275_jpg.rf.0cd0843e7141c2efd7f07569d873e6be.txt,True
valid,processed/valid/images/IMG_5277_jpg.rf.ae8547a14bfd98a7d8346b854709cb37.jpg,processed/valid/labels/IMG_5277_jpg.rf.ae8547a14bfd98a7d8346b854709cb37.txt,True
valid,processed/valid/images/IMG_5288_jpg.rf.eab3295bed9a4859f43c5741ab88c129.jpg,processed/valid/labels/IMG_5288_jpg.rf.eab3295bed9a4859f43c5741ab88c129.txt,True
valid,processed/valid/images/IMG_5289_jpg.rf.b0df7fd6be1e943ddca0154f25187c8d.jpg,processed/valid/labels/IMG_5289_jpg.rf.b0df7fd6be1e943ddca0154f25187c8d.txt,True
valid,processed/valid/images/IMG_5294_jpg.rf.042a6b0e5bf3bd4dcf37ce2625adc4a7.jpg,processed/valid/labels/IMG_5294_jpg.rf.042a6b0e5bf3bd4dcf37ce2625adc4a7.txt,True
valid,processed/valid/images/IMG_5295_jpg.rf.b17271e2419d7d9ac3287d670f9c8a73.jpg,processed/valid/labels/IMG_5295_jpg.rf.b17271e2419d7d9ac3287d670f9c8a73.txt,True
valid,processed/valid/images/IMG_5302_jpg.rf.3f6e90b0f64c9e39b1128f84e7994e0c.jpg,processed/valid/labels/IMG_5302_jpg.rf.3f6e90b0f64c9e39b1128f84e7994e0c.txt,True
valid,processed/valid/images/IMG_5304_jpg.rf.7137905b07a303194d08672429eb40e7.jpg,processed/valid/labels/IMG_5304_jpg.rf.7137905b07a303194d08672429eb40e7.txt,True
valid,processed/valid/images/IMG_5309_jpg.rf.06d6553b583980b322504db061a114a6.jpg,processed/valid/labels/IMG_5309_jpg.rf.06d6553b583980b322504db061a114a6.txt,True
valid,processed/valid/images/IMG_5310_jpg.rf.8b1440146e1b3c23ddf083eba783d1a3.jpg,processed/valid/labels/IMG_5310_jpg.rf.8b1440146e1b3c23ddf083eba783d1a3.txt,True
valid,processed/valid/images/IMG_5312_jpg.rf.d6c6d9a7f38763f99bb11dc5aec99d38.jpg,processed/valid/labels/IMG_5312_jpg.rf.d6c6d9a7f38763f99bb11dc5aec99d38.txt,True
valid,processed/valid/images/IMG_5334_jpg.rf.95753ace3644f3d71220fa4f682d5d50.jpg,processed/valid/labels/IMG_5334_jpg.rf.95753ace3644f3d71220fa4f682d5d50.txt,True
valid,processed/valid/images/IMG_5337_jpg.rf.ce609514875e52688978820cbc417d8f.jpg,processed/valid/labels/IMG_5337_jpg.rf.ce609514875e52688978820cbc417d8f.txt,True
valid,processed/valid/images/IMG_5339_jpg.rf.29795864b2262de7a99386a843f4f4fd.jpg,processed/valid/labels/IMG_5339_jpg.rf.29795864b2262de7a99386a843f4f4fd.txt,True
valid,processed/valid/images/IMG_5347_jpg.rf.b8002dd45cdfdddc7e6c6b7392d9a520.jpg,processed/valid/labels/IMG_5347_jpg.rf.b8002dd45cdfdddc7e6c6b7392d9a520.txt,True
valid,processed/valid/images/IMG_5352_jpg.rf.cf01df2f4393f9e1fb8573aa8ea87b88.jpg,processed/valid/labels/IMG_5352_jpg.rf.cf01df2f4393f9e1fb8573aa8ea87b88.txt,True
valid,processed/valid/images/IMG_5360_jpg.rf.c33fd94af30ab431ffacc92a55ee438f.jpg,processed/valid/labels/IMG_5360_jpg.rf.c33fd94af30ab431ffacc92a55ee438f.txt,True
valid,processed/valid/images/IMG_5361_jpg.rf.4034de8b40dd5f9b148577d2bac6f3ba.jpg,processed/valid/labels/IMG_5361_jpg.rf.4034de8b40dd5f9b148577d2bac6f3ba.txt,True
valid,processed/valid/images/IMG_5364_jpg.rf.7c17e7518f5fb7f3f33e191e30b2e688.jpg,processed/valid/labels/IMG_5364_jpg.rf.7c17e7518f5fb7f3f33e191e30b2e688.txt,True
valid,processed/valid/images/IMG_5367_jpg.rf.267e961439c178ab53dfb9e0eb0a1806.jpg,processed/valid/labels/IMG_5367_jpg.rf.267e961439c178ab53dfb9e0eb0a1806.txt,True
valid,processed/valid/images/IMG_5382_jpg.rf.a170a6083651212475bd63b33a1158fe.jpg,processed/valid/labels/IMG_5382_jpg.rf.a170a6083651212475bd63b33a1158fe.txt,True
valid,processed/valid/images/IMG_5385_jpg.rf.fef80c487e5298a568fae21f559cf2b0.jpg,processed/valid/labels/IMG_5385_jpg.rf.fef80c487e5298a568fae21f559cf2b0.txt,True
valid,processed/valid/images/IMG_5390_jpg.rf.967098b20ac0aa81930344e250b6a695.jpg,processed/valid/labels/IMG_5390_jpg.rf.967098b20ac0aa81930344e250b6a695.txt,True
valid,processed/valid/images/IMG_5392_jpg.rf.7cc20797f9866be594dd3f18b1066517.jpg,processed/valid/labels/IMG_5392_jpg.rf.7cc20797f9866be594dd3f18b1066517.txt,True
valid,processed/valid/images/IMG_5404_jpg.rf.35792a7f6905280a66bb1eef71ff5f28.jpg,processed/valid/labels/IMG_5404_jpg.rf.35792a7f6905280a66bb1eef71ff5f28.txt,True
valid,processed/valid/images/IMG_5405_jpg.rf.37a92448c840a80f731b5fce7ff4b09f.jpg,processed/valid/labels/IMG_5405_jpg.rf.37a92448c840a80f731b5fce7ff4b09f.txt,True
valid,processed/valid/images/IMG_5407_jpg.rf.66487daa62a23134f9ef77adfbf4b765.jpg,processed/valid/labels/IMG_5407_jpg.rf.66487daa62a23134f9ef77adfbf4b765.txt,True
valid,processed/valid/images/IMG_5410_jpg.rf.eebb5e8122781d4581d3f82b5a8eb91d.jpg,processed/valid/labels/IMG_5410_jpg.rf.eebb5e8122781d4581d3f82b5a8eb91d.txt,True
valid,processed/valid/images/IMG_5411_jpg.rf.8cb7bdf80501f507a8f066e83ef75045.jpg,processed/valid/labels/IMG_5411_jpg.rf.8cb7bdf80501f507a8f066e83ef75045.txt,True
valid,processed/valid/images/IMG_5412_jpg.rf.a7e1f55d10d78f024de798af0e7cc2b0.jpg,processed/valid/labels/IMG_5412_jpg.rf.a7e1f55d10d78f024de798af0e7cc2b0.txt,True
valid,processed/valid/images/IMG_5419_jpg.rf.ed9ca297562187643273478f0006f3d0.jpg,processed/valid/labels/IMG_5419_jpg.rf.ed9ca297562187643273478f0006f3d0.txt,True
valid,processed/valid/images/IMG_5429_jpg.rf.4e3b8e94889ab4eb25a441fe275ef7ac.jpg,processed/valid/labels/IMG_5429_jpg.rf.4e3b8e94889ab4eb25a441fe275ef7ac.txt,True
valid,processed/valid/images/IMG_5430_jpg.rf.6f048e027f00e8c2a5203662a22d0683.jpg,processed/valid/labels/IMG_5430_jpg.rf.6f048e027f00e8c2a5203662a22d0683.txt,True
valid,processed/valid/images/IMG_5434_jpg.rf.1de0e2ccfd2e6e8d275d2da016f65d7e.jpg,processed/valid/labels/IMG_5434_jpg.rf.1de0e2ccfd2e6e8d275d2da016f65d7e.txt,True
valid,processed/valid/images/IMG_5442_jpg.rf.bb48f86ab3e61186c59f9ec46a346a88.jpg,processed/valid/labels/IMG_5442_jpg.rf.bb48f86ab3e61186c59f9ec46a346a88.txt,True
valid,processed/valid/images/IMG_5445_jpg.rf.548e97900d824b4ccd9cc28054143d00.jpg,processed/valid/labels/IMG_5445_jpg.rf.548e97900d824b4ccd9cc28054143d00.txt,True
valid,processed/valid/images/IMG_5455_jpg.rf.f3bca9684f46643ecc97536ae48757e9.jpg,processed/valid/labels/IMG_5455_jpg.rf.f3bca9684f46643ecc97536ae48757e9.txt,True
valid,processed/valid/images/IMG_5458_jpg.rf.8c022b88519e1fb88c6c653e98b29426.jpg,processed/valid/labels/IMG_5458_jpg.rf.8c022b88519e1fb88c6c653e98b29426.txt,True
valid,processed/valid/images/IMG_5461_jpg.rf.58e13b79edbb7e95329ad60f8266ea39.jpg,processed/valid/labels/IMG_5461_jpg.rf.58e13b79edbb7e95329ad60f8266ea39.txt,True
valid,processed/valid/images/IMG_5462_jpg.rf.d9a9152c03c5d763502cdad12ebc995d.jpg,processed/valid/labels/IMG_5462_jpg.rf.d9a9152c03c5d763502cdad12ebc995d.txt,True
valid,processed/valid/images/IMG_5464_jpg.rf.3ff01c991556b327ddd7386cc5206b18.jpg,processed/valid/labels/IMG_5464_jpg.rf.3ff01c991556b327ddd7386cc5206b18.txt,True
valid,processed/valid/images/IMG_5467_jpg.rf.2b03ee48622b743c86fdd0d1e566b833.jpg,processed/valid/labels/IMG_5467_jpg.rf.2b03ee48622b743c86fdd0d1e566b833.txt,True
valid,processed/valid/images/IMG_5471_jpg.rf.a43c857665e1b1625fcb84489292f748.jpg,processed/valid/labels/IMG_5471_jpg.rf.a43c857665e1b1625fcb84489292f748.txt,True
valid,processed/valid/images/IMG_5474_jpg.rf.c9bda9ce46ab23b4a5d81039f1218f5c.jpg,processed/valid/labels/IMG_5474_jpg.rf.c9bda9ce46ab23b4a5d81039f1218f5c.txt,True
valid,processed/valid/images/IMG_5478_jpg.rf.53d566df06be4282d16045d4796f38d3.jpg,processed/valid/labels/IMG_5478_jpg.rf.53d566df06be4282d16045d4796f38d3.txt,True
valid,processed/valid/images/IMG_5481_jpg.rf.e9fc90cdd338e4cd9ae6cbaa81f5932b.jpg,processed/valid/labels/IMG_5481_jpg.rf.e9fc90cdd338e4cd9ae6cbaa81f5932b.txt,True
valid,processed/valid/images/IMG_5482_jpg.rf.44156d887ea9f2a35c19672e675dae6a.jpg,processed/valid/labels/IMG_5482_jpg.rf.44156d887ea9f2a35c19672e675dae6a.txt,True
valid,processed/valid/images/IMG_5483_jpg.rf.2cbbb5d844027432440fef3aed70ff0d.jpg,processed/valid/labels/IMG_5483_jpg.rf.2cbbb5d844027432440fef3aed70ff0d.txt,True
valid,processed/valid/images/IMG_5485_jpg.rf.1cf336bb773773706ebaaea3f8353d66.jpg,processed/valid/labels/IMG_5485_jpg.rf.1cf336bb773773706ebaaea3f8353d66.txt,True
valid,processed/valid/images/IMG_5508_jpg.rf.cc8e86c74c0b2b4b687f6739e3c786f0.jpg,processed/valid/labels/IMG_5508_jpg.rf.cc8e86c74c0b2b4b687f6739e3c786f0.txt,True
valid,processed/valid/images/IMG_5510_jpg.rf.e6da7ad6c72fc012737c7a77bf4227f4.jpg,processed/valid/labels/IMG_5510_jpg.rf.e6da7ad6c72fc012737c7a77bf4227f4.txt,True
valid,processed/valid/images/IMG_5513_jpg.rf.ff2473c5a79c92d4ce8ce8415027d95a.jpg,processed/valid/labels/IMG_5513_jpg.rf.ff2473c5a79c92d4ce8ce8415027d95a.txt,True
valid,processed/valid/images/IMG_5514_jpg.rf.15d719f7723d84a5320dba78d24f0f7c.jpg,processed/valid/labels/IMG_5514_jpg.rf.15d719f7723d84a5320dba78d24f0f7c.txt,True
valid,processed/valid/images/IMG_5517_jpg.rf.a88ec6a681bc7bbef06fcc15d464a274.jpg,processed/valid/labels/IMG_5517_jpg.rf.a88ec6a681bc7bbef06fcc15d464a274.txt,True
valid,processed/valid/images/IMG_5531_jpg.rf.5739773ef7a45ef2f549c7709fa63251.jpg,processed/valid/labels/IMG_5531_jpg.rf.5739773ef7a45ef2f549c7709fa63251.txt,True
valid,processed/valid/images/IMG_5540_jpg.rf.64274a0fe8cb9be2fc25c04779c23982.jpg,processed/valid/labels/IMG_5540_jpg.rf.64274a0fe8cb9be2fc25c04779c23982.txt,True
valid,processed/valid/images/IMG_5544_jpg.rf.8af1ab40c13009acd285370d6ccc3fb7.jpg,processed/valid/labels/IMG_5544_jpg.rf.8af1ab40c13009acd285370d6ccc3fb7.txt,True
valid,processed/valid/images/IMG_5545_jpg.rf.c766a05367fd6671c84738bebc0fa6b3.jpg,processed/valid/labels/IMG_5545_jpg.rf.c766a05367fd6671c84738bebc0fa6b3.txt,True
valid,processed/valid/images/IMG_5551_jpg.rf.5f9a4928c5d6eede586cec0be3335a6d.jpg,processed/valid/labels/IMG_5551_jpg.rf.5f9a4928c5d6eede586cec0be3335a6d.txt,True
valid,processed/valid/images/IMG_5557_jpg.rf.735643368af82c72e74749edb35577d5.jpg,processed/valid/labels/IMG_5557_jpg.rf.735643368af82c72e74749edb35577d5.txt,True
valid,processed/valid/images/IMG_5558_jpg.rf.d221a0dd7234643aa53ad62c898cb7c6.jpg,processed/valid/labels/IMG_5558_jpg.rf.d221a0dd7234643aa53ad62c898cb7c6.txt,True
valid,processed/valid/images/IMG_5575_jpg.rf.ddffbd3a50d63b70ef2cfec1af1d899d.jpg,processed/valid/labels/IMG_5575_jpg.rf.ddffbd3a50d63b70ef2cfec1af1d899d.txt,True
valid,processed/valid/images/IMG_5581_jpg.rf.1c643930d0306751f830599aeca0e9f9.jpg,processed/valid/labels/IMG_5581_jpg.rf.1c643930d0306751f830599aeca0e9f9.txt,True
valid,processed/valid/images/IMG_5585_jpg.rf.da361259e6b38c45156c2997fd56296f.jpg,processed/valid/labels/IMG_5585_jpg.rf.da361259e6b38c45156c2997fd56296f.txt,True
valid,processed/valid/images/IMG_5587_jpg.rf.4ad3f52504b4cbffeef5763fae90037d.jpg,processed/valid/labels/IMG_5587_jpg.rf.4ad3f52504b4cbffeef5763fae90037d.txt,True
valid,processed/valid/images/IMG_5588_jpg.rf.b82bdbd5ff6651318da1d2001e4713d6.jpg,processed/valid/labels/IMG_5588_jpg.rf.b82bdbd5ff6651318da1d2001e4713d6.txt,True
valid,processed/valid/images/IMG_5593_jpg.rf.8cfd98a3fc9c4f4bec0487a97d7dd524.jpg,processed/valid/labels/IMG_5593_jpg.rf.8cfd98a3fc9c4f4bec0487a97d7dd524.txt,True
valid,processed/valid/images/IMG_5599_jpg.rf.ccbba5c41103ab4af79ce6bcb4e05ee7.jpg,processed/valid/labels/IMG_5599_jpg.rf.ccbba5c41103ab4af79ce6bcb4e05ee7.txt,True
valid,processed/valid/images/IMG_5603_jpg.rf.900d6a945ea276d35177e42b021515c1.jpg,processed/valid/labels/IMG_5603_jpg.rf.900d6a945ea276d35177e42b021515c1.txt,True
valid,processed/valid/images/IMG_5605_jpg.rf.097969dbaf099c803adef639b200f9a3.jpg,processed/valid/labels/IMG_5605_jpg.rf.097969dbaf099c803adef639b200f9a3.txt,True
valid,processed/valid/images/IMG_5612_jpg.rf.4ced010556e103f79d1123681b1bd298.jpg,processed/valid/labels/IMG_5612_jpg.rf.4ced010556e103f79d1123681b1bd298.txt,True
valid,processed/valid/images/IMG_5616_jpg.rf.af73cd2f4bed9baf3535f014ac687c3c.jpg,processed/valid/labels/IMG_5616_jpg.rf.af73cd2f4bed9baf3535f014ac687c3c.txt,True
valid,processed/valid/images/IMG_5617_jpg.rf.c78dc4488d7123494925bd78c7eaf45a.jpg,processed/valid/labels/IMG_5617_jpg.rf.c78dc4488d7123494925bd78c7eaf45a.txt,True
valid,processed/valid/images/IMG_5621_jpg.rf.9f02bee94d8a984201cc93d6674bf8a5.jpg,processed/valid/labels/IMG_5621_jpg.rf.9f02bee94d8a984201cc93d6674bf8a5.txt,True
valid,processed/valid/images/IMG_5637_jpg.rf.8ced17928fe65570340b165429f03962.jpg,processed/valid/labels/IMG_5637_jpg.rf.8ced17928fe65570340b165429f03962.txt,True
valid,processed/valid/images/IMG_5646_jpg.rf.6f7a1b49fea2fe42dbe79fd69dfd2d77.jpg,processed/valid/labels/IMG_5646_jpg.rf.6f7a1b49fea2fe42dbe79fd69dfd2d77.txt,True
valid,processed/valid/images/IMG_5650_jpg.rf.60036bf9ca98719bb8319c13fa0ec067.jpg,processed/valid/labels/IMG_5650_jpg.rf.60036bf9ca98719bb8319c13fa0ec067.txt,True
valid,processed/valid/images/IMG_5652_jpg.rf.dc09f35d0b3f517bdea0b6315a32eeee.jpg,processed/valid/labels/IMG_5652_jpg.rf.dc09f35d0b3f517bdea0b6315a32eeee.txt,True
valid,processed/valid/images/IMG_5654_jpg.rf.cd8eb73ebf80e31c19d30f597a4eb1a5.jpg,processed/valid/labels/IMG_5654_jpg.rf.cd8eb73ebf80e31c19d30f597a4eb1a5.txt,True
valid,processed/valid/images/IMG_5657_jpg.rf.976a169a206d70252068c1449c7cfe8b.jpg,processed/valid/labels/IMG_5657_jpg.rf.976a169a206d70252068c1449c7cfe8b.txt,True
valid,processed/valid/images/IMG_5666_jpg.rf.103ad55dc61f7c66e24db7c690476ee5.jpg,processed/valid/labels/IMG_5666_jpg.rf.103ad55dc61f7c66e24db7c690476ee5.txt,True
valid,processed/valid/images/IMG_5668_jpg.rf.f07865a902a7d61234d8fdd91fe7f583.jpg,processed/valid/labels/IMG_5668_jpg.rf.f07865a902a7d61234d8fdd91fe7f583.txt,True
valid,processed/valid/images/IMG_5676_jpg.rf.dc1e73e419da8c2afcc04846b3af5389.jpg,processed/valid/labels/IMG_5676_jpg.rf.dc1e73e419da8c2afcc04846b3af5389.txt,True
valid,processed/valid/images/IMG_5681_jpg.rf.20761cf1a157593d0b5be8db7d7bfde3.jpg,processed/valid/labels/IMG_5681_jpg.rf.20761cf1a157593d0b5be8db7d7bfde3.txt,True
valid,processed/valid/images/IMG_5688_jpg.rf.fe30968006bff2bb8338836b59960f1e.jpg,processed/valid/labels/IMG_5688_jpg.rf.fe30968006bff2bb8338836b59960f1e.txt,True
valid,processed/valid/images/IMG_5690_jpg.rf.c11ba6d79ea6dfafe481971da9310620.jpg,processed/valid/labels/IMG_5690_jpg.rf.c11ba6d79ea6dfafe481971da9310620.txt,True
valid,processed/valid/images/IMG_5693_jpg.rf.e92095b86197a4eceab11fdfc0d23d1b.jpg,processed/valid/labels/IMG_5693_jpg.rf.e92095b86197a4eceab11fdfc0d23d1b.txt,True
valid,processed/valid/images/IMG_5698_jpg.rf.c8eac138048766f247faf633d9c2107a.jpg,processed/valid/labels/IMG_5698_jpg.rf.c8eac138048766f247faf633d9c2107a.txt,True
valid,processed/valid/images/IMG_5699_jpg.rf.15fef1f5a1de2c6933bfa27b7e4dd8b8.jpg,processed/valid/labels/IMG_5699_jpg.rf.15fef1f5a1de2c6933bfa27b7e4dd8b8.txt,True
valid,processed/valid/images/IMG_5706_jpg.rf.2761b2ab023414706cf87ab2cde5810d.jpg,processed/valid/labels/IMG_5706_jpg.rf.2761b2ab023414706cf87ab2cde5810d.txt,True
valid,processed/valid/images/IMG_5717_jpg.rf.8b0deeab6265ce81d9a578a254e700dc.jpg,processed/valid/labels/IMG_5717_jpg.rf.8b0deeab6265ce81d9a578a254e700dc.txt,True
valid,processed/valid/images/IMG_5720_jpg.rf.93b8f0093f0e6eafe3bc37975c994c2f.jpg,processed/valid/labels/IMG_5720_jpg.rf.93b8f0093f0e6eafe3bc37975c994c2f.txt,True
valid,processed/valid/images/IMG_5731_jpg.rf.2084f5179b3189fa2371b30d0f19f8c9.jpg,processed/valid/labels/IMG_5731_jpg.rf.2084f5179b3189fa2371b30d0f19f8c9.txt,True
valid,processed/valid/images/IMG_5739_jpg.rf.ed24a15d7c594fa335390213e8068549.jpg,processed/valid/labels/IMG_5739_jpg.rf.ed24a15d7c594fa335390213e8068549.txt,True
valid,processed/valid/images/IMG_5740_jpg.rf.70a2ff9f3d46c9ebefac9f34c0d96973.jpg,processed/valid/labels/IMG_5740_jpg.rf.70a2ff9f3d46c9ebefac9f34c0d96973.txt,True
valid,processed/valid/images/IMG_5751_jpg.rf.9b0300c34f7aa57f21c30972f2e93cdb.jpg,processed/valid/labels/IMG_5751_jpg.rf.9b0300c34f7aa57f21c30972f2e93cdb.txt,True
valid,processed/valid/images/IMG_5758_jpg.rf.d62f0de29d2b3ccae55446e7ea7a7cc3.jpg,processed/valid/labels/IMG_5758_jpg.rf.d62f0de29d2b3ccae55446e7ea7a7cc3.txt,True
valid,processed/valid/images/IMG_5774_jpg.rf.7eeb2d5b5d81b627171772496f1588b4.jpg,processed/valid/labels/IMG_5774_jpg.rf.7eeb2d5b5d81b627171772496f1588b4.txt,True
valid,processed/valid/images/IMG_5791_jpg.rf.05cfaf33ee856e8aac06c446fdd85348.jpg,processed/valid/labels/IMG_5791_jpg.rf.05cfaf33ee856e8aac06c446fdd85348.txt,True
valid,processed/valid/images/IMG_5793_jpg.rf.c748c34d92b2c1fca786a1f6ec13fb65.jpg,processed/valid/labels/IMG_5793_jpg.rf.c748c34d92b2c1fca786a1f6ec13fb65.txt,True
valid,processed/valid/images/IMG_5799_jpg.rf.ae71c0a3d9f4050d0d035b9ea39f879b.jpg,processed/valid/labels/IMG_5799_jpg.rf.ae71c0a3d9f4050d0d035b9ea39f879b.txt,True
valid,processed/valid/images/IMG_5801_jpg.rf.ade7a86382ef88d33732d8e98abc6973.jpg,processed/valid/labels/IMG_5801_jpg.rf.ade7a86382ef88d33732d8e98abc6973.txt,True
valid,processed/valid/images/IMG_5807_jpg.rf.defba8909020cfe6403dab8f2c89442a.jpg,processed/valid/labels/IMG_5807_jpg.rf.defba8909020cfe6403dab8f2c89442a.txt,True
valid,processed/valid/images/IMG_5808_jpg.rf.1d4f6cc342e9f9de51c8132b8c39fe40.jpg,processed/valid/labels/IMG_5808_jpg.rf.1d4f6cc342e9f9de51c8132b8c39fe40.txt,True
valid,processed/valid/images/IMG_5816_jpg.rf.729cc16617fd073ee052d680accb1954.jpg,processed/valid/labels/IMG_5816_jpg.rf.729cc16617fd073ee052d680accb1954.txt,True
valid,processed/valid/images/IMG_5818_jpg.rf.c7277a1617d674c8fc27824727c7be2e.jpg,processed/valid/labels/IMG_5818_jpg.rf.c7277a1617d674c8fc27824727c7be2e.txt,True
valid,processed/valid/images/IMG_5819_jpg.rf.9f625a604c41b0307fb3a29cc449aaa6.jpg,processed/valid/labels/IMG_5819_jpg.rf.9f625a604c41b0307fb3a29cc449aaa6.txt,True
valid,processed/valid/images/IMG_5833_jpg.rf.a4ab701576f72fdd55b8cb488c861b8d.jpg,processed/valid/labels/IMG_5833_jpg.rf.a4ab701576f72fdd55b8cb488c861b8d.txt,True
valid,processed/valid/images/IMG_5841_jpg.rf.bcfc4d5a5fcfa6cdce11a98511c3b059.jpg,processed/valid/labels/IMG_5841_jpg.rf.bcfc4d5a5fcfa6cdce11a98511c3b059.txt,True
valid,processed/valid/images/IMG_5842_jpg.rf.26cd6b4ff90e0a22d418e8c985599d8c.jpg,processed/valid/labels/IMG_5842_jpg.rf.26cd6b4ff90e0a22d418e8c985599d8c.txt,True
valid,processed/valid/images/IMG_5850_jpg.rf.7981274b1a925b15000de88e3f08f3e0.jpg,processed/valid/labels/IMG_5850_jpg.rf.7981274b1a925b15000de88e3f08f3e0.txt,True
valid,processed/valid/images/IMG_5855_jpg.rf.1f734415387d84d9b217e02c89d1f786.jpg,processed/valid/labels/IMG_5855_jpg.rf.1f734415387d84d9b217e02c89d1f786.txt,True
valid,processed/valid/images/IMG_5857_jpg.rf.9ec1f59d9d28fb3860cceba2d3e4855a.jpg,processed/valid/labels/IMG_5857_jpg.rf.9ec1f59d9d28fb3860cceba2d3e4855a.txt,True
valid,processed/valid/images/IMG_5864_jpg.rf.f962e271733c61afb560a61785e2714c.jpg,processed/valid/labels/IMG_5864_jpg.rf.f962e271733c61afb560a61785e2714c.txt,True
valid,processed/valid/images/IMG_5865_jpg.rf.f6b4cc87d8f210b9540dcb124fa6e231.jpg,processed/valid/labels/IMG_5865_jpg.rf.f6b4cc87d8f210b9540dcb124fa6e231.txt,True
valid,processed/valid/images/IMG_5868_jpg.rf.2b30d8f105e8a0467160e245f4a31ce2.jpg,processed/valid/labels/IMG_5868_jpg.rf.2b30d8f105e8a0467160e245f4a31ce2.txt,True
valid,processed/valid/images/IMG_5872_jpg.rf.f2f05b95cc0bb424999a5c839c31eec2.jpg,processed/valid/labels/IMG_5872_jpg.rf.f2f05b95cc0bb424999a5c839c31eec2.txt,True
valid,processed/valid/images/IMG_5879_jpg.rf.c955346a199a4fcff73e742327ee5387.jpg,processed/valid/labels/IMG_5879_jpg.rf.c955346a199a4fcff73e742327ee5387.txt,True
valid,processed/valid/images/IMG_5882_jpg.rf.d5d2f9882ccceb8a4c8692292dc33ff2.jpg,processed/valid/labels/IMG_5882_jpg.rf.d5d2f9882ccceb8a4c8692292dc33ff2.txt,True
valid,processed/valid/images/IMG_5893_jpg.rf.55ed49d305e3f5e75e9bf10efd26c9be.jpg,processed/valid/labels/IMG_5893_jpg.rf.55ed49d305e3f5e75e9bf10efd26c9be.txt,True
valid,processed/valid/images/IMG_5899_jpg.rf.de9cf25f1bd770367549149656f86d1b.jpg,processed/valid/labels/IMG_5899_jpg.rf.de9cf25f1bd770367549149656f86d1b.txt,True
valid,processed/valid/images/IMG_5904_jpg.rf.4277f0919393691a4354602fe9d83087.jpg,processed/valid/labels/IMG_5904_jpg.rf.4277f0919393691a4354602fe9d83087.txt,True
valid,processed/valid/images/IMG_5906_jpg.rf.b89d18f5671d9178767674dd37f680d1.jpg,processed/valid/labels/IMG_5906_jpg.rf.b89d18f5671d9178767674dd37f680d1.txt,True
valid,processed/valid/images/IMG_5911_jpg.rf.c437f6210285cb269782d228722a0ea9.jpg,processed/valid/labels/IMG_5911_jpg.rf.c437f6210285cb269782d228722a0ea9.txt,True
valid,processed/valid/images/IMG_5913_jpg.rf.828c2228fcef0b480baed01534ff73a6.jpg,processed/valid/labels/IMG_5913_jpg.rf.828c2228fcef0b480baed01534ff73a6.txt,True
valid,processed/valid/images/IMG_5917_jpg.rf.e403dcd4176ceb028aec00d702598a2e.jpg,processed/valid/labels/IMG_5917_jpg.rf.e403dcd4176ceb028aec00d702598a2e.txt,True
valid,processed/valid/images/IMG_5922_jpg.rf.7199f009db1e8cb8c7621f5f62e12235.jpg,processed/valid/labels/IMG_5922_jpg.rf.7199f009db1e8cb8c7621f5f62e12235.txt,True
valid,processed/valid/images/IMG_5931_jpg.rf.3f9646e45ca79ca672f0342443293a1d.jpg,processed/valid/labels/IMG_5931_jpg.rf.3f9646e45ca79ca672f0342443293a1d.txt,True
valid,processed/valid/images/IMG_5938_jpg.rf.3edfdef5092da574b48dac34c8bd308b.jpg,processed/valid/labels/IMG_5938_jpg.rf.3edfdef5092da574b48dac34c8bd308b.txt,True
valid,processed/valid/images/IMG_5943_jpg.rf.e1c942486bc8e0df1e03f7117840efa0.jpg,processed/valid/labels/IMG_5943_jpg.rf.e1c942486bc8e0df1e03f7117840efa0.txt,True
valid,processed/valid/images/IMG_5948_jpg.rf.bbcb27cd095fb79942bd68f9c5be3603.jpg,processed/valid/labels/IMG_5948_jpg.rf.bbcb27cd095fb79942bd68f9c5be3603.txt,True
valid,processed/valid/images/IMG_5951_jpg.rf.42a152ab8ba3f6445480492e96d8387b.jpg,processed/valid/labels/IMG_5951_jpg.rf.42a152ab8ba3f6445480492e96d8387b.txt,True
valid,processed/valid/images/IMG_5960_jpg.rf.696b179d7d5562d260cf769c5aa85ba4.jpg,processed/valid/labels/IMG_5960_jpg.rf.696b179d7d5562d260cf769c5aa85ba4.txt,True
valid,processed/valid/images/IMG_5969_jpg.rf.e52bb591d7047e6e7ac7c1db74d39e38.jpg,processed/valid/labels/IMG_5969_jpg.rf.e52bb591d7047e6e7ac7c1db74d39e38.txt,True
valid,processed/valid/images/IMG_5970_jpg.rf.119af689f4b65ddab2f58f5498ae3614.jpg,processed/valid/labels/IMG_5970_jpg.rf.119af689f4b65ddab2f58f5498ae3614.txt,True
valid,processed/valid/images/IMG_5971_jpg.rf.81f6e7a8eedda1e9328dea00bd9ee882.jpg,processed/valid/labels/IMG_5971_jpg.rf.81f6e7a8eedda1e9328dea00bd9ee882.txt,True
valid,processed/valid/images/IMG_5975_jpg.rf.49b9b9b344fc9818496cad645d7d73d7.jpg,processed/valid/labels/IMG_5975_jpg.rf.49b9b9b344fc9818496cad645d7d73d7.txt,True
valid,processed/valid/images/IMG_6001_jpg.rf.c4bc0a7c50d46ee4a863ff6e0da76f01.jpg,processed/valid/labels/IMG_6001_jpg.rf.c4bc0a7c50d46ee4a863ff6e0da76f01.txt,True
valid,processed/valid/images/IMG_6005_jpg.rf.85980baaa66de143ed5592ca29748f6c.jpg,processed/valid/labels/IMG_6005_jpg.rf.85980baaa66de143ed5592ca29748f6c.txt,True
valid,processed/valid/images/IMG_6011_jpg.rf.77bfc298f7a233e033644d88992f5d94.jpg,processed/valid/labels/IMG_6011_jpg.rf.77bfc298f7a233e033644d88992f5d94.txt,True
valid,processed/valid/images/IMG_6012_jpg.rf.707c4f54ca833f2552a55d1ad0d4bd78.jpg,processed/valid/labels/IMG_6012_jpg.rf.707c4f54ca833f2552a55d1ad0d4bd78.txt,True
valid,processed/valid/images/IMG_6015_jpg.rf.318391d45ff2b3be2d6033b08603ebac.jpg,processed/valid/labels/IMG_6015_jpg.rf.318391d45ff2b3be2d6033b08603ebac.txt,True
valid,processed/valid/images/IMG_6016_jpg.rf.3cb62af19763ace680c4cef7a7360e82.jpg,processed/valid/labels/IMG_6016_jpg.rf.3cb62af19763ace680c4cef7a7360e82.txt,True
valid,processed/valid/images/IMG_6028_jpg.rf.4056991bd4f714167cdab95f0ea7c378.jpg,processed/valid/labels/IMG_6028_jpg.rf.4056991bd4f714167cdab95f0ea7c378.txt,True
valid,processed/valid/images/IMG_6035_jpg.rf.9415217d74c488b7b6e9deea26630673.jpg,processed/valid/labels/IMG_6035_jpg.rf.9415217d74c488b7b6e9deea26630673.txt,True
valid,processed/valid/images/IMG_6046_jpg.rf.6260d60e2872b93bd6c23d25794fb953.jpg,processed/valid/labels/IMG_6046_jpg.rf.6260d60e2872b93bd6c23d25794fb953.txt,True
valid,processed/valid/images/IMG_6056_jpg.rf.793b96a329a83e956fa953860089c149.jpg,processed/valid/labels/IMG_6056_jpg.rf.793b96a329a83e956fa953860089c149.txt,True
valid,processed/valid/images/IMG_6062_jpg.rf.974fe681675088b411aafdbdd7d9e96c.jpg,processed/valid/labels/IMG_6062_jpg.rf.974fe681675088b411aafdbdd7d9e96c.txt,True
valid,processed/valid/images/IMG_6063_jpg.rf.b2018fc809dbf2cda907e5387270afb1.jpg,processed/valid/labels/IMG_6063_jpg.rf.b2018fc809dbf2cda907e5387270afb1.txt,True
valid,processed/valid/images/IMG_6066_jpg.rf.52d0494ea58484be8edf242b39ad0966.jpg,processed/valid/labels/IMG_6066_jpg.rf.52d0494ea58484be8edf242b39ad0966.txt,True
valid,processed/valid/images/IMG_6077_jpg.rf.cf3acc130750421484b4a0a88ef11d2f.jpg,processed/valid/labels/IMG_6077_jpg.rf.cf3acc130750421484b4a0a88ef11d2f.txt,True
valid,processed/valid/images/IMG_6080_jpg.rf.4015be1c83f65c1a691a055f73021838.jpg,processed/valid/labels/IMG_6080_jpg.rf.4015be1c83f65c1a691a055f73021838.txt,True
valid,processed/valid/images/IMG_6083_jpg.rf.65034e84a8b4086c438b92b41f567e99.jpg,processed/valid/labels/IMG_6083_jpg.rf.65034e84a8b4086c438b92b41f567e99.txt,True
valid,processed/valid/images/IMG_6086_jpg.rf.3e3c0c9bdf2715de087c25b121aae7c3.jpg,processed/valid/labels/IMG_6086_jpg.rf.3e3c0c9bdf2715de087c25b121aae7c3.txt,True
valid,processed/valid/images/IMG_6088_jpg.rf.6195ec5fccf7d3368569e175ac72b236.jpg,processed/valid/labels/IMG_6088_jpg.rf.6195ec5fccf7d3368569e175ac72b236.txt,True
valid,processed/valid/images/IMG_6101_jpg.rf.420d832558ad6f523b07c727b3d32cfc.jpg,processed/valid/labels/IMG_6101_jpg.rf.420d832558ad6f523b07c727b3d32cfc.txt,True
valid,processed/valid/images/IMG_6103_jpg.rf.bb9d36a9bc99fb829520fd439c4bfec5.jpg,processed/valid/labels/IMG_6103_jpg.rf.bb9d36a9bc99fb829520fd439c4bfec5.txt,True
valid,processed/valid/images/IMG_6110_jpg.rf.694943c73464bece62e60fa0c10e7130.jpg,processed/valid/labels/IMG_6110_jpg.rf.694943c73464bece62e60fa0c10e7130.txt,True
valid,processed/valid/images/IMG_6111_jpg.rf.3f1e87b7bbf7bce582def9a59c780227.jpg,processed/valid/labels/IMG_6111_jpg.rf.3f1e87b7bbf7bce582def9a59c780227.txt,True
valid,processed/valid/images/IMG_6114_jpg.rf.0bf22c250472579aea706cd28fc97606.jpg,processed/valid/labels/IMG_6114_jpg.rf.0bf22c250472579aea706cd28fc97606.txt,True
valid,processed/valid/images/IMG_6124_jpg.rf.7d8e4b1726c89dfcbc8f872d21a09dfa.jpg,processed/valid/labels/IMG_6124_jpg.rf.7d8e4b1726c89dfcbc8f872d21a09dfa.txt,True
valid,processed/valid/images/IMG_6129_jpg.rf.4dfff37a9c2fc9a9baa1b2ddf583d1a0.jpg,processed/valid/labels/IMG_6129_jpg.rf.4dfff37a9c2fc9a9baa1b2ddf583d1a0.txt,True
valid,processed/valid/images/IMG_6133_jpg.rf.77fd5f5f98407f43573bc5911b191da6.jpg,processed/valid/labels/IMG_6133_jpg.rf.77fd5f5f98407f43573bc5911b191da6.txt,True
valid,processed/valid/images/IMG_6135_jpg.rf.18bb083b349b6344669b9b4cc0634c15.jpg,processed/valid/labels/IMG_6135_jpg.rf.18bb083b349b6344669b9b4cc0634c15.txt,True
valid,processed/valid/images/IMG_6142_jpg.rf.a17eab1b485c597fe455819e6540eabf.jpg,processed/valid/labels/IMG_6142_jpg.rf.a17eab1b485c597fe455819e6540eabf.txt,True
valid,processed/valid/images/IMG_6144_jpg.rf.717b2e302300a4fe9b895db23f18ae76.jpg,processed/valid/labels/IMG_6144_jpg.rf.717b2e302300a4fe9b895db23f18ae76.txt,True
valid,processed/valid/images/IMG_6145_jpg.rf.c4b9d4ef84082d804a3bb80a860400a6.jpg,processed/valid/labels/IMG_6145_jpg.rf.c4b9d4ef84082d804a3bb80a860400a6.txt,True
valid,processed/valid/images/IMG_6148_jpg.rf.d89c19a0c16a7e151b4b31ec5a8a1c46.jpg,processed/valid/labels/IMG_6148_jpg.rf.d89c19a0c16a7e151b4b31ec5a8a1c46.txt,True
valid,processed/valid/images/IMG_6149_jpg.rf.22d39a762059b1b944dcab495b247d0e.jpg,processed/valid/labels/IMG_6149_jpg.rf.22d39a762059b1b944dcab495b247d0e.txt,True
valid,processed/valid/images/IMG_6154_jpg.rf.abcab3b81f6d40776fa9c5b946820645.jpg,processed/valid/labels/IMG_6154_jpg.rf.abcab3b81f6d40776fa9c5b946820645.txt,True
valid,processed/valid/images/IMG_6156_jpg.rf.6938d85dc30d496b2fcbd05628416b4e.jpg,processed/valid/labels/IMG_6156_jpg.rf.6938d85dc30d496b2fcbd05628416b4e.txt,True
valid,processed/valid/images/IMG_6161_jpg.rf.57dabb6d8799f296d5b3c615bb23100e.jpg,processed/valid/labels/IMG_6161_jpg.rf.57dabb6d8799f296d5b3c615bb23100e.txt,True
valid,processed/valid/images/IMG_6162_jpg.rf.9b5569896cd9e68602c0da46fe8ba998.jpg,processed/valid/labels/IMG_6162_jpg.rf.9b5569896cd9e68602c0da46fe8ba998.txt,True
valid,processed/valid/images/IMG_6172_jpg.rf.ab4b2abd9a1f2aaf2d24df4bf1d9f1fc.jpg,processed/valid/labels/IMG_6172_jpg.rf.ab4b2abd9a1f2aaf2d24df4bf1d9f1fc.txt,True
valid,processed/valid/images/IMG_6180_jpg.rf.10591b96e9331e49e42871778e327c20.jpg,processed/valid/labels/IMG_6180_jpg.rf.10591b96e9331e49e42871778e327c20.txt,True
valid,processed/valid/images/IMG_6181_jpg.rf.552f28711ad653f1ebdc5dd0118c18be.jpg,processed/valid/labels/IMG_6181_jpg.rf.552f28711ad653f1ebdc5dd0118c18be.txt,True
valid,processed/valid/images/IMG_6186_jpg.rf.268d312be1ce0ff92a53f05021240e68.jpg,processed/valid/labels/IMG_6186_jpg.rf.268d312be1ce0ff92a53f05021240e68.txt,True
valid,processed/valid/images/IMG_6198_jpg.rf.c0a72eefff366ec6b54e84994798369c.jpg,processed/valid/labels/IMG_6198_jpg.rf.c0a72eefff366ec6b54e84994798369c.txt,True
valid,processed/valid/images/IMG_6202_jpg.rf.d44543d4eedca7c60c0593f3d5cf21dd.jpg,processed/valid/labels/IMG_6202_jpg.rf.d44543d4eedca7c60c0593f3d5cf21dd.txt,True
valid,processed/valid/images/IMG_6206_jpg.rf.8965fc07b993a5aecd6e16459b6f0baf.jpg,processed/valid/labels/IMG_6206_jpg.rf.8965fc07b993a5aecd6e16459b6f0baf.txt,True
valid,processed/valid/images/IMG_6207_jpg.rf.e545a3d28d34601a0dd0b8c8f18bec15.jpg,processed/valid/labels/IMG_6207_jpg.rf.e545a3d28d34601a0dd0b8c8f18bec15.txt,True
valid,processed/valid/images/IMG_6209_jpg.rf.d1221f3dc3d47f4b84c35f6415e6b807.jpg,processed/valid/labels/IMG_6209_jpg.rf.d1221f3dc3d47f4b84c35f6415e6b807.txt,True
valid,processed/valid/images/IMG_6218_jpg.rf.ebd3237ebd8da3d59f22f43e648b4e33.jpg,processed/valid/labels/IMG_6218_jpg.rf.ebd3237ebd8da3d59f22f43e648b4e33.txt,True
valid,processed/valid/images/IMG_6221_jpg.rf.d84fe2d8aba93910e8514f15c66b7da2.jpg,processed/valid/labels/IMG_6221_jpg.rf.d84fe2d8aba93910e8514f15c66b7da2.txt,True
valid,processed/valid/images/IMG_6226_jpg.rf.5d6c26449ff1956af77c434e21adb204.jpg,processed/valid/labels/IMG_6226_jpg.rf.5d6c26449ff1956af77c434e21adb204.txt,True
valid,processed/valid/images/IMG_6231_jpg.rf.f5084308c11a6dc8266280b5d5298d82.jpg,processed/valid/labels/IMG_6231_jpg.rf.f5084308c11a6dc8266280b5d5298d82.txt,True
valid,processed/valid/images/IMG_6235_jpg.rf.7159f6c4a85c0e24809446bf0223d019.jpg,processed/valid/labels/IMG_6235_jpg.rf.7159f6c4a85c0e24809446bf0223d019.txt,True
valid,processed/valid/images/IMG_6241_jpg.rf.66e3ab9ee3098533dc75cb6df2af8299.jpg,processed/valid/labels/IMG_6241_jpg.rf.66e3ab9ee3098533dc75cb6df2af8299.txt,True
valid,processed/valid/images/IMG_6250_jpg.rf.6b59cf5b283add3e5cd10ba8be4579cd.jpg,processed/valid/labels/IMG_6250_jpg.rf.6b59cf5b283add3e5cd10ba8be4579cd.txt,True
valid,processed/valid/images/IMG_6251_jpg.rf.a25e36f20b1c6a26cd1038833086e2ed.jpg,processed/valid/labels/IMG_6251_jpg.rf.a25e36f20b1c6a26cd1038833086e2ed.txt,True
valid,processed/valid/images/IMG_6256_jpg.rf.6b404fdba7f4578c4207662403006c9d.jpg,processed/valid/labels/IMG_6256_jpg.rf.6b404fdba7f4578c4207662403006c9d.txt,True
valid,processed/valid/images/IMG_6266_jpg.rf.d5fdf58b9c2f341f0b80b295fbad7f65.jpg,processed/valid/labels/IMG_6266_jpg.rf.d5fdf58b9c2f341f0b80b295fbad7f65.txt,True
valid,processed/valid/images/IMG_6271_jpg.rf.111ea5e94a69f9ec35ffa97e05d26c70.jpg,processed/valid/labels/IMG_6271_jpg.rf.111ea5e94a69f9ec35ffa97e05d26c70.txt,True
valid,processed/valid/images/IMG_6273_jpg.rf.4ecfe7ab0fcd1b32f5f5c5fbb9be3930.jpg,processed/valid/labels/IMG_6273_jpg.rf.4ecfe7ab0fcd1b32f5f5c5fbb9be3930.txt,True
valid,processed/valid/images/IMG_6284_jpg.rf.8b900725c954a11678475dfe2873b795.jpg,processed/valid/labels/IMG_6284_jpg.rf.8b900725c954a11678475dfe2873b795.txt,True
valid,processed/valid/images/IMG_6287_jpg.rf.abd5168c8ad7df4812bca44ec9f21a77.jpg,processed/valid/labels/IMG_6287_jpg.rf.abd5168c8ad7df4812bca44ec9f21a77.txt,True
valid,processed/valid/images/IMG_6293_jpg.rf.00e5c9dac094cbd799945b20ae6d0826.jpg,processed/valid/labels/IMG_6293_jpg.rf.00e5c9dac094cbd799945b20ae6d0826.txt,True
valid,processed/valid/images/IMG_6295_jpg.rf.aa0754b6d5cd2eaae90d28e4b0eacabf.jpg,processed/valid/labels/IMG_6295_jpg.rf.aa0754b6d5cd2eaae90d28e4b0eacabf.txt,True
valid,processed/valid/images/IMG_6300_jpg.rf.a2acf981bfc9908ef1776c61fa9dfb89.jpg,processed/valid/labels/IMG_6300_jpg.rf.a2acf981bfc9908ef1776c61fa9dfb89.txt,True
valid,processed/valid/images/IMG_6301_jpg.rf.0f1dd7b8490638b00ca607ce0e72efb6.jpg,processed/valid/labels/IMG_6301_jpg.rf.0f1dd7b8490638b00ca607ce0e72efb6.txt,True
valid,processed/valid/images/IMG_6311_jpg.rf.fbd81b89e4e434cdda0f060bf8628cb4.jpg,processed/valid/labels/IMG_6311_jpg.rf.fbd81b89e4e434cdda0f060bf8628cb4.txt,True
valid,processed/valid/images/IMG_6312_jpg.rf.64c58a325b70278fbe86bfdc0638a1c3.jpg,processed/valid/labels/IMG_6312_jpg.rf.64c58a325b70278fbe86bfdc0638a1c3.txt,True
valid,processed/valid/images/IMG_6317_jpg.rf.6d5a2851f40daeca24c951a09ddd48f3.jpg,processed/valid/labels/IMG_6317_jpg.rf.6d5a2851f40daeca24c951a09ddd48f3.txt,True
valid,processed/valid/images/IMG_6323_jpg.rf.9dc7286c48827ac70a6042fa68cefc93.jpg,processed/valid/labels/IMG_6323_jpg.rf.9dc7286c48827ac70a6042fa68cefc93.txt,True
valid,processed/valid/images/IMG_6327_jpg.rf.ab6d6b49f0db5d2bf7e231ee816361b9.jpg,processed/valid/labels/IMG_6327_jpg.rf.ab6d6b49f0db5d2bf7e231ee816361b9.txt,True
valid,processed/valid/images/IMG_6328_jpg.rf.86990b90099625a5474dad7df9c66777.jpg,processed/valid/labels/IMG_6328_jpg.rf.86990b90099625a5474dad7df9c66777.txt,True
valid,processed/valid/images/IMG_6329_jpg.rf.80d5194b80017af33842ca19a85048bb.jpg,processed/valid/labels/IMG_6329_jpg.rf.80d5194b80017af33842ca19a85048bb.txt,True
valid,processed/valid/images/IMG_6331_jpg.rf.44a284ff5c572d500c88918e7e9d269f.jpg,processed/valid/labels/IMG_6331_jpg.rf.44a284ff5c572d500c88918e7e9d269f.txt,True
valid,processed/valid/images/IMG_6336_jpg.rf.1d47e78611710650474d3f9a8f86e590.jpg,processed/valid/labels/IMG_6336_jpg.rf.1d47e78611710650474d3f9a8f86e590.txt,True
valid,processed/valid/images/IMG_6339_jpg.rf.f2c61923aa42512f958d7f04051b9f54.jpg,processed/valid/labels/IMG_6339_jpg.rf.f2c61923aa42512f958d7f04051b9f54.txt,True
valid,processed/valid/images/IMG_6344_jpg.rf.7bce76114f62f5b98f3d0128ce0044cf.jpg,processed/valid/labels/IMG_6344_jpg.rf.7bce76114f62f5b98f3d0128ce0044cf.txt,True
valid,processed/valid/images/IMG_6357_jpg.rf.ca1394298bab0eee3d6f179b3f96e35b.jpg,processed/valid/labels/IMG_6357_jpg.rf.ca1394298bab0eee3d6f179b3f96e35b.txt,True
valid,processed/valid/images/IMG_6366_jpg.rf.46bd2d18dfd8b2ea3fd2567692149a9f.jpg,processed/valid/labels/IMG_6366_jpg.rf.46bd2d18dfd8b2ea3fd2567692149a9f.txt,True
valid,processed/valid/images/IMG_6370_jpg.rf.fe49faf406b5946e5bb5e541a26165fc.jpg,processed/valid/labels/IMG_6370_jpg.rf.fe49faf406b5946e5bb5e541a26165fc.txt,True
valid,processed/valid/images/IMG_6377_jpg.rf.b88a1bfb8f32a60c92e8f0696616be1a.jpg,processed/valid/labels/IMG_6377_jpg.rf.b88a1bfb8f32a60c92e8f0696616be1a.txt,True
valid,processed/valid/images/IMG_6387_jpg.rf.e06db42a7eb09608ebedb537d86da993.jpg,processed/valid/labels/IMG_6387_jpg.rf.e06db42a7eb09608ebedb537d86da993.txt,True
valid,processed/valid/images/IMG_6392_jpg.rf.7c9109813f8a2a0d47e888def40fabbb.jpg,processed/valid/labels/IMG_6392_jpg.rf.7c9109813f8a2a0d47e888def40fabbb.txt,True
valid,processed/valid/images/IMG_6406_jpg.rf.12b06dd86e50bc703851c99d8ee4e73c.jpg,processed/valid/labels/IMG_6406_jpg.rf.12b06dd86e50bc703851c99d8ee4e73c.txt,True
valid,processed/valid/images/IMG_6409_jpg.rf.b475414278510c57592301ee7cac4b92.jpg,processed/valid/labels/IMG_6409_jpg.rf.b475414278510c57592301ee7cac4b92.txt,True
valid,processed/valid/images/IMG_6413_jpg.rf.025bb84539852445ff8833fbe18c6a80.jpg,processed/valid/labels/IMG_6413_jpg.rf.025bb84539852445ff8833fbe18c6a80.txt,True
valid,processed/valid/images/IMG_6417_jpg.rf.cafa30d38e8808251625d3b6407fe2fd.jpg,processed/valid/labels/IMG_6417_jpg.rf.cafa30d38e8808251625d3b6407fe2fd.txt,True
valid,processed/valid/images/IMG_6420_jpg.rf.b630575b9b5ceef85b768545d540304a.jpg,processed/valid/labels/IMG_6420_jpg.rf.b630575b9b5ceef85b768545d540304a.txt,True
valid,processed/valid/images/IMG_6423_jpg.rf.38c898301285ae8f95c6c6189f9f4efa.jpg,processed/valid/labels/IMG_6423_jpg.rf.38c898301285ae8f95c6c6189f9f4efa.txt,True
valid,processed/valid/images/IMG_6427_jpg.rf.720f5ce9586fac433e576865dd672c75.jpg,processed/valid/labels/IMG_6427_jpg.rf.720f5ce9586fac433e576865dd672c75.txt,True
valid,processed/valid/images/IMG_6429_jpg.rf.a0acb9fb9ab84f9de12930713dbf49cc.jpg,processed/valid/labels/IMG_6429_jpg.rf.a0acb9fb9ab84f9de12930713dbf49cc.txt,True
valid,processed/valid/images/IMG_6433_jpg.rf.78a26e3bc2ed18c9204223e74bcb44cb.jpg,processed/valid/labels/IMG_6433_jpg.rf.78a26e3bc2ed18c9204223e74bcb44cb.txt,True
valid,processed/valid/images/IMG_6435_jpg.rf.4ffece4b08d650ef97edb078b7452e5e.jpg,processed/valid/labels/IMG_6435_jpg.rf.4ffece4b08d650ef97edb078b7452e5e.txt,True
valid,processed/valid/images/IMG_6438_jpg.rf.ea5b40d1a82b84d08008b862f06f815f.jpg,processed/valid/labels/IMG_6438_jpg.rf.ea5b40d1a82b84d08008b862f06f815f.txt,True
valid,processed/valid/images/IMG_6443_jpg.rf.601f9625884ccdce99fc6bebd5039019.jpg,processed/valid/labels/IMG_6443_jpg.rf.601f9625884ccdce99fc6bebd5039019.txt,True
valid,processed/valid/images/IMG_6449_jpg.rf.9f92487a955aadd3476f399d4a2b77c8.jpg,processed/valid/labels/IMG_6449_jpg.rf.9f92487a955aadd3476f399d4a2b77c8.txt,True
valid,processed/valid/images/IMG_6456_jpg.rf.aa2e69fe1b2ee71747a27c105cb9f55b.jpg,processed/valid/labels/IMG_6456_jpg.rf.aa2e69fe1b2ee71747a27c105cb9f55b.txt,True
valid,processed/valid/images/IMG_6463_jpg.rf.4d6fe471f49512ffd3a4ab5e8eaf22c6.jpg,processed/valid/labels/IMG_6463_jpg.rf.4d6fe471f49512ffd3a4ab5e8eaf22c6.txt,True
valid,processed/valid/images/IMG_6470_jpg.rf.f8958561cfc8c97367a1215c2ee28f38.jpg,processed/valid/labels/IMG_6470_jpg.rf.f8958561cfc8c97367a1215c2ee28f38.txt,True
test,processed/test/images/IMG_4585_jpg.rf.f3f0346aee5d54b06fea1cbf25849509.jpg,processed/test/labels/IMG_4585_jpg.rf.f3f0346aee5d54b06fea1cbf25849509.txt,True
test,processed/test/images/IMG_4595_jpg.rf.9ee0dddddc223855c4603d91e131d7df.jpg,processed/test/labels/IMG_4595_jpg.rf.9ee0dddddc223855c4603d91e131d7df.txt,True
test,processed/test/images/IMG_4623_jpg.rf.da9c9dfbc350ab465e071cc01b98035c.jpg,processed/test/labels/IMG_4623_jpg.rf.da9c9dfbc350ab465e071cc01b98035c.txt,True
test,processed/test/images/IMG_4626_jpg.rf.9bf3d68a6e799c8fdfd701171a8102df.jpg,processed/test/labels/IMG_4626_jpg.rf.9bf3d68a6e799c8fdfd701171a8102df.txt,True
test,processed/test/images/IMG_4633_jpg.rf.bec938de372a6f84357b0ccc01b7f5bf.jpg,processed/test/labels/IMG_4633_jpg.rf.bec938de372a6f84357b0ccc01b7f5bf.txt,True
test,processed/test/images/IMG_4637_jpg.rf.a72ca528f7f07132ac0a59ad547db524.jpg,processed/test/labels/IMG_4637_jpg.rf.a72ca528f7f07132ac0a59ad547db524.txt,True
test,processed/test/images/IMG_4660_jpg.rf.b1209a271f3ecd520b9f8e381f66109d.jpg,processed/test/labels/IMG_4660_jpg.rf.b1209a271f3ecd520b9f8e381f66109d.txt,True
test,processed/test/images/IMG_4665_jpg.rf.01d1826b78958e62d33f53788990483e.jpg,processed/test/labels/IMG_4665_jpg.rf.01d1826b78958e62d33f53788990483e.txt,True
test,processed/test/images/IMG_4668_jpg.rf.6dc3812298d8b936bd7f018a0995178b.jpg,processed/test/labels/IMG_4668_jpg.rf.6dc3812298d8b936bd7f018a0995178b.txt,True
test,processed/test/images/IMG_4686_jpg.rf.f79f72c6494f629fe18d514f81cbc8dd.jpg,processed/test/labels/IMG_4686_jpg.rf.f79f72c6494f629fe18d514f81cbc8dd.txt,True
test,processed/test/images/IMG_4702_jpg.rf.ddf7894ec59cb07bf8ac602660ec4461.jpg,processed/test/labels/IMG_4702_jpg.rf.ddf7894ec59cb07bf8ac602660ec4461.txt,True
test,processed/test/images/IMG_4707_jpg.rf.784fdbb87b8b66a17ac1fc8f64ff7a20.jpg,processed/test/labels/IMG_4707_jpg.rf.784fdbb87b8b66a17ac1fc8f64ff7a20.txt,True
test,processed/test/images/IMG_4714_jpg.rf.73d1083009e34bd5cca88bc9807d1c10.jpg,processed/test/labels/IMG_4714_jpg.rf.73d1083009e34bd5cca88bc9807d1c10.txt,True
test,processed/test/images/IMG_4718_jpg.rf.a69de2d6f92a05d9b476544dea1c5d01.jpg,processed/test/labels/IMG_4718_jpg.rf.a69de2d6f92a05d9b476544dea1c5d01.txt,True
test,processed/test/images/IMG_4733_jpg.rf.ed51d73e268be8835a0cc1babf02a3d9.jpg,processed/test/labels/IMG_4733_jpg.rf.ed51d73e268be8835a0cc1babf02a3d9.txt,True
test,processed/test/images/IMG_4735_jpg.rf.08c1ed9d81506dd299f9b324ea539548.jpg,processed/test/labels/IMG_4735_jpg.rf.08c1ed9d81506dd299f9b324ea539548.txt,True
test,processed/test/images/IMG_4750_jpg.rf.824496a8ead6f75f6c0d296515b0e41f.jpg,processed/test/labels/IMG_4750_jpg.rf.824496a8ead6f75f6c0d296515b0e41f.txt,True
test,processed/test/images/IMG_4758_jpg.rf.a35bb779d63cf4e5922a75b4c173f45a.jpg,processed/test/labels/IMG_4758_jpg.rf.a35bb779d63cf4e5922a75b4c173f45a.txt,True
test,processed/test/images/IMG_4761_jpg.rf.8178b73783fdf54635defa6a35071b04.jpg,processed/test/labels/IMG_4761_jpg.rf.8178b73783fdf54635defa6a35071b04.txt,True
test,processed/test/images/IMG_4763_jpg.rf.e4d1cf8700430d1113928958878e9a9e.jpg,processed/test/labels/IMG_4763_jpg.rf.e4d1cf8700430d1113928958878e9a9e.txt,True
test,processed/test/images/IMG_4771_jpg.rf.cd84053c6d848d23ca5a57b1e61388be.jpg,processed/test/labels/IMG_4771_jpg.rf.cd84053c6d848d23ca5a57b1e61388be.txt,True
test,processed/test/images/IMG_4785_jpg.rf.4b671ab2fc94f2afbdf4afaa5f748627.jpg,processed/test/labels/IMG_4785_jpg.rf.4b671ab2fc94f2afbdf4afaa5f748627.txt,True
test,processed/test/images/IMG_4788_jpg.rf.5a51142962b4fed6469c9bcfbcea8898.jpg,processed/test/labels/IMG_4788_jpg.rf.5a51142962b4fed6469c9bcfbcea8898.txt,True
test,processed/test/images/IMG_4811_jpg.rf.611f3de89c2f71e003d7c55809ec6b26.jpg,processed/test/labels/IMG_4811_jpg.rf.611f3de89c2f71e003d7c55809ec6b26.txt,True
test,processed/test/images/IMG_4817_jpg.rf.b2c5e0b1b97e9a5f6e5cd98788d7ee78.jpg,processed/test/labels/IMG_4817_jpg.rf.b2c5e0b1b97e9a5f6e5cd98788d7ee78.txt,True
test,processed/test/images/IMG_4825_jpg.rf.0667a8a8e3bd3a91570fd8593924839b.jpg,processed/test/labels/IMG_4825_jpg.rf.0667a8a8e3bd3a91570fd8593924839b.txt,True
test,processed/test/images/IMG_5227_jpg.rf.00750b682c15c288ea36fe2bd3603692.jpg,processed/test/labels/IMG_5227_jpg.rf.00750b682c15c288ea36fe2bd3603692.txt,True
test,processed/test/images/IMG_5255_jpg.rf.cffd779079b859e355a5aabbe12bb831.jpg,processed/test/labels/IMG_5255_jpg.rf.cffd779079b859e355a5aabbe12bb831.txt,True
test,processed/test/images/IMG_5257_jpg.rf.a47d7d7b14e0332380830d21d4e17ffd.jpg,processed/test/labels/IMG_5257_jpg.rf.a47d7d7b14e0332380830d21d4e17ffd.txt,True
test,processed/test/images/IMG_5264_jpg.rf.3b4fa8b77aa9981d7741bf720df0c9b0.jpg,processed/test/labels/IMG_5264_jpg.rf.3b4fa8b77aa9981d7741bf720df0c9b0.txt,True
test,processed/test/images/IMG_5285_jpg.rf.bfd236d705d3b1d7ab2ddc596a5a0980.jpg,processed/test/labels/IMG_5285_jpg.rf.bfd236d705d3b1d7ab2ddc596a5a0980.txt,True
test,processed/test/images/IMG_5290_jpg.rf.7fe296d33a015d6f75f19cf75aa5607f.jpg,processed/test/labels/IMG_5290_jpg.rf.7fe296d33a015d6f75f19cf75aa5607f.txt,True
test,processed/test/images/IMG_5298_jpg.rf.14104d519d11bc9e3eb24b536752701f.jpg,processed/test/labels/IMG_5298_jpg.rf.14104d519d11bc9e3eb24b536752701f.txt,True
test,processed/test/images/IMG_5299_jpg.rf.87780124535540e4ed60c5568900d844.jpg,processed/test/labels/IMG_5299_jpg.rf.87780124535540e4ed60c5568900d844.txt,True
test,processed/test/images/IMG_5305_jpg.rf.d28d496d0864f2d4e736603603f9bd42.jpg,processed/test/labels/IMG_5305_jpg.rf.d28d496d0864f2d4e736603603f9bd42.txt,True
test,processed/test/images/IMG_5306_jpg.rf.98e1901d9771c9abe34df9d627e3594b.jpg,processed/test/labels/IMG_5306_jpg.rf.98e1901d9771c9abe34df9d627e3594b.txt,True
test,processed/test/images/IMG_5322_jpg.rf.daed0bcd14b359c944bdbec1bd74dc02.jpg,processed/test/labels/IMG_5322_jpg.rf.daed0bcd14b359c944bdbec1bd74dc02.txt,True
test,processed/test/images/IMG_5365_jpg.rf.d30f9609154161dee5d063e83d10aaee.jpg,processed/test/labels/IMG_5365_jpg.rf.d30f9609154161dee5d063e83d10aaee.txt,True
test,processed/test/images/IMG_5381_jpg.rf.149d701def0b580f4bcc2527b28b3228.jpg,processed/test/labels/IMG_5381_jpg.rf.149d701def0b580f4bcc2527b28b3228.txt,True
test,processed/test/images/IMG_5403_jpg.rf.2e07bb865c682e5baa5f94d1bdc4b97c.jpg,processed/test/labels/IMG_5403_jpg.rf.2e07bb865c682e5baa5f94d1bdc4b97c.txt,True
test,processed/test/images/IMG_5406_jpg.rf.2c5dcf461b427a6cdbdfb385fd9c6949.jpg,processed/test/labels/IMG_5406_jpg.rf.2c5dcf461b427a6cdbdfb385fd9c6949.txt,True
test,processed/test/images/IMG_5409_jpg.rf.e5694c0d06be1c095002d1a2340dbf45.jpg,processed/test/labels/IMG_5409_jpg.rf.e5694c0d06be1c095002d1a2340dbf45.txt,True
test,processed/test/images/IMG_5414_jpg.rf.7467c619c4158a9b5afc9ffc375e3388.jpg,processed/test/labels/IMG_5414_jpg.rf.7467c619c4158a9b5afc9ffc375e3388.txt,True
test,processed/test/images/IMG_5421_jpg.rf.7359db8d5d05e0b5d58f1d2fcec6b702.jpg,processed/test/labels/IMG_5421_jpg.rf.7359db8d5d05e0b5d58f1d2fcec6b702.txt,True
test,processed/test/images/IMG_5423_jpg.rf.7bd65cea7e5517e5793dce4b88c505e6.jpg,processed/test/labels/IMG_5423_jpg.rf.7bd65cea7e5517e5793dce4b88c505e6.txt,True
test,processed/test/images/IMG_5425_jpg.rf.9559037877f230509329f1486667aca5.jpg,processed/test/labels/IMG_5425_jpg.rf.9559037877f230509329f1486667aca5.txt,True
test,processed/test/images/IMG_5431_jpg.rf.50c8e366a005b70956eda25d217028a4.jpg,processed/test/labels/IMG_5431_jpg.rf.50c8e366a005b70956eda25d217028a4.txt,True
test,processed/test/images/IMG_5440_jpg.rf.559e94a87d1947f19ad57b081c8c5ec0.jpg,processed/test/labels/IMG_5440_jpg.rf.559e94a87d1947f19ad57b081c8c5ec0.txt,True
test,processed/test/images/IMG_5443_jpg.rf.2c6bc03148f6ccf8efe7c4f37198a9c1.jpg,processed/test/labels/IMG_5443_jpg.rf.2c6bc03148f6ccf8efe7c4f37198a9c1.txt,True
test,processed/test/images/IMG_5450_jpg.rf.f508db1ab4fe30a46cf384157bd64a4f.jpg,processed/test/labels/IMG_5450_jpg.rf.f508db1ab4fe30a46cf384157bd64a4f.txt,True
test,processed/test/images/IMG_5475_jpg.rf.e6b453eee8aeca7d1e1b7b74f9a55192.jpg,processed/test/labels/IMG_5475_jpg.rf.e6b453eee8aeca7d1e1b7b74f9a55192.txt,True
test,processed/test/images/IMG_5479_jpg.rf.f8c9aafeb275111d9aa1ce9c110972d6.jpg,processed/test/labels/IMG_5479_jpg.rf.f8c9aafeb275111d9aa1ce9c110972d6.txt,True
test,processed/test/images/IMG_5488_jpg.rf.6736ba1b30e72441f8a2255f496ea823.jpg,processed/test/labels/IMG_5488_jpg.rf.6736ba1b30e72441f8a2255f496ea823.txt,True
test,processed/test/images/IMG_5512_jpg.rf.d06ea23f04000c1dea235dbc2e52eb35.jpg,processed/test/labels/IMG_5512_jpg.rf.d06ea23f04000c1dea235dbc2e52eb35.txt,True
test,processed/test/images/IMG_5515_jpg.rf.528e45892812d086c9777831e0983f43.jpg,processed/test/labels/IMG_5515_jpg.rf.528e45892812d086c9777831e0983f43.txt,True
test,processed/test/images/IMG_5516_jpg.rf.5736691f644f48d6fc3e9b18e2aab771.jpg,processed/test/labels/IMG_5516_jpg.rf.5736691f644f48d6fc3e9b18e2aab771.txt,True
test,processed/test/images/IMG_5520_jpg.rf.5436165bdb50f5f796f30874675008c6.jpg,processed/test/labels/IMG_5520_jpg.rf.5436165bdb50f5f796f30874675008c6.txt,True
test,processed/test/images/IMG_5522_jpg.rf.bb6c466b9c52cc867050140ab02a9d66.jpg,processed/test/labels/IMG_5522_jpg.rf.bb6c466b9c52cc867050140ab02a9d66.txt,True
test,processed/test/images/IMG_5526_jpg.rf.74299abb6558788011b53f2d55f73c63.jpg,processed/test/labels/IMG_5526_jpg.rf.74299abb6558788011b53f2d55f73c63.txt,True
test,processed/test/images/IMG_5537_jpg.rf.27432ff34e055cfb32185ec39821acc3.jpg,processed/test/labels/IMG_5537_jpg.rf.27432ff34e055cfb32185ec39821acc3.txt,True
test,processed/test/images/IMG_5543_jpg.rf.8cf9e584ac1314c20bc3e4e6b67b29e8.jpg,processed/test/labels/IMG_5543_jpg.rf.8cf9e584ac1314c20bc3e4e6b67b29e8.txt,True
test,processed/test/images/IMG_5566_jpg.rf.0088405c4b03abab97697cd0167473d4.jpg,processed/test/labels/IMG_5566_jpg.rf.0088405c4b03abab97697cd0167473d4.txt,True
test,processed/test/images/IMG_5574_jpg.rf.56d620f49d09abe283e82805bf55eb2c.jpg,processed/test/labels/IMG_5574_jpg.rf.56d620f49d09abe283e82805bf55eb2c.txt,True
test,processed/test/images/IMG_5618_jpg.rf.580e9aeb5c634604520384eba7e72f82.jpg,processed/test/labels/IMG_5618_jpg.rf.580e9aeb5c634604520384eba7e72f82.txt,True
test,processed/test/images/IMG_5620_jpg.rf.63ce05dfea8a3a0741b2f47c483f6c50.jpg,processed/test/labels/IMG_5620_jpg.rf.63ce05dfea8a3a0741b2f47c483f6c50.txt,True
test,processed/test/images/IMG_5638_jpg.rf.edcea4c183b3a7889d97879dc4ec2143.jpg,processed/test/labels/IMG_5638_jpg.rf.edcea4c183b3a7889d97879dc4ec2143.txt,True
test,processed/test/images/IMG_5663_jpg.rf.47336163ddabeab053eddf2487d8b9f1.jpg,processed/test/labels/IMG_5663_jpg.rf.47336163ddabeab053eddf2487d8b9f1.txt,True
test,processed/test/images/IMG_5670_jpg.rf.e4ca14b94a460bbba01e66807e00ad9a.jpg,processed/test/labels/IMG_5670_jpg.rf.e4ca14b94a460bbba01e66807e00ad9a.txt,True
test,processed/test/images/IMG_5678_jpg.rf.b067b886d588f6de9a469daaf94e19eb.jpg,processed/test/labels/IMG_5678_jpg.rf.b067b886d588f6de9a469daaf94e19eb.txt,True
test,processed/test/images/IMG_5701_jpg.rf.7ee4174b123748fb113ad143c3031380.jpg,processed/test/labels/IMG_5701_jpg.rf.7ee4174b123748fb113ad143c3031380.txt,True
test,processed/test/images/IMG_5709_jpg.rf.68dde1608c909c680afe3ac7e21b7f9c.jpg,processed/test/labels/IMG_5709_jpg.rf.68dde1608c909c680afe3ac7e21b7f9c.txt,True
test,processed/test/images/IMG_5714_jpg.rf.1837c2f174a6c73b00e3728ba5b654be.jpg,processed/test/labels/IMG_5714_jpg.rf.1837c2f174a6c73b00e3728ba5b654be.txt,True
test,processed/test/images/IMG_5715_jpg.rf.7281e7ea73da61f66d26b6f82f1b244f.jpg,processed/test/labels/IMG_5715_jpg.rf.7281e7ea73da61f66d26b6f82f1b244f.txt,True
test,processed/test/images/IMG_5722_jpg.rf.ee359c8f21d1286cb5c33898c94821ac.jpg,processed/test/labels/IMG_5722_jpg.rf.ee359c8f21d1286cb5c33898c94821ac.txt,True
test,processed/test/images/IMG_5733_jpg.rf.716d97cf698d43b904371e8be63b832e.jpg,processed/test/labels/IMG_5733_jpg.rf.716d97cf698d43b904371e8be63b832e.txt,True
test,processed/test/images/IMG_5750_jpg.rf.cdba8cfa21dd22afd5b7ca1eea1e4f8d.jpg,processed/test/labels/IMG_5750_jpg.rf.cdba8cfa21dd22afd5b7ca1eea1e4f8d.txt,True
test,processed/test/images/IMG_5752_jpg.rf.47e74a3d79ddb76bbd33d9db77b784f4.jpg,processed/test/labels/IMG_5752_jpg.rf.47e74a3d79ddb76bbd33d9db77b784f4.txt,True
test,processed/test/images/IMG_5753_jpg.rf.6d76caeb02c5d54a84582f103ab725df.jpg,processed/test/labels/IMG_5753_jpg.rf.6d76caeb02c5d54a84582f103ab725df.txt,True
test,processed/test/images/IMG_5756_jpg.rf.260c5db42d0868b2548d8b9c2b4d7587.jpg,processed/test/labels/IMG_5756_jpg.rf.260c5db42d0868b2548d8b9c2b4d7587.txt,True
test,processed/test/images/IMG_5763_jpg.rf.8a857e58b4e42a73e89a7d3f8655aea3.jpg,processed/test/labels/IMG_5763_jpg.rf.8a857e58b4e42a73e89a7d3f8655aea3.txt,True
test,processed/test/images/IMG_5785_jpg.rf.3f01bee4598d351b6517b6f36dfcb1f6.jpg,processed/test/labels/IMG_5785_jpg.rf.3f01bee4598d351b6517b6f36dfcb1f6.txt,True
test,processed/test/images/IMG_5792_jpg.rf.da83d414f9162e5eeebe7ec2d08640a2.jpg,processed/test/labels/IMG_5792_jpg.rf.da83d414f9162e5eeebe7ec2d08640a2.txt,True
test,processed/test/images/IMG_5796_jpg.rf.9f4bb0be153f4cd5bc54f1eff01bf25b.jpg,processed/test/labels/IMG_5796_jpg.rf.9f4bb0be153f4cd5bc54f1eff01bf25b.txt,True
test,processed/test/images/IMG_5834_jpg.rf.ed0958b9522ed2cd0648efd5135b6764.jpg,processed/test/labels/IMG_5834_jpg.rf.ed0958b9522ed2cd0648efd5135b6764.txt,True
test,processed/test/images/IMG_5839_jpg.rf.906bf9330b996bb903b728be960caa79.jpg,processed/test/labels/IMG_5839_jpg.rf.906bf9330b996bb903b728be960caa79.txt,True
test,processed/test/images/IMG_5840_jpg.rf.05415da0f8ff4fae112244f28118f9c9.jpg,processed/test/labels/IMG_5840_jpg.rf.05415da0f8ff4fae112244f28118f9c9.txt,True
test,processed/test/images/IMG_5852_jpg.rf.54456c7391603e71c17b5028b4db3bfc.jpg,processed/test/labels/IMG_5852_jpg.rf.54456c7391603e71c17b5028b4db3bfc.txt,True
test,processed/test/images/IMG_5894_jpg.rf.5b795ea77fb0e4097beea0659a59bf67.jpg,processed/test/labels/IMG_5894_jpg.rf.5b795ea77fb0e4097beea0659a59bf67.txt,True
test,processed/test/images/IMG_5903_jpg.rf.c219458a91521fb990efd429874cf63e.jpg,processed/test/labels/IMG_5903_jpg.rf.c219458a91521fb990efd429874cf63e.txt,True
test,processed/test/images/IMG_5914_jpg.rf.7d17a897ddc5b8e24d6f2d6e36168aa8.jpg,processed/test/labels/IMG_5914_jpg.rf.7d17a897ddc5b8e24d6f2d6e36168aa8.txt,True
test,processed/test/images/IMG_5915_jpg.rf.8c5f4d8539682a9de90a2e3856796c55.jpg,processed/test/labels/IMG_5915_jpg.rf.8c5f4d8539682a9de90a2e3856796c55.txt,True
test,processed/test/images/IMG_5921_jpg.rf.4f614b34c67b0715a1daac2b26bfd2d9.jpg,processed/test/labels/IMG_5921_jpg.rf.4f614b34c67b0715a1daac2b26bfd2d9.txt,True
test,processed/test/images/IMG_5933_jpg.rf.fde639a68769bbd13ccb72ddcb5421f8.jpg,processed/test/labels/IMG_5933_jpg.rf.fde639a68769bbd13ccb72ddcb5421f8.txt,True
test,processed/test/images/IMG_5985_jpg.rf.2e74465a829815e10302340b07a44cbe.jpg,processed/test/labels/IMG_5985_jpg.rf.2e74465a829815e10302340b07a44cbe.txt,True
test,processed/test/images/IMG_5997_jpg.rf.fc34ac35a11eee09e483645ae2fac207.jpg,processed/test/labels/IMG_5997_jpg.rf.fc34ac35a11eee09e483645ae2fac207.txt,True
test,processed/test/images/IMG_6010_jpg.rf.d14b065da7151224cafc6bf975f7977e.jpg,processed/test/labels/IMG_6010_jpg.rf.d14b065da7151224cafc6bf975f7977e.txt,True
test,processed/test/images/IMG_6019_jpg.rf.d6bf46e91a65d5509cc64ade42747e8a.jpg,processed/test/labels/IMG_6019_jpg.rf.d6bf46e91a65d5509cc64ade42747e8a.txt,True
test,processed/test/images/IMG_6059_jpg.rf.8c4a9e1ca6c9f0e95a2b2655076249b3.jpg,processed/test/labels/IMG_6059_jpg.rf.8c4a9e1ca6c9f0e95a2b2655076249b3.txt,True
test,processed/test/images/IMG_6069_jpg.rf.410d2c38238c41abc944d2ca12984efc.jpg,processed/test/labels/IMG_6069_jpg.rf.410d2c38238c41abc944d2ca12984efc.txt,True
test,processed/test/images/IMG_6074_jpg.rf.2d5d97f8a2e7b74e6e4fde06ac05141d.jpg,processed/test/labels/IMG_6074_jpg.rf.2d5d97f8a2e7b74e6e4fde06ac05141d.txt,True
test,processed/test/images/IMG_6075_jpg.rf.1bbe3f889d207cc3cc48fc5354fb79e8.jpg,processed/test/labels/IMG_6075_jpg.rf.1bbe3f889d207cc3cc48fc5354fb79e8.txt,True
test,processed/test/images/IMG_6079_jpg.rf.d8fd0d72c42c799d36c70627e7bf9cf7.jpg,processed/test/labels/IMG_6079_jpg.rf.d8fd0d72c42c799d36c70627e7bf9cf7.txt,True
test,processed/test/images/IMG_6092_jpg.rf.dbaef4d0568c19cb3836b7a73aed5c25.jpg,processed/test/labels/IMG_6092_jpg.rf.dbaef4d0568c19cb3836b7a73aed5c25.txt,True
test,processed/test/images/IMG_6106_jpg.rf.ec0153951ea7c4549ae74145b45af9bb.jpg,processed/test/labels/IMG_6106_jpg.rf.ec0153951ea7c4549ae74145b45af9bb.txt,True
test,processed/test/images/IMG_6109_jpg.rf.6da4be3107912faecad9b3ed8c73ff93.jpg,processed/test/labels/IMG_6109_jpg.rf.6da4be3107912faecad9b3ed8c73ff93.txt,True
test,processed/test/images/IMG_6116_jpg.rf.e32fcab39189452de64a88227af6cb0e.jpg,processed/test/labels/IMG_6116_jpg.rf.e32fcab39189452de64a88227af6cb0e.txt,True
test,processed/test/images/IMG_6125_jpg.rf.6c72efd5da84772bbaec6cf0058a2e93.jpg,processed/test/labels/IMG_6125_jpg.rf.6c72efd5da84772bbaec6cf0058a2e93.txt,True
test,processed/test/images/IMG_6137_jpg.rf.6534c44628ac6a2bae1db27840360157.jpg,processed/test/labels/IMG_6137_jpg.rf.6534c44628ac6a2bae1db27840360157.txt,True
test,processed/test/images/IMG_6158_jpg.rf.975370e6e1f0239e1fbe136174ee5c30.jpg,processed/test/labels/IMG_6158_jpg.rf.975370e6e1f0239e1fbe136174ee5c30.txt,True
test,processed/test/images/IMG_6171_jpg.rf.a7dd3ca6b143829353a89f628bffebac.jpg,processed/test/labels/IMG_6171_jpg.rf.a7dd3ca6b143829353a89f628bffebac.txt,True
test,processed/test/images/IMG_6173_jpg.rf.bac9d28d3ea1ad112665ae981adb9d1c.jpg,processed/test/labels/IMG_6173_jpg.rf.bac9d28d3ea1ad112665ae981adb9d1c.txt,True
test,processed/test/images/IMG_6182_jpg.rf.3efb6d1cf8a1b8b9cb25037c6e49488e.jpg,processed/test/labels/IMG_6182_jpg.rf.3efb6d1cf8a1b8b9cb25037c6e49488e.txt,True
test,processed/test/images/IMG_6185_jpg.rf.a741a6414a4e61ead01e5c1a716b0f1c.jpg,processed/test/labels/IMG_6185_jpg.rf.a741a6414a4e61ead01e5c1a716b0f1c.txt,True
test,processed/test/images/IMG_6196_jpg.rf.647f2d0f82bf1fcafe9e6f5dca14300a.jpg,processed/test/labels/IMG_6196_jpg.rf.647f2d0f82bf1fcafe9e6f5dca14300a.txt,True
test,processed/test/images/IMG_6197_jpg.rf.362ec7b6c5d53e816aef19f57d78d90b.jpg,processed/test/labels/IMG_6197_jpg.rf.362ec7b6c5d53e816aef19f57d78d90b.txt,True
test,processed/test/images/IMG_6208_jpg.rf.d95f8bf45c4f33da9105e50f53c4cec5.jpg,processed/test/labels/IMG_6208_jpg.rf.d95f8bf45c4f33da9105e50f53c4cec5.txt,True
test,processed/test/images/IMG_6212_jpg.rf.fe7e434e8f2509191c6cf44d3d3fcfc4.jpg,processed/test/labels/IMG_6212_jpg.rf.fe7e434e8f2509191c6cf44d3d3fcfc4.txt,True
test,processed/test/images/IMG_6223_jpg.rf.d6ccda1ab932c16ad09f11e5c648813d.jpg,processed/test/labels/IMG_6223_jpg.rf.d6ccda1ab932c16ad09f11e5c648813d.txt,True
test,processed/test/images/IMG_6242_jpg.rf.02af2e319ad2f138e40e61d1bb070a27.jpg,processed/test/labels/IMG_6242_jpg.rf.02af2e319ad2f138e40e61d1bb070a27.txt,True
test,processed/test/images/IMG_6261_jpg.rf.e0f59a538048e8bfa4f0694e877ea356.jpg,processed/test/labels/IMG_6261_jpg.rf.e0f59a538048e8bfa4f0694e877ea356.txt,True
test,processed/test/images/IMG_6263_jpg.rf.2f44623a2f06fd02861ce6e21ba15fd4.jpg,processed/test/labels/IMG_6263_jpg.rf.2f44623a2f06fd02861ce6e21ba15fd4.txt,True
test,processed/test/images/IMG_6276_jpg.rf.48e23f4699aef05ea4c715a980e0f5a1.jpg,processed/test/labels/IMG_6276_jpg.rf.48e23f4699aef05ea4c715a980e0f5a1.txt,True
test,processed/test/images/IMG_6277_jpg.rf.116c613bd54722086574ef6e7c3868c5.jpg,processed/test/labels/IMG_6277_jpg.rf.116c613bd54722086574ef6e7c3868c5.txt,True
test,processed/test/images/IMG_6285_jpg.rf.d268dbdf4ca0ba60014a9a49d36588ec.jpg,processed/test/labels/IMG_6285_jpg.rf.d268dbdf4ca0ba60014a9a49d36588ec.txt,True
test,processed/test/images/IMG_6286_jpg.rf.fee6c45c663b3e49e7ae0f4f766d3212.jpg,processed/test/labels/IMG_6286_jpg.rf.fee6c45c663b3e49e7ae0f4f766d3212.txt,True
test,processed/test/images/IMG_6288_jpg.rf.fff41cd08ddd500b2c95142264b6dd2d.jpg,processed/test/labels/IMG_6288_jpg.rf.fff41cd08ddd500b2c95142264b6dd2d.txt,True
test,processed/test/images/IMG_6292_jpg.rf.fed13766ddc8d2a6e442d86e89d153a4.jpg,processed/test/labels/IMG_6292_jpg.rf.fed13766ddc8d2a6e442d86e89d153a4.txt,True
test,processed/test/images/IMG_6303_jpg.rf.307b8c572caccf9ac234c1ffce10d341.jpg,processed/test/labels/IMG_6303_jpg.rf.307b8c572caccf9ac234c1ffce10d341.txt,True
test,processed/test/images/IMG_6306_jpg.rf.f0d11e44b52302fa93e5cdeac54049ea.jpg,processed/test/labels/IMG_6306_jpg.rf.f0d11e44b52302fa93e5cdeac54049ea.txt,True
test,processed/test/images/IMG_6318_jpg.rf.f1c4b49409b4758a963e392942e6c149.jpg,processed/test/labels/IMG_6318_jpg.rf.f1c4b49409b4758a963e392942e6c149.txt,True
test,processed/test/images/IMG_6330_jpg.rf.8b49f81677cb72db5ddcd461ed135bef.jpg,processed/test/labels/IMG_6330_jpg.rf.8b49f81677cb72db5ddcd461ed135bef.txt,True
test,processed/test/images/IMG_6348_jpg.rf.1cc792ed6a369507ec2f537332659dab.jpg,processed/test/labels/IMG_6348_jpg.rf.1cc792ed6a369507ec2f537332659dab.txt,True
test,processed/test/images/IMG_6361_jpg.rf.7b6566fc22b52774375c4e3ff4551d15.jpg,processed/test/labels/IMG_6361_jpg.rf.7b6566fc22b52774375c4e3ff4551d15.txt,True
test,processed/test/images/IMG_6375_jpg.rf.5e1f55af83e0327e254d933dbcd346fb.jpg,processed/test/labels/IMG_6375_jpg.rf.5e1f55af83e0327e254d933dbcd346fb.txt,True
test,processed/test/images/IMG_6376_jpg.rf.3b0e033dc74a7a4a09252e4a3993b640.jpg,processed/test/labels/IMG_6376_jpg.rf.3b0e033dc74a7a4a09252e4a3993b640.txt,True
test,processed/test/images/IMG_6391_jpg.rf.21de388a7f195082ebd21452cd3b3f4d.jpg,processed/test/labels/IMG_6391_jpg.rf.21de388a7f195082ebd21452cd3b3f4d.txt,True
test,processed/test/images/IMG_6405_jpg.rf.35105996323f20e6c5b1ed5b0dab841a.jpg,processed/test/labels/IMG_6405_jpg.rf.35105996323f20e6c5b1ed5b0dab841a.txt,True
test,processed/test/images/IMG_6412_jpg.rf.3440aa2bfaebe6976c23a261ea30f38d.jpg,processed/test/labels/IMG_6412_jpg.rf.3440aa2bfaebe6976c23a261ea30f38d.txt,True
test,processed/test/images/IMG_6428_jpg.rf.7c042c60cc5f37a2dd953448feb319b1.jpg,processed/test/labels/IMG_6428_jpg.rf.7c042c60cc5f37a2dd953448feb319b1.txt,True
test,processed/test/images/IMG_6434_jpg.rf.0e481c99939d919a6de11567d40d1661.jpg,processed/test/labels/IMG_6434_jpg.rf.0e481c99939d919a6de11567d40d1661.txt,True
test,processed/test/images/IMG_6440_jpg.rf.5e1d8f6cc26263eb35940b43af14f916.jpg,processed/test/labels/IMG_6440_jpg.rf.5e1d8f6cc26263eb35940b43af14f916.txt,True
test,processed/test/images/IMG_6442_jpg.rf.7531221a766994574a1634f8fad628b0.jpg,processed/test/labels/IMG_6442_jpg.rf.7531221a766994574a1634f8fad628b0.txt,True
test,processed/test/images/IMG_6450_jpg.rf.ca918d51e501ef8c99d76cece42a7d61.jpg,processed/test/labels/IMG_6450_jpg.rf.ca918d51e501ef8c99d76cece42a7d61.txt,True
test,processed/test/images/IMG_6454_jpg.rf.d185e4b720b1f7dbdd19a9cfc618740d.jpg,processed/test/labels/IMG_6454_jpg.rf.d185e4b720b1f7dbdd19a9cfc618740d.txt,True
test,processed/test/images/IMG_6458_jpg.rf.5986fa68f7f79c987922ba3826651dc5.jpg,processed/test/labels/IMG_6458_jpg.rf.5986fa68f7f79c987922ba3826651dc5.txt,True
test,processed/test/images/IMG_6459_jpg.rf.331eecc4e3e7131d4ec1292ba007f4fd.jpg,processed/test/labels/IMG_6459_jpg.rf.331eecc4e3e7131d4ec1292ba007f4fd.txt,True
test,processed/test/images/IMG_6462_jpg.rf.cdaecc864c5c452fd083c82e238c128d.jpg,processed/test/labels/IMG_6462_jpg.rf.cdaecc864c5c452fd083c82e238c128d.txt,True
test,processed/test/images/IMG_6464_jpg.rf.eeed6d215089e87770c33e79da431644.jpg,processed/test/labels/IMG_6464_jpg.rf.eeed6d215089e87770c33e79da431644.txt,True
test,processed/test/images/IMG_6465_jpg.rf.80ed56fc37d45295d2334813104c878a.jpg,processed/test/labels/IMG_6465_jpg.rf.80ed56fc37d45295d2334813104c878a.txt,True
test,processed/test/images/IMG_6467_jpg.rf.10853fc39b2c38bd465433a2df1be7d9.jpg,processed/test/labels/IMG_6467_jpg.rf.10853fc39b2c38bd465433a2df1be7d9.txt,True
