split,image_path,label_path,classes
train,Black_Beans/BlackBean_001.jpg,,Black_Beans
train,Black_Beans/BlackBean_002.jpg,,Black_Beans
train,Black_Beans/BlackBean_003.jpg,,Black_Beans
train,Black_Beans/BlackBean_005.jpg,,Black_Beans
train,Black_Beans/BlackBean_006.jpg,,Black_Beans
train,Black_Beans/BlackBean_007.jpg,,Black_Beans
train,Black_Beans/BlackBean_008.jpg,,Black_Beans
train,Black_Beans/BlackBean_009.jpg,,Black_Beans
train,Black_Beans/BlackBean_010.jpg,,Black_Beans
train,Black_Beans/BlackBean_011.jpg,,Black_Beans
train,Black_Beans/BlackBean_012.jpg,,Black_Beans
train,Black_Beans/BlackBean_015.jpg,,Black_Beans
train,Black_Beans/BlackBean_018.jpg,,Black_Beans
train,Black_Beans/BlackBean_019.jpg,,Black_Beans
train,Black_Beans/BlackBean_020.jpg,,Black_Beans
train,Black_Beans/BlackBean_021.jpg,,Black_Beans
train,Black_Beans/BlackBean_022.jpg,,Black_Beans
train,Black_Beans/BlackBean_025.jpg,,Black_Beans
train,Black_Beans/BlackBean_026.jpg,,Black_Beans
train,Black_Beans/BlackBean_027.jpg,,Black_Beans
train,Black_Beans/BlackBean_028.jpg,,Black_Beans
train,Black_Beans/BlackBean_029.jpg,,Black_Beans
train,Black_Beans/BlackBean_030.jpg,,Black_Beans
train,Black_Beans/BlackBean_031.jpg,,Black_Beans
train,Black_Beans/BlackBean_032.jpg,,Black_Beans
train,Black_Beans/BlackBean_033.jpg,,Black_Beans
train,Black_Beans/BlackBean_034.jpg,,Black_Beans
train,Black_Beans/BlackBean_035.jpg,,Black_Beans
train,Black_Beans/BlackBean_038.jpg,,Black_Beans
train,Black_Beans/BlackBean_039.jpg,,Black_Beans
train,Black_Beans/BlackBean_040.jpg,,Black_Beans
train,Black_Beans/BlackBean_042.jpg,,Black_Beans
train,Black_Beans/BlackBean_043.jpg,,Black_Beans
train,Black_Beans/BlackBean_044.jpg,,Black_Beans
train,Black_Beans/BlackBean_046.jpg,,Black_Beans
train,Black_Beans/BlackBean_047.jpg,,Black_Beans
train,Black_Beans/BlackBean_049.jpg,,Black_Beans
train,Black_Beans/BlackBean_051.jpg,,Black_Beans
train,Black_Beans/BlackBean_054.jpg,,Black_Beans
train,Black_Beans/BlackBean_055.jpg,,Black_Beans
train,Black_Beans/BlackBean_056.jpg,,Black_Beans
train,Black_Beans/BlackBean_057.jpg,,Black_Beans
train,Black_Beans/BlackBean_059.jpg,,Black_Beans
train,Black_Beans/BlackBean_060.jpg,,Black_Beans
train,Black_Beans/BlackBean_061.jpg,,Black_Beans
train,Black_Beans/BlackBean_062.jpg,,Black_Beans
train,Black_Beans/BlackBean_063.jpg,,Black_Beans
train,Black_Beans/BlackBean_065.jpg,,Black_Beans
train,Black_Beans/BlackBean_066.jpg,,Black_Beans
train,Black_Beans/BlackBean_067.jpg,,Black_Beans
train,Black_Beans/BlackBean_068.jpg,,Black_Beans
train,Black_Beans/BlackBean_069.jpg,,Black_Beans
train,Black_Beans/BlackBean_070.jpg,,Black_Beans
train,Black_Beans/BlackBean_071.jpg,,Black_Beans
train,Black_Beans/BlackBean_073.jpg,,Black_Beans
train,Black_Beans/BlackBean_074.jpg,,Black_Beans
train,Black_Beans/BlackBean_075.jpg,,Black_Beans
train,Black_Beans/BlackBean_076.jpg,,Black_Beans
train,Black_Beans/BlackBean_077.jpg,,Black_Beans
train,Black_Beans/BlackBean_078.jpg,,Black_Beans
train,Black_Beans/BlackBean_079.jpg,,Black_Beans
train,Black_Beans/BlackBean_081.jpg,,Black_Beans
train,Black_Beans/BlackBean_083.jpg,,Black_Beans
train,Black_Beans/BlackBean_085.jpg,,Black_Beans
train,Black_Beans/BlackBean_086.jpg,,Black_Beans
train,Black_Beans/BlackBean_087.jpg,,Black_Beans
train,Black_Beans/BlackBean_088.jpg,,Black_Beans
train,Black_Beans/BlackBean_089.jpg,,Black_Beans
train,Black_Beans/BlackBean_090.jpg,,Black_Beans
train,Black_Beans/BlackBean_091.jpg,,Black_Beans
train,Black_Beans/BlackBean_092.jpg,,Black_Beans
train,Black_Beans/BlackBean_093.jpg,,Black_Beans
train,Black_Beans/BlackBean_094.jpg,,Black_Beans
train,Black_Beans/BlackBean_095.jpg,,Black_Beans
train,Black_Beans/BlackBean_096.jpg,,Black_Beans
train,Black_Beans/BlackBean_097.jpg,,Black_Beans
train,Black_Beans/BlackBean_098.jpg,,Black_Beans
train,Black_Beans/BlackBean_100.jpg,,Black_Beans
train,Black_Beans/BlackBean_101.jpg,,Black_Beans
train,Black_Beans/BlackBean_103.jpg,,Black_Beans
train,Black_Beans/BlackBean_104.jpg,,Black_Beans
train,Black_Beans/BlackBean_105.jpg,,Black_Beans
train,Black_Beans/BlackBean_106.jpg,,Black_Beans
train,Black_Beans/BlackBean_107.jpg,,Black_Beans
train,Black_Beans/BlackBean_109.jpg,,Black_Beans
train,Black_Beans/BlackBean_110.jpg,,Black_Beans
train,Black_Beans/BlackBean_114.jpg,,Black_Beans
train,Black_Beans/BlackBean_116.jpg,,Black_Beans
train,Black_Beans/BlackBean_118.jpg,,Black_Beans
train,Black_Beans/BlackBean_119.jpg,,Black_Beans
train,Black_Beans/BlackBean_121.jpg,,Black_Beans
train,Black_Beans/BlackBean_122.jpg,,Black_Beans
train,Black_Beans/BlackBean_123.jpg,,Black_Beans
train,Black_Beans/BlackBean_124.jpg,,Black_Beans
train,Black_Beans/BlackBean_125.jpg,,Black_Beans
train,Black_Beans/BlackBean_127.jpg,,Black_Beans
train,Black_Beans/BlackBean_128.jpg,,Black_Beans
train,Black_Beans/BlackBean_129.jpg,,Black_Beans
train,Black_Beans/BlackBean_130.jpg,,Black_Beans
train,Black_Beans/BlackBean_131.jpg,,Black_Beans
train,Black_Beans/BlackBean_132.jpg,,Black_Beans
train,Black_Beans/BlackBean_133.jpg,,Black_Beans
train,Black_Beans/BlackBean_134.jpg,,Black_Beans
train,Black_Beans/BlackBean_135.jpg,,Black_Beans
train,Black_Beans/BlackBean_138.jpg,,Black_Beans
train,Black_Beans/BlackBean_139.jpg,,Black_Beans
train,Black_Beans/BlackBean_140.jpg,,Black_Beans
train,Black_Beans/BlackBean_142.jpg,,Black_Beans
train,Black_Beans/BlackBean_144.jpg,,Black_Beans
train,Black_Beans/BlackBean_145.jpg,,Black_Beans
train,Black_Beans/BlackBean_146.jpg,,Black_Beans
train,Black_Beans/BlackBean_147.jpg,,Black_Beans
train,Black_Beans/BlackBean_148.jpg,,Black_Beans
train,Black_Beans/BlackBean_150.jpg,,Black_Beans
train,Black_Beans/BlackBean_152.jpg,,Black_Beans
train,Black_Beans/BlackBean_153.jpg,,Black_Beans
train,Black_Beans/BlackBean_154.jpg,,Black_Beans
train,Black_Beans/BlackBean_155.jpg,,Black_Beans
train,Black_Beans/BlackBean_156.jpg,,Black_Beans
train,Black_Beans/BlackBean_157.jpg,,Black_Beans
train,Black_Beans/BlackBean_158.jpg,,Black_Beans
train,Black_Beans/BlackBean_159.jpg,,Black_Beans
train,Black_Beans/BlackBean_160.jpg,,Black_Beans
train,Black_Beans/BlackBean_161.jpg,,Black_Beans
train,Black_Beans/BlackBean_162.jpg,,Black_Beans
train,Black_Beans/BlackBean_163.jpg,,Black_Beans
train,Black_Beans/BlackBean_164.jpg,,Black_Beans
train,Black_Beans/BlackBean_165.jpg,,Black_Beans
train,Black_Beans/BlackBean_166.jpg,,Black_Beans
train,Black_Beans/BlackBean_167.jpg,,Black_Beans
train,Black_Beans/BlackBean_168.jpg,,Black_Beans
train,Black_Beans/BlackBean_169.jpg,,Black_Beans
train,Black_Beans/BlackBean_170.jpg,,Black_Beans
train,Black_Beans/BlackBean_171.jpg,,Black_Beans
train,Black_Beans/BlackBean_172.jpg,,Black_Beans
train,Black_Beans/BlackBean_174.jpg,,Black_Beans
train,Black_Beans/BlackBean_176.jpg,,Black_Beans
train,Black_Beans/BlackBean_178.jpg,,Black_Beans
train,Black_Beans/BlackBean_179.jpg,,Black_Beans
train,Black_Beans/BlackBean_180.jpg,,Black_Beans
train,Black_Beans/BlackBean_181.jpg,,Black_Beans
train,Black_Beans/BlackBean_183.jpg,,Black_Beans
train,Black_Beans/BlackBean_185.jpg,,Black_Beans
train,Black_Beans/BlackBean_188.jpg,,Black_Beans
train,Black_Beans/BlackBean_189.jpg,,Black_Beans
train,Black_Beans/BlackBean_191.jpg,,Black_Beans
train,Black_Beans/BlackBean_192.jpg,,Black_Beans
train,Black_Beans/BlackBean_193.jpg,,Black_Beans
train,Black_Beans/BlackBean_196.jpg,,Black_Beans
train,Black_Beans/BlackBean_197.jpg,,Black_Beans
train,Black_Beans/BlackBean_198.jpg,,Black_Beans
train,Black_Beans/BlackBean_199.jpg,,Black_Beans
train,Black_Beans/BlackBean_200.jpg,,Black_Beans
train,Black_Beans/BlackBean_201.jpg,,Black_Beans
train,Black_Beans/BlackBean_202.jpg,,Black_Beans
train,Black_Beans/BlackBean_203.jpg,,Black_Beans
train,Black_Beans/BlackBean_204.jpg,,Black_Beans
train,Black_Beans/BlackBean_205.jpg,,Black_Beans
train,Black_Beans/BlackBean_206.jpg,,Black_Beans
train,Black_Beans/BlackBean_207.jpg,,Black_Beans
train,Black_Beans/BlackBean_208.jpg,,Black_Beans
train,Black_Beans/BlackBean_209.jpg,,Black_Beans
train,Black_Beans/BlackBean_210.jpg,,Black_Beans
train,Black_Beans/BlackBean_211.jpg,,Black_Beans
train,Black_Beans/BlackBean_212.jpg,,Black_Beans
train,Black_Beans/BlackBean_213.jpg,,Black_Beans
train,Black_Beans/BlackBean_214.jpg,,Black_Beans
train,Black_Beans/BlackBean_216.jpg,,Black_Beans
train,Black_Beans/BlackBean_218.jpg,,Black_Beans
train,Black_Beans/BlackBean_219.jpg,,Black_Beans
train,Black_Beans/BlackBean_220.jpg,,Black_Beans
train,Black_Beans/BlackBean_221.jpg,,Black_Beans
train,Black_Beans/BlackBean_222.jpg,,Black_Beans
train,Black_Beans/BlackBean_223.jpg,,Black_Beans
train,Black_Beans/BlackBean_224.jpg,,Black_Beans
train,Black_Beans/BlackBean_225.jpg,,Black_Beans
train,Black_Beans/BlackBean_226.jpg,,Black_Beans
train,Black_Beans/BlackBean_227.jpg,,Black_Beans
train,Black_Beans/BlackBean_228.jpg,,Black_Beans
train,Black_Beans/BlackBean_229.jpg,,Black_Beans
train,Black_Beans/BlackBean_231.jpg,,Black_Beans
train,Black_Beans/BlackBean_232.jpg,,Black_Beans
train,Black_Beans/BlackBean_234.jpg,,Black_Beans
train,Black_Beans/BlackBean_235.jpg,,Black_Beans
train,Black_Beans/BlackBean_237.jpg,,Black_Beans
train,Black_Beans/BlackBean_238.jpg,,Black_Beans
train,Black_Beans/BlackBean_239.jpg,,Black_Beans
train,Black_Beans/BlackBean_240.jpg,,Black_Beans
train,Black_Beans/BlackBean_241.jpg,,Black_Beans
train,Black_Beans/BlackBean_242.jpg,,Black_Beans
train,Black_Beans/BlackBean_243.jpg,,Black_Beans
train,Black_Beans/BlackBean_244.jpg,,Black_Beans
train,Black_Beans/BlackBean_245.jpg,,Black_Beans
train,Black_Beans/BlackBean_246.jpg,,Black_Beans
train,Black_Beans/BlackBean_247.jpg,,Black_Beans
train,Black_Beans/BlackBean_248.jpg,,Black_Beans
train,Black_Beans/BlackBean_249.jpg,,Black_Beans
train,Black_Beans/BlackBean_250.jpg,,Black_Beans
train,Black_Beans/BlackBean_251.jpg,,Black_Beans
train,Black_Beans/BlackBean_252.jpg,,Black_Beans
train,Black_Beans/BlackBean_253.jpg,,Black_Beans
train,Black_Beans/BlackBean_254.jpg,,Black_Beans
train,Black_Beans/BlackBean_255.jpg,,Black_Beans
train,Black_Beans/BlackBean_256.jpg,,Black_Beans
train,Black_Beans/BlackBean_257.jpg,,Black_Beans
train,Black_Beans/BlackBean_258.jpg,,Black_Beans
train,Black_Beans/BlackBean_260.jpg,,Black_Beans
train,Black_Beans/BlackBean_261.jpg,,Black_Beans
train,Black_Beans/BlackBean_262.jpg,,Black_Beans
train,Black_Beans/BlackBean_263.jpg,,Black_Beans
train,Black_Beans/BlackBean_264.jpg,,Black_Beans
train,Black_Beans/BlackBean_265.jpg,,Black_Beans
train,Black_Beans/BlackBean_266.jpg,,Black_Beans
train,Black_Beans/BlackBean_267.jpg,,Black_Beans
train,Black_Beans/BlackBean_268.jpg,,Black_Beans
train,Black_Beans/BlackBean_269.jpg,,Black_Beans
train,Black_Beans/BlackBean_270.jpg,,Black_Beans
train,Black_Beans/BlackBean_271.jpg,,Black_Beans
train,Black_Beans/BlackBean_272.jpg,,Black_Beans
train,Black_Beans/BlackBean_273.jpg,,Black_Beans
train,Black_Beans/BlackBean_274.jpg,,Black_Beans
train,Black_Beans/BlackBean_276.jpg,,Black_Beans
train,Black_Beans/BlackBean_277.jpg,,Black_Beans
train,Black_Beans/BlackBean_278.jpg,,Black_Beans
train,Black_Beans/BlackBean_279.jpg,,Black_Beans
train,Black_Beans/BlackBean_281.jpg,,Black_Beans
train,Black_Beans/BlackBean_282.jpg,,Black_Beans
train,Black_Beans/BlackBean_284.jpg,,Black_Beans
train,Black_Beans/BlackBean_285.jpg,,Black_Beans
train,Black_Beans/BlackBean_286.jpg,,Black_Beans
train,Black_Beans/BlackBean_287.jpg,,Black_Beans
train,Black_Beans/BlackBean_289.jpg,,Black_Beans
train,Black_Beans/BlackBean_290.jpg,,Black_Beans
train,Black_Beans/BlackBean_291.jpg,,Black_Beans
train,Black_Beans/BlackBean_292.jpg,,Black_Beans
train,Black_Beans/BlackBean_293.jpg,,Black_Beans
train,Black_Beans/BlackBean_294.jpg,,Black_Beans
train,Black_Beans/BlackBean_295.jpg,,Black_Beans
train,Black_Beans/BlackBean_297.jpg,,Black_Beans
train,Black_Beans/BlackBean_298.jpg,,Black_Beans
train,Black_Beans/BlackBean_299.jpg,,Black_Beans
train,Black_Beans/BlackBean_300.jpg,,Black_Beans
train,Black_Beans/BlackBean_301.jpg,,Black_Beans
train,Black_Beans/BlackBean_304.jpg,,Black_Beans
train,Black_Beans/BlackBean_305.jpg,,Black_Beans
train,Black_Beans/BlackBean_306.jpg,,Black_Beans
train,Black_Beans/BlackBean_307.jpg,,Black_Beans
train,Black_Beans/BlackBean_308.jpg,,Black_Beans
train,Black_Beans/BlackBean_311.jpg,,Black_Beans
train,Black_Beans/BlackBean_312.jpg,,Black_Beans
train,Black_Beans/BlackBean_313.jpg,,Black_Beans
train,Black_Beans/BlackBean_314.jpg,,Black_Beans
train,Black_Beans/BlackBean_315.jpg,,Black_Beans
train,Black_Beans/BlackBean_316.jpg,,Black_Beans
train,Black_Beans/BlackBean_318.jpg,,Black_Beans
train,Black_Beans/BlackBean_319.jpg,,Black_Beans
train,Black_Beans/BlackBean_320.jpg,,Black_Beans
train,Black_Beans/BlackBean_321.jpg,,Black_Beans
train,Black_Beans/BlackBean_323.jpg,,Black_Beans
train,Black_Beans/BlackBean_324.jpg,,Black_Beans
train,Black_Beans/BlackBean_325.jpg,,Black_Beans
train,Black_Beans/BlackBean_327.jpg,,Black_Beans
train,Black_Beans/BlackBean_329.jpg,,Black_Beans
train,Black_Beans/BlackBean_330.jpg,,Black_Beans
train,Black_Beans/BlackBean_331.jpg,,Black_Beans
train,Black_Beans/BlackBean_334.jpg,,Black_Beans
train,Black_Beans/BlackBean_335.jpg,,Black_Beans
train,Black_Beans/BlackBean_336.jpg,,Black_Beans
train,Black_Beans/BlackBean_337.jpg,,Black_Beans
train,Black_Beans/BlackBean_338.jpg,,Black_Beans
train,Black_Beans/BlackBean_340.jpg,,Black_Beans
train,Black_Beans/BlackBean_341.jpg,,Black_Beans
train,Black_Beans/BlackBean_342.jpg,,Black_Beans
train,Black_Beans/BlackBean_343.jpg,,Black_Beans
train,Black_Beans/BlackBean_345.jpg,,Black_Beans
train,Black_Beans/BlackBean_346.jpg,,Black_Beans
train,Black_Beans/BlackBean_348.jpg,,Black_Beans
train,Black_Beans/BlackBean_349.jpg,,Black_Beans
train,Black_Beans/BlackBean_351.jpg,,Black_Beans
train,Black_Beans/BlackBean_352.jpg,,Black_Beans
train,Black_Beans/BlackBean_353.jpg,,Black_Beans
train,Black_Beans/BlackBean_354.jpg,,Black_Beans
train,Black_Beans/BlackBean_355.jpg,,Black_Beans
train,Black_Beans/BlackBean_356.jpg,,Black_Beans
train,Black_Beans/BlackBean_357.jpg,,Black_Beans
train,Black_Beans/BlackBean_359.jpg,,Black_Beans
train,Black_Beans/BlackBean_362.jpg,,Black_Beans
train,Black_Beans/BlackBean_363.jpg,,Black_Beans
train,Black_Beans/BlackBean_364.jpg,,Black_Beans
train,Black_Beans/BlackBean_365.jpg,,Black_Beans
train,Black_Beans/BlackBean_366.jpg,,Black_Beans
train,Black_Beans/BlackBean_368.jpg,,Black_Beans
train,Black_Beans/BlackBean_369.jpg,,Black_Beans
train,Black_Beans/BlackBean_370.jpg,,Black_Beans
train,Black_Beans/BlackBean_371.jpg,,Black_Beans
train,Black_Beans/BlackBean_372.jpg,,Black_Beans
train,Black_Beans/BlackBean_373.jpg,,Black_Beans
train,Black_Beans/BlackBean_375.jpg,,Black_Beans
train,Black_Beans/BlackBean_376.jpg,,Black_Beans
train,Black_Beans/BlackBean_377.jpg,,Black_Beans
train,Black_Beans/BlackBean_379.jpg,,Black_Beans
train,Black_Beans/BlackBean_381.jpg,,Black_Beans
train,Black_Beans/BlackBean_382.jpg,,Black_Beans
train,Black_Beans/BlackBean_383.jpg,,Black_Beans
train,Black_Beans/BlackBean_384.jpg,,Black_Beans
train,Black_Beans/BlackBean_385.jpg,,Black_Beans
train,Black_Beans/BlackBean_386.jpg,,Black_Beans
train,Black_Beans/BlackBean_387.jpg,,Black_Beans
train,Black_Beans/BlackBean_388.jpg,,Black_Beans
train,Black_Beans/BlackBean_390.jpg,,Black_Beans
train,Black_Beans/BlackBean_392.jpg,,Black_Beans
train,Black_Beans/BlackBean_393.jpg,,Black_Beans
train,Black_Beans/BlackBean_394.jpg,,Black_Beans
train,Black_Beans/BlackBean_395.jpg,,Black_Beans
train,Black_Beans/BlackBean_397.jpg,,Black_Beans
train,Black_Beans/BlackBean_398.jpg,,Black_Beans
train,Black_Beans/BlackBean_399.jpg,,Black_Beans
train,Black_Beans/BlackBean_400.jpg,,Black_Beans
train,Black_Beans/BlackBean_401.jpg,,Black_Beans
train,Black_Beans/BlackBean_402.jpg,,Black_Beans
train,Black_Beans/BlackBean_403.jpg,,Black_Beans
train,Black_Beans/BlackBean_404.jpg,,Black_Beans
train,Black_Beans/BlackBean_405.jpg,,Black_Beans
train,Black_Beans/BlackBean_406.jpg,,Black_Beans
train,Black_Beans/BlackBean_407.jpg,,Black_Beans
train,Black_Beans/BlackBean_408.jpg,,Black_Beans
train,Black_Beans/BlackBean_409.jpg,,Black_Beans
train,Black_Beans/BlackBean_410.jpg,,Black_Beans
train,Black_Beans/BlackBean_411.jpg,,Black_Beans
train,Black_Beans/BlackBean_412.jpg,,Black_Beans
train,Black_Beans/BlackBean_416.jpg,,Black_Beans
train,Black_Beans/BlackBean_417.jpg,,Black_Beans
train,Black_Beans/BlackBean_418.jpg,,Black_Beans
train,Black_Beans/BlackBean_419.jpg,,Black_Beans
train,Black_Beans/BlackBean_420.jpg,,Black_Beans
train,Black_Beans/BlackBean_421.jpg,,Black_Beans
train,Black_Beans/BlackBean_423.jpg,,Black_Beans
train,Black_Beans/BlackBean_424.jpg,,Black_Beans
train,Black_Beans/BlackBean_425.jpg,,Black_Beans
train,Black_Beans/BlackBean_426.jpg,,Black_Beans
train,Black_Beans/BlackBean_427.jpg,,Black_Beans
train,Black_Beans/BlackBean_428.jpg,,Black_Beans
train,Black_Beans/BlackBean_429.jpg,,Black_Beans
train,Black_Beans/BlackBean_431.jpg,,Black_Beans
train,Black_Beans/BlackBean_432.jpg,,Black_Beans
train,Black_Beans/BlackBean_433.jpg,,Black_Beans
train,Black_Beans/BlackBean_434.jpg,,Black_Beans
train,Black_Beans/BlackBean_435.jpg,,Black_Beans
train,Black_Beans/BlackBean_445.jpg,,Black_Beans
train,Black_Beans/BlackBean_448.jpg,,Black_Beans
train,Black_Beans/BlackBean_449.jpg,,Black_Beans
train,Black_Beans/BlackBean_450.jpg,,Black_Beans
train,Black_Beans/BlackBean_451.jpg,,Black_Beans
train,Black_Beans/BlackBean_452.jpg,,Black_Beans
train,Black_Beans/BlackBean_454.jpg,,Black_Beans
train,Black_Beans/BlackBean_456.jpg,,Black_Beans
train,Black_Beans/BlackBean_457.jpg,,Black_Beans
train,Black_Beans/BlackBean_460.jpg,,Black_Beans
train,Black_Beans/BlackBean_461.jpg,,Black_Beans
train,Black_Beans/BlackBean_462.jpg,,Black_Beans
train,Black_Beans/BlackBean_463.jpg,,Black_Beans
train,Black_Beans/BlackBean_464.jpg,,Black_Beans
train,Black_Beans/BlackBean_466.jpg,,Black_Beans
train,Black_Beans/BlackBean_467.jpg,,Black_Beans
train,Black_Beans/BlackBean_468.jpg,,Black_Beans
train,Black_Beans/BlackBean_469.jpg,,Black_Beans
train,Black_Beans/BlackBean_472.jpg,,Black_Beans
train,Black_Beans/BlackBean_473.jpg,,Black_Beans
train,Black_Beans/BlackBean_474.jpg,,Black_Beans
train,Black_Beans/BlackBean_475.jpg,,Black_Beans
train,Black_Beans/BlackBean_476.jpg,,Black_Beans
train,Black_Beans/BlackBean_477.jpg,,Black_Beans
train,Black_Beans/BlackBean_478.jpg,,Black_Beans
train,Black_Beans/BlackBean_480.jpg,,Black_Beans
train,Black_Beans/BlackBean_482.jpg,,Black_Beans
train,Black_Beans/BlackBean_483.jpg,,Black_Beans
train,Black_Beans/BlackBean_485.jpg,,Black_Beans
train,Black_Beans/BlackBean_486.jpg,,Black_Beans
train,Black_Beans/BlackBean_488.jpg,,Black_Beans
train,Black_Beans/BlackBean_489.jpg,,Black_Beans
train,Black_Beans/BlackBean_490.jpg,,Black_Beans
train,Black_Beans/BlackBean_492.jpg,,Black_Beans
train,Black_Beans/BlackBean_493.jpg,,Black_Beans
train,Black_Beans/BlackBean_494.jpg,,Black_Beans
train,Black_Beans/BlackBean_495.jpg,,Black_Beans
train,Black_Beans/BlackBean_496.jpg,,Black_Beans
train,Black_Beans/BlackBean_498.jpg,,Black_Beans
train,Black_Beans/BlackBean_499.jpg,,Black_Beans
train,Black_Beans/BlackBean_500.jpg,,Black_Beans
train,Black_EyedPea/BlackEyedPea_002.jpg,,Black_EyedPea
train,Black_EyedPea/BlackEyedPea_003.jpg,,Black_EyedPea
train,Black_EyedPea/BlackEyedPea_005.jpg,,Black_EyedPea
train,Black_EyedPea/BlackEyedPea_007.jpg,,Black_EyedPea
train,Black_EyedPea/BlackEyedPea_009.jpg,,Black_EyedPea
train,Black_EyedPea/BlackEyedPea_011.jpg,,Black_EyedPea
train,Black_EyedPea/BlackEyedPea_013.jpg,,Black_EyedPea
train,Black_EyedPea/BlackEyedPea_014.jpg,,Black_EyedPea
train,Black_EyedPea/BlackEyedPea_016.jpg,,Black_EyedPea
train,Black_EyedPea/BlackEyedPea_018.jpg,,Black_EyedPea
train,Black_EyedPea/BlackEyedPea_020.jpg,,Black_EyedPea
train,Black_EyedPea/BlackEyedPea_022.jpg,,Black_EyedPea
train,Black_EyedPea/BlackEyedPea_024.jpg,,Black_EyedPea
train,Black_EyedPea/BlackEyedPea_027.jpg,,Black_EyedPea
train,Black_EyedPea/BlackEyedPea_029.jpg,,Black_EyedPea
train,Black_EyedPea/BlackEyedPea_031.jpg,,Black_EyedPea
train,Black_EyedPea/BlackEyedPea_033.jpg,,Black_EyedPea
train,Black_EyedPea/BlackEyedPea_036.jpg,,Black_EyedPea
train,Black_EyedPea/BlackEyedPea_038.jpg,,Black_EyedPea
train,Black_EyedPea/BlackEyedPea_042.jpg,,Black_EyedPea
train,Black_EyedPea/BlackEyedPea_044.jpg,,Black_EyedPea
train,Black_EyedPea/BlackEyedPea_046.jpg,,Black_EyedPea
train,Black_EyedPea/BlackEyedPea_047.jpg,,Black_EyedPea
train,Black_EyedPea/BlackEyedPea_049.jpg,,Black_EyedPea
train,Black_EyedPea/BlackEyedPea_051.jpg,,Black_EyedPea
train,Black_EyedPea/BlackEyedPea_053.jpg,,Black_EyedPea
train,Black_EyedPea/BlackEyedPea_055.jpg,,Black_EyedPea
train,Black_EyedPea/BlackEyedPea_057.jpg,,Black_EyedPea
train,Black_EyedPea/BlackEyedPea_058.jpg,,Black_EyedPea
train,Black_EyedPea/BlackEyedPea_060.jpg,,Black_EyedPea
train,Black_EyedPea/BlackEyedPea_062.jpg,,Black_EyedPea
train,Black_EyedPea/BlackEyedPea_066.jpg,,Black_EyedPea
train,Black_EyedPea/BlackEyedPea_068.jpg,,Black_EyedPea
train,Black_EyedPea/BlackEyedPea_069.jpg,,Black_EyedPea
train,Black_EyedPea/BlackEyedPea_071.jpg,,Black_EyedPea
train,Black_EyedPea/BlackEyedPea_073.jpg,,Black_EyedPea
train,Black_EyedPea/BlackEyedPea_075.jpg,,Black_EyedPea
train,Black_EyedPea/BlackEyedPea_077.jpg,,Black_EyedPea
train,Black_EyedPea/BlackEyedPea_079.jpg,,Black_EyedPea
train,Black_EyedPea/BlackEyedPea_080.jpg,,Black_EyedPea
train,Black_EyedPea/BlackEyedPea_082.jpg,,Black_EyedPea
train,Black_EyedPea/BlackEyedPea_084.jpg,,Black_EyedPea
train,Black_EyedPea/BlackEyedPea_086.jpg,,Black_EyedPea
train,Black_EyedPea/BlackEyedPea_088.jpg,,Black_EyedPea
train,Black_EyedPea/BlackEyedPea_090.jpg,,Black_EyedPea
train,Black_EyedPea/BlackEyedPea_091.jpg,,Black_EyedPea
train,Black_EyedPea/BlackEyedPea_093.jpg,,Black_EyedPea
train,Black_EyedPea/BlackEyedPea_095.jpg,,Black_EyedPea
train,Black_EyedPea/BlackEyedPea_097.jpg,,Black_EyedPea
train,Black_EyedPea/BlackEyedPea_099.jpg,,Black_EyedPea
train,Black_EyedPea/BlackEyedPea_102.jpg,,Black_EyedPea
train,Black_EyedPea/BlackEyedPea_104.jpg,,Black_EyedPea
train,Black_EyedPea/BlackEyedPea_106.jpg,,Black_EyedPea
train,Black_EyedPea/BlackEyedPea_110.jpg,,Black_EyedPea
train,Black_EyedPea/BlackEyedPea_111.jpg,,Black_EyedPea
train,Black_EyedPea/BlackEyedPea_112.jpg,,Black_EyedPea
train,Black_EyedPea/BlackEyedPea_116.jpg,,Black_EyedPea
train,Black_EyedPea/BlackEyedPea_120.jpg,,Black_EyedPea
train,Black_EyedPea/BlackEyedPea_122.jpg,,Black_EyedPea
train,Black_EyedPea/BlackEyedPea_124.jpg,,Black_EyedPea
train,Black_EyedPea/BlackEyedPea_125.jpg,,Black_EyedPea
train,Black_EyedPea/BlackEyedPea_127.jpg,,Black_EyedPea
train,Black_EyedPea/BlackEyedPea_129.jpg,,Black_EyedPea
train,Black_EyedPea/BlackEyedPea_131.jpg,,Black_EyedPea
train,Black_EyedPea/BlackEyedPea_133.jpg,,Black_EyedPea
train,Black_EyedPea/BlackEyedPea_135.jpg,,Black_EyedPea
train,Black_EyedPea/BlackEyedPea_136.jpg,,Black_EyedPea
train,Black_EyedPea/BlackEyedPea_138.jpg,,Black_EyedPea
train,Black_EyedPea/BlackEyedPea_140.jpg,,Black_EyedPea
train,Black_EyedPea/BlackEyedPea_142.jpg,,Black_EyedPea
train,Black_EyedPea/BlackEyedPea_144.jpg,,Black_EyedPea
train,Black_EyedPea/BlackEyedPea_146.jpg,,Black_EyedPea
train,Black_EyedPea/BlackEyedPea_147.jpg,,Black_EyedPea
train,Black_EyedPea/BlackEyedPea_149.jpg,,Black_EyedPea
train,Black_EyedPea/BlackEyedPea_151.jpg,,Black_EyedPea
train,Black_EyedPea/BlackEyedPea_153.jpg,,Black_EyedPea
train,Black_EyedPea/BlackEyedPea_155.jpg,,Black_EyedPea
train,Black_EyedPea/BlackEyedPea_157.jpg,,Black_EyedPea
train,Black_EyedPea/BlackEyedPea_158.jpg,,Black_EyedPea
train,Black_EyedPea/BlackEyedPea_160.jpg,,Black_EyedPea
train,Black_EyedPea/BlackEyedPea_164.jpg,,Black_EyedPea
train,Black_EyedPea/BlackEyedPea_168.jpg,,Black_EyedPea
train,Black_EyedPea/BlackEyedPea_169.jpg,,Black_EyedPea
train,Black_EyedPea/BlackEyedPea_171.jpg,,Black_EyedPea
train,Black_EyedPea/BlackEyedPea_173.jpg,,Black_EyedPea
train,Black_EyedPea/BlackEyedPea_175.jpg,,Black_EyedPea
train,Black_EyedPea/BlackEyedPea_180.jpg,,Black_EyedPea
train,Black_EyedPea/BlackEyedPea_184.jpg,,Black_EyedPea
train,Black_EyedPea/BlackEyedPea_186.jpg,,Black_EyedPea
train,Black_EyedPea/BlackEyedPea_188.jpg,,Black_EyedPea
train,Black_EyedPea/BlackEyedPea_190.jpg,,Black_EyedPea
train,Black_EyedPea/BlackEyedPea_191.jpg,,Black_EyedPea
train,Black_EyedPea/BlackEyedPea_193.jpg,,Black_EyedPea
train,Black_EyedPea/BlackEyedPea_197.jpg,,Black_EyedPea
train,Black_EyedPea/BlackEyedPea_201.jpg,,Black_EyedPea
train,Black_EyedPea/BlackEyedPea_202.jpg,,Black_EyedPea
train,Black_EyedPea/BlackEyedPea_204.jpg,,Black_EyedPea
train,Black_EyedPea/BlackEyedPea_206.jpg,,Black_EyedPea
train,Black_EyedPea/BlackEyedPea_208.jpg,,Black_EyedPea
train,Black_EyedPea/BlackEyedPea_210.jpg,,Black_EyedPea
train,Black_EyedPea/BlackEyedPea_212.jpg,,Black_EyedPea
train,Black_EyedPea/BlackEyedPea_213.jpg,,Black_EyedPea
train,Black_EyedPea/BlackEyedPea_215.jpg,,Black_EyedPea
train,Black_EyedPea/BlackEyedPea_217.jpg,,Black_EyedPea
train,Black_EyedPea/BlackEyedPea_218.jpg,,Black_EyedPea
train,Black_EyedPea/BlackEyedPea_219.jpg,,Black_EyedPea
train,Black_EyedPea/BlackEyedPea_220.jpg,,Black_EyedPea
train,Black_EyedPea/BlackEyedPea_221.jpg,,Black_EyedPea
train,Black_EyedPea/BlackEyedPea_222.jpg,,Black_EyedPea
train,Black_EyedPea/BlackEyedPea_223.jpg,,Black_EyedPea
train,Black_EyedPea/BlackEyedPea_224.jpg,,Black_EyedPea
train,Black_EyedPea/BlackEyedPea_225.jpg,,Black_EyedPea
train,Black_EyedPea/BlackEyedPea_226.jpg,,Black_EyedPea
train,Black_EyedPea/BlackEyedPea_227.jpg,,Black_EyedPea
train,Black_EyedPea/BlackEyedPea_229.jpg,,Black_EyedPea
train,Black_EyedPea/BlackEyedPea_230.jpg,,Black_EyedPea
train,Black_EyedPea/BlackEyedPea_232.jpg,,Black_EyedPea
train,Black_EyedPea/BlackEyedPea_234.jpg,,Black_EyedPea
train,Black_EyedPea/BlackEyedPea_235.jpg,,Black_EyedPea
train,Black_EyedPea/BlackEyedPea_236.jpg,,Black_EyedPea
train,Black_EyedPea/BlackEyedPea_237.jpg,,Black_EyedPea
train,Black_EyedPea/BlackEyedPea_238.jpg,,Black_EyedPea
train,Black_EyedPea/BlackEyedPea_239.jpg,,Black_EyedPea
train,Black_EyedPea/BlackEyedPea_241.jpg,,Black_EyedPea
train,Black_EyedPea/BlackEyedPea_242.jpg,,Black_EyedPea
train,Black_EyedPea/BlackEyedPea_243.jpg,,Black_EyedPea
train,Black_EyedPea/BlackEyedPea_245.jpg,,Black_EyedPea
train,Black_EyedPea/BlackEyedPea_246.jpg,,Black_EyedPea
train,Black_EyedPea/BlackEyedPea_247.jpg,,Black_EyedPea
train,Black_EyedPea/BlackEyedPea_248.jpg,,Black_EyedPea
train,Black_EyedPea/BlackEyedPea_250.jpg,,Black_EyedPea
train,Black_EyedPea/BlackEyedPea_254.jpg,,Black_EyedPea
train,Black_EyedPea/BlackEyedPea_255.jpg,,Black_EyedPea
train,Black_EyedPea/BlackEyedPea_257.jpg,,Black_EyedPea
train,Black_EyedPea/BlackEyedPea_259.jpg,,Black_EyedPea
train,Black_EyedPea/BlackEyedPea_260.jpg,,Black_EyedPea
train,Black_EyedPea/BlackEyedPea_261.jpg,,Black_EyedPea
train,Black_EyedPea/BlackEyedPea_263.jpg,,Black_EyedPea
train,Black_EyedPea/BlackEyedPea_264.jpg,,Black_EyedPea
train,Black_EyedPea/BlackEyedPea_266.jpg,,Black_EyedPea
train,Black_EyedPea/BlackEyedPea_268.jpg,,Black_EyedPea
train,Black_EyedPea/BlackEyedPea_269.jpg,,Black_EyedPea
train,Black_EyedPea/BlackEyedPea_270.jpg,,Black_EyedPea
train,Black_EyedPea/BlackEyedPea_271.jpg,,Black_EyedPea
train,Black_EyedPea/BlackEyedPea_272.jpg,,Black_EyedPea
train,Black_EyedPea/BlackEyedPea_273.jpg,,Black_EyedPea
train,Black_EyedPea/BlackEyedPea_275.jpg,,Black_EyedPea
train,Black_EyedPea/BlackEyedPea_276.jpg,,Black_EyedPea
train,Black_EyedPea/BlackEyedPea_278.jpg,,Black_EyedPea
train,Black_EyedPea/BlackEyedPea_279.jpg,,Black_EyedPea
train,Black_EyedPea/BlackEyedPea_280.jpg,,Black_EyedPea
train,Black_EyedPea/BlackEyedPea_281.jpg,,Black_EyedPea
train,Black_EyedPea/BlackEyedPea_282.jpg,,Black_EyedPea
train,Black_EyedPea/BlackEyedPea_283.jpg,,Black_EyedPea
train,Black_EyedPea/BlackEyedPea_285.jpg,,Black_EyedPea
train,Black_EyedPea/BlackEyedPea_286.jpg,,Black_EyedPea
train,Black_EyedPea/BlackEyedPea_287.jpg,,Black_EyedPea
train,Black_EyedPea/BlackEyedPea_288.jpg,,Black_EyedPea
train,Black_EyedPea/BlackEyedPea_289.jpg,,Black_EyedPea
train,Black_EyedPea/BlackEyedPea_290.jpg,,Black_EyedPea
train,Black_EyedPea/BlackEyedPea_291.jpg,,Black_EyedPea
train,Black_EyedPea/BlackEyedPea_293.jpg,,Black_EyedPea
train,Black_EyedPea/BlackEyedPea_294.jpg,,Black_EyedPea
train,Black_EyedPea/BlackEyedPea_296.jpg,,Black_EyedPea
train,Black_EyedPea/BlackEyedPea_297.jpg,,Black_EyedPea
train,Black_EyedPea/BlackEyedPea_298.jpg,,Black_EyedPea
train,Black_EyedPea/BlackEyedPea_299.jpg,,Black_EyedPea
train,Black_EyedPea/BlackEyedPea_300.jpg,,Black_EyedPea
train,Black_EyedPea/BlackEyedPea_301.jpg,,Black_EyedPea
train,Black_EyedPea/BlackEyedPea_303.jpg,,Black_EyedPea
train,Black_EyedPea/BlackEyedPea_306.jpg,,Black_EyedPea
train,Black_EyedPea/BlackEyedPea_308.jpg,,Black_EyedPea
train,Black_EyedPea/BlackEyedPea_309.jpg,,Black_EyedPea
train,Black_EyedPea/BlackEyedPea_310.jpg,,Black_EyedPea
train,Black_EyedPea/BlackEyedPea_311.jpg,,Black_EyedPea
train,Black_EyedPea/BlackEyedPea_312.jpg,,Black_EyedPea
train,Black_EyedPea/BlackEyedPea_314.jpg,,Black_EyedPea
train,Black_EyedPea/BlackEyedPea_315.jpg,,Black_EyedPea
train,Black_EyedPea/BlackEyedPea_316.jpg,,Black_EyedPea
train,Black_EyedPea/BlackEyedPea_317.jpg,,Black_EyedPea
train,Black_EyedPea/BlackEyedPea_319.jpg,,Black_EyedPea
train,Black_EyedPea/BlackEyedPea_322.jpg,,Black_EyedPea
train,Black_EyedPea/BlackEyedPea_323.jpg,,Black_EyedPea
train,Black_EyedPea/BlackEyedPea_325.jpg,,Black_EyedPea
train,Black_EyedPea/BlackEyedPea_326.jpg,,Black_EyedPea
train,Black_EyedPea/BlackEyedPea_327.jpg,,Black_EyedPea
train,Black_EyedPea/BlackEyedPea_328.jpg,,Black_EyedPea
train,Black_EyedPea/BlackEyedPea_329.jpg,,Black_EyedPea
train,Black_EyedPea/BlackEyedPea_330.jpg,,Black_EyedPea
train,Black_EyedPea/BlackEyedPea_331.jpg,,Black_EyedPea
train,Black_EyedPea/BlackEyedPea_332.jpg,,Black_EyedPea
train,Black_EyedPea/BlackEyedPea_333.jpg,,Black_EyedPea
train,Black_EyedPea/BlackEyedPea_334.jpg,,Black_EyedPea
train,Black_EyedPea/BlackEyedPea_335.jpg,,Black_EyedPea
train,Black_EyedPea/BlackEyedPea_337.jpg,,Black_EyedPea
train,Black_EyedPea/BlackEyedPea_338.jpg,,Black_EyedPea
train,Black_EyedPea/BlackEyedPea_339.jpg,,Black_EyedPea
train,Black_EyedPea/BlackEyedPea_340.jpg,,Black_EyedPea
train,Black_EyedPea/BlackEyedPea_341.jpg,,Black_EyedPea
train,Black_EyedPea/BlackEyedPea_342.jpg,,Black_EyedPea
train,Black_EyedPea/BlackEyedPea_343.jpg,,Black_EyedPea
train,Black_EyedPea/BlackEyedPea_344.jpg,,Black_EyedPea
train,Black_EyedPea/BlackEyedPea_345.jpg,,Black_EyedPea
train,Black_EyedPea/BlackEyedPea_346.jpg,,Black_EyedPea
train,Black_EyedPea/BlackEyedPea_347.jpg,,Black_EyedPea
train,Black_EyedPea/BlackEyedPea_348.jpg,,Black_EyedPea
train,Black_EyedPea/BlackEyedPea_349.jpg,,Black_EyedPea
train,Black_EyedPea/BlackEyedPea_350.jpg,,Black_EyedPea
train,Black_EyedPea/BlackEyedPea_351.jpg,,Black_EyedPea
train,Black_EyedPea/BlackEyedPea_352.jpg,,Black_EyedPea
train,Black_EyedPea/BlackEyedPea_353.jpg,,Black_EyedPea
train,Black_EyedPea/BlackEyedPea_354.jpg,,Black_EyedPea
train,Black_EyedPea/BlackEyedPea_355.jpg,,Black_EyedPea
train,Black_EyedPea/BlackEyedPea_356.jpg,,Black_EyedPea
train,Black_EyedPea/BlackEyedPea_360.jpg,,Black_EyedPea
train,Black_EyedPea/BlackEyedPea_361.jpg,,Black_EyedPea
train,Black_EyedPea/BlackEyedPea_362.jpg,,Black_EyedPea
train,Black_EyedPea/BlackEyedPea_363.jpg,,Black_EyedPea
train,Black_EyedPea/BlackEyedPea_365.jpg,,Black_EyedPea
train,Black_EyedPea/BlackEyedPea_366.jpg,,Black_EyedPea
train,Black_EyedPea/BlackEyedPea_367.jpg,,Black_EyedPea
train,Black_EyedPea/BlackEyedPea_368.jpg,,Black_EyedPea
train,Black_EyedPea/BlackEyedPea_369.jpg,,Black_EyedPea
train,Black_EyedPea/BlackEyedPea_370.jpg,,Black_EyedPea
train,Black_EyedPea/BlackEyedPea_371.jpg,,Black_EyedPea
train,Black_EyedPea/BlackEyedPea_374.jpg,,Black_EyedPea
train,Black_EyedPea/BlackEyedPea_375.jpg,,Black_EyedPea
train,Black_EyedPea/BlackEyedPea_376.jpg,,Black_EyedPea
train,Black_EyedPea/BlackEyedPea_377.jpg,,Black_EyedPea
train,Black_EyedPea/BlackEyedPea_379.jpg,,Black_EyedPea
train,Black_EyedPea/BlackEyedPea_380.jpg,,Black_EyedPea
train,Black_EyedPea/BlackEyedPea_382.jpg,,Black_EyedPea
train,Black_EyedPea/BlackEyedPea_383.jpg,,Black_EyedPea
train,Black_EyedPea/BlackEyedPea_384.jpg,,Black_EyedPea
train,Black_EyedPea/BlackEyedPea_385.jpg,,Black_EyedPea
train,Black_EyedPea/BlackEyedPea_386.jpg,,Black_EyedPea
train,Black_EyedPea/BlackEyedPea_387.jpg,,Black_EyedPea
train,Black_EyedPea/BlackEyedPea_388.jpg,,Black_EyedPea
train,Black_EyedPea/BlackEyedPea_390.jpg,,Black_EyedPea
train,Black_EyedPea/BlackEyedPea_391.jpg,,Black_EyedPea
train,Black_EyedPea/BlackEyedPea_392.jpg,,Black_EyedPea
train,Black_EyedPea/BlackEyedPea_396.jpg,,Black_EyedPea
train,Black_EyedPea/BlackEyedPea_397.jpg,,Black_EyedPea
train,Black_EyedPea/BlackEyedPea_398.jpg,,Black_EyedPea
train,Black_EyedPea/BlackEyedPea_399.jpg,,Black_EyedPea
train,Black_EyedPea/BlackEyedPea_400.jpg,,Black_EyedPea
train,Black_EyedPea/BlackEyedPea_401.jpg,,Black_EyedPea
train,Black_EyedPea/BlackEyedPea_402.jpg,,Black_EyedPea
train,Black_EyedPea/BlackEyedPea_404.jpg,,Black_EyedPea
train,Black_EyedPea/BlackEyedPea_405.jpg,,Black_EyedPea
train,Black_EyedPea/BlackEyedPea_406.jpg,,Black_EyedPea
train,Black_EyedPea/BlackEyedPea_407.jpg,,Black_EyedPea
train,Black_EyedPea/BlackEyedPea_409.jpg,,Black_EyedPea
train,Black_EyedPea/BlackEyedPea_410.jpg,,Black_EyedPea
train,Black_EyedPea/BlackEyedPea_411.jpg,,Black_EyedPea
train,Black_EyedPea/BlackEyedPea_412.jpg,,Black_EyedPea
train,Black_EyedPea/BlackEyedPea_414.jpg,,Black_EyedPea
train,Black_EyedPea/BlackEyedPea_415.jpg,,Black_EyedPea
train,Black_EyedPea/BlackEyedPea_416.jpg,,Black_EyedPea
train,Black_EyedPea/BlackEyedPea_418.jpg,,Black_EyedPea
train,Black_EyedPea/BlackEyedPea_419.jpg,,Black_EyedPea
train,Black_EyedPea/BlackEyedPea_420.jpg,,Black_EyedPea
train,Black_EyedPea/BlackEyedPea_421.jpg,,Black_EyedPea
train,Black_EyedPea/BlackEyedPea_422.jpg,,Black_EyedPea
train,Black_EyedPea/BlackEyedPea_424.jpg,,Black_EyedPea
train,Black_EyedPea/BlackEyedPea_425.jpg,,Black_EyedPea
train,Black_EyedPea/BlackEyedPea_427.jpg,,Black_EyedPea
train,Black_EyedPea/BlackEyedPea_428.jpg,,Black_EyedPea
train,Black_EyedPea/BlackEyedPea_429.jpg,,Black_EyedPea
train,Black_EyedPea/BlackEyedPea_430.jpg,,Black_EyedPea
train,Black_EyedPea/BlackEyedPea_431.jpg,,Black_EyedPea
train,Black_EyedPea/BlackEyedPea_432.jpg,,Black_EyedPea
train,Black_EyedPea/BlackEyedPea_433.jpg,,Black_EyedPea
train,Black_EyedPea/BlackEyedPea_434.jpg,,Black_EyedPea
train,Black_EyedPea/BlackEyedPea_435.jpg,,Black_EyedPea
train,Black_EyedPea/BlackEyedPea_436.jpg,,Black_EyedPea
train,Black_EyedPea/BlackEyedPea_440.jpg,,Black_EyedPea
train,Black_EyedPea/BlackEyedPea_442.jpg,,Black_EyedPea
train,Black_EyedPea/BlackEyedPea_443.jpg,,Black_EyedPea
train,Black_EyedPea/BlackEyedPea_444.jpg,,Black_EyedPea
train,Black_EyedPea/BlackEyedPea_446.jpg,,Black_EyedPea
train,Black_EyedPea/BlackEyedPea_447.jpg,,Black_EyedPea
train,Black_EyedPea/BlackEyedPea_448.jpg,,Black_EyedPea
train,Black_EyedPea/BlackEyedPea_450.jpg,,Black_EyedPea
train,Black_EyedPea/BlackEyedPea_451.jpg,,Black_EyedPea
train,Black_EyedPea/BlackEyedPea_452.jpg,,Black_EyedPea
train,Black_EyedPea/BlackEyedPea_453.jpg,,Black_EyedPea
train,Black_EyedPea/BlackEyedPea_454.jpg,,Black_EyedPea
train,Black_EyedPea/BlackEyedPea_455.jpg,,Black_EyedPea
train,Black_EyedPea/BlackEyedPea_456.jpg,,Black_EyedPea
train,Black_EyedPea/BlackEyedPea_457.jpg,,Black_EyedPea
train,Black_EyedPea/BlackEyedPea_459.jpg,,Black_EyedPea
train,Black_EyedPea/BlackEyedPea_461.jpg,,Black_EyedPea
train,Black_EyedPea/BlackEyedPea_462.jpg,,Black_EyedPea
train,Black_EyedPea/BlackEyedPea_463.jpg,,Black_EyedPea
train,Black_EyedPea/BlackEyedPea_464.jpg,,Black_EyedPea
train,Black_EyedPea/BlackEyedPea_465.jpg,,Black_EyedPea
train,Black_EyedPea/BlackEyedPea_466.jpg,,Black_EyedPea
train,Black_EyedPea/BlackEyedPea_468.jpg,,Black_EyedPea
train,Black_EyedPea/BlackEyedPea_470.jpg,,Black_EyedPea
train,Black_EyedPea/BlackEyedPea_472.jpg,,Black_EyedPea
train,Black_EyedPea/BlackEyedPea_473.jpg,,Black_EyedPea
train,Black_EyedPea/BlackEyedPea_474.jpg,,Black_EyedPea
train,Black_EyedPea/BlackEyedPea_475.jpg,,Black_EyedPea
train,Black_EyedPea/BlackEyedPea_480.jpg,,Black_EyedPea
train,Black_EyedPea/BlackEyedPea_481.jpg,,Black_EyedPea
train,Black_EyedPea/BlackEyedPea_482.jpg,,Black_EyedPea
train,Black_EyedPea/BlackEyedPea_483.jpg,,Black_EyedPea
train,Black_EyedPea/BlackEyedPea_484.jpg,,Black_EyedPea
train,Black_EyedPea/BlackEyedPea_485.jpg,,Black_EyedPea
train,Black_EyedPea/BlackEyedPea_486.jpg,,Black_EyedPea
train,Black_EyedPea/BlackEyedPea_487.jpg,,Black_EyedPea
train,Black_EyedPea/BlackEyedPea_488.jpg,,Black_EyedPea
train,Black_EyedPea/BlackEyedPea_489.jpg,,Black_EyedPea
train,Black_EyedPea/BlackEyedPea_491.jpg,,Black_EyedPea
train,Black_EyedPea/BlackEyedPea_494.jpg,,Black_EyedPea
train,Black_EyedPea/BlackEyedPea_495.jpg,,Black_EyedPea
train,Black_EyedPea/BlackEyedPea_496.jpg,,Black_EyedPea
train,Black_EyedPea/BlackEyedPea_497.jpg,,Black_EyedPea
train,Black_EyedPea/BlackEyedPea_498.jpg,,Black_EyedPea
train,Black_EyedPea/BlackEyedPea_499.jpg,,Black_EyedPea
train,Black_EyedPea/BlackEyedPea_500.jpg,,Black_EyedPea
train,Brown_Chickpea/BrownChickPea_001.jpg,,Brown_Chickpea
train,Brown_Chickpea/BrownChickPea_004.jpg,,Brown_Chickpea
train,Brown_Chickpea/BrownChickPea_005.jpg,,Brown_Chickpea
train,Brown_Chickpea/BrownChickPea_006.jpg,,Brown_Chickpea
train,Brown_Chickpea/BrownChickPea_007.jpg,,Brown_Chickpea
train,Brown_Chickpea/BrownChickPea_008.jpg,,Brown_Chickpea
train,Brown_Chickpea/BrownChickPea_009.jpg,,Brown_Chickpea
train,Brown_Chickpea/BrownChickPea_010.jpg,,Brown_Chickpea
train,Brown_Chickpea/BrownChickPea_011.jpg,,Brown_Chickpea
train,Brown_Chickpea/BrownChickPea_012.jpg,,Brown_Chickpea
train,Brown_Chickpea/BrownChickPea_013.jpg,,Brown_Chickpea
train,Brown_Chickpea/BrownChickPea_014.jpg,,Brown_Chickpea
train,Brown_Chickpea/BrownChickPea_015.jpg,,Brown_Chickpea
train,Brown_Chickpea/BrownChickPea_016.jpg,,Brown_Chickpea
train,Brown_Chickpea/BrownChickPea_017.jpg,,Brown_Chickpea
train,Brown_Chickpea/BrownChickPea_019.jpg,,Brown_Chickpea
train,Brown_Chickpea/BrownChickPea_020.jpg,,Brown_Chickpea
train,Brown_Chickpea/BrownChickPea_021.jpg,,Brown_Chickpea
train,Brown_Chickpea/BrownChickPea_022.jpg,,Brown_Chickpea
train,Brown_Chickpea/BrownChickPea_023.jpg,,Brown_Chickpea
train,Brown_Chickpea/BrownChickPea_024.jpg,,Brown_Chickpea
train,Brown_Chickpea/BrownChickPea_025.jpg,,Brown_Chickpea
train,Brown_Chickpea/BrownChickPea_026.jpg,,Brown_Chickpea
train,Brown_Chickpea/BrownChickPea_027.jpg,,Brown_Chickpea
train,Brown_Chickpea/BrownChickPea_030.jpg,,Brown_Chickpea
train,Brown_Chickpea/BrownChickPea_031.jpg,,Brown_Chickpea
train,Brown_Chickpea/BrownChickPea_033.jpg,,Brown_Chickpea
train,Brown_Chickpea/BrownChickPea_034.jpg,,Brown_Chickpea
train,Brown_Chickpea/BrownChickPea_036.jpg,,Brown_Chickpea
train,Brown_Chickpea/BrownChickPea_037.jpg,,Brown_Chickpea
train,Brown_Chickpea/BrownChickPea_041.jpg,,Brown_Chickpea
train,Brown_Chickpea/BrownChickPea_042.jpg,,Brown_Chickpea
train,Brown_Chickpea/BrownChickPea_044.jpg,,Brown_Chickpea
train,Brown_Chickpea/BrownChickPea_046.jpg,,Brown_Chickpea
train,Brown_Chickpea/BrownChickPea_047.jpg,,Brown_Chickpea
train,Brown_Chickpea/BrownChickPea_048.jpg,,Brown_Chickpea
train,Brown_Chickpea/BrownChickPea_049.jpg,,Brown_Chickpea
train,Brown_Chickpea/BrownChickPea_050.jpg,,Brown_Chickpea
train,Brown_Chickpea/BrownChickPea_051.jpg,,Brown_Chickpea
train,Brown_Chickpea/BrownChickPea_053.jpg,,Brown_Chickpea
train,Brown_Chickpea/BrownChickPea_054.jpg,,Brown_Chickpea
train,Brown_Chickpea/BrownChickPea_055.jpg,,Brown_Chickpea
train,Brown_Chickpea/BrownChickPea_056.jpg,,Brown_Chickpea
train,Brown_Chickpea/BrownChickPea_057.jpg,,Brown_Chickpea
train,Brown_Chickpea/BrownChickPea_058.jpg,,Brown_Chickpea
train,Brown_Chickpea/BrownChickPea_059.jpg,,Brown_Chickpea
train,Brown_Chickpea/BrownChickPea_061.jpg,,Brown_Chickpea
train,Brown_Chickpea/BrownChickPea_063.jpg,,Brown_Chickpea
train,Brown_Chickpea/BrownChickPea_064.jpg,,Brown_Chickpea
train,Brown_Chickpea/BrownChickPea_065.jpg,,Brown_Chickpea
train,Brown_Chickpea/BrownChickPea_066.jpg,,Brown_Chickpea
train,Brown_Chickpea/BrownChickPea_067.jpg,,Brown_Chickpea
train,Brown_Chickpea/BrownChickPea_068.jpg,,Brown_Chickpea
train,Brown_Chickpea/BrownChickPea_069.jpg,,Brown_Chickpea
train,Brown_Chickpea/BrownChickPea_070.jpg,,Brown_Chickpea
train,Brown_Chickpea/BrownChickPea_071.jpg,,Brown_Chickpea
train,Brown_Chickpea/BrownChickPea_072.jpg,,Brown_Chickpea
train,Brown_Chickpea/BrownChickPea_073.jpg,,Brown_Chickpea
train,Brown_Chickpea/BrownChickPea_075.jpg,,Brown_Chickpea
train,Brown_Chickpea/BrownChickPea_076.jpg,,Brown_Chickpea
train,Brown_Chickpea/BrownChickPea_077.jpg,,Brown_Chickpea
train,Brown_Chickpea/BrownChickPea_080.jpg,,Brown_Chickpea
train,Brown_Chickpea/BrownChickPea_081.jpg,,Brown_Chickpea
train,Brown_Chickpea/BrownChickPea_083.jpg,,Brown_Chickpea
train,Brown_Chickpea/BrownChickPea_084.jpg,,Brown_Chickpea
train,Brown_Chickpea/BrownChickPea_085.jpg,,Brown_Chickpea
train,Brown_Chickpea/BrownChickPea_086.jpg,,Brown_Chickpea
train,Brown_Chickpea/BrownChickPea_087.jpg,,Brown_Chickpea
train,Brown_Chickpea/BrownChickPea_088.jpg,,Brown_Chickpea
train,Brown_Chickpea/BrownChickPea_089.jpg,,Brown_Chickpea
train,Brown_Chickpea/BrownChickPea_091.jpg,,Brown_Chickpea
train,Brown_Chickpea/BrownChickPea_092.jpg,,Brown_Chickpea
train,Brown_Chickpea/BrownChickPea_093.jpg,,Brown_Chickpea
train,Brown_Chickpea/BrownChickPea_094.jpg,,Brown_Chickpea
train,Brown_Chickpea/BrownChickPea_095.jpg,,Brown_Chickpea
train,Brown_Chickpea/BrownChickPea_097.jpg,,Brown_Chickpea
train,Brown_Chickpea/BrownChickPea_098.jpg,,Brown_Chickpea
train,Brown_Chickpea/BrownChickPea_099.jpg,,Brown_Chickpea
train,Brown_Chickpea/BrownChickPea_100.jpg,,Brown_Chickpea
train,Brown_Chickpea/BrownChickPea_101.jpg,,Brown_Chickpea
train,Brown_Chickpea/BrownChickPea_102.jpg,,Brown_Chickpea
train,Brown_Chickpea/BrownChickPea_104.jpg,,Brown_Chickpea
train,Brown_Chickpea/BrownChickPea_105.jpg,,Brown_Chickpea
train,Brown_Chickpea/BrownChickPea_106.jpg,,Brown_Chickpea
train,Brown_Chickpea/BrownChickPea_107.jpg,,Brown_Chickpea
train,Brown_Chickpea/BrownChickPea_109.jpg,,Brown_Chickpea
train,Brown_Chickpea/BrownChickPea_112.jpg,,Brown_Chickpea
train,Brown_Chickpea/BrownChickPea_113.jpg,,Brown_Chickpea
train,Brown_Chickpea/BrownChickPea_114.jpg,,Brown_Chickpea
train,Brown_Chickpea/BrownChickPea_115.jpg,,Brown_Chickpea
train,Brown_Chickpea/BrownChickPea_116.jpg,,Brown_Chickpea
train,Brown_Chickpea/BrownChickPea_117.jpg,,Brown_Chickpea
train,Brown_Chickpea/BrownChickPea_119.jpg,,Brown_Chickpea
train,Brown_Chickpea/BrownChickPea_120.jpg,,Brown_Chickpea
train,Brown_Chickpea/BrownChickPea_123.jpg,,Brown_Chickpea
train,Brown_Chickpea/BrownChickPea_124.jpg,,Brown_Chickpea
train,Brown_Chickpea/BrownChickPea_126.jpg,,Brown_Chickpea
train,Brown_Chickpea/BrownChickPea_127.jpg,,Brown_Chickpea
train,Brown_Chickpea/BrownChickPea_128.jpg,,Brown_Chickpea
train,Brown_Chickpea/BrownChickPea_129.jpg,,Brown_Chickpea
train,Brown_Chickpea/BrownChickPea_131.jpg,,Brown_Chickpea
train,Brown_Chickpea/BrownChickPea_133.jpg,,Brown_Chickpea
train,Brown_Chickpea/BrownChickPea_134.jpg,,Brown_Chickpea
train,Brown_Chickpea/BrownChickPea_135.jpg,,Brown_Chickpea
train,Brown_Chickpea/BrownChickPea_136.jpg,,Brown_Chickpea
train,Brown_Chickpea/BrownChickPea_137.jpg,,Brown_Chickpea
train,Brown_Chickpea/BrownChickPea_140.jpg,,Brown_Chickpea
train,Brown_Chickpea/BrownChickPea_141.jpg,,Brown_Chickpea
train,Brown_Chickpea/BrownChickPea_142.jpg,,Brown_Chickpea
train,Brown_Chickpea/BrownChickPea_143.jpg,,Brown_Chickpea
train,Brown_Chickpea/BrownChickPea_144.jpg,,Brown_Chickpea
train,Brown_Chickpea/BrownChickPea_145.jpg,,Brown_Chickpea
train,Brown_Chickpea/BrownChickPea_146.jpg,,Brown_Chickpea
train,Brown_Chickpea/BrownChickPea_149.jpg,,Brown_Chickpea
train,Brown_Chickpea/BrownChickPea_151.jpg,,Brown_Chickpea
train,Brown_Chickpea/BrownChickPea_153.jpg,,Brown_Chickpea
train,Brown_Chickpea/BrownChickPea_154.jpg,,Brown_Chickpea
train,Brown_Chickpea/BrownChickPea_156.jpg,,Brown_Chickpea
train,Brown_Chickpea/BrownChickPea_157.jpg,,Brown_Chickpea
train,Brown_Chickpea/BrownChickPea_160.jpg,,Brown_Chickpea
train,Brown_Chickpea/BrownChickPea_161.jpg,,Brown_Chickpea
train,Brown_Chickpea/BrownChickPea_162.jpg,,Brown_Chickpea
train,Brown_Chickpea/BrownChickPea_163.jpg,,Brown_Chickpea
train,Brown_Chickpea/BrownChickPea_164.jpg,,Brown_Chickpea
train,Brown_Chickpea/BrownChickPea_165.jpg,,Brown_Chickpea
train,Brown_Chickpea/BrownChickPea_166.jpg,,Brown_Chickpea
train,Brown_Chickpea/BrownChickPea_167.jpg,,Brown_Chickpea
train,Brown_Chickpea/BrownChickPea_168.jpg,,Brown_Chickpea
train,Brown_Chickpea/BrownChickPea_169.jpg,,Brown_Chickpea
train,Brown_Chickpea/BrownChickPea_170.jpg,,Brown_Chickpea
train,Brown_Chickpea/BrownChickPea_171.jpg,,Brown_Chickpea
train,Brown_Chickpea/BrownChickPea_172.jpg,,Brown_Chickpea
train,Brown_Chickpea/BrownChickPea_173.jpg,,Brown_Chickpea
train,Brown_Chickpea/BrownChickPea_174.jpg,,Brown_Chickpea
train,Brown_Chickpea/BrownChickPea_175.jpg,,Brown_Chickpea
train,Brown_Chickpea/BrownChickPea_176.jpg,,Brown_Chickpea
train,Brown_Chickpea/BrownChickPea_178.jpg,,Brown_Chickpea
train,Brown_Chickpea/BrownChickPea_179.jpg,,Brown_Chickpea
train,Brown_Chickpea/BrownChickPea_180.jpg,,Brown_Chickpea
train,Brown_Chickpea/BrownChickPea_181.jpg,,Brown_Chickpea
train,Brown_Chickpea/BrownChickPea_182.jpg,,Brown_Chickpea
train,Brown_Chickpea/BrownChickPea_183.jpg,,Brown_Chickpea
train,Brown_Chickpea/BrownChickPea_184.jpg,,Brown_Chickpea
train,Brown_Chickpea/BrownChickPea_185.jpg,,Brown_Chickpea
train,Brown_Chickpea/BrownChickPea_186.jpg,,Brown_Chickpea
train,Brown_Chickpea/BrownChickPea_187.jpg,,Brown_Chickpea
train,Brown_Chickpea/BrownChickPea_188.jpg,,Brown_Chickpea
train,Brown_Chickpea/BrownChickPea_189.jpg,,Brown_Chickpea
train,Brown_Chickpea/BrownChickPea_190.jpg,,Brown_Chickpea
train,Brown_Chickpea/BrownChickPea_191.jpg,,Brown_Chickpea
train,Brown_Chickpea/BrownChickPea_192.jpg,,Brown_Chickpea
train,Brown_Chickpea/BrownChickPea_193.jpg,,Brown_Chickpea
train,Brown_Chickpea/BrownChickPea_194.jpg,,Brown_Chickpea
train,Brown_Chickpea/BrownChickPea_195.jpg,,Brown_Chickpea
train,Brown_Chickpea/BrownChickPea_196.jpg,,Brown_Chickpea
train,Brown_Chickpea/BrownChickPea_198.jpg,,Brown_Chickpea
train,Brown_Chickpea/BrownChickPea_199.jpg,,Brown_Chickpea
train,Brown_Chickpea/BrownChickPea_200.jpg,,Brown_Chickpea
train,Brown_Chickpea/BrownChickPea_201.jpg,,Brown_Chickpea
train,Brown_Chickpea/BrownChickPea_202.jpg,,Brown_Chickpea
train,Brown_Chickpea/BrownChickPea_203.jpg,,Brown_Chickpea
train,Brown_Chickpea/BrownChickPea_204.jpg,,Brown_Chickpea
train,Brown_Chickpea/BrownChickPea_205.jpg,,Brown_Chickpea
train,Brown_Chickpea/BrownChickPea_206.jpg,,Brown_Chickpea
train,Brown_Chickpea/BrownChickPea_207.jpg,,Brown_Chickpea
train,Brown_Chickpea/BrownChickPea_209.jpg,,Brown_Chickpea
train,Brown_Chickpea/BrownChickPea_210.jpg,,Brown_Chickpea
train,Brown_Chickpea/BrownChickPea_211.jpg,,Brown_Chickpea
train,Brown_Chickpea/BrownChickPea_213.jpg,,Brown_Chickpea
train,Brown_Chickpea/BrownChickPea_214.jpg,,Brown_Chickpea
train,Brown_Chickpea/BrownChickPea_215.jpg,,Brown_Chickpea
train,Brown_Chickpea/BrownChickPea_217.jpg,,Brown_Chickpea
train,Brown_Chickpea/BrownChickPea_218.jpg,,Brown_Chickpea
train,Brown_Chickpea/BrownChickPea_219.jpg,,Brown_Chickpea
train,Brown_Chickpea/BrownChickPea_221.jpg,,Brown_Chickpea
train,Brown_Chickpea/BrownChickPea_224.jpg,,Brown_Chickpea
train,Brown_Chickpea/BrownChickPea_225.jpg,,Brown_Chickpea
train,Brown_Chickpea/BrownChickPea_226.jpg,,Brown_Chickpea
train,Brown_Chickpea/BrownChickPea_227.jpg,,Brown_Chickpea
train,Brown_Chickpea/BrownChickPea_228.jpg,,Brown_Chickpea
train,Brown_Chickpea/BrownChickPea_231.jpg,,Brown_Chickpea
train,Brown_Chickpea/BrownChickPea_232.jpg,,Brown_Chickpea
train,Brown_Chickpea/BrownChickPea_233.jpg,,Brown_Chickpea
train,Brown_Chickpea/BrownChickPea_235.jpg,,Brown_Chickpea
train,Brown_Chickpea/BrownChickPea_237.jpg,,Brown_Chickpea
train,Brown_Chickpea/BrownChickPea_238.jpg,,Brown_Chickpea
train,Brown_Chickpea/BrownChickPea_239.jpg,,Brown_Chickpea
train,Brown_Chickpea/BrownChickPea_240.jpg,,Brown_Chickpea
train,Brown_Chickpea/BrownChickPea_241.jpg,,Brown_Chickpea
train,Brown_Chickpea/BrownChickPea_242.jpg,,Brown_Chickpea
train,Brown_Chickpea/BrownChickPea_243.jpg,,Brown_Chickpea
train,Brown_Chickpea/BrownChickPea_245.jpg,,Brown_Chickpea
train,Brown_Chickpea/BrownChickPea_246.jpg,,Brown_Chickpea
train,Brown_Chickpea/BrownChickPea_247.jpg,,Brown_Chickpea
train,Brown_Chickpea/BrownChickPea_250.jpg,,Brown_Chickpea
train,Brown_Chickpea/BrownChickPea_251.jpg,,Brown_Chickpea
train,Brown_Chickpea/BrownChickPea_252.jpg,,Brown_Chickpea
train,Brown_Chickpea/BrownChickPea_253.jpg,,Brown_Chickpea
train,Brown_Chickpea/BrownChickPea_254.jpg,,Brown_Chickpea
train,Brown_Chickpea/BrownChickPea_256.jpg,,Brown_Chickpea
train,Brown_Chickpea/BrownChickPea_257.jpg,,Brown_Chickpea
train,Brown_Chickpea/BrownChickPea_258.jpg,,Brown_Chickpea
train,Brown_Chickpea/BrownChickPea_259.jpg,,Brown_Chickpea
train,Brown_Chickpea/BrownChickPea_260.jpg,,Brown_Chickpea
train,Brown_Chickpea/BrownChickPea_261.jpg,,Brown_Chickpea
train,Brown_Chickpea/BrownChickPea_262.jpg,,Brown_Chickpea
train,Brown_Chickpea/BrownChickPea_263.jpg,,Brown_Chickpea
train,Brown_Chickpea/BrownChickPea_264.jpg,,Brown_Chickpea
train,Brown_Chickpea/BrownChickPea_265.jpg,,Brown_Chickpea
train,Brown_Chickpea/BrownChickPea_266.jpg,,Brown_Chickpea
train,Brown_Chickpea/BrownChickPea_267.jpg,,Brown_Chickpea
train,Brown_Chickpea/BrownChickPea_268.jpg,,Brown_Chickpea
train,Brown_Chickpea/BrownChickPea_269.jpg,,Brown_Chickpea
train,Brown_Chickpea/BrownChickPea_270.jpg,,Brown_Chickpea
train,Brown_Chickpea/BrownChickPea_272.jpg,,Brown_Chickpea
train,Brown_Chickpea/BrownChickPea_273.jpg,,Brown_Chickpea
train,Brown_Chickpea/BrownChickPea_274.jpg,,Brown_Chickpea
train,Brown_Chickpea/BrownChickPea_275.jpg,,Brown_Chickpea
train,Brown_Chickpea/BrownChickPea_276.jpg,,Brown_Chickpea
train,Brown_Chickpea/BrownChickPea_277.jpg,,Brown_Chickpea
train,Brown_Chickpea/BrownChickPea_278.jpg,,Brown_Chickpea
train,Brown_Chickpea/BrownChickPea_279.jpg,,Brown_Chickpea
train,Brown_Chickpea/BrownChickPea_280.jpg,,Brown_Chickpea
train,Brown_Chickpea/BrownChickPea_281.jpg,,Brown_Chickpea
train,Brown_Chickpea/BrownChickPea_283.jpg,,Brown_Chickpea
train,Brown_Chickpea/BrownChickPea_284.jpg,,Brown_Chickpea
train,Brown_Chickpea/BrownChickPea_285.jpg,,Brown_Chickpea
train,Brown_Chickpea/BrownChickPea_287.jpg,,Brown_Chickpea
train,Brown_Chickpea/BrownChickPea_288.jpg,,Brown_Chickpea
train,Brown_Chickpea/BrownChickPea_290.jpg,,Brown_Chickpea
train,Brown_Chickpea/BrownChickPea_291.jpg,,Brown_Chickpea
train,Brown_Chickpea/BrownChickPea_293.jpg,,Brown_Chickpea
train,Brown_Chickpea/BrownChickPea_294.jpg,,Brown_Chickpea
train,Brown_Chickpea/BrownChickPea_296.jpg,,Brown_Chickpea
train,Brown_Chickpea/BrownChickPea_298.jpg,,Brown_Chickpea
train,Brown_Chickpea/BrownChickPea_300.jpg,,Brown_Chickpea
train,Brown_Chickpea/BrownChickPea_301.jpg,,Brown_Chickpea
train,Brown_Chickpea/BrownChickPea_302.jpg,,Brown_Chickpea
train,Brown_Chickpea/BrownChickPea_303.jpg,,Brown_Chickpea
train,Brown_Chickpea/BrownChickPea_304.jpg,,Brown_Chickpea
train,Brown_Chickpea/BrownChickPea_306.jpg,,Brown_Chickpea
train,Brown_Chickpea/BrownChickPea_307.jpg,,Brown_Chickpea
train,Brown_Chickpea/BrownChickPea_310.jpg,,Brown_Chickpea
train,Brown_Chickpea/BrownChickPea_311.jpg,,Brown_Chickpea
train,Brown_Chickpea/BrownChickPea_312.jpg,,Brown_Chickpea
train,Brown_Chickpea/BrownChickPea_313.jpg,,Brown_Chickpea
train,Brown_Chickpea/BrownChickPea_315.jpg,,Brown_Chickpea
train,Brown_Chickpea/BrownChickPea_317.jpg,,Brown_Chickpea
train,Brown_Chickpea/BrownChickPea_318.jpg,,Brown_Chickpea
train,Brown_Chickpea/BrownChickPea_319.jpg,,Brown_Chickpea
train,Brown_Chickpea/BrownChickPea_322.jpg,,Brown_Chickpea
train,Brown_Chickpea/BrownChickPea_323.jpg,,Brown_Chickpea
train,Brown_Chickpea/BrownChickPea_325.jpg,,Brown_Chickpea
train,Brown_Chickpea/BrownChickPea_327.jpg,,Brown_Chickpea
train,Brown_Chickpea/BrownChickPea_328.jpg,,Brown_Chickpea
train,Brown_Chickpea/BrownChickPea_329.jpg,,Brown_Chickpea
train,Brown_Chickpea/BrownChickPea_330.jpg,,Brown_Chickpea
train,Brown_Chickpea/BrownChickPea_331.jpg,,Brown_Chickpea
train,Brown_Chickpea/BrownChickPea_332.jpg,,Brown_Chickpea
train,Brown_Chickpea/BrownChickPea_333.jpg,,Brown_Chickpea
train,Brown_Chickpea/BrownChickPea_334.jpg,,Brown_Chickpea
train,Brown_Chickpea/BrownChickPea_336.jpg,,Brown_Chickpea
train,Brown_Chickpea/BrownChickPea_337.jpg,,Brown_Chickpea
train,Brown_Chickpea/BrownChickPea_338.jpg,,Brown_Chickpea
train,Brown_Chickpea/BrownChickPea_339.jpg,,Brown_Chickpea
train,Brown_Chickpea/BrownChickPea_340.jpg,,Brown_Chickpea
train,Brown_Chickpea/BrownChickPea_341.jpg,,Brown_Chickpea
train,Brown_Chickpea/BrownChickPea_343.jpg,,Brown_Chickpea
train,Brown_Chickpea/BrownChickPea_344.jpg,,Brown_Chickpea
train,Brown_Chickpea/BrownChickPea_345.jpg,,Brown_Chickpea
train,Brown_Chickpea/BrownChickPea_346.jpg,,Brown_Chickpea
train,Brown_Chickpea/BrownChickPea_347.jpg,,Brown_Chickpea
train,Brown_Chickpea/BrownChickPea_348.jpg,,Brown_Chickpea
train,Brown_Chickpea/BrownChickPea_349.jpg,,Brown_Chickpea
train,Brown_Chickpea/BrownChickPea_350.jpg,,Brown_Chickpea
train,Brown_Chickpea/BrownChickPea_351.jpg,,Brown_Chickpea
train,Brown_Chickpea/BrownChickPea_352.jpg,,Brown_Chickpea
train,Brown_Chickpea/BrownChickPea_353.jpg,,Brown_Chickpea
train,Brown_Chickpea/BrownChickPea_354.jpg,,Brown_Chickpea
train,Brown_Chickpea/BrownChickPea_357.jpg,,Brown_Chickpea
train,Brown_Chickpea/BrownChickPea_358.jpg,,Brown_Chickpea
train,Brown_Chickpea/BrownChickPea_359.jpg,,Brown_Chickpea
train,Brown_Chickpea/BrownChickPea_360.jpg,,Brown_Chickpea
train,Brown_Chickpea/BrownChickPea_361.jpg,,Brown_Chickpea
train,Brown_Chickpea/BrownChickPea_362.jpg,,Brown_Chickpea
train,Brown_Chickpea/BrownChickPea_364.jpg,,Brown_Chickpea
train,Brown_Chickpea/BrownChickPea_366.jpg,,Brown_Chickpea
train,Brown_Chickpea/BrownChickPea_367.jpg,,Brown_Chickpea
train,Brown_Chickpea/BrownChickPea_368.jpg,,Brown_Chickpea
train,Brown_Chickpea/BrownChickPea_369.jpg,,Brown_Chickpea
train,Brown_Chickpea/BrownChickPea_370.jpg,,Brown_Chickpea
train,Brown_Chickpea/BrownChickPea_371.jpg,,Brown_Chickpea
train,Brown_Chickpea/BrownChickPea_372.jpg,,Brown_Chickpea
train,Brown_Chickpea/BrownChickPea_373.jpg,,Brown_Chickpea
train,Brown_Chickpea/BrownChickPea_374.jpg,,Brown_Chickpea
train,Brown_Chickpea/BrownChickPea_375.jpg,,Brown_Chickpea
train,Brown_Chickpea/BrownChickPea_376.jpg,,Brown_Chickpea
train,Brown_Chickpea/BrownChickPea_377.jpg,,Brown_Chickpea
train,Brown_Chickpea/BrownChickPea_378.jpg,,Brown_Chickpea
train,Brown_Chickpea/BrownChickPea_379.jpg,,Brown_Chickpea
train,Brown_Chickpea/BrownChickPea_380.jpg,,Brown_Chickpea
train,Brown_Chickpea/BrownChickPea_381.jpg,,Brown_Chickpea
train,Brown_Chickpea/BrownChickPea_383.jpg,,Brown_Chickpea
train,Brown_Chickpea/BrownChickPea_384.jpg,,Brown_Chickpea
train,Brown_Chickpea/BrownChickPea_385.jpg,,Brown_Chickpea
train,Brown_Chickpea/BrownChickPea_386.jpg,,Brown_Chickpea
train,Brown_Chickpea/BrownChickPea_387.jpg,,Brown_Chickpea
train,Brown_Chickpea/BrownChickPea_388.jpg,,Brown_Chickpea
train,Brown_Chickpea/BrownChickPea_389.jpg,,Brown_Chickpea
train,Brown_Chickpea/BrownChickPea_390.jpg,,Brown_Chickpea
train,Brown_Chickpea/BrownChickPea_391.jpg,,Brown_Chickpea
train,Brown_Chickpea/BrownChickPea_392.jpg,,Brown_Chickpea
train,Brown_Chickpea/BrownChickPea_393.jpg,,Brown_Chickpea
train,Brown_Chickpea/BrownChickPea_396.jpg,,Brown_Chickpea
train,Brown_Chickpea/BrownChickPea_397.jpg,,Brown_Chickpea
train,Brown_Chickpea/BrownChickPea_398.jpg,,Brown_Chickpea
train,Brown_Chickpea/BrownChickPea_399.jpg,,Brown_Chickpea
train,Brown_Chickpea/BrownChickPea_400.jpg,,Brown_Chickpea
train,Brown_Chickpea/BrownChickPea_402.jpg,,Brown_Chickpea
train,Brown_Chickpea/BrownChickPea_403.jpg,,Brown_Chickpea
train,Brown_Chickpea/BrownChickPea_404.jpg,,Brown_Chickpea
train,Brown_Chickpea/BrownChickPea_405.jpg,,Brown_Chickpea
train,Brown_Chickpea/BrownChickPea_406.jpg,,Brown_Chickpea
train,Brown_Chickpea/BrownChickPea_410.jpg,,Brown_Chickpea
train,Brown_Chickpea/BrownChickPea_411.jpg,,Brown_Chickpea
train,Brown_Chickpea/BrownChickPea_412.jpg,,Brown_Chickpea
train,Brown_Chickpea/BrownChickPea_413.jpg,,Brown_Chickpea
train,Brown_Chickpea/BrownChickPea_414.jpg,,Brown_Chickpea
train,Brown_Chickpea/BrownChickPea_415.jpg,,Brown_Chickpea
train,Brown_Chickpea/BrownChickPea_416.jpg,,Brown_Chickpea
train,Brown_Chickpea/BrownChickPea_417.jpg,,Brown_Chickpea
train,Brown_Chickpea/BrownChickPea_418.jpg,,Brown_Chickpea
train,Brown_Chickpea/BrownChickPea_420.jpg,,Brown_Chickpea
train,Brown_Chickpea/BrownChickPea_421.jpg,,Brown_Chickpea
train,Brown_Chickpea/BrownChickPea_422.jpg,,Brown_Chickpea
train,Brown_Chickpea/BrownChickPea_423.jpg,,Brown_Chickpea
train,Brown_Chickpea/BrownChickPea_425.jpg,,Brown_Chickpea
train,Brown_Chickpea/BrownChickPea_426.jpg,,Brown_Chickpea
train,Brown_Chickpea/BrownChickPea_427.jpg,,Brown_Chickpea
train,Brown_Chickpea/BrownChickPea_428.jpg,,Brown_Chickpea
train,Brown_Chickpea/BrownChickPea_429.jpg,,Brown_Chickpea
train,Brown_Chickpea/BrownChickPea_430.jpg,,Brown_Chickpea
train,Brown_Chickpea/BrownChickPea_431.jpg,,Brown_Chickpea
train,Brown_Chickpea/BrownChickPea_432.jpg,,Brown_Chickpea
train,Brown_Chickpea/BrownChickPea_433.jpg,,Brown_Chickpea
train,Brown_Chickpea/BrownChickPea_434.jpg,,Brown_Chickpea
train,Brown_Chickpea/BrownChickPea_435.jpg,,Brown_Chickpea
train,Brown_Chickpea/BrownChickPea_436.jpg,,Brown_Chickpea
train,Brown_Chickpea/BrownChickPea_437.jpg,,Brown_Chickpea
train,Brown_Chickpea/BrownChickPea_438.jpg,,Brown_Chickpea
train,Brown_Chickpea/BrownChickPea_440.jpg,,Brown_Chickpea
train,Brown_Chickpea/BrownChickPea_443.jpg,,Brown_Chickpea
train,Brown_Chickpea/BrownChickPea_446.jpg,,Brown_Chickpea
train,Brown_Chickpea/BrownChickPea_447.jpg,,Brown_Chickpea
train,Brown_Chickpea/BrownChickPea_448.jpg,,Brown_Chickpea
train,Brown_Chickpea/BrownChickPea_449.jpg,,Brown_Chickpea
train,Brown_Chickpea/BrownChickPea_450.jpg,,Brown_Chickpea
train,Brown_Chickpea/BrownChickPea_451.jpg,,Brown_Chickpea
train,Brown_Chickpea/BrownChickPea_452.jpg,,Brown_Chickpea
train,Brown_Chickpea/BrownChickPea_453.jpg,,Brown_Chickpea
train,Brown_Chickpea/BrownChickPea_454.jpg,,Brown_Chickpea
train,Brown_Chickpea/BrownChickPea_457.jpg,,Brown_Chickpea
train,Brown_Chickpea/BrownChickPea_458.jpg,,Brown_Chickpea
train,Brown_Chickpea/BrownChickPea_460.jpg,,Brown_Chickpea
train,Brown_Chickpea/BrownChickPea_461.jpg,,Brown_Chickpea
train,Brown_Chickpea/BrownChickPea_462.jpg,,Brown_Chickpea
train,Brown_Chickpea/BrownChickPea_464.jpg,,Brown_Chickpea
train,Brown_Chickpea/BrownChickPea_465.jpg,,Brown_Chickpea
train,Brown_Chickpea/BrownChickPea_466.jpg,,Brown_Chickpea
train,Brown_Chickpea/BrownChickPea_467.jpg,,Brown_Chickpea
train,Brown_Chickpea/BrownChickPea_468.jpg,,Brown_Chickpea
train,Brown_Chickpea/BrownChickPea_469.jpg,,Brown_Chickpea
train,Brown_Chickpea/BrownChickPea_470.jpg,,Brown_Chickpea
train,Brown_Chickpea/BrownChickPea_471.jpg,,Brown_Chickpea
train,Brown_Chickpea/BrownChickPea_472.jpg,,Brown_Chickpea
train,Brown_Chickpea/BrownChickPea_473.jpg,,Brown_Chickpea
train,Brown_Chickpea/BrownChickPea_474.jpg,,Brown_Chickpea
train,Brown_Chickpea/BrownChickPea_475.jpg,,Brown_Chickpea
train,Brown_Chickpea/BrownChickPea_478.jpg,,Brown_Chickpea
train,Brown_Chickpea/BrownChickPea_479.jpg,,Brown_Chickpea
train,Brown_Chickpea/BrownChickPea_481.jpg,,Brown_Chickpea
train,Brown_Chickpea/BrownChickPea_482.jpg,,Brown_Chickpea
train,Brown_Chickpea/BrownChickPea_483.jpg,,Brown_Chickpea
train,Brown_Chickpea/BrownChickPea_484.jpg,,Brown_Chickpea
train,Brown_Chickpea/BrownChickPea_486.jpg,,Brown_Chickpea
train,Brown_Chickpea/BrownChickPea_487.jpg,,Brown_Chickpea
train,Brown_Chickpea/BrownChickPea_489.jpg,,Brown_Chickpea
train,Brown_Chickpea/BrownChickPea_490.jpg,,Brown_Chickpea
train,Brown_Chickpea/BrownChickPea_491.jpg,,Brown_Chickpea
train,Brown_Chickpea/BrownChickPea_492.jpg,,Brown_Chickpea
train,Brown_Chickpea/BrownChickPea_493.jpg,,Brown_Chickpea
train,Brown_Chickpea/BrownChickPea_494.jpg,,Brown_Chickpea
train,Brown_Chickpea/BrownChickPea_495.jpg,,Brown_Chickpea
train,Brown_Chickpea/BrownChickPea_496.jpg,,Brown_Chickpea
train,Brown_Chickpea/BrownChickPea_497.jpg,,Brown_Chickpea
train,Brown_Chickpea/BrownChickPea_499.jpg,,Brown_Chickpea
train,Brown_Chickpea/BrownChickPea_500.jpg,,Brown_Chickpea
train,Desi_chickpea/DesiChickPea_001.jpg,,Desi_chickpea
train,Desi_chickpea/DesiChickPea_003.jpg,,Desi_chickpea
train,Desi_chickpea/DesiChickPea_004.jpg,,Desi_chickpea
train,Desi_chickpea/DesiChickPea_005.jpg,,Desi_chickpea
train,Desi_chickpea/DesiChickPea_006.jpg,,Desi_chickpea
train,Desi_chickpea/DesiChickPea_007.jpg,,Desi_chickpea
train,Desi_chickpea/DesiChickPea_010.jpg,,Desi_chickpea
train,Desi_chickpea/DesiChickPea_012.jpg,,Desi_chickpea
train,Desi_chickpea/DesiChickPea_013.jpg,,Desi_chickpea
train,Desi_chickpea/DesiChickPea_015.jpg,,Desi_chickpea
train,Desi_chickpea/DesiChickPea_016.jpg,,Desi_chickpea
train,Desi_chickpea/DesiChickPea_017.jpg,,Desi_chickpea
train,Desi_chickpea/DesiChickPea_018.jpg,,Desi_chickpea
train,Desi_chickpea/DesiChickPea_019.jpg,,Desi_chickpea
train,Desi_chickpea/DesiChickPea_020.jpg,,Desi_chickpea
train,Desi_chickpea/DesiChickPea_021.jpg,,Desi_chickpea
train,Desi_chickpea/DesiChickPea_022.jpg,,Desi_chickpea
train,Desi_chickpea/DesiChickPea_024.jpg,,Desi_chickpea
train,Desi_chickpea/DesiChickPea_025.jpg,,Desi_chickpea
train,Desi_chickpea/DesiChickPea_028.jpg,,Desi_chickpea
train,Desi_chickpea/DesiChickPea_029.jpg,,Desi_chickpea
train,Desi_chickpea/DesiChickPea_030.jpg,,Desi_chickpea
train,Desi_chickpea/DesiChickPea_031.jpg,,Desi_chickpea
train,Desi_chickpea/DesiChickPea_034.jpg,,Desi_chickpea
train,Desi_chickpea/DesiChickPea_035.jpg,,Desi_chickpea
train,Desi_chickpea/DesiChickPea_037.jpg,,Desi_chickpea
train,Desi_chickpea/DesiChickPea_038.jpg,,Desi_chickpea
train,Desi_chickpea/DesiChickPea_039.jpg,,Desi_chickpea
train,Desi_chickpea/DesiChickPea_040.jpg,,Desi_chickpea
train,Desi_chickpea/DesiChickPea_041.jpg,,Desi_chickpea
train,Desi_chickpea/DesiChickPea_042.jpg,,Desi_chickpea
train,Desi_chickpea/DesiChickPea_043.jpg,,Desi_chickpea
train,Desi_chickpea/DesiChickPea_044.jpg,,Desi_chickpea
train,Desi_chickpea/DesiChickPea_045.jpg,,Desi_chickpea
train,Desi_chickpea/DesiChickPea_046.jpg,,Desi_chickpea
train,Desi_chickpea/DesiChickPea_048.jpg,,Desi_chickpea
train,Desi_chickpea/DesiChickPea_049.jpg,,Desi_chickpea
train,Desi_chickpea/DesiChickPea_050.jpg,,Desi_chickpea
train,Desi_chickpea/DesiChickPea_052.jpg,,Desi_chickpea
train,Desi_chickpea/DesiChickPea_053.jpg,,Desi_chickpea
train,Desi_chickpea/DesiChickPea_054.jpg,,Desi_chickpea
train,Desi_chickpea/DesiChickPea_055.jpg,,Desi_chickpea
train,Desi_chickpea/DesiChickPea_058.jpg,,Desi_chickpea
train,Desi_chickpea/DesiChickPea_060.jpg,,Desi_chickpea
train,Desi_chickpea/DesiChickPea_061.jpg,,Desi_chickpea
train,Desi_chickpea/DesiChickPea_062.jpg,,Desi_chickpea
train,Desi_chickpea/DesiChickPea_064.jpg,,Desi_chickpea
train,Desi_chickpea/DesiChickPea_066.jpg,,Desi_chickpea
train,Desi_chickpea/DesiChickPea_069.jpg,,Desi_chickpea
train,Desi_chickpea/DesiChickPea_070.jpg,,Desi_chickpea
train,Desi_chickpea/DesiChickPea_071.jpg,,Desi_chickpea
train,Desi_chickpea/DesiChickPea_072.jpg,,Desi_chickpea
train,Desi_chickpea/DesiChickPea_073.jpg,,Desi_chickpea
train,Desi_chickpea/DesiChickPea_074.jpg,,Desi_chickpea
train,Desi_chickpea/DesiChickPea_077.jpg,,Desi_chickpea
train,Desi_chickpea/DesiChickPea_078.jpg,,Desi_chickpea
train,Desi_chickpea/DesiChickPea_079.jpg,,Desi_chickpea
train,Desi_chickpea/DesiChickPea_080.jpg,,Desi_chickpea
train,Desi_chickpea/DesiChickPea_081.jpg,,Desi_chickpea
train,Desi_chickpea/DesiChickPea_082.jpg,,Desi_chickpea
train,Desi_chickpea/DesiChickPea_083.jpg,,Desi_chickpea
train,Desi_chickpea/DesiChickPea_084.jpg,,Desi_chickpea
train,Desi_chickpea/DesiChickPea_085.jpg,,Desi_chickpea
train,Desi_chickpea/DesiChickPea_086.jpg,,Desi_chickpea
train,Desi_chickpea/DesiChickPea_087.jpg,,Desi_chickpea
train,Desi_chickpea/DesiChickPea_088.jpg,,Desi_chickpea
train,Desi_chickpea/DesiChickPea_089.jpg,,Desi_chickpea
train,Desi_chickpea/DesiChickPea_091.jpg,,Desi_chickpea
train,Desi_chickpea/DesiChickPea_092.jpg,,Desi_chickpea
train,Desi_chickpea/DesiChickPea_093.jpg,,Desi_chickpea
train,Desi_chickpea/DesiChickPea_094.jpg,,Desi_chickpea
train,Desi_chickpea/DesiChickPea_095.jpg,,Desi_chickpea
train,Desi_chickpea/DesiChickPea_096.jpg,,Desi_chickpea
train,Desi_chickpea/DesiChickPea_097.jpg,,Desi_chickpea
train,Desi_chickpea/DesiChickPea_099.jpg,,Desi_chickpea
train,Desi_chickpea/DesiChickPea_100.jpg,,Desi_chickpea
train,Desi_chickpea/DesiChickPea_101.jpg,,Desi_chickpea
train,Desi_chickpea/DesiChickPea_102.jpg,,Desi_chickpea
train,Desi_chickpea/DesiChickPea_103.jpg,,Desi_chickpea
train,Desi_chickpea/DesiChickPea_104.jpg,,Desi_chickpea
train,Desi_chickpea/DesiChickPea_105.jpg,,Desi_chickpea
train,Desi_chickpea/DesiChickPea_108.jpg,,Desi_chickpea
train,Desi_chickpea/DesiChickPea_110.jpg,,Desi_chickpea
train,Desi_chickpea/DesiChickPea_113.jpg,,Desi_chickpea
train,Desi_chickpea/DesiChickPea_115.jpg,,Desi_chickpea
train,Desi_chickpea/DesiChickPea_116.jpg,,Desi_chickpea
train,Desi_chickpea/DesiChickPea_117.jpg,,Desi_chickpea
train,Desi_chickpea/DesiChickPea_118.jpg,,Desi_chickpea
train,Desi_chickpea/DesiChickPea_119.jpg,,Desi_chickpea
train,Desi_chickpea/DesiChickPea_123.jpg,,Desi_chickpea
train,Desi_chickpea/DesiChickPea_124.jpg,,Desi_chickpea
train,Desi_chickpea/DesiChickPea_126.jpg,,Desi_chickpea
train,Desi_chickpea/DesiChickPea_127.jpg,,Desi_chickpea
train,Desi_chickpea/DesiChickPea_128.jpg,,Desi_chickpea
train,Desi_chickpea/DesiChickPea_130.jpg,,Desi_chickpea
train,Desi_chickpea/DesiChickPea_131.jpg,,Desi_chickpea
train,Desi_chickpea/DesiChickPea_132.jpg,,Desi_chickpea
train,Desi_chickpea/DesiChickPea_133.jpg,,Desi_chickpea
train,Desi_chickpea/DesiChickPea_134.jpg,,Desi_chickpea
train,Desi_chickpea/DesiChickPea_135.jpg,,Desi_chickpea
train,Desi_chickpea/DesiChickPea_137.jpg,,Desi_chickpea
train,Desi_chickpea/DesiChickPea_138.jpg,,Desi_chickpea
train,Desi_chickpea/DesiChickPea_139.jpg,,Desi_chickpea
train,Desi_chickpea/DesiChickPea_140.jpg,,Desi_chickpea
train,Desi_chickpea/DesiChickPea_141.jpg,,Desi_chickpea
train,Desi_chickpea/DesiChickPea_143.jpg,,Desi_chickpea
train,Desi_chickpea/DesiChickPea_144.jpg,,Desi_chickpea
train,Desi_chickpea/DesiChickPea_145.jpg,,Desi_chickpea
train,Desi_chickpea/DesiChickPea_146.jpg,,Desi_chickpea
train,Desi_chickpea/DesiChickPea_147.jpg,,Desi_chickpea
train,Desi_chickpea/DesiChickPea_148.jpg,,Desi_chickpea
train,Desi_chickpea/DesiChickPea_149.jpg,,Desi_chickpea
train,Desi_chickpea/DesiChickPea_150.jpg,,Desi_chickpea
train,Desi_chickpea/DesiChickPea_151.jpg,,Desi_chickpea
train,Desi_chickpea/DesiChickPea_152.jpg,,Desi_chickpea
train,Desi_chickpea/DesiChickPea_153.jpg,,Desi_chickpea
train,Desi_chickpea/DesiChickPea_154.jpg,,Desi_chickpea
train,Desi_chickpea/DesiChickPea_155.jpg,,Desi_chickpea
train,Desi_chickpea/DesiChickPea_156.jpg,,Desi_chickpea
train,Desi_chickpea/DesiChickPea_157.jpg,,Desi_chickpea
train,Desi_chickpea/DesiChickPea_158.jpg,,Desi_chickpea
train,Desi_chickpea/DesiChickPea_159.jpg,,Desi_chickpea
train,Desi_chickpea/DesiChickPea_160.jpg,,Desi_chickpea
train,Desi_chickpea/DesiChickPea_161.jpg,,Desi_chickpea
train,Desi_chickpea/DesiChickPea_162.jpg,,Desi_chickpea
train,Desi_chickpea/DesiChickPea_163.jpg,,Desi_chickpea
train,Desi_chickpea/DesiChickPea_164.jpg,,Desi_chickpea
train,Desi_chickpea/DesiChickPea_165.jpg,,Desi_chickpea
train,Desi_chickpea/DesiChickPea_167.jpg,,Desi_chickpea
train,Desi_chickpea/DesiChickPea_168.jpg,,Desi_chickpea
train,Desi_chickpea/DesiChickPea_170.jpg,,Desi_chickpea
train,Desi_chickpea/DesiChickPea_172.jpg,,Desi_chickpea
train,Desi_chickpea/DesiChickPea_173.jpg,,Desi_chickpea
train,Desi_chickpea/DesiChickPea_174.jpg,,Desi_chickpea
train,Desi_chickpea/DesiChickPea_175.jpg,,Desi_chickpea
train,Desi_chickpea/DesiChickPea_176.jpg,,Desi_chickpea
train,Desi_chickpea/DesiChickPea_177.jpg,,Desi_chickpea
train,Desi_chickpea/DesiChickPea_178.jpg,,Desi_chickpea
train,Desi_chickpea/DesiChickPea_179.jpg,,Desi_chickpea
train,Desi_chickpea/DesiChickPea_180.jpg,,Desi_chickpea
train,Desi_chickpea/DesiChickPea_181.jpg,,Desi_chickpea
train,Desi_chickpea/DesiChickPea_182.jpg,,Desi_chickpea
train,Desi_chickpea/DesiChickPea_183.jpg,,Desi_chickpea
train,Desi_chickpea/DesiChickPea_185.jpg,,Desi_chickpea
train,Desi_chickpea/DesiChickPea_187.jpg,,Desi_chickpea
train,Desi_chickpea/DesiChickPea_188.jpg,,Desi_chickpea
train,Desi_chickpea/DesiChickPea_191.jpg,,Desi_chickpea
train,Desi_chickpea/DesiChickPea_192.jpg,,Desi_chickpea
train,Desi_chickpea/DesiChickPea_193.jpg,,Desi_chickpea
train,Desi_chickpea/DesiChickPea_194.jpg,,Desi_chickpea
train,Desi_chickpea/DesiChickPea_195.jpg,,Desi_chickpea
train,Desi_chickpea/DesiChickPea_196.jpg,,Desi_chickpea
train,Desi_chickpea/DesiChickPea_197.jpg,,Desi_chickpea
train,Desi_chickpea/DesiChickPea_198.jpg,,Desi_chickpea
train,Desi_chickpea/DesiChickPea_199.jpg,,Desi_chickpea
train,Desi_chickpea/DesiChickPea_200.jpg,,Desi_chickpea
train,Desi_chickpea/DesiChickPea_201.jpg,,Desi_chickpea
train,Desi_chickpea/DesiChickPea_202.jpg,,Desi_chickpea
train,Desi_chickpea/DesiChickPea_203.jpg,,Desi_chickpea
train,Desi_chickpea/DesiChickPea_205.jpg,,Desi_chickpea
train,Desi_chickpea/DesiChickPea_206.jpg,,Desi_chickpea
train,Desi_chickpea/DesiChickPea_207.jpg,,Desi_chickpea
train,Desi_chickpea/DesiChickPea_208.jpg,,Desi_chickpea
train,Desi_chickpea/DesiChickPea_209.jpg,,Desi_chickpea
train,Desi_chickpea/DesiChickPea_210.jpg,,Desi_chickpea
train,Desi_chickpea/DesiChickPea_211.jpg,,Desi_chickpea
train,Desi_chickpea/DesiChickPea_212.jpg,,Desi_chickpea
train,Desi_chickpea/DesiChickPea_213.jpg,,Desi_chickpea
train,Desi_chickpea/DesiChickPea_214.jpg,,Desi_chickpea
train,Desi_chickpea/DesiChickPea_215.jpg,,Desi_chickpea
train,Desi_chickpea/DesiChickPea_217.jpg,,Desi_chickpea
train,Desi_chickpea/DesiChickPea_218.jpg,,Desi_chickpea
train,Desi_chickpea/DesiChickPea_219.jpg,,Desi_chickpea
train,Desi_chickpea/DesiChickPea_220.jpg,,Desi_chickpea
train,Desi_chickpea/DesiChickPea_221.jpg,,Desi_chickpea
train,Desi_chickpea/DesiChickPea_222.jpg,,Desi_chickpea
train,Desi_chickpea/DesiChickPea_223.jpg,,Desi_chickpea
train,Desi_chickpea/DesiChickPea_224.jpg,,Desi_chickpea
train,Desi_chickpea/DesiChickPea_225.jpg,,Desi_chickpea
train,Desi_chickpea/DesiChickPea_226.jpg,,Desi_chickpea
train,Desi_chickpea/DesiChickPea_227.jpg,,Desi_chickpea
train,Desi_chickpea/DesiChickPea_229.jpg,,Desi_chickpea
train,Desi_chickpea/DesiChickPea_231.jpg,,Desi_chickpea
train,Desi_chickpea/DesiChickPea_234.jpg,,Desi_chickpea
train,Desi_chickpea/DesiChickPea_235.jpg,,Desi_chickpea
train,Desi_chickpea/DesiChickPea_236.jpg,,Desi_chickpea
train,Desi_chickpea/DesiChickPea_237.jpg,,Desi_chickpea
train,Desi_chickpea/DesiChickPea_238.jpg,,Desi_chickpea
train,Desi_chickpea/DesiChickPea_239.jpg,,Desi_chickpea
train,Desi_chickpea/DesiChickPea_240.jpg,,Desi_chickpea
train,Desi_chickpea/DesiChickPea_241.jpg,,Desi_chickpea
train,Desi_chickpea/DesiChickPea_242.jpg,,Desi_chickpea
train,Desi_chickpea/DesiChickPea_243.jpg,,Desi_chickpea
train,Desi_chickpea/DesiChickPea_245.jpg,,Desi_chickpea
train,Desi_chickpea/DesiChickPea_246.jpg,,Desi_chickpea
train,Desi_chickpea/DesiChickPea_247.jpg,,Desi_chickpea
train,Desi_chickpea/DesiChickPea_248.jpg,,Desi_chickpea
train,Desi_chickpea/DesiChickPea_249.jpg,,Desi_chickpea
train,Desi_chickpea/DesiChickPea_250.jpg,,Desi_chickpea
train,Desi_chickpea/DesiChickPea_251.jpg,,Desi_chickpea
train,Desi_chickpea/DesiChickPea_252.jpg,,Desi_chickpea
train,Desi_chickpea/DesiChickPea_253.jpg,,Desi_chickpea
train,Desi_chickpea/DesiChickPea_254.jpg,,Desi_chickpea
train,Desi_chickpea/DesiChickPea_255.jpg,,Desi_chickpea
train,Desi_chickpea/DesiChickPea_256.jpg,,Desi_chickpea
train,Desi_chickpea/DesiChickPea_257.jpg,,Desi_chickpea
train,Desi_chickpea/DesiChickPea_259.jpg,,Desi_chickpea
train,Desi_chickpea/DesiChickPea_260.jpg,,Desi_chickpea
train,Desi_chickpea/DesiChickPea_261.jpg,,Desi_chickpea
train,Desi_chickpea/DesiChickPea_262.jpg,,Desi_chickpea
train,Desi_chickpea/DesiChickPea_264.jpg,,Desi_chickpea
train,Desi_chickpea/DesiChickPea_265.jpg,,Desi_chickpea
train,Desi_chickpea/DesiChickPea_266.jpg,,Desi_chickpea
train,Desi_chickpea/DesiChickPea_267.jpg,,Desi_chickpea
train,Desi_chickpea/DesiChickPea_268.jpg,,Desi_chickpea
train,Desi_chickpea/DesiChickPea_269.jpg,,Desi_chickpea
train,Desi_chickpea/DesiChickPea_271.jpg,,Desi_chickpea
train,Desi_chickpea/DesiChickPea_272.jpg,,Desi_chickpea
train,Desi_chickpea/DesiChickPea_273.jpg,,Desi_chickpea
train,Desi_chickpea/DesiChickPea_274.jpg,,Desi_chickpea
train,Desi_chickpea/DesiChickPea_275.jpg,,Desi_chickpea
train,Desi_chickpea/DesiChickPea_276.jpg,,Desi_chickpea
train,Desi_chickpea/DesiChickPea_278.jpg,,Desi_chickpea
train,Desi_chickpea/DesiChickPea_280.jpg,,Desi_chickpea
train,Desi_chickpea/DesiChickPea_281.jpg,,Desi_chickpea
train,Desi_chickpea/DesiChickPea_282.jpg,,Desi_chickpea
train,Desi_chickpea/DesiChickPea_283.jpg,,Desi_chickpea
train,Desi_chickpea/DesiChickPea_285.jpg,,Desi_chickpea
train,Desi_chickpea/DesiChickPea_286.jpg,,Desi_chickpea
train,Desi_chickpea/DesiChickPea_287.jpg,,Desi_chickpea
train,Desi_chickpea/DesiChickPea_288.jpg,,Desi_chickpea
train,Desi_chickpea/DesiChickPea_289.jpg,,Desi_chickpea
train,Desi_chickpea/DesiChickPea_291.jpg,,Desi_chickpea
train,Desi_chickpea/DesiChickPea_292.jpg,,Desi_chickpea
train,Desi_chickpea/DesiChickPea_293.jpg,,Desi_chickpea
train,Desi_chickpea/DesiChickPea_294.jpg,,Desi_chickpea
train,Desi_chickpea/DesiChickPea_295.jpg,,Desi_chickpea
train,Desi_chickpea/DesiChickPea_296.jpg,,Desi_chickpea
train,Desi_chickpea/DesiChickPea_297.jpg,,Desi_chickpea
train,Desi_chickpea/DesiChickPea_298.jpg,,Desi_chickpea
train,Desi_chickpea/DesiChickPea_299.jpg,,Desi_chickpea
train,Desi_chickpea/DesiChickPea_300.jpg,,Desi_chickpea
train,Desi_chickpea/DesiChickPea_303.jpg,,Desi_chickpea
train,Desi_chickpea/DesiChickPea_305.jpg,,Desi_chickpea
train,Desi_chickpea/DesiChickPea_307.jpg,,Desi_chickpea
train,Desi_chickpea/DesiChickPea_308.jpg,,Desi_chickpea
train,Desi_chickpea/DesiChickPea_309.jpg,,Desi_chickpea
train,Desi_chickpea/DesiChickPea_310.jpg,,Desi_chickpea
train,Desi_chickpea/DesiChickPea_311.jpg,,Desi_chickpea
train,Desi_chickpea/DesiChickPea_312.jpg,,Desi_chickpea
train,Desi_chickpea/DesiChickPea_313.jpg,,Desi_chickpea
train,Desi_chickpea/DesiChickPea_314.jpg,,Desi_chickpea
train,Desi_chickpea/DesiChickPea_316.jpg,,Desi_chickpea
train,Desi_chickpea/DesiChickPea_317.jpg,,Desi_chickpea
train,Desi_chickpea/DesiChickPea_318.jpg,,Desi_chickpea
train,Desi_chickpea/DesiChickPea_319.jpg,,Desi_chickpea
train,Desi_chickpea/DesiChickPea_320.jpg,,Desi_chickpea
train,Desi_chickpea/DesiChickPea_321.jpg,,Desi_chickpea
train,Desi_chickpea/DesiChickPea_322.jpg,,Desi_chickpea
train,Desi_chickpea/DesiChickPea_323.jpg,,Desi_chickpea
train,Desi_chickpea/DesiChickPea_324.jpg,,Desi_chickpea
train,Desi_chickpea/DesiChickPea_325.jpg,,Desi_chickpea
train,Desi_chickpea/DesiChickPea_326.jpg,,Desi_chickpea
train,Desi_chickpea/DesiChickPea_327.jpg,,Desi_chickpea
train,Desi_chickpea/DesiChickPea_330.jpg,,Desi_chickpea
train,Desi_chickpea/DesiChickPea_332.jpg,,Desi_chickpea
train,Desi_chickpea/DesiChickPea_333.jpg,,Desi_chickpea
train,Desi_chickpea/DesiChickPea_334.jpg,,Desi_chickpea
train,Desi_chickpea/DesiChickPea_335.jpg,,Desi_chickpea
train,Desi_chickpea/DesiChickPea_336.jpg,,Desi_chickpea
train,Desi_chickpea/DesiChickPea_337.jpg,,Desi_chickpea
train,Desi_chickpea/DesiChickPea_341.jpg,,Desi_chickpea
train,Desi_chickpea/DesiChickPea_342.jpg,,Desi_chickpea
train,Desi_chickpea/DesiChickPea_343.jpg,,Desi_chickpea
train,Desi_chickpea/DesiChickPea_344.jpg,,Desi_chickpea
train,Desi_chickpea/DesiChickPea_345.jpg,,Desi_chickpea
train,Desi_chickpea/DesiChickPea_346.jpg,,Desi_chickpea
train,Desi_chickpea/DesiChickPea_347.jpg,,Desi_chickpea
train,Desi_chickpea/DesiChickPea_348.jpg,,Desi_chickpea
train,Desi_chickpea/DesiChickPea_349.jpg,,Desi_chickpea
train,Desi_chickpea/DesiChickPea_350.jpg,,Desi_chickpea
train,Desi_chickpea/DesiChickPea_351.jpg,,Desi_chickpea
train,Desi_chickpea/DesiChickPea_353.jpg,,Desi_chickpea
train,Desi_chickpea/DesiChickPea_355.jpg,,Desi_chickpea
train,Desi_chickpea/DesiChickPea_356.jpg,,Desi_chickpea
train,Desi_chickpea/DesiChickPea_357.jpg,,Desi_chickpea
train,Desi_chickpea/DesiChickPea_358.jpg,,Desi_chickpea
train,Desi_chickpea/DesiChickPea_359.jpg,,Desi_chickpea
train,Desi_chickpea/DesiChickPea_360.jpg,,Desi_chickpea
train,Desi_chickpea/DesiChickPea_361.jpg,,Desi_chickpea
train,Desi_chickpea/DesiChickPea_362.jpg,,Desi_chickpea
train,Desi_chickpea/DesiChickPea_363.jpg,,Desi_chickpea
train,Desi_chickpea/DesiChickPea_364.jpg,,Desi_chickpea
train,Desi_chickpea/DesiChickPea_365.jpg,,Desi_chickpea
train,Desi_chickpea/DesiChickPea_366.jpg,,Desi_chickpea
train,Desi_chickpea/DesiChickPea_367.jpg,,Desi_chickpea
train,Desi_chickpea/DesiChickPea_368.jpg,,Desi_chickpea
train,Desi_chickpea/DesiChickPea_369.jpg,,Desi_chickpea
train,Desi_chickpea/DesiChickPea_370.jpg,,Desi_chickpea
train,Desi_chickpea/DesiChickPea_371.jpg,,Desi_chickpea
train,Desi_chickpea/DesiChickPea_372.jpg,,Desi_chickpea
train,Desi_chickpea/DesiChickPea_374.jpg,,Desi_chickpea
train,Desi_chickpea/DesiChickPea_375.jpg,,Desi_chickpea
train,Desi_chickpea/DesiChickPea_376.jpg,,Desi_chickpea
train,Desi_chickpea/DesiChickPea_377.jpg,,Desi_chickpea
train,Desi_chickpea/DesiChickPea_378.jpg,,Desi_chickpea
train,Desi_chickpea/DesiChickPea_379.jpg,,Desi_chickpea
train,Desi_chickpea/DesiChickPea_381.jpg,,Desi_chickpea
train,Desi_chickpea/DesiChickPea_383.jpg,,Desi_chickpea
train,Desi_chickpea/DesiChickPea_384.jpg,,Desi_chickpea
train,Desi_chickpea/DesiChickPea_385.jpg,,Desi_chickpea
train,Desi_chickpea/DesiChickPea_386.jpg,,Desi_chickpea
train,Desi_chickpea/DesiChickPea_387.jpg,,Desi_chickpea
train,Desi_chickpea/DesiChickPea_388.jpg,,Desi_chickpea
train,Desi_chickpea/DesiChickPea_389.jpg,,Desi_chickpea
train,Desi_chickpea/DesiChickPea_390.jpg,,Desi_chickpea
train,Desi_chickpea/DesiChickPea_391.jpg,,Desi_chickpea
train,Desi_chickpea/DesiChickPea_393.jpg,,Desi_chickpea
train,Desi_chickpea/DesiChickPea_394.jpg,,Desi_chickpea
train,Desi_chickpea/DesiChickPea_395.jpg,,Desi_chickpea
train,Desi_chickpea/DesiChickPea_396.jpg,,Desi_chickpea
train,Desi_chickpea/DesiChickPea_398.jpg,,Desi_chickpea
train,Desi_chickpea/DesiChickPea_400.jpg,,Desi_chickpea
train,Desi_chickpea/DesiChickPea_401.jpg,,Desi_chickpea
train,Desi_chickpea/DesiChickPea_406.jpg,,Desi_chickpea
train,Desi_chickpea/DesiChickPea_407.jpg,,Desi_chickpea
train,Desi_chickpea/DesiChickPea_408.jpg,,Desi_chickpea
train,Desi_chickpea/DesiChickPea_410.jpg,,Desi_chickpea
train,Desi_chickpea/DesiChickPea_411.jpg,,Desi_chickpea
train,Desi_chickpea/DesiChickPea_412.jpg,,Desi_chickpea
train,Desi_chickpea/DesiChickPea_413.jpg,,Desi_chickpea
train,Desi_chickpea/DesiChickPea_414.jpg,,Desi_chickpea
train,Desi_chickpea/DesiChickPea_415.jpg,,Desi_chickpea
train,Desi_chickpea/DesiChickPea_416.jpg,,Desi_chickpea
train,Desi_chickpea/DesiChickPea_418.jpg,,Desi_chickpea
train,Desi_chickpea/DesiChickPea_419.jpg,,Desi_chickpea
train,Desi_chickpea/DesiChickPea_420.jpg,,Desi_chickpea
train,Desi_chickpea/DesiChickPea_421.jpg,,Desi_chickpea
train,Desi_chickpea/DesiChickPea_423.jpg,,Desi_chickpea
train,Desi_chickpea/DesiChickPea_424.jpg,,Desi_chickpea
train,Desi_chickpea/DesiChickPea_426.jpg,,Desi_chickpea
train,Desi_chickpea/DesiChickPea_427.jpg,,Desi_chickpea
train,Desi_chickpea/DesiChickPea_428.jpg,,Desi_chickpea
train,Desi_chickpea/DesiChickPea_429.jpg,,Desi_chickpea
train,Desi_chickpea/DesiChickPea_430.jpg,,Desi_chickpea
train,Desi_chickpea/DesiChickPea_431.jpg,,Desi_chickpea
train,Desi_chickpea/DesiChickPea_432.jpg,,Desi_chickpea
train,Desi_chickpea/DesiChickPea_433.jpg,,Desi_chickpea
train,Desi_chickpea/DesiChickPea_434.jpg,,Desi_chickpea
train,Desi_chickpea/DesiChickPea_436.jpg,,Desi_chickpea
train,Desi_chickpea/DesiChickPea_437.jpg,,Desi_chickpea
train,Desi_chickpea/DesiChickPea_439.jpg,,Desi_chickpea
train,Desi_chickpea/DesiChickPea_441.jpg,,Desi_chickpea
train,Desi_chickpea/DesiChickPea_442.jpg,,Desi_chickpea
train,Desi_chickpea/DesiChickPea_443.jpg,,Desi_chickpea
train,Desi_chickpea/DesiChickPea_444.jpg,,Desi_chickpea
train,Desi_chickpea/DesiChickPea_445.jpg,,Desi_chickpea
train,Desi_chickpea/DesiChickPea_447.jpg,,Desi_chickpea
train,Desi_chickpea/DesiChickPea_449.jpg,,Desi_chickpea
train,Desi_chickpea/DesiChickPea_450.jpg,,Desi_chickpea
train,Desi_chickpea/DesiChickPea_451.jpg,,Desi_chickpea
train,Desi_chickpea/DesiChickPea_452.jpg,,Desi_chickpea
train,Desi_chickpea/DesiChickPea_453.jpg,,Desi_chickpea
train,Desi_chickpea/DesiChickPea_454.jpg,,Desi_chickpea
train,Desi_chickpea/DesiChickPea_455.jpg,,Desi_chickpea
train,Desi_chickpea/DesiChickPea_456.jpg,,Desi_chickpea
train,Desi_chickpea/DesiChickPea_457.jpg,,Desi_chickpea
train,Desi_chickpea/DesiChickPea_458.jpg,,Desi_chickpea
train,Desi_chickpea/DesiChickPea_459.jpg,,Desi_chickpea
train,Desi_chickpea/DesiChickPea_460.jpg,,Desi_chickpea
train,Desi_chickpea/DesiChickPea_461.jpg,,Desi_chickpea
train,Desi_chickpea/DesiChickPea_463.jpg,,Desi_chickpea
train,Desi_chickpea/DesiChickPea_464.jpg,,Desi_chickpea
train,Desi_chickpea/DesiChickPea_466.jpg,,Desi_chickpea
train,Desi_chickpea/DesiChickPea_467.jpg,,Desi_chickpea
train,Desi_chickpea/DesiChickPea_469.jpg,,Desi_chickpea
train,Desi_chickpea/DesiChickPea_470.jpg,,Desi_chickpea
train,Desi_chickpea/DesiChickPea_472.jpg,,Desi_chickpea
train,Desi_chickpea/DesiChickPea_473.jpg,,Desi_chickpea
train,Desi_chickpea/DesiChickPea_474.jpg,,Desi_chickpea
train,Desi_chickpea/DesiChickPea_475.jpg,,Desi_chickpea
train,Desi_chickpea/DesiChickPea_476.jpg,,Desi_chickpea
train,Desi_chickpea/DesiChickPea_477.jpg,,Desi_chickpea
train,Desi_chickpea/DesiChickPea_478.jpg,,Desi_chickpea
train,Desi_chickpea/DesiChickPea_479.jpg,,Desi_chickpea
train,Desi_chickpea/DesiChickPea_480.jpg,,Desi_chickpea
train,Desi_chickpea/DesiChickPea_481.jpg,,Desi_chickpea
train,Desi_chickpea/DesiChickPea_483.jpg,,Desi_chickpea
train,Desi_chickpea/DesiChickPea_484.jpg,,Desi_chickpea
train,Desi_chickpea/DesiChickPea_486.jpg,,Desi_chickpea
train,Desi_chickpea/DesiChickPea_488.jpg,,Desi_chickpea
train,Desi_chickpea/DesiChickPea_489.jpg,,Desi_chickpea
train,Desi_chickpea/DesiChickPea_490.jpg,,Desi_chickpea
train,Desi_chickpea/DesiChickPea_491.jpg,,Desi_chickpea
train,Desi_chickpea/DesiChickPea_494.jpg,,Desi_chickpea
train,Desi_chickpea/DesiChickPea_495.jpg,,Desi_chickpea
train,Desi_chickpea/DesiChickPea_496.jpg,,Desi_chickpea
train,Desi_chickpea/DesiChickPea_498.jpg,,Desi_chickpea
train,Desi_chickpea/DesiChickPea_499.jpg,,Desi_chickpea
train,Desi_chickpea/DesiChickPea_500.jpg,,Desi_chickpea
train,Horse_Gram/HorseGram_001.jpg,,Horse_Gram
train,Horse_Gram/HorseGram_003.jpg,,Horse_Gram
train,Horse_Gram/HorseGram_005.jpg,,Horse_Gram
train,Horse_Gram/HorseGram_006.jpg,,Horse_Gram
train,Horse_Gram/HorseGram_007.jpg,,Horse_Gram
train,Horse_Gram/HorseGram_008.jpg,,Horse_Gram
train,Horse_Gram/HorseGram_009.jpg,,Horse_Gram
train,Horse_Gram/HorseGram_010.jpg,,Horse_Gram
train,Horse_Gram/HorseGram_012.jpg,,Horse_Gram
train,Horse_Gram/HorseGram_013.jpg,,Horse_Gram
train,Horse_Gram/HorseGram_014.jpg,,Horse_Gram
train,Horse_Gram/HorseGram_017.jpg,,Horse_Gram
train,Horse_Gram/HorseGram_018.jpg,,Horse_Gram
train,Horse_Gram/HorseGram_019.jpg,,Horse_Gram
train,Horse_Gram/HorseGram_020.jpg,,Horse_Gram
train,Horse_Gram/HorseGram_022.jpg,,Horse_Gram
train,Horse_Gram/HorseGram_023.jpg,,Horse_Gram
train,Horse_Gram/HorseGram_024.jpg,,Horse_Gram
train,Horse_Gram/HorseGram_025.jpg,,Horse_Gram
train,Horse_Gram/HorseGram_026.jpg,,Horse_Gram
train,Horse_Gram/HorseGram_027.jpg,,Horse_Gram
train,Horse_Gram/HorseGram_030.jpg,,Horse_Gram
train,Horse_Gram/HorseGram_031.jpg,,Horse_Gram
train,Horse_Gram/HorseGram_032.jpg,,Horse_Gram
train,Horse_Gram/HorseGram_033.jpg,,Horse_Gram
train,Horse_Gram/HorseGram_034.jpg,,Horse_Gram
train,Horse_Gram/HorseGram_035.jpg,,Horse_Gram
train,Horse_Gram/HorseGram_036.jpg,,Horse_Gram
train,Horse_Gram/HorseGram_037.jpg,,Horse_Gram
train,Horse_Gram/HorseGram_038.jpg,,Horse_Gram
train,Horse_Gram/HorseGram_039.jpg,,Horse_Gram
train,Horse_Gram/HorseGram_040.jpg,,Horse_Gram
train,Horse_Gram/HorseGram_041.jpg,,Horse_Gram
train,Horse_Gram/HorseGram_045.jpg,,Horse_Gram
train,Horse_Gram/HorseGram_046.jpg,,Horse_Gram
train,Horse_Gram/HorseGram_047.jpg,,Horse_Gram
train,Horse_Gram/HorseGram_049.jpg,,Horse_Gram
train,Horse_Gram/HorseGram_050.jpg,,Horse_Gram
train,Horse_Gram/HorseGram_051.jpg,,Horse_Gram
train,Horse_Gram/HorseGram_053.jpg,,Horse_Gram
train,Horse_Gram/HorseGram_055.jpg,,Horse_Gram
train,Horse_Gram/HorseGram_056.jpg,,Horse_Gram
train,Horse_Gram/HorseGram_057.jpg,,Horse_Gram
train,Horse_Gram/HorseGram_058.jpg,,Horse_Gram
train,Horse_Gram/HorseGram_059.jpg,,Horse_Gram
train,Horse_Gram/HorseGram_060.jpg,,Horse_Gram
train,Horse_Gram/HorseGram_061.jpg,,Horse_Gram
train,Horse_Gram/HorseGram_062.jpg,,Horse_Gram
train,Horse_Gram/HorseGram_063.jpg,,Horse_Gram
train,Horse_Gram/HorseGram_064.jpg,,Horse_Gram
train,Horse_Gram/HorseGram_066.jpg,,Horse_Gram
train,Horse_Gram/HorseGram_067.jpg,,Horse_Gram
train,Horse_Gram/HorseGram_068.jpg,,Horse_Gram
train,Horse_Gram/HorseGram_069.jpg,,Horse_Gram
train,Horse_Gram/HorseGram_070.jpg,,Horse_Gram
train,Horse_Gram/HorseGram_071.jpg,,Horse_Gram
train,Horse_Gram/HorseGram_074.jpg,,Horse_Gram
train,Horse_Gram/HorseGram_075.jpg,,Horse_Gram
train,Horse_Gram/HorseGram_079.jpg,,Horse_Gram
train,Horse_Gram/HorseGram_080.jpg,,Horse_Gram
train,Horse_Gram/HorseGram_081.jpg,,Horse_Gram
train,Horse_Gram/HorseGram_082.jpg,,Horse_Gram
train,Horse_Gram/HorseGram_083.jpg,,Horse_Gram
train,Horse_Gram/HorseGram_085.jpg,,Horse_Gram
train,Horse_Gram/HorseGram_086.jpg,,Horse_Gram
train,Horse_Gram/HorseGram_087.jpg,,Horse_Gram
train,Horse_Gram/HorseGram_088.jpg,,Horse_Gram
train,Horse_Gram/HorseGram_089.jpg,,Horse_Gram
train,Horse_Gram/HorseGram_090.jpg,,Horse_Gram
train,Horse_Gram/HorseGram_091.jpg,,Horse_Gram
train,Horse_Gram/HorseGram_092.jpg,,Horse_Gram
train,Horse_Gram/HorseGram_093.jpg,,Horse_Gram
train,Horse_Gram/HorseGram_094.jpg,,Horse_Gram
train,Horse_Gram/HorseGram_095.jpg,,Horse_Gram
train,Horse_Gram/HorseGram_096.jpg,,Horse_Gram
train,Horse_Gram/HorseGram_097.jpg,,Horse_Gram
train,Horse_Gram/HorseGram_098.jpg,,Horse_Gram
train,Horse_Gram/HorseGram_099.jpg,,Horse_Gram
train,Horse_Gram/HorseGram_100.jpg,,Horse_Gram
train,Horse_Gram/HorseGram_102.jpg,,Horse_Gram
train,Horse_Gram/HorseGram_103.jpg,,Horse_Gram
train,Horse_Gram/HorseGram_105.jpg,,Horse_Gram
train,Horse_Gram/HorseGram_106.jpg,,Horse_Gram
train,Horse_Gram/HorseGram_107.jpg,,Horse_Gram
train,Horse_Gram/HorseGram_108.jpg,,Horse_Gram
train,Horse_Gram/HorseGram_109.jpg,,Horse_Gram
train,Horse_Gram/HorseGram_110.jpg,,Horse_Gram
train,Horse_Gram/HorseGram_111.jpg,,Horse_Gram
train,Horse_Gram/HorseGram_113.jpg,,Horse_Gram
train,Horse_Gram/HorseGram_114.jpg,,Horse_Gram
train,Horse_Gram/HorseGram_117.jpg,,Horse_Gram
train,Horse_Gram/HorseGram_118.jpg,,Horse_Gram
train,Horse_Gram/HorseGram_119.jpg,,Horse_Gram
train,Horse_Gram/HorseGram_120.jpg,,Horse_Gram
train,Horse_Gram/HorseGram_123.jpg,,Horse_Gram
train,Horse_Gram/HorseGram_125.jpg,,Horse_Gram
train,Horse_Gram/HorseGram_126.jpg,,Horse_Gram
train,Horse_Gram/HorseGram_127.jpg,,Horse_Gram
train,Horse_Gram/HorseGram_128.jpg,,Horse_Gram
train,Horse_Gram/HorseGram_129.jpg,,Horse_Gram
train,Horse_Gram/HorseGram_131.jpg,,Horse_Gram
train,Horse_Gram/HorseGram_132.jpg,,Horse_Gram
train,Horse_Gram/HorseGram_134.jpg,,Horse_Gram
train,Horse_Gram/HorseGram_135.jpg,,Horse_Gram
train,Horse_Gram/HorseGram_136.jpg,,Horse_Gram
train,Horse_Gram/HorseGram_137.jpg,,Horse_Gram
train,Horse_Gram/HorseGram_138.jpg,,Horse_Gram
train,Horse_Gram/HorseGram_139.jpg,,Horse_Gram
train,Horse_Gram/HorseGram_140.jpg,,Horse_Gram
train,Horse_Gram/HorseGram_142.jpg,,Horse_Gram
train,Horse_Gram/HorseGram_143.jpg,,Horse_Gram
train,Horse_Gram/HorseGram_144.jpg,,Horse_Gram
train,Horse_Gram/HorseGram_145.jpg,,Horse_Gram
train,Horse_Gram/HorseGram_149.jpg,,Horse_Gram
train,Horse_Gram/HorseGram_150.jpg,,Horse_Gram
train,Horse_Gram/HorseGram_151.jpg,,Horse_Gram
train,Horse_Gram/HorseGram_152.jpg,,Horse_Gram
train,Horse_Gram/HorseGram_153.jpg,,Horse_Gram
train,Horse_Gram/HorseGram_154.jpg,,Horse_Gram
train,Horse_Gram/HorseGram_155.jpg,,Horse_Gram
train,Horse_Gram/HorseGram_156.jpg,,Horse_Gram
train,Horse_Gram/HorseGram_157.jpg,,Horse_Gram
train,Horse_Gram/HorseGram_159.jpg,,Horse_Gram
train,Horse_Gram/HorseGram_160.jpg,,Horse_Gram
train,Horse_Gram/HorseGram_162.jpg,,Horse_Gram
train,Horse_Gram/HorseGram_163.jpg,,Horse_Gram
train,Horse_Gram/HorseGram_164.jpg,,Horse_Gram
train,Horse_Gram/HorseGram_165.jpg,,Horse_Gram
train,Horse_Gram/HorseGram_167.jpg,,Horse_Gram
train,Horse_Gram/HorseGram_168.jpg,,Horse_Gram
train,Horse_Gram/HorseGram_169.jpg,,Horse_Gram
train,Horse_Gram/HorseGram_170.jpg,,Horse_Gram
train,Horse_Gram/HorseGram_171.jpg,,Horse_Gram
train,Horse_Gram/HorseGram_172.jpg,,Horse_Gram
train,Horse_Gram/HorseGram_173.jpg,,Horse_Gram
train,Horse_Gram/HorseGram_175.jpg,,Horse_Gram
train,Horse_Gram/HorseGram_176.jpg,,Horse_Gram
train,Horse_Gram/HorseGram_177.jpg,,Horse_Gram
train,Horse_Gram/HorseGram_178.jpg,,Horse_Gram
train,Horse_Gram/HorseGram_179.jpg,,Horse_Gram
train,Horse_Gram/HorseGram_180.jpg,,Horse_Gram
train,Horse_Gram/HorseGram_182.jpg,,Horse_Gram
train,Horse_Gram/HorseGram_183.jpg,,Horse_Gram
train,Horse_Gram/HorseGram_184.jpg,,Horse_Gram
train,Horse_Gram/HorseGram_185.jpg,,Horse_Gram
train,Horse_Gram/HorseGram_186.jpg,,Horse_Gram
train,Horse_Gram/HorseGram_187.jpg,,Horse_Gram
train,Horse_Gram/HorseGram_188.jpg,,Horse_Gram
train,Horse_Gram/HorseGram_189.jpg,,Horse_Gram
train,Horse_Gram/HorseGram_190.jpg,,Horse_Gram
train,Horse_Gram/HorseGram_192.jpg,,Horse_Gram
train,Horse_Gram/HorseGram_195.jpg,,Horse_Gram
train,Horse_Gram/HorseGram_196.jpg,,Horse_Gram
train,Horse_Gram/HorseGram_197.jpg,,Horse_Gram
train,Horse_Gram/HorseGram_199.jpg,,Horse_Gram
train,Horse_Gram/HorseGram_201.jpg,,Horse_Gram
train,Horse_Gram/HorseGram_202.jpg,,Horse_Gram
train,Horse_Gram/HorseGram_203.jpg,,Horse_Gram
train,Horse_Gram/HorseGram_204.jpg,,Horse_Gram
train,Horse_Gram/HorseGram_206.jpg,,Horse_Gram
train,Horse_Gram/HorseGram_207.jpg,,Horse_Gram
train,Horse_Gram/HorseGram_208.jpg,,Horse_Gram
train,Horse_Gram/HorseGram_209.jpg,,Horse_Gram
train,Horse_Gram/HorseGram_210.jpg,,Horse_Gram
train,Horse_Gram/HorseGram_211.jpg,,Horse_Gram
train,Horse_Gram/HorseGram_212.jpg,,Horse_Gram
train,Horse_Gram/HorseGram_213.jpg,,Horse_Gram
train,Horse_Gram/HorseGram_214.jpg,,Horse_Gram
train,Horse_Gram/HorseGram_216.jpg,,Horse_Gram
train,Horse_Gram/HorseGram_218.jpg,,Horse_Gram
train,Horse_Gram/HorseGram_219.jpg,,Horse_Gram
train,Horse_Gram/HorseGram_220.jpg,,Horse_Gram
train,Horse_Gram/HorseGram_221.jpg,,Horse_Gram
train,Horse_Gram/HorseGram_222.jpg,,Horse_Gram
train,Horse_Gram/HorseGram_223.jpg,,Horse_Gram
train,Horse_Gram/HorseGram_224.jpg,,Horse_Gram
train,Horse_Gram/HorseGram_225.jpg,,Horse_Gram
train,Horse_Gram/HorseGram_227.jpg,,Horse_Gram
train,Horse_Gram/HorseGram_229.jpg,,Horse_Gram
train,Horse_Gram/HorseGram_230.jpg,,Horse_Gram
train,Horse_Gram/HorseGram_231.jpg,,Horse_Gram
train,Horse_Gram/HorseGram_234.jpg,,Horse_Gram
train,Horse_Gram/HorseGram_235.jpg,,Horse_Gram
train,Horse_Gram/HorseGram_236.jpg,,Horse_Gram
train,Horse_Gram/HorseGram_237.jpg,,Horse_Gram
train,Horse_Gram/HorseGram_238.jpg,,Horse_Gram
train,Horse_Gram/HorseGram_240.jpg,,Horse_Gram
train,Horse_Gram/HorseGram_241.jpg,,Horse_Gram
train,Horse_Gram/HorseGram_242.jpg,,Horse_Gram
train,Horse_Gram/HorseGram_245.jpg,,Horse_Gram
train,Horse_Gram/HorseGram_246.jpg,,Horse_Gram
train,Horse_Gram/HorseGram_247.jpg,,Horse_Gram
train,Horse_Gram/HorseGram_248.jpg,,Horse_Gram
train,Horse_Gram/HorseGram_250.jpg,,Horse_Gram
train,Horse_Gram/HorseGram_251.jpg,,Horse_Gram
train,Horse_Gram/HorseGram_252.jpg,,Horse_Gram
train,Horse_Gram/HorseGram_253.jpg,,Horse_Gram
train,Horse_Gram/HorseGram_254.jpg,,Horse_Gram
train,Horse_Gram/HorseGram_255.jpg,,Horse_Gram
train,Horse_Gram/HorseGram_256.jpg,,Horse_Gram
train,Horse_Gram/HorseGram_257.jpg,,Horse_Gram
train,Horse_Gram/HorseGram_258.jpg,,Horse_Gram
train,Horse_Gram/HorseGram_259.jpg,,Horse_Gram
train,Horse_Gram/HorseGram_261.jpg,,Horse_Gram
train,Horse_Gram/HorseGram_262.jpg,,Horse_Gram
train,Horse_Gram/HorseGram_263.jpg,,Horse_Gram
train,Horse_Gram/HorseGram_264.jpg,,Horse_Gram
train,Horse_Gram/HorseGram_266.jpg,,Horse_Gram
train,Horse_Gram/HorseGram_268.jpg,,Horse_Gram
train,Horse_Gram/HorseGram_269.jpg,,Horse_Gram
train,Horse_Gram/HorseGram_270.jpg,,Horse_Gram
train,Horse_Gram/HorseGram_271.jpg,,Horse_Gram
train,Horse_Gram/HorseGram_272.jpg,,Horse_Gram
train,Horse_Gram/HorseGram_274.jpg,,Horse_Gram
train,Horse_Gram/HorseGram_275.jpg,,Horse_Gram
train,Horse_Gram/HorseGram_277.jpg,,Horse_Gram
train,Horse_Gram/HorseGram_278.jpg,,Horse_Gram
train,Horse_Gram/HorseGram_279.jpg,,Horse_Gram
train,Horse_Gram/HorseGram_280.jpg,,Horse_Gram
train,Horse_Gram/HorseGram_281.jpg,,Horse_Gram
train,Horse_Gram/HorseGram_282.jpg,,Horse_Gram
train,Horse_Gram/HorseGram_284.jpg,,Horse_Gram
train,Horse_Gram/HorseGram_285.jpg,,Horse_Gram
train,Horse_Gram/HorseGram_287.jpg,,Horse_Gram
train,Horse_Gram/HorseGram_288.jpg,,Horse_Gram
train,Horse_Gram/HorseGram_289.jpg,,Horse_Gram
train,Horse_Gram/HorseGram_290.jpg,,Horse_Gram
train,Horse_Gram/HorseGram_291.jpg,,Horse_Gram
train,Horse_Gram/HorseGram_292.jpg,,Horse_Gram
train,Horse_Gram/HorseGram_293.jpg,,Horse_Gram
train,Horse_Gram/HorseGram_294.jpg,,Horse_Gram
train,Horse_Gram/HorseGram_296.jpg,,Horse_Gram
train,Horse_Gram/HorseGram_297.jpg,,Horse_Gram
train,Horse_Gram/HorseGram_298.jpg,,Horse_Gram
train,Horse_Gram/HorseGram_299.jpg,,Horse_Gram
train,Horse_Gram/HorseGram_300.jpg,,Horse_Gram
train,Horse_Gram/HorseGram_301.jpg,,Horse_Gram
train,Horse_Gram/HorseGram_302.jpg,,Horse_Gram
train,Horse_Gram/HorseGram_303.jpg,,Horse_Gram
train,Horse_Gram/HorseGram_304.jpg,,Horse_Gram
train,Horse_Gram/HorseGram_305.jpg,,Horse_Gram
train,Horse_Gram/HorseGram_306.jpg,,Horse_Gram
train,Horse_Gram/HorseGram_307.jpg,,Horse_Gram
train,Horse_Gram/HorseGram_308.jpg,,Horse_Gram
train,Horse_Gram/HorseGram_309.jpg,,Horse_Gram
train,Horse_Gram/HorseGram_310.jpg,,Horse_Gram
train,Horse_Gram/HorseGram_311.jpg,,Horse_Gram
train,Horse_Gram/HorseGram_313.jpg,,Horse_Gram
train,Horse_Gram/HorseGram_315.jpg,,Horse_Gram
train,Horse_Gram/HorseGram_316.jpg,,Horse_Gram
train,Horse_Gram/HorseGram_317.jpg,,Horse_Gram
train,Horse_Gram/HorseGram_319.jpg,,Horse_Gram
train,Horse_Gram/HorseGram_320.jpg,,Horse_Gram
train,Horse_Gram/HorseGram_321.jpg,,Horse_Gram
train,Horse_Gram/HorseGram_322.jpg,,Horse_Gram
train,Horse_Gram/HorseGram_323.jpg,,Horse_Gram
train,Horse_Gram/HorseGram_324.jpg,,Horse_Gram
train,Horse_Gram/HorseGram_325.jpg,,Horse_Gram
train,Horse_Gram/HorseGram_326.jpg,,Horse_Gram
train,Horse_Gram/HorseGram_327.jpg,,Horse_Gram
train,Horse_Gram/HorseGram_328.jpg,,Horse_Gram
train,Horse_Gram/HorseGram_329.jpg,,Horse_Gram
train,Horse_Gram/HorseGram_330.jpg,,Horse_Gram
train,Horse_Gram/HorseGram_332.jpg,,Horse_Gram
train,Horse_Gram/HorseGram_333.jpg,,Horse_Gram
train,Horse_Gram/HorseGram_334.jpg,,Horse_Gram
train,Horse_Gram/HorseGram_336.jpg,,Horse_Gram
train,Horse_Gram/HorseGram_337.jpg,,Horse_Gram
train,Horse_Gram/HorseGram_338.jpg,,Horse_Gram
train,Horse_Gram/HorseGram_339.jpg,,Horse_Gram
train,Horse_Gram/HorseGram_340.jpg,,Horse_Gram
train,Horse_Gram/HorseGram_341.jpg,,Horse_Gram
train,Horse_Gram/HorseGram_342.jpg,,Horse_Gram
train,Horse_Gram/HorseGram_343.jpg,,Horse_Gram
train,Horse_Gram/HorseGram_344.jpg,,Horse_Gram
train,Horse_Gram/HorseGram_345.jpg,,Horse_Gram
train,Horse_Gram/HorseGram_346.jpg,,Horse_Gram
train,Horse_Gram/HorseGram_347.jpg,,Horse_Gram
train,Horse_Gram/HorseGram_348.jpg,,Horse_Gram
train,Horse_Gram/HorseGram_349.jpg,,Horse_Gram
train,Horse_Gram/HorseGram_351.jpg,,Horse_Gram
train,Horse_Gram/HorseGram_352.jpg,,Horse_Gram
train,Horse_Gram/HorseGram_353.jpg,,Horse_Gram
train,Horse_Gram/HorseGram_354.jpg,,Horse_Gram
train,Horse_Gram/HorseGram_355.jpg,,Horse_Gram
train,Horse_Gram/HorseGram_356.jpg,,Horse_Gram
train,Horse_Gram/HorseGram_357.jpg,,Horse_Gram
train,Horse_Gram/HorseGram_358.jpg,,Horse_Gram
train,Horse_Gram/HorseGram_360.jpg,,Horse_Gram
train,Horse_Gram/HorseGram_361.jpg,,Horse_Gram
train,Horse_Gram/HorseGram_362.jpg,,Horse_Gram
train,Horse_Gram/HorseGram_363.jpg,,Horse_Gram
train,Horse_Gram/HorseGram_365.jpg,,Horse_Gram
train,Horse_Gram/HorseGram_366.jpg,,Horse_Gram
train,Horse_Gram/HorseGram_369.jpg,,Horse_Gram
train,Horse_Gram/HorseGram_370.jpg,,Horse_Gram
train,Horse_Gram/HorseGram_371.jpg,,Horse_Gram
train,Horse_Gram/HorseGram_372.jpg,,Horse_Gram
train,Horse_Gram/HorseGram_373.jpg,,Horse_Gram
train,Horse_Gram/HorseGram_374.jpg,,Horse_Gram
train,Horse_Gram/HorseGram_376.jpg,,Horse_Gram
train,Horse_Gram/HorseGram_377.jpg,,Horse_Gram
train,Horse_Gram/HorseGram_378.jpg,,Horse_Gram
train,Horse_Gram/HorseGram_379.jpg,,Horse_Gram
train,Horse_Gram/HorseGram_380.jpg,,Horse_Gram
train,Horse_Gram/HorseGram_381.jpg,,Horse_Gram
train,Horse_Gram/HorseGram_382.jpg,,Horse_Gram
train,Horse_Gram/HorseGram_383.jpg,,Horse_Gram
train,Horse_Gram/HorseGram_384.jpg,,Horse_Gram
train,Horse_Gram/HorseGram_385.jpg,,Horse_Gram
train,Horse_Gram/HorseGram_387.jpg,,Horse_Gram
train,Horse_Gram/HorseGram_389.jpg,,Horse_Gram
train,Horse_Gram/HorseGram_390.jpg,,Horse_Gram
train,Horse_Gram/HorseGram_392.jpg,,Horse_Gram
train,Horse_Gram/HorseGram_394.jpg,,Horse_Gram
train,Horse_Gram/HorseGram_395.jpg,,Horse_Gram
train,Horse_Gram/HorseGram_397.jpg,,Horse_Gram
train,Horse_Gram/HorseGram_398.jpg,,Horse_Gram
train,Horse_Gram/HorseGram_399.jpg,,Horse_Gram
train,Horse_Gram/HorseGram_400.jpg,,Horse_Gram
train,Horse_Gram/HorseGram_402.jpg,,Horse_Gram
train,Horse_Gram/HorseGram_403.jpg,,Horse_Gram
train,Horse_Gram/HorseGram_405.jpg,,Horse_Gram
train,Horse_Gram/HorseGram_406.jpg,,Horse_Gram
train,Horse_Gram/HorseGram_407.jpg,,Horse_Gram
train,Horse_Gram/HorseGram_409.jpg,,Horse_Gram
train,Horse_Gram/HorseGram_410.jpg,,Horse_Gram
train,Horse_Gram/HorseGram_411.jpg,,Horse_Gram
train,Horse_Gram/HorseGram_412.jpg,,Horse_Gram
train,Horse_Gram/HorseGram_414.jpg,,Horse_Gram
train,Horse_Gram/HorseGram_415.jpg,,Horse_Gram
train,Horse_Gram/HorseGram_416.jpg,,Horse_Gram
train,Horse_Gram/HorseGram_418.jpg,,Horse_Gram
train,Horse_Gram/HorseGram_419.jpg,,Horse_Gram
train,Horse_Gram/HorseGram_420.jpg,,Horse_Gram
train,Horse_Gram/HorseGram_422.jpg,,Horse_Gram
train,Horse_Gram/HorseGram_423.jpg,,Horse_Gram
train,Horse_Gram/HorseGram_424.jpg,,Horse_Gram
train,Horse_Gram/HorseGram_425.jpg,,Horse_Gram
train,Horse_Gram/HorseGram_426.jpg,,Horse_Gram
train,Horse_Gram/HorseGram_427.jpg,,Horse_Gram
train,Horse_Gram/HorseGram_429.jpg,,Horse_Gram
train,Horse_Gram/HorseGram_431.jpg,,Horse_Gram
train,Horse_Gram/HorseGram_432.jpg,,Horse_Gram
train,Horse_Gram/HorseGram_434.jpg,,Horse_Gram
train,Horse_Gram/HorseGram_435.jpg,,Horse_Gram
train,Horse_Gram/HorseGram_437.jpg,,Horse_Gram
train,Horse_Gram/HorseGram_439.jpg,,Horse_Gram
train,Horse_Gram/HorseGram_440.jpg,,Horse_Gram
train,Horse_Gram/HorseGram_441.jpg,,Horse_Gram
train,Horse_Gram/HorseGram_442.jpg,,Horse_Gram
train,Horse_Gram/HorseGram_443.jpg,,Horse_Gram
train,Horse_Gram/HorseGram_444.jpg,,Horse_Gram
train,Horse_Gram/HorseGram_445.jpg,,Horse_Gram
train,Horse_Gram/HorseGram_446.jpg,,Horse_Gram
train,Horse_Gram/HorseGram_447.jpg,,Horse_Gram
train,Horse_Gram/HorseGram_452.jpg,,Horse_Gram
train,Horse_Gram/HorseGram_453.jpg,,Horse_Gram
train,Horse_Gram/HorseGram_454.jpg,,Horse_Gram
train,Horse_Gram/HorseGram_455.jpg,,Horse_Gram
train,Horse_Gram/HorseGram_456.jpg,,Horse_Gram
train,Horse_Gram/HorseGram_457.jpg,,Horse_Gram
train,Horse_Gram/HorseGram_458.jpg,,Horse_Gram
train,Horse_Gram/HorseGram_459.jpg,,Horse_Gram
train,Horse_Gram/HorseGram_460.jpg,,Horse_Gram
train,Horse_Gram/HorseGram_461.jpg,,Horse_Gram
train,Horse_Gram/HorseGram_462.jpg,,Horse_Gram
train,Horse_Gram/HorseGram_463.jpg,,Horse_Gram
train,Horse_Gram/HorseGram_464.jpg,,Horse_Gram
train,Horse_Gram/HorseGram_465.jpg,,Horse_Gram
train,Horse_Gram/HorseGram_467.jpg,,Horse_Gram
train,Horse_Gram/HorseGram_468.jpg,,Horse_Gram
train,Horse_Gram/HorseGram_470.jpg,,Horse_Gram
train,Horse_Gram/HorseGram_471.jpg,,Horse_Gram
train,Horse_Gram/HorseGram_472.jpg,,Horse_Gram
train,Horse_Gram/HorseGram_475.jpg,,Horse_Gram
train,Horse_Gram/HorseGram_476.jpg,,Horse_Gram
train,Horse_Gram/HorseGram_478.jpg,,Horse_Gram
train,Horse_Gram/HorseGram_479.jpg,,Horse_Gram
train,Horse_Gram/HorseGram_480.jpg,,Horse_Gram
train,Horse_Gram/HorseGram_481.jpg,,Horse_Gram
train,Horse_Gram/HorseGram_482.jpg,,Horse_Gram
train,Horse_Gram/HorseGram_483.jpg,,Horse_Gram
train,Horse_Gram/HorseGram_484.jpg,,Horse_Gram
train,Horse_Gram/HorseGram_485.jpg,,Horse_Gram
train,Horse_Gram/HorseGram_486.jpg,,Horse_Gram
train,Horse_Gram/HorseGram_487.jpg,,Horse_Gram
train,Horse_Gram/HorseGram_488.jpg,,Horse_Gram
train,Horse_Gram/HorseGram_489.jpg,,Horse_Gram
train,Horse_Gram/HorseGram_491.jpg,,Horse_Gram
train,Horse_Gram/HorseGram_492.jpg,,Horse_Gram
train,Horse_Gram/HorseGram_493.jpg,,Horse_Gram
train,Horse_Gram/HorseGram_494.jpg,,Horse_Gram
train,Horse_Gram/HorseGram_495.jpg,,Horse_Gram
train,Horse_Gram/HorseGram_496.jpg,,Horse_Gram
train,Horse_Gram/HorseGram_499.jpg,,Horse_Gram
train,Horse_Gram/HorseGram_500.jpg,,Horse_Gram
train,Husked_BlackGram/HuskedBlackGram_001.jpg,,Husked_BlackGram
train,Husked_BlackGram/HuskedBlackGram_002.jpg,,Husked_BlackGram
train,Husked_BlackGram/HuskedBlackGram_003.jpg,,Husked_BlackGram
train,Husked_BlackGram/HuskedBlackGram_004.jpg,,Husked_BlackGram
train,Husked_BlackGram/HuskedBlackGram_005.jpg,,Husked_BlackGram
train,Husked_BlackGram/HuskedBlackGram_006.jpg,,Husked_BlackGram
train,Husked_BlackGram/HuskedBlackGram_007.jpg,,Husked_BlackGram
train,Husked_BlackGram/HuskedBlackGram_008.jpg,,Husked_BlackGram
train,Husked_BlackGram/HuskedBlackGram_011.jpg,,Husked_BlackGram
train,Husked_BlackGram/HuskedBlackGram_012.jpg,,Husked_BlackGram
train,Husked_BlackGram/HuskedBlackGram_013.jpg,,Husked_BlackGram
train,Husked_BlackGram/HuskedBlackGram_015.jpg,,Husked_BlackGram
train,Husked_BlackGram/HuskedBlackGram_016.jpg,,Husked_BlackGram
train,Husked_BlackGram/HuskedBlackGram_018.jpg,,Husked_BlackGram
train,Husked_BlackGram/HuskedBlackGram_019.jpg,,Husked_BlackGram
train,Husked_BlackGram/HuskedBlackGram_022.jpg,,Husked_BlackGram
train,Husked_BlackGram/HuskedBlackGram_023.jpg,,Husked_BlackGram
train,Husked_BlackGram/HuskedBlackGram_025.jpg,,Husked_BlackGram
train,Husked_BlackGram/HuskedBlackGram_026.jpg,,Husked_BlackGram
train,Husked_BlackGram/HuskedBlackGram_028.jpg,,Husked_BlackGram
train,Husked_BlackGram/HuskedBlackGram_029.jpg,,Husked_BlackGram
train,Husked_BlackGram/HuskedBlackGram_030.jpg,,Husked_BlackGram
train,Husked_BlackGram/HuskedBlackGram_031.jpg,,Husked_BlackGram
train,Husked_BlackGram/HuskedBlackGram_032.jpg,,Husked_BlackGram
train,Husked_BlackGram/HuskedBlackGram_033.jpg,,Husked_BlackGram
train,Husked_BlackGram/HuskedBlackGram_034.jpg,,Husked_BlackGram
train,Husked_BlackGram/HuskedBlackGram_035.jpg,,Husked_BlackGram
train,Husked_BlackGram/HuskedBlackGram_036.jpg,,Husked_BlackGram
train,Husked_BlackGram/HuskedBlackGram_037.jpg,,Husked_BlackGram
train,Husked_BlackGram/HuskedBlackGram_039.jpg,,Husked_BlackGram
train,Husked_BlackGram/HuskedBlackGram_040.jpg,,Husked_BlackGram
train,Husked_BlackGram/HuskedBlackGram_041.jpg,,Husked_BlackGram
train,Husked_BlackGram/HuskedBlackGram_042.jpg,,Husked_BlackGram
train,Husked_BlackGram/HuskedBlackGram_043.jpg,,Husked_BlackGram
train,Husked_BlackGram/HuskedBlackGram_044.jpg,,Husked_BlackGram
train,Husked_BlackGram/HuskedBlackGram_045.jpg,,Husked_BlackGram
train,Husked_BlackGram/HuskedBlackGram_046.jpg,,Husked_BlackGram
train,Husked_BlackGram/HuskedBlackGram_047.jpg,,Husked_BlackGram
train,Husked_BlackGram/HuskedBlackGram_048.jpg,,Husked_BlackGram
train,Husked_BlackGram/HuskedBlackGram_049.jpg,,Husked_BlackGram
train,Husked_BlackGram/HuskedBlackGram_051.jpg,,Husked_BlackGram
train,Husked_BlackGram/HuskedBlackGram_052.jpg,,Husked_BlackGram
train,Husked_BlackGram/HuskedBlackGram_053.jpg,,Husked_BlackGram
train,Husked_BlackGram/HuskedBlackGram_054.jpg,,Husked_BlackGram
train,Husked_BlackGram/HuskedBlackGram_055.jpg,,Husked_BlackGram
train,Husked_BlackGram/HuskedBlackGram_056.jpg,,Husked_BlackGram
train,Husked_BlackGram/HuskedBlackGram_058.jpg,,Husked_BlackGram
train,Husked_BlackGram/HuskedBlackGram_059.jpg,,Husked_BlackGram
train,Husked_BlackGram/HuskedBlackGram_060.jpg,,Husked_BlackGram
train,Husked_BlackGram/HuskedBlackGram_062.jpg,,Husked_BlackGram
train,Husked_BlackGram/HuskedBlackGram_063.jpg,,Husked_BlackGram
train,Husked_BlackGram/HuskedBlackGram_064.jpg,,Husked_BlackGram
train,Husked_BlackGram/HuskedBlackGram_065.jpg,,Husked_BlackGram
train,Husked_BlackGram/HuskedBlackGram_067.jpg,,Husked_BlackGram
train,Husked_BlackGram/HuskedBlackGram_068.jpg,,Husked_BlackGram
train,Husked_BlackGram/HuskedBlackGram_069.jpg,,Husked_BlackGram
train,Husked_BlackGram/HuskedBlackGram_070.jpg,,Husked_BlackGram
train,Husked_BlackGram/HuskedBlackGram_073.jpg,,Husked_BlackGram
train,Husked_BlackGram/HuskedBlackGram_075.jpg,,Husked_BlackGram
train,Husked_BlackGram/HuskedBlackGram_078.jpg,,Husked_BlackGram
train,Husked_BlackGram/HuskedBlackGram_079.jpg,,Husked_BlackGram
train,Husked_BlackGram/HuskedBlackGram_080.jpg,,Husked_BlackGram
train,Husked_BlackGram/HuskedBlackGram_081.jpg,,Husked_BlackGram
train,Husked_BlackGram/HuskedBlackGram_082.jpg,,Husked_BlackGram
train,Husked_BlackGram/HuskedBlackGram_083.jpg,,Husked_BlackGram
train,Husked_BlackGram/HuskedBlackGram_085.jpg,,Husked_BlackGram
train,Husked_BlackGram/HuskedBlackGram_086.jpg,,Husked_BlackGram
train,Husked_BlackGram/HuskedBlackGram_087.jpg,,Husked_BlackGram
train,Husked_BlackGram/HuskedBlackGram_089.jpg,,Husked_BlackGram
train,Husked_BlackGram/HuskedBlackGram_090.jpg,,Husked_BlackGram
train,Husked_BlackGram/HuskedBlackGram_091.jpg,,Husked_BlackGram
train,Husked_BlackGram/HuskedBlackGram_092.jpg,,Husked_BlackGram
train,Husked_BlackGram/HuskedBlackGram_093.jpg,,Husked_BlackGram
train,Husked_BlackGram/HuskedBlackGram_094.jpg,,Husked_BlackGram
train,Husked_BlackGram/HuskedBlackGram_095.jpg,,Husked_BlackGram
train,Husked_BlackGram/HuskedBlackGram_096.jpg,,Husked_BlackGram
train,Husked_BlackGram/HuskedBlackGram_097.jpg,,Husked_BlackGram
train,Husked_BlackGram/HuskedBlackGram_099.jpg,,Husked_BlackGram
train,Husked_BlackGram/HuskedBlackGram_100.jpg,,Husked_BlackGram
train,Husked_BlackGram/HuskedBlackGram_101.jpg,,Husked_BlackGram
train,Husked_BlackGram/HuskedBlackGram_103.jpg,,Husked_BlackGram
train,Husked_BlackGram/HuskedBlackGram_104.jpg,,Husked_BlackGram
train,Husked_BlackGram/HuskedBlackGram_105.jpg,,Husked_BlackGram
train,Husked_BlackGram/HuskedBlackGram_106.jpg,,Husked_BlackGram
train,Husked_BlackGram/HuskedBlackGram_107.jpg,,Husked_BlackGram
train,Husked_BlackGram/HuskedBlackGram_108.jpg,,Husked_BlackGram
train,Husked_BlackGram/HuskedBlackGram_109.jpg,,Husked_BlackGram
train,Husked_BlackGram/HuskedBlackGram_110.jpg,,Husked_BlackGram
train,Husked_BlackGram/HuskedBlackGram_111.jpg,,Husked_BlackGram
train,Husked_BlackGram/HuskedBlackGram_112.jpg,,Husked_BlackGram
train,Husked_BlackGram/HuskedBlackGram_113.jpg,,Husked_BlackGram
train,Husked_BlackGram/HuskedBlackGram_114.jpg,,Husked_BlackGram
train,Husked_BlackGram/HuskedBlackGram_115.jpg,,Husked_BlackGram
train,Husked_BlackGram/HuskedBlackGram_116.jpg,,Husked_BlackGram
train,Husked_BlackGram/HuskedBlackGram_118.jpg,,Husked_BlackGram
train,Husked_BlackGram/HuskedBlackGram_119.jpg,,Husked_BlackGram
train,Husked_BlackGram/HuskedBlackGram_120.jpg,,Husked_BlackGram
train,Husked_BlackGram/HuskedBlackGram_121.jpg,,Husked_BlackGram
train,Husked_BlackGram/HuskedBlackGram_122.jpg,,Husked_BlackGram
train,Husked_BlackGram/HuskedBlackGram_123.jpg,,Husked_BlackGram
train,Husked_BlackGram/HuskedBlackGram_124.jpg,,Husked_BlackGram
train,Husked_BlackGram/HuskedBlackGram_126.jpg,,Husked_BlackGram
train,Husked_BlackGram/HuskedBlackGram_127.jpg,,Husked_BlackGram
train,Husked_BlackGram/HuskedBlackGram_128.jpg,,Husked_BlackGram
train,Husked_BlackGram/HuskedBlackGram_129.jpg,,Husked_BlackGram
train,Husked_BlackGram/HuskedBlackGram_130.jpg,,Husked_BlackGram
train,Husked_BlackGram/HuskedBlackGram_131.jpg,,Husked_BlackGram
train,Husked_BlackGram/HuskedBlackGram_132.jpg,,Husked_BlackGram
train,Husked_BlackGram/HuskedBlackGram_133.jpg,,Husked_BlackGram
train,Husked_BlackGram/HuskedBlackGram_134.jpg,,Husked_BlackGram
train,Husked_BlackGram/HuskedBlackGram_135.jpg,,Husked_BlackGram
train,Husked_BlackGram/HuskedBlackGram_137.jpg,,Husked_BlackGram
train,Husked_BlackGram/HuskedBlackGram_138.jpg,,Husked_BlackGram
train,Husked_BlackGram/HuskedBlackGram_139.jpg,,Husked_BlackGram
train,Husked_BlackGram/HuskedBlackGram_140.jpg,,Husked_BlackGram
train,Husked_BlackGram/HuskedBlackGram_141.jpg,,Husked_BlackGram
train,Husked_BlackGram/HuskedBlackGram_142.jpg,,Husked_BlackGram
train,Husked_BlackGram/HuskedBlackGram_143.jpg,,Husked_BlackGram
train,Husked_BlackGram/HuskedBlackGram_145.jpg,,Husked_BlackGram
train,Husked_BlackGram/HuskedBlackGram_146.jpg,,Husked_BlackGram
train,Husked_BlackGram/HuskedBlackGram_147.jpg,,Husked_BlackGram
train,Husked_BlackGram/HuskedBlackGram_148.jpg,,Husked_BlackGram
train,Husked_BlackGram/HuskedBlackGram_149.jpg,,Husked_BlackGram
train,Husked_BlackGram/HuskedBlackGram_150.jpg,,Husked_BlackGram
train,Husked_BlackGram/HuskedBlackGram_151.jpg,,Husked_BlackGram
train,Husked_BlackGram/HuskedBlackGram_152.jpg,,Husked_BlackGram
train,Husked_BlackGram/HuskedBlackGram_153.jpg,,Husked_BlackGram
train,Husked_BlackGram/HuskedBlackGram_155.jpg,,Husked_BlackGram
train,Husked_BlackGram/HuskedBlackGram_156.jpg,,Husked_BlackGram
train,Husked_BlackGram/HuskedBlackGram_157.jpg,,Husked_BlackGram
train,Husked_BlackGram/HuskedBlackGram_159.jpg,,Husked_BlackGram
train,Husked_BlackGram/HuskedBlackGram_160.jpg,,Husked_BlackGram
train,Husked_BlackGram/HuskedBlackGram_161.jpg,,Husked_BlackGram
train,Husked_BlackGram/HuskedBlackGram_162.jpg,,Husked_BlackGram
train,Husked_BlackGram/HuskedBlackGram_163.jpg,,Husked_BlackGram
train,Husked_BlackGram/HuskedBlackGram_165.jpg,,Husked_BlackGram
train,Husked_BlackGram/HuskedBlackGram_166.jpg,,Husked_BlackGram
train,Husked_BlackGram/HuskedBlackGram_167.jpg,,Husked_BlackGram
train,Husked_BlackGram/HuskedBlackGram_169.jpg,,Husked_BlackGram
train,Husked_BlackGram/HuskedBlackGram_172.jpg,,Husked_BlackGram
train,Husked_BlackGram/HuskedBlackGram_175.jpg,,Husked_BlackGram
train,Husked_BlackGram/HuskedBlackGram_176.jpg,,Husked_BlackGram
train,Husked_BlackGram/HuskedBlackGram_177.jpg,,Husked_BlackGram
train,Husked_BlackGram/HuskedBlackGram_178.jpg,,Husked_BlackGram
train,Husked_BlackGram/HuskedBlackGram_179.jpg,,Husked_BlackGram
train,Husked_BlackGram/HuskedBlackGram_180.jpg,,Husked_BlackGram
train,Husked_BlackGram/HuskedBlackGram_181.jpg,,Husked_BlackGram
train,Husked_BlackGram/HuskedBlackGram_182.jpg,,Husked_BlackGram
train,Husked_BlackGram/HuskedBlackGram_183.jpg,,Husked_BlackGram
train,Husked_BlackGram/HuskedBlackGram_184.jpg,,Husked_BlackGram
train,Husked_BlackGram/HuskedBlackGram_185.jpg,,Husked_BlackGram
train,Husked_BlackGram/HuskedBlackGram_186.jpg,,Husked_BlackGram
train,Husked_BlackGram/HuskedBlackGram_187.jpg,,Husked_BlackGram
train,Husked_BlackGram/HuskedBlackGram_190.jpg,,Husked_BlackGram
train,Husked_BlackGram/HuskedBlackGram_191.jpg,,Husked_BlackGram
train,Husked_BlackGram/HuskedBlackGram_193.jpg,,Husked_BlackGram
train,Husked_BlackGram/HuskedBlackGram_194.jpg,,Husked_BlackGram
train,Husked_BlackGram/HuskedBlackGram_196.jpg,,Husked_BlackGram
train,Husked_BlackGram/HuskedBlackGram_197.jpg,,Husked_BlackGram
train,Husked_BlackGram/HuskedBlackGram_199.jpg,,Husked_BlackGram
train,Husked_BlackGram/HuskedBlackGram_200.jpg,,Husked_BlackGram
train,Husked_BlackGram/HuskedBlackGram_201.jpg,,Husked_BlackGram
train,Husked_BlackGram/HuskedBlackGram_203.jpg,,Husked_BlackGram
train,Husked_BlackGram/HuskedBlackGram_204.jpg,,Husked_BlackGram
train,Husked_BlackGram/HuskedBlackGram_205.jpg,,Husked_BlackGram
train,Husked_BlackGram/HuskedBlackGram_207.jpg,,Husked_BlackGram
train,Husked_BlackGram/HuskedBlackGram_208.jpg,,Husked_BlackGram
train,Husked_BlackGram/HuskedBlackGram_209.jpg,,Husked_BlackGram
train,Husked_BlackGram/HuskedBlackGram_210.jpg,,Husked_BlackGram
train,Husked_BlackGram/HuskedBlackGram_211.jpg,,Husked_BlackGram
train,Husked_BlackGram/HuskedBlackGram_212.jpg,,Husked_BlackGram
train,Husked_BlackGram/HuskedBlackGram_213.jpg,,Husked_BlackGram
train,Husked_BlackGram/HuskedBlackGram_215.jpg,,Husked_BlackGram
train,Husked_BlackGram/HuskedBlackGram_216.jpg,,Husked_BlackGram
train,Husked_BlackGram/HuskedBlackGram_217.jpg,,Husked_BlackGram
train,Husked_BlackGram/HuskedBlackGram_218.jpg,,Husked_BlackGram
train,Husked_BlackGram/HuskedBlackGram_219.jpg,,Husked_BlackGram
train,Husked_BlackGram/HuskedBlackGram_220.jpg,,Husked_BlackGram
train,Husked_BlackGram/HuskedBlackGram_221.jpg,,Husked_BlackGram
train,Husked_BlackGram/HuskedBlackGram_222.jpg,,Husked_BlackGram
train,Husked_BlackGram/HuskedBlackGram_223.jpg,,Husked_BlackGram
train,Husked_BlackGram/HuskedBlackGram_224.jpg,,Husked_BlackGram
train,Husked_BlackGram/HuskedBlackGram_225.jpg,,Husked_BlackGram
train,Husked_BlackGram/HuskedBlackGram_226.jpg,,Husked_BlackGram
train,Husked_BlackGram/HuskedBlackGram_227.jpg,,Husked_BlackGram
train,Husked_BlackGram/HuskedBlackGram_228.jpg,,Husked_BlackGram
train,Husked_BlackGram/HuskedBlackGram_229.jpg,,Husked_BlackGram
train,Husked_BlackGram/HuskedBlackGram_230.jpg,,Husked_BlackGram
train,Husked_BlackGram/HuskedBlackGram_232.jpg,,Husked_BlackGram
train,Husked_BlackGram/HuskedBlackGram_233.jpg,,Husked_BlackGram
train,Husked_BlackGram/HuskedBlackGram_235.jpg,,Husked_BlackGram
train,Husked_BlackGram/HuskedBlackGram_236.jpg,,Husked_BlackGram
train,Husked_BlackGram/HuskedBlackGram_237.jpg,,Husked_BlackGram
train,Husked_BlackGram/HuskedBlackGram_239.jpg,,Husked_BlackGram
train,Husked_BlackGram/HuskedBlackGram_241.jpg,,Husked_BlackGram
train,Husked_BlackGram/HuskedBlackGram_243.jpg,,Husked_BlackGram
train,Husked_BlackGram/HuskedBlackGram_245.jpg,,Husked_BlackGram
train,Husked_BlackGram/HuskedBlackGram_246.jpg,,Husked_BlackGram
train,Husked_BlackGram/HuskedBlackGram_249.jpg,,Husked_BlackGram
train,Husked_BlackGram/HuskedBlackGram_252.jpg,,Husked_BlackGram
train,Husked_BlackGram/HuskedBlackGram_254.jpg,,Husked_BlackGram
train,Husked_BlackGram/HuskedBlackGram_256.jpg,,Husked_BlackGram
train,Husked_BlackGram/HuskedBlackGram_258.jpg,,Husked_BlackGram
train,Husked_BlackGram/HuskedBlackGram_261.jpg,,Husked_BlackGram
train,Husked_BlackGram/HuskedBlackGram_263.jpg,,Husked_BlackGram
train,Husked_BlackGram/HuskedBlackGram_265.jpg,,Husked_BlackGram
train,Husked_BlackGram/HuskedBlackGram_267.jpg,,Husked_BlackGram
train,Husked_BlackGram/HuskedBlackGram_269.jpg,,Husked_BlackGram
train,Husked_BlackGram/HuskedBlackGram_271.jpg,,Husked_BlackGram
train,Husked_BlackGram/HuskedBlackGram_280.jpg,,Husked_BlackGram
train,Husked_BlackGram/HuskedBlackGram_282.jpg,,Husked_BlackGram
train,Husked_BlackGram/HuskedBlackGram_294.jpg,,Husked_BlackGram
train,Husked_BlackGram/HuskedBlackGram_316.jpg,,Husked_BlackGram
train,Husked_BlackGram/HuskedBlackGram_327.jpg,,Husked_BlackGram
train,Husked_BlackGram/HuskedBlackGram_339.jpg,,Husked_BlackGram
train,Husked_BlackGram/HuskedBlackGram_350.jpg,,Husked_BlackGram
train,Husked_BlackGram/HuskedBlackGram_361.jpg,,Husked_BlackGram
train,Husked_BlackGram/HuskedBlackGram_383.jpg,,Husked_BlackGram
train,Husked_BlackGram/HuskedBlackGram_394.jpg,,Husked_BlackGram
train,Husked_BlackGram/HuskedBlackGram_405.jpg,,Husked_BlackGram
train,Husked_BlackGram/HuskedBlackGram_416.jpg,,Husked_BlackGram
train,Husked_BlackGram/HuskedBlackGram_427.jpg,,Husked_BlackGram
train,Husked_BlackGram/HuskedBlackGram_438.jpg,,Husked_BlackGram
train,Husked_BlackGram/HuskedBlackGram_439.jpg,,Husked_BlackGram
train,Husked_BlackGram/HuskedBlackGram_441.jpg,,Husked_BlackGram
train,Husked_BlackGram/HuskedBlackGram_443.jpg,,Husked_BlackGram
train,Husked_BlackGram/HuskedBlackGram_445.jpg,,Husked_BlackGram
train,Husked_BlackGram/HuskedBlackGram_447.jpg,,Husked_BlackGram
train,Husked_BlackGram/HuskedBlackGram_448.jpg,,Husked_BlackGram
train,Husked_BlackGram/HuskedBlackGram_450.jpg,,Husked_BlackGram
train,Husked_BlackGram/HuskedBlackGram_451.jpg,,Husked_BlackGram
train,Husked_BlackGram/HuskedBlackGram_452.jpg,,Husked_BlackGram
train,Husked_BlackGram/HuskedBlackGram_453.jpg,,Husked_BlackGram
train,Husked_BlackGram/HuskedBlackGram_454.jpg,,Husked_BlackGram
train,Husked_BlackGram/HuskedBlackGram_455.jpg,,Husked_BlackGram
train,Husked_BlackGram/HuskedBlackGram_457.jpg,,Husked_BlackGram
train,Husked_BlackGram/HuskedBlackGram_458.jpg,,Husked_BlackGram
train,Husked_BlackGram/HuskedBlackGram_459.jpg,,Husked_BlackGram
train,Husked_BlackGram/HuskedBlackGram_460.jpg,,Husked_BlackGram
train,Husked_BlackGram/HuskedBlackGram_461.jpg,,Husked_BlackGram
train,Husked_BlackGram/HuskedBlackGram_462.jpg,,Husked_BlackGram
train,Husked_BlackGram/HuskedBlackGram_463.jpg,,Husked_BlackGram
train,Husked_BlackGram/HuskedBlackGram_464.jpg,,Husked_BlackGram
train,Husked_BlackGram/HuskedBlackGram_465.jpg,,Husked_BlackGram
train,Husked_BlackGram/HuskedBlackGram_467.jpg,,Husked_BlackGram
train,Husked_BlackGram/HuskedBlackGram_468.jpg,,Husked_BlackGram
train,Husked_BlackGram/HuskedBlackGram_470.jpg,,Husked_BlackGram
train,Husked_BlackGram/HuskedBlackGram_472.jpg,,Husked_BlackGram
train,Husked_BlackGram/HuskedBlackGram_473.jpg,,Husked_BlackGram
train,Husked_BlackGram/HuskedBlackGram_476.jpg,,Husked_BlackGram
train,Husked_BlackGram/HuskedBlackGram_477.jpg,,Husked_BlackGram
train,Husked_BlackGram/HuskedBlackGram_478.jpg,,Husked_BlackGram
train,Husked_BlackGram/HuskedBlackGram_479.jpg,,Husked_BlackGram
train,Husked_BlackGram/HuskedBlackGram_480.jpg,,Husked_BlackGram
train,Husked_BlackGram/HuskedBlackGram_482.jpg,,Husked_BlackGram
train,Husked_BlackGram/HuskedBlackGram_485.jpg,,Husked_BlackGram
train,Husked_BlackGram/HuskedBlackGram_486.jpg,,Husked_BlackGram
train,Husked_BlackGram/HuskedBlackGram_488.jpg,,Husked_BlackGram
train,Husked_BlackGram/HuskedBlackGram_490.jpg,,Husked_BlackGram
train,Husked_BlackGram/HuskedBlackGram_492.jpg,,Husked_BlackGram
train,Husked_BlackGram/HuskedBlackGram_494.jpg,,Husked_BlackGram
train,Husked_BlackGram/HuskedBlackGram_496.jpg,,Husked_BlackGram
train,Husked_BlackGram/HuskedBlackGram_497.jpg,,Husked_BlackGram
train,Husked_BlackGram/HuskedBlackGram_498.jpg,,Husked_BlackGram
train,Husked_BlackGram/HuskedBlackGram_499.jpg,,Husked_BlackGram
train,Husked_BlackGram/HuskedBlackGram_500.jpg,,Husked_BlackGram
train,Husked_RedLentil/HuskedRedLentils_001.jpg,,Husked_RedLentil
train,Husked_RedLentil/HuskedRedLentils_003.jpg,,Husked_RedLentil
train,Husked_RedLentil/HuskedRedLentils_004.jpg,,Husked_RedLentil
train,Husked_RedLentil/HuskedRedLentils_005.jpg,,Husked_RedLentil
train,Husked_RedLentil/HuskedRedLentils_006.jpg,,Husked_RedLentil
train,Husked_RedLentil/HuskedRedLentils_007.jpg,,Husked_RedLentil
train,Husked_RedLentil/HuskedRedLentils_008.jpg,,Husked_RedLentil
train,Husked_RedLentil/HuskedRedLentils_010.jpg,,Husked_RedLentil
train,Husked_RedLentil/HuskedRedLentils_011.jpg,,Husked_RedLentil
train,Husked_RedLentil/HuskedRedLentils_013.jpg,,Husked_RedLentil
train,Husked_RedLentil/HuskedRedLentils_014.jpg,,Husked_RedLentil
train,Husked_RedLentil/HuskedRedLentils_015.jpg,,Husked_RedLentil
train,Husked_RedLentil/HuskedRedLentils_016.jpg,,Husked_RedLentil
train,Husked_RedLentil/HuskedRedLentils_019.jpg,,Husked_RedLentil
train,Husked_RedLentil/HuskedRedLentils_020.jpg,,Husked_RedLentil
train,Husked_RedLentil/HuskedRedLentils_021.jpg,,Husked_RedLentil
train,Husked_RedLentil/HuskedRedLentils_022.jpg,,Husked_RedLentil
train,Husked_RedLentil/HuskedRedLentils_026.jpg,,Husked_RedLentil
train,Husked_RedLentil/HuskedRedLentils_027.jpg,,Husked_RedLentil
train,Husked_RedLentil/HuskedRedLentils_028.jpg,,Husked_RedLentil
train,Husked_RedLentil/HuskedRedLentils_030.jpg,,Husked_RedLentil
train,Husked_RedLentil/HuskedRedLentils_032.jpg,,Husked_RedLentil
train,Husked_RedLentil/HuskedRedLentils_034.jpg,,Husked_RedLentil
train,Husked_RedLentil/HuskedRedLentils_037.jpg,,Husked_RedLentil
train,Husked_RedLentil/HuskedRedLentils_039.jpg,,Husked_RedLentil
train,Husked_RedLentil/HuskedRedLentils_040.jpg,,Husked_RedLentil
train,Husked_RedLentil/HuskedRedLentils_041.jpg,,Husked_RedLentil
train,Husked_RedLentil/HuskedRedLentils_043.jpg,,Husked_RedLentil
train,Husked_RedLentil/HuskedRedLentils_044.jpg,,Husked_RedLentil
train,Husked_RedLentil/HuskedRedLentils_045.jpg,,Husked_RedLentil
train,Husked_RedLentil/HuskedRedLentils_046.jpg,,Husked_RedLentil
train,Husked_RedLentil/HuskedRedLentils_047.jpg,,Husked_RedLentil
train,Husked_RedLentil/HuskedRedLentils_048.jpg,,Husked_RedLentil
train,Husked_RedLentil/HuskedRedLentils_049.jpg,,Husked_RedLentil
train,Husked_RedLentil/HuskedRedLentils_050.jpg,,Husked_RedLentil
train,Husked_RedLentil/HuskedRedLentils_051.jpg,,Husked_RedLentil
train,Husked_RedLentil/HuskedRedLentils_053.jpg,,Husked_RedLentil
train,Husked_RedLentil/HuskedRedLentils_054.jpg,,Husked_RedLentil
train,Husked_RedLentil/HuskedRedLentils_055.jpg,,Husked_RedLentil
train,Husked_RedLentil/HuskedRedLentils_056.jpg,,Husked_RedLentil
train,Husked_RedLentil/HuskedRedLentils_057.jpg,,Husked_RedLentil
train,Husked_RedLentil/HuskedRedLentils_059.jpg,,Husked_RedLentil
train,Husked_RedLentil/HuskedRedLentils_060.jpg,,Husked_RedLentil
train,Husked_RedLentil/HuskedRedLentils_062.jpg,,Husked_RedLentil
train,Husked_RedLentil/HuskedRedLentils_063.jpg,,Husked_RedLentil
train,Husked_RedLentil/HuskedRedLentils_064.jpg,,Husked_RedLentil
train,Husked_RedLentil/HuskedRedLentils_065.jpg,,Husked_RedLentil
train,Husked_RedLentil/HuskedRedLentils_067.jpg,,Husked_RedLentil
train,Husked_RedLentil/HuskedRedLentils_068.jpg,,Husked_RedLentil
train,Husked_RedLentil/HuskedRedLentils_071.jpg,,Husked_RedLentil
train,Husked_RedLentil/HuskedRedLentils_073.jpg,,Husked_RedLentil
train,Husked_RedLentil/HuskedRedLentils_074.jpg,,Husked_RedLentil
train,Husked_RedLentil/HuskedRedLentils_075.jpg,,Husked_RedLentil
train,Husked_RedLentil/HuskedRedLentils_076.jpg,,Husked_RedLentil
train,Husked_RedLentil/HuskedRedLentils_077.jpg,,Husked_RedLentil
train,Husked_RedLentil/HuskedRedLentils_078.jpg,,Husked_RedLentil
train,Husked_RedLentil/HuskedRedLentils_079.jpg,,Husked_RedLentil
train,Husked_RedLentil/HuskedRedLentils_081.jpg,,Husked_RedLentil
train,Husked_RedLentil/HuskedRedLentils_082.jpg,,Husked_RedLentil
train,Husked_RedLentil/HuskedRedLentils_083.jpg,,Husked_RedLentil
train,Husked_RedLentil/HuskedRedLentils_084.jpg,,Husked_RedLentil
train,Husked_RedLentil/HuskedRedLentils_085.jpg,,Husked_RedLentil
train,Husked_RedLentil/HuskedRedLentils_086.jpg,,Husked_RedLentil
train,Husked_RedLentil/HuskedRedLentils_087.jpg,,Husked_RedLentil
train,Husked_RedLentil/HuskedRedLentils_088.jpg,,Husked_RedLentil
train,Husked_RedLentil/HuskedRedLentils_089.jpg,,Husked_RedLentil
train,Husked_RedLentil/HuskedRedLentils_090.jpg,,Husked_RedLentil
train,Husked_RedLentil/HuskedRedLentils_091.jpg,,Husked_RedLentil
train,Husked_RedLentil/HuskedRedLentils_094.jpg,,Husked_RedLentil
train,Husked_RedLentil/HuskedRedLentils_095.jpg,,Husked_RedLentil
train,Husked_RedLentil/HuskedRedLentils_096.jpg,,Husked_RedLentil
train,Husked_RedLentil/HuskedRedLentils_098.jpg,,Husked_RedLentil
train,Husked_RedLentil/HuskedRedLentils_099.jpg,,Husked_RedLentil
train,Husked_RedLentil/HuskedRedLentils_100.jpg,,Husked_RedLentil
train,Husked_RedLentil/HuskedRedLentils_101.jpg,,Husked_RedLentil
train,Husked_RedLentil/HuskedRedLentils_102.jpg,,Husked_RedLentil
train,Husked_RedLentil/HuskedRedLentils_103.jpg,,Husked_RedLentil
train,Husked_RedLentil/HuskedRedLentils_104.jpg,,Husked_RedLentil
train,Husked_RedLentil/HuskedRedLentils_105.jpg,,Husked_RedLentil
train,Husked_RedLentil/HuskedRedLentils_107.jpg,,Husked_RedLentil
train,Husked_RedLentil/HuskedRedLentils_108.jpg,,Husked_RedLentil
train,Husked_RedLentil/HuskedRedLentils_109.jpg,,Husked_RedLentil
train,Husked_RedLentil/HuskedRedLentils_110.jpg,,Husked_RedLentil
train,Husked_RedLentil/HuskedRedLentils_111.jpg,,Husked_RedLentil
train,Husked_RedLentil/HuskedRedLentils_113.jpg,,Husked_RedLentil
train,Husked_RedLentil/HuskedRedLentils_114.jpg,,Husked_RedLentil
train,Husked_RedLentil/HuskedRedLentils_116.jpg,,Husked_RedLentil
train,Husked_RedLentil/HuskedRedLentils_117.jpg,,Husked_RedLentil
train,Husked_RedLentil/HuskedRedLentils_119.jpg,,Husked_RedLentil
train,Husked_RedLentil/HuskedRedLentils_121.jpg,,Husked_RedLentil
train,Husked_RedLentil/HuskedRedLentils_122.jpg,,Husked_RedLentil
train,Husked_RedLentil/HuskedRedLentils_123.jpg,,Husked_RedLentil
train,Husked_RedLentil/HuskedRedLentils_125.jpg,,Husked_RedLentil
train,Husked_RedLentil/HuskedRedLentils_128.jpg,,Husked_RedLentil
train,Husked_RedLentil/HuskedRedLentils_129.jpg,,Husked_RedLentil
train,Husked_RedLentil/HuskedRedLentils_130.jpg,,Husked_RedLentil
train,Husked_RedLentil/HuskedRedLentils_131.jpg,,Husked_RedLentil
train,Husked_RedLentil/HuskedRedLentils_132.jpg,,Husked_RedLentil
train,Husked_RedLentil/HuskedRedLentils_133.jpg,,Husked_RedLentil
train,Husked_RedLentil/HuskedRedLentils_134.jpg,,Husked_RedLentil
train,Husked_RedLentil/HuskedRedLentils_135.jpg,,Husked_RedLentil
train,Husked_RedLentil/HuskedRedLentils_136.jpg,,Husked_RedLentil
train,Husked_RedLentil/HuskedRedLentils_137.jpg,,Husked_RedLentil
train,Husked_RedLentil/HuskedRedLentils_138.jpg,,Husked_RedLentil
train,Husked_RedLentil/HuskedRedLentils_139.jpg,,Husked_RedLentil
train,Husked_RedLentil/HuskedRedLentils_140.jpg,,Husked_RedLentil
train,Husked_RedLentil/HuskedRedLentils_141.jpg,,Husked_RedLentil
train,Husked_RedLentil/HuskedRedLentils_143.jpg,,Husked_RedLentil
train,Husked_RedLentil/HuskedRedLentils_144.jpg,,Husked_RedLentil
train,Husked_RedLentil/HuskedRedLentils_145.jpg,,Husked_RedLentil
train,Husked_RedLentil/HuskedRedLentils_146.jpg,,Husked_RedLentil
train,Husked_RedLentil/HuskedRedLentils_148.jpg,,Husked_RedLentil
train,Husked_RedLentil/HuskedRedLentils_149.jpg,,Husked_RedLentil
train,Husked_RedLentil/HuskedRedLentils_150.jpg,,Husked_RedLentil
train,Husked_RedLentil/HuskedRedLentils_151.jpg,,Husked_RedLentil
train,Husked_RedLentil/HuskedRedLentils_152.jpg,,Husked_RedLentil
train,Husked_RedLentil/HuskedRedLentils_154.jpg,,Husked_RedLentil
train,Husked_RedLentil/HuskedRedLentils_155.jpg,,Husked_RedLentil
train,Husked_RedLentil/HuskedRedLentils_156.jpg,,Husked_RedLentil
train,Husked_RedLentil/HuskedRedLentils_157.jpg,,Husked_RedLentil
train,Husked_RedLentil/HuskedRedLentils_158.jpg,,Husked_RedLentil
train,Husked_RedLentil/HuskedRedLentils_159.jpg,,Husked_RedLentil
train,Husked_RedLentil/HuskedRedLentils_160.jpg,,Husked_RedLentil
train,Husked_RedLentil/HuskedRedLentils_161.jpg,,Husked_RedLentil
train,Husked_RedLentil/HuskedRedLentils_162.jpg,,Husked_RedLentil
train,Husked_RedLentil/HuskedRedLentils_163.jpg,,Husked_RedLentil
train,Husked_RedLentil/HuskedRedLentils_164.jpg,,Husked_RedLentil
train,Husked_RedLentil/HuskedRedLentils_165.jpg,,Husked_RedLentil
train,Husked_RedLentil/HuskedRedLentils_166.jpg,,Husked_RedLentil
train,Husked_RedLentil/HuskedRedLentils_167.jpg,,Husked_RedLentil
train,Husked_RedLentil/HuskedRedLentils_168.jpg,,Husked_RedLentil
train,Husked_RedLentil/HuskedRedLentils_169.jpg,,Husked_RedLentil
train,Husked_RedLentil/HuskedRedLentils_170.jpg,,Husked_RedLentil
train,Husked_RedLentil/HuskedRedLentils_171.jpg,,Husked_RedLentil
train,Husked_RedLentil/HuskedRedLentils_172.jpg,,Husked_RedLentil
train,Husked_RedLentil/HuskedRedLentils_173.jpg,,Husked_RedLentil
train,Husked_RedLentil/HuskedRedLentils_174.jpg,,Husked_RedLentil
train,Husked_RedLentil/HuskedRedLentils_175.jpg,,Husked_RedLentil
train,Husked_RedLentil/HuskedRedLentils_176.jpg,,Husked_RedLentil
train,Husked_RedLentil/HuskedRedLentils_180.jpg,,Husked_RedLentil
train,Husked_RedLentil/HuskedRedLentils_181.jpg,,Husked_RedLentil
train,Husked_RedLentil/HuskedRedLentils_182.jpg,,Husked_RedLentil
train,Husked_RedLentil/HuskedRedLentils_183.jpg,,Husked_RedLentil
train,Husked_RedLentil/HuskedRedLentils_184.jpg,,Husked_RedLentil
train,Husked_RedLentil/HuskedRedLentils_185.jpg,,Husked_RedLentil
train,Husked_RedLentil/HuskedRedLentils_186.jpg,,Husked_RedLentil
train,Husked_RedLentil/HuskedRedLentils_187.jpg,,Husked_RedLentil
train,Husked_RedLentil/HuskedRedLentils_188.jpg,,Husked_RedLentil
train,Husked_RedLentil/HuskedRedLentils_189.jpg,,Husked_RedLentil
train,Husked_RedLentil/HuskedRedLentils_190.jpg,,Husked_RedLentil
train,Husked_RedLentil/HuskedRedLentils_191.jpg,,Husked_RedLentil
train,Husked_RedLentil/HuskedRedLentils_197.jpg,,Husked_RedLentil
train,Husked_RedLentil/HuskedRedLentils_198.jpg,,Husked_RedLentil
train,Husked_RedLentil/HuskedRedLentils_199.jpg,,Husked_RedLentil
train,Husked_RedLentil/HuskedRedLentils_200.jpg,,Husked_RedLentil
train,Husked_RedLentil/HuskedRedLentils_201.jpg,,Husked_RedLentil
train,Husked_RedLentil/HuskedRedLentils_203.jpg,,Husked_RedLentil
train,Husked_RedLentil/HuskedRedLentils_204.jpg,,Husked_RedLentil
train,Husked_RedLentil/HuskedRedLentils_205.jpg,,Husked_RedLentil
train,Husked_RedLentil/HuskedRedLentils_207.jpg,,Husked_RedLentil
train,Husked_RedLentil/HuskedRedLentils_208.jpg,,Husked_RedLentil
train,Husked_RedLentil/HuskedRedLentils_209.jpg,,Husked_RedLentil
train,Husked_RedLentil/HuskedRedLentils_211.jpg,,Husked_RedLentil
train,Husked_RedLentil/HuskedRedLentils_212.jpg,,Husked_RedLentil
train,Husked_RedLentil/HuskedRedLentils_213.jpg,,Husked_RedLentil
train,Husked_RedLentil/HuskedRedLentils_214.jpg,,Husked_RedLentil
train,Husked_RedLentil/HuskedRedLentils_219.jpg,,Husked_RedLentil
train,Husked_RedLentil/HuskedRedLentils_220.jpg,,Husked_RedLentil
train,Husked_RedLentil/HuskedRedLentils_221.jpg,,Husked_RedLentil
train,Husked_RedLentil/HuskedRedLentils_222.jpg,,Husked_RedLentil
train,Husked_RedLentil/HuskedRedLentils_223.jpg,,Husked_RedLentil
train,Husked_RedLentil/HuskedRedLentils_224.jpg,,Husked_RedLentil
train,Husked_RedLentil/HuskedRedLentils_226.jpg,,Husked_RedLentil
train,Husked_RedLentil/HuskedRedLentils_227.jpg,,Husked_RedLentil
train,Husked_RedLentil/HuskedRedLentils_228.jpg,,Husked_RedLentil
train,Husked_RedLentil/HuskedRedLentils_231.jpg,,Husked_RedLentil
train,Husked_RedLentil/HuskedRedLentils_232.jpg,,Husked_RedLentil
train,Husked_RedLentil/HuskedRedLentils_233.jpg,,Husked_RedLentil
train,Husked_RedLentil/HuskedRedLentils_234.jpg,,Husked_RedLentil
train,Husked_RedLentil/HuskedRedLentils_235.jpg,,Husked_RedLentil
train,Husked_RedLentil/HuskedRedLentils_237.jpg,,Husked_RedLentil
train,Husked_RedLentil/HuskedRedLentils_239.jpg,,Husked_RedLentil
train,Husked_RedLentil/HuskedRedLentils_240.jpg,,Husked_RedLentil
train,Husked_RedLentil/HuskedRedLentils_241.jpg,,Husked_RedLentil
train,Husked_RedLentil/HuskedRedLentils_243.jpg,,Husked_RedLentil
train,Husked_RedLentil/HuskedRedLentils_244.jpg,,Husked_RedLentil
train,Husked_RedLentil/HuskedRedLentils_245.jpg,,Husked_RedLentil
train,Husked_RedLentil/HuskedRedLentils_246.jpg,,Husked_RedLentil
train,Husked_RedLentil/HuskedRedLentils_247.jpg,,Husked_RedLentil
train,Husked_RedLentil/HuskedRedLentils_248.jpg,,Husked_RedLentil
train,Husked_RedLentil/HuskedRedLentils_249.jpg,,Husked_RedLentil
train,Husked_RedLentil/HuskedRedLentils_250.jpg,,Husked_RedLentil
train,Husked_RedLentil/HuskedRedLentils_251.jpg,,Husked_RedLentil
train,Husked_RedLentil/HuskedRedLentils_252.jpg,,Husked_RedLentil
train,Husked_RedLentil/HuskedRedLentils_253.jpg,,Husked_RedLentil
train,Husked_RedLentil/HuskedRedLentils_254.jpg,,Husked_RedLentil
train,Husked_RedLentil/HuskedRedLentils_255.jpg,,Husked_RedLentil
train,Husked_RedLentil/HuskedRedLentils_256.jpg,,Husked_RedLentil
train,Husked_RedLentil/HuskedRedLentils_257.jpg,,Husked_RedLentil
train,Husked_RedLentil/HuskedRedLentils_259.jpg,,Husked_RedLentil
train,Husked_RedLentil/HuskedRedLentils_260.jpg,,Husked_RedLentil
train,Husked_RedLentil/HuskedRedLentils_261.jpg,,Husked_RedLentil
train,Husked_RedLentil/HuskedRedLentils_262.jpg,,Husked_RedLentil
train,Husked_RedLentil/HuskedRedLentils_263.jpg,,Husked_RedLentil
train,Husked_RedLentil/HuskedRedLentils_264.jpg,,Husked_RedLentil
train,Husked_RedLentil/HuskedRedLentils_265.jpg,,Husked_RedLentil
train,Husked_RedLentil/HuskedRedLentils_266.jpg,,Husked_RedLentil
train,Husked_RedLentil/HuskedRedLentils_267.jpg,,Husked_RedLentil
train,Husked_RedLentil/HuskedRedLentils_268.jpg,,Husked_RedLentil
train,Husked_RedLentil/HuskedRedLentils_269.jpg,,Husked_RedLentil
train,Husked_RedLentil/HuskedRedLentils_270.jpg,,Husked_RedLentil
train,Husked_RedLentil/HuskedRedLentils_272.jpg,,Husked_RedLentil
train,Husked_RedLentil/HuskedRedLentils_274.jpg,,Husked_RedLentil
train,Husked_RedLentil/HuskedRedLentils_275.jpg,,Husked_RedLentil
train,Husked_RedLentil/HuskedRedLentils_280.jpg,,Husked_RedLentil
train,Husked_RedLentil/HuskedRedLentils_281.jpg,,Husked_RedLentil
train,Husked_RedLentil/HuskedRedLentils_282.jpg,,Husked_RedLentil
train,Husked_RedLentil/HuskedRedLentils_283.jpg,,Husked_RedLentil
train,Husked_RedLentil/HuskedRedLentils_284.jpg,,Husked_RedLentil
train,Husked_RedLentil/HuskedRedLentils_285.jpg,,Husked_RedLentil
train,Husked_RedLentil/HuskedRedLentils_286.jpg,,Husked_RedLentil
train,Husked_RedLentil/HuskedRedLentils_287.jpg,,Husked_RedLentil
train,Husked_RedLentil/HuskedRedLentils_288.jpg,,Husked_RedLentil
train,Husked_RedLentil/HuskedRedLentils_289.jpg,,Husked_RedLentil
train,Husked_RedLentil/HuskedRedLentils_290.jpg,,Husked_RedLentil
train,Husked_RedLentil/HuskedRedLentils_291.jpg,,Husked_RedLentil
train,Husked_RedLentil/HuskedRedLentils_292.jpg,,Husked_RedLentil
train,Husked_RedLentil/HuskedRedLentils_293.jpg,,Husked_RedLentil
train,Husked_RedLentil/HuskedRedLentils_294.jpg,,Husked_RedLentil
train,Husked_RedLentil/HuskedRedLentils_295.jpg,,Husked_RedLentil
train,Husked_RedLentil/HuskedRedLentils_296.jpg,,Husked_RedLentil
train,Husked_RedLentil/HuskedRedLentils_298.jpg,,Husked_RedLentil
train,Husked_RedLentil/HuskedRedLentils_299.jpg,,Husked_RedLentil
train,Husked_RedLentil/HuskedRedLentils_300.jpg,,Husked_RedLentil
train,Husked_RedLentil/HuskedRedLentils_301.jpg,,Husked_RedLentil
train,Husked_RedLentil/HuskedRedLentils_302.jpg,,Husked_RedLentil
train,Husked_RedLentil/HuskedRedLentils_303.jpg,,Husked_RedLentil
train,Husked_RedLentil/HuskedRedLentils_304.jpg,,Husked_RedLentil
train,Husked_RedLentil/HuskedRedLentils_306.jpg,,Husked_RedLentil
train,Husked_RedLentil/HuskedRedLentils_308.jpg,,Husked_RedLentil
train,Husked_RedLentil/HuskedRedLentils_309.jpg,,Husked_RedLentil
train,Husked_RedLentil/HuskedRedLentils_310.jpg,,Husked_RedLentil
train,Husked_RedLentil/HuskedRedLentils_311.jpg,,Husked_RedLentil
train,Husked_RedLentil/HuskedRedLentils_312.jpg,,Husked_RedLentil
train,Husked_RedLentil/HuskedRedLentils_313.jpg,,Husked_RedLentil
train,Husked_RedLentil/HuskedRedLentils_314.jpg,,Husked_RedLentil
train,Husked_RedLentil/HuskedRedLentils_316.jpg,,Husked_RedLentil
train,Husked_RedLentil/HuskedRedLentils_317.jpg,,Husked_RedLentil
train,Husked_RedLentil/HuskedRedLentils_318.jpg,,Husked_RedLentil
train,Husked_RedLentil/HuskedRedLentils_319.jpg,,Husked_RedLentil
train,Husked_RedLentil/HuskedRedLentils_323.jpg,,Husked_RedLentil
train,Husked_RedLentil/HuskedRedLentils_324.jpg,,Husked_RedLentil
train,Husked_RedLentil/HuskedRedLentils_328.jpg,,Husked_RedLentil
train,Husked_RedLentil/HuskedRedLentils_332.jpg,,Husked_RedLentil
train,Husked_RedLentil/HuskedRedLentils_334.jpg,,Husked_RedLentil
train,Husked_RedLentil/HuskedRedLentils_335.jpg,,Husked_RedLentil
train,Husked_RedLentil/HuskedRedLentils_338.jpg,,Husked_RedLentil
train,Husked_RedLentil/HuskedRedLentils_342.jpg,,Husked_RedLentil
train,Husked_RedLentil/HuskedRedLentils_346.jpg,,Husked_RedLentil
train,Husked_RedLentil/HuskedRedLentils_351.jpg,,Husked_RedLentil
train,Husked_RedLentil/HuskedRedLentils_357.jpg,,Husked_RedLentil
train,Husked_RedLentil/HuskedRedLentils_360.jpg,,Husked_RedLentil
train,Husked_RedLentil/HuskedRedLentils_364.jpg,,Husked_RedLentil
train,Husked_RedLentil/HuskedRedLentils_369.jpg,,Husked_RedLentil
train,Husked_RedLentil/HuskedRedLentils_373.jpg,,Husked_RedLentil
train,Husked_RedLentil/HuskedRedLentils_377.jpg,,Husked_RedLentil
train,Husked_RedLentil/HuskedRedLentils_382.jpg,,Husked_RedLentil
train,Husked_RedLentil/HuskedRedLentils_386.jpg,,Husked_RedLentil
train,Husked_RedLentil/HuskedRedLentils_390.jpg,,Husked_RedLentil
train,Husked_RedLentil/HuskedRedLentils_391.jpg,,Husked_RedLentil
train,Husked_RedLentil/HuskedRedLentils_400.jpg,,Husked_RedLentil
train,Husked_RedLentil/HuskedRedLentils_412.jpg,,Husked_RedLentil
train,Husked_RedLentil/HuskedRedLentils_418.jpg,,Husked_RedLentil
train,Husked_RedLentil/HuskedRedLentils_423.jpg,,Husked_RedLentil
train,Husked_RedLentil/HuskedRedLentils_431.jpg,,Husked_RedLentil
train,Husked_RedLentil/HuskedRedLentils_445.jpg,,Husked_RedLentil
train,Husked_RedLentil/HuskedRedLentils_446.jpg,,Husked_RedLentil
train,Husked_RedLentil/HuskedRedLentils_447.jpg,,Husked_RedLentil
train,Husked_RedLentil/HuskedRedLentils_448.jpg,,Husked_RedLentil
train,Husked_RedLentil/HuskedRedLentils_449.jpg,,Husked_RedLentil
train,Husked_RedLentil/HuskedRedLentils_450.jpg,,Husked_RedLentil
train,Husked_RedLentil/HuskedRedLentils_451.jpg,,Husked_RedLentil
train,Husked_RedLentil/HuskedRedLentils_452.jpg,,Husked_RedLentil
train,Husked_RedLentil/HuskedRedLentils_454.jpg,,Husked_RedLentil
train,Husked_RedLentil/HuskedRedLentils_455.jpg,,Husked_RedLentil
train,Husked_RedLentil/HuskedRedLentils_456.jpg,,Husked_RedLentil
train,Husked_RedLentil/HuskedRedLentils_457.jpg,,Husked_RedLentil
train,Husked_RedLentil/HuskedRedLentils_458.jpg,,Husked_RedLentil
train,Husked_RedLentil/HuskedRedLentils_459.jpg,,Husked_RedLentil
train,Husked_RedLentil/HuskedRedLentils_460.jpg,,Husked_RedLentil
train,Husked_RedLentil/HuskedRedLentils_461.jpg,,Husked_RedLentil
train,Husked_RedLentil/HuskedRedLentils_462.jpg,,Husked_RedLentil
train,Husked_RedLentil/HuskedRedLentils_463.jpg,,Husked_RedLentil
train,Husked_RedLentil/HuskedRedLentils_464.jpg,,Husked_RedLentil
train,Husked_RedLentil/HuskedRedLentils_465.jpg,,Husked_RedLentil
train,Husked_RedLentil/HuskedRedLentils_466.jpg,,Husked_RedLentil
train,Husked_RedLentil/HuskedRedLentils_467.jpg,,Husked_RedLentil
train,Husked_RedLentil/HuskedRedLentils_469.jpg,,Husked_RedLentil
train,Husked_RedLentil/HuskedRedLentils_472.jpg,,Husked_RedLentil
train,Husked_RedLentil/HuskedRedLentils_473.jpg,,Husked_RedLentil
train,Husked_RedLentil/HuskedRedLentils_474.jpg,,Husked_RedLentil
train,Husked_RedLentil/HuskedRedLentils_475.jpg,,Husked_RedLentil
train,Husked_RedLentil/HuskedRedLentils_477.jpg,,Husked_RedLentil
train,Husked_RedLentil/HuskedRedLentils_478.jpg,,Husked_RedLentil
train,Husked_RedLentil/HuskedRedLentils_479.jpg,,Husked_RedLentil
train,Husked_RedLentil/HuskedRedLentils_480.jpg,,Husked_RedLentil
train,Husked_RedLentil/HuskedRedLentils_481.jpg,,Husked_RedLentil
train,Husked_RedLentil/HuskedRedLentils_482.jpg,,Husked_RedLentil
train,Husked_RedLentil/HuskedRedLentils_483.jpg,,Husked_RedLentil
train,Husked_RedLentil/HuskedRedLentils_484.jpg,,Husked_RedLentil
train,Husked_RedLentil/HuskedRedLentils_485.jpg,,Husked_RedLentil
train,Husked_RedLentil/HuskedRedLentils_486.jpg,,Husked_RedLentil
train,Husked_RedLentil/HuskedRedLentils_488.jpg,,Husked_RedLentil
train,Husked_RedLentil/HuskedRedLentils_489.jpg,,Husked_RedLentil
train,Husked_RedLentil/HuskedRedLentils_490.jpg,,Husked_RedLentil
train,Husked_RedLentil/HuskedRedLentils_491.jpg,,Husked_RedLentil
train,Husked_RedLentil/HuskedRedLentils_492.jpg,,Husked_RedLentil
train,Husked_RedLentil/HuskedRedLentils_493.jpg,,Husked_RedLentil
train,Husked_RedLentil/HuskedRedLentils_494.jpg,,Husked_RedLentil
train,Husked_RedLentil/HuskedRedLentils_495.jpg,,Husked_RedLentil
train,Husked_RedLentil/HuskedRedLentils_496.jpg,,Husked_RedLentil
train,Husked_RedLentil/HuskedRedLentils_497.jpg,,Husked_RedLentil
train,Husked_RedLentil/HuskedRedLentils_498.jpg,,Husked_RedLentil
train,Husked_RedLentil/HuskedRedLentils_500.jpg,,Husked_RedLentil
train,Kidney_Bean/KidneyBean001.jpg,,Kidney_Bean
train,Kidney_Bean/KidneyBean002.jpg,,Kidney_Bean
train,Kidney_Bean/KidneyBean003.jpg,,Kidney_Bean
train,Kidney_Bean/KidneyBean005.jpg,,Kidney_Bean
train,Kidney_Bean/KidneyBean006.jpg,,Kidney_Bean
train,Kidney_Bean/KidneyBean008.jpg,,Kidney_Bean
train,Kidney_Bean/KidneyBean009.jpg,,Kidney_Bean
train,Kidney_Bean/KidneyBean010.jpg,,Kidney_Bean
train,Kidney_Bean/KidneyBean011.jpg,,Kidney_Bean
train,Kidney_Bean/KidneyBean012.jpg,,Kidney_Bean
train,Kidney_Bean/KidneyBean013.jpg,,Kidney_Bean
train,Kidney_Bean/KidneyBean014.jpg,,Kidney_Bean
train,Kidney_Bean/KidneyBean015.jpg,,Kidney_Bean
train,Kidney_Bean/KidneyBean016.jpg,,Kidney_Bean
train,Kidney_Bean/KidneyBean017.jpg,,Kidney_Bean
train,Kidney_Bean/KidneyBean018.jpg,,Kidney_Bean
train,Kidney_Bean/KidneyBean019.jpg,,Kidney_Bean
train,Kidney_Bean/KidneyBean020.jpg,,Kidney_Bean
train,Kidney_Bean/KidneyBean021.jpg,,Kidney_Bean
train,Kidney_Bean/KidneyBean022.jpg,,Kidney_Bean
train,Kidney_Bean/KidneyBean023.jpg,,Kidney_Bean
train,Kidney_Bean/KidneyBean024.jpg,,Kidney_Bean
train,Kidney_Bean/KidneyBean025.jpg,,Kidney_Bean
train,Kidney_Bean/KidneyBean026.jpg,,Kidney_Bean
train,Kidney_Bean/KidneyBean027.jpg,,Kidney_Bean
train,Kidney_Bean/KidneyBean028.jpg,,Kidney_Bean
train,Kidney_Bean/KidneyBean029.jpg,,Kidney_Bean
train,Kidney_Bean/KidneyBean030.jpg,,Kidney_Bean
train,Kidney_Bean/KidneyBean031.jpg,,Kidney_Bean
train,Kidney_Bean/KidneyBean032.jpg,,Kidney_Bean
train,Kidney_Bean/KidneyBean034.jpg,,Kidney_Bean
train,Kidney_Bean/KidneyBean035.jpg,,Kidney_Bean
train,Kidney_Bean/KidneyBean036.jpg,,Kidney_Bean
train,Kidney_Bean/KidneyBean037.jpg,,Kidney_Bean
train,Kidney_Bean/KidneyBean038.jpg,,Kidney_Bean
train,Kidney_Bean/KidneyBean039.jpg,,Kidney_Bean
train,Kidney_Bean/KidneyBean041.jpg,,Kidney_Bean
train,Kidney_Bean/KidneyBean042.jpg,,Kidney_Bean
train,Kidney_Bean/KidneyBean043.jpg,,Kidney_Bean
train,Kidney_Bean/KidneyBean045.jpg,,Kidney_Bean
train,Kidney_Bean/KidneyBean047.jpg,,Kidney_Bean
train,Kidney_Bean/KidneyBean049.jpg,,Kidney_Bean
train,Kidney_Bean/KidneyBean050.jpg,,Kidney_Bean
train,Kidney_Bean/KidneyBean051.jpg,,Kidney_Bean
train,Kidney_Bean/KidneyBean052.jpg,,Kidney_Bean
train,Kidney_Bean/KidneyBean053.jpg,,Kidney_Bean
train,Kidney_Bean/KidneyBean054.jpg,,Kidney_Bean
train,Kidney_Bean/KidneyBean056.jpg,,Kidney_Bean
train,Kidney_Bean/KidneyBean057.jpg,,Kidney_Bean
train,Kidney_Bean/KidneyBean058.jpg,,Kidney_Bean
train,Kidney_Bean/KidneyBean060.jpg,,Kidney_Bean
train,Kidney_Bean/KidneyBean061.jpg,,Kidney_Bean
train,Kidney_Bean/KidneyBean062.jpg,,Kidney_Bean
train,Kidney_Bean/KidneyBean063.jpg,,Kidney_Bean
train,Kidney_Bean/KidneyBean064.jpg,,Kidney_Bean
train,Kidney_Bean/KidneyBean065.jpg,,Kidney_Bean
train,Kidney_Bean/KidneyBean066.jpg,,Kidney_Bean
train,Kidney_Bean/KidneyBean067.jpg,,Kidney_Bean
train,Kidney_Bean/KidneyBean068.jpg,,Kidney_Bean
train,Kidney_Bean/KidneyBean069.jpg,,Kidney_Bean
train,Kidney_Bean/KidneyBean071.jpg,,Kidney_Bean
train,Kidney_Bean/KidneyBean073.jpg,,Kidney_Bean
train,Kidney_Bean/KidneyBean074.jpg,,Kidney_Bean
train,Kidney_Bean/KidneyBean076.jpg,,Kidney_Bean
train,Kidney_Bean/KidneyBean077.jpg,,Kidney_Bean
train,Kidney_Bean/KidneyBean078.jpg,,Kidney_Bean
train,Kidney_Bean/KidneyBean079.jpg,,Kidney_Bean
train,Kidney_Bean/KidneyBean080.jpg,,Kidney_Bean
train,Kidney_Bean/KidneyBean081.jpg,,Kidney_Bean
train,Kidney_Bean/KidneyBean082.jpg,,Kidney_Bean
train,Kidney_Bean/KidneyBean083.jpg,,Kidney_Bean
train,Kidney_Bean/KidneyBean084.jpg,,Kidney_Bean
train,Kidney_Bean/KidneyBean085.jpg,,Kidney_Bean
train,Kidney_Bean/KidneyBean088.jpg,,Kidney_Bean
train,Kidney_Bean/KidneyBean089.jpg,,Kidney_Bean
train,Kidney_Bean/KidneyBean090.jpg,,Kidney_Bean
train,Kidney_Bean/KidneyBean092.jpg,,Kidney_Bean
train,Kidney_Bean/KidneyBean093.jpg,,Kidney_Bean
train,Kidney_Bean/KidneyBean094.jpg,,Kidney_Bean
train,Kidney_Bean/KidneyBean095.jpg,,Kidney_Bean
train,Kidney_Bean/KidneyBean096.jpg,,Kidney_Bean
train,Kidney_Bean/KidneyBean097.jpg,,Kidney_Bean
train,Kidney_Bean/KidneyBean098.jpg,,Kidney_Bean
train,Kidney_Bean/KidneyBean099.jpg,,Kidney_Bean
train,Kidney_Bean/KidneyBean100.jpg,,Kidney_Bean
train,Kidney_Bean/KidneyBean102.jpg,,Kidney_Bean
train,Kidney_Bean/KidneyBean104.jpg,,Kidney_Bean
train,Kidney_Bean/KidneyBean105.jpg,,Kidney_Bean
train,Kidney_Bean/KidneyBean106.jpg,,Kidney_Bean
train,Kidney_Bean/KidneyBean107.jpg,,Kidney_Bean
train,Kidney_Bean/KidneyBean108.jpg,,Kidney_Bean
train,Kidney_Bean/KidneyBean109.jpg,,Kidney_Bean
train,Kidney_Bean/KidneyBean110.jpg,,Kidney_Bean
train,Kidney_Bean/KidneyBean111.jpg,,Kidney_Bean
train,Kidney_Bean/KidneyBean112.jpg,,Kidney_Bean
train,Kidney_Bean/KidneyBean113.jpg,,Kidney_Bean
train,Kidney_Bean/KidneyBean114.jpg,,Kidney_Bean
train,Kidney_Bean/KidneyBean115.jpg,,Kidney_Bean
train,Kidney_Bean/KidneyBean116.jpg,,Kidney_Bean
train,Kidney_Bean/KidneyBean117.jpg,,Kidney_Bean
train,Kidney_Bean/KidneyBean118.jpg,,Kidney_Bean
train,Kidney_Bean/KidneyBean119.jpg,,Kidney_Bean
train,Kidney_Bean/KidneyBean120.jpg,,Kidney_Bean
train,Kidney_Bean/KidneyBean121.jpg,,Kidney_Bean
train,Kidney_Bean/KidneyBean122.jpg,,Kidney_Bean
train,Kidney_Bean/KidneyBean123.jpg,,Kidney_Bean
train,Kidney_Bean/KidneyBean124.jpg,,Kidney_Bean
train,Kidney_Bean/KidneyBean126.jpg,,Kidney_Bean
train,Kidney_Bean/KidneyBean128.jpg,,Kidney_Bean
train,Kidney_Bean/KidneyBean130.jpg,,Kidney_Bean
train,Kidney_Bean/KidneyBean131.jpg,,Kidney_Bean
train,Kidney_Bean/KidneyBean132.jpg,,Kidney_Bean
train,Kidney_Bean/KidneyBean133.jpg,,Kidney_Bean
train,Kidney_Bean/KidneyBean134.jpg,,Kidney_Bean
train,Kidney_Bean/KidneyBean135.jpg,,Kidney_Bean
train,Kidney_Bean/KidneyBean136.jpg,,Kidney_Bean
train,Kidney_Bean/KidneyBean137.jpg,,Kidney_Bean
train,Kidney_Bean/KidneyBean139.jpg,,Kidney_Bean
train,Kidney_Bean/KidneyBean140.jpg,,Kidney_Bean
train,Kidney_Bean/KidneyBean141.jpg,,Kidney_Bean
train,Kidney_Bean/KidneyBean143.jpg,,Kidney_Bean
train,Kidney_Bean/KidneyBean145.jpg,,Kidney_Bean
train,Kidney_Bean/KidneyBean146.jpg,,Kidney_Bean
train,Kidney_Bean/KidneyBean147.jpg,,Kidney_Bean
train,Kidney_Bean/KidneyBean148.jpg,,Kidney_Bean
train,Kidney_Bean/KidneyBean149.jpg,,Kidney_Bean
train,Kidney_Bean/KidneyBean151.jpg,,Kidney_Bean
train,Kidney_Bean/KidneyBean152.jpg,,Kidney_Bean
train,Kidney_Bean/KidneyBean153.jpg,,Kidney_Bean
train,Kidney_Bean/KidneyBean157.jpg,,Kidney_Bean
train,Kidney_Bean/KidneyBean158.jpg,,Kidney_Bean
train,Kidney_Bean/KidneyBean159.jpg,,Kidney_Bean
train,Kidney_Bean/KidneyBean160.jpg,,Kidney_Bean
train,Kidney_Bean/KidneyBean162.jpg,,Kidney_Bean
train,Kidney_Bean/KidneyBean163.jpg,,Kidney_Bean
train,Kidney_Bean/KidneyBean166.jpg,,Kidney_Bean
train,Kidney_Bean/KidneyBean168.jpg,,Kidney_Bean
train,Kidney_Bean/KidneyBean170.jpg,,Kidney_Bean
train,Kidney_Bean/KidneyBean173.jpg,,Kidney_Bean
train,Kidney_Bean/KidneyBean174.jpg,,Kidney_Bean
train,Kidney_Bean/KidneyBean175.jpg,,Kidney_Bean
train,Kidney_Bean/KidneyBean176.jpg,,Kidney_Bean
train,Kidney_Bean/KidneyBean177.jpg,,Kidney_Bean
train,Kidney_Bean/KidneyBean178.jpg,,Kidney_Bean
train,Kidney_Bean/KidneyBean179.jpg,,Kidney_Bean
train,Kidney_Bean/KidneyBean180.jpg,,Kidney_Bean
train,Kidney_Bean/KidneyBean181.jpg,,Kidney_Bean
train,Kidney_Bean/KidneyBean183.jpg,,Kidney_Bean
train,Kidney_Bean/KidneyBean184.jpg,,Kidney_Bean
train,Kidney_Bean/KidneyBean186.jpg,,Kidney_Bean
train,Kidney_Bean/KidneyBean188.jpg,,Kidney_Bean
train,Kidney_Bean/KidneyBean189.jpg,,Kidney_Bean
train,Kidney_Bean/KidneyBean190.jpg,,Kidney_Bean
train,Kidney_Bean/KidneyBean191.jpg,,Kidney_Bean
train,Kidney_Bean/KidneyBean192.jpg,,Kidney_Bean
train,Kidney_Bean/KidneyBean194.jpg,,Kidney_Bean
train,Kidney_Bean/KidneyBean196.jpg,,Kidney_Bean
train,Kidney_Bean/KidneyBean197.jpg,,Kidney_Bean
train,Kidney_Bean/KidneyBean200.jpg,,Kidney_Bean
train,Kidney_Bean/KidneyBean201.jpg,,Kidney_Bean
train,Kidney_Bean/KidneyBean205.jpg,,Kidney_Bean
train,Kidney_Bean/KidneyBean206.jpg,,Kidney_Bean
train,Kidney_Bean/KidneyBean207.jpg,,Kidney_Bean
train,Kidney_Bean/KidneyBean208.jpg,,Kidney_Bean
train,Kidney_Bean/KidneyBean209.jpg,,Kidney_Bean
train,Kidney_Bean/KidneyBean210.jpg,,Kidney_Bean
train,Kidney_Bean/KidneyBean211.jpg,,Kidney_Bean
train,Kidney_Bean/KidneyBean213.jpg,,Kidney_Bean
train,Kidney_Bean/KidneyBean214.jpg,,Kidney_Bean
train,Kidney_Bean/KidneyBean215.jpg,,Kidney_Bean
train,Kidney_Bean/KidneyBean217.jpg,,Kidney_Bean
train,Kidney_Bean/KidneyBean218.jpg,,Kidney_Bean
train,Kidney_Bean/KidneyBean219.jpg,,Kidney_Bean
train,Kidney_Bean/KidneyBean220.jpg,,Kidney_Bean
train,Kidney_Bean/KidneyBean222.jpg,,Kidney_Bean
train,Kidney_Bean/KidneyBean224.jpg,,Kidney_Bean
train,Kidney_Bean/KidneyBean225.jpg,,Kidney_Bean
train,Kidney_Bean/KidneyBean227.jpg,,Kidney_Bean
train,Kidney_Bean/KidneyBean228.jpg,,Kidney_Bean
train,Kidney_Bean/KidneyBean229.jpg,,Kidney_Bean
train,Kidney_Bean/KidneyBean230.jpg,,Kidney_Bean
train,Kidney_Bean/KidneyBean231.jpg,,Kidney_Bean
train,Kidney_Bean/KidneyBean232.jpg,,Kidney_Bean
train,Kidney_Bean/KidneyBean233.jpg,,Kidney_Bean
train,Kidney_Bean/KidneyBean234.jpg,,Kidney_Bean
train,Kidney_Bean/KidneyBean236.jpg,,Kidney_Bean
train,Kidney_Bean/KidneyBean237.jpg,,Kidney_Bean
train,Kidney_Bean/KidneyBean238.jpg,,Kidney_Bean
train,Kidney_Bean/KidneyBean239.jpg,,Kidney_Bean
train,Kidney_Bean/KidneyBean240.jpg,,Kidney_Bean
train,Kidney_Bean/KidneyBean241.jpg,,Kidney_Bean
train,Kidney_Bean/KidneyBean242.jpg,,Kidney_Bean
train,Kidney_Bean/KidneyBean243.jpg,,Kidney_Bean
train,Kidney_Bean/KidneyBean244.jpg,,Kidney_Bean
train,Kidney_Bean/KidneyBean245.jpg,,Kidney_Bean
train,Kidney_Bean/KidneyBean247.jpg,,Kidney_Bean
train,Kidney_Bean/KidneyBean249.jpg,,Kidney_Bean
train,Kidney_Bean/KidneyBean250.jpg,,Kidney_Bean
train,Kidney_Bean/KidneyBean251.jpg,,Kidney_Bean
train,Kidney_Bean/KidneyBean255.jpg,,Kidney_Bean
train,Kidney_Bean/KidneyBean256.jpg,,Kidney_Bean
train,Kidney_Bean/KidneyBean257.jpg,,Kidney_Bean
train,Kidney_Bean/KidneyBean258.jpg,,Kidney_Bean
train,Kidney_Bean/KidneyBean259.jpg,,Kidney_Bean
train,Kidney_Bean/KidneyBean260.jpg,,Kidney_Bean
train,Kidney_Bean/KidneyBean261.jpg,,Kidney_Bean
train,Kidney_Bean/KidneyBean262.jpg,,Kidney_Bean
train,Kidney_Bean/KidneyBean263.jpg,,Kidney_Bean
train,Kidney_Bean/KidneyBean264.jpg,,Kidney_Bean
train,Kidney_Bean/KidneyBean265.jpg,,Kidney_Bean
train,Kidney_Bean/KidneyBean266.jpg,,Kidney_Bean
train,Kidney_Bean/KidneyBean268.jpg,,Kidney_Bean
train,Kidney_Bean/KidneyBean269.jpg,,Kidney_Bean
train,Kidney_Bean/KidneyBean270.jpg,,Kidney_Bean
train,Kidney_Bean/KidneyBean271.jpg,,Kidney_Bean
train,Kidney_Bean/KidneyBean272.jpg,,Kidney_Bean
train,Kidney_Bean/KidneyBean273.jpg,,Kidney_Bean
train,Kidney_Bean/KidneyBean274.jpg,,Kidney_Bean
train,Kidney_Bean/KidneyBean275.jpg,,Kidney_Bean
train,Kidney_Bean/KidneyBean276.jpg,,Kidney_Bean
train,Kidney_Bean/KidneyBean277.jpg,,Kidney_Bean
train,Kidney_Bean/KidneyBean278.jpg,,Kidney_Bean
train,Kidney_Bean/KidneyBean279.jpg,,Kidney_Bean
train,Kidney_Bean/KidneyBean281.jpg,,Kidney_Bean
train,Kidney_Bean/KidneyBean282.jpg,,Kidney_Bean
train,Kidney_Bean/KidneyBean283.jpg,,Kidney_Bean
train,Kidney_Bean/KidneyBean285.jpg,,Kidney_Bean
train,Kidney_Bean/KidneyBean286.jpg,,Kidney_Bean
train,Kidney_Bean/KidneyBean288.jpg,,Kidney_Bean
train,Kidney_Bean/KidneyBean290.jpg,,Kidney_Bean
train,Kidney_Bean/KidneyBean291.jpg,,Kidney_Bean
train,Kidney_Bean/KidneyBean292.jpg,,Kidney_Bean
train,Kidney_Bean/KidneyBean294.jpg,,Kidney_Bean
train,Kidney_Bean/KidneyBean296.jpg,,Kidney_Bean
train,Kidney_Bean/KidneyBean297.jpg,,Kidney_Bean
train,Kidney_Bean/KidneyBean298.jpg,,Kidney_Bean
train,Kidney_Bean/KidneyBean299.jpg,,Kidney_Bean
train,Kidney_Bean/KidneyBean300.jpg,,Kidney_Bean
train,Kidney_Bean/KidneyBean301.jpg,,Kidney_Bean
train,Kidney_Bean/KidneyBean302.jpg,,Kidney_Bean
train,Kidney_Bean/KidneyBean303.jpg,,Kidney_Bean
train,Kidney_Bean/KidneyBean308.jpg,,Kidney_Bean
train,Kidney_Bean/KidneyBean310.jpg,,Kidney_Bean
train,Kidney_Bean/KidneyBean311.jpg,,Kidney_Bean
train,Kidney_Bean/KidneyBean312.jpg,,Kidney_Bean
train,Kidney_Bean/KidneyBean313.jpg,,Kidney_Bean
train,Kidney_Bean/KidneyBean314.jpg,,Kidney_Bean
train,Kidney_Bean/KidneyBean315.jpg,,Kidney_Bean
train,Kidney_Bean/KidneyBean317.jpg,,Kidney_Bean
train,Kidney_Bean/KidneyBean319.jpg,,Kidney_Bean
train,Kidney_Bean/KidneyBean320.jpg,,Kidney_Bean
train,Kidney_Bean/KidneyBean322.jpg,,Kidney_Bean
train,Kidney_Bean/KidneyBean323.jpg,,Kidney_Bean
train,Kidney_Bean/KidneyBean324.jpg,,Kidney_Bean
train,Kidney_Bean/KidneyBean326.jpg,,Kidney_Bean
train,Kidney_Bean/KidneyBean327.jpg,,Kidney_Bean
train,Kidney_Bean/KidneyBean328.jpg,,Kidney_Bean
train,Kidney_Bean/KidneyBean329.jpg,,Kidney_Bean
train,Kidney_Bean/KidneyBean330.jpg,,Kidney_Bean
train,Kidney_Bean/KidneyBean331.jpg,,Kidney_Bean
train,Kidney_Bean/KidneyBean332.jpg,,Kidney_Bean
train,Kidney_Bean/KidneyBean333.jpg,,Kidney_Bean
train,Kidney_Bean/KidneyBean335.jpg,,Kidney_Bean
train,Kidney_Bean/KidneyBean336.jpg,,Kidney_Bean
train,Kidney_Bean/KidneyBean337.jpg,,Kidney_Bean
train,Kidney_Bean/KidneyBean338.jpg,,Kidney_Bean
train,Kidney_Bean/KidneyBean339.jpg,,Kidney_Bean
train,Kidney_Bean/KidneyBean340.jpg,,Kidney_Bean
train,Kidney_Bean/KidneyBean341.jpg,,Kidney_Bean
train,Kidney_Bean/KidneyBean342.jpg,,Kidney_Bean
train,Kidney_Bean/KidneyBean343.jpg,,Kidney_Bean
train,Kidney_Bean/KidneyBean344.jpg,,Kidney_Bean
train,Kidney_Bean/KidneyBean345.jpg,,Kidney_Bean
train,Kidney_Bean/KidneyBean346.jpg,,Kidney_Bean
train,Kidney_Bean/KidneyBean347.jpg,,Kidney_Bean
train,Kidney_Bean/KidneyBean348.jpg,,Kidney_Bean
train,Kidney_Bean/KidneyBean349.jpg,,Kidney_Bean
train,Kidney_Bean/KidneyBean350.jpg,,Kidney_Bean
train,Kidney_Bean/KidneyBean352.jpg,,Kidney_Bean
train,Kidney_Bean/KidneyBean353.jpg,,Kidney_Bean
train,Kidney_Bean/KidneyBean354.jpg,,Kidney_Bean
train,Kidney_Bean/KidneyBean355.jpg,,Kidney_Bean
train,Kidney_Bean/KidneyBean357.jpg,,Kidney_Bean
train,Kidney_Bean/KidneyBean358.jpg,,Kidney_Bean
train,Kidney_Bean/KidneyBean359.jpg,,Kidney_Bean
train,Kidney_Bean/KidneyBean360.jpg,,Kidney_Bean
train,Kidney_Bean/KidneyBean361.jpg,,Kidney_Bean
train,Kidney_Bean/KidneyBean362.jpg,,Kidney_Bean
train,Kidney_Bean/KidneyBean363.jpg,,Kidney_Bean
train,Kidney_Bean/KidneyBean364.jpg,,Kidney_Bean
train,Kidney_Bean/KidneyBean365.jpg,,Kidney_Bean
train,Kidney_Bean/KidneyBean366.jpg,,Kidney_Bean
train,Kidney_Bean/KidneyBean367.jpg,,Kidney_Bean
train,Kidney_Bean/KidneyBean368.jpg,,Kidney_Bean
train,Kidney_Bean/KidneyBean369.jpg,,Kidney_Bean
train,Kidney_Bean/KidneyBean371.jpg,,Kidney_Bean
train,Kidney_Bean/KidneyBean373.jpg,,Kidney_Bean
train,Kidney_Bean/KidneyBean374.jpg,,Kidney_Bean
train,Kidney_Bean/KidneyBean375.jpg,,Kidney_Bean
train,Kidney_Bean/KidneyBean376.jpg,,Kidney_Bean
train,Kidney_Bean/KidneyBean378.jpg,,Kidney_Bean
train,Kidney_Bean/KidneyBean379.jpg,,Kidney_Bean
train,Kidney_Bean/KidneyBean380.jpg,,Kidney_Bean
train,Kidney_Bean/KidneyBean381.jpg,,Kidney_Bean
train,Kidney_Bean/KidneyBean382.jpg,,Kidney_Bean
train,Kidney_Bean/KidneyBean383.jpg,,Kidney_Bean
train,Kidney_Bean/KidneyBean384.jpg,,Kidney_Bean
train,Kidney_Bean/KidneyBean385.jpg,,Kidney_Bean
train,Kidney_Bean/KidneyBean386.jpg,,Kidney_Bean
train,Kidney_Bean/KidneyBean387.jpg,,Kidney_Bean
train,Kidney_Bean/KidneyBean388.jpg,,Kidney_Bean
train,Kidney_Bean/KidneyBean389.jpg,,Kidney_Bean
train,Kidney_Bean/KidneyBean390.jpg,,Kidney_Bean
train,Kidney_Bean/KidneyBean391.jpg,,Kidney_Bean
train,Kidney_Bean/KidneyBean392.jpg,,Kidney_Bean
train,Kidney_Bean/KidneyBean393.jpg,,Kidney_Bean
train,Kidney_Bean/KidneyBean394.jpg,,Kidney_Bean
train,Kidney_Bean/KidneyBean395.jpg,,Kidney_Bean
train,Kidney_Bean/KidneyBean396.jpg,,Kidney_Bean
train,Kidney_Bean/KidneyBean397.jpg,,Kidney_Bean
train,Kidney_Bean/KidneyBean398.jpg,,Kidney_Bean
train,Kidney_Bean/KidneyBean400.jpg,,Kidney_Bean
train,Kidney_Bean/KidneyBean404.jpg,,Kidney_Bean
train,Kidney_Bean/KidneyBean405.jpg,,Kidney_Bean
train,Kidney_Bean/KidneyBean406.jpg,,Kidney_Bean
train,Kidney_Bean/KidneyBean407.jpg,,Kidney_Bean
train,Kidney_Bean/KidneyBean408.jpg,,Kidney_Bean
train,Kidney_Bean/KidneyBean409.jpg,,Kidney_Bean
train,Kidney_Bean/KidneyBean410.jpg,,Kidney_Bean
train,Kidney_Bean/KidneyBean411.jpg,,Kidney_Bean
train,Kidney_Bean/KidneyBean413.jpg,,Kidney_Bean
train,Kidney_Bean/KidneyBean414.jpg,,Kidney_Bean
train,Kidney_Bean/KidneyBean415.jpg,,Kidney_Bean
train,Kidney_Bean/KidneyBean416.jpg,,Kidney_Bean
train,Kidney_Bean/KidneyBean417.jpg,,Kidney_Bean
train,Kidney_Bean/KidneyBean419.jpg,,Kidney_Bean
train,Kidney_Bean/KidneyBean420.jpg,,Kidney_Bean
train,Kidney_Bean/KidneyBean421.jpg,,Kidney_Bean
train,Kidney_Bean/KidneyBean424.jpg,,Kidney_Bean
train,Kidney_Bean/KidneyBean425.jpg,,Kidney_Bean
train,Kidney_Bean/KidneyBean426.jpg,,Kidney_Bean
train,Kidney_Bean/KidneyBean427.jpg,,Kidney_Bean
train,Kidney_Bean/KidneyBean428.jpg,,Kidney_Bean
train,Kidney_Bean/KidneyBean429.jpg,,Kidney_Bean
train,Kidney_Bean/KidneyBean432.jpg,,Kidney_Bean
train,Kidney_Bean/KidneyBean433.jpg,,Kidney_Bean
train,Kidney_Bean/KidneyBean434.jpg,,Kidney_Bean
train,Kidney_Bean/KidneyBean435.jpg,,Kidney_Bean
train,Kidney_Bean/KidneyBean436.jpg,,Kidney_Bean
train,Kidney_Bean/KidneyBean437.jpg,,Kidney_Bean
train,Kidney_Bean/KidneyBean438.jpg,,Kidney_Bean
train,Kidney_Bean/KidneyBean439.jpg,,Kidney_Bean
train,Kidney_Bean/KidneyBean440.jpg,,Kidney_Bean
train,Kidney_Bean/KidneyBean441.jpg,,Kidney_Bean
train,Kidney_Bean/KidneyBean442.jpg,,Kidney_Bean
train,Kidney_Bean/KidneyBean448.jpg,,Kidney_Bean
train,Kidney_Bean/KidneyBean449.jpg,,Kidney_Bean
train,Kidney_Bean/KidneyBean450.jpg,,Kidney_Bean
train,Kidney_Bean/KidneyBean451.jpg,,Kidney_Bean
train,Kidney_Bean/KidneyBean453.jpg,,Kidney_Bean
train,Kidney_Bean/KidneyBean454.jpg,,Kidney_Bean
train,Kidney_Bean/KidneyBean455.jpg,,Kidney_Bean
train,Kidney_Bean/KidneyBean456.jpg,,Kidney_Bean
train,Kidney_Bean/KidneyBean457.jpg,,Kidney_Bean
train,Kidney_Bean/KidneyBean458.jpg,,Kidney_Bean
train,Kidney_Bean/KidneyBean459.jpg,,Kidney_Bean
train,Kidney_Bean/KidneyBean461.jpg,,Kidney_Bean
train,Kidney_Bean/KidneyBean463.jpg,,Kidney_Bean
train,Kidney_Bean/KidneyBean464.jpg,,Kidney_Bean
train,Kidney_Bean/KidneyBean466.jpg,,Kidney_Bean
train,Kidney_Bean/KidneyBean468.jpg,,Kidney_Bean
train,Kidney_Bean/KidneyBean469.jpg,,Kidney_Bean
train,Kidney_Bean/KidneyBean470.jpg,,Kidney_Bean
train,Kidney_Bean/KidneyBean471.jpg,,Kidney_Bean
train,Kidney_Bean/KidneyBean473.jpg,,Kidney_Bean
train,Kidney_Bean/KidneyBean474.jpg,,Kidney_Bean
train,Kidney_Bean/KidneyBean476.jpg,,Kidney_Bean
train,Kidney_Bean/KidneyBean478.jpg,,Kidney_Bean
train,Kidney_Bean/KidneyBean479.jpg,,Kidney_Bean
train,Kidney_Bean/KidneyBean481.jpg,,Kidney_Bean
train,Kidney_Bean/KidneyBean482.jpg,,Kidney_Bean
train,Kidney_Bean/KidneyBean483.jpg,,Kidney_Bean
train,Kidney_Bean/KidneyBean484.jpg,,Kidney_Bean
train,Kidney_Bean/KidneyBean485.jpg,,Kidney_Bean
train,Kidney_Bean/KidneyBean486.jpg,,Kidney_Bean
train,Kidney_Bean/KidneyBean487.jpg,,Kidney_Bean
train,Kidney_Bean/KidneyBean488.jpg,,Kidney_Bean
train,Kidney_Bean/KidneyBean490.jpg,,Kidney_Bean
train,Kidney_Bean/KidneyBean491.jpg,,Kidney_Bean
train,Kidney_Bean/KidneyBean492.jpg,,Kidney_Bean
train,Kidney_Bean/KidneyBean494.jpg,,Kidney_Bean
train,Kidney_Bean/KidneyBean495.jpg,,Kidney_Bean
train,Kidney_Bean/KidneyBean496.jpg,,Kidney_Bean
train,Kidney_Bean/KidneyBean497.jpg,,Kidney_Bean
train,Kidney_Bean/KidneyBean498.jpg,,Kidney_Bean
train,Kidney_Bean/KidneyBean499.jpg,,Kidney_Bean
train,Kidney_Bean/KidneyBean500.jpg,,Kidney_Bean
train,Red_Beans/RedBean_001.jpg,,Red_Beans
train,Red_Beans/RedBean_003.jpg,,Red_Beans
train,Red_Beans/RedBean_004.jpg,,Red_Beans
train,Red_Beans/RedBean_005.jpg,,Red_Beans
train,Red_Beans/RedBean_007.jpg,,Red_Beans
train,Red_Beans/RedBean_011.jpg,,Red_Beans
train,Red_Beans/RedBean_012.jpg,,Red_Beans
train,Red_Beans/RedBean_013.jpg,,Red_Beans
train,Red_Beans/RedBean_014.jpg,,Red_Beans
train,Red_Beans/RedBean_016.jpg,,Red_Beans
train,Red_Beans/RedBean_017.jpg,,Red_Beans
train,Red_Beans/RedBean_018.jpg,,Red_Beans
train,Red_Beans/RedBean_019.jpg,,Red_Beans
train,Red_Beans/RedBean_020.jpg,,Red_Beans
train,Red_Beans/RedBean_021.jpg,,Red_Beans
train,Red_Beans/RedBean_023.jpg,,Red_Beans
train,Red_Beans/RedBean_024.jpg,,Red_Beans
train,Red_Beans/RedBean_025.jpg,,Red_Beans
train,Red_Beans/RedBean_026.jpg,,Red_Beans
train,Red_Beans/RedBean_027.jpg,,Red_Beans
train,Red_Beans/RedBean_028.jpg,,Red_Beans
train,Red_Beans/RedBean_030.jpg,,Red_Beans
train,Red_Beans/RedBean_031.jpg,,Red_Beans
train,Red_Beans/RedBean_033.jpg,,Red_Beans
train,Red_Beans/RedBean_034.jpg,,Red_Beans
train,Red_Beans/RedBean_035.jpg,,Red_Beans
train,Red_Beans/RedBean_040.jpg,,Red_Beans
train,Red_Beans/RedBean_041.jpg,,Red_Beans
train,Red_Beans/RedBean_042.jpg,,Red_Beans
train,Red_Beans/RedBean_043.jpg,,Red_Beans
train,Red_Beans/RedBean_044.jpg,,Red_Beans
train,Red_Beans/RedBean_047.jpg,,Red_Beans
train,Red_Beans/RedBean_048.jpg,,Red_Beans
train,Red_Beans/RedBean_049.jpg,,Red_Beans
train,Red_Beans/RedBean_050.jpg,,Red_Beans
train,Red_Beans/RedBean_051.jpg,,Red_Beans
train,Red_Beans/RedBean_052.jpg,,Red_Beans
train,Red_Beans/RedBean_054.jpg,,Red_Beans
train,Red_Beans/RedBean_055.jpg,,Red_Beans
train,Red_Beans/RedBean_056.jpg,,Red_Beans
train,Red_Beans/RedBean_057.jpg,,Red_Beans
train,Red_Beans/RedBean_058.jpg,,Red_Beans
train,Red_Beans/RedBean_060.jpg,,Red_Beans
train,Red_Beans/RedBean_061.jpg,,Red_Beans
train,Red_Beans/RedBean_062.jpg,,Red_Beans
train,Red_Beans/RedBean_063.jpg,,Red_Beans
train,Red_Beans/RedBean_064.jpg,,Red_Beans
train,Red_Beans/RedBean_066.jpg,,Red_Beans
train,Red_Beans/RedBean_067.jpg,,Red_Beans
train,Red_Beans/RedBean_068.jpg,,Red_Beans
train,Red_Beans/RedBean_070.jpg,,Red_Beans
train,Red_Beans/RedBean_071.jpg,,Red_Beans
train,Red_Beans/RedBean_072.jpg,,Red_Beans
train,Red_Beans/RedBean_074.jpg,,Red_Beans
train,Red_Beans/RedBean_075.jpg,,Red_Beans
train,Red_Beans/RedBean_076.jpg,,Red_Beans
train,Red_Beans/RedBean_077.jpg,,Red_Beans
train,Red_Beans/RedBean_078.jpg,,Red_Beans
train,Red_Beans/RedBean_080.jpg,,Red_Beans
train,Red_Beans/RedBean_081.jpg,,Red_Beans
train,Red_Beans/RedBean_082.jpg,,Red_Beans
train,Red_Beans/RedBean_083.jpg,,Red_Beans
train,Red_Beans/RedBean_084.jpg,,Red_Beans
train,Red_Beans/RedBean_085.jpg,,Red_Beans
train,Red_Beans/RedBean_087.jpg,,Red_Beans
train,Red_Beans/RedBean_088.jpg,,Red_Beans
train,Red_Beans/RedBean_089.jpg,,Red_Beans
train,Red_Beans/RedBean_091.jpg,,Red_Beans
train,Red_Beans/RedBean_092.jpg,,Red_Beans
train,Red_Beans/RedBean_093.jpg,,Red_Beans
train,Red_Beans/RedBean_094.jpg,,Red_Beans
train,Red_Beans/RedBean_095.jpg,,Red_Beans
train,Red_Beans/RedBean_096.jpg,,Red_Beans
train,Red_Beans/RedBean_097.jpg,,Red_Beans
train,Red_Beans/RedBean_099.jpg,,Red_Beans
train,Red_Beans/RedBean_100.jpg,,Red_Beans
train,Red_Beans/RedBean_101.jpg,,Red_Beans
train,Red_Beans/RedBean_102.jpg,,Red_Beans
train,Red_Beans/RedBean_103.jpg,,Red_Beans
train,Red_Beans/RedBean_104.jpg,,Red_Beans
train,Red_Beans/RedBean_105.jpg,,Red_Beans
train,Red_Beans/RedBean_106.jpg,,Red_Beans
train,Red_Beans/RedBean_108.jpg,,Red_Beans
train,Red_Beans/RedBean_109.jpg,,Red_Beans
train,Red_Beans/RedBean_110.jpg,,Red_Beans
train,Red_Beans/RedBean_114.jpg,,Red_Beans
train,Red_Beans/RedBean_115.jpg,,Red_Beans
train,Red_Beans/RedBean_116.jpg,,Red_Beans
train,Red_Beans/RedBean_117.jpg,,Red_Beans
train,Red_Beans/RedBean_118.jpg,,Red_Beans
train,Red_Beans/RedBean_119.jpg,,Red_Beans
train,Red_Beans/RedBean_120.jpg,,Red_Beans
train,Red_Beans/RedBean_121.jpg,,Red_Beans
train,Red_Beans/RedBean_122.jpg,,Red_Beans
train,Red_Beans/RedBean_123.jpg,,Red_Beans
train,Red_Beans/RedBean_126.jpg,,Red_Beans
train,Red_Beans/RedBean_127.jpg,,Red_Beans
train,Red_Beans/RedBean_130.jpg,,Red_Beans
train,Red_Beans/RedBean_131.jpg,,Red_Beans
train,Red_Beans/RedBean_132.jpg,,Red_Beans
train,Red_Beans/RedBean_133.jpg,,Red_Beans
train,Red_Beans/RedBean_134.jpg,,Red_Beans
train,Red_Beans/RedBean_135.jpg,,Red_Beans
train,Red_Beans/RedBean_137.jpg,,Red_Beans
train,Red_Beans/RedBean_138.jpg,,Red_Beans
train,Red_Beans/RedBean_139.jpg,,Red_Beans
train,Red_Beans/RedBean_140.jpg,,Red_Beans
train,Red_Beans/RedBean_141.jpg,,Red_Beans
train,Red_Beans/RedBean_142.jpg,,Red_Beans
train,Red_Beans/RedBean_144.jpg,,Red_Beans
train,Red_Beans/RedBean_145.jpg,,Red_Beans
train,Red_Beans/RedBean_146.jpg,,Red_Beans
train,Red_Beans/RedBean_148.jpg,,Red_Beans
train,Red_Beans/RedBean_149.jpg,,Red_Beans
train,Red_Beans/RedBean_150.jpg,,Red_Beans
train,Red_Beans/RedBean_151.jpg,,Red_Beans
train,Red_Beans/RedBean_152.jpg,,Red_Beans
train,Red_Beans/RedBean_154.jpg,,Red_Beans
train,Red_Beans/RedBean_155.jpg,,Red_Beans
train,Red_Beans/RedBean_157.jpg,,Red_Beans
train,Red_Beans/RedBean_158.jpg,,Red_Beans
train,Red_Beans/RedBean_159.jpg,,Red_Beans
train,Red_Beans/RedBean_160.jpg,,Red_Beans
train,Red_Beans/RedBean_161.jpg,,Red_Beans
train,Red_Beans/RedBean_162.jpg,,Red_Beans
train,Red_Beans/RedBean_165.jpg,,Red_Beans
train,Red_Beans/RedBean_166.jpg,,Red_Beans
train,Red_Beans/RedBean_167.jpg,,Red_Beans
train,Red_Beans/RedBean_168.jpg,,Red_Beans
train,Red_Beans/RedBean_169.jpg,,Red_Beans
train,Red_Beans/RedBean_170.jpg,,Red_Beans
train,Red_Beans/RedBean_171.jpg,,Red_Beans
train,Red_Beans/RedBean_172.jpg,,Red_Beans
train,Red_Beans/RedBean_173.jpg,,Red_Beans
train,Red_Beans/RedBean_174.jpg,,Red_Beans
train,Red_Beans/RedBean_175.jpg,,Red_Beans
train,Red_Beans/RedBean_176.jpg,,Red_Beans
train,Red_Beans/RedBean_177.jpg,,Red_Beans
train,Red_Beans/RedBean_178.jpg,,Red_Beans
train,Red_Beans/RedBean_179.jpg,,Red_Beans
train,Red_Beans/RedBean_180.jpg,,Red_Beans
train,Red_Beans/RedBean_182.jpg,,Red_Beans
train,Red_Beans/RedBean_183.jpg,,Red_Beans
train,Red_Beans/RedBean_184.jpg,,Red_Beans
train,Red_Beans/RedBean_185.jpg,,Red_Beans
train,Red_Beans/RedBean_187.jpg,,Red_Beans
train,Red_Beans/RedBean_188.jpg,,Red_Beans
train,Red_Beans/RedBean_190.jpg,,Red_Beans
train,Red_Beans/RedBean_191.jpg,,Red_Beans
train,Red_Beans/RedBean_192.jpg,,Red_Beans
train,Red_Beans/RedBean_193.jpg,,Red_Beans
train,Red_Beans/RedBean_194.jpg,,Red_Beans
train,Red_Beans/RedBean_195.jpg,,Red_Beans
train,Red_Beans/RedBean_196.jpg,,Red_Beans
train,Red_Beans/RedBean_197.jpg,,Red_Beans
train,Red_Beans/RedBean_201.jpg,,Red_Beans
train,Red_Beans/RedBean_203.jpg,,Red_Beans
train,Red_Beans/RedBean_204.jpg,,Red_Beans
train,Red_Beans/RedBean_206.jpg,,Red_Beans
train,Red_Beans/RedBean_207.jpg,,Red_Beans
train,Red_Beans/RedBean_208.jpg,,Red_Beans
train,Red_Beans/RedBean_209.jpg,,Red_Beans
train,Red_Beans/RedBean_210.jpg,,Red_Beans
train,Red_Beans/RedBean_211.jpg,,Red_Beans
train,Red_Beans/RedBean_213.jpg,,Red_Beans
train,Red_Beans/RedBean_214.jpg,,Red_Beans
train,Red_Beans/RedBean_215.jpg,,Red_Beans
train,Red_Beans/RedBean_216.jpg,,Red_Beans
train,Red_Beans/RedBean_218.jpg,,Red_Beans
train,Red_Beans/RedBean_219.jpg,,Red_Beans
train,Red_Beans/RedBean_220.jpg,,Red_Beans
train,Red_Beans/RedBean_222.jpg,,Red_Beans
train,Red_Beans/RedBean_223.jpg,,Red_Beans
train,Red_Beans/RedBean_224.jpg,,Red_Beans
train,Red_Beans/RedBean_225.jpg,,Red_Beans
train,Red_Beans/RedBean_226.jpg,,Red_Beans
train,Red_Beans/RedBean_229.jpg,,Red_Beans
train,Red_Beans/RedBean_230.jpg,,Red_Beans
train,Red_Beans/RedBean_231.jpg,,Red_Beans
train,Red_Beans/RedBean_232.jpg,,Red_Beans
train,Red_Beans/RedBean_233.jpg,,Red_Beans
train,Red_Beans/RedBean_234.jpg,,Red_Beans
train,Red_Beans/RedBean_235.jpg,,Red_Beans
train,Red_Beans/RedBean_236.jpg,,Red_Beans
train,Red_Beans/RedBean_237.jpg,,Red_Beans
train,Red_Beans/RedBean_238.jpg,,Red_Beans
train,Red_Beans/RedBean_239.jpg,,Red_Beans
train,Red_Beans/RedBean_240.jpg,,Red_Beans
train,Red_Beans/RedBean_241.jpg,,Red_Beans
train,Red_Beans/RedBean_242.jpg,,Red_Beans
train,Red_Beans/RedBean_244.jpg,,Red_Beans
train,Red_Beans/RedBean_245.jpg,,Red_Beans
train,Red_Beans/RedBean_246.jpg,,Red_Beans
train,Red_Beans/RedBean_247.jpg,,Red_Beans
train,Red_Beans/RedBean_248.jpg,,Red_Beans
train,Red_Beans/RedBean_249.jpg,,Red_Beans
train,Red_Beans/RedBean_250.jpg,,Red_Beans
train,Red_Beans/RedBean_251.jpg,,Red_Beans
train,Red_Beans/RedBean_252.jpg,,Red_Beans
train,Red_Beans/RedBean_253.jpg,,Red_Beans
train,Red_Beans/RedBean_254.jpg,,Red_Beans
train,Red_Beans/RedBean_256.jpg,,Red_Beans
train,Red_Beans/RedBean_258.jpg,,Red_Beans
train,Red_Beans/RedBean_259.jpg,,Red_Beans
train,Red_Beans/RedBean_260.jpg,,Red_Beans
train,Red_Beans/RedBean_263.jpg,,Red_Beans
train,Red_Beans/RedBean_264.jpg,,Red_Beans
train,Red_Beans/RedBean_265.jpg,,Red_Beans
train,Red_Beans/RedBean_266.jpg,,Red_Beans
train,Red_Beans/RedBean_268.jpg,,Red_Beans
train,Red_Beans/RedBean_269.jpg,,Red_Beans
train,Red_Beans/RedBean_270.jpg,,Red_Beans
train,Red_Beans/RedBean_271.jpg,,Red_Beans
train,Red_Beans/RedBean_274.jpg,,Red_Beans
train,Red_Beans/RedBean_275.jpg,,Red_Beans
train,Red_Beans/RedBean_276.jpg,,Red_Beans
train,Red_Beans/RedBean_277.jpg,,Red_Beans
train,Red_Beans/RedBean_278.jpg,,Red_Beans
train,Red_Beans/RedBean_279.jpg,,Red_Beans
train,Red_Beans/RedBean_280.jpg,,Red_Beans
train,Red_Beans/RedBean_282.jpg,,Red_Beans
train,Red_Beans/RedBean_283.jpg,,Red_Beans
train,Red_Beans/RedBean_284.jpg,,Red_Beans
train,Red_Beans/RedBean_286.jpg,,Red_Beans
train,Red_Beans/RedBean_287.jpg,,Red_Beans
train,Red_Beans/RedBean_288.jpg,,Red_Beans
train,Red_Beans/RedBean_289.jpg,,Red_Beans
train,Red_Beans/RedBean_291.jpg,,Red_Beans
train,Red_Beans/RedBean_292.jpg,,Red_Beans
train,Red_Beans/RedBean_294.jpg,,Red_Beans
train,Red_Beans/RedBean_295.jpg,,Red_Beans
train,Red_Beans/RedBean_296.jpg,,Red_Beans
train,Red_Beans/RedBean_297.jpg,,Red_Beans
train,Red_Beans/RedBean_298.jpg,,Red_Beans
train,Red_Beans/RedBean_299.jpg,,Red_Beans
train,Red_Beans/RedBean_300.jpg,,Red_Beans
train,Red_Beans/RedBean_301.jpg,,Red_Beans
train,Red_Beans/RedBean_304.jpg,,Red_Beans
train,Red_Beans/RedBean_305.jpg,,Red_Beans
train,Red_Beans/RedBean_307.jpg,,Red_Beans
train,Red_Beans/RedBean_308.jpg,,Red_Beans
train,Red_Beans/RedBean_310.jpg,,Red_Beans
train,Red_Beans/RedBean_311.jpg,,Red_Beans
train,Red_Beans/RedBean_315.jpg,,Red_Beans
train,Red_Beans/RedBean_316.jpg,,Red_Beans
train,Red_Beans/RedBean_318.jpg,,Red_Beans
train,Red_Beans/RedBean_319.jpg,,Red_Beans
train,Red_Beans/RedBean_320.jpg,,Red_Beans
train,Red_Beans/RedBean_321.jpg,,Red_Beans
train,Red_Beans/RedBean_322.jpg,,Red_Beans
train,Red_Beans/RedBean_324.jpg,,Red_Beans
train,Red_Beans/RedBean_325.jpg,,Red_Beans
train,Red_Beans/RedBean_326.jpg,,Red_Beans
train,Red_Beans/RedBean_327.jpg,,Red_Beans
train,Red_Beans/RedBean_329.jpg,,Red_Beans
train,Red_Beans/RedBean_330.jpg,,Red_Beans
train,Red_Beans/RedBean_331.jpg,,Red_Beans
train,Red_Beans/RedBean_333.jpg,,Red_Beans
train,Red_Beans/RedBean_335.jpg,,Red_Beans
train,Red_Beans/RedBean_336.jpg,,Red_Beans
train,Red_Beans/RedBean_337.jpg,,Red_Beans
train,Red_Beans/RedBean_338.jpg,,Red_Beans
train,Red_Beans/RedBean_340.jpg,,Red_Beans
train,Red_Beans/RedBean_341.jpg,,Red_Beans
train,Red_Beans/RedBean_342.jpg,,Red_Beans
train,Red_Beans/RedBean_343.jpg,,Red_Beans
train,Red_Beans/RedBean_344.jpg,,Red_Beans
train,Red_Beans/RedBean_345.jpg,,Red_Beans
train,Red_Beans/RedBean_346.jpg,,Red_Beans
train,Red_Beans/RedBean_347.jpg,,Red_Beans
train,Red_Beans/RedBean_348.jpg,,Red_Beans
train,Red_Beans/RedBean_349.jpg,,Red_Beans
train,Red_Beans/RedBean_350.jpg,,Red_Beans
train,Red_Beans/RedBean_352.jpg,,Red_Beans
train,Red_Beans/RedBean_354.jpg,,Red_Beans
train,Red_Beans/RedBean_356.jpg,,Red_Beans
train,Red_Beans/RedBean_357.jpg,,Red_Beans
train,Red_Beans/RedBean_358.jpg,,Red_Beans
train,Red_Beans/RedBean_359.jpg,,Red_Beans
train,Red_Beans/RedBean_360.jpg,,Red_Beans
train,Red_Beans/RedBean_361.jpg,,Red_Beans
train,Red_Beans/RedBean_362.jpg,,Red_Beans
train,Red_Beans/RedBean_363.jpg,,Red_Beans
train,Red_Beans/RedBean_364.jpg,,Red_Beans
train,Red_Beans/RedBean_365.jpg,,Red_Beans
train,Red_Beans/RedBean_366.jpg,,Red_Beans
train,Red_Beans/RedBean_367.jpg,,Red_Beans
train,Red_Beans/RedBean_368.jpg,,Red_Beans
train,Red_Beans/RedBean_369.jpg,,Red_Beans
train,Red_Beans/RedBean_370.jpg,,Red_Beans
train,Red_Beans/RedBean_372.jpg,,Red_Beans
train,Red_Beans/RedBean_373.jpg,,Red_Beans
train,Red_Beans/RedBean_374.jpg,,Red_Beans
train,Red_Beans/RedBean_376.jpg,,Red_Beans
train,Red_Beans/RedBean_377.jpg,,Red_Beans
train,Red_Beans/RedBean_378.jpg,,Red_Beans
train,Red_Beans/RedBean_379.jpg,,Red_Beans
train,Red_Beans/RedBean_380.jpg,,Red_Beans
train,Red_Beans/RedBean_381.jpg,,Red_Beans
train,Red_Beans/RedBean_382.jpg,,Red_Beans
train,Red_Beans/RedBean_383.jpg,,Red_Beans
train,Red_Beans/RedBean_386.jpg,,Red_Beans
train,Red_Beans/RedBean_388.jpg,,Red_Beans
train,Red_Beans/RedBean_389.jpg,,Red_Beans
train,Red_Beans/RedBean_390.jpg,,Red_Beans
train,Red_Beans/RedBean_391.jpg,,Red_Beans
train,Red_Beans/RedBean_393.jpg,,Red_Beans
train,Red_Beans/RedBean_394.jpg,,Red_Beans
train,Red_Beans/RedBean_395.jpg,,Red_Beans
train,Red_Beans/RedBean_397.jpg,,Red_Beans
train,Red_Beans/RedBean_398.jpg,,Red_Beans
train,Red_Beans/RedBean_399.jpg,,Red_Beans
train,Red_Beans/RedBean_401.jpg,,Red_Beans
train,Red_Beans/RedBean_402.jpg,,Red_Beans
train,Red_Beans/RedBean_404.jpg,,Red_Beans
train,Red_Beans/RedBean_405.jpg,,Red_Beans
train,Red_Beans/RedBean_406.jpg,,Red_Beans
train,Red_Beans/RedBean_409.jpg,,Red_Beans
train,Red_Beans/RedBean_410.jpg,,Red_Beans
train,Red_Beans/RedBean_411.jpg,,Red_Beans
train,Red_Beans/RedBean_412.jpg,,Red_Beans
train,Red_Beans/RedBean_413.jpg,,Red_Beans
train,Red_Beans/RedBean_414.jpg,,Red_Beans
train,Red_Beans/RedBean_415.jpg,,Red_Beans
train,Red_Beans/RedBean_416.jpg,,Red_Beans
train,Red_Beans/RedBean_417.jpg,,Red_Beans
train,Red_Beans/RedBean_418.jpg,,Red_Beans
train,Red_Beans/RedBean_419.jpg,,Red_Beans
train,Red_Beans/RedBean_420.jpg,,Red_Beans
train,Red_Beans/RedBean_421.jpg,,Red_Beans
train,Red_Beans/RedBean_422.jpg,,Red_Beans
train,Red_Beans/RedBean_423.jpg,,Red_Beans
train,Red_Beans/RedBean_424.jpg,,Red_Beans
train,Red_Beans/RedBean_425.jpg,,Red_Beans
train,Red_Beans/RedBean_426.jpg,,Red_Beans
train,Red_Beans/RedBean_427.jpg,,Red_Beans
train,Red_Beans/RedBean_428.jpg,,Red_Beans
train,Red_Beans/RedBean_429.jpg,,Red_Beans
train,Red_Beans/RedBean_430.jpg,,Red_Beans
train,Red_Beans/RedBean_431.jpg,,Red_Beans
train,Red_Beans/RedBean_432.jpg,,Red_Beans
train,Red_Beans/RedBean_433.jpg,,Red_Beans
train,Red_Beans/RedBean_434.jpg,,Red_Beans
train,Red_Beans/RedBean_437.jpg,,Red_Beans
train,Red_Beans/RedBean_438.jpg,,Red_Beans
train,Red_Beans/RedBean_439.jpg,,Red_Beans
train,Red_Beans/RedBean_440.jpg,,Red_Beans
train,Red_Beans/RedBean_441.jpg,,Red_Beans
train,Red_Beans/RedBean_443.jpg,,Red_Beans
train,Red_Beans/RedBean_444.jpg,,Red_Beans
train,Red_Beans/RedBean_445.jpg,,Red_Beans
train,Red_Beans/RedBean_446.jpg,,Red_Beans
train,Red_Beans/RedBean_447.jpg,,Red_Beans
train,Red_Beans/RedBean_448.jpg,,Red_Beans
train,Red_Beans/RedBean_449.jpg,,Red_Beans
train,Red_Beans/RedBean_450.jpg,,Red_Beans
train,Red_Beans/RedBean_451.jpg,,Red_Beans
train,Red_Beans/RedBean_452.jpg,,Red_Beans
train,Red_Beans/RedBean_453.jpg,,Red_Beans
train,Red_Beans/RedBean_454.jpg,,Red_Beans
train,Red_Beans/RedBean_455.jpg,,Red_Beans
train,Red_Beans/RedBean_456.jpg,,Red_Beans
train,Red_Beans/RedBean_457.jpg,,Red_Beans
train,Red_Beans/RedBean_458.jpg,,Red_Beans
train,Red_Beans/RedBean_460.jpg,,Red_Beans
train,Red_Beans/RedBean_462.jpg,,Red_Beans
train,Red_Beans/RedBean_464.jpg,,Red_Beans
train,Red_Beans/RedBean_465.jpg,,Red_Beans
train,Red_Beans/RedBean_466.jpg,,Red_Beans
train,Red_Beans/RedBean_467.jpg,,Red_Beans
train,Red_Beans/RedBean_468.jpg,,Red_Beans
train,Red_Beans/RedBean_469.jpg,,Red_Beans
train,Red_Beans/RedBean_470.jpg,,Red_Beans
train,Red_Beans/RedBean_471.jpg,,Red_Beans
train,Red_Beans/RedBean_473.jpg,,Red_Beans
train,Red_Beans/RedBean_474.jpg,,Red_Beans
train,Red_Beans/RedBean_475.jpg,,Red_Beans
train,Red_Beans/RedBean_477.jpg,,Red_Beans
train,Red_Beans/RedBean_478.jpg,,Red_Beans
train,Red_Beans/RedBean_479.jpg,,Red_Beans
train,Red_Beans/RedBean_480.jpg,,Red_Beans
train,Red_Beans/RedBean_481.jpg,,Red_Beans
train,Red_Beans/RedBean_482.jpg,,Red_Beans
train,Red_Beans/RedBean_483.jpg,,Red_Beans
train,Red_Beans/RedBean_484.jpg,,Red_Beans
train,Red_Beans/RedBean_485.jpg,,Red_Beans
train,Red_Beans/RedBean_486.jpg,,Red_Beans
train,Red_Beans/RedBean_487.jpg,,Red_Beans
train,Red_Beans/RedBean_488.jpg,,Red_Beans
train,Red_Beans/RedBean_489.jpg,,Red_Beans
train,Red_Beans/RedBean_490.jpg,,Red_Beans
train,Red_Beans/RedBean_493.jpg,,Red_Beans
train,Red_Beans/RedBean_494.jpg,,Red_Beans
train,Red_Beans/RedBean_495.jpg,,Red_Beans
train,Red_Beans/RedBean_496.jpg,,Red_Beans
train,Red_Beans/RedBean_497.jpg,,Red_Beans
train,Red_Beans/RedBean_498.jpg,,Red_Beans
train,Red_Beans/RedBean_499.jpg,,Red_Beans
train,Red_Beans/RedBean_500.jpg,,Red_Beans
train,Red_KidneyBean/RedKidneyBean_002.jpg,,Red_KidneyBean
train,Red_KidneyBean/RedKidneyBean_003.jpg,,Red_KidneyBean
train,Red_KidneyBean/RedKidneyBean_004.jpg,,Red_KidneyBean
train,Red_KidneyBean/RedKidneyBean_005.jpg,,Red_KidneyBean
train,Red_KidneyBean/RedKidneyBean_007.jpg,,Red_KidneyBean
train,Red_KidneyBean/RedKidneyBean_008.jpg,,Red_KidneyBean
train,Red_KidneyBean/RedKidneyBean_009.jpg,,Red_KidneyBean
train,Red_KidneyBean/RedKidneyBean_010.jpg,,Red_KidneyBean
train,Red_KidneyBean/RedKidneyBean_011.jpg,,Red_KidneyBean
train,Red_KidneyBean/RedKidneyBean_012.jpg,,Red_KidneyBean
train,Red_KidneyBean/RedKidneyBean_013.jpg,,Red_KidneyBean
train,Red_KidneyBean/RedKidneyBean_014.jpg,,Red_KidneyBean
train,Red_KidneyBean/RedKidneyBean_015.jpg,,Red_KidneyBean
train,Red_KidneyBean/RedKidneyBean_016.jpg,,Red_KidneyBean
train,Red_KidneyBean/RedKidneyBean_018.jpg,,Red_KidneyBean
train,Red_KidneyBean/RedKidneyBean_019.jpg,,Red_KidneyBean
train,Red_KidneyBean/RedKidneyBean_020.jpg,,Red_KidneyBean
train,Red_KidneyBean/RedKidneyBean_021.jpg,,Red_KidneyBean
train,Red_KidneyBean/RedKidneyBean_022.jpg,,Red_KidneyBean
train,Red_KidneyBean/RedKidneyBean_023.jpg,,Red_KidneyBean
train,Red_KidneyBean/RedKidneyBean_024.jpg,,Red_KidneyBean
train,Red_KidneyBean/RedKidneyBean_026.jpg,,Red_KidneyBean
train,Red_KidneyBean/RedKidneyBean_027.jpg,,Red_KidneyBean
train,Red_KidneyBean/RedKidneyBean_028.jpg,,Red_KidneyBean
train,Red_KidneyBean/RedKidneyBean_029.jpg,,Red_KidneyBean
train,Red_KidneyBean/RedKidneyBean_030.jpg,,Red_KidneyBean
train,Red_KidneyBean/RedKidneyBean_031.jpg,,Red_KidneyBean
train,Red_KidneyBean/RedKidneyBean_032.jpg,,Red_KidneyBean
train,Red_KidneyBean/RedKidneyBean_033.jpg,,Red_KidneyBean
train,Red_KidneyBean/RedKidneyBean_034.jpg,,Red_KidneyBean
train,Red_KidneyBean/RedKidneyBean_036.jpg,,Red_KidneyBean
train,Red_KidneyBean/RedKidneyBean_037.jpg,,Red_KidneyBean
train,Red_KidneyBean/RedKidneyBean_038.jpg,,Red_KidneyBean
train,Red_KidneyBean/RedKidneyBean_039.jpg,,Red_KidneyBean
train,Red_KidneyBean/RedKidneyBean_041.jpg,,Red_KidneyBean
train,Red_KidneyBean/RedKidneyBean_042.jpg,,Red_KidneyBean
train,Red_KidneyBean/RedKidneyBean_043.jpg,,Red_KidneyBean
train,Red_KidneyBean/RedKidneyBean_044.jpg,,Red_KidneyBean
train,Red_KidneyBean/RedKidneyBean_045.jpg,,Red_KidneyBean
train,Red_KidneyBean/RedKidneyBean_047.jpg,,Red_KidneyBean
train,Red_KidneyBean/RedKidneyBean_048.jpg,,Red_KidneyBean
train,Red_KidneyBean/RedKidneyBean_049.jpg,,Red_KidneyBean
train,Red_KidneyBean/RedKidneyBean_050.jpg,,Red_KidneyBean
train,Red_KidneyBean/RedKidneyBean_051.jpg,,Red_KidneyBean
train,Red_KidneyBean/RedKidneyBean_053.jpg,,Red_KidneyBean
train,Red_KidneyBean/RedKidneyBean_055.jpg,,Red_KidneyBean
train,Red_KidneyBean/RedKidneyBean_057.jpg,,Red_KidneyBean
train,Red_KidneyBean/RedKidneyBean_058.jpg,,Red_KidneyBean
train,Red_KidneyBean/RedKidneyBean_059.jpg,,Red_KidneyBean
train,Red_KidneyBean/RedKidneyBean_060.jpg,,Red_KidneyBean
train,Red_KidneyBean/RedKidneyBean_061.jpg,,Red_KidneyBean
train,Red_KidneyBean/RedKidneyBean_062.jpg,,Red_KidneyBean
train,Red_KidneyBean/RedKidneyBean_063.jpg,,Red_KidneyBean
train,Red_KidneyBean/RedKidneyBean_064.jpg,,Red_KidneyBean
train,Red_KidneyBean/RedKidneyBean_065.jpg,,Red_KidneyBean
train,Red_KidneyBean/RedKidneyBean_067.jpg,,Red_KidneyBean
train,Red_KidneyBean/RedKidneyBean_068.jpg,,Red_KidneyBean
train,Red_KidneyBean/RedKidneyBean_069.jpg,,Red_KidneyBean
train,Red_KidneyBean/RedKidneyBean_071.jpg,,Red_KidneyBean
train,Red_KidneyBean/RedKidneyBean_072.jpg,,Red_KidneyBean
train,Red_KidneyBean/RedKidneyBean_074.jpg,,Red_KidneyBean
train,Red_KidneyBean/RedKidneyBean_075.jpg,,Red_KidneyBean
train,Red_KidneyBean/RedKidneyBean_076.jpg,,Red_KidneyBean
train,Red_KidneyBean/RedKidneyBean_077.jpg,,Red_KidneyBean
train,Red_KidneyBean/RedKidneyBean_078.jpg,,Red_KidneyBean
train,Red_KidneyBean/RedKidneyBean_079.jpg,,Red_KidneyBean
train,Red_KidneyBean/RedKidneyBean_080.jpg,,Red_KidneyBean
train,Red_KidneyBean/RedKidneyBean_082.jpg,,Red_KidneyBean
train,Red_KidneyBean/RedKidneyBean_083.jpg,,Red_KidneyBean
train,Red_KidneyBean/RedKidneyBean_084.jpg,,Red_KidneyBean
train,Red_KidneyBean/RedKidneyBean_085.jpg,,Red_KidneyBean
train,Red_KidneyBean/RedKidneyBean_087.jpg,,Red_KidneyBean
train,Red_KidneyBean/RedKidneyBean_088.jpg,,Red_KidneyBean
train,Red_KidneyBean/RedKidneyBean_089.jpg,,Red_KidneyBean
train,Red_KidneyBean/RedKidneyBean_092.jpg,,Red_KidneyBean
train,Red_KidneyBean/RedKidneyBean_093.jpg,,Red_KidneyBean
train,Red_KidneyBean/RedKidneyBean_095.jpg,,Red_KidneyBean
train,Red_KidneyBean/RedKidneyBean_096.jpg,,Red_KidneyBean
train,Red_KidneyBean/RedKidneyBean_097.jpg,,Red_KidneyBean
train,Red_KidneyBean/RedKidneyBean_098.jpg,,Red_KidneyBean
train,Red_KidneyBean/RedKidneyBean_099.jpg,,Red_KidneyBean
train,Red_KidneyBean/RedKidneyBean_100.jpg,,Red_KidneyBean
train,Red_KidneyBean/RedKidneyBean_101.jpg,,Red_KidneyBean
train,Red_KidneyBean/RedKidneyBean_102.jpg,,Red_KidneyBean
train,Red_KidneyBean/RedKidneyBean_103.jpg,,Red_KidneyBean
train,Red_KidneyBean/RedKidneyBean_104.jpg,,Red_KidneyBean
train,Red_KidneyBean/RedKidneyBean_105.jpg,,Red_KidneyBean
train,Red_KidneyBean/RedKidneyBean_106.jpg,,Red_KidneyBean
train,Red_KidneyBean/RedKidneyBean_107.jpg,,Red_KidneyBean
train,Red_KidneyBean/RedKidneyBean_109.jpg,,Red_KidneyBean
train,Red_KidneyBean/RedKidneyBean_110.jpg,,Red_KidneyBean
train,Red_KidneyBean/RedKidneyBean_111.jpg,,Red_KidneyBean
train,Red_KidneyBean/RedKidneyBean_112.jpg,,Red_KidneyBean
train,Red_KidneyBean/RedKidneyBean_113.jpg,,Red_KidneyBean
train,Red_KidneyBean/RedKidneyBean_116.jpg,,Red_KidneyBean
train,Red_KidneyBean/RedKidneyBean_117.jpg,,Red_KidneyBean
train,Red_KidneyBean/RedKidneyBean_118.jpg,,Red_KidneyBean
train,Red_KidneyBean/RedKidneyBean_119.jpg,,Red_KidneyBean
train,Red_KidneyBean/RedKidneyBean_120.jpg,,Red_KidneyBean
train,Red_KidneyBean/RedKidneyBean_121.jpg,,Red_KidneyBean
train,Red_KidneyBean/RedKidneyBean_123.jpg,,Red_KidneyBean
train,Red_KidneyBean/RedKidneyBean_124.jpg,,Red_KidneyBean
train,Red_KidneyBean/RedKidneyBean_125.jpg,,Red_KidneyBean
train,Red_KidneyBean/RedKidneyBean_126.jpg,,Red_KidneyBean
train,Red_KidneyBean/RedKidneyBean_127.jpg,,Red_KidneyBean
train,Red_KidneyBean/RedKidneyBean_129.jpg,,Red_KidneyBean
train,Red_KidneyBean/RedKidneyBean_130.jpg,,Red_KidneyBean
train,Red_KidneyBean/RedKidneyBean_131.jpg,,Red_KidneyBean
train,Red_KidneyBean/RedKidneyBean_133.jpg,,Red_KidneyBean
train,Red_KidneyBean/RedKidneyBean_134.jpg,,Red_KidneyBean
train,Red_KidneyBean/RedKidneyBean_135.jpg,,Red_KidneyBean
train,Red_KidneyBean/RedKidneyBean_137.jpg,,Red_KidneyBean
train,Red_KidneyBean/RedKidneyBean_138.jpg,,Red_KidneyBean
train,Red_KidneyBean/RedKidneyBean_139.jpg,,Red_KidneyBean
train,Red_KidneyBean/RedKidneyBean_140.jpg,,Red_KidneyBean
train,Red_KidneyBean/RedKidneyBean_141.jpg,,Red_KidneyBean
train,Red_KidneyBean/RedKidneyBean_142.jpg,,Red_KidneyBean
train,Red_KidneyBean/RedKidneyBean_143.jpg,,Red_KidneyBean
train,Red_KidneyBean/RedKidneyBean_144.jpg,,Red_KidneyBean
train,Red_KidneyBean/RedKidneyBean_145.jpg,,Red_KidneyBean
train,Red_KidneyBean/RedKidneyBean_146.jpg,,Red_KidneyBean
train,Red_KidneyBean/RedKidneyBean_147.jpg,,Red_KidneyBean
train,Red_KidneyBean/RedKidneyBean_148.jpg,,Red_KidneyBean
train,Red_KidneyBean/RedKidneyBean_149.jpg,,Red_KidneyBean
train,Red_KidneyBean/RedKidneyBean_150.jpg,,Red_KidneyBean
train,Red_KidneyBean/RedKidneyBean_152.jpg,,Red_KidneyBean
train,Red_KidneyBean/RedKidneyBean_153.jpg,,Red_KidneyBean
train,Red_KidneyBean/RedKidneyBean_154.jpg,,Red_KidneyBean
train,Red_KidneyBean/RedKidneyBean_156.jpg,,Red_KidneyBean
train,Red_KidneyBean/RedKidneyBean_157.jpg,,Red_KidneyBean
train,Red_KidneyBean/RedKidneyBean_159.jpg,,Red_KidneyBean
train,Red_KidneyBean/RedKidneyBean_160.jpg,,Red_KidneyBean
train,Red_KidneyBean/RedKidneyBean_161.jpg,,Red_KidneyBean
train,Red_KidneyBean/RedKidneyBean_162.jpg,,Red_KidneyBean
train,Red_KidneyBean/RedKidneyBean_165.jpg,,Red_KidneyBean
train,Red_KidneyBean/RedKidneyBean_167.jpg,,Red_KidneyBean
train,Red_KidneyBean/RedKidneyBean_168.jpg,,Red_KidneyBean
train,Red_KidneyBean/RedKidneyBean_169.jpg,,Red_KidneyBean
train,Red_KidneyBean/RedKidneyBean_171.jpg,,Red_KidneyBean
train,Red_KidneyBean/RedKidneyBean_174.jpg,,Red_KidneyBean
train,Red_KidneyBean/RedKidneyBean_175.jpg,,Red_KidneyBean
train,Red_KidneyBean/RedKidneyBean_176.jpg,,Red_KidneyBean
train,Red_KidneyBean/RedKidneyBean_177.jpg,,Red_KidneyBean
train,Red_KidneyBean/RedKidneyBean_179.jpg,,Red_KidneyBean
train,Red_KidneyBean/RedKidneyBean_181.jpg,,Red_KidneyBean
train,Red_KidneyBean/RedKidneyBean_182.jpg,,Red_KidneyBean
train,Red_KidneyBean/RedKidneyBean_184.jpg,,Red_KidneyBean
train,Red_KidneyBean/RedKidneyBean_185.jpg,,Red_KidneyBean
train,Red_KidneyBean/RedKidneyBean_186.jpg,,Red_KidneyBean
train,Red_KidneyBean/RedKidneyBean_187.jpg,,Red_KidneyBean
train,Red_KidneyBean/RedKidneyBean_188.jpg,,Red_KidneyBean
train,Red_KidneyBean/RedKidneyBean_189.jpg,,Red_KidneyBean
train,Red_KidneyBean/RedKidneyBean_190.jpg,,Red_KidneyBean
train,Red_KidneyBean/RedKidneyBean_191.jpg,,Red_KidneyBean
train,Red_KidneyBean/RedKidneyBean_192.jpg,,Red_KidneyBean
train,Red_KidneyBean/RedKidneyBean_195.jpg,,Red_KidneyBean
train,Red_KidneyBean/RedKidneyBean_196.jpg,,Red_KidneyBean
train,Red_KidneyBean/RedKidneyBean_197.jpg,,Red_KidneyBean
train,Red_KidneyBean/RedKidneyBean_199.jpg,,Red_KidneyBean
train,Red_KidneyBean/RedKidneyBean_200.jpg,,Red_KidneyBean
train,Red_KidneyBean/RedKidneyBean_202.jpg,,Red_KidneyBean
train,Red_KidneyBean/RedKidneyBean_203.jpg,,Red_KidneyBean
train,Red_KidneyBean/RedKidneyBean_204.jpg,,Red_KidneyBean
train,Red_KidneyBean/RedKidneyBean_205.jpg,,Red_KidneyBean
train,Red_KidneyBean/RedKidneyBean_206.jpg,,Red_KidneyBean
train,Red_KidneyBean/RedKidneyBean_207.jpg,,Red_KidneyBean
train,Red_KidneyBean/RedKidneyBean_208.jpg,,Red_KidneyBean
train,Red_KidneyBean/RedKidneyBean_209.jpg,,Red_KidneyBean
train,Red_KidneyBean/RedKidneyBean_210.jpg,,Red_KidneyBean
train,Red_KidneyBean/RedKidneyBean_211.jpg,,Red_KidneyBean
train,Red_KidneyBean/RedKidneyBean_213.jpg,,Red_KidneyBean
train,Red_KidneyBean/RedKidneyBean_214.jpg,,Red_KidneyBean
train,Red_KidneyBean/RedKidneyBean_216.jpg,,Red_KidneyBean
train,Red_KidneyBean/RedKidneyBean_217.jpg,,Red_KidneyBean
train,Red_KidneyBean/RedKidneyBean_218.jpg,,Red_KidneyBean
train,Red_KidneyBean/RedKidneyBean_219.jpg,,Red_KidneyBean
train,Red_KidneyBean/RedKidneyBean_220.jpg,,Red_KidneyBean
train,Red_KidneyBean/RedKidneyBean_221.jpg,,Red_KidneyBean
train,Red_KidneyBean/RedKidneyBean_222.jpg,,Red_KidneyBean
train,Red_KidneyBean/RedKidneyBean_223.jpg,,Red_KidneyBean
train,Red_KidneyBean/RedKidneyBean_226.jpg,,Red_KidneyBean
train,Red_KidneyBean/RedKidneyBean_227.jpg,,Red_KidneyBean
train,Red_KidneyBean/RedKidneyBean_228.jpg,,Red_KidneyBean
train,Red_KidneyBean/RedKidneyBean_230.jpg,,Red_KidneyBean
train,Red_KidneyBean/RedKidneyBean_231.jpg,,Red_KidneyBean
train,Red_KidneyBean/RedKidneyBean_232.jpg,,Red_KidneyBean
train,Red_KidneyBean/RedKidneyBean_233.jpg,,Red_KidneyBean
train,Red_KidneyBean/RedKidneyBean_234.jpg,,Red_KidneyBean
train,Red_KidneyBean/RedKidneyBean_235.jpg,,Red_KidneyBean
train,Red_KidneyBean/RedKidneyBean_236.jpg,,Red_KidneyBean
train,Red_KidneyBean/RedKidneyBean_237.jpg,,Red_KidneyBean
train,Red_KidneyBean/RedKidneyBean_238.jpg,,Red_KidneyBean
train,Red_KidneyBean/RedKidneyBean_239.jpg,,Red_KidneyBean
train,Red_KidneyBean/RedKidneyBean_240.jpg,,Red_KidneyBean
train,Red_KidneyBean/RedKidneyBean_241.jpg,,Red_KidneyBean
train,Red_KidneyBean/RedKidneyBean_242.jpg,,Red_KidneyBean
train,Red_KidneyBean/RedKidneyBean_243.jpg,,Red_KidneyBean
train,Red_KidneyBean/RedKidneyBean_244.jpg,,Red_KidneyBean
train,Red_KidneyBean/RedKidneyBean_245.jpg,,Red_KidneyBean
train,Red_KidneyBean/RedKidneyBean_247.jpg,,Red_KidneyBean
train,Red_KidneyBean/RedKidneyBean_248.jpg,,Red_KidneyBean
train,Red_KidneyBean/RedKidneyBean_249.jpg,,Red_KidneyBean
train,Red_KidneyBean/RedKidneyBean_251.jpg,,Red_KidneyBean
train,Red_KidneyBean/RedKidneyBean_252.jpg,,Red_KidneyBean
train,Red_KidneyBean/RedKidneyBean_254.jpg,,Red_KidneyBean
train,Red_KidneyBean/RedKidneyBean_256.jpg,,Red_KidneyBean
train,Red_KidneyBean/RedKidneyBean_257.jpg,,Red_KidneyBean
train,Red_KidneyBean/RedKidneyBean_258.jpg,,Red_KidneyBean
train,Red_KidneyBean/RedKidneyBean_259.jpg,,Red_KidneyBean
train,Red_KidneyBean/RedKidneyBean_260.jpg,,Red_KidneyBean
train,Red_KidneyBean/RedKidneyBean_261.jpg,,Red_KidneyBean
train,Red_KidneyBean/RedKidneyBean_262.jpg,,Red_KidneyBean
train,Red_KidneyBean/RedKidneyBean_263.jpg,,Red_KidneyBean
train,Red_KidneyBean/RedKidneyBean_264.jpg,,Red_KidneyBean
train,Red_KidneyBean/RedKidneyBean_265.jpg,,Red_KidneyBean
train,Red_KidneyBean/RedKidneyBean_266.jpg,,Red_KidneyBean
train,Red_KidneyBean/RedKidneyBean_267.jpg,,Red_KidneyBean
train,Red_KidneyBean/RedKidneyBean_268.jpg,,Red_KidneyBean
train,Red_KidneyBean/RedKidneyBean_269.jpg,,Red_KidneyBean
train,Red_KidneyBean/RedKidneyBean_270.jpg,,Red_KidneyBean
train,Red_KidneyBean/RedKidneyBean_271.jpg,,Red_KidneyBean
train,Red_KidneyBean/RedKidneyBean_272.jpg,,Red_KidneyBean
train,Red_KidneyBean/RedKidneyBean_273.jpg,,Red_KidneyBean
train,Red_KidneyBean/RedKidneyBean_274.jpg,,Red_KidneyBean
train,Red_KidneyBean/RedKidneyBean_275.jpg,,Red_KidneyBean
train,Red_KidneyBean/RedKidneyBean_276.jpg,,Red_KidneyBean
train,Red_KidneyBean/RedKidneyBean_277.jpg,,Red_KidneyBean
train,Red_KidneyBean/RedKidneyBean_278.jpg,,Red_KidneyBean
train,Red_KidneyBean/RedKidneyBean_279.jpg,,Red_KidneyBean
train,Red_KidneyBean/RedKidneyBean_281.jpg,,Red_KidneyBean
train,Red_KidneyBean/RedKidneyBean_282.jpg,,Red_KidneyBean
train,Red_KidneyBean/RedKidneyBean_283.jpg,,Red_KidneyBean
train,Red_KidneyBean/RedKidneyBean_284.jpg,,Red_KidneyBean
train,Red_KidneyBean/RedKidneyBean_285.jpg,,Red_KidneyBean
train,Red_KidneyBean/RedKidneyBean_286.jpg,,Red_KidneyBean
train,Red_KidneyBean/RedKidneyBean_287.jpg,,Red_KidneyBean
train,Red_KidneyBean/RedKidneyBean_289.jpg,,Red_KidneyBean
train,Red_KidneyBean/RedKidneyBean_292.jpg,,Red_KidneyBean
train,Red_KidneyBean/RedKidneyBean_293.jpg,,Red_KidneyBean
train,Red_KidneyBean/RedKidneyBean_295.jpg,,Red_KidneyBean
train,Red_KidneyBean/RedKidneyBean_297.jpg,,Red_KidneyBean
train,Red_KidneyBean/RedKidneyBean_298.jpg,,Red_KidneyBean
train,Red_KidneyBean/RedKidneyBean_299.jpg,,Red_KidneyBean
train,Red_KidneyBean/RedKidneyBean_300.jpg,,Red_KidneyBean
train,Red_KidneyBean/RedKidneyBean_303.jpg,,Red_KidneyBean
train,Red_KidneyBean/RedKidneyBean_304.jpg,,Red_KidneyBean
train,Red_KidneyBean/RedKidneyBean_305.jpg,,Red_KidneyBean
train,Red_KidneyBean/RedKidneyBean_306.jpg,,Red_KidneyBean
train,Red_KidneyBean/RedKidneyBean_307.jpg,,Red_KidneyBean
train,Red_KidneyBean/RedKidneyBean_308.jpg,,Red_KidneyBean
train,Red_KidneyBean/RedKidneyBean_310.jpg,,Red_KidneyBean
train,Red_KidneyBean/RedKidneyBean_311.jpg,,Red_KidneyBean
train,Red_KidneyBean/RedKidneyBean_312.jpg,,Red_KidneyBean
train,Red_KidneyBean/RedKidneyBean_313.jpg,,Red_KidneyBean
train,Red_KidneyBean/RedKidneyBean_316.jpg,,Red_KidneyBean
train,Red_KidneyBean/RedKidneyBean_317.jpg,,Red_KidneyBean
train,Red_KidneyBean/RedKidneyBean_318.jpg,,Red_KidneyBean
train,Red_KidneyBean/RedKidneyBean_319.jpg,,Red_KidneyBean
train,Red_KidneyBean/RedKidneyBean_320.jpg,,Red_KidneyBean
train,Red_KidneyBean/RedKidneyBean_321.jpg,,Red_KidneyBean
train,Red_KidneyBean/RedKidneyBean_322.jpg,,Red_KidneyBean
train,Red_KidneyBean/RedKidneyBean_323.jpg,,Red_KidneyBean
train,Red_KidneyBean/RedKidneyBean_324.jpg,,Red_KidneyBean
train,Red_KidneyBean/RedKidneyBean_325.jpg,,Red_KidneyBean
train,Red_KidneyBean/RedKidneyBean_327.jpg,,Red_KidneyBean
train,Red_KidneyBean/RedKidneyBean_329.jpg,,Red_KidneyBean
train,Red_KidneyBean/RedKidneyBean_330.jpg,,Red_KidneyBean
train,Red_KidneyBean/RedKidneyBean_331.jpg,,Red_KidneyBean
train,Red_KidneyBean/RedKidneyBean_332.jpg,,Red_KidneyBean
train,Red_KidneyBean/RedKidneyBean_335.jpg,,Red_KidneyBean
train,Red_KidneyBean/RedKidneyBean_336.jpg,,Red_KidneyBean
train,Red_KidneyBean/RedKidneyBean_337.jpg,,Red_KidneyBean
train,Red_KidneyBean/RedKidneyBean_338.jpg,,Red_KidneyBean
train,Red_KidneyBean/RedKidneyBean_339.jpg,,Red_KidneyBean
train,Red_KidneyBean/RedKidneyBean_340.jpg,,Red_KidneyBean
train,Red_KidneyBean/RedKidneyBean_342.jpg,,Red_KidneyBean
train,Red_KidneyBean/RedKidneyBean_343.jpg,,Red_KidneyBean
train,Red_KidneyBean/RedKidneyBean_345.jpg,,Red_KidneyBean
train,Red_KidneyBean/RedKidneyBean_346.jpg,,Red_KidneyBean
train,Red_KidneyBean/RedKidneyBean_347.jpg,,Red_KidneyBean
train,Red_KidneyBean/RedKidneyBean_348.jpg,,Red_KidneyBean
train,Red_KidneyBean/RedKidneyBean_349.jpg,,Red_KidneyBean
train,Red_KidneyBean/RedKidneyBean_350.jpg,,Red_KidneyBean
train,Red_KidneyBean/RedKidneyBean_351.jpg,,Red_KidneyBean
train,Red_KidneyBean/RedKidneyBean_352.jpg,,Red_KidneyBean
train,Red_KidneyBean/RedKidneyBean_354.jpg,,Red_KidneyBean
train,Red_KidneyBean/RedKidneyBean_357.jpg,,Red_KidneyBean
train,Red_KidneyBean/RedKidneyBean_358.jpg,,Red_KidneyBean
train,Red_KidneyBean/RedKidneyBean_359.jpg,,Red_KidneyBean
train,Red_KidneyBean/RedKidneyBean_361.jpg,,Red_KidneyBean
train,Red_KidneyBean/RedKidneyBean_362.jpg,,Red_KidneyBean
train,Red_KidneyBean/RedKidneyBean_364.jpg,,Red_KidneyBean
train,Red_KidneyBean/RedKidneyBean_365.jpg,,Red_KidneyBean
train,Red_KidneyBean/RedKidneyBean_366.jpg,,Red_KidneyBean
train,Red_KidneyBean/RedKidneyBean_367.jpg,,Red_KidneyBean
train,Red_KidneyBean/RedKidneyBean_368.jpg,,Red_KidneyBean
train,Red_KidneyBean/RedKidneyBean_370.jpg,,Red_KidneyBean
train,Red_KidneyBean/RedKidneyBean_371.jpg,,Red_KidneyBean
train,Red_KidneyBean/RedKidneyBean_372.jpg,,Red_KidneyBean
train,Red_KidneyBean/RedKidneyBean_373.jpg,,Red_KidneyBean
train,Red_KidneyBean/RedKidneyBean_377.jpg,,Red_KidneyBean
train,Red_KidneyBean/RedKidneyBean_378.jpg,,Red_KidneyBean
train,Red_KidneyBean/RedKidneyBean_379.jpg,,Red_KidneyBean
train,Red_KidneyBean/RedKidneyBean_380.jpg,,Red_KidneyBean
train,Red_KidneyBean/RedKidneyBean_381.jpg,,Red_KidneyBean
train,Red_KidneyBean/RedKidneyBean_383.jpg,,Red_KidneyBean
train,Red_KidneyBean/RedKidneyBean_384.jpg,,Red_KidneyBean
train,Red_KidneyBean/RedKidneyBean_385.jpg,,Red_KidneyBean
train,Red_KidneyBean/RedKidneyBean_386.jpg,,Red_KidneyBean
train,Red_KidneyBean/RedKidneyBean_387.jpg,,Red_KidneyBean
train,Red_KidneyBean/RedKidneyBean_388.jpg,,Red_KidneyBean
train,Red_KidneyBean/RedKidneyBean_389.jpg,,Red_KidneyBean
train,Red_KidneyBean/RedKidneyBean_390.jpg,,Red_KidneyBean
train,Red_KidneyBean/RedKidneyBean_391.jpg,,Red_KidneyBean
train,Red_KidneyBean/RedKidneyBean_392.jpg,,Red_KidneyBean
train,Red_KidneyBean/RedKidneyBean_393.jpg,,Red_KidneyBean
train,Red_KidneyBean/RedKidneyBean_394.jpg,,Red_KidneyBean
train,Red_KidneyBean/RedKidneyBean_396.jpg,,Red_KidneyBean
train,Red_KidneyBean/RedKidneyBean_397.jpg,,Red_KidneyBean
train,Red_KidneyBean/RedKidneyBean_398.jpg,,Red_KidneyBean
train,Red_KidneyBean/RedKidneyBean_399.jpg,,Red_KidneyBean
train,Red_KidneyBean/RedKidneyBean_400.jpg,,Red_KidneyBean
train,Red_KidneyBean/RedKidneyBean_401.jpg,,Red_KidneyBean
train,Red_KidneyBean/RedKidneyBean_402.jpg,,Red_KidneyBean
train,Red_KidneyBean/RedKidneyBean_404.jpg,,Red_KidneyBean
train,Red_KidneyBean/RedKidneyBean_405.jpg,,Red_KidneyBean
train,Red_KidneyBean/RedKidneyBean_407.jpg,,Red_KidneyBean
train,Red_KidneyBean/RedKidneyBean_408.jpg,,Red_KidneyBean
train,Red_KidneyBean/RedKidneyBean_409.jpg,,Red_KidneyBean
train,Red_KidneyBean/RedKidneyBean_410.jpg,,Red_KidneyBean
train,Red_KidneyBean/RedKidneyBean_411.jpg,,Red_KidneyBean
train,Red_KidneyBean/RedKidneyBean_412.jpg,,Red_KidneyBean
train,Red_KidneyBean/RedKidneyBean_413.jpg,,Red_KidneyBean
train,Red_KidneyBean/RedKidneyBean_414.jpg,,Red_KidneyBean
train,Red_KidneyBean/RedKidneyBean_416.jpg,,Red_KidneyBean
train,Red_KidneyBean/RedKidneyBean_417.jpg,,Red_KidneyBean
train,Red_KidneyBean/RedKidneyBean_419.jpg,,Red_KidneyBean
train,Red_KidneyBean/RedKidneyBean_420.jpg,,Red_KidneyBean
train,Red_KidneyBean/RedKidneyBean_423.jpg,,Red_KidneyBean
train,Red_KidneyBean/RedKidneyBean_424.jpg,,Red_KidneyBean
train,Red_KidneyBean/RedKidneyBean_425.jpg,,Red_KidneyBean
train,Red_KidneyBean/RedKidneyBean_426.jpg,,Red_KidneyBean
train,Red_KidneyBean/RedKidneyBean_427.jpg,,Red_KidneyBean
train,Red_KidneyBean/RedKidneyBean_428.jpg,,Red_KidneyBean
train,Red_KidneyBean/RedKidneyBean_429.jpg,,Red_KidneyBean
train,Red_KidneyBean/RedKidneyBean_430.jpg,,Red_KidneyBean
train,Red_KidneyBean/RedKidneyBean_431.jpg,,Red_KidneyBean
train,Red_KidneyBean/RedKidneyBean_432.jpg,,Red_KidneyBean
train,Red_KidneyBean/RedKidneyBean_433.jpg,,Red_KidneyBean
train,Red_KidneyBean/RedKidneyBean_434.jpg,,Red_KidneyBean
train,Red_KidneyBean/RedKidneyBean_435.jpg,,Red_KidneyBean
train,Red_KidneyBean/RedKidneyBean_437.jpg,,Red_KidneyBean
train,Red_KidneyBean/RedKidneyBean_439.jpg,,Red_KidneyBean
train,Red_KidneyBean/RedKidneyBean_440.jpg,,Red_KidneyBean
train,Red_KidneyBean/RedKidneyBean_441.jpg,,Red_KidneyBean
train,Red_KidneyBean/RedKidneyBean_442.jpg,,Red_KidneyBean
train,Red_KidneyBean/RedKidneyBean_443.jpg,,Red_KidneyBean
train,Red_KidneyBean/RedKidneyBean_444.jpg,,Red_KidneyBean
train,Red_KidneyBean/RedKidneyBean_445.jpg,,Red_KidneyBean
train,Red_KidneyBean/RedKidneyBean_446.jpg,,Red_KidneyBean
train,Red_KidneyBean/RedKidneyBean_447.jpg,,Red_KidneyBean
train,Red_KidneyBean/RedKidneyBean_448.jpg,,Red_KidneyBean
train,Red_KidneyBean/RedKidneyBean_450.jpg,,Red_KidneyBean
train,Red_KidneyBean/RedKidneyBean_451.jpg,,Red_KidneyBean
train,Red_KidneyBean/RedKidneyBean_452.jpg,,Red_KidneyBean
train,Red_KidneyBean/RedKidneyBean_453.jpg,,Red_KidneyBean
train,Red_KidneyBean/RedKidneyBean_454.jpg,,Red_KidneyBean
train,Red_KidneyBean/RedKidneyBean_455.jpg,,Red_KidneyBean
train,Red_KidneyBean/RedKidneyBean_457.jpg,,Red_KidneyBean
train,Red_KidneyBean/RedKidneyBean_458.jpg,,Red_KidneyBean
train,Red_KidneyBean/RedKidneyBean_459.jpg,,Red_KidneyBean
train,Red_KidneyBean/RedKidneyBean_460.jpg,,Red_KidneyBean
train,Red_KidneyBean/RedKidneyBean_461.jpg,,Red_KidneyBean
train,Red_KidneyBean/RedKidneyBean_462.jpg,,Red_KidneyBean
train,Red_KidneyBean/RedKidneyBean_465.jpg,,Red_KidneyBean
train,Red_KidneyBean/RedKidneyBean_466.jpg,,Red_KidneyBean
train,Red_KidneyBean/RedKidneyBean_467.jpg,,Red_KidneyBean
train,Red_KidneyBean/RedKidneyBean_468.jpg,,Red_KidneyBean
train,Red_KidneyBean/RedKidneyBean_470.jpg,,Red_KidneyBean
train,Red_KidneyBean/RedKidneyBean_472.jpg,,Red_KidneyBean
train,Red_KidneyBean/RedKidneyBean_473.jpg,,Red_KidneyBean
train,Red_KidneyBean/RedKidneyBean_474.jpg,,Red_KidneyBean
train,Red_KidneyBean/RedKidneyBean_475.jpg,,Red_KidneyBean
train,Red_KidneyBean/RedKidneyBean_477.jpg,,Red_KidneyBean
train,Red_KidneyBean/RedKidneyBean_479.jpg,,Red_KidneyBean
train,Red_KidneyBean/RedKidneyBean_480.jpg,,Red_KidneyBean
train,Red_KidneyBean/RedKidneyBean_481.jpg,,Red_KidneyBean
train,Red_KidneyBean/RedKidneyBean_482.jpg,,Red_KidneyBean
train,Red_KidneyBean/RedKidneyBean_483.jpg,,Red_KidneyBean
train,Red_KidneyBean/RedKidneyBean_487.jpg,,Red_KidneyBean
train,Red_KidneyBean/RedKidneyBean_488.jpg,,Red_KidneyBean
train,Red_KidneyBean/RedKidneyBean_490.jpg,,Red_KidneyBean
train,Red_KidneyBean/RedKidneyBean_491.jpg,,Red_KidneyBean
train,Red_KidneyBean/RedKidneyBean_493.jpg,,Red_KidneyBean
train,Red_KidneyBean/RedKidneyBean_494.jpg,,Red_KidneyBean
train,Red_KidneyBean/RedKidneyBean_495.jpg,,Red_KidneyBean
train,Red_KidneyBean/RedKidneyBean_496.jpg,,Red_KidneyBean
train,Red_KidneyBean/RedKidneyBean_497.jpg,,Red_KidneyBean
train,Red_KidneyBean/RedKidneyBean_498.jpg,,Red_KidneyBean
train,Red_KidneyBean/RedKidneyBean_500.jpg,,Red_KidneyBean
train,Red_chickpea/RedChickPea_001.jpg,,Red_chickpea
train,Red_chickpea/RedChickPea_003.jpg,,Red_chickpea
train,Red_chickpea/RedChickPea_005.jpg,,Red_chickpea
train,Red_chickpea/RedChickPea_006.jpg,,Red_chickpea
train,Red_chickpea/RedChickPea_007.jpg,,Red_chickpea
train,Red_chickpea/RedChickPea_008.jpg,,Red_chickpea
train,Red_chickpea/RedChickPea_010.jpg,,Red_chickpea
train,Red_chickpea/RedChickPea_012.jpg,,Red_chickpea
train,Red_chickpea/RedChickPea_013.jpg,,Red_chickpea
train,Red_chickpea/RedChickPea_014.jpg,,Red_chickpea
train,Red_chickpea/RedChickPea_015.jpg,,Red_chickpea
train,Red_chickpea/RedChickPea_016.jpg,,Red_chickpea
train,Red_chickpea/RedChickPea_017.jpg,,Red_chickpea
train,Red_chickpea/RedChickPea_018.jpg,,Red_chickpea
train,Red_chickpea/RedChickPea_019.jpg,,Red_chickpea
train,Red_chickpea/RedChickPea_020.jpg,,Red_chickpea
train,Red_chickpea/RedChickPea_022.jpg,,Red_chickpea
train,Red_chickpea/RedChickPea_023.jpg,,Red_chickpea
train,Red_chickpea/RedChickPea_024.jpg,,Red_chickpea
train,Red_chickpea/RedChickPea_026.jpg,,Red_chickpea
train,Red_chickpea/RedChickPea_027.jpg,,Red_chickpea
train,Red_chickpea/RedChickPea_028.jpg,,Red_chickpea
train,Red_chickpea/RedChickPea_030.jpg,,Red_chickpea
train,Red_chickpea/RedChickPea_032.jpg,,Red_chickpea
train,Red_chickpea/RedChickPea_033.jpg,,Red_chickpea
train,Red_chickpea/RedChickPea_034.jpg,,Red_chickpea
train,Red_chickpea/RedChickPea_036.jpg,,Red_chickpea
train,Red_chickpea/RedChickPea_037.jpg,,Red_chickpea
train,Red_chickpea/RedChickPea_038.jpg,,Red_chickpea
train,Red_chickpea/RedChickPea_039.jpg,,Red_chickpea
train,Red_chickpea/RedChickPea_040.jpg,,Red_chickpea
train,Red_chickpea/RedChickPea_041.jpg,,Red_chickpea
train,Red_chickpea/RedChickPea_042.jpg,,Red_chickpea
train,Red_chickpea/RedChickPea_044.jpg,,Red_chickpea
train,Red_chickpea/RedChickPea_045.jpg,,Red_chickpea
train,Red_chickpea/RedChickPea_046.jpg,,Red_chickpea
train,Red_chickpea/RedChickPea_048.jpg,,Red_chickpea
train,Red_chickpea/RedChickPea_049.jpg,,Red_chickpea
train,Red_chickpea/RedChickPea_050.jpg,,Red_chickpea
train,Red_chickpea/RedChickPea_051.jpg,,Red_chickpea
train,Red_chickpea/RedChickPea_052.jpg,,Red_chickpea
train,Red_chickpea/RedChickPea_053.jpg,,Red_chickpea
train,Red_chickpea/RedChickPea_055.jpg,,Red_chickpea
train,Red_chickpea/RedChickPea_056.jpg,,Red_chickpea
train,Red_chickpea/RedChickPea_057.jpg,,Red_chickpea
train,Red_chickpea/RedChickPea_058.jpg,,Red_chickpea
train,Red_chickpea/RedChickPea_059.jpg,,Red_chickpea
train,Red_chickpea/RedChickPea_060.jpg,,Red_chickpea
train,Red_chickpea/RedChickPea_061.jpg,,Red_chickpea
train,Red_chickpea/RedChickPea_062.jpg,,Red_chickpea
train,Red_chickpea/RedChickPea_064.jpg,,Red_chickpea
train,Red_chickpea/RedChickPea_065.jpg,,Red_chickpea
train,Red_chickpea/RedChickPea_066.jpg,,Red_chickpea
train,Red_chickpea/RedChickPea_067.jpg,,Red_chickpea
train,Red_chickpea/RedChickPea_069.jpg,,Red_chickpea
train,Red_chickpea/RedChickPea_070.jpg,,Red_chickpea
train,Red_chickpea/RedChickPea_071.jpg,,Red_chickpea
train,Red_chickpea/RedChickPea_073.jpg,,Red_chickpea
train,Red_chickpea/RedChickPea_074.jpg,,Red_chickpea
train,Red_chickpea/RedChickPea_076.jpg,,Red_chickpea
train,Red_chickpea/RedChickPea_077.jpg,,Red_chickpea
train,Red_chickpea/RedChickPea_078.jpg,,Red_chickpea
train,Red_chickpea/RedChickPea_080.jpg,,Red_chickpea
train,Red_chickpea/RedChickPea_081.jpg,,Red_chickpea
train,Red_chickpea/RedChickPea_082.jpg,,Red_chickpea
train,Red_chickpea/RedChickPea_084.jpg,,Red_chickpea
train,Red_chickpea/RedChickPea_085.jpg,,Red_chickpea
train,Red_chickpea/RedChickPea_086.jpg,,Red_chickpea
train,Red_chickpea/RedChickPea_089.jpg,,Red_chickpea
train,Red_chickpea/RedChickPea_090.jpg,,Red_chickpea
train,Red_chickpea/RedChickPea_091.jpg,,Red_chickpea
train,Red_chickpea/RedChickPea_093.jpg,,Red_chickpea
train,Red_chickpea/RedChickPea_095.jpg,,Red_chickpea
train,Red_chickpea/RedChickPea_096.jpg,,Red_chickpea
train,Red_chickpea/RedChickPea_097.jpg,,Red_chickpea
train,Red_chickpea/RedChickPea_098.jpg,,Red_chickpea
train,Red_chickpea/RedChickPea_100.jpg,,Red_chickpea
train,Red_chickpea/RedChickPea_102.jpg,,Red_chickpea
train,Red_chickpea/RedChickPea_103.jpg,,Red_chickpea
train,Red_chickpea/RedChickPea_105.jpg,,Red_chickpea
train,Red_chickpea/RedChickPea_106.jpg,,Red_chickpea
train,Red_chickpea/RedChickPea_107.jpg,,Red_chickpea
train,Red_chickpea/RedChickPea_108.jpg,,Red_chickpea
train,Red_chickpea/RedChickPea_110.jpg,,Red_chickpea
train,Red_chickpea/RedChickPea_111.jpg,,Red_chickpea
train,Red_chickpea/RedChickPea_112.jpg,,Red_chickpea
train,Red_chickpea/RedChickPea_113.jpg,,Red_chickpea
train,Red_chickpea/RedChickPea_115.jpg,,Red_chickpea
train,Red_chickpea/RedChickPea_116.jpg,,Red_chickpea
train,Red_chickpea/RedChickPea_117.jpg,,Red_chickpea
train,Red_chickpea/RedChickPea_119.jpg,,Red_chickpea
train,Red_chickpea/RedChickPea_120.jpg,,Red_chickpea
train,Red_chickpea/RedChickPea_121.jpg,,Red_chickpea
train,Red_chickpea/RedChickPea_122.jpg,,Red_chickpea
train,Red_chickpea/RedChickPea_123.jpg,,Red_chickpea
train,Red_chickpea/RedChickPea_124.jpg,,Red_chickpea
train,Red_chickpea/RedChickPea_125.jpg,,Red_chickpea
train,Red_chickpea/RedChickPea_126.jpg,,Red_chickpea
train,Red_chickpea/RedChickPea_127.jpg,,Red_chickpea
train,Red_chickpea/RedChickPea_128.jpg,,Red_chickpea
train,Red_chickpea/RedChickPea_129.jpg,,Red_chickpea
train,Red_chickpea/RedChickPea_131.jpg,,Red_chickpea
train,Red_chickpea/RedChickPea_132.jpg,,Red_chickpea
train,Red_chickpea/RedChickPea_133.jpg,,Red_chickpea
train,Red_chickpea/RedChickPea_134.jpg,,Red_chickpea
train,Red_chickpea/RedChickPea_135.jpg,,Red_chickpea
train,Red_chickpea/RedChickPea_136.jpg,,Red_chickpea
train,Red_chickpea/RedChickPea_137.jpg,,Red_chickpea
train,Red_chickpea/RedChickPea_138.jpg,,Red_chickpea
train,Red_chickpea/RedChickPea_139.jpg,,Red_chickpea
train,Red_chickpea/RedChickPea_140.jpg,,Red_chickpea
train,Red_chickpea/RedChickPea_141.jpg,,Red_chickpea
train,Red_chickpea/RedChickPea_142.jpg,,Red_chickpea
train,Red_chickpea/RedChickPea_144.jpg,,Red_chickpea
train,Red_chickpea/RedChickPea_145.jpg,,Red_chickpea
train,Red_chickpea/RedChickPea_146.jpg,,Red_chickpea
train,Red_chickpea/RedChickPea_147.jpg,,Red_chickpea
train,Red_chickpea/RedChickPea_148.jpg,,Red_chickpea
train,Red_chickpea/RedChickPea_149.jpg,,Red_chickpea
train,Red_chickpea/RedChickPea_150.jpg,,Red_chickpea
train,Red_chickpea/RedChickPea_152.jpg,,Red_chickpea
train,Red_chickpea/RedChickPea_153.jpg,,Red_chickpea
train,Red_chickpea/RedChickPea_154.jpg,,Red_chickpea
train,Red_chickpea/RedChickPea_156.jpg,,Red_chickpea
train,Red_chickpea/RedChickPea_157.jpg,,Red_chickpea
train,Red_chickpea/RedChickPea_158.jpg,,Red_chickpea
train,Red_chickpea/RedChickPea_160.jpg,,Red_chickpea
train,Red_chickpea/RedChickPea_161.jpg,,Red_chickpea
train,Red_chickpea/RedChickPea_165.jpg,,Red_chickpea
train,Red_chickpea/RedChickPea_166.jpg,,Red_chickpea
train,Red_chickpea/RedChickPea_168.jpg,,Red_chickpea
train,Red_chickpea/RedChickPea_169.jpg,,Red_chickpea
train,Red_chickpea/RedChickPea_170.jpg,,Red_chickpea
train,Red_chickpea/RedChickPea_171.jpg,,Red_chickpea
train,Red_chickpea/RedChickPea_172.jpg,,Red_chickpea
train,Red_chickpea/RedChickPea_174.jpg,,Red_chickpea
train,Red_chickpea/RedChickPea_176.jpg,,Red_chickpea
train,Red_chickpea/RedChickPea_177.jpg,,Red_chickpea
train,Red_chickpea/RedChickPea_180.jpg,,Red_chickpea
train,Red_chickpea/RedChickPea_181.jpg,,Red_chickpea
train,Red_chickpea/RedChickPea_182.jpg,,Red_chickpea
train,Red_chickpea/RedChickPea_183.jpg,,Red_chickpea
train,Red_chickpea/RedChickPea_184.jpg,,Red_chickpea
train,Red_chickpea/RedChickPea_185.jpg,,Red_chickpea
train,Red_chickpea/RedChickPea_186.jpg,,Red_chickpea
train,Red_chickpea/RedChickPea_187.jpg,,Red_chickpea
train,Red_chickpea/RedChickPea_188.jpg,,Red_chickpea
train,Red_chickpea/RedChickPea_189.jpg,,Red_chickpea
train,Red_chickpea/RedChickPea_190.jpg,,Red_chickpea
train,Red_chickpea/RedChickPea_191.jpg,,Red_chickpea
train,Red_chickpea/RedChickPea_192.jpg,,Red_chickpea
train,Red_chickpea/RedChickPea_193.jpg,,Red_chickpea
train,Red_chickpea/RedChickPea_195.jpg,,Red_chickpea
train,Red_chickpea/RedChickPea_196.jpg,,Red_chickpea
train,Red_chickpea/RedChickPea_197.jpg,,Red_chickpea
train,Red_chickpea/RedChickPea_200.jpg,,Red_chickpea
train,Red_chickpea/RedChickPea_201.jpg,,Red_chickpea
train,Red_chickpea/RedChickPea_202.jpg,,Red_chickpea
train,Red_chickpea/RedChickPea_203.jpg,,Red_chickpea
train,Red_chickpea/RedChickPea_204.jpg,,Red_chickpea
train,Red_chickpea/RedChickPea_205.jpg,,Red_chickpea
train,Red_chickpea/RedChickPea_206.jpg,,Red_chickpea
train,Red_chickpea/RedChickPea_207.jpg,,Red_chickpea
train,Red_chickpea/RedChickPea_208.jpg,,Red_chickpea
train,Red_chickpea/RedChickPea_210.jpg,,Red_chickpea
train,Red_chickpea/RedChickPea_211.jpg,,Red_chickpea
train,Red_chickpea/RedChickPea_213.jpg,,Red_chickpea
train,Red_chickpea/RedChickPea_215.jpg,,Red_chickpea
train,Red_chickpea/RedChickPea_216.jpg,,Red_chickpea
train,Red_chickpea/RedChickPea_217.jpg,,Red_chickpea
train,Red_chickpea/RedChickPea_218.jpg,,Red_chickpea
train,Red_chickpea/RedChickPea_219.jpg,,Red_chickpea
train,Red_chickpea/RedChickPea_220.jpg,,Red_chickpea
train,Red_chickpea/RedChickPea_221.jpg,,Red_chickpea
train,Red_chickpea/RedChickPea_223.jpg,,Red_chickpea
train,Red_chickpea/RedChickPea_224.jpg,,Red_chickpea
train,Red_chickpea/RedChickPea_226.jpg,,Red_chickpea
train,Red_chickpea/RedChickPea_227.jpg,,Red_chickpea
train,Red_chickpea/RedChickPea_228.jpg,,Red_chickpea
train,Red_chickpea/RedChickPea_229.jpg,,Red_chickpea
train,Red_chickpea/RedChickPea_230.jpg,,Red_chickpea
train,Red_chickpea/RedChickPea_231.jpg,,Red_chickpea
train,Red_chickpea/RedChickPea_232.jpg,,Red_chickpea
train,Red_chickpea/RedChickPea_233.jpg,,Red_chickpea
train,Red_chickpea/RedChickPea_235.jpg,,Red_chickpea
train,Red_chickpea/RedChickPea_238.jpg,,Red_chickpea
train,Red_chickpea/RedChickPea_239.jpg,,Red_chickpea
train,Red_chickpea/RedChickPea_240.jpg,,Red_chickpea
train,Red_chickpea/RedChickPea_241.jpg,,Red_chickpea
train,Red_chickpea/RedChickPea_242.jpg,,Red_chickpea
train,Red_chickpea/RedChickPea_243.jpg,,Red_chickpea
train,Red_chickpea/RedChickPea_245.jpg,,Red_chickpea
train,Red_chickpea/RedChickPea_246.jpg,,Red_chickpea
train,Red_chickpea/RedChickPea_248.jpg,,Red_chickpea
train,Red_chickpea/RedChickPea_249.jpg,,Red_chickpea
train,Red_chickpea/RedChickPea_250.jpg,,Red_chickpea
train,Red_chickpea/RedChickPea_251.jpg,,Red_chickpea
train,Red_chickpea/RedChickPea_254.jpg,,Red_chickpea
train,Red_chickpea/RedChickPea_255.jpg,,Red_chickpea
train,Red_chickpea/RedChickPea_256.jpg,,Red_chickpea
train,Red_chickpea/RedChickPea_257.jpg,,Red_chickpea
train,Red_chickpea/RedChickPea_258.jpg,,Red_chickpea
train,Red_chickpea/RedChickPea_261.jpg,,Red_chickpea
train,Red_chickpea/RedChickPea_262.jpg,,Red_chickpea
train,Red_chickpea/RedChickPea_263.jpg,,Red_chickpea
train,Red_chickpea/RedChickPea_264.jpg,,Red_chickpea
train,Red_chickpea/RedChickPea_265.jpg,,Red_chickpea
train,Red_chickpea/RedChickPea_266.jpg,,Red_chickpea
train,Red_chickpea/RedChickPea_267.jpg,,Red_chickpea
train,Red_chickpea/RedChickPea_268.jpg,,Red_chickpea
train,Red_chickpea/RedChickPea_270.jpg,,Red_chickpea
train,Red_chickpea/RedChickPea_272.jpg,,Red_chickpea
train,Red_chickpea/RedChickPea_273.jpg,,Red_chickpea
train,Red_chickpea/RedChickPea_275.jpg,,Red_chickpea
train,Red_chickpea/RedChickPea_277.jpg,,Red_chickpea
train,Red_chickpea/RedChickPea_278.jpg,,Red_chickpea
train,Red_chickpea/RedChickPea_279.jpg,,Red_chickpea
train,Red_chickpea/RedChickPea_280.jpg,,Red_chickpea
train,Red_chickpea/RedChickPea_281.jpg,,Red_chickpea
train,Red_chickpea/RedChickPea_282.jpg,,Red_chickpea
train,Red_chickpea/RedChickPea_283.jpg,,Red_chickpea
train,Red_chickpea/RedChickPea_284.jpg,,Red_chickpea
train,Red_chickpea/RedChickPea_285.jpg,,Red_chickpea
train,Red_chickpea/RedChickPea_286.jpg,,Red_chickpea
train,Red_chickpea/RedChickPea_287.jpg,,Red_chickpea
train,Red_chickpea/RedChickPea_288.jpg,,Red_chickpea
train,Red_chickpea/RedChickPea_289.jpg,,Red_chickpea
train,Red_chickpea/RedChickPea_290.jpg,,Red_chickpea
train,Red_chickpea/RedChickPea_291.jpg,,Red_chickpea
train,Red_chickpea/RedChickPea_292.jpg,,Red_chickpea
train,Red_chickpea/RedChickPea_293.jpg,,Red_chickpea
train,Red_chickpea/RedChickPea_295.jpg,,Red_chickpea
train,Red_chickpea/RedChickPea_296.jpg,,Red_chickpea
train,Red_chickpea/RedChickPea_297.jpg,,Red_chickpea
train,Red_chickpea/RedChickPea_299.jpg,,Red_chickpea
train,Red_chickpea/RedChickPea_300.jpg,,Red_chickpea
train,Red_chickpea/RedChickPea_301.jpg,,Red_chickpea
train,Red_chickpea/RedChickPea_302.jpg,,Red_chickpea
train,Red_chickpea/RedChickPea_303.jpg,,Red_chickpea
train,Red_chickpea/RedChickPea_305.jpg,,Red_chickpea
train,Red_chickpea/RedChickPea_306.jpg,,Red_chickpea
train,Red_chickpea/RedChickPea_307.jpg,,Red_chickpea
train,Red_chickpea/RedChickPea_309.jpg,,Red_chickpea
train,Red_chickpea/RedChickPea_310.jpg,,Red_chickpea
train,Red_chickpea/RedChickPea_311.jpg,,Red_chickpea
train,Red_chickpea/RedChickPea_312.jpg,,Red_chickpea
train,Red_chickpea/RedChickPea_313.jpg,,Red_chickpea
train,Red_chickpea/RedChickPea_314.jpg,,Red_chickpea
train,Red_chickpea/RedChickPea_315.jpg,,Red_chickpea
train,Red_chickpea/RedChickPea_316.jpg,,Red_chickpea
train,Red_chickpea/RedChickPea_318.jpg,,Red_chickpea
train,Red_chickpea/RedChickPea_319.jpg,,Red_chickpea
train,Red_chickpea/RedChickPea_320.jpg,,Red_chickpea
train,Red_chickpea/RedChickPea_321.jpg,,Red_chickpea
train,Red_chickpea/RedChickPea_322.jpg,,Red_chickpea
train,Red_chickpea/RedChickPea_324.jpg,,Red_chickpea
train,Red_chickpea/RedChickPea_325.jpg,,Red_chickpea
train,Red_chickpea/RedChickPea_328.jpg,,Red_chickpea
train,Red_chickpea/RedChickPea_329.jpg,,Red_chickpea
train,Red_chickpea/RedChickPea_330.jpg,,Red_chickpea
train,Red_chickpea/RedChickPea_331.jpg,,Red_chickpea
train,Red_chickpea/RedChickPea_332.jpg,,Red_chickpea
train,Red_chickpea/RedChickPea_333.jpg,,Red_chickpea
train,Red_chickpea/RedChickPea_334.jpg,,Red_chickpea
train,Red_chickpea/RedChickPea_335.jpg,,Red_chickpea
train,Red_chickpea/RedChickPea_336.jpg,,Red_chickpea
train,Red_chickpea/RedChickPea_337.jpg,,Red_chickpea
train,Red_chickpea/RedChickPea_338.jpg,,Red_chickpea
train,Red_chickpea/RedChickPea_339.jpg,,Red_chickpea
train,Red_chickpea/RedChickPea_340.jpg,,Red_chickpea
train,Red_chickpea/RedChickPea_341.jpg,,Red_chickpea
train,Red_chickpea/RedChickPea_342.jpg,,Red_chickpea
train,Red_chickpea/RedChickPea_343.jpg,,Red_chickpea
train,Red_chickpea/RedChickPea_344.jpg,,Red_chickpea
train,Red_chickpea/RedChickPea_345.jpg,,Red_chickpea
train,Red_chickpea/RedChickPea_346.jpg,,Red_chickpea
train,Red_chickpea/RedChickPea_347.jpg,,Red_chickpea
train,Red_chickpea/RedChickPea_348.jpg,,Red_chickpea
train,Red_chickpea/RedChickPea_350.jpg,,Red_chickpea
train,Red_chickpea/RedChickPea_352.jpg,,Red_chickpea
train,Red_chickpea/RedChickPea_353.jpg,,Red_chickpea
train,Red_chickpea/RedChickPea_354.jpg,,Red_chickpea
train,Red_chickpea/RedChickPea_355.jpg,,Red_chickpea
train,Red_chickpea/RedChickPea_356.jpg,,Red_chickpea
train,Red_chickpea/RedChickPea_357.jpg,,Red_chickpea
train,Red_chickpea/RedChickPea_359.jpg,,Red_chickpea
train,Red_chickpea/RedChickPea_360.jpg,,Red_chickpea
train,Red_chickpea/RedChickPea_361.jpg,,Red_chickpea
train,Red_chickpea/RedChickPea_362.jpg,,Red_chickpea
train,Red_chickpea/RedChickPea_363.jpg,,Red_chickpea
train,Red_chickpea/RedChickPea_364.jpg,,Red_chickpea
train,Red_chickpea/RedChickPea_365.jpg,,Red_chickpea
train,Red_chickpea/RedChickPea_366.jpg,,Red_chickpea
train,Red_chickpea/RedChickPea_367.jpg,,Red_chickpea
train,Red_chickpea/RedChickPea_368.jpg,,Red_chickpea
train,Red_chickpea/RedChickPea_370.jpg,,Red_chickpea
train,Red_chickpea/RedChickPea_371.jpg,,Red_chickpea
train,Red_chickpea/RedChickPea_372.jpg,,Red_chickpea
train,Red_chickpea/RedChickPea_373.jpg,,Red_chickpea
train,Red_chickpea/RedChickPea_374.jpg,,Red_chickpea
train,Red_chickpea/RedChickPea_376.jpg,,Red_chickpea
train,Red_chickpea/RedChickPea_379.jpg,,Red_chickpea
train,Red_chickpea/RedChickPea_380.jpg,,Red_chickpea
train,Red_chickpea/RedChickPea_381.jpg,,Red_chickpea
train,Red_chickpea/RedChickPea_382.jpg,,Red_chickpea
train,Red_chickpea/RedChickPea_383.jpg,,Red_chickpea
train,Red_chickpea/RedChickPea_384.jpg,,Red_chickpea
train,Red_chickpea/RedChickPea_385.jpg,,Red_chickpea
train,Red_chickpea/RedChickPea_386.jpg,,Red_chickpea
train,Red_chickpea/RedChickPea_387.jpg,,Red_chickpea
train,Red_chickpea/RedChickPea_388.jpg,,Red_chickpea
train,Red_chickpea/RedChickPea_389.jpg,,Red_chickpea
train,Red_chickpea/RedChickPea_391.jpg,,Red_chickpea
train,Red_chickpea/RedChickPea_395.jpg,,Red_chickpea
train,Red_chickpea/RedChickPea_396.jpg,,Red_chickpea
train,Red_chickpea/RedChickPea_397.jpg,,Red_chickpea
train,Red_chickpea/RedChickPea_398.jpg,,Red_chickpea
train,Red_chickpea/RedChickPea_400.jpg,,Red_chickpea
train,Red_chickpea/RedChickPea_403.jpg,,Red_chickpea
train,Red_chickpea/RedChickPea_404.jpg,,Red_chickpea
train,Red_chickpea/RedChickPea_406.jpg,,Red_chickpea
train,Red_chickpea/RedChickPea_407.jpg,,Red_chickpea
train,Red_chickpea/RedChickPea_408.jpg,,Red_chickpea
train,Red_chickpea/RedChickPea_409.jpg,,Red_chickpea
train,Red_chickpea/RedChickPea_410.jpg,,Red_chickpea
train,Red_chickpea/RedChickPea_411.jpg,,Red_chickpea
train,Red_chickpea/RedChickPea_412.jpg,,Red_chickpea
train,Red_chickpea/RedChickPea_413.jpg,,Red_chickpea
train,Red_chickpea/RedChickPea_414.jpg,,Red_chickpea
train,Red_chickpea/RedChickPea_415.jpg,,Red_chickpea
train,Red_chickpea/RedChickPea_416.jpg,,Red_chickpea
train,Red_chickpea/RedChickPea_417.jpg,,Red_chickpea
train,Red_chickpea/RedChickPea_418.jpg,,Red_chickpea
train,Red_chickpea/RedChickPea_419.jpg,,Red_chickpea
train,Red_chickpea/RedChickPea_420.jpg,,Red_chickpea
train,Red_chickpea/RedChickPea_421.jpg,,Red_chickpea
train,Red_chickpea/RedChickPea_422.jpg,,Red_chickpea
train,Red_chickpea/RedChickPea_423.jpg,,Red_chickpea
train,Red_chickpea/RedChickPea_424.jpg,,Red_chickpea
train,Red_chickpea/RedChickPea_425.jpg,,Red_chickpea
train,Red_chickpea/RedChickPea_426.jpg,,Red_chickpea
train,Red_chickpea/RedChickPea_427.jpg,,Red_chickpea
train,Red_chickpea/RedChickPea_428.jpg,,Red_chickpea
train,Red_chickpea/RedChickPea_430.jpg,,Red_chickpea
train,Red_chickpea/RedChickPea_431.jpg,,Red_chickpea
train,Red_chickpea/RedChickPea_432.jpg,,Red_chickpea
train,Red_chickpea/RedChickPea_433.jpg,,Red_chickpea
train,Red_chickpea/RedChickPea_434.jpg,,Red_chickpea
train,Red_chickpea/RedChickPea_435.jpg,,Red_chickpea
train,Red_chickpea/RedChickPea_436.jpg,,Red_chickpea
train,Red_chickpea/RedChickPea_437.jpg,,Red_chickpea
train,Red_chickpea/RedChickPea_438.jpg,,Red_chickpea
train,Red_chickpea/RedChickPea_441.jpg,,Red_chickpea
train,Red_chickpea/RedChickPea_442.jpg,,Red_chickpea
train,Red_chickpea/RedChickPea_443.jpg,,Red_chickpea
train,Red_chickpea/RedChickPea_445.jpg,,Red_chickpea
train,Red_chickpea/RedChickPea_446.jpg,,Red_chickpea
train,Red_chickpea/RedChickPea_449.jpg,,Red_chickpea
train,Red_chickpea/RedChickPea_450.jpg,,Red_chickpea
train,Red_chickpea/RedChickPea_451.jpg,,Red_chickpea
train,Red_chickpea/RedChickPea_452.jpg,,Red_chickpea
train,Red_chickpea/RedChickPea_453.jpg,,Red_chickpea
train,Red_chickpea/RedChickPea_454.jpg,,Red_chickpea
train,Red_chickpea/RedChickPea_455.jpg,,Red_chickpea
train,Red_chickpea/RedChickPea_456.jpg,,Red_chickpea
train,Red_chickpea/RedChickPea_457.jpg,,Red_chickpea
train,Red_chickpea/RedChickPea_459.jpg,,Red_chickpea
train,Red_chickpea/RedChickPea_461.jpg,,Red_chickpea
train,Red_chickpea/RedChickPea_462.jpg,,Red_chickpea
train,Red_chickpea/RedChickPea_464.jpg,,Red_chickpea
train,Red_chickpea/RedChickPea_466.jpg,,Red_chickpea
train,Red_chickpea/RedChickPea_468.jpg,,Red_chickpea
train,Red_chickpea/RedChickPea_469.jpg,,Red_chickpea
train,Red_chickpea/RedChickPea_470.jpg,,Red_chickpea
train,Red_chickpea/RedChickPea_471.jpg,,Red_chickpea
train,Red_chickpea/RedChickPea_472.jpg,,Red_chickpea
train,Red_chickpea/RedChickPea_473.jpg,,Red_chickpea
train,Red_chickpea/RedChickPea_474.jpg,,Red_chickpea
train,Red_chickpea/RedChickPea_476.jpg,,Red_chickpea
train,Red_chickpea/RedChickPea_477.jpg,,Red_chickpea
train,Red_chickpea/RedChickPea_478.jpg,,Red_chickpea
train,Red_chickpea/RedChickPea_479.jpg,,Red_chickpea
train,Red_chickpea/RedChickPea_480.jpg,,Red_chickpea
train,Red_chickpea/RedChickPea_481.jpg,,Red_chickpea
train,Red_chickpea/RedChickPea_482.jpg,,Red_chickpea
train,Red_chickpea/RedChickPea_483.jpg,,Red_chickpea
train,Red_chickpea/RedChickPea_485.jpg,,Red_chickpea
train,Red_chickpea/RedChickPea_486.jpg,,Red_chickpea
train,Red_chickpea/RedChickPea_489.jpg,,Red_chickpea
train,Red_chickpea/RedChickPea_490.jpg,,Red_chickpea
train,Red_chickpea/RedChickPea_493.jpg,,Red_chickpea
train,Red_chickpea/RedChickPea_494.jpg,,Red_chickpea
train,Red_chickpea/RedChickPea_495.jpg,,Red_chickpea
train,Red_chickpea/RedChickPea_496.jpg,,Red_chickpea
train,Red_chickpea/RedChickPea_497.jpg,,Red_chickpea
train,Red_chickpea/RedChickPea_498.jpg,,Red_chickpea
train,Red_chickpea/RedChickPea_499.jpg,,Red_chickpea
train,Red_chickpea/RedChickPea_500.jpg,,Red_chickpea
train,Soya_Bean/SoyaBean_001.jpg,,Soya_Bean
train,Soya_Bean/SoyaBean_002.jpg,,Soya_Bean
train,Soya_Bean/SoyaBean_004.jpg,,Soya_Bean
train,Soya_Bean/SoyaBean_005.jpg,,Soya_Bean
train,Soya_Bean/SoyaBean_006.jpg,,Soya_Bean
train,Soya_Bean/SoyaBean_008.jpg,,Soya_Bean
train,Soya_Bean/SoyaBean_009.jpg,,Soya_Bean
train,Soya_Bean/SoyaBean_010.jpg,,Soya_Bean
train,Soya_Bean/SoyaBean_011.jpg,,Soya_Bean
train,Soya_Bean/SoyaBean_012.jpg,,Soya_Bean
train,Soya_Bean/SoyaBean_013.jpg,,Soya_Bean
train,Soya_Bean/SoyaBean_014.jpg,,Soya_Bean
train,Soya_Bean/SoyaBean_015.jpg,,Soya_Bean
train,Soya_Bean/SoyaBean_016.jpg,,Soya_Bean
train,Soya_Bean/SoyaBean_017.jpg,,Soya_Bean
train,Soya_Bean/SoyaBean_018.jpg,,Soya_Bean
train,Soya_Bean/SoyaBean_019.jpg,,Soya_Bean
train,Soya_Bean/SoyaBean_020.jpg,,Soya_Bean
train,Soya_Bean/SoyaBean_022.jpg,,Soya_Bean
train,Soya_Bean/SoyaBean_023.jpg,,Soya_Bean
train,Soya_Bean/SoyaBean_025.jpg,,Soya_Bean
train,Soya_Bean/SoyaBean_027.jpg,,Soya_Bean
train,Soya_Bean/SoyaBean_030.jpg,,Soya_Bean
train,Soya_Bean/SoyaBean_031.jpg,,Soya_Bean
train,Soya_Bean/SoyaBean_032.jpg,,Soya_Bean
train,Soya_Bean/SoyaBean_033.jpg,,Soya_Bean
train,Soya_Bean/SoyaBean_034.jpg,,Soya_Bean
train,Soya_Bean/SoyaBean_035.jpg,,Soya_Bean
train,Soya_Bean/SoyaBean_038.jpg,,Soya_Bean
train,Soya_Bean/SoyaBean_039.jpg,,Soya_Bean
train,Soya_Bean/SoyaBean_042.jpg,,Soya_Bean
train,Soya_Bean/SoyaBean_043.jpg,,Soya_Bean
train,Soya_Bean/SoyaBean_044.jpg,,Soya_Bean
train,Soya_Bean/SoyaBean_045.jpg,,Soya_Bean
train,Soya_Bean/SoyaBean_046.jpg,,Soya_Bean
train,Soya_Bean/SoyaBean_047.jpg,,Soya_Bean
train,Soya_Bean/SoyaBean_049.jpg,,Soya_Bean
train,Soya_Bean/SoyaBean_050.jpg,,Soya_Bean
train,Soya_Bean/SoyaBean_051.jpg,,Soya_Bean
train,Soya_Bean/SoyaBean_052.jpg,,Soya_Bean
train,Soya_Bean/SoyaBean_053.jpg,,Soya_Bean
train,Soya_Bean/SoyaBean_054.jpg,,Soya_Bean
train,Soya_Bean/SoyaBean_055.jpg,,Soya_Bean
train,Soya_Bean/SoyaBean_056.jpg,,Soya_Bean
train,Soya_Bean/SoyaBean_057.jpg,,Soya_Bean
train,Soya_Bean/SoyaBean_058.jpg,,Soya_Bean
train,Soya_Bean/SoyaBean_059.jpg,,Soya_Bean
train,Soya_Bean/SoyaBean_061.jpg,,Soya_Bean
train,Soya_Bean/SoyaBean_062.jpg,,Soya_Bean
train,Soya_Bean/SoyaBean_063.jpg,,Soya_Bean
train,Soya_Bean/SoyaBean_064.jpg,,Soya_Bean
train,Soya_Bean/SoyaBean_065.jpg,,Soya_Bean
train,Soya_Bean/SoyaBean_067.jpg,,Soya_Bean
train,Soya_Bean/SoyaBean_068.jpg,,Soya_Bean
train,Soya_Bean/SoyaBean_069.jpg,,Soya_Bean
train,Soya_Bean/SoyaBean_070.jpg,,Soya_Bean
train,Soya_Bean/SoyaBean_073.jpg,,Soya_Bean
train,Soya_Bean/SoyaBean_074.jpg,,Soya_Bean
train,Soya_Bean/SoyaBean_075.jpg,,Soya_Bean
train,Soya_Bean/SoyaBean_076.jpg,,Soya_Bean
train,Soya_Bean/SoyaBean_077.jpg,,Soya_Bean
train,Soya_Bean/SoyaBean_078.jpg,,Soya_Bean
train,Soya_Bean/SoyaBean_079.jpg,,Soya_Bean
train,Soya_Bean/SoyaBean_080.jpg,,Soya_Bean
train,Soya_Bean/SoyaBean_081.jpg,,Soya_Bean
train,Soya_Bean/SoyaBean_082.jpg,,Soya_Bean
train,Soya_Bean/SoyaBean_083.jpg,,Soya_Bean
train,Soya_Bean/SoyaBean_087.jpg,,Soya_Bean
train,Soya_Bean/SoyaBean_090.jpg,,Soya_Bean
train,Soya_Bean/SoyaBean_091.jpg,,Soya_Bean
train,Soya_Bean/SoyaBean_092.jpg,,Soya_Bean
train,Soya_Bean/SoyaBean_093.jpg,,Soya_Bean
train,Soya_Bean/SoyaBean_094.jpg,,Soya_Bean
train,Soya_Bean/SoyaBean_096.jpg,,Soya_Bean
train,Soya_Bean/SoyaBean_098.jpg,,Soya_Bean
train,Soya_Bean/SoyaBean_099.jpg,,Soya_Bean
train,Soya_Bean/SoyaBean_100.jpg,,Soya_Bean
train,Soya_Bean/SoyaBean_103.jpg,,Soya_Bean
train,Soya_Bean/SoyaBean_104.jpg,,Soya_Bean
train,Soya_Bean/SoyaBean_105.jpg,,Soya_Bean
train,Soya_Bean/SoyaBean_108.jpg,,Soya_Bean
train,Soya_Bean/SoyaBean_109.jpg,,Soya_Bean
train,Soya_Bean/SoyaBean_111.jpg,,Soya_Bean
train,Soya_Bean/SoyaBean_112.jpg,,Soya_Bean
train,Soya_Bean/SoyaBean_113.jpg,,Soya_Bean
train,Soya_Bean/SoyaBean_114.jpg,,Soya_Bean
train,Soya_Bean/SoyaBean_115.jpg,,Soya_Bean
train,Soya_Bean/SoyaBean_116.jpg,,Soya_Bean
train,Soya_Bean/SoyaBean_117.jpg,,Soya_Bean
train,Soya_Bean/SoyaBean_118.jpg,,Soya_Bean
train,Soya_Bean/SoyaBean_120.jpg,,Soya_Bean
train,Soya_Bean/SoyaBean_121.jpg,,Soya_Bean
train,Soya_Bean/SoyaBean_123.jpg,,Soya_Bean
train,Soya_Bean/SoyaBean_124.jpg,,Soya_Bean
train,Soya_Bean/SoyaBean_125.jpg,,Soya_Bean
train,Soya_Bean/SoyaBean_126.jpg,,Soya_Bean
train,Soya_Bean/SoyaBean_127.jpg,,Soya_Bean
train,Soya_Bean/SoyaBean_129.jpg,,Soya_Bean
train,Soya_Bean/SoyaBean_130.jpg,,Soya_Bean
train,Soya_Bean/SoyaBean_131.jpg,,Soya_Bean
train,Soya_Bean/SoyaBean_132.jpg,,Soya_Bean
train,Soya_Bean/SoyaBean_133.jpg,,Soya_Bean
train,Soya_Bean/SoyaBean_134.jpg,,Soya_Bean
train,Soya_Bean/SoyaBean_136.jpg,,Soya_Bean
train,Soya_Bean/SoyaBean_138.jpg,,Soya_Bean
train,Soya_Bean/SoyaBean_139.jpg,,Soya_Bean
train,Soya_Bean/SoyaBean_140.jpg,,Soya_Bean
train,Soya_Bean/SoyaBean_141.jpg,,Soya_Bean
train,Soya_Bean/SoyaBean_143.jpg,,Soya_Bean
train,Soya_Bean/SoyaBean_144.jpg,,Soya_Bean
train,Soya_Bean/SoyaBean_145.jpg,,Soya_Bean
train,Soya_Bean/SoyaBean_146.jpg,,Soya_Bean
train,Soya_Bean/SoyaBean_147.jpg,,Soya_Bean
train,Soya_Bean/SoyaBean_148.jpg,,Soya_Bean
train,Soya_Bean/SoyaBean_150.jpg,,Soya_Bean
train,Soya_Bean/SoyaBean_151.jpg,,Soya_Bean
train,Soya_Bean/SoyaBean_152.jpg,,Soya_Bean
train,Soya_Bean/SoyaBean_153.jpg,,Soya_Bean
train,Soya_Bean/SoyaBean_155.jpg,,Soya_Bean
train,Soya_Bean/SoyaBean_156.jpg,,Soya_Bean
train,Soya_Bean/SoyaBean_158.jpg,,Soya_Bean
train,Soya_Bean/SoyaBean_159.jpg,,Soya_Bean
train,Soya_Bean/SoyaBean_160.jpg,,Soya_Bean
train,Soya_Bean/SoyaBean_162.jpg,,Soya_Bean
train,Soya_Bean/SoyaBean_163.jpg,,Soya_Bean
train,Soya_Bean/SoyaBean_164.jpg,,Soya_Bean
train,Soya_Bean/SoyaBean_165.jpg,,Soya_Bean
train,Soya_Bean/SoyaBean_166.jpg,,Soya_Bean
train,Soya_Bean/SoyaBean_168.jpg,,Soya_Bean
train,Soya_Bean/SoyaBean_170.jpg,,Soya_Bean
train,Soya_Bean/SoyaBean_171.jpg,,Soya_Bean
train,Soya_Bean/SoyaBean_173.jpg,,Soya_Bean
train,Soya_Bean/SoyaBean_174.jpg,,Soya_Bean
train,Soya_Bean/SoyaBean_175.jpg,,Soya_Bean
train,Soya_Bean/SoyaBean_177.jpg,,Soya_Bean
train,Soya_Bean/SoyaBean_178.jpg,,Soya_Bean
train,Soya_Bean/SoyaBean_179.jpg,,Soya_Bean
train,Soya_Bean/SoyaBean_180.jpg,,Soya_Bean
train,Soya_Bean/SoyaBean_181.jpg,,Soya_Bean
train,Soya_Bean/SoyaBean_182.jpg,,Soya_Bean
train,Soya_Bean/SoyaBean_183.jpg,,Soya_Bean
train,Soya_Bean/SoyaBean_184.jpg,,Soya_Bean
train,Soya_Bean/SoyaBean_185.jpg,,Soya_Bean
train,Soya_Bean/SoyaBean_186.jpg,,Soya_Bean
train,Soya_Bean/SoyaBean_187.jpg,,Soya_Bean
train,Soya_Bean/SoyaBean_188.jpg,,Soya_Bean
train,Soya_Bean/SoyaBean_189.jpg,,Soya_Bean
train,Soya_Bean/SoyaBean_191.jpg,,Soya_Bean
train,Soya_Bean/SoyaBean_192.jpg,,Soya_Bean
train,Soya_Bean/SoyaBean_193.jpg,,Soya_Bean
train,Soya_Bean/SoyaBean_194.jpg,,Soya_Bean
train,Soya_Bean/SoyaBean_196.jpg,,Soya_Bean
train,Soya_Bean/SoyaBean_197.jpg,,Soya_Bean
train,Soya_Bean/SoyaBean_198.jpg,,Soya_Bean
train,Soya_Bean/SoyaBean_199.jpg,,Soya_Bean
train,Soya_Bean/SoyaBean_201.jpg,,Soya_Bean
train,Soya_Bean/SoyaBean_203.jpg,,Soya_Bean
train,Soya_Bean/SoyaBean_204.jpg,,Soya_Bean
train,Soya_Bean/SoyaBean_206.jpg,,Soya_Bean
train,Soya_Bean/SoyaBean_207.jpg,,Soya_Bean
train,Soya_Bean/SoyaBean_208.jpg,,Soya_Bean
train,Soya_Bean/SoyaBean_209.jpg,,Soya_Bean
train,Soya_Bean/SoyaBean_210.jpg,,Soya_Bean
train,Soya_Bean/SoyaBean_211.jpg,,Soya_Bean
train,Soya_Bean/SoyaBean_212.jpg,,Soya_Bean
train,Soya_Bean/SoyaBean_213.jpg,,Soya_Bean
train,Soya_Bean/SoyaBean_214.jpg,,Soya_Bean
train,Soya_Bean/SoyaBean_215.jpg,,Soya_Bean
train,Soya_Bean/SoyaBean_216.jpg,,Soya_Bean
train,Soya_Bean/SoyaBean_217.jpg,,Soya_Bean
train,Soya_Bean/SoyaBean_218.jpg,,Soya_Bean
train,Soya_Bean/SoyaBean_222.jpg,,Soya_Bean
train,Soya_Bean/SoyaBean_223.jpg,,Soya_Bean
train,Soya_Bean/SoyaBean_224.jpg,,Soya_Bean
train,Soya_Bean/SoyaBean_225.jpg,,Soya_Bean
train,Soya_Bean/SoyaBean_226.jpg,,Soya_Bean
train,Soya_Bean/SoyaBean_228.jpg,,Soya_Bean
train,Soya_Bean/SoyaBean_229.jpg,,Soya_Bean
train,Soya_Bean/SoyaBean_230.jpg,,Soya_Bean
train,Soya_Bean/SoyaBean_231.jpg,,Soya_Bean
train,Soya_Bean/SoyaBean_232.jpg,,Soya_Bean
train,Soya_Bean/SoyaBean_233.jpg,,Soya_Bean
train,Soya_Bean/SoyaBean_235.jpg,,Soya_Bean
train,Soya_Bean/SoyaBean_236.jpg,,Soya_Bean
train,Soya_Bean/SoyaBean_238.jpg,,Soya_Bean
train,Soya_Bean/SoyaBean_239.jpg,,Soya_Bean
train,Soya_Bean/SoyaBean_240.jpg,,Soya_Bean
train,Soya_Bean/SoyaBean_241.jpg,,Soya_Bean
train,Soya_Bean/SoyaBean_242.jpg,,Soya_Bean
train,Soya_Bean/SoyaBean_243.jpg,,Soya_Bean
train,Soya_Bean/SoyaBean_244.jpg,,Soya_Bean
train,Soya_Bean/SoyaBean_245.jpg,,Soya_Bean
train,Soya_Bean/SoyaBean_247.jpg,,Soya_Bean
train,Soya_Bean/SoyaBean_248.jpg,,Soya_Bean
train,Soya_Bean/SoyaBean_249.jpg,,Soya_Bean
train,Soya_Bean/SoyaBean_250.jpg,,Soya_Bean
train,Soya_Bean/SoyaBean_251.jpg,,Soya_Bean
train,Soya_Bean/SoyaBean_252.jpg,,Soya_Bean
train,Soya_Bean/SoyaBean_253.jpg,,Soya_Bean
train,Soya_Bean/SoyaBean_254.jpg,,Soya_Bean
train,Soya_Bean/SoyaBean_255.jpg,,Soya_Bean
train,Soya_Bean/SoyaBean_256.jpg,,Soya_Bean
train,Soya_Bean/SoyaBean_257.jpg,,Soya_Bean
train,Soya_Bean/SoyaBean_258.jpg,,Soya_Bean
train,Soya_Bean/SoyaBean_260.jpg,,Soya_Bean
train,Soya_Bean/SoyaBean_261.jpg,,Soya_Bean
train,Soya_Bean/SoyaBean_262.jpg,,Soya_Bean
train,Soya_Bean/SoyaBean_263.jpg,,Soya_Bean
train,Soya_Bean/SoyaBean_264.jpg,,Soya_Bean
train,Soya_Bean/SoyaBean_265.jpg,,Soya_Bean
train,Soya_Bean/SoyaBean_267.jpg,,Soya_Bean
train,Soya_Bean/SoyaBean_268.jpg,,Soya_Bean
train,Soya_Bean/SoyaBean_270.jpg,,Soya_Bean
train,Soya_Bean/SoyaBean_272.jpg,,Soya_Bean
train,Soya_Bean/SoyaBean_273.jpg,,Soya_Bean
train,Soya_Bean/SoyaBean_275.jpg,,Soya_Bean
train,Soya_Bean/SoyaBean_276.jpg,,Soya_Bean
train,Soya_Bean/SoyaBean_278.jpg,,Soya_Bean
train,Soya_Bean/SoyaBean_279.jpg,,Soya_Bean
train,Soya_Bean/SoyaBean_280.jpg,,Soya_Bean
train,Soya_Bean/SoyaBean_281.jpg,,Soya_Bean
train,Soya_Bean/SoyaBean_282.jpg,,Soya_Bean
train,Soya_Bean/SoyaBean_283.jpg,,Soya_Bean
train,Soya_Bean/SoyaBean_284.jpg,,Soya_Bean
train,Soya_Bean/SoyaBean_285.jpg,,Soya_Bean
train,Soya_Bean/SoyaBean_288.jpg,,Soya_Bean
train,Soya_Bean/SoyaBean_291.jpg,,Soya_Bean
train,Soya_Bean/SoyaBean_293.jpg,,Soya_Bean
train,Soya_Bean/SoyaBean_294.jpg,,Soya_Bean
train,Soya_Bean/SoyaBean_295.jpg,,Soya_Bean
train,Soya_Bean/SoyaBean_296.jpg,,Soya_Bean
train,Soya_Bean/SoyaBean_297.jpg,,Soya_Bean
train,Soya_Bean/SoyaBean_298.jpg,,Soya_Bean
train,Soya_Bean/SoyaBean_299.jpg,,Soya_Bean
train,Soya_Bean/SoyaBean_300.jpg,,Soya_Bean
train,Soya_Bean/SoyaBean_302.jpg,,Soya_Bean
train,Soya_Bean/SoyaBean_303.jpg,,Soya_Bean
train,Soya_Bean/SoyaBean_304.jpg,,Soya_Bean
train,Soya_Bean/SoyaBean_305.jpg,,Soya_Bean
train,Soya_Bean/SoyaBean_306.jpg,,Soya_Bean
train,Soya_Bean/SoyaBean_308.jpg,,Soya_Bean
train,Soya_Bean/SoyaBean_310.jpg,,Soya_Bean
train,Soya_Bean/SoyaBean_311.jpg,,Soya_Bean
train,Soya_Bean/SoyaBean_312.jpg,,Soya_Bean
train,Soya_Bean/SoyaBean_314.jpg,,Soya_Bean
train,Soya_Bean/SoyaBean_315.jpg,,Soya_Bean
train,Soya_Bean/SoyaBean_317.jpg,,Soya_Bean
train,Soya_Bean/SoyaBean_318.jpg,,Soya_Bean
train,Soya_Bean/SoyaBean_319.jpg,,Soya_Bean
train,Soya_Bean/SoyaBean_320.jpg,,Soya_Bean
train,Soya_Bean/SoyaBean_321.jpg,,Soya_Bean
train,Soya_Bean/SoyaBean_322.jpg,,Soya_Bean
train,Soya_Bean/SoyaBean_324.jpg,,Soya_Bean
train,Soya_Bean/SoyaBean_326.jpg,,Soya_Bean
train,Soya_Bean/SoyaBean_327.jpg,,Soya_Bean
train,Soya_Bean/SoyaBean_329.jpg,,Soya_Bean
train,Soya_Bean/SoyaBean_330.jpg,,Soya_Bean
train,Soya_Bean/SoyaBean_331.jpg,,Soya_Bean
train,Soya_Bean/SoyaBean_334.jpg,,Soya_Bean
train,Soya_Bean/SoyaBean_335.jpg,,Soya_Bean
train,Soya_Bean/SoyaBean_336.jpg,,Soya_Bean
train,Soya_Bean/SoyaBean_337.jpg,,Soya_Bean
train,Soya_Bean/SoyaBean_338.jpg,,Soya_Bean
train,Soya_Bean/SoyaBean_339.jpg,,Soya_Bean
train,Soya_Bean/SoyaBean_341.jpg,,Soya_Bean
train,Soya_Bean/SoyaBean_342.jpg,,Soya_Bean
train,Soya_Bean/SoyaBean_343.jpg,,Soya_Bean
train,Soya_Bean/SoyaBean_344.jpg,,Soya_Bean
train,Soya_Bean/SoyaBean_345.jpg,,Soya_Bean
train,Soya_Bean/SoyaBean_346.jpg,,Soya_Bean
train,Soya_Bean/SoyaBean_348.jpg,,Soya_Bean
train,Soya_Bean/SoyaBean_350.jpg,,Soya_Bean
train,Soya_Bean/SoyaBean_351.jpg,,Soya_Bean
train,Soya_Bean/SoyaBean_352.jpg,,Soya_Bean
train,Soya_Bean/SoyaBean_353.jpg,,Soya_Bean
train,Soya_Bean/SoyaBean_354.jpg,,Soya_Bean
train,Soya_Bean/SoyaBean_355.jpg,,Soya_Bean
train,Soya_Bean/SoyaBean_356.jpg,,Soya_Bean
train,Soya_Bean/SoyaBean_357.jpg,,Soya_Bean
train,Soya_Bean/SoyaBean_360.jpg,,Soya_Bean
train,Soya_Bean/SoyaBean_361.jpg,,Soya_Bean
train,Soya_Bean/SoyaBean_362.jpg,,Soya_Bean
train,Soya_Bean/SoyaBean_364.jpg,,Soya_Bean
train,Soya_Bean/SoyaBean_366.jpg,,Soya_Bean
train,Soya_Bean/SoyaBean_367.jpg,,Soya_Bean
train,Soya_Bean/SoyaBean_368.jpg,,Soya_Bean
train,Soya_Bean/SoyaBean_370.jpg,,Soya_Bean
train,Soya_Bean/SoyaBean_373.jpg,,Soya_Bean
train,Soya_Bean/SoyaBean_374.jpg,,Soya_Bean
train,Soya_Bean/SoyaBean_375.jpg,,Soya_Bean
train,Soya_Bean/SoyaBean_376.jpg,,Soya_Bean
train,Soya_Bean/SoyaBean_377.jpg,,Soya_Bean
train,Soya_Bean/SoyaBean_378.jpg,,Soya_Bean
train,Soya_Bean/SoyaBean_379.jpg,,Soya_Bean
train,Soya_Bean/SoyaBean_381.jpg,,Soya_Bean
train,Soya_Bean/SoyaBean_382.jpg,,Soya_Bean
train,Soya_Bean/SoyaBean_383.jpg,,Soya_Bean
train,Soya_Bean/SoyaBean_384.jpg,,Soya_Bean
train,Soya_Bean/SoyaBean_386.jpg,,Soya_Bean
train,Soya_Bean/SoyaBean_388.jpg,,Soya_Bean
train,Soya_Bean/SoyaBean_390.jpg,,Soya_Bean
train,Soya_Bean/SoyaBean_391.jpg,,Soya_Bean
train,Soya_Bean/SoyaBean_392.jpg,,Soya_Bean
train,Soya_Bean/SoyaBean_393.jpg,,Soya_Bean
train,Soya_Bean/SoyaBean_394.jpg,,Soya_Bean
train,Soya_Bean/SoyaBean_396.jpg,,Soya_Bean
train,Soya_Bean/SoyaBean_397.jpg,,Soya_Bean
train,Soya_Bean/SoyaBean_398.jpg,,Soya_Bean
train,Soya_Bean/SoyaBean_399.jpg,,Soya_Bean
train,Soya_Bean/SoyaBean_400.jpg,,Soya_Bean
train,Soya_Bean/SoyaBean_401.jpg,,Soya_Bean
train,Soya_Bean/SoyaBean_402.jpg,,Soya_Bean
train,Soya_Bean/SoyaBean_403.jpg,,Soya_Bean
train,Soya_Bean/SoyaBean_404.jpg,,Soya_Bean
train,Soya_Bean/SoyaBean_407.jpg,,Soya_Bean
train,Soya_Bean/SoyaBean_409.jpg,,Soya_Bean
train,Soya_Bean/SoyaBean_411.jpg,,Soya_Bean
train,Soya_Bean/SoyaBean_414.jpg,,Soya_Bean
train,Soya_Bean/SoyaBean_415.jpg,,Soya_Bean
train,Soya_Bean/SoyaBean_418.jpg,,Soya_Bean
train,Soya_Bean/SoyaBean_419.jpg,,Soya_Bean
train,Soya_Bean/SoyaBean_420.jpg,,Soya_Bean
train,Soya_Bean/SoyaBean_421.jpg,,Soya_Bean
train,Soya_Bean/SoyaBean_422.jpg,,Soya_Bean
train,Soya_Bean/SoyaBean_423.jpg,,Soya_Bean
train,Soya_Bean/SoyaBean_424.jpg,,Soya_Bean
train,Soya_Bean/SoyaBean_425.jpg,,Soya_Bean
train,Soya_Bean/SoyaBean_426.jpg,,Soya_Bean
train,Soya_Bean/SoyaBean_427.jpg,,Soya_Bean
train,Soya_Bean/SoyaBean_428.jpg,,Soya_Bean
train,Soya_Bean/SoyaBean_429.jpg,,Soya_Bean
train,Soya_Bean/SoyaBean_430.jpg,,Soya_Bean
train,Soya_Bean/SoyaBean_431.jpg,,Soya_Bean
train,Soya_Bean/SoyaBean_432.jpg,,Soya_Bean
train,Soya_Bean/SoyaBean_434.jpg,,Soya_Bean
train,Soya_Bean/SoyaBean_435.jpg,,Soya_Bean
train,Soya_Bean/SoyaBean_436.jpg,,Soya_Bean
train,Soya_Bean/SoyaBean_437.jpg,,Soya_Bean
train,Soya_Bean/SoyaBean_438.jpeg,,Soya_Bean
train,Soya_Bean/SoyaBean_439.jpeg,,Soya_Bean
train,Soya_Bean/SoyaBean_441.jpeg,,Soya_Bean
train,Soya_Bean/SoyaBean_442.jpeg,,Soya_Bean
train,Soya_Bean/SoyaBean_443.jpg,,Soya_Bean
train,Soya_Bean/SoyaBean_445.jpg,,Soya_Bean
train,Soya_Bean/SoyaBean_446.jpeg,,Soya_Bean
train,Soya_Bean/SoyaBean_447.jpg,,Soya_Bean
train,Soya_Bean/SoyaBean_448.jpg,,Soya_Bean
train,Soya_Bean/SoyaBean_449.jpg,,Soya_Bean
train,Soya_Bean/SoyaBean_451.jpg,,Soya_Bean
train,Soya_Bean/SoyaBean_452.jpg,,Soya_Bean
train,Soya_Bean/SoyaBean_453.jpg,,Soya_Bean
train,Soya_Bean/SoyaBean_456.jpg,,Soya_Bean
train,Soya_Bean/SoyaBean_458.jpg,,Soya_Bean
train,Soya_Bean/SoyaBean_459.jpg,,Soya_Bean
train,Soya_Bean/SoyaBean_460.jpg,,Soya_Bean
train,Soya_Bean/SoyaBean_461.jpg,,Soya_Bean
train,Soya_Bean/SoyaBean_462.jpg,,Soya_Bean
train,Soya_Bean/SoyaBean_463.jpg,,Soya_Bean
train,Soya_Bean/SoyaBean_464.jpg,,Soya_Bean
train,Soya_Bean/SoyaBean_466.jpg,,Soya_Bean
train,Soya_Bean/SoyaBean_467.jpg,,Soya_Bean
train,Soya_Bean/SoyaBean_468.jpg,,Soya_Bean
train,Soya_Bean/SoyaBean_469.jpg,,Soya_Bean
train,Soya_Bean/SoyaBean_470.jpg,,Soya_Bean
train,Soya_Bean/SoyaBean_471.jpg,,Soya_Bean
train,Soya_Bean/SoyaBean_472.jpg,,Soya_Bean
train,Soya_Bean/SoyaBean_473.jpg,,Soya_Bean
train,Soya_Bean/SoyaBean_474.jpg,,Soya_Bean
train,Soya_Bean/SoyaBean_475.jpg,,Soya_Bean
train,Soya_Bean/SoyaBean_476.jpg,,Soya_Bean
train,Soya_Bean/SoyaBean_477.jpg,,Soya_Bean
train,Soya_Bean/SoyaBean_478.jpg,,Soya_Bean
train,Soya_Bean/SoyaBean_480.jpg,,Soya_Bean
train,Soya_Bean/SoyaBean_481.jpg,,Soya_Bean
train,Soya_Bean/SoyaBean_482.jpg,,Soya_Bean
train,Soya_Bean/SoyaBean_483.jpg,,Soya_Bean
train,Soya_Bean/SoyaBean_484.jpg,,Soya_Bean
train,Soya_Bean/SoyaBean_485.jpg,,Soya_Bean
train,Soya_Bean/SoyaBean_487.jpg,,Soya_Bean
train,Soya_Bean/SoyaBean_488.jpg,,Soya_Bean
train,Soya_Bean/SoyaBean_489.jpg,,Soya_Bean
train,Soya_Bean/SoyaBean_491.jpg,,Soya_Bean
train,Soya_Bean/SoyaBean_492.jpg,,Soya_Bean
train,Soya_Bean/SoyaBean_493.jpg,,Soya_Bean
train,Soya_Bean/SoyaBean_494.jpg,,Soya_Bean
train,Soya_Bean/SoyaBean_495.jpg,,Soya_Bean
train,Soya_Bean/SoyaBean_496.jpg,,Soya_Bean
train,Soya_Bean/SoyaBean_497.jpg,,Soya_Bean
train,Soya_Bean/SoyaBean_499.jpg,,Soya_Bean
train,Soya_Bean/SoyaBean_500.jpg,,Soya_Bean
train,White_Chickpea/WhiteChickPea_002.jpg,,White_Chickpea
train,White_Chickpea/WhiteChickPea_005.jpg,,White_Chickpea
train,White_Chickpea/WhiteChickPea_006.jpg,,White_Chickpea
train,White_Chickpea/WhiteChickPea_007.jpg,,White_Chickpea
train,White_Chickpea/WhiteChickPea_008.jpg,,White_Chickpea
train,White_Chickpea/WhiteChickPea_010.jpg,,White_Chickpea
train,White_Chickpea/WhiteChickPea_011.jpg,,White_Chickpea
train,White_Chickpea/WhiteChickPea_012.jpg,,White_Chickpea
train,White_Chickpea/WhiteChickPea_013.jpg,,White_Chickpea
train,White_Chickpea/WhiteChickPea_014.jpg,,White_Chickpea
train,White_Chickpea/WhiteChickPea_015.jpg,,White_Chickpea
train,White_Chickpea/WhiteChickPea_016.jpg,,White_Chickpea
train,White_Chickpea/WhiteChickPea_017.jpg,,White_Chickpea
train,White_Chickpea/WhiteChickPea_018.jpg,,White_Chickpea
train,White_Chickpea/WhiteChickPea_019.jpg,,White_Chickpea
train,White_Chickpea/WhiteChickPea_021.jpg,,White_Chickpea
train,White_Chickpea/WhiteChickPea_022.jpg,,White_Chickpea
train,White_Chickpea/WhiteChickPea_024.jpg,,White_Chickpea
train,White_Chickpea/WhiteChickPea_025.jpg,,White_Chickpea
train,White_Chickpea/WhiteChickPea_026.jpg,,White_Chickpea
train,White_Chickpea/WhiteChickPea_027.jpg,,White_Chickpea
train,White_Chickpea/WhiteChickPea_028.jpg,,White_Chickpea
train,White_Chickpea/WhiteChickPea_029.jpg,,White_Chickpea
train,White_Chickpea/WhiteChickPea_030.jpg,,White_Chickpea
train,White_Chickpea/WhiteChickPea_031.jpg,,White_Chickpea
train,White_Chickpea/WhiteChickPea_032.jpg,,White_Chickpea
train,White_Chickpea/WhiteChickPea_033.jpg,,White_Chickpea
train,White_Chickpea/WhiteChickPea_034.jpg,,White_Chickpea
train,White_Chickpea/WhiteChickPea_035.jpg,,White_Chickpea
train,White_Chickpea/WhiteChickPea_036.jpg,,White_Chickpea
train,White_Chickpea/WhiteChickPea_037.jpg,,White_Chickpea
train,White_Chickpea/WhiteChickPea_038.jpg,,White_Chickpea
train,White_Chickpea/WhiteChickPea_039.jpg,,White_Chickpea
train,White_Chickpea/WhiteChickPea_040.jpg,,White_Chickpea
train,White_Chickpea/WhiteChickPea_041.jpg,,White_Chickpea
train,White_Chickpea/WhiteChickPea_042.jpg,,White_Chickpea
train,White_Chickpea/WhiteChickPea_044.jpg,,White_Chickpea
train,White_Chickpea/WhiteChickPea_045.jpg,,White_Chickpea
train,White_Chickpea/WhiteChickPea_046.jpg,,White_Chickpea
train,White_Chickpea/WhiteChickPea_047.jpg,,White_Chickpea
train,White_Chickpea/WhiteChickPea_049.jpg,,White_Chickpea
train,White_Chickpea/WhiteChickPea_052.jpg,,White_Chickpea
train,White_Chickpea/WhiteChickPea_053.jpg,,White_Chickpea
train,White_Chickpea/WhiteChickPea_054.jpg,,White_Chickpea
train,White_Chickpea/WhiteChickPea_057.jpg,,White_Chickpea
train,White_Chickpea/WhiteChickPea_058.jpg,,White_Chickpea
train,White_Chickpea/WhiteChickPea_059.jpg,,White_Chickpea
train,White_Chickpea/WhiteChickPea_060.jpg,,White_Chickpea
train,White_Chickpea/WhiteChickPea_062.jpg,,White_Chickpea
train,White_Chickpea/WhiteChickPea_063.jpg,,White_Chickpea
train,White_Chickpea/WhiteChickPea_064.jpg,,White_Chickpea
train,White_Chickpea/WhiteChickPea_065.jpg,,White_Chickpea
train,White_Chickpea/WhiteChickPea_066.jpg,,White_Chickpea
train,White_Chickpea/WhiteChickPea_070.jpg,,White_Chickpea
train,White_Chickpea/WhiteChickPea_071.jpg,,White_Chickpea
train,White_Chickpea/WhiteChickPea_072.jpg,,White_Chickpea
train,White_Chickpea/WhiteChickPea_073.jpg,,White_Chickpea
train,White_Chickpea/WhiteChickPea_074.jpg,,White_Chickpea
train,White_Chickpea/WhiteChickPea_075.jpg,,White_Chickpea
train,White_Chickpea/WhiteChickPea_076.jpg,,White_Chickpea
train,White_Chickpea/WhiteChickPea_078.jpg,,White_Chickpea
train,White_Chickpea/WhiteChickPea_079.jpg,,White_Chickpea
train,White_Chickpea/WhiteChickPea_081.jpg,,White_Chickpea
train,White_Chickpea/WhiteChickPea_082.jpg,,White_Chickpea
train,White_Chickpea/WhiteChickPea_083.jpg,,White_Chickpea
train,White_Chickpea/WhiteChickPea_084.jpg,,White_Chickpea
train,White_Chickpea/WhiteChickPea_085.jpg,,White_Chickpea
train,White_Chickpea/WhiteChickPea_086.jpg,,White_Chickpea
train,White_Chickpea/WhiteChickPea_087.jpg,,White_Chickpea
train,White_Chickpea/WhiteChickPea_088.jpg,,White_Chickpea
train,White_Chickpea/WhiteChickPea_089.jpg,,White_Chickpea
train,White_Chickpea/WhiteChickPea_090.jpg,,White_Chickpea
train,White_Chickpea/WhiteChickPea_092.jpg,,White_Chickpea
train,White_Chickpea/WhiteChickPea_093.jpg,,White_Chickpea
train,White_Chickpea/WhiteChickPea_094.jpg,,White_Chickpea
train,White_Chickpea/WhiteChickPea_095.jpg,,White_Chickpea
train,White_Chickpea/WhiteChickPea_096.jpg,,White_Chickpea
train,White_Chickpea/WhiteChickPea_098.jpg,,White_Chickpea
train,White_Chickpea/WhiteChickPea_099.jpg,,White_Chickpea
train,White_Chickpea/WhiteChickPea_100.jpg,,White_Chickpea
train,White_Chickpea/WhiteChickPea_101.jpg,,White_Chickpea
train,White_Chickpea/WhiteChickPea_102.jpg,,White_Chickpea
train,White_Chickpea/WhiteChickPea_103.jpg,,White_Chickpea
train,White_Chickpea/WhiteChickPea_105.jpg,,White_Chickpea
train,White_Chickpea/WhiteChickPea_107.jpg,,White_Chickpea
train,White_Chickpea/WhiteChickPea_108.jpg,,White_Chickpea
train,White_Chickpea/WhiteChickPea_109.jpg,,White_Chickpea
train,White_Chickpea/WhiteChickPea_110.jpg,,White_Chickpea
train,White_Chickpea/WhiteChickPea_111.jpg,,White_Chickpea
train,White_Chickpea/WhiteChickPea_112.jpg,,White_Chickpea
train,White_Chickpea/WhiteChickPea_113.jpg,,White_Chickpea
train,White_Chickpea/WhiteChickPea_114.jpg,,White_Chickpea
train,White_Chickpea/WhiteChickPea_115.jpg,,White_Chickpea
train,White_Chickpea/WhiteChickPea_116.jpg,,White_Chickpea
train,White_Chickpea/WhiteChickPea_117.jpg,,White_Chickpea
train,White_Chickpea/WhiteChickPea_119.jpg,,White_Chickpea
train,White_Chickpea/WhiteChickPea_121.jpg,,White_Chickpea
train,White_Chickpea/WhiteChickPea_122.jpg,,White_Chickpea
train,White_Chickpea/WhiteChickPea_123.jpg,,White_Chickpea
train,White_Chickpea/WhiteChickPea_124.jpg,,White_Chickpea
train,White_Chickpea/WhiteChickPea_125.jpg,,White_Chickpea
train,White_Chickpea/WhiteChickPea_126.jpg,,White_Chickpea
train,White_Chickpea/WhiteChickPea_127.jpg,,White_Chickpea
train,White_Chickpea/WhiteChickPea_128.jpg,,White_Chickpea
train,White_Chickpea/WhiteChickPea_129.jpg,,White_Chickpea
train,White_Chickpea/WhiteChickPea_130.jpg,,White_Chickpea
train,White_Chickpea/WhiteChickPea_133.jpg,,White_Chickpea
train,White_Chickpea/WhiteChickPea_134.jpg,,White_Chickpea
train,White_Chickpea/WhiteChickPea_135.jpg,,White_Chickpea
train,White_Chickpea/WhiteChickPea_136.jpg,,White_Chickpea
train,White_Chickpea/WhiteChickPea_137.jpg,,White_Chickpea
train,White_Chickpea/WhiteChickPea_138.jpg,,White_Chickpea
train,White_Chickpea/WhiteChickPea_139.jpg,,White_Chickpea
train,White_Chickpea/WhiteChickPea_140.jpg,,White_Chickpea
train,White_Chickpea/WhiteChickPea_141.jpg,,White_Chickpea
train,White_Chickpea/WhiteChickPea_142.jpg,,White_Chickpea
train,White_Chickpea/WhiteChickPea_143.jpg,,White_Chickpea
train,White_Chickpea/WhiteChickPea_144.jpg,,White_Chickpea
train,White_Chickpea/WhiteChickPea_145.jpg,,White_Chickpea
train,White_Chickpea/WhiteChickPea_147.jpg,,White_Chickpea
train,White_Chickpea/WhiteChickPea_148.jpg,,White_Chickpea
train,White_Chickpea/WhiteChickPea_149.jpg,,White_Chickpea
train,White_Chickpea/WhiteChickPea_150.jpg,,White_Chickpea
train,White_Chickpea/WhiteChickPea_151.jpg,,White_Chickpea
train,White_Chickpea/WhiteChickPea_152.jpg,,White_Chickpea
train,White_Chickpea/WhiteChickPea_153.jpg,,White_Chickpea
train,White_Chickpea/WhiteChickPea_154.jpg,,White_Chickpea
train,White_Chickpea/WhiteChickPea_155.jpg,,White_Chickpea
train,White_Chickpea/WhiteChickPea_156.jpg,,White_Chickpea
train,White_Chickpea/WhiteChickPea_157.jpg,,White_Chickpea
train,White_Chickpea/WhiteChickPea_158.jpg,,White_Chickpea
train,White_Chickpea/WhiteChickPea_159.jpg,,White_Chickpea
train,White_Chickpea/WhiteChickPea_160.jpg,,White_Chickpea
train,White_Chickpea/WhiteChickPea_161.jpg,,White_Chickpea
train,White_Chickpea/WhiteChickPea_163.jpg,,White_Chickpea
train,White_Chickpea/WhiteChickPea_164.jpg,,White_Chickpea
train,White_Chickpea/WhiteChickPea_165.jpg,,White_Chickpea
train,White_Chickpea/WhiteChickPea_166.jpg,,White_Chickpea
train,White_Chickpea/WhiteChickPea_167.jpg,,White_Chickpea
train,White_Chickpea/WhiteChickPea_168.jpg,,White_Chickpea
train,White_Chickpea/WhiteChickPea_169.jpg,,White_Chickpea
train,White_Chickpea/WhiteChickPea_170.jpg,,White_Chickpea
train,White_Chickpea/WhiteChickPea_171.jpg,,White_Chickpea
train,White_Chickpea/WhiteChickPea_172.jpg,,White_Chickpea
train,White_Chickpea/WhiteChickPea_173.jpg,,White_Chickpea
train,White_Chickpea/WhiteChickPea_174.jpg,,White_Chickpea
train,White_Chickpea/WhiteChickPea_175.jpg,,White_Chickpea
train,White_Chickpea/WhiteChickPea_176.jpg,,White_Chickpea
train,White_Chickpea/WhiteChickPea_177.jpg,,White_Chickpea
train,White_Chickpea/WhiteChickPea_178.jpg,,White_Chickpea
train,White_Chickpea/WhiteChickPea_179.jpg,,White_Chickpea
train,White_Chickpea/WhiteChickPea_181.jpg,,White_Chickpea
train,White_Chickpea/WhiteChickPea_182.jpg,,White_Chickpea
train,White_Chickpea/WhiteChickPea_183.jpg,,White_Chickpea
train,White_Chickpea/WhiteChickPea_184.jpg,,White_Chickpea
train,White_Chickpea/WhiteChickPea_185.jpg,,White_Chickpea
train,White_Chickpea/WhiteChickPea_187.jpg,,White_Chickpea
train,White_Chickpea/WhiteChickPea_188.jpg,,White_Chickpea
train,White_Chickpea/WhiteChickPea_189.jpg,,White_Chickpea
train,White_Chickpea/WhiteChickPea_191.jpg,,White_Chickpea
train,White_Chickpea/WhiteChickPea_192.jpg,,White_Chickpea
train,White_Chickpea/WhiteChickPea_195.jpg,,White_Chickpea
train,White_Chickpea/WhiteChickPea_197.jpg,,White_Chickpea
train,White_Chickpea/WhiteChickPea_199.jpg,,White_Chickpea
train,White_Chickpea/WhiteChickPea_200.jpg,,White_Chickpea
train,White_Chickpea/WhiteChickPea_201.jpg,,White_Chickpea
train,White_Chickpea/WhiteChickPea_202.jpg,,White_Chickpea
train,White_Chickpea/WhiteChickPea_203.jpg,,White_Chickpea
train,White_Chickpea/WhiteChickPea_204.jpg,,White_Chickpea
train,White_Chickpea/WhiteChickPea_205.jpg,,White_Chickpea
train,White_Chickpea/WhiteChickPea_206.jpg,,White_Chickpea
train,White_Chickpea/WhiteChickPea_207.jpg,,White_Chickpea
train,White_Chickpea/WhiteChickPea_208.jpg,,White_Chickpea
train,White_Chickpea/WhiteChickPea_209.jpg,,White_Chickpea
train,White_Chickpea/WhiteChickPea_211.jpg,,White_Chickpea
train,White_Chickpea/WhiteChickPea_212.jpg,,White_Chickpea
train,White_Chickpea/WhiteChickPea_213.jpg,,White_Chickpea
train,White_Chickpea/WhiteChickPea_214.jpg,,White_Chickpea
train,White_Chickpea/WhiteChickPea_217.jpg,,White_Chickpea
train,White_Chickpea/WhiteChickPea_222.jpg,,White_Chickpea
train,White_Chickpea/WhiteChickPea_223.jpg,,White_Chickpea
train,White_Chickpea/WhiteChickPea_224.jpg,,White_Chickpea
train,White_Chickpea/WhiteChickPea_225.jpg,,White_Chickpea
train,White_Chickpea/WhiteChickPea_226.jpg,,White_Chickpea
train,White_Chickpea/WhiteChickPea_227.jpg,,White_Chickpea
train,White_Chickpea/WhiteChickPea_228.jpg,,White_Chickpea
train,White_Chickpea/WhiteChickPea_229.jpg,,White_Chickpea
train,White_Chickpea/WhiteChickPea_230.jpg,,White_Chickpea
train,White_Chickpea/WhiteChickPea_231.jpg,,White_Chickpea
train,White_Chickpea/WhiteChickPea_232.jpg,,White_Chickpea
train,White_Chickpea/WhiteChickPea_233.jpg,,White_Chickpea
train,White_Chickpea/WhiteChickPea_234.jpg,,White_Chickpea
train,White_Chickpea/WhiteChickPea_235.jpg,,White_Chickpea
train,White_Chickpea/WhiteChickPea_236.jpg,,White_Chickpea
train,White_Chickpea/WhiteChickPea_237.jpg,,White_Chickpea
train,White_Chickpea/WhiteChickPea_238.jpg,,White_Chickpea
train,White_Chickpea/WhiteChickPea_239.jpg,,White_Chickpea
train,White_Chickpea/WhiteChickPea_240.jpg,,White_Chickpea
train,White_Chickpea/WhiteChickPea_241.jpg,,White_Chickpea
train,White_Chickpea/WhiteChickPea_242.jpg,,White_Chickpea
train,White_Chickpea/WhiteChickPea_243.jpg,,White_Chickpea
train,White_Chickpea/WhiteChickPea_246.jpg,,White_Chickpea
train,White_Chickpea/WhiteChickPea_248.jpg,,White_Chickpea
train,White_Chickpea/WhiteChickPea_249.jpg,,White_Chickpea
train,White_Chickpea/WhiteChickPea_250.jpg,,White_Chickpea
train,White_Chickpea/WhiteChickPea_251.jpg,,White_Chickpea
train,White_Chickpea/WhiteChickPea_252.jpg,,White_Chickpea
train,White_Chickpea/WhiteChickPea_253.jpg,,White_Chickpea
train,White_Chickpea/WhiteChickPea_254.jpg,,White_Chickpea
train,White_Chickpea/WhiteChickPea_255.jpg,,White_Chickpea
train,White_Chickpea/WhiteChickPea_256.jpg,,White_Chickpea
train,White_Chickpea/WhiteChickPea_257.jpg,,White_Chickpea
train,White_Chickpea/WhiteChickPea_260.jpg,,White_Chickpea
train,White_Chickpea/WhiteChickPea_261.jpg,,White_Chickpea
train,White_Chickpea/WhiteChickPea_262.jpg,,White_Chickpea
train,White_Chickpea/WhiteChickPea_263.jpg,,White_Chickpea
train,White_Chickpea/WhiteChickPea_264.jpg,,White_Chickpea
train,White_Chickpea/WhiteChickPea_265.jpg,,White_Chickpea
train,White_Chickpea/WhiteChickPea_266.jpg,,White_Chickpea
train,White_Chickpea/WhiteChickPea_269.jpg,,White_Chickpea
train,White_Chickpea/WhiteChickPea_270.jpg,,White_Chickpea
train,White_Chickpea/WhiteChickPea_271.jpg,,White_Chickpea
train,White_Chickpea/WhiteChickPea_274.jpg,,White_Chickpea
train,White_Chickpea/WhiteChickPea_275.jpg,,White_Chickpea
train,White_Chickpea/WhiteChickPea_276.jpg,,White_Chickpea
train,White_Chickpea/WhiteChickPea_278.jpg,,White_Chickpea
train,White_Chickpea/WhiteChickPea_280.jpg,,White_Chickpea
train,White_Chickpea/WhiteChickPea_281.jpg,,White_Chickpea
train,White_Chickpea/WhiteChickPea_282.jpg,,White_Chickpea
train,White_Chickpea/WhiteChickPea_283.jpg,,White_Chickpea
train,White_Chickpea/WhiteChickPea_284.jpg,,White_Chickpea
train,White_Chickpea/WhiteChickPea_285.jpg,,White_Chickpea
train,White_Chickpea/WhiteChickPea_286.jpg,,White_Chickpea
train,White_Chickpea/WhiteChickPea_287.jpg,,White_Chickpea
train,White_Chickpea/WhiteChickPea_288.jpg,,White_Chickpea
train,White_Chickpea/WhiteChickPea_289.jpg,,White_Chickpea
train,White_Chickpea/WhiteChickPea_290.jpg,,White_Chickpea
train,White_Chickpea/WhiteChickPea_291.jpg,,White_Chickpea
train,White_Chickpea/WhiteChickPea_292.jpg,,White_Chickpea
train,White_Chickpea/WhiteChickPea_293.jpg,,White_Chickpea
train,White_Chickpea/WhiteChickPea_294.jpg,,White_Chickpea
train,White_Chickpea/WhiteChickPea_297.jpg,,White_Chickpea
train,White_Chickpea/WhiteChickPea_298.jpg,,White_Chickpea
train,White_Chickpea/WhiteChickPea_299.jpg,,White_Chickpea
train,White_Chickpea/WhiteChickPea_300.jpg,,White_Chickpea
train,White_Chickpea/WhiteChickPea_301.jpg,,White_Chickpea
train,White_Chickpea/WhiteChickPea_303.jpg,,White_Chickpea
train,White_Chickpea/WhiteChickPea_304.jpg,,White_Chickpea
train,White_Chickpea/WhiteChickPea_305.jpg,,White_Chickpea
train,White_Chickpea/WhiteChickPea_306.jpg,,White_Chickpea
train,White_Chickpea/WhiteChickPea_310.jpg,,White_Chickpea
train,White_Chickpea/WhiteChickPea_312.jpg,,White_Chickpea
train,White_Chickpea/WhiteChickPea_313.jpg,,White_Chickpea
train,White_Chickpea/WhiteChickPea_314.jpg,,White_Chickpea
train,White_Chickpea/WhiteChickPea_316.jpg,,White_Chickpea
train,White_Chickpea/WhiteChickPea_317.jpg,,White_Chickpea
train,White_Chickpea/WhiteChickPea_318.jpg,,White_Chickpea
train,White_Chickpea/WhiteChickPea_319.jpg,,White_Chickpea
train,White_Chickpea/WhiteChickPea_320.jpg,,White_Chickpea
train,White_Chickpea/WhiteChickPea_321.jpg,,White_Chickpea
train,White_Chickpea/WhiteChickPea_322.jpg,,White_Chickpea
train,White_Chickpea/WhiteChickPea_323.jpg,,White_Chickpea
train,White_Chickpea/WhiteChickPea_324.jpg,,White_Chickpea
train,White_Chickpea/WhiteChickPea_325.jpg,,White_Chickpea
train,White_Chickpea/WhiteChickPea_326.jpg,,White_Chickpea
train,White_Chickpea/WhiteChickPea_327.jpg,,White_Chickpea
train,White_Chickpea/WhiteChickPea_328.jpg,,White_Chickpea
train,White_Chickpea/WhiteChickPea_329.jpg,,White_Chickpea
train,White_Chickpea/WhiteChickPea_330.jpg,,White_Chickpea
train,White_Chickpea/WhiteChickPea_331.jpg,,White_Chickpea
train,White_Chickpea/WhiteChickPea_332.jpg,,White_Chickpea
train,White_Chickpea/WhiteChickPea_335.jpg,,White_Chickpea
train,White_Chickpea/WhiteChickPea_337.jpg,,White_Chickpea
train,White_Chickpea/WhiteChickPea_339.jpg,,White_Chickpea
train,White_Chickpea/WhiteChickPea_340.jpg,,White_Chickpea
train,White_Chickpea/WhiteChickPea_341.jpg,,White_Chickpea
train,White_Chickpea/WhiteChickPea_342.jpg,,White_Chickpea
train,White_Chickpea/WhiteChickPea_343.jpg,,White_Chickpea
train,White_Chickpea/WhiteChickPea_344.jpg,,White_Chickpea
train,White_Chickpea/WhiteChickPea_345.jpg,,White_Chickpea
train,White_Chickpea/WhiteChickPea_346.jpg,,White_Chickpea
train,White_Chickpea/WhiteChickPea_347.jpg,,White_Chickpea
train,White_Chickpea/WhiteChickPea_349.jpg,,White_Chickpea
train,White_Chickpea/WhiteChickPea_350.jpg,,White_Chickpea
train,White_Chickpea/WhiteChickPea_352.jpg,,White_Chickpea
train,White_Chickpea/WhiteChickPea_354.jpg,,White_Chickpea
train,White_Chickpea/WhiteChickPea_355.jpg,,White_Chickpea
train,White_Chickpea/WhiteChickPea_356.jpg,,White_Chickpea
train,White_Chickpea/WhiteChickPea_359.jpg,,White_Chickpea
train,White_Chickpea/WhiteChickPea_360.jpg,,White_Chickpea
train,White_Chickpea/WhiteChickPea_361.jpg,,White_Chickpea
train,White_Chickpea/WhiteChickPea_362.jpg,,White_Chickpea
train,White_Chickpea/WhiteChickPea_363.jpg,,White_Chickpea
train,White_Chickpea/WhiteChickPea_365.jpg,,White_Chickpea
train,White_Chickpea/WhiteChickPea_366.jpg,,White_Chickpea
train,White_Chickpea/WhiteChickPea_367.jpg,,White_Chickpea
train,White_Chickpea/WhiteChickPea_368.jpg,,White_Chickpea
train,White_Chickpea/WhiteChickPea_369.jpg,,White_Chickpea
train,White_Chickpea/WhiteChickPea_370.jpg,,White_Chickpea
train,White_Chickpea/WhiteChickPea_371.jpg,,White_Chickpea
train,White_Chickpea/WhiteChickPea_372.jpg,,White_Chickpea
train,White_Chickpea/WhiteChickPea_373.jpg,,White_Chickpea
train,White_Chickpea/WhiteChickPea_374.jpg,,White_Chickpea
train,White_Chickpea/WhiteChickPea_375.jpg,,White_Chickpea
train,White_Chickpea/WhiteChickPea_376.jpg,,White_Chickpea
train,White_Chickpea/WhiteChickPea_377.jpg,,White_Chickpea
train,White_Chickpea/WhiteChickPea_378.jpg,,White_Chickpea
train,White_Chickpea/WhiteChickPea_379.jpg,,White_Chickpea
train,White_Chickpea/WhiteChickPea_382.jpg,,White_Chickpea
train,White_Chickpea/WhiteChickPea_383.jpg,,White_Chickpea
train,White_Chickpea/WhiteChickPea_384.jpg,,White_Chickpea
train,White_Chickpea/WhiteChickPea_385.jpg,,White_Chickpea
train,White_Chickpea/WhiteChickPea_387.jpg,,White_Chickpea
train,White_Chickpea/WhiteChickPea_388.jpg,,White_Chickpea
train,White_Chickpea/WhiteChickPea_389.jpg,,White_Chickpea
train,White_Chickpea/WhiteChickPea_391.jpg,,White_Chickpea
train,White_Chickpea/WhiteChickPea_392.jpg,,White_Chickpea
train,White_Chickpea/WhiteChickPea_395.jpg,,White_Chickpea
train,White_Chickpea/WhiteChickPea_396.jpg,,White_Chickpea
train,White_Chickpea/WhiteChickPea_398.jpg,,White_Chickpea
train,White_Chickpea/WhiteChickPea_399.jpg,,White_Chickpea
train,White_Chickpea/WhiteChickPea_400.jpg,,White_Chickpea
train,White_Chickpea/WhiteChickPea_401.jpg,,White_Chickpea
train,White_Chickpea/WhiteChickPea_403.jpg,,White_Chickpea
train,White_Chickpea/WhiteChickPea_404.jpg,,White_Chickpea
train,White_Chickpea/WhiteChickPea_406.jpg,,White_Chickpea
train,White_Chickpea/WhiteChickPea_407.jpg,,White_Chickpea
train,White_Chickpea/WhiteChickPea_408.jpg,,White_Chickpea
train,White_Chickpea/WhiteChickPea_409.jpg,,White_Chickpea
train,White_Chickpea/WhiteChickPea_410.jpg,,White_Chickpea
train,White_Chickpea/WhiteChickPea_413.jpg,,White_Chickpea
train,White_Chickpea/WhiteChickPea_414.jpg,,White_Chickpea
train,White_Chickpea/WhiteChickPea_415.jpg,,White_Chickpea
train,White_Chickpea/WhiteChickPea_416.jpg,,White_Chickpea
train,White_Chickpea/WhiteChickPea_418.jpg,,White_Chickpea
train,White_Chickpea/WhiteChickPea_419.jpg,,White_Chickpea
train,White_Chickpea/WhiteChickPea_420.jpg,,White_Chickpea
train,White_Chickpea/WhiteChickPea_421.jpg,,White_Chickpea
train,White_Chickpea/WhiteChickPea_422.jpg,,White_Chickpea
train,White_Chickpea/WhiteChickPea_423.jpg,,White_Chickpea
train,White_Chickpea/WhiteChickPea_425.jpg,,White_Chickpea
train,White_Chickpea/WhiteChickPea_426.jpg,,White_Chickpea
train,White_Chickpea/WhiteChickPea_427.jpg,,White_Chickpea
train,White_Chickpea/WhiteChickPea_428.jpg,,White_Chickpea
train,White_Chickpea/WhiteChickPea_430.jpg,,White_Chickpea
train,White_Chickpea/WhiteChickPea_431.jpg,,White_Chickpea
train,White_Chickpea/WhiteChickPea_432.jpg,,White_Chickpea
train,White_Chickpea/WhiteChickPea_433.jpg,,White_Chickpea
train,White_Chickpea/WhiteChickPea_434.jpg,,White_Chickpea
train,White_Chickpea/WhiteChickPea_435.jpg,,White_Chickpea
train,White_Chickpea/WhiteChickPea_436.jpg,,White_Chickpea
train,White_Chickpea/WhiteChickPea_437.jpg,,White_Chickpea
train,White_Chickpea/WhiteChickPea_438.jpg,,White_Chickpea
train,White_Chickpea/WhiteChickPea_439.jpg,,White_Chickpea
train,White_Chickpea/WhiteChickPea_440.jpg,,White_Chickpea
train,White_Chickpea/WhiteChickPea_442.jpg,,White_Chickpea
train,White_Chickpea/WhiteChickPea_443.jpg,,White_Chickpea
train,White_Chickpea/WhiteChickPea_444.jpg,,White_Chickpea
train,White_Chickpea/WhiteChickPea_445.jpg,,White_Chickpea
train,White_Chickpea/WhiteChickPea_447.jpg,,White_Chickpea
train,White_Chickpea/WhiteChickPea_449.jpg,,White_Chickpea
train,White_Chickpea/WhiteChickPea_451.jpg,,White_Chickpea
train,White_Chickpea/WhiteChickPea_452.jpg,,White_Chickpea
train,White_Chickpea/WhiteChickPea_453.jpg,,White_Chickpea
train,White_Chickpea/WhiteChickPea_454.jpg,,White_Chickpea
train,White_Chickpea/WhiteChickPea_455.jpg,,White_Chickpea
train,White_Chickpea/WhiteChickPea_456.jpg,,White_Chickpea
train,White_Chickpea/WhiteChickPea_458.jpg,,White_Chickpea
train,White_Chickpea/WhiteChickPea_459.jpg,,White_Chickpea
train,White_Chickpea/WhiteChickPea_461.jpg,,White_Chickpea
train,White_Chickpea/WhiteChickPea_463.jpg,,White_Chickpea
train,White_Chickpea/WhiteChickPea_465.jpg,,White_Chickpea
train,White_Chickpea/WhiteChickPea_467.jpg,,White_Chickpea
train,White_Chickpea/WhiteChickPea_468.jpg,,White_Chickpea
train,White_Chickpea/WhiteChickPea_469.jpg,,White_Chickpea
train,White_Chickpea/WhiteChickPea_471.jpg,,White_Chickpea
train,White_Chickpea/WhiteChickPea_473.jpg,,White_Chickpea
train,White_Chickpea/WhiteChickPea_474.jpg,,White_Chickpea
train,White_Chickpea/WhiteChickPea_475.jpg,,White_Chickpea
train,White_Chickpea/WhiteChickPea_476.jpg,,White_Chickpea
train,White_Chickpea/WhiteChickPea_477.jpg,,White_Chickpea
train,White_Chickpea/WhiteChickPea_478.jpg,,White_Chickpea
train,White_Chickpea/WhiteChickPea_479.jpg,,White_Chickpea
train,White_Chickpea/WhiteChickPea_480.jpg,,White_Chickpea
train,White_Chickpea/WhiteChickPea_482.jpg,,White_Chickpea
train,White_Chickpea/WhiteChickPea_483.jpg,,White_Chickpea
train,White_Chickpea/WhiteChickPea_484.jpg,,White_Chickpea
train,White_Chickpea/WhiteChickPea_485.jpg,,White_Chickpea
train,White_Chickpea/WhiteChickPea_486.jpg,,White_Chickpea
train,White_Chickpea/WhiteChickPea_488.jpg,,White_Chickpea
train,White_Chickpea/WhiteChickPea_489.jpg,,White_Chickpea
train,White_Chickpea/WhiteChickPea_490.jpg,,White_Chickpea
train,White_Chickpea/WhiteChickPea_491.jpg,,White_Chickpea
train,White_Chickpea/WhiteChickPea_492.jpg,,White_Chickpea
train,White_Chickpea/WhiteChickPea_494.jpg,,White_Chickpea
train,White_Chickpea/WhiteChickPea_495.jpg,,White_Chickpea
train,White_Chickpea/WhiteChickPea_496.jpg,,White_Chickpea
train,White_Chickpea/WhiteChickPea_497.jpg,,White_Chickpea
train,White_Chickpea/WhiteChickPea_498.jpg,,White_Chickpea
train,White_Chickpea/WhiteChickPea_499.jpg,,White_Chickpea
train,White_beans/WhiteBean_002.jpg,,White_beans
train,White_beans/WhiteBean_003.jpg,,White_beans
train,White_beans/WhiteBean_007.jpg,,White_beans
train,White_beans/WhiteBean_008.jpg,,White_beans
train,White_beans/WhiteBean_009.jpg,,White_beans
train,White_beans/WhiteBean_010.jpg,,White_beans
train,White_beans/WhiteBean_011.jpg,,White_beans
train,White_beans/WhiteBean_012.jpg,,White_beans
train,White_beans/WhiteBean_013.jpg,,White_beans
train,White_beans/WhiteBean_014.jpg,,White_beans
train,White_beans/WhiteBean_015.jpg,,White_beans
train,White_beans/WhiteBean_016.jpg,,White_beans
train,White_beans/WhiteBean_017.jpg,,White_beans
train,White_beans/WhiteBean_018.jpg,,White_beans
train,White_beans/WhiteBean_019.jpg,,White_beans
train,White_beans/WhiteBean_020.jpg,,White_beans
train,White_beans/WhiteBean_021.jpg,,White_beans
train,White_beans/WhiteBean_022.jpg,,White_beans
train,White_beans/WhiteBean_023.jpg,,White_beans
train,White_beans/WhiteBean_024.jpg,,White_beans
train,White_beans/WhiteBean_025.jpg,,White_beans
train,White_beans/WhiteBean_026.jpg,,White_beans
train,White_beans/WhiteBean_027.jpg,,White_beans
train,White_beans/WhiteBean_028.jpg,,White_beans
train,White_beans/WhiteBean_029.jpg,,White_beans
train,White_beans/WhiteBean_030.jpg,,White_beans
train,White_beans/WhiteBean_031.jpg,,White_beans
train,White_beans/WhiteBean_032.jpg,,White_beans
train,White_beans/WhiteBean_033.jpg,,White_beans
train,White_beans/WhiteBean_034.jpg,,White_beans
train,White_beans/WhiteBean_035.jpg,,White_beans
train,White_beans/WhiteBean_037.jpg,,White_beans
train,White_beans/WhiteBean_038.jpg,,White_beans
train,White_beans/WhiteBean_039.jpg,,White_beans
train,White_beans/WhiteBean_040.jpg,,White_beans
train,White_beans/WhiteBean_042.jpg,,White_beans
train,White_beans/WhiteBean_043.jpg,,White_beans
train,White_beans/WhiteBean_044.jpg,,White_beans
train,White_beans/WhiteBean_045.jpg,,White_beans
train,White_beans/WhiteBean_047.jpg,,White_beans
train,White_beans/WhiteBean_048.jpg,,White_beans
train,White_beans/WhiteBean_049.jpg,,White_beans
train,White_beans/WhiteBean_050.jpg,,White_beans
train,White_beans/WhiteBean_051.jpg,,White_beans
train,White_beans/WhiteBean_052.jpg,,White_beans
train,White_beans/WhiteBean_053.jpg,,White_beans
train,White_beans/WhiteBean_054.jpg,,White_beans
train,White_beans/WhiteBean_055.jpg,,White_beans
train,White_beans/WhiteBean_056.jpg,,White_beans
train,White_beans/WhiteBean_057.jpg,,White_beans
train,White_beans/WhiteBean_058.jpg,,White_beans
train,White_beans/WhiteBean_059.jpg,,White_beans
train,White_beans/WhiteBean_060.jpg,,White_beans
train,White_beans/WhiteBean_061.jpg,,White_beans
train,White_beans/WhiteBean_062.jpg,,White_beans
train,White_beans/WhiteBean_063.jpg,,White_beans
train,White_beans/WhiteBean_064.jpg,,White_beans
train,White_beans/WhiteBean_065.jpg,,White_beans
train,White_beans/WhiteBean_066.jpg,,White_beans
train,White_beans/WhiteBean_067.jpg,,White_beans
train,White_beans/WhiteBean_068.jpg,,White_beans
train,White_beans/WhiteBean_070.jpg,,White_beans
train,White_beans/WhiteBean_072.jpg,,White_beans
train,White_beans/WhiteBean_073.jpg,,White_beans
train,White_beans/WhiteBean_074.jpg,,White_beans
train,White_beans/WhiteBean_075.jpg,,White_beans
train,White_beans/WhiteBean_076.jpg,,White_beans
train,White_beans/WhiteBean_077.jpg,,White_beans
train,White_beans/WhiteBean_078.jpg,,White_beans
train,White_beans/WhiteBean_079.jpg,,White_beans
train,White_beans/WhiteBean_080.jpg,,White_beans
train,White_beans/WhiteBean_082.jpg,,White_beans
train,White_beans/WhiteBean_083.jpg,,White_beans
train,White_beans/WhiteBean_084.jpg,,White_beans
train,White_beans/WhiteBean_086.jpg,,White_beans
train,White_beans/WhiteBean_087.jpg,,White_beans
train,White_beans/WhiteBean_088.jpg,,White_beans
train,White_beans/WhiteBean_089.jpg,,White_beans
train,White_beans/WhiteBean_090.jpg,,White_beans
train,White_beans/WhiteBean_091.jpg,,White_beans
train,White_beans/WhiteBean_093.jpg,,White_beans
train,White_beans/WhiteBean_094.jpg,,White_beans
train,White_beans/WhiteBean_096.jpg,,White_beans
train,White_beans/WhiteBean_097.jpg,,White_beans
train,White_beans/WhiteBean_099.jpg,,White_beans
train,White_beans/WhiteBean_100.jpg,,White_beans
train,White_beans/WhiteBean_101.jpg,,White_beans
train,White_beans/WhiteBean_102.jpg,,White_beans
train,White_beans/WhiteBean_103.jpg,,White_beans
train,White_beans/WhiteBean_104.jpg,,White_beans
train,White_beans/WhiteBean_105.jpg,,White_beans
train,White_beans/WhiteBean_106.jpg,,White_beans
train,White_beans/WhiteBean_107.jpg,,White_beans
train,White_beans/WhiteBean_108.jpg,,White_beans
train,White_beans/WhiteBean_109.jpg,,White_beans
train,White_beans/WhiteBean_110.jpg,,White_beans
train,White_beans/WhiteBean_111.jpg,,White_beans
train,White_beans/WhiteBean_112.jpg,,White_beans
train,White_beans/WhiteBean_113.jpg,,White_beans
train,White_beans/WhiteBean_115.jpg,,White_beans
train,White_beans/WhiteBean_116.jpg,,White_beans
train,White_beans/WhiteBean_117.jpg,,White_beans
train,White_beans/WhiteBean_119.jpg,,White_beans
train,White_beans/WhiteBean_121.jpg,,White_beans
train,White_beans/WhiteBean_122.jpg,,White_beans
train,White_beans/WhiteBean_123.jpg,,White_beans
train,White_beans/WhiteBean_125.jpg,,White_beans
train,White_beans/WhiteBean_126.jpg,,White_beans
train,White_beans/WhiteBean_127.jpg,,White_beans
train,White_beans/WhiteBean_128.jpg,,White_beans
train,White_beans/WhiteBean_130.jpg,,White_beans
train,White_beans/WhiteBean_131.jpg,,White_beans
train,White_beans/WhiteBean_132.jpg,,White_beans
train,White_beans/WhiteBean_133.jpg,,White_beans
train,White_beans/WhiteBean_134.jpg,,White_beans
train,White_beans/WhiteBean_137.jpg,,White_beans
train,White_beans/WhiteBean_138.jpg,,White_beans
train,White_beans/WhiteBean_140.jpg,,White_beans
train,White_beans/WhiteBean_142.jpg,,White_beans
train,White_beans/WhiteBean_143.jpg,,White_beans
train,White_beans/WhiteBean_144.jpg,,White_beans
train,White_beans/WhiteBean_145.jpg,,White_beans
train,White_beans/WhiteBean_146.jpg,,White_beans
train,White_beans/WhiteBean_149.jpg,,White_beans
train,White_beans/WhiteBean_150.jpg,,White_beans
train,White_beans/WhiteBean_152.jpg,,White_beans
train,White_beans/WhiteBean_153.jpg,,White_beans
train,White_beans/WhiteBean_154.jpg,,White_beans
train,White_beans/WhiteBean_156.jpg,,White_beans
train,White_beans/WhiteBean_158.jpg,,White_beans
train,White_beans/WhiteBean_161.jpg,,White_beans
train,White_beans/WhiteBean_162.jpg,,White_beans
train,White_beans/WhiteBean_163.jpg,,White_beans
train,White_beans/WhiteBean_164.jpg,,White_beans
train,White_beans/WhiteBean_165.jpg,,White_beans
train,White_beans/WhiteBean_166.jpg,,White_beans
train,White_beans/WhiteBean_167.jpg,,White_beans
train,White_beans/WhiteBean_168.jpg,,White_beans
train,White_beans/WhiteBean_169.jpg,,White_beans
train,White_beans/WhiteBean_170.jpg,,White_beans
train,White_beans/WhiteBean_171.jpg,,White_beans
train,White_beans/WhiteBean_172.jpg,,White_beans
train,White_beans/WhiteBean_173.jpg,,White_beans
train,White_beans/WhiteBean_174.jpg,,White_beans
train,White_beans/WhiteBean_175.jpg,,White_beans
train,White_beans/WhiteBean_176.jpg,,White_beans
train,White_beans/WhiteBean_177.jpg,,White_beans
train,White_beans/WhiteBean_180.jpg,,White_beans
train,White_beans/WhiteBean_181.jpg,,White_beans
train,White_beans/WhiteBean_182.jpg,,White_beans
train,White_beans/WhiteBean_183.jpg,,White_beans
train,White_beans/WhiteBean_184.jpg,,White_beans
train,White_beans/WhiteBean_185.jpg,,White_beans
train,White_beans/WhiteBean_186.jpg,,White_beans
train,White_beans/WhiteBean_187.jpg,,White_beans
train,White_beans/WhiteBean_188.jpg,,White_beans
train,White_beans/WhiteBean_190.jpg,,White_beans
train,White_beans/WhiteBean_191.jpg,,White_beans
train,White_beans/WhiteBean_192.jpg,,White_beans
train,White_beans/WhiteBean_194.jpg,,White_beans
train,White_beans/WhiteBean_196.jpg,,White_beans
train,White_beans/WhiteBean_197.jpg,,White_beans
train,White_beans/WhiteBean_198.jpg,,White_beans
train,White_beans/WhiteBean_199.jpg,,White_beans
train,White_beans/WhiteBean_200.jpg,,White_beans
train,White_beans/WhiteBean_202.jpg,,White_beans
train,White_beans/WhiteBean_203.jpg,,White_beans
train,White_beans/WhiteBean_205.jpg,,White_beans
train,White_beans/WhiteBean_206.jpg,,White_beans
train,White_beans/WhiteBean_207.jpg,,White_beans
train,White_beans/WhiteBean_208.jpg,,White_beans
train,White_beans/WhiteBean_209.jpg,,White_beans
train,White_beans/WhiteBean_210.jpg,,White_beans
train,White_beans/WhiteBean_211.jpg,,White_beans
train,White_beans/WhiteBean_214.jpg,,White_beans
train,White_beans/WhiteBean_215.jpg,,White_beans
train,White_beans/WhiteBean_216.jpg,,White_beans
train,White_beans/WhiteBean_217.jpg,,White_beans
train,White_beans/WhiteBean_219.jpg,,White_beans
train,White_beans/WhiteBean_220.jpg,,White_beans
train,White_beans/WhiteBean_221.jpg,,White_beans
train,White_beans/WhiteBean_223.jpg,,White_beans
train,White_beans/WhiteBean_226.jpg,,White_beans
train,White_beans/WhiteBean_227.jpg,,White_beans
train,White_beans/WhiteBean_230.jpg,,White_beans
train,White_beans/WhiteBean_231.jpg,,White_beans
train,White_beans/WhiteBean_232.jpg,,White_beans
train,White_beans/WhiteBean_233.jpg,,White_beans
train,White_beans/WhiteBean_234.jpg,,White_beans
train,White_beans/WhiteBean_236.jpg,,White_beans
train,White_beans/WhiteBean_237.jpg,,White_beans
train,White_beans/WhiteBean_238.jpg,,White_beans
train,White_beans/WhiteBean_239.jpg,,White_beans
train,White_beans/WhiteBean_240.jpg,,White_beans
train,White_beans/WhiteBean_241.jpg,,White_beans
train,White_beans/WhiteBean_243.jpg,,White_beans
train,White_beans/WhiteBean_244.jpg,,White_beans
train,White_beans/WhiteBean_245.jpg,,White_beans
train,White_beans/WhiteBean_247.jpg,,White_beans
train,White_beans/WhiteBean_249.jpg,,White_beans
train,White_beans/WhiteBean_250.jpg,,White_beans
train,White_beans/WhiteBean_251.jpg,,White_beans
train,White_beans/WhiteBean_252.jpg,,White_beans
train,White_beans/WhiteBean_254.jpg,,White_beans
train,White_beans/WhiteBean_255.jpg,,White_beans
train,White_beans/WhiteBean_256.jpg,,White_beans
train,White_beans/WhiteBean_257.jpg,,White_beans
train,White_beans/WhiteBean_258.jpg,,White_beans
train,White_beans/WhiteBean_259.jpg,,White_beans
train,White_beans/WhiteBean_260.jpg,,White_beans
train,White_beans/WhiteBean_261.jpg,,White_beans
train,White_beans/WhiteBean_262.jpg,,White_beans
train,White_beans/WhiteBean_263.jpg,,White_beans
train,White_beans/WhiteBean_264.jpg,,White_beans
train,White_beans/WhiteBean_265.jpg,,White_beans
train,White_beans/WhiteBean_267.jpg,,White_beans
train,White_beans/WhiteBean_268.jpg,,White_beans
train,White_beans/WhiteBean_271.jpg,,White_beans
train,White_beans/WhiteBean_272.jpg,,White_beans
train,White_beans/WhiteBean_273.jpg,,White_beans
train,White_beans/WhiteBean_276.jpg,,White_beans
train,White_beans/WhiteBean_277.jpg,,White_beans
train,White_beans/WhiteBean_279.jpg,,White_beans
train,White_beans/WhiteBean_280.jpg,,White_beans
train,White_beans/WhiteBean_281.jpg,,White_beans
train,White_beans/WhiteBean_283.jpg,,White_beans
train,White_beans/WhiteBean_284.jpg,,White_beans
train,White_beans/WhiteBean_285.jpg,,White_beans
train,White_beans/WhiteBean_286.jpg,,White_beans
train,White_beans/WhiteBean_287.jpg,,White_beans
train,White_beans/WhiteBean_288.jpg,,White_beans
train,White_beans/WhiteBean_291.jpg,,White_beans
train,White_beans/WhiteBean_292.jpg,,White_beans
train,White_beans/WhiteBean_293.jpg,,White_beans
train,White_beans/WhiteBean_294.jpg,,White_beans
train,White_beans/WhiteBean_295.jpg,,White_beans
train,White_beans/WhiteBean_296.jpg,,White_beans
train,White_beans/WhiteBean_297.jpg,,White_beans
train,White_beans/WhiteBean_298.jpg,,White_beans
train,White_beans/WhiteBean_299.jpg,,White_beans
train,White_beans/WhiteBean_300.jpg,,White_beans
train,White_beans/WhiteBean_301.jpg,,White_beans
train,White_beans/WhiteBean_302.jpg,,White_beans
train,White_beans/WhiteBean_303.jpg,,White_beans
train,White_beans/WhiteBean_305.jpg,,White_beans
train,White_beans/WhiteBean_306.jpg,,White_beans
train,White_beans/WhiteBean_308.jpg,,White_beans
train,White_beans/WhiteBean_309.jpg,,White_beans
train,White_beans/WhiteBean_310.jpg,,White_beans
train,White_beans/WhiteBean_311.jpg,,White_beans
train,White_beans/WhiteBean_312.jpg,,White_beans
train,White_beans/WhiteBean_313.jpg,,White_beans
train,White_beans/WhiteBean_314.jpg,,White_beans
train,White_beans/WhiteBean_316.jpg,,White_beans
train,White_beans/WhiteBean_317.jpg,,White_beans
train,White_beans/WhiteBean_318.jpg,,White_beans
train,White_beans/WhiteBean_319.jpg,,White_beans
train,White_beans/WhiteBean_320.jpg,,White_beans
train,White_beans/WhiteBean_321.jpg,,White_beans
train,White_beans/WhiteBean_323.jpg,,White_beans
train,White_beans/WhiteBean_324.jpg,,White_beans
train,White_beans/WhiteBean_326.jpg,,White_beans
train,White_beans/WhiteBean_328.jpg,,White_beans
train,White_beans/WhiteBean_330.jpg,,White_beans
train,White_beans/WhiteBean_331.jpg,,White_beans
train,White_beans/WhiteBean_333.jpg,,White_beans
train,White_beans/WhiteBean_335.jpg,,White_beans
train,White_beans/WhiteBean_336.jpg,,White_beans
train,White_beans/WhiteBean_337.jpg,,White_beans
train,White_beans/WhiteBean_338.jpg,,White_beans
train,White_beans/WhiteBean_339.jpg,,White_beans
train,White_beans/WhiteBean_340.jpg,,White_beans
train,White_beans/WhiteBean_341.jpg,,White_beans
train,White_beans/WhiteBean_342.jpg,,White_beans
train,White_beans/WhiteBean_343.jpg,,White_beans
train,White_beans/WhiteBean_344.jpg,,White_beans
train,White_beans/WhiteBean_345.jpg,,White_beans
train,White_beans/WhiteBean_346.jpg,,White_beans
train,White_beans/WhiteBean_347.jpg,,White_beans
train,White_beans/WhiteBean_348.jpg,,White_beans
train,White_beans/WhiteBean_349.jpg,,White_beans
train,White_beans/WhiteBean_350.jpg,,White_beans
train,White_beans/WhiteBean_351.jpg,,White_beans
train,White_beans/WhiteBean_353.jpg,,White_beans
train,White_beans/WhiteBean_355.jpg,,White_beans
train,White_beans/WhiteBean_356.jpg,,White_beans
train,White_beans/WhiteBean_358.jpg,,White_beans
train,White_beans/WhiteBean_360.jpg,,White_beans
train,White_beans/WhiteBean_361.jpg,,White_beans
train,White_beans/WhiteBean_362.jpg,,White_beans
train,White_beans/WhiteBean_363.jpg,,White_beans
train,White_beans/WhiteBean_364.jpg,,White_beans
train,White_beans/WhiteBean_365.jpg,,White_beans
train,White_beans/WhiteBean_366.jpg,,White_beans
train,White_beans/WhiteBean_367.jpg,,White_beans
train,White_beans/WhiteBean_369.jpg,,White_beans
train,White_beans/WhiteBean_370.jpg,,White_beans
train,White_beans/WhiteBean_371.jpg,,White_beans
train,White_beans/WhiteBean_372.jpg,,White_beans
train,White_beans/WhiteBean_373.jpg,,White_beans
train,White_beans/WhiteBean_374.jpg,,White_beans
train,White_beans/WhiteBean_375.jpg,,White_beans
train,White_beans/WhiteBean_376.jpg,,White_beans
train,White_beans/WhiteBean_377.jpg,,White_beans
train,White_beans/WhiteBean_378.jpg,,White_beans
train,White_beans/WhiteBean_380.jpg,,White_beans
train,White_beans/WhiteBean_381.jpg,,White_beans
train,White_beans/WhiteBean_382.jpg,,White_beans
train,White_beans/WhiteBean_383.jpg,,White_beans
train,White_beans/WhiteBean_384.jpg,,White_beans
train,White_beans/WhiteBean_386.jpg,,White_beans
train,White_beans/WhiteBean_387.jpg,,White_beans
train,White_beans/WhiteBean_389.jpg,,White_beans
train,White_beans/WhiteBean_391.jpg,,White_beans
train,White_beans/WhiteBean_392.jpg,,White_beans
train,White_beans/WhiteBean_393.jpg,,White_beans
train,White_beans/WhiteBean_402.jpg,,White_beans
train,White_beans/WhiteBean_404.jpg,,White_beans
train,White_beans/WhiteBean_414.jpg,,White_beans
train,White_beans/WhiteBean_423.jpg,,White_beans
train,White_beans/WhiteBean_424.jpg,,White_beans
train,White_beans/WhiteBean_432.jpg,,White_beans
train,White_beans/WhiteBean_434.jpg,,White_beans
train,White_beans/WhiteBean_445.jpg,,White_beans
train,White_beans/WhiteBean_446.jpg,,White_beans
train,White_beans/WhiteBean_448.jpg,,White_beans
train,White_beans/WhiteBean_449.jpg,,White_beans
train,White_beans/WhiteBean_450.jpg,,White_beans
train,White_beans/WhiteBean_451.jpg,,White_beans
train,White_beans/WhiteBean_452.jpg,,White_beans
train,White_beans/WhiteBean_453.jpg,,White_beans
train,White_beans/WhiteBean_454.jpg,,White_beans
train,White_beans/WhiteBean_456.jpg,,White_beans
train,White_beans/WhiteBean_458.jpg,,White_beans
train,White_beans/WhiteBean_459.jpg,,White_beans
train,White_beans/WhiteBean_461.jpg,,White_beans
train,White_beans/WhiteBean_463.jpg,,White_beans
train,White_beans/WhiteBean_464.jpg,,White_beans
train,White_beans/WhiteBean_465.jpg,,White_beans
train,White_beans/WhiteBean_466.jpg,,White_beans
train,White_beans/WhiteBean_467.jpg,,White_beans
train,White_beans/WhiteBean_468.jpg,,White_beans
train,White_beans/WhiteBean_470.jpg,,White_beans
train,White_beans/WhiteBean_471.jpg,,White_beans
train,White_beans/WhiteBean_472.jpg,,White_beans
train,White_beans/WhiteBean_473.jpg,,White_beans
train,White_beans/WhiteBean_474.jpg,,White_beans
train,White_beans/WhiteBean_475.jpg,,White_beans
train,White_beans/WhiteBean_476.jpg,,White_beans
train,White_beans/WhiteBean_477.jpg,,White_beans
train,White_beans/WhiteBean_478.jpg,,White_beans
train,White_beans/WhiteBean_479.jpg,,White_beans
train,White_beans/WhiteBean_481.jpg,,White_beans
train,White_beans/WhiteBean_483.jpg,,White_beans
train,White_beans/WhiteBean_484.jpg,,White_beans
train,White_beans/WhiteBean_485.jpg,,White_beans
train,White_beans/WhiteBean_486.jpg,,White_beans
train,White_beans/WhiteBean_487.jpg,,White_beans
train,White_beans/WhiteBean_488.jpg,,White_beans
train,White_beans/WhiteBean_489.jpg,,White_beans
train,White_beans/WhiteBean_491.jpg,,White_beans
train,White_beans/WhiteBean_492.jpg,,White_beans
train,White_beans/WhiteBean_494.jpg,,White_beans
train,White_beans/WhiteBean_496.jpg,,White_beans
train,White_peabeans/WhitePeaBean_001.jpg,,White_peabeans
train,White_peabeans/WhitePeaBean_002.jpg,,White_peabeans
train,White_peabeans/WhitePeaBean_003.jpg,,White_peabeans
train,White_peabeans/WhitePeaBean_004.jpg,,White_peabeans
train,White_peabeans/WhitePeaBean_005.jpg,,White_peabeans
train,White_peabeans/WhitePeaBean_006.jpg,,White_peabeans
train,White_peabeans/WhitePeaBean_007.jpg,,White_peabeans
train,White_peabeans/WhitePeaBean_009.jpg,,White_peabeans
train,White_peabeans/WhitePeaBean_010.jpg,,White_peabeans
train,White_peabeans/WhitePeaBean_011.jpg,,White_peabeans
train,White_peabeans/WhitePeaBean_014.jpg,,White_peabeans
train,White_peabeans/WhitePeaBean_015.jpg,,White_peabeans
train,White_peabeans/WhitePeaBean_016.jpg,,White_peabeans
train,White_peabeans/WhitePeaBean_017.jpg,,White_peabeans
train,White_peabeans/WhitePeaBean_018.jpg,,White_peabeans
train,White_peabeans/WhitePeaBean_019.jpg,,White_peabeans
train,White_peabeans/WhitePeaBean_020.jpg,,White_peabeans
train,White_peabeans/WhitePeaBean_021.jpg,,White_peabeans
train,White_peabeans/WhitePeaBean_022.jpg,,White_peabeans
train,White_peabeans/WhitePeaBean_024.jpg,,White_peabeans
train,White_peabeans/WhitePeaBean_025.jpg,,White_peabeans
train,White_peabeans/WhitePeaBean_027.jpg,,White_peabeans
train,White_peabeans/WhitePeaBean_029.jpg,,White_peabeans
train,White_peabeans/WhitePeaBean_030.jpg,,White_peabeans
train,White_peabeans/WhitePeaBean_031.jpg,,White_peabeans
train,White_peabeans/WhitePeaBean_032.jpg,,White_peabeans
train,White_peabeans/WhitePeaBean_033.jpg,,White_peabeans
train,White_peabeans/WhitePeaBean_034.jpg,,White_peabeans
train,White_peabeans/WhitePeaBean_035.jpg,,White_peabeans
train,White_peabeans/WhitePeaBean_036.jpg,,White_peabeans
train,White_peabeans/WhitePeaBean_038.jpg,,White_peabeans
train,White_peabeans/WhitePeaBean_039.jpg,,White_peabeans
train,White_peabeans/WhitePeaBean_040.jpg,,White_peabeans
train,White_peabeans/WhitePeaBean_041.jpg,,White_peabeans
train,White_peabeans/WhitePeaBean_042.jpg,,White_peabeans
train,White_peabeans/WhitePeaBean_045.jpg,,White_peabeans
train,White_peabeans/WhitePeaBean_047.jpg,,White_peabeans
train,White_peabeans/WhitePeaBean_048.jpg,,White_peabeans
train,White_peabeans/WhitePeaBean_049.jpg,,White_peabeans
train,White_peabeans/WhitePeaBean_050.jpg,,White_peabeans
train,White_peabeans/WhitePeaBean_051.jpg,,White_peabeans
train,White_peabeans/WhitePeaBean_052.jpg,,White_peabeans
train,White_peabeans/WhitePeaBean_053.jpg,,White_peabeans
train,White_peabeans/WhitePeaBean_054.jpg,,White_peabeans
train,White_peabeans/WhitePeaBean_055.jpg,,White_peabeans
train,White_peabeans/WhitePeaBean_056.jpg,,White_peabeans
train,White_peabeans/WhitePeaBean_059.jpg,,White_peabeans
train,White_peabeans/WhitePeaBean_060.jpg,,White_peabeans
train,White_peabeans/WhitePeaBean_061.jpg,,White_peabeans
train,White_peabeans/WhitePeaBean_062.jpg,,White_peabeans
train,White_peabeans/WhitePeaBean_063.jpg,,White_peabeans
train,White_peabeans/WhitePeaBean_064.jpg,,White_peabeans
train,White_peabeans/WhitePeaBean_065.jpg,,White_peabeans
train,White_peabeans/WhitePeaBean_066.jpg,,White_peabeans
train,White_peabeans/WhitePeaBean_069.jpg,,White_peabeans
train,White_peabeans/WhitePeaBean_071.jpg,,White_peabeans
train,White_peabeans/WhitePeaBean_072.jpg,,White_peabeans
train,White_peabeans/WhitePeaBean_073.jpg,,White_peabeans
train,White_peabeans/WhitePeaBean_074.jpg,,White_peabeans
train,White_peabeans/WhitePeaBean_077.jpg,,White_peabeans
train,White_peabeans/WhitePeaBean_078.jpg,,White_peabeans
train,White_peabeans/WhitePeaBean_079.jpg,,White_peabeans
train,White_peabeans/WhitePeaBean_081.jpg,,White_peabeans
train,White_peabeans/WhitePeaBean_082.jpg,,White_peabeans
train,White_peabeans/WhitePeaBean_083.jpg,,White_peabeans
train,White_peabeans/WhitePeaBean_084.jpg,,White_peabeans
train,White_peabeans/WhitePeaBean_085.jpg,,White_peabeans
train,White_peabeans/WhitePeaBean_086.jpg,,White_peabeans
train,White_peabeans/WhitePeaBean_088.jpg,,White_peabeans
train,White_peabeans/WhitePeaBean_089.jpg,,White_peabeans
train,White_peabeans/WhitePeaBean_090.jpg,,White_peabeans
train,White_peabeans/WhitePeaBean_091.jpg,,White_peabeans
train,White_peabeans/WhitePeaBean_092.jpg,,White_peabeans
train,White_peabeans/WhitePeaBean_093.jpg,,White_peabeans
train,White_peabeans/WhitePeaBean_094.jpg,,White_peabeans
train,White_peabeans/WhitePeaBean_095.jpg,,White_peabeans
train,White_peabeans/WhitePeaBean_096.jpg,,White_peabeans
train,White_peabeans/WhitePeaBean_097.jpg,,White_peabeans
train,White_peabeans/WhitePeaBean_099.jpg,,White_peabeans
train,White_peabeans/WhitePeaBean_100.jpg,,White_peabeans
train,White_peabeans/WhitePeaBean_104.jpg,,White_peabeans
train,White_peabeans/WhitePeaBean_105.jpg,,White_peabeans
train,White_peabeans/WhitePeaBean_106.jpg,,White_peabeans
train,White_peabeans/WhitePeaBean_107.jpg,,White_peabeans
train,White_peabeans/WhitePeaBean_110.jpg,,White_peabeans
train,White_peabeans/WhitePeaBean_111.jpg,,White_peabeans
train,White_peabeans/WhitePeaBean_112.jpg,,White_peabeans
train,White_peabeans/WhitePeaBean_113.jpg,,White_peabeans
train,White_peabeans/WhitePeaBean_115.jpg,,White_peabeans
train,White_peabeans/WhitePeaBean_116.jpg,,White_peabeans
train,White_peabeans/WhitePeaBean_117.jpg,,White_peabeans
train,White_peabeans/WhitePeaBean_118.jpg,,White_peabeans
train,White_peabeans/WhitePeaBean_119.jpg,,White_peabeans
train,White_peabeans/WhitePeaBean_121.jpg,,White_peabeans
train,White_peabeans/WhitePeaBean_122.jpg,,White_peabeans
train,White_peabeans/WhitePeaBean_123.jpg,,White_peabeans
train,White_peabeans/WhitePeaBean_124.jpg,,White_peabeans
train,White_peabeans/WhitePeaBean_126.jpg,,White_peabeans
train,White_peabeans/WhitePeaBean_128.jpg,,White_peabeans
train,White_peabeans/WhitePeaBean_129.jpg,,White_peabeans
train,White_peabeans/WhitePeaBean_130.jpg,,White_peabeans
train,White_peabeans/WhitePeaBean_131.jpg,,White_peabeans
train,White_peabeans/WhitePeaBean_132.jpg,,White_peabeans
train,White_peabeans/WhitePeaBean_133.jpg,,White_peabeans
train,White_peabeans/WhitePeaBean_134.jpg,,White_peabeans
train,White_peabeans/WhitePeaBean_136.jpg,,White_peabeans
train,White_peabeans/WhitePeaBean_138.jpg,,White_peabeans
train,White_peabeans/WhitePeaBean_139.jpg,,White_peabeans
train,White_peabeans/WhitePeaBean_140.jpg,,White_peabeans
train,White_peabeans/WhitePeaBean_141.jpg,,White_peabeans
train,White_peabeans/WhitePeaBean_142.jpg,,White_peabeans
train,White_peabeans/WhitePeaBean_143.jpg,,White_peabeans
train,White_peabeans/WhitePeaBean_144.jpg,,White_peabeans
train,White_peabeans/WhitePeaBean_145.jpg,,White_peabeans
train,White_peabeans/WhitePeaBean_146.jpg,,White_peabeans
train,White_peabeans/WhitePeaBean_147.jpg,,White_peabeans
train,White_peabeans/WhitePeaBean_150.jpg,,White_peabeans
train,White_peabeans/WhitePeaBean_151.jpg,,White_peabeans
train,White_peabeans/WhitePeaBean_152.jpg,,White_peabeans
train,White_peabeans/WhitePeaBean_153.jpg,,White_peabeans
train,White_peabeans/WhitePeaBean_154.jpg,,White_peabeans
train,White_peabeans/WhitePeaBean_155.jpg,,White_peabeans
train,White_peabeans/WhitePeaBean_156.jpg,,White_peabeans
train,White_peabeans/WhitePeaBean_158.jpg,,White_peabeans
train,White_peabeans/WhitePeaBean_159.jpg,,White_peabeans
train,White_peabeans/WhitePeaBean_160.jpg,,White_peabeans
train,White_peabeans/WhitePeaBean_161.jpg,,White_peabeans
train,White_peabeans/WhitePeaBean_162.jpg,,White_peabeans
train,White_peabeans/WhitePeaBean_163.jpg,,White_peabeans
train,White_peabeans/WhitePeaBean_164.jpg,,White_peabeans
train,White_peabeans/WhitePeaBean_167.jpg,,White_peabeans
train,White_peabeans/WhitePeaBean_168.jpg,,White_peabeans
train,White_peabeans/WhitePeaBean_169.jpg,,White_peabeans
train,White_peabeans/WhitePeaBean_171.jpg,,White_peabeans
train,White_peabeans/WhitePeaBean_172.jpg,,White_peabeans
train,White_peabeans/WhitePeaBean_174.jpg,,White_peabeans
train,White_peabeans/WhitePeaBean_175.jpg,,White_peabeans
train,White_peabeans/WhitePeaBean_178.jpg,,White_peabeans
train,White_peabeans/WhitePeaBean_181.jpg,,White_peabeans
train,White_peabeans/WhitePeaBean_182.jpg,,White_peabeans
train,White_peabeans/WhitePeaBean_183.jpg,,White_peabeans
train,White_peabeans/WhitePeaBean_184.jpg,,White_peabeans
train,White_peabeans/WhitePeaBean_185.jpg,,White_peabeans
train,White_peabeans/WhitePeaBean_186.jpg,,White_peabeans
train,White_peabeans/WhitePeaBean_187.jpg,,White_peabeans
train,White_peabeans/WhitePeaBean_189.jpg,,White_peabeans
train,White_peabeans/WhitePeaBean_190.jpg,,White_peabeans
train,White_peabeans/WhitePeaBean_191.jpg,,White_peabeans
train,White_peabeans/WhitePeaBean_193.jpg,,White_peabeans
train,White_peabeans/WhitePeaBean_194.jpg,,White_peabeans
train,White_peabeans/WhitePeaBean_195.jpg,,White_peabeans
train,White_peabeans/WhitePeaBean_196.jpg,,White_peabeans
train,White_peabeans/WhitePeaBean_197.jpg,,White_peabeans
train,White_peabeans/WhitePeaBean_198.jpg,,White_peabeans
train,White_peabeans/WhitePeaBean_199.jpg,,White_peabeans
train,White_peabeans/WhitePeaBean_200.jpg,,White_peabeans
train,White_peabeans/WhitePeaBean_201.jpg,,White_peabeans
train,White_peabeans/WhitePeaBean_204.jpg,,White_peabeans
train,White_peabeans/WhitePeaBean_206.jpg,,White_peabeans
train,White_peabeans/WhitePeaBean_207.jpg,,White_peabeans
train,White_peabeans/WhitePeaBean_208.jpg,,White_peabeans
train,White_peabeans/WhitePeaBean_209.jpg,,White_peabeans
train,White_peabeans/WhitePeaBean_210.jpg,,White_peabeans
train,White_peabeans/WhitePeaBean_211.jpg,,White_peabeans
train,White_peabeans/WhitePeaBean_213.jpg,,White_peabeans
train,White_peabeans/WhitePeaBean_214.jpg,,White_peabeans
train,White_peabeans/WhitePeaBean_215.jpg,,White_peabeans
train,White_peabeans/WhitePeaBean_216.jpg,,White_peabeans
train,White_peabeans/WhitePeaBean_218.jpg,,White_peabeans
train,White_peabeans/WhitePeaBean_219.jpg,,White_peabeans
train,White_peabeans/WhitePeaBean_220.jpg,,White_peabeans
train,White_peabeans/WhitePeaBean_224.jpg,,White_peabeans
train,White_peabeans/WhitePeaBean_225.jpg,,White_peabeans
train,White_peabeans/WhitePeaBean_228.jpg,,White_peabeans
train,White_peabeans/WhitePeaBean_229.jpg,,White_peabeans
train,White_peabeans/WhitePeaBean_230.jpg,,White_peabeans
train,White_peabeans/WhitePeaBean_232.jpg,,White_peabeans
train,White_peabeans/WhitePeaBean_233.jpg,,White_peabeans
train,White_peabeans/WhitePeaBean_234.jpg,,White_peabeans
train,White_peabeans/WhitePeaBean_235.jpg,,White_peabeans
train,White_peabeans/WhitePeaBean_236.jpg,,White_peabeans
train,White_peabeans/WhitePeaBean_237.jpg,,White_peabeans
train,White_peabeans/WhitePeaBean_238.jpg,,White_peabeans
train,White_peabeans/WhitePeaBean_239.jpg,,White_peabeans
train,White_peabeans/WhitePeaBean_240.jpg,,White_peabeans
train,White_peabeans/WhitePeaBean_241.jpg,,White_peabeans
train,White_peabeans/WhitePeaBean_243.jpg,,White_peabeans
train,White_peabeans/WhitePeaBean_245.jpg,,White_peabeans
train,White_peabeans/WhitePeaBean_246.jpg,,White_peabeans
train,White_peabeans/WhitePeaBean_248.jpg,,White_peabeans
train,White_peabeans/WhitePeaBean_249.jpg,,White_peabeans
train,White_peabeans/WhitePeaBean_251.jpg,,White_peabeans
train,White_peabeans/WhitePeaBean_252.jpg,,White_peabeans
train,White_peabeans/WhitePeaBean_253.jpg,,White_peabeans
train,White_peabeans/WhitePeaBean_254.jpg,,White_peabeans
train,White_peabeans/WhitePeaBean_255.jpg,,White_peabeans
train,White_peabeans/WhitePeaBean_256.jpg,,White_peabeans
train,White_peabeans/WhitePeaBean_258.jpg,,White_peabeans
train,White_peabeans/WhitePeaBean_259.jpg,,White_peabeans
train,White_peabeans/WhitePeaBean_260.jpg,,White_peabeans
train,White_peabeans/WhitePeaBean_261.jpg,,White_peabeans
train,White_peabeans/WhitePeaBean_262.jpg,,White_peabeans
train,White_peabeans/WhitePeaBean_263.jpg,,White_peabeans
train,White_peabeans/WhitePeaBean_264.jpg,,White_peabeans
train,White_peabeans/WhitePeaBean_265.jpg,,White_peabeans
train,White_peabeans/WhitePeaBean_266.jpg,,White_peabeans
train,White_peabeans/WhitePeaBean_267.jpg,,White_peabeans
train,White_peabeans/WhitePeaBean_268.jpg,,White_peabeans
train,White_peabeans/WhitePeaBean_270.jpg,,White_peabeans
train,White_peabeans/WhitePeaBean_271.jpg,,White_peabeans
train,White_peabeans/WhitePeaBean_272.jpg,,White_peabeans
train,White_peabeans/WhitePeaBean_273.jpg,,White_peabeans
train,White_peabeans/WhitePeaBean_274.jpg,,White_peabeans
train,White_peabeans/WhitePeaBean_275.jpg,,White_peabeans
train,White_peabeans/WhitePeaBean_277.jpg,,White_peabeans
train,White_peabeans/WhitePeaBean_278.jpg,,White_peabeans
train,White_peabeans/WhitePeaBean_279.jpg,,White_peabeans
train,White_peabeans/WhitePeaBean_280.jpg,,White_peabeans
train,White_peabeans/WhitePeaBean_282.jpg,,White_peabeans
train,White_peabeans/WhitePeaBean_283.jpg,,White_peabeans
train,White_peabeans/WhitePeaBean_284.jpg,,White_peabeans
train,White_peabeans/WhitePeaBean_285.jpg,,White_peabeans
train,White_peabeans/WhitePeaBean_286.jpg,,White_peabeans
train,White_peabeans/WhitePeaBean_289.jpg,,White_peabeans
train,White_peabeans/WhitePeaBean_290.jpg,,White_peabeans
train,White_peabeans/WhitePeaBean_291.jpg,,White_peabeans
train,White_peabeans/WhitePeaBean_292.jpg,,White_peabeans
train,White_peabeans/WhitePeaBean_294.jpg,,White_peabeans
train,White_peabeans/WhitePeaBean_296.jpg,,White_peabeans
train,White_peabeans/WhitePeaBean_297.jpg,,White_peabeans
train,White_peabeans/WhitePeaBean_298.jpg,,White_peabeans
train,White_peabeans/WhitePeaBean_299.jpg,,White_peabeans
train,White_peabeans/WhitePeaBean_300.jpg,,White_peabeans
train,White_peabeans/WhitePeaBean_301.jpg,,White_peabeans
train,White_peabeans/WhitePeaBean_302.jpg,,White_peabeans
train,White_peabeans/WhitePeaBean_303.jpg,,White_peabeans
train,White_peabeans/WhitePeaBean_304.jpg,,White_peabeans
train,White_peabeans/WhitePeaBean_306.jpg,,White_peabeans
train,White_peabeans/WhitePeaBean_307.jpg,,White_peabeans
train,White_peabeans/WhitePeaBean_308.jpg,,White_peabeans
train,White_peabeans/WhitePeaBean_309.jpg,,White_peabeans
train,White_peabeans/WhitePeaBean_310.jpg,,White_peabeans
train,White_peabeans/WhitePeaBean_311.jpg,,White_peabeans
train,White_peabeans/WhitePeaBean_312.jpg,,White_peabeans
train,White_peabeans/WhitePeaBean_313.jpg,,White_peabeans
train,White_peabeans/WhitePeaBean_314.jpg,,White_peabeans
train,White_peabeans/WhitePeaBean_315.jpg,,White_peabeans
train,White_peabeans/WhitePeaBean_317.jpg,,White_peabeans
train,White_peabeans/WhitePeaBean_319.jpg,,White_peabeans
train,White_peabeans/WhitePeaBean_321.jpg,,White_peabeans
train,White_peabeans/WhitePeaBean_322.jpg,,White_peabeans
train,White_peabeans/WhitePeaBean_323.jpg,,White_peabeans
train,White_peabeans/WhitePeaBean_324.jpg,,White_peabeans
train,White_peabeans/WhitePeaBean_325.jpg,,White_peabeans
train,White_peabeans/WhitePeaBean_326.jpg,,White_peabeans
train,White_peabeans/WhitePeaBean_327.jpg,,White_peabeans
train,White_peabeans/WhitePeaBean_328.jpg,,White_peabeans
train,White_peabeans/WhitePeaBean_329.jpg,,White_peabeans
train,White_peabeans/WhitePeaBean_330.jpg,,White_peabeans
train,White_peabeans/WhitePeaBean_331.jpg,,White_peabeans
train,White_peabeans/WhitePeaBean_332.jpg,,White_peabeans
train,White_peabeans/WhitePeaBean_333.jpg,,White_peabeans
train,White_peabeans/WhitePeaBean_335.jpg,,White_peabeans
train,White_peabeans/WhitePeaBean_337.jpg,,White_peabeans
train,White_peabeans/WhitePeaBean_338.jpg,,White_peabeans
train,White_peabeans/WhitePeaBean_339.jpg,,White_peabeans
train,White_peabeans/WhitePeaBean_340.jpg,,White_peabeans
train,White_peabeans/WhitePeaBean_341.jpg,,White_peabeans
train,White_peabeans/WhitePeaBean_342.jpg,,White_peabeans
train,White_peabeans/WhitePeaBean_343.jpg,,White_peabeans
train,White_peabeans/WhitePeaBean_345.jpg,,White_peabeans
train,White_peabeans/WhitePeaBean_346.jpg,,White_peabeans
train,White_peabeans/WhitePeaBean_347.jpg,,White_peabeans
train,White_peabeans/WhitePeaBean_348.jpg,,White_peabeans
train,White_peabeans/WhitePeaBean_349.jpg,,White_peabeans
train,White_peabeans/WhitePeaBean_350.jpg,,White_peabeans
train,White_peabeans/WhitePeaBean_352.jpg,,White_peabeans
train,White_peabeans/WhitePeaBean_353.jpg,,White_peabeans
train,White_peabeans/WhitePeaBean_354.jpg,,White_peabeans
train,White_peabeans/WhitePeaBean_355.jpg,,White_peabeans
train,White_peabeans/WhitePeaBean_357.jpg,,White_peabeans
train,White_peabeans/WhitePeaBean_359.jpg,,White_peabeans
train,White_peabeans/WhitePeaBean_360.jpg,,White_peabeans
train,White_peabeans/WhitePeaBean_361.jpg,,White_peabeans
train,White_peabeans/WhitePeaBean_362.jpg,,White_peabeans
train,White_peabeans/WhitePeaBean_363.jpg,,White_peabeans
train,White_peabeans/WhitePeaBean_364.jpg,,White_peabeans
train,White_peabeans/WhitePeaBean_365.jpg,,White_peabeans
train,White_peabeans/WhitePeaBean_366.jpg,,White_peabeans
train,White_peabeans/WhitePeaBean_367.jpg,,White_peabeans
train,White_peabeans/WhitePeaBean_368.jpg,,White_peabeans
train,White_peabeans/WhitePeaBean_369.jpg,,White_peabeans
train,White_peabeans/WhitePeaBean_370.jpg,,White_peabeans
train,White_peabeans/WhitePeaBean_371.jpg,,White_peabeans
train,White_peabeans/WhitePeaBean_372.jpg,,White_peabeans
train,White_peabeans/WhitePeaBean_374.jpg,,White_peabeans
train,White_peabeans/WhitePeaBean_375.jpg,,White_peabeans
train,White_peabeans/WhitePeaBean_376.jpg,,White_peabeans
train,White_peabeans/WhitePeaBean_378.jpg,,White_peabeans
train,White_peabeans/WhitePeaBean_380.jpg,,White_peabeans
train,White_peabeans/WhitePeaBean_381.jpg,,White_peabeans
train,White_peabeans/WhitePeaBean_383.jpg,,White_peabeans
train,White_peabeans/WhitePeaBean_384.jpg,,White_peabeans
train,White_peabeans/WhitePeaBean_385.jpg,,White_peabeans
train,White_peabeans/WhitePeaBean_386.jpg,,White_peabeans
train,White_peabeans/WhitePeaBean_387.jpg,,White_peabeans
train,White_peabeans/WhitePeaBean_389.jpg,,White_peabeans
train,White_peabeans/WhitePeaBean_390.jpg,,White_peabeans
train,White_peabeans/WhitePeaBean_392.jpg,,White_peabeans
train,White_peabeans/WhitePeaBean_393.jpg,,White_peabeans
train,White_peabeans/WhitePeaBean_394.jpg,,White_peabeans
train,White_peabeans/WhitePeaBean_396.jpg,,White_peabeans
train,White_peabeans/WhitePeaBean_399.jpg,,White_peabeans
train,White_peabeans/WhitePeaBean_400.jpg,,White_peabeans
train,White_peabeans/WhitePeaBean_401.jpg,,White_peabeans
train,White_peabeans/WhitePeaBean_402.jpg,,White_peabeans
train,White_peabeans/WhitePeaBean_404.jpg,,White_peabeans
train,White_peabeans/WhitePeaBean_405.jpg,,White_peabeans
train,White_peabeans/WhitePeaBean_406.jpg,,White_peabeans
train,White_peabeans/WhitePeaBean_407.jpg,,White_peabeans
train,White_peabeans/WhitePeaBean_408.jpg,,White_peabeans
train,White_peabeans/WhitePeaBean_409.jpg,,White_peabeans
train,White_peabeans/WhitePeaBean_410.jpg,,White_peabeans
train,White_peabeans/WhitePeaBean_411.jpg,,White_peabeans
train,White_peabeans/WhitePeaBean_413.jpg,,White_peabeans
train,White_peabeans/WhitePeaBean_414.jpg,,White_peabeans
train,White_peabeans/WhitePeaBean_415.jpg,,White_peabeans
train,White_peabeans/WhitePeaBean_416.jpg,,White_peabeans
train,White_peabeans/WhitePeaBean_417.jpg,,White_peabeans
train,White_peabeans/WhitePeaBean_418.jpg,,White_peabeans
train,White_peabeans/WhitePeaBean_420.jpg,,White_peabeans
train,White_peabeans/WhitePeaBean_422.jpg,,White_peabeans
train,White_peabeans/WhitePeaBean_423.jpg,,White_peabeans
train,White_peabeans/WhitePeaBean_424.jpg,,White_peabeans
train,White_peabeans/WhitePeaBean_425.jpg,,White_peabeans
train,White_peabeans/WhitePeaBean_426.jpg,,White_peabeans
train,White_peabeans/WhitePeaBean_427.jpg,,White_peabeans
train,White_peabeans/WhitePeaBean_428.jpg,,White_peabeans
train,White_peabeans/WhitePeaBean_430.jpg,,White_peabeans
train,White_peabeans/WhitePeaBean_431.jpg,,White_peabeans
train,White_peabeans/WhitePeaBean_432.jpg,,White_peabeans
train,White_peabeans/WhitePeaBean_433.jpg,,White_peabeans
train,White_peabeans/WhitePeaBean_434.jpg,,White_peabeans
train,White_peabeans/WhitePeaBean_435.jpg,,White_peabeans
train,White_peabeans/WhitePeaBean_436.jpg,,White_peabeans
train,White_peabeans/WhitePeaBean_437.jpg,,White_peabeans
train,White_peabeans/WhitePeaBean_438.jpg,,White_peabeans
train,White_peabeans/WhitePeaBean_439.jpg,,White_peabeans
train,White_peabeans/WhitePeaBean_441.jpg,,White_peabeans
train,White_peabeans/WhitePeaBean_442.jpg,,White_peabeans
train,White_peabeans/WhitePeaBean_443.jpg,,White_peabeans
train,White_peabeans/WhitePeaBean_444.jpg,,White_peabeans
train,White_peabeans/WhitePeaBean_445.jpg,,White_peabeans
train,White_peabeans/WhitePeaBean_446.jpg,,White_peabeans
train,White_peabeans/WhitePeaBean_447.jpg,,White_peabeans
train,White_peabeans/WhitePeaBean_448.jpg,,White_peabeans
train,White_peabeans/WhitePeaBean_449.jpg,,White_peabeans
train,White_peabeans/WhitePeaBean_450.jpg,,White_peabeans
train,White_peabeans/WhitePeaBean_451.jpg,,White_peabeans
train,White_peabeans/WhitePeaBean_452.jpg,,White_peabeans
train,White_peabeans/WhitePeaBean_454.jpg,,White_peabeans
train,White_peabeans/WhitePeaBean_455.jpg,,White_peabeans
train,White_peabeans/WhitePeaBean_457.jpg,,White_peabeans
train,White_peabeans/WhitePeaBean_458.jpg,,White_peabeans
train,White_peabeans/WhitePeaBean_459.jpg,,White_peabeans
train,White_peabeans/WhitePeaBean_460.jpg,,White_peabeans
train,White_peabeans/WhitePeaBean_461.jpg,,White_peabeans
train,White_peabeans/WhitePeaBean_463.jpg,,White_peabeans
train,White_peabeans/WhitePeaBean_464.jpg,,White_peabeans
train,White_peabeans/WhitePeaBean_465.jpg,,White_peabeans
train,White_peabeans/WhitePeaBean_467.jpg,,White_peabeans
train,White_peabeans/WhitePeaBean_468.jpg,,White_peabeans
train,White_peabeans/WhitePeaBean_469.jpg,,White_peabeans
train,White_peabeans/WhitePeaBean_470.jpg,,White_peabeans
train,White_peabeans/WhitePeaBean_471.jpg,,White_peabeans
train,White_peabeans/WhitePeaBean_472.jpg,,White_peabeans
train,White_peabeans/WhitePeaBean_473.jpg,,White_peabeans
train,White_peabeans/WhitePeaBean_474.jpg,,White_peabeans
train,White_peabeans/WhitePeaBean_475.jpg,,White_peabeans
train,White_peabeans/WhitePeaBean_476.jpg,,White_peabeans
train,White_peabeans/WhitePeaBean_477.jpg,,White_peabeans
train,White_peabeans/WhitePeaBean_478.jpg,,White_peabeans
train,White_peabeans/WhitePeaBean_479.jpg,,White_peabeans
train,White_peabeans/WhitePeaBean_480.jpg,,White_peabeans
train,White_peabeans/WhitePeaBean_481.jpg,,White_peabeans
train,White_peabeans/WhitePeaBean_482.jpg,,White_peabeans
train,White_peabeans/WhitePeaBean_483.jpg,,White_peabeans
train,White_peabeans/WhitePeaBean_485.jpg,,White_peabeans
train,White_peabeans/WhitePeaBean_487.jpg,,White_peabeans
train,White_peabeans/WhitePeaBean_488.jpg,,White_peabeans
train,White_peabeans/WhitePeaBean_489.jpg,,White_peabeans
train,White_peabeans/WhitePeaBean_491.jpg,,White_peabeans
train,White_peabeans/WhitePeaBean_492.jpg,,White_peabeans
train,White_peabeans/WhitePeaBean_493.jpg,,White_peabeans
train,White_peabeans/WhitePeaBean_494.jpg,,White_peabeans
train,White_peabeans/WhitePeaBean_496.jpg,,White_peabeans
train,White_peabeans/WhitePeaBean_497.jpg,,White_peabeans
train,White_peabeans/WhitePeaBean_498.jpg,,White_peabeans
train,White_peabeans/WhitePeaBean_499.jpg,,White_peabeans
train,White_peabeans/WhitePeaBean_500.jpg,,White_peabeans
train,Whole_BlackGram/WholeBlackGram_001.jpg,,Whole_BlackGram
train,Whole_BlackGram/WholeBlackGram_003.jpg,,Whole_BlackGram
train,Whole_BlackGram/WholeBlackGram_004.jpg,,Whole_BlackGram
train,Whole_BlackGram/WholeBlackGram_006.jpg,,Whole_BlackGram
train,Whole_BlackGram/WholeBlackGram_008.jpg,,Whole_BlackGram
train,Whole_BlackGram/WholeBlackGram_009.jpg,,Whole_BlackGram
train,Whole_BlackGram/WholeBlackGram_010.jpg,,Whole_BlackGram
train,Whole_BlackGram/WholeBlackGram_012.jpg,,Whole_BlackGram
train,Whole_BlackGram/WholeBlackGram_013.jpg,,Whole_BlackGram
train,Whole_BlackGram/WholeBlackGram_014.jpg,,Whole_BlackGram
train,Whole_BlackGram/WholeBlackGram_015.jpg,,Whole_BlackGram
train,Whole_BlackGram/WholeBlackGram_019.jpg,,Whole_BlackGram
train,Whole_BlackGram/WholeBlackGram_021.jpg,,Whole_BlackGram
train,Whole_BlackGram/WholeBlackGram_022.jpg,,Whole_BlackGram
train,Whole_BlackGram/WholeBlackGram_023.jpg,,Whole_BlackGram
train,Whole_BlackGram/WholeBlackGram_024.jpg,,Whole_BlackGram
train,Whole_BlackGram/WholeBlackGram_026.jpg,,Whole_BlackGram
train,Whole_BlackGram/WholeBlackGram_027.jpg,,Whole_BlackGram
train,Whole_BlackGram/WholeBlackGram_028.jpg,,Whole_BlackGram
train,Whole_BlackGram/WholeBlackGram_029.jpg,,Whole_BlackGram
train,Whole_BlackGram/WholeBlackGram_031.jpg,,Whole_BlackGram
train,Whole_BlackGram/WholeBlackGram_032.jpg,,Whole_BlackGram
train,Whole_BlackGram/WholeBlackGram_033.jpg,,Whole_BlackGram
train,Whole_BlackGram/WholeBlackGram_034.jpg,,Whole_BlackGram
train,Whole_BlackGram/WholeBlackGram_037.jpg,,Whole_BlackGram
train,Whole_BlackGram/WholeBlackGram_038.jpg,,Whole_BlackGram
train,Whole_BlackGram/WholeBlackGram_039.jpg,,Whole_BlackGram
train,Whole_BlackGram/WholeBlackGram_040.jpg,,Whole_BlackGram
train,Whole_BlackGram/WholeBlackGram_041.jpg,,Whole_BlackGram
train,Whole_BlackGram/WholeBlackGram_042.jpg,,Whole_BlackGram
train,Whole_BlackGram/WholeBlackGram_043.jpg,,Whole_BlackGram
train,Whole_BlackGram/WholeBlackGram_044.jpg,,Whole_BlackGram
train,Whole_BlackGram/WholeBlackGram_045.jpg,,Whole_BlackGram
train,Whole_BlackGram/WholeBlackGram_046.jpg,,Whole_BlackGram
train,Whole_BlackGram/WholeBlackGram_047.jpg,,Whole_BlackGram
train,Whole_BlackGram/WholeBlackGram_048.jpg,,Whole_BlackGram
train,Whole_BlackGram/WholeBlackGram_049.jpg,,Whole_BlackGram
train,Whole_BlackGram/WholeBlackGram_050.jpg,,Whole_BlackGram
train,Whole_BlackGram/WholeBlackGram_051.jpg,,Whole_BlackGram
train,Whole_BlackGram/WholeBlackGram_052.jpg,,Whole_BlackGram
train,Whole_BlackGram/WholeBlackGram_053.jpg,,Whole_BlackGram
train,Whole_BlackGram/WholeBlackGram_054.jpg,,Whole_BlackGram
train,Whole_BlackGram/WholeBlackGram_055.jpg,,Whole_BlackGram
train,Whole_BlackGram/WholeBlackGram_056.jpg,,Whole_BlackGram
train,Whole_BlackGram/WholeBlackGram_057.jpg,,Whole_BlackGram
train,Whole_BlackGram/WholeBlackGram_058.jpg,,Whole_BlackGram
train,Whole_BlackGram/WholeBlackGram_059.jpg,,Whole_BlackGram
train,Whole_BlackGram/WholeBlackGram_062.jpg,,Whole_BlackGram
train,Whole_BlackGram/WholeBlackGram_063.jpg,,Whole_BlackGram
train,Whole_BlackGram/WholeBlackGram_064.jpg,,Whole_BlackGram
train,Whole_BlackGram/WholeBlackGram_065.jpg,,Whole_BlackGram
train,Whole_BlackGram/WholeBlackGram_066.jpg,,Whole_BlackGram
train,Whole_BlackGram/WholeBlackGram_067.jpg,,Whole_BlackGram
train,Whole_BlackGram/WholeBlackGram_068.jpg,,Whole_BlackGram
train,Whole_BlackGram/WholeBlackGram_069.jpg,,Whole_BlackGram
train,Whole_BlackGram/WholeBlackGram_070.jpg,,Whole_BlackGram
train,Whole_BlackGram/WholeBlackGram_072.jpg,,Whole_BlackGram
train,Whole_BlackGram/WholeBlackGram_073.jpg,,Whole_BlackGram
train,Whole_BlackGram/WholeBlackGram_074.jpg,,Whole_BlackGram
train,Whole_BlackGram/WholeBlackGram_075.jpg,,Whole_BlackGram
train,Whole_BlackGram/WholeBlackGram_076.jpg,,Whole_BlackGram
train,Whole_BlackGram/WholeBlackGram_077.jpg,,Whole_BlackGram
train,Whole_BlackGram/WholeBlackGram_079.jpg,,Whole_BlackGram
train,Whole_BlackGram/WholeBlackGram_080.jpg,,Whole_BlackGram
train,Whole_BlackGram/WholeBlackGram_082.jpg,,Whole_BlackGram
train,Whole_BlackGram/WholeBlackGram_083.jpg,,Whole_BlackGram
train,Whole_BlackGram/WholeBlackGram_084.jpg,,Whole_BlackGram
train,Whole_BlackGram/WholeBlackGram_085.jpg,,Whole_BlackGram
train,Whole_BlackGram/WholeBlackGram_087.jpg,,Whole_BlackGram
train,Whole_BlackGram/WholeBlackGram_088.jpg,,Whole_BlackGram
train,Whole_BlackGram/WholeBlackGram_089.jpg,,Whole_BlackGram
train,Whole_BlackGram/WholeBlackGram_090.jpg,,Whole_BlackGram
train,Whole_BlackGram/WholeBlackGram_092.jpg,,Whole_BlackGram
train,Whole_BlackGram/WholeBlackGram_093.jpg,,Whole_BlackGram
train,Whole_BlackGram/WholeBlackGram_094.jpg,,Whole_BlackGram
train,Whole_BlackGram/WholeBlackGram_095.jpg,,Whole_BlackGram
train,Whole_BlackGram/WholeBlackGram_096.jpg,,Whole_BlackGram
train,Whole_BlackGram/WholeBlackGram_098.jpg,,Whole_BlackGram
train,Whole_BlackGram/WholeBlackGram_099.jpg,,Whole_BlackGram
train,Whole_BlackGram/WholeBlackGram_100.jpg,,Whole_BlackGram
train,Whole_BlackGram/WholeBlackGram_102.jpg,,Whole_BlackGram
train,Whole_BlackGram/WholeBlackGram_103.jpg,,Whole_BlackGram
train,Whole_BlackGram/WholeBlackGram_104.jpg,,Whole_BlackGram
train,Whole_BlackGram/WholeBlackGram_106.jpg,,Whole_BlackGram
train,Whole_BlackGram/WholeBlackGram_107.jpg,,Whole_BlackGram
train,Whole_BlackGram/WholeBlackGram_109.jpg,,Whole_BlackGram
train,Whole_BlackGram/WholeBlackGram_111.jpg,,Whole_BlackGram
train,Whole_BlackGram/WholeBlackGram_112.jpg,,Whole_BlackGram
train,Whole_BlackGram/WholeBlackGram_113.jpg,,Whole_BlackGram
train,Whole_BlackGram/WholeBlackGram_115.jpg,,Whole_BlackGram
train,Whole_BlackGram/WholeBlackGram_116.jpg,,Whole_BlackGram
train,Whole_BlackGram/WholeBlackGram_117.jpg,,Whole_BlackGram
train,Whole_BlackGram/WholeBlackGram_118.jpg,,Whole_BlackGram
train,Whole_BlackGram/WholeBlackGram_119.jpg,,Whole_BlackGram
train,Whole_BlackGram/WholeBlackGram_120.jpg,,Whole_BlackGram
train,Whole_BlackGram/WholeBlackGram_121.jpg,,Whole_BlackGram
train,Whole_BlackGram/WholeBlackGram_122.jpg,,Whole_BlackGram
train,Whole_BlackGram/WholeBlackGram_123.jpg,,Whole_BlackGram
train,Whole_BlackGram/WholeBlackGram_124.jpg,,Whole_BlackGram
train,Whole_BlackGram/WholeBlackGram_125.jpg,,Whole_BlackGram
train,Whole_BlackGram/WholeBlackGram_126.jpg,,Whole_BlackGram
train,Whole_BlackGram/WholeBlackGram_127.jpg,,Whole_BlackGram
train,Whole_BlackGram/WholeBlackGram_128.jpg,,Whole_BlackGram
train,Whole_BlackGram/WholeBlackGram_129.jpg,,Whole_BlackGram
train,Whole_BlackGram/WholeBlackGram_130.jpg,,Whole_BlackGram
train,Whole_BlackGram/WholeBlackGram_131.jpg,,Whole_BlackGram
train,Whole_BlackGram/WholeBlackGram_132.jpg,,Whole_BlackGram
train,Whole_BlackGram/WholeBlackGram_134.jpg,,Whole_BlackGram
train,Whole_BlackGram/WholeBlackGram_135.jpg,,Whole_BlackGram
train,Whole_BlackGram/WholeBlackGram_136.jpg,,Whole_BlackGram
train,Whole_BlackGram/WholeBlackGram_137.jpg,,Whole_BlackGram
train,Whole_BlackGram/WholeBlackGram_138.jpg,,Whole_BlackGram
train,Whole_BlackGram/WholeBlackGram_139.jpg,,Whole_BlackGram
train,Whole_BlackGram/WholeBlackGram_140.jpg,,Whole_BlackGram
train,Whole_BlackGram/WholeBlackGram_141.jpg,,Whole_BlackGram
train,Whole_BlackGram/WholeBlackGram_143.jpg,,Whole_BlackGram
train,Whole_BlackGram/WholeBlackGram_144.jpg,,Whole_BlackGram
train,Whole_BlackGram/WholeBlackGram_145.jpg,,Whole_BlackGram
train,Whole_BlackGram/WholeBlackGram_148.jpg,,Whole_BlackGram
train,Whole_BlackGram/WholeBlackGram_149.jpg,,Whole_BlackGram
train,Whole_BlackGram/WholeBlackGram_150.jpg,,Whole_BlackGram
train,Whole_BlackGram/WholeBlackGram_151.jpg,,Whole_BlackGram
train,Whole_BlackGram/WholeBlackGram_152.jpg,,Whole_BlackGram
train,Whole_BlackGram/WholeBlackGram_153.jpg,,Whole_BlackGram
train,Whole_BlackGram/WholeBlackGram_154.jpg,,Whole_BlackGram
train,Whole_BlackGram/WholeBlackGram_155.jpg,,Whole_BlackGram
train,Whole_BlackGram/WholeBlackGram_157.jpg,,Whole_BlackGram
train,Whole_BlackGram/WholeBlackGram_158.jpg,,Whole_BlackGram
train,Whole_BlackGram/WholeBlackGram_159.jpg,,Whole_BlackGram
train,Whole_BlackGram/WholeBlackGram_161.jpg,,Whole_BlackGram
train,Whole_BlackGram/WholeBlackGram_162.jpg,,Whole_BlackGram
train,Whole_BlackGram/WholeBlackGram_163.jpg,,Whole_BlackGram
train,Whole_BlackGram/WholeBlackGram_165.jpg,,Whole_BlackGram
train,Whole_BlackGram/WholeBlackGram_166.jpg,,Whole_BlackGram
train,Whole_BlackGram/WholeBlackGram_167.jpg,,Whole_BlackGram
train,Whole_BlackGram/WholeBlackGram_169.jpg,,Whole_BlackGram
train,Whole_BlackGram/WholeBlackGram_170.jpg,,Whole_BlackGram
train,Whole_BlackGram/WholeBlackGram_171.jpg,,Whole_BlackGram
train,Whole_BlackGram/WholeBlackGram_175.jpg,,Whole_BlackGram
train,Whole_BlackGram/WholeBlackGram_178.jpg,,Whole_BlackGram
train,Whole_BlackGram/WholeBlackGram_179.jpg,,Whole_BlackGram
train,Whole_BlackGram/WholeBlackGram_180.jpg,,Whole_BlackGram
train,Whole_BlackGram/WholeBlackGram_181.jpg,,Whole_BlackGram
train,Whole_BlackGram/WholeBlackGram_183.jpg,,Whole_BlackGram
train,Whole_BlackGram/WholeBlackGram_185.jpg,,Whole_BlackGram
train,Whole_BlackGram/WholeBlackGram_186.jpg,,Whole_BlackGram
train,Whole_BlackGram/WholeBlackGram_187.jpg,,Whole_BlackGram
train,Whole_BlackGram/WholeBlackGram_188.jpg,,Whole_BlackGram
train,Whole_BlackGram/WholeBlackGram_189.jpg,,Whole_BlackGram
train,Whole_BlackGram/WholeBlackGram_190.jpg,,Whole_BlackGram
train,Whole_BlackGram/WholeBlackGram_191.jpg,,Whole_BlackGram
train,Whole_BlackGram/WholeBlackGram_192.jpg,,Whole_BlackGram
train,Whole_BlackGram/WholeBlackGram_193.jpg,,Whole_BlackGram
train,Whole_BlackGram/WholeBlackGram_194.jpg,,Whole_BlackGram
train,Whole_BlackGram/WholeBlackGram_196.jpg,,Whole_BlackGram
train,Whole_BlackGram/WholeBlackGram_197.jpg,,Whole_BlackGram
train,Whole_BlackGram/WholeBlackGram_198.jpg,,Whole_BlackGram
train,Whole_BlackGram/WholeBlackGram_199.jpg,,Whole_BlackGram
train,Whole_BlackGram/WholeBlackGram_200.jpg,,Whole_BlackGram
train,Whole_BlackGram/WholeBlackGram_201.jpg,,Whole_BlackGram
train,Whole_BlackGram/WholeBlackGram_203.jpg,,Whole_BlackGram
train,Whole_BlackGram/WholeBlackGram_204.jpg,,Whole_BlackGram
train,Whole_BlackGram/WholeBlackGram_206.jpg,,Whole_BlackGram
train,Whole_BlackGram/WholeBlackGram_207.jpg,,Whole_BlackGram
train,Whole_BlackGram/WholeBlackGram_208.jpg,,Whole_BlackGram
train,Whole_BlackGram/WholeBlackGram_209.jpg,,Whole_BlackGram
train,Whole_BlackGram/WholeBlackGram_210.jpg,,Whole_BlackGram
train,Whole_BlackGram/WholeBlackGram_211.jpg,,Whole_BlackGram
train,Whole_BlackGram/WholeBlackGram_212.jpg,,Whole_BlackGram
train,Whole_BlackGram/WholeBlackGram_213.jpg,,Whole_BlackGram
train,Whole_BlackGram/WholeBlackGram_216.jpg,,Whole_BlackGram
train,Whole_BlackGram/WholeBlackGram_217.jpg,,Whole_BlackGram
train,Whole_BlackGram/WholeBlackGram_218.jpg,,Whole_BlackGram
train,Whole_BlackGram/WholeBlackGram_219.jpg,,Whole_BlackGram
train,Whole_BlackGram/WholeBlackGram_220.jpg,,Whole_BlackGram
train,Whole_BlackGram/WholeBlackGram_221.jpg,,Whole_BlackGram
train,Whole_BlackGram/WholeBlackGram_222.jpg,,Whole_BlackGram
train,Whole_BlackGram/WholeBlackGram_223.jpg,,Whole_BlackGram
train,Whole_BlackGram/WholeBlackGram_224.jpg,,Whole_BlackGram
train,Whole_BlackGram/WholeBlackGram_225.jpg,,Whole_BlackGram
train,Whole_BlackGram/WholeBlackGram_226.jpg,,Whole_BlackGram
train,Whole_BlackGram/WholeBlackGram_227.jpg,,Whole_BlackGram
train,Whole_BlackGram/WholeBlackGram_228.jpg,,Whole_BlackGram
train,Whole_BlackGram/WholeBlackGram_229.jpg,,Whole_BlackGram
train,Whole_BlackGram/WholeBlackGram_230.jpg,,Whole_BlackGram
train,Whole_BlackGram/WholeBlackGram_231.jpg,,Whole_BlackGram
train,Whole_BlackGram/WholeBlackGram_232.jpg,,Whole_BlackGram
train,Whole_BlackGram/WholeBlackGram_233.jpg,,Whole_BlackGram
train,Whole_BlackGram/WholeBlackGram_234.jpg,,Whole_BlackGram
train,Whole_BlackGram/WholeBlackGram_235.jpg,,Whole_BlackGram
train,Whole_BlackGram/WholeBlackGram_236.jpg,,Whole_BlackGram
train,Whole_BlackGram/WholeBlackGram_237.jpg,,Whole_BlackGram
train,Whole_BlackGram/WholeBlackGram_240.jpg,,Whole_BlackGram
train,Whole_BlackGram/WholeBlackGram_241.jpg,,Whole_BlackGram
train,Whole_BlackGram/WholeBlackGram_242.jpg,,Whole_BlackGram
train,Whole_BlackGram/WholeBlackGram_243.jpg,,Whole_BlackGram
train,Whole_BlackGram/WholeBlackGram_244.jpg,,Whole_BlackGram
train,Whole_BlackGram/WholeBlackGram_246.jpg,,Whole_BlackGram
train,Whole_BlackGram/WholeBlackGram_247.jpg,,Whole_BlackGram
train,Whole_BlackGram/WholeBlackGram_250.jpg,,Whole_BlackGram
train,Whole_BlackGram/WholeBlackGram_251.jpg,,Whole_BlackGram
train,Whole_BlackGram/WholeBlackGram_252.jpg,,Whole_BlackGram
train,Whole_BlackGram/WholeBlackGram_253.jpg,,Whole_BlackGram
train,Whole_BlackGram/WholeBlackGram_254.jpg,,Whole_BlackGram
train,Whole_BlackGram/WholeBlackGram_255.jpg,,Whole_BlackGram
train,Whole_BlackGram/WholeBlackGram_256.jpg,,Whole_BlackGram
train,Whole_BlackGram/WholeBlackGram_257.jpg,,Whole_BlackGram
train,Whole_BlackGram/WholeBlackGram_258.jpg,,Whole_BlackGram
train,Whole_BlackGram/WholeBlackGram_259.jpg,,Whole_BlackGram
train,Whole_BlackGram/WholeBlackGram_260.jpg,,Whole_BlackGram
train,Whole_BlackGram/WholeBlackGram_261.jpg,,Whole_BlackGram
train,Whole_BlackGram/WholeBlackGram_263.jpg,,Whole_BlackGram
train,Whole_BlackGram/WholeBlackGram_264.jpg,,Whole_BlackGram
train,Whole_BlackGram/WholeBlackGram_265.jpg,,Whole_BlackGram
train,Whole_BlackGram/WholeBlackGram_266.jpg,,Whole_BlackGram
train,Whole_BlackGram/WholeBlackGram_267.jpg,,Whole_BlackGram
train,Whole_BlackGram/WholeBlackGram_268.jpg,,Whole_BlackGram
train,Whole_BlackGram/WholeBlackGram_270.jpg,,Whole_BlackGram
train,Whole_BlackGram/WholeBlackGram_271.jpg,,Whole_BlackGram
train,Whole_BlackGram/WholeBlackGram_272.jpg,,Whole_BlackGram
train,Whole_BlackGram/WholeBlackGram_273.jpg,,Whole_BlackGram
train,Whole_BlackGram/WholeBlackGram_274.jpg,,Whole_BlackGram
train,Whole_BlackGram/WholeBlackGram_275.jpg,,Whole_BlackGram
train,Whole_BlackGram/WholeBlackGram_278.jpg,,Whole_BlackGram
train,Whole_BlackGram/WholeBlackGram_279.jpg,,Whole_BlackGram
train,Whole_BlackGram/WholeBlackGram_280.jpg,,Whole_BlackGram
train,Whole_BlackGram/WholeBlackGram_281.jpg,,Whole_BlackGram
train,Whole_BlackGram/WholeBlackGram_282.jpg,,Whole_BlackGram
train,Whole_BlackGram/WholeBlackGram_283.jpg,,Whole_BlackGram
train,Whole_BlackGram/WholeBlackGram_285.jpg,,Whole_BlackGram
train,Whole_BlackGram/WholeBlackGram_286.jpg,,Whole_BlackGram
train,Whole_BlackGram/WholeBlackGram_288.jpg,,Whole_BlackGram
train,Whole_BlackGram/WholeBlackGram_290.jpg,,Whole_BlackGram
train,Whole_BlackGram/WholeBlackGram_291.jpg,,Whole_BlackGram
train,Whole_BlackGram/WholeBlackGram_293.jpg,,Whole_BlackGram
train,Whole_BlackGram/WholeBlackGram_296.jpg,,Whole_BlackGram
train,Whole_BlackGram/WholeBlackGram_297.jpg,,Whole_BlackGram
train,Whole_BlackGram/WholeBlackGram_299.jpg,,Whole_BlackGram
train,Whole_BlackGram/WholeBlackGram_300.jpg,,Whole_BlackGram
train,Whole_BlackGram/WholeBlackGram_301.jpg,,Whole_BlackGram
train,Whole_BlackGram/WholeBlackGram_302.jpg,,Whole_BlackGram
train,Whole_BlackGram/WholeBlackGram_303.jpg,,Whole_BlackGram
train,Whole_BlackGram/WholeBlackGram_304.jpg,,Whole_BlackGram
train,Whole_BlackGram/WholeBlackGram_305.jpg,,Whole_BlackGram
train,Whole_BlackGram/WholeBlackGram_306.jpg,,Whole_BlackGram
train,Whole_BlackGram/WholeBlackGram_308.jpg,,Whole_BlackGram
train,Whole_BlackGram/WholeBlackGram_309.jpg,,Whole_BlackGram
train,Whole_BlackGram/WholeBlackGram_310.jpg,,Whole_BlackGram
train,Whole_BlackGram/WholeBlackGram_311.jpg,,Whole_BlackGram
train,Whole_BlackGram/WholeBlackGram_312.jpg,,Whole_BlackGram
train,Whole_BlackGram/WholeBlackGram_314.jpg,,Whole_BlackGram
train,Whole_BlackGram/WholeBlackGram_315.jpg,,Whole_BlackGram
train,Whole_BlackGram/WholeBlackGram_316.jpg,,Whole_BlackGram
train,Whole_BlackGram/WholeBlackGram_317.jpg,,Whole_BlackGram
train,Whole_BlackGram/WholeBlackGram_319.jpg,,Whole_BlackGram
train,Whole_BlackGram/WholeBlackGram_320.jpg,,Whole_BlackGram
train,Whole_BlackGram/WholeBlackGram_321.jpg,,Whole_BlackGram
train,Whole_BlackGram/WholeBlackGram_322.jpg,,Whole_BlackGram
train,Whole_BlackGram/WholeBlackGram_325.jpg,,Whole_BlackGram
train,Whole_BlackGram/WholeBlackGram_326.jpg,,Whole_BlackGram
train,Whole_BlackGram/WholeBlackGram_327.jpg,,Whole_BlackGram
train,Whole_BlackGram/WholeBlackGram_328.jpg,,Whole_BlackGram
train,Whole_BlackGram/WholeBlackGram_331.jpg,,Whole_BlackGram
train,Whole_BlackGram/WholeBlackGram_332.jpg,,Whole_BlackGram
train,Whole_BlackGram/WholeBlackGram_334.jpg,,Whole_BlackGram
train,Whole_BlackGram/WholeBlackGram_335.jpg,,Whole_BlackGram
train,Whole_BlackGram/WholeBlackGram_336.jpg,,Whole_BlackGram
train,Whole_BlackGram/WholeBlackGram_337.jpg,,Whole_BlackGram
train,Whole_BlackGram/WholeBlackGram_338.jpg,,Whole_BlackGram
train,Whole_BlackGram/WholeBlackGram_339.jpg,,Whole_BlackGram
train,Whole_BlackGram/WholeBlackGram_340.jpg,,Whole_BlackGram
train,Whole_BlackGram/WholeBlackGram_341.jpg,,Whole_BlackGram
train,Whole_BlackGram/WholeBlackGram_342.jpg,,Whole_BlackGram
train,Whole_BlackGram/WholeBlackGram_343.jpg,,Whole_BlackGram
train,Whole_BlackGram/WholeBlackGram_344.jpg,,Whole_BlackGram
train,Whole_BlackGram/WholeBlackGram_345.jpg,,Whole_BlackGram
train,Whole_BlackGram/WholeBlackGram_346.jpg,,Whole_BlackGram
train,Whole_BlackGram/WholeBlackGram_348.jpg,,Whole_BlackGram
train,Whole_BlackGram/WholeBlackGram_349.jpg,,Whole_BlackGram
train,Whole_BlackGram/WholeBlackGram_351.jpg,,Whole_BlackGram
train,Whole_BlackGram/WholeBlackGram_352.jpg,,Whole_BlackGram
train,Whole_BlackGram/WholeBlackGram_355.jpg,,Whole_BlackGram
train,Whole_BlackGram/WholeBlackGram_357.jpg,,Whole_BlackGram
train,Whole_BlackGram/WholeBlackGram_358.jpg,,Whole_BlackGram
train,Whole_BlackGram/WholeBlackGram_359.jpg,,Whole_BlackGram
train,Whole_BlackGram/WholeBlackGram_360.jpg,,Whole_BlackGram
train,Whole_BlackGram/WholeBlackGram_361.jpg,,Whole_BlackGram
train,Whole_BlackGram/WholeBlackGram_362.jpg,,Whole_BlackGram
train,Whole_BlackGram/WholeBlackGram_363.jpg,,Whole_BlackGram
train,Whole_BlackGram/WholeBlackGram_365.jpg,,Whole_BlackGram
train,Whole_BlackGram/WholeBlackGram_367.jpg,,Whole_BlackGram
train,Whole_BlackGram/WholeBlackGram_368.jpg,,Whole_BlackGram
train,Whole_BlackGram/WholeBlackGram_369.jpg,,Whole_BlackGram
train,Whole_BlackGram/WholeBlackGram_370.jpg,,Whole_BlackGram
train,Whole_BlackGram/WholeBlackGram_371.jpg,,Whole_BlackGram
train,Whole_BlackGram/WholeBlackGram_372.jpg,,Whole_BlackGram
train,Whole_BlackGram/WholeBlackGram_375.jpg,,Whole_BlackGram
train,Whole_BlackGram/WholeBlackGram_376.jpg,,Whole_BlackGram
train,Whole_BlackGram/WholeBlackGram_377.jpg,,Whole_BlackGram
train,Whole_BlackGram/WholeBlackGram_378.jpg,,Whole_BlackGram
train,Whole_BlackGram/WholeBlackGram_379.jpg,,Whole_BlackGram
train,Whole_BlackGram/WholeBlackGram_380.jpg,,Whole_BlackGram
train,Whole_BlackGram/WholeBlackGram_381.jpg,,Whole_BlackGram
train,Whole_BlackGram/WholeBlackGram_382.jpg,,Whole_BlackGram
train,Whole_BlackGram/WholeBlackGram_384.jpg,,Whole_BlackGram
train,Whole_BlackGram/WholeBlackGram_385.jpg,,Whole_BlackGram
train,Whole_BlackGram/WholeBlackGram_386.jpg,,Whole_BlackGram
train,Whole_BlackGram/WholeBlackGram_387.jpg,,Whole_BlackGram
train,Whole_BlackGram/WholeBlackGram_388.jpg,,Whole_BlackGram
train,Whole_BlackGram/WholeBlackGram_389.jpg,,Whole_BlackGram
train,Whole_BlackGram/WholeBlackGram_390.jpg,,Whole_BlackGram
train,Whole_BlackGram/WholeBlackGram_391.jpg,,Whole_BlackGram
train,Whole_BlackGram/WholeBlackGram_392.jpg,,Whole_BlackGram
train,Whole_BlackGram/WholeBlackGram_393.jpg,,Whole_BlackGram
train,Whole_BlackGram/WholeBlackGram_394.jpg,,Whole_BlackGram
train,Whole_BlackGram/WholeBlackGram_396.jpg,,Whole_BlackGram
train,Whole_BlackGram/WholeBlackGram_397.jpg,,Whole_BlackGram
train,Whole_BlackGram/WholeBlackGram_398.jpg,,Whole_BlackGram
train,Whole_BlackGram/WholeBlackGram_399.jpg,,Whole_BlackGram
train,Whole_BlackGram/WholeBlackGram_400.jpg,,Whole_BlackGram
train,Whole_BlackGram/WholeBlackGram_401.jpg,,Whole_BlackGram
train,Whole_BlackGram/WholeBlackGram_402.jpg,,Whole_BlackGram
train,Whole_BlackGram/WholeBlackGram_403.jpg,,Whole_BlackGram
train,Whole_BlackGram/WholeBlackGram_405.jpg,,Whole_BlackGram
train,Whole_BlackGram/WholeBlackGram_406.jpg,,Whole_BlackGram
train,Whole_BlackGram/WholeBlackGram_408.jpg,,Whole_BlackGram
train,Whole_BlackGram/WholeBlackGram_409.jpg,,Whole_BlackGram
train,Whole_BlackGram/WholeBlackGram_410.jpg,,Whole_BlackGram
train,Whole_BlackGram/WholeBlackGram_413.jpg,,Whole_BlackGram
train,Whole_BlackGram/WholeBlackGram_414.jpg,,Whole_BlackGram
train,Whole_BlackGram/WholeBlackGram_435.jpg,,Whole_BlackGram
train,Whole_BlackGram/WholeBlackGram_445.jpg,,Whole_BlackGram
train,Whole_BlackGram/WholeBlackGram_446.jpg,,Whole_BlackGram
train,Whole_BlackGram/WholeBlackGram_449.jpg,,Whole_BlackGram
train,Whole_BlackGram/WholeBlackGram_450.jpg,,Whole_BlackGram
train,Whole_BlackGram/WholeBlackGram_451.jpg,,Whole_BlackGram
train,Whole_BlackGram/WholeBlackGram_452.jpg,,Whole_BlackGram
train,Whole_BlackGram/WholeBlackGram_453.jpg,,Whole_BlackGram
train,Whole_BlackGram/WholeBlackGram_454.jpg,,Whole_BlackGram
train,Whole_BlackGram/WholeBlackGram_455.jpg,,Whole_BlackGram
train,Whole_BlackGram/WholeBlackGram_456.jpg,,Whole_BlackGram
train,Whole_BlackGram/WholeBlackGram_457.jpg,,Whole_BlackGram
train,Whole_BlackGram/WholeBlackGram_459.jpg,,Whole_BlackGram
train,Whole_BlackGram/WholeBlackGram_461.jpg,,Whole_BlackGram
train,Whole_BlackGram/WholeBlackGram_463.jpg,,Whole_BlackGram
train,Whole_BlackGram/WholeBlackGram_464.jpg,,Whole_BlackGram
train,Whole_BlackGram/WholeBlackGram_466.jpg,,Whole_BlackGram
train,Whole_BlackGram/WholeBlackGram_467.jpg,,Whole_BlackGram
train,Whole_BlackGram/WholeBlackGram_468.jpg,,Whole_BlackGram
train,Whole_BlackGram/WholeBlackGram_469.jpg,,Whole_BlackGram
train,Whole_BlackGram/WholeBlackGram_470.jpg,,Whole_BlackGram
train,Whole_BlackGram/WholeBlackGram_471.jpg,,Whole_BlackGram
train,Whole_BlackGram/WholeBlackGram_472.jpg,,Whole_BlackGram
train,Whole_BlackGram/WholeBlackGram_473.jpg,,Whole_BlackGram
train,Whole_BlackGram/WholeBlackGram_474.jpg,,Whole_BlackGram
train,Whole_BlackGram/WholeBlackGram_475.jpg,,Whole_BlackGram
train,Whole_BlackGram/WholeBlackGram_476.jpg,,Whole_BlackGram
train,Whole_BlackGram/WholeBlackGram_477.jpg,,Whole_BlackGram
train,Whole_BlackGram/WholeBlackGram_478.jpg,,Whole_BlackGram
train,Whole_BlackGram/WholeBlackGram_479.jpg,,Whole_BlackGram
train,Whole_BlackGram/WholeBlackGram_482.jpg,,Whole_BlackGram
train,Whole_BlackGram/WholeBlackGram_484.jpg,,Whole_BlackGram
train,Whole_BlackGram/WholeBlackGram_485.jpg,,Whole_BlackGram
train,Whole_BlackGram/WholeBlackGram_486.jpg,,Whole_BlackGram
train,Whole_BlackGram/WholeBlackGram_487.jpg,,Whole_BlackGram
train,Whole_BlackGram/WholeBlackGram_488.jpg,,Whole_BlackGram
train,Whole_BlackGram/WholeBlackGram_489.jpg,,Whole_BlackGram
train,Whole_BlackGram/WholeBlackGram_490.jpg,,Whole_BlackGram
train,Whole_BlackGram/WholeBlackGram_491.jpg,,Whole_BlackGram
train,Whole_BlackGram/WholeBlackGram_492.jpg,,Whole_BlackGram
train,Whole_BlackGram/WholeBlackGram_493.jpg,,Whole_BlackGram
train,Whole_BlackGram/WholeBlackGram_494.jpg,,Whole_BlackGram
train,Whole_BlackGram/WholeBlackGram_496.jpg,,Whole_BlackGram
train,Whole_BlackGram/WholeBlackGram_498.jpg,,Whole_BlackGram
train,Whole_BlackGram/WholeBlackGram_500.jpg,,Whole_BlackGram
train,Whole_GreenGram/WholeGreenGram_001.jpg,,Whole_GreenGram
train,Whole_GreenGram/WholeGreenGram_003.jpg,,Whole_GreenGram
train,Whole_GreenGram/WholeGreenGram_004.jpg,,Whole_GreenGram
train,Whole_GreenGram/WholeGreenGram_005.jpg,,Whole_GreenGram
train,Whole_GreenGram/WholeGreenGram_006.jpg,,Whole_GreenGram
train,Whole_GreenGram/WholeGreenGram_007.jpg,,Whole_GreenGram
train,Whole_GreenGram/WholeGreenGram_010.jpg,,Whole_GreenGram
train,Whole_GreenGram/WholeGreenGram_011.jpg,,Whole_GreenGram
train,Whole_GreenGram/WholeGreenGram_012.jpg,,Whole_GreenGram
train,Whole_GreenGram/WholeGreenGram_013.jpg,,Whole_GreenGram
train,Whole_GreenGram/WholeGreenGram_014.jpg,,Whole_GreenGram
train,Whole_GreenGram/WholeGreenGram_015.jpg,,Whole_GreenGram
train,Whole_GreenGram/WholeGreenGram_016.jpg,,Whole_GreenGram
train,Whole_GreenGram/WholeGreenGram_017.jpg,,Whole_GreenGram
train,Whole_GreenGram/WholeGreenGram_019.jpg,,Whole_GreenGram
train,Whole_GreenGram/WholeGreenGram_020.jpg,,Whole_GreenGram
train,Whole_GreenGram/WholeGreenGram_021.jpg,,Whole_GreenGram
train,Whole_GreenGram/WholeGreenGram_022.jpg,,Whole_GreenGram
train,Whole_GreenGram/WholeGreenGram_024.jpg,,Whole_GreenGram
train,Whole_GreenGram/WholeGreenGram_025.jpg,,Whole_GreenGram
train,Whole_GreenGram/WholeGreenGram_026.jpg,,Whole_GreenGram
train,Whole_GreenGram/WholeGreenGram_027.jpg,,Whole_GreenGram
train,Whole_GreenGram/WholeGreenGram_030.jpg,,Whole_GreenGram
train,Whole_GreenGram/WholeGreenGram_031.jpg,,Whole_GreenGram
train,Whole_GreenGram/WholeGreenGram_032.jpg,,Whole_GreenGram
train,Whole_GreenGram/WholeGreenGram_033.jpg,,Whole_GreenGram
train,Whole_GreenGram/WholeGreenGram_034.jpg,,Whole_GreenGram
train,Whole_GreenGram/WholeGreenGram_035.jpg,,Whole_GreenGram
train,Whole_GreenGram/WholeGreenGram_036.jpg,,Whole_GreenGram
train,Whole_GreenGram/WholeGreenGram_037.jpg,,Whole_GreenGram
train,Whole_GreenGram/WholeGreenGram_038.jpg,,Whole_GreenGram
train,Whole_GreenGram/WholeGreenGram_039.jpg,,Whole_GreenGram
train,Whole_GreenGram/WholeGreenGram_040.jpg,,Whole_GreenGram
train,Whole_GreenGram/WholeGreenGram_041.jpg,,Whole_GreenGram
train,Whole_GreenGram/WholeGreenGram_042.jpg,,Whole_GreenGram
train,Whole_GreenGram/WholeGreenGram_043.jpg,,Whole_GreenGram
train,Whole_GreenGram/WholeGreenGram_044.jpg,,Whole_GreenGram
train,Whole_GreenGram/WholeGreenGram_046.jpg,,Whole_GreenGram
train,Whole_GreenGram/WholeGreenGram_047.jpg,,Whole_GreenGram
train,Whole_GreenGram/WholeGreenGram_048.jpg,,Whole_GreenGram
train,Whole_GreenGram/WholeGreenGram_049.jpg,,Whole_GreenGram
train,Whole_GreenGram/WholeGreenGram_050.jpg,,Whole_GreenGram
train,Whole_GreenGram/WholeGreenGram_052.jpg,,Whole_GreenGram
train,Whole_GreenGram/WholeGreenGram_053.jpg,,Whole_GreenGram
train,Whole_GreenGram/WholeGreenGram_054.jpg,,Whole_GreenGram
train,Whole_GreenGram/WholeGreenGram_055.jpg,,Whole_GreenGram
train,Whole_GreenGram/WholeGreenGram_056.jpg,,Whole_GreenGram
train,Whole_GreenGram/WholeGreenGram_057.jpg,,Whole_GreenGram
train,Whole_GreenGram/WholeGreenGram_058.jpg,,Whole_GreenGram
train,Whole_GreenGram/WholeGreenGram_060.jpg,,Whole_GreenGram
train,Whole_GreenGram/WholeGreenGram_062.jpg,,Whole_GreenGram
train,Whole_GreenGram/WholeGreenGram_063.jpg,,Whole_GreenGram
train,Whole_GreenGram/WholeGreenGram_064.jpg,,Whole_GreenGram
train,Whole_GreenGram/WholeGreenGram_065.jpg,,Whole_GreenGram
train,Whole_GreenGram/WholeGreenGram_066.jpg,,Whole_GreenGram
train,Whole_GreenGram/WholeGreenGram_067.jpg,,Whole_GreenGram
train,Whole_GreenGram/WholeGreenGram_068.jpg,,Whole_GreenGram
train,Whole_GreenGram/WholeGreenGram_070.jpg,,Whole_GreenGram
train,Whole_GreenGram/WholeGreenGram_071.jpg,,Whole_GreenGram
train,Whole_GreenGram/WholeGreenGram_072.jpg,,Whole_GreenGram
train,Whole_GreenGram/WholeGreenGram_073.jpg,,Whole_GreenGram
train,Whole_GreenGram/WholeGreenGram_074.jpg,,Whole_GreenGram
train,Whole_GreenGram/WholeGreenGram_075.jpg,,Whole_GreenGram
train,Whole_GreenGram/WholeGreenGram_077.jpg,,Whole_GreenGram
train,Whole_GreenGram/WholeGreenGram_078.jpg,,Whole_GreenGram
train,Whole_GreenGram/WholeGreenGram_081.jpg,,Whole_GreenGram
train,Whole_GreenGram/WholeGreenGram_082.jpg,,Whole_GreenGram
train,Whole_GreenGram/WholeGreenGram_083.jpg,,Whole_GreenGram
train,Whole_GreenGram/WholeGreenGram_084.jpg,,Whole_GreenGram
train,Whole_GreenGram/WholeGreenGram_085.jpg,,Whole_GreenGram
train,Whole_GreenGram/WholeGreenGram_086.jpg,,Whole_GreenGram
train,Whole_GreenGram/WholeGreenGram_088.jpg,,Whole_GreenGram
train,Whole_GreenGram/WholeGreenGram_089.jpg,,Whole_GreenGram
train,Whole_GreenGram/WholeGreenGram_090.jpg,,Whole_GreenGram
train,Whole_GreenGram/WholeGreenGram_092.jpg,,Whole_GreenGram
train,Whole_GreenGram/WholeGreenGram_093.jpg,,Whole_GreenGram
train,Whole_GreenGram/WholeGreenGram_095.jpg,,Whole_GreenGram
train,Whole_GreenGram/WholeGreenGram_096.jpg,,Whole_GreenGram
train,Whole_GreenGram/WholeGreenGram_097.jpg,,Whole_GreenGram
train,Whole_GreenGram/WholeGreenGram_098.jpg,,Whole_GreenGram
train,Whole_GreenGram/WholeGreenGram_099.jpg,,Whole_GreenGram
train,Whole_GreenGram/WholeGreenGram_100.jpg,,Whole_GreenGram
train,Whole_GreenGram/WholeGreenGram_101.jpg,,Whole_GreenGram
train,Whole_GreenGram/WholeGreenGram_102.jpg,,Whole_GreenGram
train,Whole_GreenGram/WholeGreenGram_103.jpg,,Whole_GreenGram
train,Whole_GreenGram/WholeGreenGram_104.jpg,,Whole_GreenGram
train,Whole_GreenGram/WholeGreenGram_105.jpg,,Whole_GreenGram
train,Whole_GreenGram/WholeGreenGram_106.jpg,,Whole_GreenGram
train,Whole_GreenGram/WholeGreenGram_107.jpg,,Whole_GreenGram
train,Whole_GreenGram/WholeGreenGram_108.jpg,,Whole_GreenGram
train,Whole_GreenGram/WholeGreenGram_110.jpg,,Whole_GreenGram
train,Whole_GreenGram/WholeGreenGram_111.jpg,,Whole_GreenGram
train,Whole_GreenGram/WholeGreenGram_112.jpg,,Whole_GreenGram
train,Whole_GreenGram/WholeGreenGram_113.jpg,,Whole_GreenGram
train,Whole_GreenGram/WholeGreenGram_114.jpg,,Whole_GreenGram
train,Whole_GreenGram/WholeGreenGram_115.jpg,,Whole_GreenGram
train,Whole_GreenGram/WholeGreenGram_116.jpg,,Whole_GreenGram
train,Whole_GreenGram/WholeGreenGram_117.jpg,,Whole_GreenGram
train,Whole_GreenGram/WholeGreenGram_118.jpg,,Whole_GreenGram
train,Whole_GreenGram/WholeGreenGram_119.jpg,,Whole_GreenGram
train,Whole_GreenGram/WholeGreenGram_120.jpg,,Whole_GreenGram
train,Whole_GreenGram/WholeGreenGram_124.jpg,,Whole_GreenGram
train,Whole_GreenGram/WholeGreenGram_125.jpg,,Whole_GreenGram
train,Whole_GreenGram/WholeGreenGram_126.jpg,,Whole_GreenGram
train,Whole_GreenGram/WholeGreenGram_127.jpg,,Whole_GreenGram
train,Whole_GreenGram/WholeGreenGram_128.jpg,,Whole_GreenGram
train,Whole_GreenGram/WholeGreenGram_129.jpg,,Whole_GreenGram
train,Whole_GreenGram/WholeGreenGram_130.jpg,,Whole_GreenGram
train,Whole_GreenGram/WholeGreenGram_131.jpg,,Whole_GreenGram
train,Whole_GreenGram/WholeGreenGram_132.jpg,,Whole_GreenGram
train,Whole_GreenGram/WholeGreenGram_134.jpg,,Whole_GreenGram
train,Whole_GreenGram/WholeGreenGram_138.jpg,,Whole_GreenGram
train,Whole_GreenGram/WholeGreenGram_139.jpg,,Whole_GreenGram
train,Whole_GreenGram/WholeGreenGram_143.jpg,,Whole_GreenGram
train,Whole_GreenGram/WholeGreenGram_144.jpg,,Whole_GreenGram
train,Whole_GreenGram/WholeGreenGram_146.jpg,,Whole_GreenGram
train,Whole_GreenGram/WholeGreenGram_147.jpg,,Whole_GreenGram
train,Whole_GreenGram/WholeGreenGram_148.jpg,,Whole_GreenGram
train,Whole_GreenGram/WholeGreenGram_150.jpg,,Whole_GreenGram
train,Whole_GreenGram/WholeGreenGram_151.jpg,,Whole_GreenGram
train,Whole_GreenGram/WholeGreenGram_152.jpg,,Whole_GreenGram
train,Whole_GreenGram/WholeGreenGram_153.jpg,,Whole_GreenGram
train,Whole_GreenGram/WholeGreenGram_154.jpg,,Whole_GreenGram
train,Whole_GreenGram/WholeGreenGram_155.jpg,,Whole_GreenGram
train,Whole_GreenGram/WholeGreenGram_157.jpg,,Whole_GreenGram
train,Whole_GreenGram/WholeGreenGram_158.jpg,,Whole_GreenGram
train,Whole_GreenGram/WholeGreenGram_159.jpg,,Whole_GreenGram
train,Whole_GreenGram/WholeGreenGram_160.jpg,,Whole_GreenGram
train,Whole_GreenGram/WholeGreenGram_161.jpg,,Whole_GreenGram
train,Whole_GreenGram/WholeGreenGram_162.jpg,,Whole_GreenGram
train,Whole_GreenGram/WholeGreenGram_164.jpg,,Whole_GreenGram
train,Whole_GreenGram/WholeGreenGram_165.jpg,,Whole_GreenGram
train,Whole_GreenGram/WholeGreenGram_166.jpg,,Whole_GreenGram
train,Whole_GreenGram/WholeGreenGram_167.jpg,,Whole_GreenGram
train,Whole_GreenGram/WholeGreenGram_168.jpg,,Whole_GreenGram
train,Whole_GreenGram/WholeGreenGram_169.jpg,,Whole_GreenGram
train,Whole_GreenGram/WholeGreenGram_170.jpg,,Whole_GreenGram
train,Whole_GreenGram/WholeGreenGram_171.jpg,,Whole_GreenGram
train,Whole_GreenGram/WholeGreenGram_172.jpg,,Whole_GreenGram
train,Whole_GreenGram/WholeGreenGram_174.jpg,,Whole_GreenGram
train,Whole_GreenGram/WholeGreenGram_175.jpg,,Whole_GreenGram
train,Whole_GreenGram/WholeGreenGram_176.jpg,,Whole_GreenGram
train,Whole_GreenGram/WholeGreenGram_179.jpg,,Whole_GreenGram
train,Whole_GreenGram/WholeGreenGram_180.jpg,,Whole_GreenGram
train,Whole_GreenGram/WholeGreenGram_181.jpg,,Whole_GreenGram
train,Whole_GreenGram/WholeGreenGram_182.jpg,,Whole_GreenGram
train,Whole_GreenGram/WholeGreenGram_184.jpg,,Whole_GreenGram
train,Whole_GreenGram/WholeGreenGram_185.jpg,,Whole_GreenGram
train,Whole_GreenGram/WholeGreenGram_186.jpg,,Whole_GreenGram
train,Whole_GreenGram/WholeGreenGram_187.jpg,,Whole_GreenGram
train,Whole_GreenGram/WholeGreenGram_188.jpg,,Whole_GreenGram
train,Whole_GreenGram/WholeGreenGram_189.jpg,,Whole_GreenGram
train,Whole_GreenGram/WholeGreenGram_190.jpg,,Whole_GreenGram
train,Whole_GreenGram/WholeGreenGram_192.jpg,,Whole_GreenGram
train,Whole_GreenGram/WholeGreenGram_193.jpg,,Whole_GreenGram
train,Whole_GreenGram/WholeGreenGram_194.jpg,,Whole_GreenGram
train,Whole_GreenGram/WholeGreenGram_195.jpg,,Whole_GreenGram
train,Whole_GreenGram/WholeGreenGram_199.jpg,,Whole_GreenGram
train,Whole_GreenGram/WholeGreenGram_200.jpg,,Whole_GreenGram
train,Whole_GreenGram/WholeGreenGram_202.jpg,,Whole_GreenGram
train,Whole_GreenGram/WholeGreenGram_203.jpg,,Whole_GreenGram
train,Whole_GreenGram/WholeGreenGram_204.jpg,,Whole_GreenGram
train,Whole_GreenGram/WholeGreenGram_205.jpg,,Whole_GreenGram
train,Whole_GreenGram/WholeGreenGram_207.jpg,,Whole_GreenGram
train,Whole_GreenGram/WholeGreenGram_208.jpg,,Whole_GreenGram
train,Whole_GreenGram/WholeGreenGram_209.jpg,,Whole_GreenGram
train,Whole_GreenGram/WholeGreenGram_210.jpg,,Whole_GreenGram
train,Whole_GreenGram/WholeGreenGram_211.jpg,,Whole_GreenGram
train,Whole_GreenGram/WholeGreenGram_212.jpg,,Whole_GreenGram
train,Whole_GreenGram/WholeGreenGram_214.jpg,,Whole_GreenGram
train,Whole_GreenGram/WholeGreenGram_215.jpg,,Whole_GreenGram
train,Whole_GreenGram/WholeGreenGram_216.jpg,,Whole_GreenGram
train,Whole_GreenGram/WholeGreenGram_217.jpg,,Whole_GreenGram
train,Whole_GreenGram/WholeGreenGram_218.jpg,,Whole_GreenGram
train,Whole_GreenGram/WholeGreenGram_219.jpg,,Whole_GreenGram
train,Whole_GreenGram/WholeGreenGram_220.jpg,,Whole_GreenGram
train,Whole_GreenGram/WholeGreenGram_221.jpg,,Whole_GreenGram
train,Whole_GreenGram/WholeGreenGram_222.jpg,,Whole_GreenGram
train,Whole_GreenGram/WholeGreenGram_225.jpg,,Whole_GreenGram
train,Whole_GreenGram/WholeGreenGram_226.jpg,,Whole_GreenGram
train,Whole_GreenGram/WholeGreenGram_228.jpg,,Whole_GreenGram
train,Whole_GreenGram/WholeGreenGram_229.jpg,,Whole_GreenGram
train,Whole_GreenGram/WholeGreenGram_232.jpg,,Whole_GreenGram
train,Whole_GreenGram/WholeGreenGram_233.jpg,,Whole_GreenGram
train,Whole_GreenGram/WholeGreenGram_234.jpg,,Whole_GreenGram
train,Whole_GreenGram/WholeGreenGram_235.jpg,,Whole_GreenGram
train,Whole_GreenGram/WholeGreenGram_236.jpg,,Whole_GreenGram
train,Whole_GreenGram/WholeGreenGram_237.jpg,,Whole_GreenGram
train,Whole_GreenGram/WholeGreenGram_238.jpg,,Whole_GreenGram
train,Whole_GreenGram/WholeGreenGram_240.jpg,,Whole_GreenGram
train,Whole_GreenGram/WholeGreenGram_241.jpg,,Whole_GreenGram
train,Whole_GreenGram/WholeGreenGram_242.jpg,,Whole_GreenGram
train,Whole_GreenGram/WholeGreenGram_243.jpg,,Whole_GreenGram
train,Whole_GreenGram/WholeGreenGram_246.jpg,,Whole_GreenGram
train,Whole_GreenGram/WholeGreenGram_247.jpg,,Whole_GreenGram
train,Whole_GreenGram/WholeGreenGram_248.jpg,,Whole_GreenGram
train,Whole_GreenGram/WholeGreenGram_249.jpg,,Whole_GreenGram
train,Whole_GreenGram/WholeGreenGram_251.jpg,,Whole_GreenGram
train,Whole_GreenGram/WholeGreenGram_252.jpg,,Whole_GreenGram
train,Whole_GreenGram/WholeGreenGram_253.jpg,,Whole_GreenGram
train,Whole_GreenGram/WholeGreenGram_254.jpg,,Whole_GreenGram
train,Whole_GreenGram/WholeGreenGram_256.jpg,,Whole_GreenGram
train,Whole_GreenGram/WholeGreenGram_257.jpg,,Whole_GreenGram
train,Whole_GreenGram/WholeGreenGram_258.jpg,,Whole_GreenGram
train,Whole_GreenGram/WholeGreenGram_259.jpg,,Whole_GreenGram
train,Whole_GreenGram/WholeGreenGram_260.jpg,,Whole_GreenGram
train,Whole_GreenGram/WholeGreenGram_261.jpg,,Whole_GreenGram
train,Whole_GreenGram/WholeGreenGram_262.jpg,,Whole_GreenGram
train,Whole_GreenGram/WholeGreenGram_263.jpg,,Whole_GreenGram
train,Whole_GreenGram/WholeGreenGram_264.jpg,,Whole_GreenGram
train,Whole_GreenGram/WholeGreenGram_265.jpg,,Whole_GreenGram
train,Whole_GreenGram/WholeGreenGram_266.jpg,,Whole_GreenGram
train,Whole_GreenGram/WholeGreenGram_267.jpg,,Whole_GreenGram
train,Whole_GreenGram/WholeGreenGram_268.jpg,,Whole_GreenGram
train,Whole_GreenGram/WholeGreenGram_269.jpg,,Whole_GreenGram
train,Whole_GreenGram/WholeGreenGram_270.jpg,,Whole_GreenGram
train,Whole_GreenGram/WholeGreenGram_271.jpg,,Whole_GreenGram
train,Whole_GreenGram/WholeGreenGram_275.jpg,,Whole_GreenGram
train,Whole_GreenGram/WholeGreenGram_276.jpg,,Whole_GreenGram
train,Whole_GreenGram/WholeGreenGram_277.jpg,,Whole_GreenGram
train,Whole_GreenGram/WholeGreenGram_278.jpg,,Whole_GreenGram
train,Whole_GreenGram/WholeGreenGram_279.jpg,,Whole_GreenGram
train,Whole_GreenGram/WholeGreenGram_280.jpg,,Whole_GreenGram
train,Whole_GreenGram/WholeGreenGram_281.jpg,,Whole_GreenGram
train,Whole_GreenGram/WholeGreenGram_282.jpg,,Whole_GreenGram
train,Whole_GreenGram/WholeGreenGram_283.jpg,,Whole_GreenGram
train,Whole_GreenGram/WholeGreenGram_284.jpg,,Whole_GreenGram
train,Whole_GreenGram/WholeGreenGram_285.jpg,,Whole_GreenGram
train,Whole_GreenGram/WholeGreenGram_286.jpg,,Whole_GreenGram
train,Whole_GreenGram/WholeGreenGram_287.jpg,,Whole_GreenGram
train,Whole_GreenGram/WholeGreenGram_288.jpg,,Whole_GreenGram
train,Whole_GreenGram/WholeGreenGram_289.jpg,,Whole_GreenGram
train,Whole_GreenGram/WholeGreenGram_290.jpg,,Whole_GreenGram
train,Whole_GreenGram/WholeGreenGram_291.jpg,,Whole_GreenGram
train,Whole_GreenGram/WholeGreenGram_292.jpg,,Whole_GreenGram
train,Whole_GreenGram/WholeGreenGram_293.jpg,,Whole_GreenGram
train,Whole_GreenGram/WholeGreenGram_294.jpg,,Whole_GreenGram
train,Whole_GreenGram/WholeGreenGram_295.jpg,,Whole_GreenGram
train,Whole_GreenGram/WholeGreenGram_296.jpg,,Whole_GreenGram
train,Whole_GreenGram/WholeGreenGram_298.jpg,,Whole_GreenGram
train,Whole_GreenGram/WholeGreenGram_299.jpg,,Whole_GreenGram
train,Whole_GreenGram/WholeGreenGram_300.jpg,,Whole_GreenGram
train,Whole_GreenGram/WholeGreenGram_301.jpg,,Whole_GreenGram
train,Whole_GreenGram/WholeGreenGram_302.jpg,,Whole_GreenGram
train,Whole_GreenGram/WholeGreenGram_303.jpg,,Whole_GreenGram
train,Whole_GreenGram/WholeGreenGram_305.jpg,,Whole_GreenGram
train,Whole_GreenGram/WholeGreenGram_307.jpg,,Whole_GreenGram
train,Whole_GreenGram/WholeGreenGram_308.jpg,,Whole_GreenGram
train,Whole_GreenGram/WholeGreenGram_309.jpg,,Whole_GreenGram
train,Whole_GreenGram/WholeGreenGram_310.jpg,,Whole_GreenGram
train,Whole_GreenGram/WholeGreenGram_312.jpg,,Whole_GreenGram
train,Whole_GreenGram/WholeGreenGram_313.jpg,,Whole_GreenGram
train,Whole_GreenGram/WholeGreenGram_315.jpg,,Whole_GreenGram
train,Whole_GreenGram/WholeGreenGram_316.jpg,,Whole_GreenGram
train,Whole_GreenGram/WholeGreenGram_318.jpg,,Whole_GreenGram
train,Whole_GreenGram/WholeGreenGram_319.jpg,,Whole_GreenGram
train,Whole_GreenGram/WholeGreenGram_320.jpg,,Whole_GreenGram
train,Whole_GreenGram/WholeGreenGram_321.jpg,,Whole_GreenGram
train,Whole_GreenGram/WholeGreenGram_322.jpg,,Whole_GreenGram
train,Whole_GreenGram/WholeGreenGram_323.jpg,,Whole_GreenGram
train,Whole_GreenGram/WholeGreenGram_324.jpg,,Whole_GreenGram
train,Whole_GreenGram/WholeGreenGram_325.jpg,,Whole_GreenGram
train,Whole_GreenGram/WholeGreenGram_326.jpg,,Whole_GreenGram
train,Whole_GreenGram/WholeGreenGram_327.jpg,,Whole_GreenGram
train,Whole_GreenGram/WholeGreenGram_329.jpg,,Whole_GreenGram
train,Whole_GreenGram/WholeGreenGram_331.jpg,,Whole_GreenGram
train,Whole_GreenGram/WholeGreenGram_332.jpg,,Whole_GreenGram
train,Whole_GreenGram/WholeGreenGram_333.jpg,,Whole_GreenGram
train,Whole_GreenGram/WholeGreenGram_334.jpg,,Whole_GreenGram
train,Whole_GreenGram/WholeGreenGram_336.jpg,,Whole_GreenGram
train,Whole_GreenGram/WholeGreenGram_337.jpg,,Whole_GreenGram
train,Whole_GreenGram/WholeGreenGram_338.jpg,,Whole_GreenGram
train,Whole_GreenGram/WholeGreenGram_341.jpg,,Whole_GreenGram
train,Whole_GreenGram/WholeGreenGram_342.jpg,,Whole_GreenGram
train,Whole_GreenGram/WholeGreenGram_343.jpg,,Whole_GreenGram
train,Whole_GreenGram/WholeGreenGram_344.jpg,,Whole_GreenGram
train,Whole_GreenGram/WholeGreenGram_345.jpg,,Whole_GreenGram
train,Whole_GreenGram/WholeGreenGram_346.jpg,,Whole_GreenGram
train,Whole_GreenGram/WholeGreenGram_347.jpg,,Whole_GreenGram
train,Whole_GreenGram/WholeGreenGram_348.jpg,,Whole_GreenGram
train,Whole_GreenGram/WholeGreenGram_350.jpg,,Whole_GreenGram
train,Whole_GreenGram/WholeGreenGram_352.jpg,,Whole_GreenGram
train,Whole_GreenGram/WholeGreenGram_353.jpg,,Whole_GreenGram
train,Whole_GreenGram/WholeGreenGram_354.jpg,,Whole_GreenGram
train,Whole_GreenGram/WholeGreenGram_355.jpg,,Whole_GreenGram
train,Whole_GreenGram/WholeGreenGram_356.jpg,,Whole_GreenGram
train,Whole_GreenGram/WholeGreenGram_357.jpg,,Whole_GreenGram
train,Whole_GreenGram/WholeGreenGram_358.jpg,,Whole_GreenGram
train,Whole_GreenGram/WholeGreenGram_359.jpg,,Whole_GreenGram
train,Whole_GreenGram/WholeGreenGram_361.jpg,,Whole_GreenGram
train,Whole_GreenGram/WholeGreenGram_362.jpg,,Whole_GreenGram
train,Whole_GreenGram/WholeGreenGram_364.jpg,,Whole_GreenGram
train,Whole_GreenGram/WholeGreenGram_365.jpg,,Whole_GreenGram
train,Whole_GreenGram/WholeGreenGram_366.jpg,,Whole_GreenGram
train,Whole_GreenGram/WholeGreenGram_367.jpg,,Whole_GreenGram
train,Whole_GreenGram/WholeGreenGram_368.jpg,,Whole_GreenGram
train,Whole_GreenGram/WholeGreenGram_369.jpg,,Whole_GreenGram
train,Whole_GreenGram/WholeGreenGram_370.jpg,,Whole_GreenGram
train,Whole_GreenGram/WholeGreenGram_371.jpg,,Whole_GreenGram
train,Whole_GreenGram/WholeGreenGram_372.jpg,,Whole_GreenGram
train,Whole_GreenGram/WholeGreenGram_374.jpg,,Whole_GreenGram
train,Whole_GreenGram/WholeGreenGram_375.jpg,,Whole_GreenGram
train,Whole_GreenGram/WholeGreenGram_376.jpg,,Whole_GreenGram
train,Whole_GreenGram/WholeGreenGram_378.jpg,,Whole_GreenGram
train,Whole_GreenGram/WholeGreenGram_379.jpg,,Whole_GreenGram
train,Whole_GreenGram/WholeGreenGram_382.jpg,,Whole_GreenGram
train,Whole_GreenGram/WholeGreenGram_383.jpg,,Whole_GreenGram
train,Whole_GreenGram/WholeGreenGram_385.jpg,,Whole_GreenGram
train,Whole_GreenGram/WholeGreenGram_386.jpg,,Whole_GreenGram
train,Whole_GreenGram/WholeGreenGram_389.jpg,,Whole_GreenGram
train,Whole_GreenGram/WholeGreenGram_390.jpg,,Whole_GreenGram
train,Whole_GreenGram/WholeGreenGram_391.jpg,,Whole_GreenGram
train,Whole_GreenGram/WholeGreenGram_392.jpg,,Whole_GreenGram
train,Whole_GreenGram/WholeGreenGram_393.jpg,,Whole_GreenGram
train,Whole_GreenGram/WholeGreenGram_394.jpg,,Whole_GreenGram
train,Whole_GreenGram/WholeGreenGram_395.jpg,,Whole_GreenGram
train,Whole_GreenGram/WholeGreenGram_397.jpg,,Whole_GreenGram
train,Whole_GreenGram/WholeGreenGram_398.jpg,,Whole_GreenGram
train,Whole_GreenGram/WholeGreenGram_399.jpg,,Whole_GreenGram
train,Whole_GreenGram/WholeGreenGram_400.jpg,,Whole_GreenGram
train,Whole_GreenGram/WholeGreenGram_401.jpg,,Whole_GreenGram
train,Whole_GreenGram/WholeGreenGram_403.jpg,,Whole_GreenGram
train,Whole_GreenGram/WholeGreenGram_404.jpg,,Whole_GreenGram
train,Whole_GreenGram/WholeGreenGram_405.jpg,,Whole_GreenGram
train,Whole_GreenGram/WholeGreenGram_406.jpg,,Whole_GreenGram
train,Whole_GreenGram/WholeGreenGram_407.jpg,,Whole_GreenGram
train,Whole_GreenGram/WholeGreenGram_408.jpg,,Whole_GreenGram
train,Whole_GreenGram/WholeGreenGram_409.jpg,,Whole_GreenGram
train,Whole_GreenGram/WholeGreenGram_412.jpg,,Whole_GreenGram
train,Whole_GreenGram/WholeGreenGram_413.jpg,,Whole_GreenGram
train,Whole_GreenGram/WholeGreenGram_414.jpg,,Whole_GreenGram
train,Whole_GreenGram/WholeGreenGram_416.jpg,,Whole_GreenGram
train,Whole_GreenGram/WholeGreenGram_417.jpg,,Whole_GreenGram
train,Whole_GreenGram/WholeGreenGram_418.jpg,,Whole_GreenGram
train,Whole_GreenGram/WholeGreenGram_420.jpg,,Whole_GreenGram
train,Whole_GreenGram/WholeGreenGram_423.jpg,,Whole_GreenGram
train,Whole_GreenGram/WholeGreenGram_424.jpg,,Whole_GreenGram
train,Whole_GreenGram/WholeGreenGram_426.jpg,,Whole_GreenGram
train,Whole_GreenGram/WholeGreenGram_427.jpg,,Whole_GreenGram
train,Whole_GreenGram/WholeGreenGram_429.jpg,,Whole_GreenGram
train,Whole_GreenGram/WholeGreenGram_431.jpg,,Whole_GreenGram
train,Whole_GreenGram/WholeGreenGram_432.jpg,,Whole_GreenGram
train,Whole_GreenGram/WholeGreenGram_434.jpg,,Whole_GreenGram
train,Whole_GreenGram/WholeGreenGram_435.jpg,,Whole_GreenGram
train,Whole_GreenGram/WholeGreenGram_436.jpg,,Whole_GreenGram
train,Whole_GreenGram/WholeGreenGram_437.jpg,,Whole_GreenGram
train,Whole_GreenGram/WholeGreenGram_438.jpg,,Whole_GreenGram
train,Whole_GreenGram/WholeGreenGram_439.jpg,,Whole_GreenGram
train,Whole_GreenGram/WholeGreenGram_440.jpg,,Whole_GreenGram
train,Whole_GreenGram/WholeGreenGram_445.jpg,,Whole_GreenGram
train,Whole_GreenGram/WholeGreenGram_448.jpg,,Whole_GreenGram
train,Whole_GreenGram/WholeGreenGram_450.jpg,,Whole_GreenGram
train,Whole_GreenGram/WholeGreenGram_451.jpg,,Whole_GreenGram
train,Whole_GreenGram/WholeGreenGram_452.jpg,,Whole_GreenGram
train,Whole_GreenGram/WholeGreenGram_455.jpg,,Whole_GreenGram
train,Whole_GreenGram/WholeGreenGram_456.jpg,,Whole_GreenGram
train,Whole_GreenGram/WholeGreenGram_457.jpg,,Whole_GreenGram
train,Whole_GreenGram/WholeGreenGram_458.jpg,,Whole_GreenGram
train,Whole_GreenGram/WholeGreenGram_459.jpg,,Whole_GreenGram
train,Whole_GreenGram/WholeGreenGram_460.jpg,,Whole_GreenGram
train,Whole_GreenGram/WholeGreenGram_461.jpg,,Whole_GreenGram
train,Whole_GreenGram/WholeGreenGram_463.jpg,,Whole_GreenGram
train,Whole_GreenGram/WholeGreenGram_464.jpg,,Whole_GreenGram
train,Whole_GreenGram/WholeGreenGram_465.jpg,,Whole_GreenGram
train,Whole_GreenGram/WholeGreenGram_466.jpg,,Whole_GreenGram
train,Whole_GreenGram/WholeGreenGram_467.jpg,,Whole_GreenGram
train,Whole_GreenGram/WholeGreenGram_469.jpg,,Whole_GreenGram
train,Whole_GreenGram/WholeGreenGram_470.jpg,,Whole_GreenGram
train,Whole_GreenGram/WholeGreenGram_472.jpg,,Whole_GreenGram
train,Whole_GreenGram/WholeGreenGram_473.jpg,,Whole_GreenGram
train,Whole_GreenGram/WholeGreenGram_474.jpg,,Whole_GreenGram
train,Whole_GreenGram/WholeGreenGram_475.jpg,,Whole_GreenGram
train,Whole_GreenGram/WholeGreenGram_476.jpg,,Whole_GreenGram
train,Whole_GreenGram/WholeGreenGram_477.jpg,,Whole_GreenGram
train,Whole_GreenGram/WholeGreenGram_478.jpg,,Whole_GreenGram
train,Whole_GreenGram/WholeGreenGram_479.jpg,,Whole_GreenGram
train,Whole_GreenGram/WholeGreenGram_480.jpg,,Whole_GreenGram
train,Whole_GreenGram/WholeGreenGram_481.jpg,,Whole_GreenGram
train,Whole_GreenGram/WholeGreenGram_482.jpg,,Whole_GreenGram
train,Whole_GreenGram/WholeGreenGram_483.jpg,,Whole_GreenGram
train,Whole_GreenGram/WholeGreenGram_484.jpg,,Whole_GreenGram
train,Whole_GreenGram/WholeGreenGram_485.jpg,,Whole_GreenGram
train,Whole_GreenGram/WholeGreenGram_486.jpg,,Whole_GreenGram
train,Whole_GreenGram/WholeGreenGram_487.jpg,,Whole_GreenGram
train,Whole_GreenGram/WholeGreenGram_488.jpg,,Whole_GreenGram
train,Whole_GreenGram/WholeGreenGram_489.jpg,,Whole_GreenGram
train,Whole_GreenGram/WholeGreenGram_491.jpg,,Whole_GreenGram
train,Whole_GreenGram/WholeGreenGram_492.jpg,,Whole_GreenGram
train,Whole_GreenGram/WholeGreenGram_493.jpg,,Whole_GreenGram
train,Whole_GreenGram/WholeGreenGram_494.jpg,,Whole_GreenGram
train,Whole_GreenGram/WholeGreenGram_495.jpg,,Whole_GreenGram
train,Whole_GreenGram/WholeGreenGram_496.jpg,,Whole_GreenGram
train,Whole_GreenGram/WholeGreenGram_497.jpg,,Whole_GreenGram
train,Whole_GreenGram/WholeGreenGram_498.jpg,,Whole_GreenGram
train,Whole_GreenGram/WholeGreenGram_499.jpg,,Whole_GreenGram
train,Whole_GreenGram/WholeGreenGram_500.jpg,,Whole_GreenGram
train,Whole_TurkishGram/WholeTurkishGram_001.jpg,,Whole_TurkishGram
train,Whole_TurkishGram/WholeTurkishGram_003.jpg,,Whole_TurkishGram
train,Whole_TurkishGram/WholeTurkishGram_005.jpg,,Whole_TurkishGram
train,Whole_TurkishGram/WholeTurkishGram_006.jpg,,Whole_TurkishGram
train,Whole_TurkishGram/WholeTurkishGram_007.jpg,,Whole_TurkishGram
train,Whole_TurkishGram/WholeTurkishGram_011.jpg,,Whole_TurkishGram
train,Whole_TurkishGram/WholeTurkishGram_012.jpg,,Whole_TurkishGram
train,Whole_TurkishGram/WholeTurkishGram_013.jpg,,Whole_TurkishGram
train,Whole_TurkishGram/WholeTurkishGram_015.jpg,,Whole_TurkishGram
train,Whole_TurkishGram/WholeTurkishGram_016.jpg,,Whole_TurkishGram
train,Whole_TurkishGram/WholeTurkishGram_017.jpg,,Whole_TurkishGram
train,Whole_TurkishGram/WholeTurkishGram_018.jpg,,Whole_TurkishGram
train,Whole_TurkishGram/WholeTurkishGram_020.jpg,,Whole_TurkishGram
train,Whole_TurkishGram/WholeTurkishGram_021.jpg,,Whole_TurkishGram
train,Whole_TurkishGram/WholeTurkishGram_023.jpg,,Whole_TurkishGram
train,Whole_TurkishGram/WholeTurkishGram_025.jpg,,Whole_TurkishGram
train,Whole_TurkishGram/WholeTurkishGram_026.jpg,,Whole_TurkishGram
train,Whole_TurkishGram/WholeTurkishGram_027.jpg,,Whole_TurkishGram
train,Whole_TurkishGram/WholeTurkishGram_028.jpg,,Whole_TurkishGram
train,Whole_TurkishGram/WholeTurkishGram_029.jpg,,Whole_TurkishGram
train,Whole_TurkishGram/WholeTurkishGram_030.jpg,,Whole_TurkishGram
train,Whole_TurkishGram/WholeTurkishGram_031.jpg,,Whole_TurkishGram
train,Whole_TurkishGram/WholeTurkishGram_032.jpg,,Whole_TurkishGram
train,Whole_TurkishGram/WholeTurkishGram_033.jpg,,Whole_TurkishGram
train,Whole_TurkishGram/WholeTurkishGram_034.jpg,,Whole_TurkishGram
train,Whole_TurkishGram/WholeTurkishGram_035.jpg,,Whole_TurkishGram
train,Whole_TurkishGram/WholeTurkishGram_036.jpg,,Whole_TurkishGram
train,Whole_TurkishGram/WholeTurkishGram_037.jpg,,Whole_TurkishGram
train,Whole_TurkishGram/WholeTurkishGram_038.jpg,,Whole_TurkishGram
train,Whole_TurkishGram/WholeTurkishGram_039.jpg,,Whole_TurkishGram
train,Whole_TurkishGram/WholeTurkishGram_040.jpg,,Whole_TurkishGram
train,Whole_TurkishGram/WholeTurkishGram_041.jpg,,Whole_TurkishGram
train,Whole_TurkishGram/WholeTurkishGram_042.jpg,,Whole_TurkishGram
train,Whole_TurkishGram/WholeTurkishGram_043.jpg,,Whole_TurkishGram
train,Whole_TurkishGram/WholeTurkishGram_045.jpg,,Whole_TurkishGram
train,Whole_TurkishGram/WholeTurkishGram_047.jpg,,Whole_TurkishGram
train,Whole_TurkishGram/WholeTurkishGram_049.jpg,,Whole_TurkishGram
train,Whole_TurkishGram/WholeTurkishGram_050.jpg,,Whole_TurkishGram
train,Whole_TurkishGram/WholeTurkishGram_051.jpg,,Whole_TurkishGram
train,Whole_TurkishGram/WholeTurkishGram_053.jpg,,Whole_TurkishGram
train,Whole_TurkishGram/WholeTurkishGram_054.jpg,,Whole_TurkishGram
train,Whole_TurkishGram/WholeTurkishGram_055.jpg,,Whole_TurkishGram
train,Whole_TurkishGram/WholeTurkishGram_056.jpg,,Whole_TurkishGram
train,Whole_TurkishGram/WholeTurkishGram_057.jpg,,Whole_TurkishGram
train,Whole_TurkishGram/WholeTurkishGram_058.jpg,,Whole_TurkishGram
train,Whole_TurkishGram/WholeTurkishGram_059.jpg,,Whole_TurkishGram
train,Whole_TurkishGram/WholeTurkishGram_060.jpg,,Whole_TurkishGram
train,Whole_TurkishGram/WholeTurkishGram_061.jpg,,Whole_TurkishGram
train,Whole_TurkishGram/WholeTurkishGram_062.jpg,,Whole_TurkishGram
train,Whole_TurkishGram/WholeTurkishGram_063.jpg,,Whole_TurkishGram
train,Whole_TurkishGram/WholeTurkishGram_064.jpg,,Whole_TurkishGram
train,Whole_TurkishGram/WholeTurkishGram_065.jpg,,Whole_TurkishGram
train,Whole_TurkishGram/WholeTurkishGram_066.jpg,,Whole_TurkishGram
train,Whole_TurkishGram/WholeTurkishGram_067.jpg,,Whole_TurkishGram
train,Whole_TurkishGram/WholeTurkishGram_068.jpg,,Whole_TurkishGram
train,Whole_TurkishGram/WholeTurkishGram_070.jpg,,Whole_TurkishGram
train,Whole_TurkishGram/WholeTurkishGram_071.jpg,,Whole_TurkishGram
train,Whole_TurkishGram/WholeTurkishGram_073.jpg,,Whole_TurkishGram
train,Whole_TurkishGram/WholeTurkishGram_074.jpg,,Whole_TurkishGram
train,Whole_TurkishGram/WholeTurkishGram_075.jpg,,Whole_TurkishGram
train,Whole_TurkishGram/WholeTurkishGram_076.jpg,,Whole_TurkishGram
train,Whole_TurkishGram/WholeTurkishGram_077.jpg,,Whole_TurkishGram
train,Whole_TurkishGram/WholeTurkishGram_079.jpg,,Whole_TurkishGram
train,Whole_TurkishGram/WholeTurkishGram_080.jpg,,Whole_TurkishGram
train,Whole_TurkishGram/WholeTurkishGram_081.jpg,,Whole_TurkishGram
train,Whole_TurkishGram/WholeTurkishGram_083.jpg,,Whole_TurkishGram
train,Whole_TurkishGram/WholeTurkishGram_085.jpg,,Whole_TurkishGram
train,Whole_TurkishGram/WholeTurkishGram_086.jpg,,Whole_TurkishGram
train,Whole_TurkishGram/WholeTurkishGram_087.jpg,,Whole_TurkishGram
train,Whole_TurkishGram/WholeTurkishGram_088.jpg,,Whole_TurkishGram
train,Whole_TurkishGram/WholeTurkishGram_090.jpg,,Whole_TurkishGram
train,Whole_TurkishGram/WholeTurkishGram_091.jpg,,Whole_TurkishGram
train,Whole_TurkishGram/WholeTurkishGram_092.jpg,,Whole_TurkishGram
train,Whole_TurkishGram/WholeTurkishGram_093.jpg,,Whole_TurkishGram
train,Whole_TurkishGram/WholeTurkishGram_094.jpg,,Whole_TurkishGram
train,Whole_TurkishGram/WholeTurkishGram_095.jpg,,Whole_TurkishGram
train,Whole_TurkishGram/WholeTurkishGram_097.jpg,,Whole_TurkishGram
train,Whole_TurkishGram/WholeTurkishGram_098.jpg,,Whole_TurkishGram
train,Whole_TurkishGram/WholeTurkishGram_099.jpg,,Whole_TurkishGram
train,Whole_TurkishGram/WholeTurkishGram_100.jpg,,Whole_TurkishGram
train,Whole_TurkishGram/WholeTurkishGram_101.jpg,,Whole_TurkishGram
train,Whole_TurkishGram/WholeTurkishGram_102.jpg,,Whole_TurkishGram
train,Whole_TurkishGram/WholeTurkishGram_103.jpg,,Whole_TurkishGram
train,Whole_TurkishGram/WholeTurkishGram_104.jpg,,Whole_TurkishGram
train,Whole_TurkishGram/WholeTurkishGram_105.jpg,,Whole_TurkishGram
train,Whole_TurkishGram/WholeTurkishGram_106.jpg,,Whole_TurkishGram
train,Whole_TurkishGram/WholeTurkishGram_107.jpg,,Whole_TurkishGram
train,Whole_TurkishGram/WholeTurkishGram_108.jpg,,Whole_TurkishGram
train,Whole_TurkishGram/WholeTurkishGram_109.jpg,,Whole_TurkishGram
train,Whole_TurkishGram/WholeTurkishGram_110.jpg,,Whole_TurkishGram
train,Whole_TurkishGram/WholeTurkishGram_111.jpg,,Whole_TurkishGram
train,Whole_TurkishGram/WholeTurkishGram_116.jpg,,Whole_TurkishGram
train,Whole_TurkishGram/WholeTurkishGram_117.jpg,,Whole_TurkishGram
train,Whole_TurkishGram/WholeTurkishGram_118.jpg,,Whole_TurkishGram
train,Whole_TurkishGram/WholeTurkishGram_120.jpg,,Whole_TurkishGram
train,Whole_TurkishGram/WholeTurkishGram_121.jpg,,Whole_TurkishGram
train,Whole_TurkishGram/WholeTurkishGram_122.jpg,,Whole_TurkishGram
train,Whole_TurkishGram/WholeTurkishGram_123.jpg,,Whole_TurkishGram
train,Whole_TurkishGram/WholeTurkishGram_126.jpg,,Whole_TurkishGram
train,Whole_TurkishGram/WholeTurkishGram_127.jpg,,Whole_TurkishGram
train,Whole_TurkishGram/WholeTurkishGram_129.jpg,,Whole_TurkishGram
train,Whole_TurkishGram/WholeTurkishGram_130.jpg,,Whole_TurkishGram
train,Whole_TurkishGram/WholeTurkishGram_131.jpg,,Whole_TurkishGram
train,Whole_TurkishGram/WholeTurkishGram_132.jpg,,Whole_TurkishGram
train,Whole_TurkishGram/WholeTurkishGram_133.jpg,,Whole_TurkishGram
train,Whole_TurkishGram/WholeTurkishGram_134.jpg,,Whole_TurkishGram
train,Whole_TurkishGram/WholeTurkishGram_135.jpg,,Whole_TurkishGram
train,Whole_TurkishGram/WholeTurkishGram_136.jpg,,Whole_TurkishGram
train,Whole_TurkishGram/WholeTurkishGram_137.jpg,,Whole_TurkishGram
train,Whole_TurkishGram/WholeTurkishGram_138.jpg,,Whole_TurkishGram
train,Whole_TurkishGram/WholeTurkishGram_139.jpg,,Whole_TurkishGram
train,Whole_TurkishGram/WholeTurkishGram_140.jpg,,Whole_TurkishGram
train,Whole_TurkishGram/WholeTurkishGram_141.jpg,,Whole_TurkishGram
train,Whole_TurkishGram/WholeTurkishGram_142.jpg,,Whole_TurkishGram
train,Whole_TurkishGram/WholeTurkishGram_143.jpg,,Whole_TurkishGram
train,Whole_TurkishGram/WholeTurkishGram_145.jpg,,Whole_TurkishGram
train,Whole_TurkishGram/WholeTurkishGram_146.jpg,,Whole_TurkishGram
train,Whole_TurkishGram/WholeTurkishGram_147.jpg,,Whole_TurkishGram
train,Whole_TurkishGram/WholeTurkishGram_148.jpg,,Whole_TurkishGram
train,Whole_TurkishGram/WholeTurkishGram_149.jpg,,Whole_TurkishGram
train,Whole_TurkishGram/WholeTurkishGram_150.jpg,,Whole_TurkishGram
train,Whole_TurkishGram/WholeTurkishGram_151.jpg,,Whole_TurkishGram
train,Whole_TurkishGram/WholeTurkishGram_152.jpg,,Whole_TurkishGram
train,Whole_TurkishGram/WholeTurkishGram_154.jpg,,Whole_TurkishGram
train,Whole_TurkishGram/WholeTurkishGram_155.jpg,,Whole_TurkishGram
train,Whole_TurkishGram/WholeTurkishGram_156.jpg,,Whole_TurkishGram
train,Whole_TurkishGram/WholeTurkishGram_157.jpg,,Whole_TurkishGram
train,Whole_TurkishGram/WholeTurkishGram_159.jpg,,Whole_TurkishGram
train,Whole_TurkishGram/WholeTurkishGram_160.jpg,,Whole_TurkishGram
train,Whole_TurkishGram/WholeTurkishGram_161.jpg,,Whole_TurkishGram
train,Whole_TurkishGram/WholeTurkishGram_162.jpg,,Whole_TurkishGram
train,Whole_TurkishGram/WholeTurkishGram_163.jpg,,Whole_TurkishGram
train,Whole_TurkishGram/WholeTurkishGram_164.jpg,,Whole_TurkishGram
train,Whole_TurkishGram/WholeTurkishGram_165.jpg,,Whole_TurkishGram
train,Whole_TurkishGram/WholeTurkishGram_166.jpg,,Whole_TurkishGram
train,Whole_TurkishGram/WholeTurkishGram_167.jpg,,Whole_TurkishGram
train,Whole_TurkishGram/WholeTurkishGram_168.jpg,,Whole_TurkishGram
train,Whole_TurkishGram/WholeTurkishGram_170.jpg,,Whole_TurkishGram
train,Whole_TurkishGram/WholeTurkishGram_171.jpg,,Whole_TurkishGram
train,Whole_TurkishGram/WholeTurkishGram_172.jpg,,Whole_TurkishGram
train,Whole_TurkishGram/WholeTurkishGram_173.jpg,,Whole_TurkishGram
train,Whole_TurkishGram/WholeTurkishGram_174.jpg,,Whole_TurkishGram
train,Whole_TurkishGram/WholeTurkishGram_175.jpg,,Whole_TurkishGram
train,Whole_TurkishGram/WholeTurkishGram_176.jpg,,Whole_TurkishGram
train,Whole_TurkishGram/WholeTurkishGram_178.jpg,,Whole_TurkishGram
train,Whole_TurkishGram/WholeTurkishGram_179.jpg,,Whole_TurkishGram
train,Whole_TurkishGram/WholeTurkishGram_180.jpg,,Whole_TurkishGram
train,Whole_TurkishGram/WholeTurkishGram_181.jpg,,Whole_TurkishGram
train,Whole_TurkishGram/WholeTurkishGram_182.jpg,,Whole_TurkishGram
train,Whole_TurkishGram/WholeTurkishGram_183.jpg,,Whole_TurkishGram
train,Whole_TurkishGram/WholeTurkishGram_184.jpg,,Whole_TurkishGram
train,Whole_TurkishGram/WholeTurkishGram_186.jpg,,Whole_TurkishGram
train,Whole_TurkishGram/WholeTurkishGram_187.jpg,,Whole_TurkishGram
train,Whole_TurkishGram/WholeTurkishGram_188.jpg,,Whole_TurkishGram
train,Whole_TurkishGram/WholeTurkishGram_189.jpg,,Whole_TurkishGram
train,Whole_TurkishGram/WholeTurkishGram_190.jpg,,Whole_TurkishGram
train,Whole_TurkishGram/WholeTurkishGram_192.jpg,,Whole_TurkishGram
train,Whole_TurkishGram/WholeTurkishGram_193.jpg,,Whole_TurkishGram
train,Whole_TurkishGram/WholeTurkishGram_194.jpg,,Whole_TurkishGram
train,Whole_TurkishGram/WholeTurkishGram_195.jpg,,Whole_TurkishGram
train,Whole_TurkishGram/WholeTurkishGram_196.jpg,,Whole_TurkishGram
train,Whole_TurkishGram/WholeTurkishGram_197.jpg,,Whole_TurkishGram
train,Whole_TurkishGram/WholeTurkishGram_198.jpg,,Whole_TurkishGram
train,Whole_TurkishGram/WholeTurkishGram_199.jpg,,Whole_TurkishGram
train,Whole_TurkishGram/WholeTurkishGram_200.jpg,,Whole_TurkishGram
train,Whole_TurkishGram/WholeTurkishGram_201.jpg,,Whole_TurkishGram
train,Whole_TurkishGram/WholeTurkishGram_202.jpg,,Whole_TurkishGram
train,Whole_TurkishGram/WholeTurkishGram_204.jpg,,Whole_TurkishGram
train,Whole_TurkishGram/WholeTurkishGram_205.jpg,,Whole_TurkishGram
train,Whole_TurkishGram/WholeTurkishGram_206.jpg,,Whole_TurkishGram
train,Whole_TurkishGram/WholeTurkishGram_207.jpg,,Whole_TurkishGram
train,Whole_TurkishGram/WholeTurkishGram_208.jpg,,Whole_TurkishGram
train,Whole_TurkishGram/WholeTurkishGram_211.jpg,,Whole_TurkishGram
train,Whole_TurkishGram/WholeTurkishGram_213.jpg,,Whole_TurkishGram
train,Whole_TurkishGram/WholeTurkishGram_214.jpg,,Whole_TurkishGram
train,Whole_TurkishGram/WholeTurkishGram_216.jpg,,Whole_TurkishGram
train,Whole_TurkishGram/WholeTurkishGram_217.jpg,,Whole_TurkishGram
train,Whole_TurkishGram/WholeTurkishGram_218.jpg,,Whole_TurkishGram
train,Whole_TurkishGram/WholeTurkishGram_220.jpg,,Whole_TurkishGram
train,Whole_TurkishGram/WholeTurkishGram_222.jpg,,Whole_TurkishGram
train,Whole_TurkishGram/WholeTurkishGram_223.jpg,,Whole_TurkishGram
train,Whole_TurkishGram/WholeTurkishGram_225.jpg,,Whole_TurkishGram
train,Whole_TurkishGram/WholeTurkishGram_226.jpg,,Whole_TurkishGram
train,Whole_TurkishGram/WholeTurkishGram_227.jpg,,Whole_TurkishGram
train,Whole_TurkishGram/WholeTurkishGram_228.jpg,,Whole_TurkishGram
train,Whole_TurkishGram/WholeTurkishGram_229.jpg,,Whole_TurkishGram
train,Whole_TurkishGram/WholeTurkishGram_230.jpg,,Whole_TurkishGram
train,Whole_TurkishGram/WholeTurkishGram_231.jpg,,Whole_TurkishGram
train,Whole_TurkishGram/WholeTurkishGram_232.jpg,,Whole_TurkishGram
train,Whole_TurkishGram/WholeTurkishGram_235.jpg,,Whole_TurkishGram
train,Whole_TurkishGram/WholeTurkishGram_236.jpg,,Whole_TurkishGram
train,Whole_TurkishGram/WholeTurkishGram_240.jpg,,Whole_TurkishGram
train,Whole_TurkishGram/WholeTurkishGram_241.jpg,,Whole_TurkishGram
train,Whole_TurkishGram/WholeTurkishGram_243.jpg,,Whole_TurkishGram
train,Whole_TurkishGram/WholeTurkishGram_245.jpg,,Whole_TurkishGram
train,Whole_TurkishGram/WholeTurkishGram_246.jpg,,Whole_TurkishGram
train,Whole_TurkishGram/WholeTurkishGram_248.jpg,,Whole_TurkishGram
train,Whole_TurkishGram/WholeTurkishGram_249.jpg,,Whole_TurkishGram
train,Whole_TurkishGram/WholeTurkishGram_250.jpg,,Whole_TurkishGram
train,Whole_TurkishGram/WholeTurkishGram_251.jpg,,Whole_TurkishGram
train,Whole_TurkishGram/WholeTurkishGram_253.jpg,,Whole_TurkishGram
train,Whole_TurkishGram/WholeTurkishGram_254.jpg,,Whole_TurkishGram
train,Whole_TurkishGram/WholeTurkishGram_256.jpg,,Whole_TurkishGram
train,Whole_TurkishGram/WholeTurkishGram_257.jpg,,Whole_TurkishGram
train,Whole_TurkishGram/WholeTurkishGram_258.jpg,,Whole_TurkishGram
train,Whole_TurkishGram/WholeTurkishGram_259.jpg,,Whole_TurkishGram
train,Whole_TurkishGram/WholeTurkishGram_261.jpg,,Whole_TurkishGram
train,Whole_TurkishGram/WholeTurkishGram_262.jpg,,Whole_TurkishGram
train,Whole_TurkishGram/WholeTurkishGram_263.jpg,,Whole_TurkishGram
train,Whole_TurkishGram/WholeTurkishGram_264.jpg,,Whole_TurkishGram
train,Whole_TurkishGram/WholeTurkishGram_265.jpg,,Whole_TurkishGram
train,Whole_TurkishGram/WholeTurkishGram_266.jpg,,Whole_TurkishGram
train,Whole_TurkishGram/WholeTurkishGram_267.jpg,,Whole_TurkishGram
train,Whole_TurkishGram/WholeTurkishGram_268.jpg,,Whole_TurkishGram
train,Whole_TurkishGram/WholeTurkishGram_270.jpg,,Whole_TurkishGram
train,Whole_TurkishGram/WholeTurkishGram_271.jpg,,Whole_TurkishGram
train,Whole_TurkishGram/WholeTurkishGram_272.jpg,,Whole_TurkishGram
train,Whole_TurkishGram/WholeTurkishGram_274.jpg,,Whole_TurkishGram
train,Whole_TurkishGram/WholeTurkishGram_275.jpg,,Whole_TurkishGram
train,Whole_TurkishGram/WholeTurkishGram_276.jpg,,Whole_TurkishGram
train,Whole_TurkishGram/WholeTurkishGram_277.jpg,,Whole_TurkishGram
train,Whole_TurkishGram/WholeTurkishGram_278.jpg,,Whole_TurkishGram
train,Whole_TurkishGram/WholeTurkishGram_279.jpg,,Whole_TurkishGram
train,Whole_TurkishGram/WholeTurkishGram_280.jpg,,Whole_TurkishGram
train,Whole_TurkishGram/WholeTurkishGram_281.jpg,,Whole_TurkishGram
train,Whole_TurkishGram/WholeTurkishGram_282.jpg,,Whole_TurkishGram
train,Whole_TurkishGram/WholeTurkishGram_283.jpg,,Whole_TurkishGram
train,Whole_TurkishGram/WholeTurkishGram_284.jpg,,Whole_TurkishGram
train,Whole_TurkishGram/WholeTurkishGram_286.jpg,,Whole_TurkishGram
train,Whole_TurkishGram/WholeTurkishGram_288.jpg,,Whole_TurkishGram
train,Whole_TurkishGram/WholeTurkishGram_289.jpg,,Whole_TurkishGram
train,Whole_TurkishGram/WholeTurkishGram_290.jpg,,Whole_TurkishGram
train,Whole_TurkishGram/WholeTurkishGram_291.jpg,,Whole_TurkishGram
train,Whole_TurkishGram/WholeTurkishGram_292.jpg,,Whole_TurkishGram
train,Whole_TurkishGram/WholeTurkishGram_293.jpg,,Whole_TurkishGram
train,Whole_TurkishGram/WholeTurkishGram_296.jpg,,Whole_TurkishGram
train,Whole_TurkishGram/WholeTurkishGram_299.jpg,,Whole_TurkishGram
train,Whole_TurkishGram/WholeTurkishGram_301.jpg,,Whole_TurkishGram
train,Whole_TurkishGram/WholeTurkishGram_302.jpg,,Whole_TurkishGram
train,Whole_TurkishGram/WholeTurkishGram_303.jpg,,Whole_TurkishGram
train,Whole_TurkishGram/WholeTurkishGram_305.jpg,,Whole_TurkishGram
train,Whole_TurkishGram/WholeTurkishGram_306.jpg,,Whole_TurkishGram
train,Whole_TurkishGram/WholeTurkishGram_307.jpg,,Whole_TurkishGram
train,Whole_TurkishGram/WholeTurkishGram_308.jpg,,Whole_TurkishGram
train,Whole_TurkishGram/WholeTurkishGram_309.jpg,,Whole_TurkishGram
train,Whole_TurkishGram/WholeTurkishGram_310.jpg,,Whole_TurkishGram
train,Whole_TurkishGram/WholeTurkishGram_312.jpg,,Whole_TurkishGram
train,Whole_TurkishGram/WholeTurkishGram_313.jpg,,Whole_TurkishGram
train,Whole_TurkishGram/WholeTurkishGram_314.jpg,,Whole_TurkishGram
train,Whole_TurkishGram/WholeTurkishGram_316.jpg,,Whole_TurkishGram
train,Whole_TurkishGram/WholeTurkishGram_317.jpg,,Whole_TurkishGram
train,Whole_TurkishGram/WholeTurkishGram_318.jpg,,Whole_TurkishGram
train,Whole_TurkishGram/WholeTurkishGram_319.jpg,,Whole_TurkishGram
train,Whole_TurkishGram/WholeTurkishGram_320.jpg,,Whole_TurkishGram
train,Whole_TurkishGram/WholeTurkishGram_321.jpg,,Whole_TurkishGram
train,Whole_TurkishGram/WholeTurkishGram_322.jpg,,Whole_TurkishGram
train,Whole_TurkishGram/WholeTurkishGram_323.jpg,,Whole_TurkishGram
train,Whole_TurkishGram/WholeTurkishGram_324.jpg,,Whole_TurkishGram
train,Whole_TurkishGram/WholeTurkishGram_325.jpg,,Whole_TurkishGram
train,Whole_TurkishGram/WholeTurkishGram_326.jpg,,Whole_TurkishGram
train,Whole_TurkishGram/WholeTurkishGram_327.jpg,,Whole_TurkishGram
train,Whole_TurkishGram/WholeTurkishGram_329.jpg,,Whole_TurkishGram
train,Whole_TurkishGram/WholeTurkishGram_330.jpg,,Whole_TurkishGram
train,Whole_TurkishGram/WholeTurkishGram_331.jpg,,Whole_TurkishGram
train,Whole_TurkishGram/WholeTurkishGram_332.jpg,,Whole_TurkishGram
train,Whole_TurkishGram/WholeTurkishGram_334.jpg,,Whole_TurkishGram
train,Whole_TurkishGram/WholeTurkishGram_335.jpg,,Whole_TurkishGram
train,Whole_TurkishGram/WholeTurkishGram_336.jpg,,Whole_TurkishGram
train,Whole_TurkishGram/WholeTurkishGram_337.jpg,,Whole_TurkishGram
train,Whole_TurkishGram/WholeTurkishGram_338.jpg,,Whole_TurkishGram
train,Whole_TurkishGram/WholeTurkishGram_339.jpg,,Whole_TurkishGram
train,Whole_TurkishGram/WholeTurkishGram_340.jpg,,Whole_TurkishGram
train,Whole_TurkishGram/WholeTurkishGram_341.jpg,,Whole_TurkishGram
train,Whole_TurkishGram/WholeTurkishGram_342.jpg,,Whole_TurkishGram
train,Whole_TurkishGram/WholeTurkishGram_343.jpg,,Whole_TurkishGram
train,Whole_TurkishGram/WholeTurkishGram_345.jpg,,Whole_TurkishGram
train,Whole_TurkishGram/WholeTurkishGram_346.jpg,,Whole_TurkishGram
train,Whole_TurkishGram/WholeTurkishGram_347.jpg,,Whole_TurkishGram
train,Whole_TurkishGram/WholeTurkishGram_348.jpg,,Whole_TurkishGram
train,Whole_TurkishGram/WholeTurkishGram_349.jpg,,Whole_TurkishGram
train,Whole_TurkishGram/WholeTurkishGram_350.jpg,,Whole_TurkishGram
train,Whole_TurkishGram/WholeTurkishGram_351.jpg,,Whole_TurkishGram
train,Whole_TurkishGram/WholeTurkishGram_352.jpg,,Whole_TurkishGram
train,Whole_TurkishGram/WholeTurkishGram_353.jpg,,Whole_TurkishGram
train,Whole_TurkishGram/WholeTurkishGram_354.jpg,,Whole_TurkishGram
train,Whole_TurkishGram/WholeTurkishGram_355.jpg,,Whole_TurkishGram
train,Whole_TurkishGram/WholeTurkishGram_357.jpg,,Whole_TurkishGram
train,Whole_TurkishGram/WholeTurkishGram_359.jpg,,Whole_TurkishGram
train,Whole_TurkishGram/WholeTurkishGram_360.jpg,,Whole_TurkishGram
train,Whole_TurkishGram/WholeTurkishGram_361.jpg,,Whole_TurkishGram
train,Whole_TurkishGram/WholeTurkishGram_363.jpg,,Whole_TurkishGram
train,Whole_TurkishGram/WholeTurkishGram_364.jpg,,Whole_TurkishGram
train,Whole_TurkishGram/WholeTurkishGram_365.jpg,,Whole_TurkishGram
train,Whole_TurkishGram/WholeTurkishGram_366.jpg,,Whole_TurkishGram
train,Whole_TurkishGram/WholeTurkishGram_367.jpg,,Whole_TurkishGram
train,Whole_TurkishGram/WholeTurkishGram_368.jpg,,Whole_TurkishGram
train,Whole_TurkishGram/WholeTurkishGram_369.jpg,,Whole_TurkishGram
train,Whole_TurkishGram/WholeTurkishGram_370.jpg,,Whole_TurkishGram
train,Whole_TurkishGram/WholeTurkishGram_371.jpg,,Whole_TurkishGram
train,Whole_TurkishGram/WholeTurkishGram_372.jpg,,Whole_TurkishGram
train,Whole_TurkishGram/WholeTurkishGram_373.jpg,,Whole_TurkishGram
train,Whole_TurkishGram/WholeTurkishGram_374.jpg,,Whole_TurkishGram
train,Whole_TurkishGram/WholeTurkishGram_379.jpg,,Whole_TurkishGram
train,Whole_TurkishGram/WholeTurkishGram_380.jpg,,Whole_TurkishGram
train,Whole_TurkishGram/WholeTurkishGram_381.jpg,,Whole_TurkishGram
train,Whole_TurkishGram/WholeTurkishGram_382.jpg,,Whole_TurkishGram
train,Whole_TurkishGram/WholeTurkishGram_383.jpg,,Whole_TurkishGram
train,Whole_TurkishGram/WholeTurkishGram_385.jpg,,Whole_TurkishGram
train,Whole_TurkishGram/WholeTurkishGram_386.jpg,,Whole_TurkishGram
train,Whole_TurkishGram/WholeTurkishGram_388.jpg,,Whole_TurkishGram
train,Whole_TurkishGram/WholeTurkishGram_389.jpg,,Whole_TurkishGram
train,Whole_TurkishGram/WholeTurkishGram_390.jpg,,Whole_TurkishGram
train,Whole_TurkishGram/WholeTurkishGram_392.jpg,,Whole_TurkishGram
train,Whole_TurkishGram/WholeTurkishGram_393.jpg,,Whole_TurkishGram
train,Whole_TurkishGram/WholeTurkishGram_394.jpg,,Whole_TurkishGram
train,Whole_TurkishGram/WholeTurkishGram_396.jpg,,Whole_TurkishGram
train,Whole_TurkishGram/WholeTurkishGram_398.jpg,,Whole_TurkishGram
train,Whole_TurkishGram/WholeTurkishGram_399.jpg,,Whole_TurkishGram
train,Whole_TurkishGram/WholeTurkishGram_400.jpg,,Whole_TurkishGram
train,Whole_TurkishGram/WholeTurkishGram_401.jpg,,Whole_TurkishGram
train,Whole_TurkishGram/WholeTurkishGram_402.jpg,,Whole_TurkishGram
train,Whole_TurkishGram/WholeTurkishGram_403.jpg,,Whole_TurkishGram
train,Whole_TurkishGram/WholeTurkishGram_404.jpg,,Whole_TurkishGram
train,Whole_TurkishGram/WholeTurkishGram_405.jpg,,Whole_TurkishGram
train,Whole_TurkishGram/WholeTurkishGram_407.jpg,,Whole_TurkishGram
train,Whole_TurkishGram/WholeTurkishGram_409.jpg,,Whole_TurkishGram
train,Whole_TurkishGram/WholeTurkishGram_411.jpg,,Whole_TurkishGram
train,Whole_TurkishGram/WholeTurkishGram_412.jpg,,Whole_TurkishGram
train,Whole_TurkishGram/WholeTurkishGram_413.jpg,,Whole_TurkishGram
train,Whole_TurkishGram/WholeTurkishGram_415.jpg,,Whole_TurkishGram
train,Whole_TurkishGram/WholeTurkishGram_417.jpg,,Whole_TurkishGram
train,Whole_TurkishGram/WholeTurkishGram_418.jpg,,Whole_TurkishGram
train,Whole_TurkishGram/WholeTurkishGram_419.jpg,,Whole_TurkishGram
train,Whole_TurkishGram/WholeTurkishGram_420.jpg,,Whole_TurkishGram
train,Whole_TurkishGram/WholeTurkishGram_421.jpg,,Whole_TurkishGram
train,Whole_TurkishGram/WholeTurkishGram_423.jpg,,Whole_TurkishGram
train,Whole_TurkishGram/WholeTurkishGram_424.jpg,,Whole_TurkishGram
train,Whole_TurkishGram/WholeTurkishGram_425.jpg,,Whole_TurkishGram
train,Whole_TurkishGram/WholeTurkishGram_426.jpg,,Whole_TurkishGram
train,Whole_TurkishGram/WholeTurkishGram_427.jpg,,Whole_TurkishGram
train,Whole_TurkishGram/WholeTurkishGram_428.jpg,,Whole_TurkishGram
train,Whole_TurkishGram/WholeTurkishGram_429.jpg,,Whole_TurkishGram
train,Whole_TurkishGram/WholeTurkishGram_431.jpg,,Whole_TurkishGram
train,Whole_TurkishGram/WholeTurkishGram_432.jpg,,Whole_TurkishGram
train,Whole_TurkishGram/WholeTurkishGram_433.jpg,,Whole_TurkishGram
train,Whole_TurkishGram/WholeTurkishGram_434.jpg,,Whole_TurkishGram
train,Whole_TurkishGram/WholeTurkishGram_435.jpg,,Whole_TurkishGram
train,Whole_TurkishGram/WholeTurkishGram_436.jpg,,Whole_TurkishGram
train,Whole_TurkishGram/WholeTurkishGram_437.jpg,,Whole_TurkishGram
train,Whole_TurkishGram/WholeTurkishGram_438.jpg,,Whole_TurkishGram
train,Whole_TurkishGram/WholeTurkishGram_441.jpg,,Whole_TurkishGram
train,Whole_TurkishGram/WholeTurkishGram_444.jpg,,Whole_TurkishGram
train,Whole_TurkishGram/WholeTurkishGram_445.jpg,,Whole_TurkishGram
train,Whole_TurkishGram/WholeTurkishGram_446.jpg,,Whole_TurkishGram
train,Whole_TurkishGram/WholeTurkishGram_447.jpg,,Whole_TurkishGram
train,Whole_TurkishGram/WholeTurkishGram_449.jpg,,Whole_TurkishGram
train,Whole_TurkishGram/WholeTurkishGram_450.jpg,,Whole_TurkishGram
train,Whole_TurkishGram/WholeTurkishGram_451.jpg,,Whole_TurkishGram
train,Whole_TurkishGram/WholeTurkishGram_452.jpg,,Whole_TurkishGram
train,Whole_TurkishGram/WholeTurkishGram_453.jpg,,Whole_TurkishGram
train,Whole_TurkishGram/WholeTurkishGram_454.jpg,,Whole_TurkishGram
train,Whole_TurkishGram/WholeTurkishGram_456.jpg,,Whole_TurkishGram
train,Whole_TurkishGram/WholeTurkishGram_457.jpg,,Whole_TurkishGram
train,Whole_TurkishGram/WholeTurkishGram_459.jpg,,Whole_TurkishGram
train,Whole_TurkishGram/WholeTurkishGram_460.jpg,,Whole_TurkishGram
train,Whole_TurkishGram/WholeTurkishGram_461.jpg,,Whole_TurkishGram
train,Whole_TurkishGram/WholeTurkishGram_462.jpg,,Whole_TurkishGram
train,Whole_TurkishGram/WholeTurkishGram_463.jpg,,Whole_TurkishGram
train,Whole_TurkishGram/WholeTurkishGram_466.jpg,,Whole_TurkishGram
train,Whole_TurkishGram/WholeTurkishGram_467.jpg,,Whole_TurkishGram
train,Whole_TurkishGram/WholeTurkishGram_468.jpg,,Whole_TurkishGram
train,Whole_TurkishGram/WholeTurkishGram_469.jpg,,Whole_TurkishGram
train,Whole_TurkishGram/WholeTurkishGram_470.jpg,,Whole_TurkishGram
train,Whole_TurkishGram/WholeTurkishGram_471.jpg,,Whole_TurkishGram
train,Whole_TurkishGram/WholeTurkishGram_472.jpg,,Whole_TurkishGram
train,Whole_TurkishGram/WholeTurkishGram_473.jpg,,Whole_TurkishGram
train,Whole_TurkishGram/WholeTurkishGram_475.jpg,,Whole_TurkishGram
train,Whole_TurkishGram/WholeTurkishGram_476.jpg,,Whole_TurkishGram
train,Whole_TurkishGram/WholeTurkishGram_477.jpg,,Whole_TurkishGram
train,Whole_TurkishGram/WholeTurkishGram_478.jpg,,Whole_TurkishGram
train,Whole_TurkishGram/WholeTurkishGram_479.jpg,,Whole_TurkishGram
train,Whole_TurkishGram/WholeTurkishGram_480.jpg,,Whole_TurkishGram
train,Whole_TurkishGram/WholeTurkishGram_481.jpg,,Whole_TurkishGram
train,Whole_TurkishGram/WholeTurkishGram_482.jpg,,Whole_TurkishGram
train,Whole_TurkishGram/WholeTurkishGram_483.jpg,,Whole_TurkishGram
train,Whole_TurkishGram/WholeTurkishGram_484.jpg,,Whole_TurkishGram
train,Whole_TurkishGram/WholeTurkishGram_485.jpg,,Whole_TurkishGram
train,Whole_TurkishGram/WholeTurkishGram_486.jpg,,Whole_TurkishGram
train,Whole_TurkishGram/WholeTurkishGram_487.jpg,,Whole_TurkishGram
train,Whole_TurkishGram/WholeTurkishGram_488.jpg,,Whole_TurkishGram
train,Whole_TurkishGram/WholeTurkishGram_490.jpg,,Whole_TurkishGram
train,Whole_TurkishGram/WholeTurkishGram_491.jpg,,Whole_TurkishGram
train,Whole_TurkishGram/WholeTurkishGram_492.jpg,,Whole_TurkishGram
train,Whole_TurkishGram/WholeTurkishGram_493.jpg,,Whole_TurkishGram
train,Whole_TurkishGram/WholeTurkishGram_494.jpg,,Whole_TurkishGram
train,Whole_TurkishGram/WholeTurkishGram_496.jpg,,Whole_TurkishGram
train,Whole_TurkishGram/WholeTurkishGram_497.jpg,,Whole_TurkishGram
train,Whole_TurkishGram/WholeTurkishGram_498.jpg,,Whole_TurkishGram
train,Whole_TurkishGram/WholeTurkishGram_499.jpg,,Whole_TurkishGram
train,chana1/Chana1_001.jpg,,chana1
train,chana1/Chana1_003.jpg,,chana1
train,chana1/Chana1_004.jpg,,chana1
train,chana1/Chana1_006.jpg,,chana1
train,chana1/Chana1_008.jpg,,chana1
train,chana1/Chana1_012.jpg,,chana1
train,chana1/Chana1_015.jpg,,chana1
train,chana1/Chana1_019.jpg,,chana1
train,chana1/Chana1_021.jpg,,chana1
train,chana1/Chana1_023.jpg,,chana1
train,chana1/Chana1_025.jpg,,chana1
train,chana1/Chana1_028.jpg,,chana1
train,chana1/Chana1_032.jpg,,chana1
train,chana1/Chana1_034.jpg,,chana1
train,chana1/Chana1_036.jpg,,chana1
train,chana1/Chana1_037.jpg,,chana1
train,chana1/Chana1_043.jpg,,chana1
train,chana1/Chana1_045.jpg,,chana1
train,chana1/Chana1_047.jpg,,chana1
train,chana1/Chana1_048.jpg,,chana1
train,chana1/Chana1_050.jpg,,chana1
train,chana1/Chana1_052.jpg,,chana1
train,chana1/Chana1_054.jpg,,chana1
train,chana1/Chana1_058.jpg,,chana1
train,chana1/Chana1_059.jpg,,chana1
train,chana1/Chana1_065.jpg,,chana1
train,chana1/Chana1_067.jpg,,chana1
train,chana1/Chana1_069.jpg,,chana1
train,chana1/Chana1_070.jpg,,chana1
train,chana1/Chana1_076.jpg,,chana1
train,chana1/Chana1_078.jpg,,chana1
train,chana1/Chana1_080.jpg,,chana1
train,chana1/Chana1_081.jpg,,chana1
train,chana1/Chana1_083.jpg,,chana1
train,chana1/Chana1_087.jpg,,chana1
train,chana1/Chana1_089.jpg,,chana1
train,chana1/Chana1_094.jpg,,chana1
train,chana1/Chana1_095.jpg,,chana1
train,chana1/Chana1_096.jpg,,chana1
train,chana1/Chana1_097.jpg,,chana1
train,chana1/Chana1_099.jpg,,chana1
train,chana1/Chana1_101.jpg,,chana1
train,chana1/Chana1_102.jpg,,chana1
train,chana1/Chana1_104.jpg,,chana1
train,chana1/Chana1_105.jpg,,chana1
train,chana1/Chana1_110.jpg,,chana1
train,chana1/Chana1_111.jpg,,chana1
train,chana1/Chana1_112.jpg,,chana1
train,chana1/Chana1_113.jpg,,chana1
train,chana1/Chana1_116.jpg,,chana1
train,chana1/Chana1_118.jpg,,chana1
train,chana1/Chana1_119.jpg,,chana1
train,chana1/Chana1_120.jpg,,chana1
train,chana1/Chana1_121.jpg,,chana1
train,chana1/Chana1_122.jpg,,chana1
train,chana1/Chana1_123.jpg,,chana1
train,chana1/Chana1_124.jpg,,chana1
train,chana1/Chana1_126.jpg,,chana1
train,chana1/Chana1_127.jpg,,chana1
train,chana1/Chana1_128.jpg,,chana1
train,chana1/Chana1_129.jpg,,chana1
train,chana1/Chana1_132.jpg,,chana1
train,chana1/Chana1_133.jpg,,chana1
train,chana1/Chana1_134.jpg,,chana1
train,chana1/Chana1_135.jpg,,chana1
train,chana1/Chana1_136.jpg,,chana1
train,chana1/Chana1_138.jpg,,chana1
train,chana1/Chana1_139.jpg,,chana1
train,chana1/Chana1_140.jpg,,chana1
train,chana1/Chana1_142.jpg,,chana1
train,chana1/Chana1_144.jpg,,chana1
train,chana1/Chana1_146.jpg,,chana1
train,chana1/Chana1_147.jpg,,chana1
train,chana1/Chana1_149.jpg,,chana1
train,chana1/Chana1_151.jpg,,chana1
train,chana1/Chana1_152.jpg,,chana1
train,chana1/Chana1_153.jpg,,chana1
train,chana1/Chana1_155.jpg,,chana1
train,chana1/Chana1_157.jpg,,chana1
train,chana1/Chana1_158.jpg,,chana1
train,chana1/Chana1_160.jpg,,chana1
train,chana1/Chana1_161.jpg,,chana1
train,chana1/Chana1_162.jpg,,chana1
train,chana1/Chana1_163.jpg,,chana1
train,chana1/Chana1_164.jpg,,chana1
train,chana1/Chana1_165.jpg,,chana1
train,chana1/Chana1_167.jpg,,chana1
train,chana1/Chana1_168.jpg,,chana1
train,chana1/Chana1_169.jpg,,chana1
train,chana1/Chana1_170.jpg,,chana1
train,chana1/Chana1_171.jpg,,chana1
train,chana1/Chana1_173.jpg,,chana1
train,chana1/Chana1_174.jpg,,chana1
train,chana1/Chana1_175.jpg,,chana1
train,chana1/Chana1_176.jpg,,chana1
train,chana1/Chana1_177.jpg,,chana1
train,chana1/Chana1_178.jpg,,chana1
train,chana1/Chana1_179.jpg,,chana1
train,chana1/Chana1_180.jpg,,chana1
train,chana1/Chana1_181.jpg,,chana1
train,chana1/Chana1_182.jpg,,chana1
train,chana1/Chana1_183.jpg,,chana1
train,chana1/Chana1_184.jpg,,chana1
train,chana1/Chana1_186.jpg,,chana1
train,chana1/Chana1_188.jpg,,chana1
train,chana1/Chana1_189.jpg,,chana1
train,chana1/Chana1_190.jpg,,chana1
train,chana1/Chana1_191.jpg,,chana1
train,chana1/Chana1_192.jpg,,chana1
train,chana1/Chana1_193.jpg,,chana1
train,chana1/Chana1_194.jpg,,chana1
train,chana1/Chana1_195.jpg,,chana1
train,chana1/Chana1_196.jpg,,chana1
train,chana1/Chana1_199.jpg,,chana1
train,chana1/Chana1_201.jpg,,chana1
train,chana1/Chana1_203.jpg,,chana1
train,chana1/Chana1_204.jpg,,chana1
train,chana1/Chana1_205.jpg,,chana1
train,chana1/Chana1_206.jpg,,chana1
train,chana1/Chana1_207.jpg,,chana1
train,chana1/Chana1_208.jpg,,chana1
train,chana1/Chana1_209.jpg,,chana1
train,chana1/Chana1_210.jpg,,chana1
train,chana1/Chana1_211.jpg,,chana1
train,chana1/Chana1_212.jpg,,chana1
train,chana1/Chana1_213.jpg,,chana1
train,chana1/Chana1_214.jpg,,chana1
train,chana1/Chana1_215.jpg,,chana1
train,chana1/Chana1_216.jpg,,chana1
train,chana1/Chana1_217.jpg,,chana1
train,chana1/Chana1_219.jpg,,chana1
train,chana1/Chana1_220.jpg,,chana1
train,chana1/Chana1_224.jpg,,chana1
train,chana1/Chana1_225.jpg,,chana1
train,chana1/Chana1_226.jpg,,chana1
train,chana1/Chana1_227.jpg,,chana1
train,chana1/Chana1_229.jpg,,chana1
train,chana1/Chana1_230.jpg,,chana1
train,chana1/Chana1_231.jpg,,chana1
train,chana1/Chana1_232.jpg,,chana1
train,chana1/Chana1_233.jpg,,chana1
train,chana1/Chana1_234.jpg,,chana1
train,chana1/Chana1_235.jpg,,chana1
train,chana1/Chana1_236.jpg,,chana1
train,chana1/Chana1_237.jpg,,chana1
train,chana1/Chana1_238.jpg,,chana1
train,chana1/Chana1_239.jpg,,chana1
train,chana1/Chana1_240.jpg,,chana1
train,chana1/Chana1_241.jpg,,chana1
train,chana1/Chana1_242.jpg,,chana1
train,chana1/Chana1_243.jpg,,chana1
train,chana1/Chana1_244.jpg,,chana1
train,chana1/Chana1_245.jpg,,chana1
train,chana1/Chana1_246.jpg,,chana1
train,chana1/Chana1_247.jpg,,chana1
train,chana1/Chana1_248.jpg,,chana1
train,chana1/Chana1_249.jpg,,chana1
train,chana1/Chana1_250.jpg,,chana1
train,chana1/Chana1_251.jpg,,chana1
train,chana1/Chana1_252.jpg,,chana1
train,chana1/Chana1_253.jpg,,chana1
train,chana1/Chana1_254.jpg,,chana1
train,chana1/Chana1_255.jpg,,chana1
train,chana1/Chana1_256.jpg,,chana1
train,chana1/Chana1_257.jpg,,chana1
train,chana1/Chana1_258.jpg,,chana1
train,chana1/Chana1_259.jpg,,chana1
train,chana1/Chana1_261.jpg,,chana1
train,chana1/Chana1_262.jpg,,chana1
train,chana1/Chana1_264.jpg,,chana1
train,chana1/Chana1_265.jpg,,chana1
train,chana1/Chana1_266.jpg,,chana1
train,chana1/Chana1_267.jpg,,chana1
train,chana1/Chana1_268.jpg,,chana1
train,chana1/Chana1_270.jpg,,chana1
train,chana1/Chana1_271.jpg,,chana1
train,chana1/Chana1_272.jpg,,chana1
train,chana1/Chana1_273.jpg,,chana1
train,chana1/Chana1_274.jpg,,chana1
train,chana1/Chana1_275.jpg,,chana1
train,chana1/Chana1_276.jpg,,chana1
train,chana1/Chana1_277.jpg,,chana1
train,chana1/Chana1_278.jpg,,chana1
train,chana1/Chana1_279.jpg,,chana1
train,chana1/Chana1_280.jpg,,chana1
train,chana1/Chana1_281.jpg,,chana1
train,chana1/Chana1_282.jpg,,chana1
train,chana1/Chana1_284.jpg,,chana1
train,chana1/Chana1_285.jpg,,chana1
train,chana1/Chana1_286.jpg,,chana1
train,chana1/Chana1_287.jpg,,chana1
train,chana1/Chana1_289.jpg,,chana1
train,chana1/Chana1_291.jpg,,chana1
train,chana1/Chana1_292.jpg,,chana1
train,chana1/Chana1_293.jpg,,chana1
train,chana1/Chana1_294.jpg,,chana1
train,chana1/Chana1_295.jpg,,chana1
train,chana1/Chana1_296.jpg,,chana1
train,chana1/Chana1_297.jpg,,chana1
train,chana1/Chana1_298.jpg,,chana1
train,chana1/Chana1_300.jpg,,chana1
train,chana1/Chana1_302.jpg,,chana1
train,chana1/Chana1_303.jpg,,chana1
train,chana1/Chana1_304.jpg,,chana1
train,chana1/Chana1_306.jpg,,chana1
train,chana1/Chana1_307.jpg,,chana1
train,chana1/Chana1_308.jpg,,chana1
train,chana1/Chana1_309.jpg,,chana1
train,chana1/Chana1_311.jpg,,chana1
train,chana1/Chana1_312.jpg,,chana1
train,chana1/Chana1_314.jpg,,chana1
train,chana1/Chana1_315.jpg,,chana1
train,chana1/Chana1_316.jpg,,chana1
train,chana1/Chana1_317.jpg,,chana1
train,chana1/Chana1_318.jpg,,chana1
train,chana1/Chana1_319.jpg,,chana1
train,chana1/Chana1_320.jpg,,chana1
train,chana1/Chana1_321.jpg,,chana1
train,chana1/Chana1_322.jpg,,chana1
train,chana1/Chana1_323.jpg,,chana1
train,chana1/Chana1_324.jpg,,chana1
train,chana1/Chana1_325.jpg,,chana1
train,chana1/Chana1_326.jpg,,chana1
train,chana1/Chana1_327.jpg,,chana1
train,chana1/Chana1_328.jpg,,chana1
train,chana1/Chana1_329.jpg,,chana1
train,chana1/Chana1_330.jpg,,chana1
train,chana1/Chana1_331.jpg,,chana1
train,chana1/Chana1_332.jpg,,chana1
train,chana1/Chana1_333.jpg,,chana1
train,chana1/Chana1_335.jpg,,chana1
train,chana1/Chana1_336.jpg,,chana1
train,chana1/Chana1_337.jpg,,chana1
train,chana1/Chana1_338.jpg,,chana1
train,chana1/Chana1_340.jpg,,chana1
train,chana1/Chana1_341.jpg,,chana1
train,chana1/Chana1_342.jpg,,chana1
train,chana1/Chana1_344.jpg,,chana1
train,chana1/Chana1_345.jpg,,chana1
train,chana1/Chana1_347.jpg,,chana1
train,chana1/Chana1_349.jpg,,chana1
train,chana1/Chana1_350.jpg,,chana1
train,chana1/Chana1_352.jpg,,chana1
train,chana1/Chana1_353.jpg,,chana1
train,chana1/Chana1_354.jpg,,chana1
train,chana1/Chana1_355.jpg,,chana1
train,chana1/Chana1_357.jpg,,chana1
train,chana1/Chana1_358.jpg,,chana1
train,chana1/Chana1_359.jpg,,chana1
train,chana1/Chana1_360.jpg,,chana1
train,chana1/Chana1_361.jpg,,chana1
train,chana1/Chana1_362.jpg,,chana1
train,chana1/Chana1_363.jpg,,chana1
train,chana1/Chana1_364.jpg,,chana1
train,chana1/Chana1_365.jpg,,chana1
train,chana1/Chana1_366.jpg,,chana1
train,chana1/Chana1_367.jpg,,chana1
train,chana1/Chana1_368.jpg,,chana1
train,chana1/Chana1_369.jpg,,chana1
train,chana1/Chana1_370.jpg,,chana1
train,chana1/Chana1_371.jpg,,chana1
train,chana1/Chana1_372.jpg,,chana1
train,chana1/Chana1_373.jpg,,chana1
train,chana1/Chana1_374.jpg,,chana1
train,chana1/Chana1_375.jpg,,chana1
train,chana1/Chana1_376.jpg,,chana1
train,chana1/Chana1_377.jpg,,chana1
train,chana1/Chana1_378.jpg,,chana1
train,chana1/Chana1_379.jpg,,chana1
train,chana1/Chana1_381.jpg,,chana1
train,chana1/Chana1_382.jpg,,chana1
train,chana1/Chana1_383.jpg,,chana1
train,chana1/Chana1_385.jpg,,chana1
train,chana1/Chana1_387.jpg,,chana1
train,chana1/Chana1_388.jpg,,chana1
train,chana1/Chana1_389.jpg,,chana1
train,chana1/Chana1_390.jpg,,chana1
train,chana1/Chana1_391.jpg,,chana1
train,chana1/Chana1_392.jpg,,chana1
train,chana1/Chana1_393.jpg,,chana1
train,chana1/Chana1_394.jpg,,chana1
train,chana1/Chana1_397.jpg,,chana1
train,chana1/Chana1_399.jpg,,chana1
train,chana1/Chana1_400.jpg,,chana1
train,chana1/Chana1_401.jpg,,chana1
train,chana1/Chana1_402.jpg,,chana1
train,chana1/Chana1_403.jpg,,chana1
train,chana1/Chana1_404.jpg,,chana1
train,chana1/Chana1_405.jpg,,chana1
train,chana1/Chana1_407.jpg,,chana1
train,chana1/Chana1_408.jpg,,chana1
train,chana1/Chana1_409.jpg,,chana1
train,chana1/Chana1_410.jpg,,chana1
train,chana1/Chana1_411.jpg,,chana1
train,chana1/Chana1_412.jpg,,chana1
train,chana1/Chana1_413.jpg,,chana1
train,chana1/Chana1_414.jpg,,chana1
train,chana1/Chana1_415.jpg,,chana1
train,chana1/Chana1_417.jpg,,chana1
train,chana1/Chana1_418.jpg,,chana1
train,chana1/Chana1_419.jpg,,chana1
train,chana1/Chana1_420.jpg,,chana1
train,chana1/Chana1_422.jpg,,chana1
train,chana1/Chana1_423.jpg,,chana1
train,chana1/Chana1_425.jpg,,chana1
train,chana1/Chana1_426.jpg,,chana1
train,chana1/Chana1_427.jpg,,chana1
train,chana1/Chana1_428.jpg,,chana1
train,chana1/Chana1_431.jpg,,chana1
train,chana1/Chana1_432.jpg,,chana1
train,chana1/Chana1_434.jpg,,chana1
train,chana1/Chana1_435.jpg,,chana1
train,chana1/Chana1_436.jpg,,chana1
train,chana1/Chana1_437.jpg,,chana1
train,chana1/Chana1_438.jpg,,chana1
train,chana1/Chana1_440.jpg,,chana1
train,chana1/Chana1_441.jpg,,chana1
train,chana1/Chana1_442.jpg,,chana1
train,chana1/Chana1_443.jpg,,chana1
train,chana1/Chana1_445.jpg,,chana1
train,chana1/Chana1_446.jpg,,chana1
train,chana1/Chana1_447.jpg,,chana1
train,chana1/Chana1_448.jpg,,chana1
train,chana1/Chana1_449.jpg,,chana1
train,chana1/Chana1_450.jpg,,chana1
train,chana1/Chana1_451.jpg,,chana1
train,chana1/Chana1_453.jpg,,chana1
train,chana1/Chana1_454.jpg,,chana1
train,chana1/Chana1_455.jpg,,chana1
train,chana1/Chana1_456.jpg,,chana1
train,chana1/Chana1_457.jpg,,chana1
train,chana1/Chana1_458.jpg,,chana1
train,chana1/Chana1_459.jpg,,chana1
train,chana1/Chana1_460.jpg,,chana1
train,chana1/Chana1_463.jpg,,chana1
train,chana1/Chana1_464.jpg,,chana1
train,chana1/Chana1_465.jpg,,chana1
train,chana1/Chana1_466.jpg,,chana1
train,chana1/Chana1_467.jpg,,chana1
train,chana1/Chana1_468.jpg,,chana1
train,chana1/Chana1_469.jpg,,chana1
train,chana1/Chana1_470.jpg,,chana1
train,chana1/Chana1_471.jpg,,chana1
train,chana1/Chana1_472.jpg,,chana1
train,chana1/Chana1_473.jpg,,chana1
train,chana1/Chana1_474.jpg,,chana1
train,chana1/Chana1_476.jpg,,chana1
train,chana1/Chana1_477.jpg,,chana1
train,chana1/Chana1_479.jpg,,chana1
train,chana1/Chana1_480.jpg,,chana1
train,chana1/Chana1_481.jpg,,chana1
train,chana1/Chana1_482.jpg,,chana1
train,chana1/Chana1_484.jpg,,chana1
train,chana1/Chana1_485.jpg,,chana1
train,chana1/Chana1_486.jpg,,chana1
train,chana1/Chana1_488.jpg,,chana1
train,chana1/Chana1_490.jpg,,chana1
train,chana1/Chana1_491.jpg,,chana1
train,chana1/Chana1_495.jpg,,chana1
train,chana1/Chana1_499.jpg,,chana1
train,chana2/Chana2_001.jpg,,chana2
train,chana2/Chana2_002.jpg,,chana2
train,chana2/Chana2_003.jpg,,chana2
train,chana2/Chana2_004.jpg,,chana2
train,chana2/Chana2_006.jpg,,chana2
train,chana2/Chana2_007.jpg,,chana2
train,chana2/Chana2_008.jpg,,chana2
train,chana2/Chana2_009.jpg,,chana2
train,chana2/Chana2_010.jpg,,chana2
train,chana2/Chana2_012.jpg,,chana2
train,chana2/Chana2_013.jpg,,chana2
train,chana2/Chana2_014.jpg,,chana2
train,chana2/Chana2_015.jpg,,chana2
train,chana2/Chana2_016.jpg,,chana2
train,chana2/Chana2_017.jpg,,chana2
train,chana2/Chana2_019.jpg,,chana2
train,chana2/Chana2_020.jpg,,chana2
train,chana2/Chana2_021.jpg,,chana2
train,chana2/Chana2_022.jpg,,chana2
train,chana2/Chana2_023.jpg,,chana2
train,chana2/Chana2_024.jpg,,chana2
train,chana2/Chana2_025.jpg,,chana2
train,chana2/Chana2_026.jpg,,chana2
train,chana2/Chana2_027.jpg,,chana2
train,chana2/Chana2_030.jpg,,chana2
train,chana2/Chana2_031.jpg,,chana2
train,chana2/Chana2_032.jpg,,chana2
train,chana2/Chana2_034.jpg,,chana2
train,chana2/Chana2_035.jpg,,chana2
train,chana2/Chana2_036.jpg,,chana2
train,chana2/Chana2_037.jpg,,chana2
train,chana2/Chana2_038.jpg,,chana2
train,chana2/Chana2_039.jpg,,chana2
train,chana2/Chana2_040.jpg,,chana2
train,chana2/Chana2_041.jpg,,chana2
train,chana2/Chana2_042.jpg,,chana2
train,chana2/Chana2_043.jpg,,chana2
train,chana2/Chana2_044.jpg,,chana2
train,chana2/Chana2_045.jpg,,chana2
train,chana2/Chana2_046.jpg,,chana2
train,chana2/Chana2_048.jpg,,chana2
train,chana2/Chana2_049.jpg,,chana2
train,chana2/Chana2_050.jpg,,chana2
train,chana2/Chana2_051.jpg,,chana2
train,chana2/Chana2_052.jpg,,chana2
train,chana2/Chana2_053.jpg,,chana2
train,chana2/Chana2_054.jpg,,chana2
train,chana2/Chana2_056.jpg,,chana2
train,chana2/Chana2_057.jpg,,chana2
train,chana2/Chana2_059.jpg,,chana2
train,chana2/Chana2_060.jpg,,chana2
train,chana2/Chana2_061.jpg,,chana2
train,chana2/Chana2_064.jpg,,chana2
train,chana2/Chana2_065.jpg,,chana2
train,chana2/Chana2_066.jpg,,chana2
train,chana2/Chana2_067.jpg,,chana2
train,chana2/Chana2_068.jpg,,chana2
train,chana2/Chana2_069.jpg,,chana2
train,chana2/Chana2_070.jpg,,chana2
train,chana2/Chana2_071.jpg,,chana2
train,chana2/Chana2_073.jpg,,chana2
train,chana2/Chana2_076.jpg,,chana2
train,chana2/Chana2_077.jpg,,chana2
train,chana2/Chana2_078.jpg,,chana2
train,chana2/Chana2_079.jpg,,chana2
train,chana2/Chana2_080.jpg,,chana2
train,chana2/Chana2_081.jpg,,chana2
train,chana2/Chana2_082.jpg,,chana2
train,chana2/Chana2_083.jpg,,chana2
train,chana2/Chana2_084.jpg,,chana2
train,chana2/Chana2_085.jpg,,chana2
train,chana2/Chana2_086.jpg,,chana2
train,chana2/Chana2_087.jpg,,chana2
train,chana2/Chana2_088.jpg,,chana2
train,chana2/Chana2_089.jpg,,chana2
train,chana2/Chana2_091.jpg,,chana2
train,chana2/Chana2_092.jpg,,chana2
train,chana2/Chana2_093.jpg,,chana2
train,chana2/Chana2_094.jpg,,chana2
train,chana2/Chana2_095.jpg,,chana2
train,chana2/Chana2_096.jpg,,chana2
train,chana2/Chana2_097.jpg,,chana2
train,chana2/Chana2_098.jpg,,chana2
train,chana2/Chana2_099.jpg,,chana2
train,chana2/Chana2_100.jpg,,chana2
train,chana2/Chana2_101.jpg,,chana2
train,chana2/Chana2_102.jpg,,chana2
train,chana2/Chana2_103.jpg,,chana2
train,chana2/Chana2_104.jpg,,chana2
train,chana2/Chana2_105.jpg,,chana2
train,chana2/Chana2_106.jpg,,chana2
train,chana2/Chana2_107.jpg,,chana2
train,chana2/Chana2_108.jpg,,chana2
train,chana2/Chana2_109.jpg,,chana2
train,chana2/Chana2_111.jpg,,chana2
train,chana2/Chana2_113.jpg,,chana2
train,chana2/Chana2_114.jpg,,chana2
train,chana2/Chana2_115.jpg,,chana2
train,chana2/Chana2_116.jpg,,chana2
train,chana2/Chana2_117.jpg,,chana2
train,chana2/Chana2_118.jpg,,chana2
train,chana2/Chana2_119.jpg,,chana2
train,chana2/Chana2_120.jpg,,chana2
train,chana2/Chana2_124.jpg,,chana2
train,chana2/Chana2_125.jpg,,chana2
train,chana2/Chana2_126.jpg,,chana2
train,chana2/Chana2_128.jpg,,chana2
train,chana2/Chana2_132.jpg,,chana2
train,chana2/Chana2_133.jpg,,chana2
train,chana2/Chana2_134.jpg,,chana2
train,chana2/Chana2_135.jpg,,chana2
train,chana2/Chana2_136.jpg,,chana2
train,chana2/Chana2_137.jpg,,chana2
train,chana2/Chana2_138.jpg,,chana2
train,chana2/Chana2_139.jpg,,chana2
train,chana2/Chana2_140.jpg,,chana2
train,chana2/Chana2_142.jpg,,chana2
train,chana2/Chana2_144.jpg,,chana2
train,chana2/Chana2_145.jpg,,chana2
train,chana2/Chana2_146.jpg,,chana2
train,chana2/Chana2_147.jpg,,chana2
train,chana2/Chana2_148.jpg,,chana2
train,chana2/Chana2_149.jpg,,chana2
train,chana2/Chana2_150.jpg,,chana2
train,chana2/Chana2_151.jpg,,chana2
train,chana2/Chana2_152.jpg,,chana2
train,chana2/Chana2_154.jpg,,chana2
train,chana2/Chana2_155.jpg,,chana2
train,chana2/Chana2_156.jpg,,chana2
train,chana2/Chana2_157.jpg,,chana2
train,chana2/Chana2_160.jpg,,chana2
train,chana2/Chana2_162.jpg,,chana2
train,chana2/Chana2_164.jpg,,chana2
train,chana2/Chana2_165.jpg,,chana2
train,chana2/Chana2_166.jpg,,chana2
train,chana2/Chana2_167.jpg,,chana2
train,chana2/Chana2_168.jpg,,chana2
train,chana2/Chana2_170.jpg,,chana2
train,chana2/Chana2_171.jpg,,chana2
train,chana2/Chana2_172.jpg,,chana2
train,chana2/Chana2_173.jpg,,chana2
train,chana2/Chana2_174.jpg,,chana2
train,chana2/Chana2_175.jpg,,chana2
train,chana2/Chana2_176.jpg,,chana2
train,chana2/Chana2_177.jpg,,chana2
train,chana2/Chana2_178.jpg,,chana2
train,chana2/Chana2_179.jpg,,chana2
train,chana2/Chana2_180.jpg,,chana2
train,chana2/Chana2_181.jpg,,chana2
train,chana2/Chana2_182.jpg,,chana2
train,chana2/Chana2_184.jpg,,chana2
train,chana2/Chana2_186.jpg,,chana2
train,chana2/Chana2_188.jpg,,chana2
train,chana2/Chana2_194.jpg,,chana2
train,chana2/Chana2_199.jpg,,chana2
train,chana2/Chana2_203.jpg,,chana2
train,chana2/Chana2_209.jpg,,chana2
train,chana2/Chana2_211.jpg,,chana2
train,chana2/Chana2_213.jpg,,chana2
train,chana2/Chana2_216.jpg,,chana2
train,chana2/Chana2_224.jpg,,chana2
train,chana2/Chana2_231.jpg,,chana2
train,chana2/Chana2_235.jpg,,chana2
train,chana2/Chana2_238.jpg,,chana2
train,chana2/Chana2_243.jpg,,chana2
train,chana2/Chana2_245.jpg,,chana2
train,chana2/Chana2_247.jpg,,chana2
train,chana2/Chana2_251.jpg,,chana2
train,chana2/Chana2_262.jpg,,chana2
train,chana2/Chana2_264.jpg,,chana2
train,chana2/Chana2_268.jpg,,chana2
train,chana2/Chana2_272.jpg,,chana2
train,chana2/Chana2_274.jpg,,chana2
train,chana2/Chana2_275.jpg,,chana2
train,chana2/Chana2_281.jpg,,chana2
train,chana2/Chana2_288.jpg,,chana2
train,chana2/Chana2_292.jpg,,chana2
train,chana2/Chana2_295.jpg,,chana2
train,chana2/Chana2_297.jpg,,chana2
train,chana2/Chana2_299.jpg,,chana2
train,chana2/Chana2_303.jpg,,chana2
train,chana2/Chana2_309.jpg,,chana2
train,chana2/Chana2_312.jpg,,chana2
train,chana2/Chana2_313.jpg,,chana2
train,chana2/Chana2_314.jpg,,chana2
train,chana2/Chana2_315.jpg,,chana2
train,chana2/Chana2_316.jpg,,chana2
train,chana2/Chana2_317.jpg,,chana2
train,chana2/Chana2_318.jpg,,chana2
train,chana2/Chana2_319.jpg,,chana2
train,chana2/Chana2_320.jpg,,chana2
train,chana2/Chana2_321.jpg,,chana2
train,chana2/Chana2_322.jpg,,chana2
train,chana2/Chana2_323.jpg,,chana2
train,chana2/Chana2_324.jpg,,chana2
train,chana2/Chana2_325.jpg,,chana2
train,chana2/Chana2_326.jpg,,chana2
train,chana2/Chana2_327.jpg,,chana2
train,chana2/Chana2_329.jpg,,chana2
train,chana2/Chana2_330.jpg,,chana2
train,chana2/Chana2_331.jpg,,chana2
train,chana2/Chana2_332.jpg,,chana2
train,chana2/Chana2_333.jpg,,chana2
train,chana2/Chana2_334.jpg,,chana2
train,chana2/Chana2_335.jpg,,chana2
train,chana2/Chana2_337.jpg,,chana2
train,chana2/Chana2_338.jpg,,chana2
train,chana2/Chana2_340.jpg,,chana2
train,chana2/Chana2_342.jpg,,chana2
train,chana2/Chana2_343.jpg,,chana2
train,chana2/Chana2_344.jpg,,chana2
train,chana2/Chana2_345.jpg,,chana2
train,chana2/Chana2_346.jpg,,chana2
train,chana2/Chana2_347.jpg,,chana2
train,chana2/Chana2_348.jpg,,chana2
train,chana2/Chana2_349.jpg,,chana2
train,chana2/Chana2_350.jpg,,chana2
train,chana2/Chana2_351.jpg,,chana2
train,chana2/Chana2_354.jpg,,chana2
train,chana2/Chana2_355.jpg,,chana2
train,chana2/Chana2_356.jpg,,chana2
train,chana2/Chana2_357.jpg,,chana2
train,chana2/Chana2_359.jpg,,chana2
train,chana2/Chana2_360.jpg,,chana2
train,chana2/Chana2_361.jpg,,chana2
train,chana2/Chana2_362.jpg,,chana2
train,chana2/Chana2_363.jpg,,chana2
train,chana2/Chana2_365.jpg,,chana2
train,chana2/Chana2_366.jpg,,chana2
train,chana2/Chana2_368.jpg,,chana2
train,chana2/Chana2_369.jpg,,chana2
train,chana2/Chana2_370.jpg,,chana2
train,chana2/Chana2_371.jpg,,chana2
train,chana2/Chana2_372.jpg,,chana2
train,chana2/Chana2_373.jpg,,chana2
train,chana2/Chana2_374.jpg,,chana2
train,chana2/Chana2_375.jpg,,chana2
train,chana2/Chana2_376.jpg,,chana2
train,chana2/Chana2_378.jpg,,chana2
train,chana2/Chana2_379.jpg,,chana2
train,chana2/Chana2_380.jpg,,chana2
train,chana2/Chana2_381.jpg,,chana2
train,chana2/Chana2_383.jpg,,chana2
train,chana2/Chana2_385.jpg,,chana2
train,chana2/Chana2_387.jpg,,chana2
train,chana2/Chana2_388.jpg,,chana2
train,chana2/Chana2_389.jpg,,chana2
train,chana2/Chana2_390.jpg,,chana2
train,chana2/Chana2_391.jpg,,chana2
train,chana2/Chana2_394.jpg,,chana2
train,chana2/Chana2_396.jpg,,chana2
train,chana2/Chana2_397.jpg,,chana2
train,chana2/Chana2_398.jpg,,chana2
train,chana2/Chana2_399.jpg,,chana2
train,chana2/Chana2_400.jpg,,chana2
train,chana2/Chana2_401.jpg,,chana2
train,chana2/Chana2_402.jpg,,chana2
train,chana2/Chana2_403.jpg,,chana2
train,chana2/Chana2_404.jpg,,chana2
train,chana2/Chana2_405.jpg,,chana2
train,chana2/Chana2_406.jpg,,chana2
train,chana2/Chana2_407.jpg,,chana2
train,chana2/Chana2_408.jpg,,chana2
train,chana2/Chana2_409.jpg,,chana2
train,chana2/Chana2_410.jpg,,chana2
train,chana2/Chana2_411.jpg,,chana2
train,chana2/Chana2_413.jpg,,chana2
train,chana2/Chana2_414.jpg,,chana2
train,chana2/Chana2_416.jpg,,chana2
train,chana2/Chana2_417.jpg,,chana2
train,chana2/Chana2_418.jpg,,chana2
train,chana2/Chana2_419.jpg,,chana2
train,chana2/Chana2_420.jpg,,chana2
train,chana2/Chana2_422.jpg,,chana2
train,chana2/Chana2_423.jpg,,chana2
train,chana2/Chana2_426.jpg,,chana2
train,chana2/Chana2_427.jpg,,chana2
train,chana2/Chana2_429.jpg,,chana2
train,chana2/Chana2_430.jpg,,chana2
train,chana2/Chana2_431.jpg,,chana2
train,chana2/Chana2_432.jpg,,chana2
train,chana2/Chana2_433.jpg,,chana2
train,chana2/Chana2_435.jpg,,chana2
train,chana2/Chana2_436.jpg,,chana2
train,chana2/Chana2_437.jpg,,chana2
train,chana2/Chana2_438.jpg,,chana2
train,chana2/Chana2_439.jpg,,chana2
train,chana2/Chana2_441.jpg,,chana2
train,chana2/Chana2_442.jpg,,chana2
train,chana2/Chana2_444.jpg,,chana2
train,chana2/Chana2_446.jpg,,chana2
train,chana2/Chana2_447.jpg,,chana2
train,chana2/Chana2_448.jpg,,chana2
train,chana2/Chana2_449.jpg,,chana2
train,chana2/Chana2_450.jpg,,chana2
train,chana2/Chana2_451.jpg,,chana2
train,chana2/Chana2_453.jpg,,chana2
train,chana2/Chana2_454.jpg,,chana2
train,chana2/Chana2_456.jpg,,chana2
train,chana2/Chana2_457.jpg,,chana2
train,chana2/Chana2_458.jpg,,chana2
train,chana2/Chana2_459.jpg,,chana2
train,chana2/Chana2_460.jpg,,chana2
train,chana2/Chana2_463.jpg,,chana2
train,chana2/Chana2_464.jpg,,chana2
train,chana2/Chana2_466.jpg,,chana2
train,chana2/Chana2_469.jpg,,chana2
train,chana2/Chana2_470.jpg,,chana2
train,chana2/Chana2_471.jpg,,chana2
train,chana2/Chana2_472.jpg,,chana2
train,chana2/Chana2_473.jpg,,chana2
train,chana2/Chana2_475.jpg,,chana2
train,chana2/Chana2_477.jpg,,chana2
train,chana2/Chana2_478.jpg,,chana2
train,chana2/Chana2_479.jpg,,chana2
train,chana2/Chana2_480.jpg,,chana2
train,chana2/Chana2_481.jpg,,chana2
train,chana2/Chana2_482.jpg,,chana2
train,chana2/Chana2_483.jpg,,chana2
train,chana2/Chana2_484.jpg,,chana2
train,chana2/Chana2_485.jpg,,chana2
train,chana2/Chana2_486.jpg,,chana2
train,chana2/Chana2_487.jpg,,chana2
train,chana2/Chana2_490.jpg,,chana2
train,chana2/Chana2_491.jpg,,chana2
train,chana2/Chana2_492.jpg,,chana2
train,chana2/Chana2_494.jpg,,chana2
train,chana2/Chana2_496.jpg,,chana2
train,chana2/Chana2_497.jpg,,chana2
train,chana2/Chana2_498.jpg,,chana2
train,chana2/Chana2_499.jpg,,chana2
train,chana2/Chana2_500.jpg,,chana2
val,Black_Beans/BlackBean_004.jpg,,Black_Beans
val,Black_Beans/BlackBean_013.jpg,,Black_Beans
val,Black_Beans/BlackBean_014.jpg,,Black_Beans
val,Black_Beans/BlackBean_017.jpg,,Black_Beans
val,Black_Beans/BlackBean_023.jpg,,Black_Beans
val,Black_Beans/BlackBean_041.jpg,,Black_Beans
val,Black_Beans/BlackBean_050.jpg,,Black_Beans
val,Black_Beans/BlackBean_052.jpg,,Black_Beans
val,Black_Beans/BlackBean_058.jpg,,Black_Beans
val,Black_Beans/BlackBean_080.jpg,,Black_Beans
val,Black_Beans/BlackBean_082.jpg,,Black_Beans
val,Black_Beans/BlackBean_099.jpg,,Black_Beans
val,Black_Beans/BlackBean_111.jpg,,Black_Beans
val,Black_Beans/BlackBean_177.jpg,,Black_Beans
val,Black_Beans/BlackBean_194.jpg,,Black_Beans
val,Black_Beans/BlackBean_230.jpg,,Black_Beans
val,Black_Beans/BlackBean_288.jpg,,Black_Beans
val,Black_Beans/BlackBean_332.jpg,,Black_Beans
val,Black_Beans/BlackBean_380.jpg,,Black_Beans
val,Black_Beans/BlackBean_444.jpg,,Black_Beans
val,Black_Beans/BlackBean_453.jpg,,Black_Beans
val,Black_Beans/BlackBean_459.jpg,,Black_Beans
val,Black_Beans/BlackBean_471.jpg,,Black_Beans
val,Black_Beans/BlackBean_479.jpg,,Black_Beans
val,Black_Beans/BlackBean_497.jpg,,Black_Beans
val,Black_EyedPea/BlackEyedPea_001.jpg,,Black_EyedPea
val,Black_EyedPea/BlackEyedPea_025.jpg,,Black_EyedPea
val,Black_EyedPea/BlackEyedPea_035.jpg,,Black_EyedPea
val,Black_EyedPea/BlackEyedPea_166.jpg,,Black_EyedPea
val,Black_EyedPea/BlackEyedPea_182.jpg,,Black_EyedPea
val,Black_EyedPea/BlackEyedPea_195.jpg,,Black_EyedPea
val,Black_EyedPea/BlackEyedPea_228.jpg,,Black_EyedPea
val,Black_EyedPea/BlackEyedPea_233.jpg,,Black_EyedPea
val,Black_EyedPea/BlackEyedPea_249.jpg,,Black_EyedPea
val,Black_EyedPea/BlackEyedPea_251.jpg,,Black_EyedPea
val,Black_EyedPea/BlackEyedPea_252.jpg,,Black_EyedPea
val,Black_EyedPea/BlackEyedPea_253.jpg,,Black_EyedPea
val,Black_EyedPea/BlackEyedPea_256.jpg,,Black_EyedPea
val,Black_EyedPea/BlackEyedPea_258.jpg,,Black_EyedPea
val,Black_EyedPea/BlackEyedPea_262.jpg,,Black_EyedPea
val,Black_EyedPea/BlackEyedPea_265.jpg,,Black_EyedPea
val,Black_EyedPea/BlackEyedPea_277.jpg,,Black_EyedPea
val,Black_EyedPea/BlackEyedPea_292.jpg,,Black_EyedPea
val,Black_EyedPea/BlackEyedPea_295.jpg,,Black_EyedPea
val,Black_EyedPea/BlackEyedPea_302.jpg,,Black_EyedPea
val,Black_EyedPea/BlackEyedPea_304.jpg,,Black_EyedPea
val,Black_EyedPea/BlackEyedPea_305.jpg,,Black_EyedPea
val,Black_EyedPea/BlackEyedPea_336.jpg,,Black_EyedPea
val,Black_EyedPea/BlackEyedPea_357.jpg,,Black_EyedPea
val,Black_EyedPea/BlackEyedPea_358.jpg,,Black_EyedPea
val,Black_EyedPea/BlackEyedPea_372.jpg,,Black_EyedPea
val,Black_EyedPea/BlackEyedPea_373.jpg,,Black_EyedPea
val,Black_EyedPea/BlackEyedPea_378.jpg,,Black_EyedPea
val,Black_EyedPea/BlackEyedPea_389.jpg,,Black_EyedPea
val,Black_EyedPea/BlackEyedPea_413.jpg,,Black_EyedPea
val,Black_EyedPea/BlackEyedPea_417.jpg,,Black_EyedPea
val,Black_EyedPea/BlackEyedPea_423.jpg,,Black_EyedPea
val,Black_EyedPea/BlackEyedPea_426.jpg,,Black_EyedPea
val,Black_EyedPea/BlackEyedPea_437.jpg,,Black_EyedPea
val,Black_EyedPea/BlackEyedPea_438.jpg,,Black_EyedPea
val,Black_EyedPea/BlackEyedPea_439.jpg,,Black_EyedPea
val,Black_EyedPea/BlackEyedPea_441.jpg,,Black_EyedPea
val,Black_EyedPea/BlackEyedPea_445.jpg,,Black_EyedPea
val,Black_EyedPea/BlackEyedPea_467.jpg,,Black_EyedPea
val,Black_EyedPea/BlackEyedPea_469.jpg,,Black_EyedPea
val,Black_EyedPea/BlackEyedPea_471.jpg,,Black_EyedPea
val,Black_EyedPea/BlackEyedPea_476.jpg,,Black_EyedPea
val,Black_EyedPea/BlackEyedPea_477.jpg,,Black_EyedPea
val,Black_EyedPea/BlackEyedPea_478.jpg,,Black_EyedPea
val,Black_EyedPea/BlackEyedPea_479.jpg,,Black_EyedPea
val,Black_EyedPea/BlackEyedPea_490.jpg,,Black_EyedPea
val,Black_EyedPea/BlackEyedPea_492.jpg,,Black_EyedPea
val,Black_EyedPea/BlackEyedPea_493.jpg,,Black_EyedPea
val,Brown_Chickpea/BrownChickPea_003.jpg,,Brown_Chickpea
val,Brown_Chickpea/BrownChickPea_035.jpg,,Brown_Chickpea
val,Brown_Chickpea/BrownChickPea_038.jpg,,Brown_Chickpea
val,Brown_Chickpea/BrownChickPea_039.jpg,,Brown_Chickpea
val,Brown_Chickpea/BrownChickPea_040.jpg,,Brown_Chickpea
val,Brown_Chickpea/BrownChickPea_045.jpg,,Brown_Chickpea
val,Brown_Chickpea/BrownChickPea_052.jpg,,Brown_Chickpea
val,Brown_Chickpea/BrownChickPea_062.jpg,,Brown_Chickpea
val,Brown_Chickpea/BrownChickPea_074.jpg,,Brown_Chickpea
val,Brown_Chickpea/BrownChickPea_090.jpg,,Brown_Chickpea
val,Brown_Chickpea/BrownChickPea_108.jpg,,Brown_Chickpea
val,Brown_Chickpea/BrownChickPea_110.jpg,,Brown_Chickpea
val,Brown_Chickpea/BrownChickPea_121.jpg,,Brown_Chickpea
val,Brown_Chickpea/BrownChickPea_125.jpg,,Brown_Chickpea
val,Brown_Chickpea/BrownChickPea_130.jpg,,Brown_Chickpea
val,Brown_Chickpea/BrownChickPea_138.jpg,,Brown_Chickpea
val,Brown_Chickpea/BrownChickPea_139.jpg,,Brown_Chickpea
val,Brown_Chickpea/BrownChickPea_148.jpg,,Brown_Chickpea
val,Brown_Chickpea/BrownChickPea_150.jpg,,Brown_Chickpea
val,Brown_Chickpea/BrownChickPea_152.jpg,,Brown_Chickpea
val,Brown_Chickpea/BrownChickPea_158.jpg,,Brown_Chickpea
val,Brown_Chickpea/BrownChickPea_159.jpg,,Brown_Chickpea
val,Brown_Chickpea/BrownChickPea_208.jpg,,Brown_Chickpea
val,Brown_Chickpea/BrownChickPea_212.jpg,,Brown_Chickpea
val,Brown_Chickpea/BrownChickPea_216.jpg,,Brown_Chickpea
val,Brown_Chickpea/BrownChickPea_220.jpg,,Brown_Chickpea
val,Brown_Chickpea/BrownChickPea_222.jpg,,Brown_Chickpea
val,Brown_Chickpea/BrownChickPea_234.jpg,,Brown_Chickpea
val,Brown_Chickpea/BrownChickPea_255.jpg,,Brown_Chickpea
val,Brown_Chickpea/BrownChickPea_271.jpg,,Brown_Chickpea
val,Brown_Chickpea/BrownChickPea_282.jpg,,Brown_Chickpea
val,Brown_Chickpea/BrownChickPea_286.jpg,,Brown_Chickpea
val,Brown_Chickpea/BrownChickPea_295.jpg,,Brown_Chickpea
val,Brown_Chickpea/BrownChickPea_299.jpg,,Brown_Chickpea
val,Brown_Chickpea/BrownChickPea_308.jpg,,Brown_Chickpea
val,Brown_Chickpea/BrownChickPea_316.jpg,,Brown_Chickpea
val,Brown_Chickpea/BrownChickPea_320.jpg,,Brown_Chickpea
val,Brown_Chickpea/BrownChickPea_321.jpg,,Brown_Chickpea
val,Brown_Chickpea/BrownChickPea_324.jpg,,Brown_Chickpea
val,Brown_Chickpea/BrownChickPea_326.jpg,,Brown_Chickpea
val,Brown_Chickpea/BrownChickPea_335.jpg,,Brown_Chickpea
val,Brown_Chickpea/BrownChickPea_342.jpg,,Brown_Chickpea
val,Brown_Chickpea/BrownChickPea_363.jpg,,Brown_Chickpea
val,Brown_Chickpea/BrownChickPea_365.jpg,,Brown_Chickpea
val,Brown_Chickpea/BrownChickPea_382.jpg,,Brown_Chickpea
val,Brown_Chickpea/BrownChickPea_394.jpg,,Brown_Chickpea
val,Brown_Chickpea/BrownChickPea_407.jpg,,Brown_Chickpea
val,Brown_Chickpea/BrownChickPea_408.jpg,,Brown_Chickpea
val,Brown_Chickpea/BrownChickPea_419.jpg,,Brown_Chickpea
val,Brown_Chickpea/BrownChickPea_424.jpg,,Brown_Chickpea
val,Brown_Chickpea/BrownChickPea_439.jpg,,Brown_Chickpea
val,Brown_Chickpea/BrownChickPea_444.jpg,,Brown_Chickpea
val,Brown_Chickpea/BrownChickPea_445.jpg,,Brown_Chickpea
val,Brown_Chickpea/BrownChickPea_459.jpg,,Brown_Chickpea
val,Brown_Chickpea/BrownChickPea_463.jpg,,Brown_Chickpea
val,Brown_Chickpea/BrownChickPea_477.jpg,,Brown_Chickpea
val,Brown_Chickpea/BrownChickPea_480.jpg,,Brown_Chickpea
val,Brown_Chickpea/BrownChickPea_488.jpg,,Brown_Chickpea
val,Desi_chickpea/DesiChickPea_002.jpg,,Desi_chickpea
val,Desi_chickpea/DesiChickPea_008.jpg,,Desi_chickpea
val,Desi_chickpea/DesiChickPea_009.jpg,,Desi_chickpea
val,Desi_chickpea/DesiChickPea_011.jpg,,Desi_chickpea
val,Desi_chickpea/DesiChickPea_014.jpg,,Desi_chickpea
val,Desi_chickpea/DesiChickPea_023.jpg,,Desi_chickpea
val,Desi_chickpea/DesiChickPea_036.jpg,,Desi_chickpea
val,Desi_chickpea/DesiChickPea_047.jpg,,Desi_chickpea
val,Desi_chickpea/DesiChickPea_057.jpg,,Desi_chickpea
val,Desi_chickpea/DesiChickPea_063.jpg,,Desi_chickpea
val,Desi_chickpea/DesiChickPea_065.jpg,,Desi_chickpea
val,Desi_chickpea/DesiChickPea_068.jpg,,Desi_chickpea
val,Desi_chickpea/DesiChickPea_075.jpg,,Desi_chickpea
val,Desi_chickpea/DesiChickPea_076.jpg,,Desi_chickpea
val,Desi_chickpea/DesiChickPea_090.jpg,,Desi_chickpea
val,Desi_chickpea/DesiChickPea_098.jpg,,Desi_chickpea
val,Desi_chickpea/DesiChickPea_106.jpg,,Desi_chickpea
val,Desi_chickpea/DesiChickPea_111.jpg,,Desi_chickpea
val,Desi_chickpea/DesiChickPea_114.jpg,,Desi_chickpea
val,Desi_chickpea/DesiChickPea_120.jpg,,Desi_chickpea
val,Desi_chickpea/DesiChickPea_121.jpg,,Desi_chickpea
val,Desi_chickpea/DesiChickPea_122.jpg,,Desi_chickpea
val,Desi_chickpea/DesiChickPea_129.jpg,,Desi_chickpea
val,Desi_chickpea/DesiChickPea_166.jpg,,Desi_chickpea
val,Desi_chickpea/DesiChickPea_169.jpg,,Desi_chickpea
val,Desi_chickpea/DesiChickPea_171.jpg,,Desi_chickpea
val,Desi_chickpea/DesiChickPea_184.jpg,,Desi_chickpea
val,Desi_chickpea/DesiChickPea_189.jpg,,Desi_chickpea
val,Desi_chickpea/DesiChickPea_216.jpg,,Desi_chickpea
val,Desi_chickpea/DesiChickPea_228.jpg,,Desi_chickpea
val,Desi_chickpea/DesiChickPea_230.jpg,,Desi_chickpea
val,Desi_chickpea/DesiChickPea_233.jpg,,Desi_chickpea
val,Desi_chickpea/DesiChickPea_244.jpg,,Desi_chickpea
val,Desi_chickpea/DesiChickPea_258.jpg,,Desi_chickpea
val,Desi_chickpea/DesiChickPea_263.jpg,,Desi_chickpea
val,Desi_chickpea/DesiChickPea_270.jpg,,Desi_chickpea
val,Desi_chickpea/DesiChickPea_277.jpg,,Desi_chickpea
val,Desi_chickpea/DesiChickPea_279.jpg,,Desi_chickpea
val,Desi_chickpea/DesiChickPea_284.jpg,,Desi_chickpea
val,Desi_chickpea/DesiChickPea_290.jpg,,Desi_chickpea
val,Desi_chickpea/DesiChickPea_301.jpg,,Desi_chickpea
val,Desi_chickpea/DesiChickPea_304.jpg,,Desi_chickpea
val,Desi_chickpea/DesiChickPea_306.jpg,,Desi_chickpea
val,Desi_chickpea/DesiChickPea_329.jpg,,Desi_chickpea
val,Desi_chickpea/DesiChickPea_331.jpg,,Desi_chickpea
val,Desi_chickpea/DesiChickPea_339.jpg,,Desi_chickpea
val,Desi_chickpea/DesiChickPea_340.jpg,,Desi_chickpea
val,Desi_chickpea/DesiChickPea_352.jpg,,Desi_chickpea
val,Desi_chickpea/DesiChickPea_354.jpg,,Desi_chickpea
val,Desi_chickpea/DesiChickPea_380.jpg,,Desi_chickpea
val,Desi_chickpea/DesiChickPea_382.jpg,,Desi_chickpea
val,Desi_chickpea/DesiChickPea_392.jpg,,Desi_chickpea
val,Desi_chickpea/DesiChickPea_399.jpg,,Desi_chickpea
val,Desi_chickpea/DesiChickPea_402.jpg,,Desi_chickpea
val,Desi_chickpea/DesiChickPea_404.jpg,,Desi_chickpea
val,Desi_chickpea/DesiChickPea_417.jpg,,Desi_chickpea
val,Desi_chickpea/DesiChickPea_422.jpg,,Desi_chickpea
val,Desi_chickpea/DesiChickPea_425.jpg,,Desi_chickpea
val,Desi_chickpea/DesiChickPea_435.jpg,,Desi_chickpea
val,Desi_chickpea/DesiChickPea_438.jpg,,Desi_chickpea
val,Desi_chickpea/DesiChickPea_440.jpg,,Desi_chickpea
val,Desi_chickpea/DesiChickPea_448.jpg,,Desi_chickpea
val,Desi_chickpea/DesiChickPea_462.jpg,,Desi_chickpea
val,Desi_chickpea/DesiChickPea_465.jpg,,Desi_chickpea
val,Desi_chickpea/DesiChickPea_468.jpg,,Desi_chickpea
val,Desi_chickpea/DesiChickPea_471.jpg,,Desi_chickpea
val,Desi_chickpea/DesiChickPea_482.jpg,,Desi_chickpea
val,Desi_chickpea/DesiChickPea_492.jpg,,Desi_chickpea
val,Desi_chickpea/DesiChickPea_493.jpg,,Desi_chickpea
val,Desi_chickpea/DesiChickPea_497.jpg,,Desi_chickpea
val,Horse_Gram/HorseGram_004.jpg,,Horse_Gram
val,Horse_Gram/HorseGram_015.jpg,,Horse_Gram
val,Horse_Gram/HorseGram_016.jpg,,Horse_Gram
val,Horse_Gram/HorseGram_028.jpg,,Horse_Gram
val,Horse_Gram/HorseGram_029.jpg,,Horse_Gram
val,Horse_Gram/HorseGram_042.jpg,,Horse_Gram
val,Horse_Gram/HorseGram_043.jpg,,Horse_Gram
val,Horse_Gram/HorseGram_044.jpg,,Horse_Gram
val,Horse_Gram/HorseGram_052.jpg,,Horse_Gram
val,Horse_Gram/HorseGram_054.jpg,,Horse_Gram
val,Horse_Gram/HorseGram_065.jpg,,Horse_Gram
val,Horse_Gram/HorseGram_072.jpg,,Horse_Gram
val,Horse_Gram/HorseGram_073.jpg,,Horse_Gram
val,Horse_Gram/HorseGram_076.jpg,,Horse_Gram
val,Horse_Gram/HorseGram_078.jpg,,Horse_Gram
val,Horse_Gram/HorseGram_084.jpg,,Horse_Gram
val,Horse_Gram/HorseGram_101.jpg,,Horse_Gram
val,Horse_Gram/HorseGram_104.jpg,,Horse_Gram
val,Horse_Gram/HorseGram_112.jpg,,Horse_Gram
val,Horse_Gram/HorseGram_115.jpg,,Horse_Gram
val,Horse_Gram/HorseGram_116.jpg,,Horse_Gram
val,Horse_Gram/HorseGram_122.jpg,,Horse_Gram
val,Horse_Gram/HorseGram_124.jpg,,Horse_Gram
val,Horse_Gram/HorseGram_130.jpg,,Horse_Gram
val,Horse_Gram/HorseGram_141.jpg,,Horse_Gram
val,Horse_Gram/HorseGram_146.jpg,,Horse_Gram
val,Horse_Gram/HorseGram_148.jpg,,Horse_Gram
val,Horse_Gram/HorseGram_174.jpg,,Horse_Gram
val,Horse_Gram/HorseGram_181.jpg,,Horse_Gram
val,Horse_Gram/HorseGram_193.jpg,,Horse_Gram
val,Horse_Gram/HorseGram_194.jpg,,Horse_Gram
val,Horse_Gram/HorseGram_205.jpg,,Horse_Gram
val,Horse_Gram/HorseGram_215.jpg,,Horse_Gram
val,Horse_Gram/HorseGram_232.jpg,,Horse_Gram
val,Horse_Gram/HorseGram_239.jpg,,Horse_Gram
val,Horse_Gram/HorseGram_243.jpg,,Horse_Gram
val,Horse_Gram/HorseGram_260.jpg,,Horse_Gram
val,Horse_Gram/HorseGram_265.jpg,,Horse_Gram
val,Horse_Gram/HorseGram_283.jpg,,Horse_Gram
val,Horse_Gram/HorseGram_312.jpg,,Horse_Gram
val,Horse_Gram/HorseGram_314.jpg,,Horse_Gram
val,Horse_Gram/HorseGram_318.jpg,,Horse_Gram
val,Horse_Gram/HorseGram_331.jpg,,Horse_Gram
val,Horse_Gram/HorseGram_335.jpg,,Horse_Gram
val,Horse_Gram/HorseGram_350.jpg,,Horse_Gram
val,Horse_Gram/HorseGram_364.jpg,,Horse_Gram
val,Horse_Gram/HorseGram_367.jpg,,Horse_Gram
val,Horse_Gram/HorseGram_368.jpg,,Horse_Gram
val,Horse_Gram/HorseGram_375.jpg,,Horse_Gram
val,Horse_Gram/HorseGram_386.jpg,,Horse_Gram
val,Horse_Gram/HorseGram_388.jpg,,Horse_Gram
val,Horse_Gram/HorseGram_393.jpg,,Horse_Gram
val,Horse_Gram/HorseGram_401.jpg,,Horse_Gram
val,Horse_Gram/HorseGram_404.jpg,,Horse_Gram
val,Horse_Gram/HorseGram_428.jpg,,Horse_Gram
val,Horse_Gram/HorseGram_430.jpg,,Horse_Gram
val,Horse_Gram/HorseGram_436.jpg,,Horse_Gram
val,Horse_Gram/HorseGram_448.jpg,,Horse_Gram
val,Horse_Gram/HorseGram_449.jpg,,Horse_Gram
val,Horse_Gram/HorseGram_469.jpg,,Horse_Gram
val,Horse_Gram/HorseGram_473.jpg,,Horse_Gram
val,Horse_Gram/HorseGram_474.jpg,,Horse_Gram
val,Horse_Gram/HorseGram_477.jpg,,Horse_Gram
val,Horse_Gram/HorseGram_490.jpg,,Horse_Gram
val,Horse_Gram/HorseGram_497.jpg,,Horse_Gram
val,Husked_BlackGram/HuskedBlackGram_017.jpg,,Husked_BlackGram
val,Husked_BlackGram/HuskedBlackGram_020.jpg,,Husked_BlackGram
val,Husked_BlackGram/HuskedBlackGram_024.jpg,,Husked_BlackGram
val,Husked_BlackGram/HuskedBlackGram_038.jpg,,Husked_BlackGram
val,Husked_BlackGram/HuskedBlackGram_050.jpg,,Husked_BlackGram
val,Husked_BlackGram/HuskedBlackGram_057.jpg,,Husked_BlackGram
val,Husked_BlackGram/HuskedBlackGram_061.jpg,,Husked_BlackGram
val,Husked_BlackGram/HuskedBlackGram_071.jpg,,Husked_BlackGram
val,Husked_BlackGram/HuskedBlackGram_072.jpg,,Husked_BlackGram
val,Husked_BlackGram/HuskedBlackGram_074.jpg,,Husked_BlackGram
val,Husked_BlackGram/HuskedBlackGram_077.jpg,,Husked_BlackGram
val,Husked_BlackGram/HuskedBlackGram_098.jpg,,Husked_BlackGram
val,Husked_BlackGram/HuskedBlackGram_102.jpg,,Husked_BlackGram
val,Husked_BlackGram/HuskedBlackGram_117.jpg,,Husked_BlackGram
val,Husked_BlackGram/HuskedBlackGram_136.jpg,,Husked_BlackGram
val,Husked_BlackGram/HuskedBlackGram_154.jpg,,Husked_BlackGram
val,Husked_BlackGram/HuskedBlackGram_158.jpg,,Husked_BlackGram
val,Husked_BlackGram/HuskedBlackGram_164.jpg,,Husked_BlackGram
val,Husked_BlackGram/HuskedBlackGram_168.jpg,,Husked_BlackGram
val,Husked_BlackGram/HuskedBlackGram_170.jpg,,Husked_BlackGram
val,Husked_BlackGram/HuskedBlackGram_171.jpg,,Husked_BlackGram
val,Husked_BlackGram/HuskedBlackGram_173.jpg,,Husked_BlackGram
val,Husked_BlackGram/HuskedBlackGram_174.jpg,,Husked_BlackGram
val,Husked_BlackGram/HuskedBlackGram_188.jpg,,Husked_BlackGram
val,Husked_BlackGram/HuskedBlackGram_189.jpg,,Husked_BlackGram
val,Husked_BlackGram/HuskedBlackGram_192.jpg,,Husked_BlackGram
val,Husked_BlackGram/HuskedBlackGram_195.jpg,,Husked_BlackGram
val,Husked_BlackGram/HuskedBlackGram_198.jpg,,Husked_BlackGram
val,Husked_BlackGram/HuskedBlackGram_202.jpg,,Husked_BlackGram
val,Husked_BlackGram/HuskedBlackGram_231.jpg,,Husked_BlackGram
val,Husked_BlackGram/HuskedBlackGram_234.jpg,,Husked_BlackGram
val,Husked_BlackGram/HuskedBlackGram_247.jpg,,Husked_BlackGram
val,Husked_BlackGram/HuskedBlackGram_248.jpg,,Husked_BlackGram
val,Husked_BlackGram/HuskedBlackGram_260.jpg,,Husked_BlackGram
val,Husked_BlackGram/HuskedBlackGram_270.jpg,,Husked_BlackGram
val,Husked_BlackGram/HuskedBlackGram_272.jpg,,Husked_BlackGram
val,Husked_BlackGram/HuskedBlackGram_276.jpg,,Husked_BlackGram
val,Husked_BlackGram/HuskedBlackGram_278.jpg,,Husked_BlackGram
val,Husked_BlackGram/HuskedBlackGram_283.jpg,,Husked_BlackGram
val,Husked_BlackGram/HuskedBlackGram_305.jpg,,Husked_BlackGram
val,Husked_BlackGram/HuskedBlackGram_328.jpg,,Husked_BlackGram
val,Husked_BlackGram/HuskedBlackGram_372.jpg,,Husked_BlackGram
val,Husked_BlackGram/HuskedBlackGram_442.jpg,,Husked_BlackGram
val,Husked_BlackGram/HuskedBlackGram_444.jpg,,Husked_BlackGram
val,Husked_BlackGram/HuskedBlackGram_446.jpg,,Husked_BlackGram
val,Husked_BlackGram/HuskedBlackGram_449.jpg,,Husked_BlackGram
val,Husked_BlackGram/HuskedBlackGram_456.jpg,,Husked_BlackGram
val,Husked_BlackGram/HuskedBlackGram_466.jpg,,Husked_BlackGram
val,Husked_BlackGram/HuskedBlackGram_469.jpg,,Husked_BlackGram
val,Husked_BlackGram/HuskedBlackGram_474.jpg,,Husked_BlackGram
val,Husked_BlackGram/HuskedBlackGram_483.jpg,,Husked_BlackGram
val,Husked_RedLentil/HuskedRedLentils_002.jpg,,Husked_RedLentil
val,Husked_RedLentil/HuskedRedLentils_009.jpg,,Husked_RedLentil
val,Husked_RedLentil/HuskedRedLentils_017.jpg,,Husked_RedLentil
val,Husked_RedLentil/HuskedRedLentils_018.jpg,,Husked_RedLentil
val,Husked_RedLentil/HuskedRedLentils_023.jpg,,Husked_RedLentil
val,Husked_RedLentil/HuskedRedLentils_024.jpg,,Husked_RedLentil
val,Husked_RedLentil/HuskedRedLentils_025.jpg,,Husked_RedLentil
val,Husked_RedLentil/HuskedRedLentils_029.jpg,,Husked_RedLentil
val,Husked_RedLentil/HuskedRedLentils_031.jpg,,Husked_RedLentil
val,Husked_RedLentil/HuskedRedLentils_033.jpg,,Husked_RedLentil
val,Husked_RedLentil/HuskedRedLentils_035.jpg,,Husked_RedLentil
val,Husked_RedLentil/HuskedRedLentils_036.jpg,,Husked_RedLentil
val,Husked_RedLentil/HuskedRedLentils_038.jpg,,Husked_RedLentil
val,Husked_RedLentil/HuskedRedLentils_052.jpg,,Husked_RedLentil
val,Husked_RedLentil/HuskedRedLentils_058.jpg,,Husked_RedLentil
val,Husked_RedLentil/HuskedRedLentils_061.jpg,,Husked_RedLentil
val,Husked_RedLentil/HuskedRedLentils_066.jpg,,Husked_RedLentil
val,Husked_RedLentil/HuskedRedLentils_069.jpg,,Husked_RedLentil
val,Husked_RedLentil/HuskedRedLentils_070.jpg,,Husked_RedLentil
val,Husked_RedLentil/HuskedRedLentils_072.jpg,,Husked_RedLentil
val,Husked_RedLentil/HuskedRedLentils_080.jpg,,Husked_RedLentil
val,Husked_RedLentil/HuskedRedLentils_092.jpg,,Husked_RedLentil
val,Husked_RedLentil/HuskedRedLentils_093.jpg,,Husked_RedLentil
val,Husked_RedLentil/HuskedRedLentils_097.jpg,,Husked_RedLentil
val,Husked_RedLentil/HuskedRedLentils_106.jpg,,Husked_RedLentil
val,Husked_RedLentil/HuskedRedLentils_112.jpg,,Husked_RedLentil
val,Husked_RedLentil/HuskedRedLentils_115.jpg,,Husked_RedLentil
val,Husked_RedLentil/HuskedRedLentils_118.jpg,,Husked_RedLentil
val,Husked_RedLentil/HuskedRedLentils_120.jpg,,Husked_RedLentil
val,Husked_RedLentil/HuskedRedLentils_124.jpg,,Husked_RedLentil
val,Husked_RedLentil/HuskedRedLentils_126.jpg,,Husked_RedLentil
val,Husked_RedLentil/HuskedRedLentils_127.jpg,,Husked_RedLentil
val,Husked_RedLentil/HuskedRedLentils_142.jpg,,Husked_RedLentil
val,Husked_RedLentil/HuskedRedLentils_147.jpg,,Husked_RedLentil
val,Husked_RedLentil/HuskedRedLentils_153.jpg,,Husked_RedLentil
val,Husked_RedLentil/HuskedRedLentils_177.jpg,,Husked_RedLentil
val,Husked_RedLentil/HuskedRedLentils_179.jpg,,Husked_RedLentil
val,Husked_RedLentil/HuskedRedLentils_192.jpg,,Husked_RedLentil
val,Husked_RedLentil/HuskedRedLentils_216.jpg,,Husked_RedLentil
val,Husked_RedLentil/HuskedRedLentils_279.jpg,,Husked_RedLentil
val,Husked_RedLentil/HuskedRedLentils_347.jpg,,Husked_RedLentil
val,Husked_RedLentil/HuskedRedLentils_434.jpg,,Husked_RedLentil
val,Husked_RedLentil/HuskedRedLentils_453.jpg,,Husked_RedLentil
val,Husked_RedLentil/HuskedRedLentils_470.jpg,,Husked_RedLentil
val,Husked_RedLentil/HuskedRedLentils_471.jpg,,Husked_RedLentil
val,Husked_RedLentil/HuskedRedLentils_476.jpg,,Husked_RedLentil
val,Husked_RedLentil/HuskedRedLentils_487.jpg,,Husked_RedLentil
val,Husked_RedLentil/HuskedRedLentils_499.jpg,,Husked_RedLentil
val,Kidney_Bean/KidneyBean004.jpg,,Kidney_Bean
val,Kidney_Bean/KidneyBean007.jpg,,Kidney_Bean
val,Kidney_Bean/KidneyBean040.jpg,,Kidney_Bean
val,Kidney_Bean/KidneyBean046.jpg,,Kidney_Bean
val,Kidney_Bean/KidneyBean048.jpg,,Kidney_Bean
val,Kidney_Bean/KidneyBean072.jpg,,Kidney_Bean
val,Kidney_Bean/KidneyBean075.jpg,,Kidney_Bean
val,Kidney_Bean/KidneyBean103.jpg,,Kidney_Bean
val,Kidney_Bean/KidneyBean125.jpg,,Kidney_Bean
val,Kidney_Bean/KidneyBean127.jpg,,Kidney_Bean
val,Kidney_Bean/KidneyBean129.jpg,,Kidney_Bean
val,Kidney_Bean/KidneyBean138.jpg,,Kidney_Bean
val,Kidney_Bean/KidneyBean142.jpg,,Kidney_Bean
val,Kidney_Bean/KidneyBean144.jpg,,Kidney_Bean
val,Kidney_Bean/KidneyBean150.jpg,,Kidney_Bean
val,Kidney_Bean/KidneyBean154.jpg,,Kidney_Bean
val,Kidney_Bean/KidneyBean155.jpg,,Kidney_Bean
val,Kidney_Bean/KidneyBean156.jpg,,Kidney_Bean
val,Kidney_Bean/KidneyBean169.jpg,,Kidney_Bean
val,Kidney_Bean/KidneyBean171.jpg,,Kidney_Bean
val,Kidney_Bean/KidneyBean172.jpg,,Kidney_Bean
val,Kidney_Bean/KidneyBean195.jpg,,Kidney_Bean
val,Kidney_Bean/KidneyBean198.jpg,,Kidney_Bean
val,Kidney_Bean/KidneyBean199.jpg,,Kidney_Bean
val,Kidney_Bean/KidneyBean202.jpg,,Kidney_Bean
val,Kidney_Bean/KidneyBean212.jpg,,Kidney_Bean
val,Kidney_Bean/KidneyBean221.jpg,,Kidney_Bean
val,Kidney_Bean/KidneyBean223.jpg,,Kidney_Bean
val,Kidney_Bean/KidneyBean226.jpg,,Kidney_Bean
val,Kidney_Bean/KidneyBean246.jpg,,Kidney_Bean
val,Kidney_Bean/KidneyBean248.jpg,,Kidney_Bean
val,Kidney_Bean/KidneyBean252.jpg,,Kidney_Bean
val,Kidney_Bean/KidneyBean253.jpg,,Kidney_Bean
val,Kidney_Bean/KidneyBean267.jpg,,Kidney_Bean
val,Kidney_Bean/KidneyBean280.jpg,,Kidney_Bean
val,Kidney_Bean/KidneyBean295.jpg,,Kidney_Bean
val,Kidney_Bean/KidneyBean306.jpg,,Kidney_Bean
val,Kidney_Bean/KidneyBean307.jpg,,Kidney_Bean
val,Kidney_Bean/KidneyBean316.jpg,,Kidney_Bean
val,Kidney_Bean/KidneyBean318.jpg,,Kidney_Bean
val,Kidney_Bean/KidneyBean321.jpg,,Kidney_Bean
val,Kidney_Bean/KidneyBean325.jpg,,Kidney_Bean
val,Kidney_Bean/KidneyBean334.jpg,,Kidney_Bean
val,Kidney_Bean/KidneyBean351.jpg,,Kidney_Bean
val,Kidney_Bean/KidneyBean356.jpg,,Kidney_Bean
val,Kidney_Bean/KidneyBean370.jpg,,Kidney_Bean
val,Kidney_Bean/KidneyBean372.jpg,,Kidney_Bean
val,Kidney_Bean/KidneyBean377.jpg,,Kidney_Bean
val,Kidney_Bean/KidneyBean399.jpg,,Kidney_Bean
val,Kidney_Bean/KidneyBean401.jpg,,Kidney_Bean
val,Kidney_Bean/KidneyBean402.jpg,,Kidney_Bean
val,Kidney_Bean/KidneyBean403.jpg,,Kidney_Bean
val,Kidney_Bean/KidneyBean412.jpg,,Kidney_Bean
val,Kidney_Bean/KidneyBean418.jpg,,Kidney_Bean
val,Kidney_Bean/KidneyBean422.jpg,,Kidney_Bean
val,Kidney_Bean/KidneyBean423.jpg,,Kidney_Bean
val,Kidney_Bean/KidneyBean430.jpg,,Kidney_Bean
val,Kidney_Bean/KidneyBean431.jpg,,Kidney_Bean
val,Kidney_Bean/KidneyBean445.jpg,,Kidney_Bean
val,Kidney_Bean/KidneyBean446.jpg,,Kidney_Bean
val,Kidney_Bean/KidneyBean462.jpg,,Kidney_Bean
val,Kidney_Bean/KidneyBean465.jpg,,Kidney_Bean
val,Kidney_Bean/KidneyBean467.jpg,,Kidney_Bean
val,Kidney_Bean/KidneyBean472.jpg,,Kidney_Bean
val,Kidney_Bean/KidneyBean493.jpg,,Kidney_Bean
val,Red_Beans/RedBean_008.jpg,,Red_Beans
val,Red_Beans/RedBean_015.jpg,,Red_Beans
val,Red_Beans/RedBean_032.jpg,,Red_Beans
val,Red_Beans/RedBean_036.jpg,,Red_Beans
val,Red_Beans/RedBean_037.jpg,,Red_Beans
val,Red_Beans/RedBean_053.jpg,,Red_Beans
val,Red_Beans/RedBean_059.jpg,,Red_Beans
val,Red_Beans/RedBean_065.jpg,,Red_Beans
val,Red_Beans/RedBean_073.jpg,,Red_Beans
val,Red_Beans/RedBean_079.jpg,,Red_Beans
val,Red_Beans/RedBean_086.jpg,,Red_Beans
val,Red_Beans/RedBean_090.jpg,,Red_Beans
val,Red_Beans/RedBean_098.jpg,,Red_Beans
val,Red_Beans/RedBean_111.jpg,,Red_Beans
val,Red_Beans/RedBean_129.jpg,,Red_Beans
val,Red_Beans/RedBean_136.jpg,,Red_Beans
val,Red_Beans/RedBean_143.jpg,,Red_Beans
val,Red_Beans/RedBean_147.jpg,,Red_Beans
val,Red_Beans/RedBean_153.jpg,,Red_Beans
val,Red_Beans/RedBean_156.jpg,,Red_Beans
val,Red_Beans/RedBean_164.jpg,,Red_Beans
val,Red_Beans/RedBean_181.jpg,,Red_Beans
val,Red_Beans/RedBean_198.jpg,,Red_Beans
val,Red_Beans/RedBean_199.jpg,,Red_Beans
val,Red_Beans/RedBean_200.jpg,,Red_Beans
val,Red_Beans/RedBean_205.jpg,,Red_Beans
val,Red_Beans/RedBean_243.jpg,,Red_Beans
val,Red_Beans/RedBean_255.jpg,,Red_Beans
val,Red_Beans/RedBean_257.jpg,,Red_Beans
val,Red_Beans/RedBean_267.jpg,,Red_Beans
val,Red_Beans/RedBean_273.jpg,,Red_Beans
val,Red_Beans/RedBean_285.jpg,,Red_Beans
val,Red_Beans/RedBean_290.jpg,,Red_Beans
val,Red_Beans/RedBean_293.jpg,,Red_Beans
val,Red_Beans/RedBean_302.jpg,,Red_Beans
val,Red_Beans/RedBean_313.jpg,,Red_Beans
val,Red_Beans/RedBean_332.jpg,,Red_Beans
val,Red_Beans/RedBean_339.jpg,,Red_Beans
val,Red_Beans/RedBean_351.jpg,,Red_Beans
val,Red_Beans/RedBean_353.jpg,,Red_Beans
val,Red_Beans/RedBean_375.jpg,,Red_Beans
val,Red_Beans/RedBean_384.jpg,,Red_Beans
val,Red_Beans/RedBean_392.jpg,,Red_Beans
val,Red_Beans/RedBean_403.jpg,,Red_Beans
val,Red_Beans/RedBean_435.jpg,,Red_Beans
val,Red_Beans/RedBean_442.jpg,,Red_Beans
val,Red_Beans/RedBean_459.jpg,,Red_Beans
val,Red_Beans/RedBean_461.jpg,,Red_Beans
val,Red_KidneyBean/RedKidneyBean_025.jpg,,Red_KidneyBean
val,Red_KidneyBean/RedKidneyBean_040.jpg,,Red_KidneyBean
val,Red_KidneyBean/RedKidneyBean_046.jpg,,Red_KidneyBean
val,Red_KidneyBean/RedKidneyBean_056.jpg,,Red_KidneyBean
val,Red_KidneyBean/RedKidneyBean_066.jpg,,Red_KidneyBean
val,Red_KidneyBean/RedKidneyBean_073.jpg,,Red_KidneyBean
val,Red_KidneyBean/RedKidneyBean_091.jpg,,Red_KidneyBean
val,Red_KidneyBean/RedKidneyBean_094.jpg,,Red_KidneyBean
val,Red_KidneyBean/RedKidneyBean_108.jpg,,Red_KidneyBean
val,Red_KidneyBean/RedKidneyBean_114.jpg,,Red_KidneyBean
val,Red_KidneyBean/RedKidneyBean_115.jpg,,Red_KidneyBean
val,Red_KidneyBean/RedKidneyBean_122.jpg,,Red_KidneyBean
val,Red_KidneyBean/RedKidneyBean_128.jpg,,Red_KidneyBean
val,Red_KidneyBean/RedKidneyBean_151.jpg,,Red_KidneyBean
val,Red_KidneyBean/RedKidneyBean_155.jpg,,Red_KidneyBean
val,Red_KidneyBean/RedKidneyBean_163.jpg,,Red_KidneyBean
val,Red_KidneyBean/RedKidneyBean_164.jpg,,Red_KidneyBean
val,Red_KidneyBean/RedKidneyBean_170.jpg,,Red_KidneyBean
val,Red_KidneyBean/RedKidneyBean_172.jpg,,Red_KidneyBean
val,Red_KidneyBean/RedKidneyBean_173.jpg,,Red_KidneyBean
val,Red_KidneyBean/RedKidneyBean_193.jpg,,Red_KidneyBean
val,Red_KidneyBean/RedKidneyBean_194.jpg,,Red_KidneyBean
val,Red_KidneyBean/RedKidneyBean_212.jpg,,Red_KidneyBean
val,Red_KidneyBean/RedKidneyBean_224.jpg,,Red_KidneyBean
val,Red_KidneyBean/RedKidneyBean_225.jpg,,Red_KidneyBean
val,Red_KidneyBean/RedKidneyBean_246.jpg,,Red_KidneyBean
val,Red_KidneyBean/RedKidneyBean_288.jpg,,Red_KidneyBean
val,Red_KidneyBean/RedKidneyBean_290.jpg,,Red_KidneyBean
val,Red_KidneyBean/RedKidneyBean_291.jpg,,Red_KidneyBean
val,Red_KidneyBean/RedKidneyBean_294.jpg,,Red_KidneyBean
val,Red_KidneyBean/RedKidneyBean_302.jpg,,Red_KidneyBean
val,Red_KidneyBean/RedKidneyBean_314.jpg,,Red_KidneyBean
val,Red_KidneyBean/RedKidneyBean_315.jpg,,Red_KidneyBean
val,Red_KidneyBean/RedKidneyBean_326.jpg,,Red_KidneyBean
val,Red_KidneyBean/RedKidneyBean_333.jpg,,Red_KidneyBean
val,Red_KidneyBean/RedKidneyBean_341.jpg,,Red_KidneyBean
val,Red_KidneyBean/RedKidneyBean_344.jpg,,Red_KidneyBean
val,Red_KidneyBean/RedKidneyBean_353.jpg,,Red_KidneyBean
val,Red_KidneyBean/RedKidneyBean_355.jpg,,Red_KidneyBean
val,Red_KidneyBean/RedKidneyBean_356.jpg,,Red_KidneyBean
val,Red_KidneyBean/RedKidneyBean_360.jpg,,Red_KidneyBean
val,Red_KidneyBean/RedKidneyBean_363.jpg,,Red_KidneyBean
val,Red_KidneyBean/RedKidneyBean_375.jpg,,Red_KidneyBean
val,Red_KidneyBean/RedKidneyBean_376.jpg,,Red_KidneyBean
val,Red_KidneyBean/RedKidneyBean_382.jpg,,Red_KidneyBean
val,Red_KidneyBean/RedKidneyBean_403.jpg,,Red_KidneyBean
val,Red_KidneyBean/RedKidneyBean_418.jpg,,Red_KidneyBean
val,Red_KidneyBean/RedKidneyBean_421.jpg,,Red_KidneyBean
val,Red_KidneyBean/RedKidneyBean_436.jpg,,Red_KidneyBean
val,Red_KidneyBean/RedKidneyBean_438.jpg,,Red_KidneyBean
val,Red_KidneyBean/RedKidneyBean_449.jpg,,Red_KidneyBean
val,Red_KidneyBean/RedKidneyBean_463.jpg,,Red_KidneyBean
val,Red_KidneyBean/RedKidneyBean_464.jpg,,Red_KidneyBean
val,Red_KidneyBean/RedKidneyBean_469.jpg,,Red_KidneyBean
val,Red_KidneyBean/RedKidneyBean_484.jpg,,Red_KidneyBean
val,Red_KidneyBean/RedKidneyBean_485.jpg,,Red_KidneyBean
val,Red_KidneyBean/RedKidneyBean_492.jpg,,Red_KidneyBean
val,Red_chickpea/RedChickPea_021.jpg,,Red_chickpea
val,Red_chickpea/RedChickPea_031.jpg,,Red_chickpea
val,Red_chickpea/RedChickPea_035.jpg,,Red_chickpea
val,Red_chickpea/RedChickPea_063.jpg,,Red_chickpea
val,Red_chickpea/RedChickPea_083.jpg,,Red_chickpea
val,Red_chickpea/RedChickPea_099.jpg,,Red_chickpea
val,Red_chickpea/RedChickPea_101.jpg,,Red_chickpea
val,Red_chickpea/RedChickPea_118.jpg,,Red_chickpea
val,Red_chickpea/RedChickPea_130.jpg,,Red_chickpea
val,Red_chickpea/RedChickPea_151.jpg,,Red_chickpea
val,Red_chickpea/RedChickPea_164.jpg,,Red_chickpea
val,Red_chickpea/RedChickPea_167.jpg,,Red_chickpea
val,Red_chickpea/RedChickPea_173.jpg,,Red_chickpea
val,Red_chickpea/RedChickPea_175.jpg,,Red_chickpea
val,Red_chickpea/RedChickPea_178.jpg,,Red_chickpea
val,Red_chickpea/RedChickPea_179.jpg,,Red_chickpea
val,Red_chickpea/RedChickPea_194.jpg,,Red_chickpea
val,Red_chickpea/RedChickPea_198.jpg,,Red_chickpea
val,Red_chickpea/RedChickPea_222.jpg,,Red_chickpea
val,Red_chickpea/RedChickPea_225.jpg,,Red_chickpea
val,Red_chickpea/RedChickPea_244.jpg,,Red_chickpea
val,Red_chickpea/RedChickPea_252.jpg,,Red_chickpea
val,Red_chickpea/RedChickPea_253.jpg,,Red_chickpea
val,Red_chickpea/RedChickPea_259.jpg,,Red_chickpea
val,Red_chickpea/RedChickPea_260.jpg,,Red_chickpea
val,Red_chickpea/RedChickPea_269.jpg,,Red_chickpea
val,Red_chickpea/RedChickPea_271.jpg,,Red_chickpea
val,Red_chickpea/RedChickPea_274.jpg,,Red_chickpea
val,Red_chickpea/RedChickPea_298.jpg,,Red_chickpea
val,Red_chickpea/RedChickPea_304.jpg,,Red_chickpea
val,Red_chickpea/RedChickPea_308.jpg,,Red_chickpea
val,Red_chickpea/RedChickPea_317.jpg,,Red_chickpea
val,Red_chickpea/RedChickPea_323.jpg,,Red_chickpea
val,Red_chickpea/RedChickPea_326.jpg,,Red_chickpea
val,Red_chickpea/RedChickPea_327.jpg,,Red_chickpea
val,Red_chickpea/RedChickPea_349.jpg,,Red_chickpea
val,Red_chickpea/RedChickPea_351.jpg,,Red_chickpea
val,Red_chickpea/RedChickPea_369.jpg,,Red_chickpea
val,Red_chickpea/RedChickPea_375.jpg,,Red_chickpea
val,Red_chickpea/RedChickPea_377.jpg,,Red_chickpea
val,Red_chickpea/RedChickPea_378.jpg,,Red_chickpea
val,Red_chickpea/RedChickPea_393.jpg,,Red_chickpea
val,Red_chickpea/RedChickPea_394.jpg,,Red_chickpea
val,Red_chickpea/RedChickPea_399.jpg,,Red_chickpea
val,Red_chickpea/RedChickPea_401.jpg,,Red_chickpea
val,Red_chickpea/RedChickPea_405.jpg,,Red_chickpea
val,Red_chickpea/RedChickPea_429.jpg,,Red_chickpea
val,Red_chickpea/RedChickPea_440.jpg,,Red_chickpea
val,Red_chickpea/RedChickPea_444.jpg,,Red_chickpea
val,Red_chickpea/RedChickPea_447.jpg,,Red_chickpea
val,Red_chickpea/RedChickPea_465.jpg,,Red_chickpea
val,Red_chickpea/RedChickPea_467.jpg,,Red_chickpea
val,Soya_Bean/SoyaBean_066.jpg,,Soya_Bean
val,Soya_Bean/SoyaBean_071.jpg,,Soya_Bean
val,Soya_Bean/SoyaBean_095.jpg,,Soya_Bean
val,Soya_Bean/SoyaBean_106.jpg,,Soya_Bean
val,Soya_Bean/SoyaBean_119.jpg,,Soya_Bean
val,Soya_Bean/SoyaBean_122.jpg,,Soya_Bean
val,Soya_Bean/SoyaBean_128.jpg,,Soya_Bean
val,Soya_Bean/SoyaBean_219.jpg,,Soya_Bean
val,Soya_Bean/SoyaBean_221.jpg,,Soya_Bean
val,Soya_Bean/SoyaBean_269.jpg,,Soya_Bean
val,Soya_Bean/SoyaBean_271.jpg,,Soya_Bean
val,Soya_Bean/SoyaBean_287.jpg,,Soya_Bean
val,Soya_Bean/SoyaBean_309.jpg,,Soya_Bean
val,Soya_Bean/SoyaBean_333.jpg,,Soya_Bean
val,Soya_Bean/SoyaBean_363.jpg,,Soya_Bean
val,Soya_Bean/SoyaBean_365.jpg,,Soya_Bean
val,Soya_Bean/SoyaBean_369.jpg,,Soya_Bean
val,Soya_Bean/SoyaBean_371.jpg,,Soya_Bean
val,Soya_Bean/SoyaBean_372.jpg,,Soya_Bean
val,Soya_Bean/SoyaBean_410.jpg,,Soya_Bean
val,Soya_Bean/SoyaBean_450.jpg,,Soya_Bean
val,Soya_Bean/SoyaBean_486.jpg,,Soya_Bean
val,White_Chickpea/WhiteChickPea_001.jpg,,White_Chickpea
val,White_Chickpea/WhiteChickPea_061.jpg,,White_Chickpea
val,White_Chickpea/WhiteChickPea_068.jpg,,White_Chickpea
val,White_Chickpea/WhiteChickPea_077.jpg,,White_Chickpea
val,White_Chickpea/WhiteChickPea_080.jpg,,White_Chickpea
val,White_Chickpea/WhiteChickPea_091.jpg,,White_Chickpea
val,White_Chickpea/WhiteChickPea_097.jpg,,White_Chickpea
val,White_Chickpea/WhiteChickPea_118.jpg,,White_Chickpea
val,White_Chickpea/WhiteChickPea_120.jpg,,White_Chickpea
val,White_Chickpea/WhiteChickPea_131.jpg,,White_Chickpea
val,White_Chickpea/WhiteChickPea_146.jpg,,White_Chickpea
val,White_Chickpea/WhiteChickPea_162.jpg,,White_Chickpea
val,White_Chickpea/WhiteChickPea_190.jpg,,White_Chickpea
val,White_Chickpea/WhiteChickPea_194.jpg,,White_Chickpea
val,White_Chickpea/WhiteChickPea_196.jpg,,White_Chickpea
val,White_Chickpea/WhiteChickPea_210.jpg,,White_Chickpea
val,White_Chickpea/WhiteChickPea_216.jpg,,White_Chickpea
val,White_Chickpea/WhiteChickPea_219.jpg,,White_Chickpea
val,White_Chickpea/WhiteChickPea_221.jpg,,White_Chickpea
val,White_Chickpea/WhiteChickPea_244.jpg,,White_Chickpea
val,White_Chickpea/WhiteChickPea_245.jpg,,White_Chickpea
val,White_Chickpea/WhiteChickPea_247.jpg,,White_Chickpea
val,White_Chickpea/WhiteChickPea_258.jpg,,White_Chickpea
val,White_Chickpea/WhiteChickPea_259.jpg,,White_Chickpea
val,White_Chickpea/WhiteChickPea_267.jpg,,White_Chickpea
val,White_Chickpea/WhiteChickPea_268.jpg,,White_Chickpea
val,White_Chickpea/WhiteChickPea_272.jpg,,White_Chickpea
val,White_Chickpea/WhiteChickPea_273.jpg,,White_Chickpea
val,White_Chickpea/WhiteChickPea_277.jpg,,White_Chickpea
val,White_Chickpea/WhiteChickPea_279.jpg,,White_Chickpea
val,White_Chickpea/WhiteChickPea_295.jpg,,White_Chickpea
val,White_Chickpea/WhiteChickPea_296.jpg,,White_Chickpea
val,White_Chickpea/WhiteChickPea_302.jpg,,White_Chickpea
val,White_Chickpea/WhiteChickPea_307.jpg,,White_Chickpea
val,White_Chickpea/WhiteChickPea_308.jpg,,White_Chickpea
val,White_Chickpea/WhiteChickPea_309.jpg,,White_Chickpea
val,White_Chickpea/WhiteChickPea_311.jpg,,White_Chickpea
val,White_Chickpea/WhiteChickPea_315.jpg,,White_Chickpea
val,White_Chickpea/WhiteChickPea_333.jpg,,White_Chickpea
val,White_Chickpea/WhiteChickPea_336.jpg,,White_Chickpea
val,White_Chickpea/WhiteChickPea_338.jpg,,White_Chickpea
val,White_Chickpea/WhiteChickPea_348.jpg,,White_Chickpea
val,White_Chickpea/WhiteChickPea_357.jpg,,White_Chickpea
val,White_Chickpea/WhiteChickPea_358.jpg,,White_Chickpea
val,White_Chickpea/WhiteChickPea_364.jpg,,White_Chickpea
val,White_Chickpea/WhiteChickPea_380.jpg,,White_Chickpea
val,White_Chickpea/WhiteChickPea_381.jpg,,White_Chickpea
val,White_Chickpea/WhiteChickPea_393.jpg,,White_Chickpea
val,White_Chickpea/WhiteChickPea_394.jpg,,White_Chickpea
val,White_Chickpea/WhiteChickPea_397.jpg,,White_Chickpea
val,White_Chickpea/WhiteChickPea_402.jpg,,White_Chickpea
val,White_Chickpea/WhiteChickPea_411.jpg,,White_Chickpea
val,White_Chickpea/WhiteChickPea_417.jpg,,White_Chickpea
val,White_Chickpea/WhiteChickPea_424.jpg,,White_Chickpea
val,White_Chickpea/WhiteChickPea_429.jpg,,White_Chickpea
val,White_Chickpea/WhiteChickPea_441.jpg,,White_Chickpea
val,White_Chickpea/WhiteChickPea_446.jpg,,White_Chickpea
val,White_Chickpea/WhiteChickPea_462.jpg,,White_Chickpea
val,White_Chickpea/WhiteChickPea_464.jpg,,White_Chickpea
val,White_Chickpea/WhiteChickPea_466.jpg,,White_Chickpea
val,White_Chickpea/WhiteChickPea_470.jpg,,White_Chickpea
val,White_Chickpea/WhiteChickPea_472.jpg,,White_Chickpea
val,White_Chickpea/WhiteChickPea_481.jpg,,White_Chickpea
val,White_Chickpea/WhiteChickPea_493.jpg,,White_Chickpea
val,White_Chickpea/WhiteChickPea_500.jpg,,White_Chickpea
val,White_beans/WhiteBean_001.jpg,,White_beans
val,White_beans/WhiteBean_036.jpg,,White_beans
val,White_beans/WhiteBean_120.jpg,,White_beans
val,White_beans/WhiteBean_269.jpg,,White_beans
val,White_beans/WhiteBean_413.jpg,,White_beans
val,White_beans/WhiteBean_460.jpg,,White_beans
val,White_beans/WhiteBean_469.jpg,,White_beans
val,White_beans/WhiteBean_482.jpg,,White_beans
val,White_beans/WhiteBean_500.jpg,,White_beans
val,White_peabeans/WhitePeaBean_013.jpg,,White_peabeans
val,White_peabeans/WhitePeaBean_023.jpg,,White_peabeans
val,White_peabeans/WhitePeaBean_026.jpg,,White_peabeans
val,White_peabeans/WhitePeaBean_028.jpg,,White_peabeans
val,White_peabeans/WhitePeaBean_037.jpg,,White_peabeans
val,White_peabeans/WhitePeaBean_043.jpg,,White_peabeans
val,White_peabeans/WhitePeaBean_046.jpg,,White_peabeans
val,White_peabeans/WhitePeaBean_057.jpg,,White_peabeans
val,White_peabeans/WhitePeaBean_058.jpg,,White_peabeans
val,White_peabeans/WhitePeaBean_067.jpg,,White_peabeans
val,White_peabeans/WhitePeaBean_068.jpg,,White_peabeans
val,White_peabeans/WhitePeaBean_075.jpg,,White_peabeans
val,White_peabeans/WhitePeaBean_076.jpg,,White_peabeans
val,White_peabeans/WhitePeaBean_087.jpg,,White_peabeans
val,White_peabeans/WhitePeaBean_098.jpg,,White_peabeans
val,White_peabeans/WhitePeaBean_101.jpg,,White_peabeans
val,White_peabeans/WhitePeaBean_102.jpg,,White_peabeans
val,White_peabeans/WhitePeaBean_103.jpg,,White_peabeans
val,White_peabeans/WhitePeaBean_120.jpg,,White_peabeans
val,White_peabeans/WhitePeaBean_125.jpg,,White_peabeans
val,White_peabeans/WhitePeaBean_127.jpg,,White_peabeans
val,White_peabeans/WhitePeaBean_148.jpg,,White_peabeans
val,White_peabeans/WhitePeaBean_157.jpg,,White_peabeans
val,White_peabeans/WhitePeaBean_165.jpg,,White_peabeans
val,White_peabeans/WhitePeaBean_166.jpg,,White_peabeans
val,White_peabeans/WhitePeaBean_173.jpg,,White_peabeans
val,White_peabeans/WhitePeaBean_176.jpg,,White_peabeans
val,White_peabeans/WhitePeaBean_177.jpg,,White_peabeans
val,White_peabeans/WhitePeaBean_179.jpg,,White_peabeans
val,White_peabeans/WhitePeaBean_188.jpg,,White_peabeans
val,White_peabeans/WhitePeaBean_192.jpg,,White_peabeans
val,White_peabeans/WhitePeaBean_202.jpg,,White_peabeans
val,White_peabeans/WhitePeaBean_203.jpg,,White_peabeans
val,White_peabeans/WhitePeaBean_205.jpg,,White_peabeans
val,White_peabeans/WhitePeaBean_217.jpg,,White_peabeans
val,White_peabeans/WhitePeaBean_221.jpg,,White_peabeans
val,White_peabeans/WhitePeaBean_222.jpg,,White_peabeans
val,White_peabeans/WhitePeaBean_223.jpg,,White_peabeans
val,White_peabeans/WhitePeaBean_226.jpg,,White_peabeans
val,White_peabeans/WhitePeaBean_242.jpg,,White_peabeans
val,White_peabeans/WhitePeaBean_244.jpg,,White_peabeans
val,White_peabeans/WhitePeaBean_247.jpg,,White_peabeans
val,White_peabeans/WhitePeaBean_250.jpg,,White_peabeans
val,White_peabeans/WhitePeaBean_276.jpg,,White_peabeans
val,White_peabeans/WhitePeaBean_281.jpg,,White_peabeans
val,White_peabeans/WhitePeaBean_287.jpg,,White_peabeans
val,White_peabeans/WhitePeaBean_288.jpg,,White_peabeans
val,White_peabeans/WhitePeaBean_293.jpg,,White_peabeans
val,White_peabeans/WhitePeaBean_295.jpg,,White_peabeans
val,White_peabeans/WhitePeaBean_305.jpg,,White_peabeans
val,White_peabeans/WhitePeaBean_316.jpg,,White_peabeans
val,White_peabeans/WhitePeaBean_320.jpg,,White_peabeans
val,White_peabeans/WhitePeaBean_336.jpg,,White_peabeans
val,White_peabeans/WhitePeaBean_344.jpg,,White_peabeans
val,White_peabeans/WhitePeaBean_351.jpg,,White_peabeans
val,White_peabeans/WhitePeaBean_356.jpg,,White_peabeans
val,White_peabeans/WhitePeaBean_377.jpg,,White_peabeans
val,White_peabeans/WhitePeaBean_388.jpg,,White_peabeans
val,White_peabeans/WhitePeaBean_391.jpg,,White_peabeans
val,White_peabeans/WhitePeaBean_397.jpg,,White_peabeans
val,White_peabeans/WhitePeaBean_419.jpg,,White_peabeans
val,White_peabeans/WhitePeaBean_421.jpg,,White_peabeans
val,White_peabeans/WhitePeaBean_429.jpg,,White_peabeans
val,White_peabeans/WhitePeaBean_466.jpg,,White_peabeans
val,White_peabeans/WhitePeaBean_495.jpg,,White_peabeans
val,Whole_BlackGram/WholeBlackGram_005.jpg,,Whole_BlackGram
val,Whole_BlackGram/WholeBlackGram_016.jpg,,Whole_BlackGram
val,Whole_BlackGram/WholeBlackGram_017.jpg,,Whole_BlackGram
val,Whole_BlackGram/WholeBlackGram_018.jpg,,Whole_BlackGram
val,Whole_BlackGram/WholeBlackGram_020.jpg,,Whole_BlackGram
val,Whole_BlackGram/WholeBlackGram_025.jpg,,Whole_BlackGram
val,Whole_BlackGram/WholeBlackGram_030.jpg,,Whole_BlackGram
val,Whole_BlackGram/WholeBlackGram_035.jpg,,Whole_BlackGram
val,Whole_BlackGram/WholeBlackGram_036.jpg,,Whole_BlackGram
val,Whole_BlackGram/WholeBlackGram_060.jpg,,Whole_BlackGram
val,Whole_BlackGram/WholeBlackGram_061.jpg,,Whole_BlackGram
val,Whole_BlackGram/WholeBlackGram_091.jpg,,Whole_BlackGram
val,Whole_BlackGram/WholeBlackGram_097.jpg,,Whole_BlackGram
val,Whole_BlackGram/WholeBlackGram_101.jpg,,Whole_BlackGram
val,Whole_BlackGram/WholeBlackGram_105.jpg,,Whole_BlackGram
val,Whole_BlackGram/WholeBlackGram_108.jpg,,Whole_BlackGram
val,Whole_BlackGram/WholeBlackGram_110.jpg,,Whole_BlackGram
val,Whole_BlackGram/WholeBlackGram_142.jpg,,Whole_BlackGram
val,Whole_BlackGram/WholeBlackGram_146.jpg,,Whole_BlackGram
val,Whole_BlackGram/WholeBlackGram_147.jpg,,Whole_BlackGram
val,Whole_BlackGram/WholeBlackGram_172.jpg,,Whole_BlackGram
val,Whole_BlackGram/WholeBlackGram_174.jpg,,Whole_BlackGram
val,Whole_BlackGram/WholeBlackGram_176.jpg,,Whole_BlackGram
val,Whole_BlackGram/WholeBlackGram_195.jpg,,Whole_BlackGram
val,Whole_BlackGram/WholeBlackGram_202.jpg,,Whole_BlackGram
val,Whole_BlackGram/WholeBlackGram_214.jpg,,Whole_BlackGram
val,Whole_BlackGram/WholeBlackGram_248.jpg,,Whole_BlackGram
val,Whole_BlackGram/WholeBlackGram_262.jpg,,Whole_BlackGram
val,Whole_BlackGram/WholeBlackGram_276.jpg,,Whole_BlackGram
val,Whole_BlackGram/WholeBlackGram_277.jpg,,Whole_BlackGram
val,Whole_BlackGram/WholeBlackGram_287.jpg,,Whole_BlackGram
val,Whole_BlackGram/WholeBlackGram_289.jpg,,Whole_BlackGram
val,Whole_BlackGram/WholeBlackGram_292.jpg,,Whole_BlackGram
val,Whole_BlackGram/WholeBlackGram_295.jpg,,Whole_BlackGram
val,Whole_BlackGram/WholeBlackGram_298.jpg,,Whole_BlackGram
val,Whole_BlackGram/WholeBlackGram_307.jpg,,Whole_BlackGram
val,Whole_BlackGram/WholeBlackGram_313.jpg,,Whole_BlackGram
val,Whole_BlackGram/WholeBlackGram_323.jpg,,Whole_BlackGram
val,Whole_BlackGram/WholeBlackGram_324.jpg,,Whole_BlackGram
val,Whole_BlackGram/WholeBlackGram_329.jpg,,Whole_BlackGram
val,Whole_BlackGram/WholeBlackGram_330.jpg,,Whole_BlackGram
val,Whole_BlackGram/WholeBlackGram_333.jpg,,Whole_BlackGram
val,Whole_BlackGram/WholeBlackGram_347.jpg,,Whole_BlackGram
val,Whole_BlackGram/WholeBlackGram_350.jpg,,Whole_BlackGram
val,Whole_BlackGram/WholeBlackGram_353.jpg,,Whole_BlackGram
val,Whole_BlackGram/WholeBlackGram_354.jpg,,Whole_BlackGram
val,Whole_BlackGram/WholeBlackGram_356.jpg,,Whole_BlackGram
val,Whole_BlackGram/WholeBlackGram_364.jpg,,Whole_BlackGram
val,Whole_BlackGram/WholeBlackGram_373.jpg,,Whole_BlackGram
val,Whole_BlackGram/WholeBlackGram_383.jpg,,Whole_BlackGram
val,Whole_BlackGram/WholeBlackGram_395.jpg,,Whole_BlackGram
val,Whole_BlackGram/WholeBlackGram_404.jpg,,Whole_BlackGram
val,Whole_BlackGram/WholeBlackGram_407.jpg,,Whole_BlackGram
val,Whole_BlackGram/WholeBlackGram_411.jpg,,Whole_BlackGram
val,Whole_BlackGram/WholeBlackGram_412.jpg,,Whole_BlackGram
val,Whole_BlackGram/WholeBlackGram_458.jpg,,Whole_BlackGram
val,Whole_BlackGram/WholeBlackGram_460.jpg,,Whole_BlackGram
val,Whole_BlackGram/WholeBlackGram_462.jpg,,Whole_BlackGram
val,Whole_BlackGram/WholeBlackGram_465.jpg,,Whole_BlackGram
val,Whole_BlackGram/WholeBlackGram_480.jpg,,Whole_BlackGram
val,Whole_BlackGram/WholeBlackGram_481.jpg,,Whole_BlackGram
val,Whole_BlackGram/WholeBlackGram_495.jpg,,Whole_BlackGram
val,Whole_BlackGram/WholeBlackGram_497.jpg,,Whole_BlackGram
val,Whole_BlackGram/WholeBlackGram_499.jpg,,Whole_BlackGram
val,Whole_GreenGram/WholeGreenGram_018.jpg,,Whole_GreenGram
val,Whole_GreenGram/WholeGreenGram_023.jpg,,Whole_GreenGram
val,Whole_GreenGram/WholeGreenGram_028.jpg,,Whole_GreenGram
val,Whole_GreenGram/WholeGreenGram_029.jpg,,Whole_GreenGram
val,Whole_GreenGram/WholeGreenGram_045.jpg,,Whole_GreenGram
val,Whole_GreenGram/WholeGreenGram_051.jpg,,Whole_GreenGram
val,Whole_GreenGram/WholeGreenGram_059.jpg,,Whole_GreenGram
val,Whole_GreenGram/WholeGreenGram_061.jpg,,Whole_GreenGram
val,Whole_GreenGram/WholeGreenGram_069.jpg,,Whole_GreenGram
val,Whole_GreenGram/WholeGreenGram_079.jpg,,Whole_GreenGram
val,Whole_GreenGram/WholeGreenGram_087.jpg,,Whole_GreenGram
val,Whole_GreenGram/WholeGreenGram_094.jpg,,Whole_GreenGram
val,Whole_GreenGram/WholeGreenGram_109.jpg,,Whole_GreenGram
val,Whole_GreenGram/WholeGreenGram_121.jpg,,Whole_GreenGram
val,Whole_GreenGram/WholeGreenGram_122.jpg,,Whole_GreenGram
val,Whole_GreenGram/WholeGreenGram_123.jpg,,Whole_GreenGram
val,Whole_GreenGram/WholeGreenGram_133.jpg,,Whole_GreenGram
val,Whole_GreenGram/WholeGreenGram_137.jpg,,Whole_GreenGram
val,Whole_GreenGram/WholeGreenGram_140.jpg,,Whole_GreenGram
val,Whole_GreenGram/WholeGreenGram_141.jpg,,Whole_GreenGram
val,Whole_GreenGram/WholeGreenGram_142.jpg,,Whole_GreenGram
val,Whole_GreenGram/WholeGreenGram_145.jpg,,Whole_GreenGram
val,Whole_GreenGram/WholeGreenGram_149.jpg,,Whole_GreenGram
val,Whole_GreenGram/WholeGreenGram_156.jpg,,Whole_GreenGram
val,Whole_GreenGram/WholeGreenGram_163.jpg,,Whole_GreenGram
val,Whole_GreenGram/WholeGreenGram_173.jpg,,Whole_GreenGram
val,Whole_GreenGram/WholeGreenGram_177.jpg,,Whole_GreenGram
val,Whole_GreenGram/WholeGreenGram_178.jpg,,Whole_GreenGram
val,Whole_GreenGram/WholeGreenGram_183.jpg,,Whole_GreenGram
val,Whole_GreenGram/WholeGreenGram_191.jpg,,Whole_GreenGram
val,Whole_GreenGram/WholeGreenGram_196.jpg,,Whole_GreenGram
val,Whole_GreenGram/WholeGreenGram_197.jpg,,Whole_GreenGram
val,Whole_GreenGram/WholeGreenGram_198.jpg,,Whole_GreenGram
val,Whole_GreenGram/WholeGreenGram_201.jpg,,Whole_GreenGram
val,Whole_GreenGram/WholeGreenGram_206.jpg,,Whole_GreenGram
val,Whole_GreenGram/WholeGreenGram_213.jpg,,Whole_GreenGram
val,Whole_GreenGram/WholeGreenGram_223.jpg,,Whole_GreenGram
val,Whole_GreenGram/WholeGreenGram_227.jpg,,Whole_GreenGram
val,Whole_GreenGram/WholeGreenGram_230.jpg,,Whole_GreenGram
val,Whole_GreenGram/WholeGreenGram_231.jpg,,Whole_GreenGram
val,Whole_GreenGram/WholeGreenGram_244.jpg,,Whole_GreenGram
val,Whole_GreenGram/WholeGreenGram_245.jpg,,Whole_GreenGram
val,Whole_GreenGram/WholeGreenGram_250.jpg,,Whole_GreenGram
val,Whole_GreenGram/WholeGreenGram_272.jpg,,Whole_GreenGram
val,Whole_GreenGram/WholeGreenGram_273.jpg,,Whole_GreenGram
val,Whole_GreenGram/WholeGreenGram_274.jpg,,Whole_GreenGram
val,Whole_GreenGram/WholeGreenGram_304.jpg,,Whole_GreenGram
val,Whole_GreenGram/WholeGreenGram_306.jpg,,Whole_GreenGram
val,Whole_GreenGram/WholeGreenGram_311.jpg,,Whole_GreenGram
val,Whole_GreenGram/WholeGreenGram_314.jpg,,Whole_GreenGram
val,Whole_GreenGram/WholeGreenGram_317.jpg,,Whole_GreenGram
val,Whole_GreenGram/WholeGreenGram_328.jpg,,Whole_GreenGram
val,Whole_GreenGram/WholeGreenGram_335.jpg,,Whole_GreenGram
val,Whole_GreenGram/WholeGreenGram_351.jpg,,Whole_GreenGram
val,Whole_GreenGram/WholeGreenGram_363.jpg,,Whole_GreenGram
val,Whole_GreenGram/WholeGreenGram_381.jpg,,Whole_GreenGram
val,Whole_GreenGram/WholeGreenGram_384.jpg,,Whole_GreenGram
val,Whole_GreenGram/WholeGreenGram_387.jpg,,Whole_GreenGram
val,Whole_GreenGram/WholeGreenGram_388.jpg,,Whole_GreenGram
val,Whole_GreenGram/WholeGreenGram_402.jpg,,Whole_GreenGram
val,Whole_GreenGram/WholeGreenGram_410.jpg,,Whole_GreenGram
val,Whole_GreenGram/WholeGreenGram_415.jpg,,Whole_GreenGram
val,Whole_GreenGram/WholeGreenGram_422.jpg,,Whole_GreenGram
val,Whole_GreenGram/WholeGreenGram_428.jpg,,Whole_GreenGram
val,Whole_GreenGram/WholeGreenGram_430.jpg,,Whole_GreenGram
val,Whole_GreenGram/WholeGreenGram_433.jpg,,Whole_GreenGram
val,Whole_GreenGram/WholeGreenGram_441.jpg,,Whole_GreenGram
val,Whole_GreenGram/WholeGreenGram_454.jpg,,Whole_GreenGram
val,Whole_GreenGram/WholeGreenGram_471.jpg,,Whole_GreenGram
val,Whole_GreenGram/WholeGreenGram_490.jpg,,Whole_GreenGram
val,Whole_TurkishGram/WholeTurkishGram_004.jpg,,Whole_TurkishGram
val,Whole_TurkishGram/WholeTurkishGram_008.jpg,,Whole_TurkishGram
val,Whole_TurkishGram/WholeTurkishGram_009.jpg,,Whole_TurkishGram
val,Whole_TurkishGram/WholeTurkishGram_010.jpg,,Whole_TurkishGram
val,Whole_TurkishGram/WholeTurkishGram_014.jpg,,Whole_TurkishGram
val,Whole_TurkishGram/WholeTurkishGram_019.jpg,,Whole_TurkishGram
val,Whole_TurkishGram/WholeTurkishGram_022.jpg,,Whole_TurkishGram
val,Whole_TurkishGram/WholeTurkishGram_024.jpg,,Whole_TurkishGram
val,Whole_TurkishGram/WholeTurkishGram_044.jpg,,Whole_TurkishGram
val,Whole_TurkishGram/WholeTurkishGram_046.jpg,,Whole_TurkishGram
val,Whole_TurkishGram/WholeTurkishGram_048.jpg,,Whole_TurkishGram
val,Whole_TurkishGram/WholeTurkishGram_069.jpg,,Whole_TurkishGram
val,Whole_TurkishGram/WholeTurkishGram_082.jpg,,Whole_TurkishGram
val,Whole_TurkishGram/WholeTurkishGram_089.jpg,,Whole_TurkishGram
val,Whole_TurkishGram/WholeTurkishGram_112.jpg,,Whole_TurkishGram
val,Whole_TurkishGram/WholeTurkishGram_113.jpg,,Whole_TurkishGram
val,Whole_TurkishGram/WholeTurkishGram_115.jpg,,Whole_TurkishGram
val,Whole_TurkishGram/WholeTurkishGram_124.jpg,,Whole_TurkishGram
val,Whole_TurkishGram/WholeTurkishGram_125.jpg,,Whole_TurkishGram
val,Whole_TurkishGram/WholeTurkishGram_128.jpg,,Whole_TurkishGram
val,Whole_TurkishGram/WholeTurkishGram_144.jpg,,Whole_TurkishGram
val,Whole_TurkishGram/WholeTurkishGram_153.jpg,,Whole_TurkishGram
val,Whole_TurkishGram/WholeTurkishGram_158.jpg,,Whole_TurkishGram
val,Whole_TurkishGram/WholeTurkishGram_169.jpg,,Whole_TurkishGram
val,Whole_TurkishGram/WholeTurkishGram_177.jpg,,Whole_TurkishGram
val,Whole_TurkishGram/WholeTurkishGram_185.jpg,,Whole_TurkishGram
val,Whole_TurkishGram/WholeTurkishGram_203.jpg,,Whole_TurkishGram
val,Whole_TurkishGram/WholeTurkishGram_209.jpg,,Whole_TurkishGram
val,Whole_TurkishGram/WholeTurkishGram_210.jpg,,Whole_TurkishGram
val,Whole_TurkishGram/WholeTurkishGram_212.jpg,,Whole_TurkishGram
val,Whole_TurkishGram/WholeTurkishGram_215.jpg,,Whole_TurkishGram
val,Whole_TurkishGram/WholeTurkishGram_221.jpg,,Whole_TurkishGram
val,Whole_TurkishGram/WholeTurkishGram_224.jpg,,Whole_TurkishGram
val,Whole_TurkishGram/WholeTurkishGram_233.jpg,,Whole_TurkishGram
val,Whole_TurkishGram/WholeTurkishGram_234.jpg,,Whole_TurkishGram
val,Whole_TurkishGram/WholeTurkishGram_237.jpg,,Whole_TurkishGram
val,Whole_TurkishGram/WholeTurkishGram_238.jpg,,Whole_TurkishGram
val,Whole_TurkishGram/WholeTurkishGram_239.jpg,,Whole_TurkishGram
val,Whole_TurkishGram/WholeTurkishGram_242.jpg,,Whole_TurkishGram
val,Whole_TurkishGram/WholeTurkishGram_247.jpg,,Whole_TurkishGram
val,Whole_TurkishGram/WholeTurkishGram_252.jpg,,Whole_TurkishGram
val,Whole_TurkishGram/WholeTurkishGram_255.jpg,,Whole_TurkishGram
val,Whole_TurkishGram/WholeTurkishGram_260.jpg,,Whole_TurkishGram
val,Whole_TurkishGram/WholeTurkishGram_269.jpg,,Whole_TurkishGram
val,Whole_TurkishGram/WholeTurkishGram_285.jpg,,Whole_TurkishGram
val,Whole_TurkishGram/WholeTurkishGram_287.jpg,,Whole_TurkishGram
val,Whole_TurkishGram/WholeTurkishGram_294.jpg,,Whole_TurkishGram
val,Whole_TurkishGram/WholeTurkishGram_297.jpg,,Whole_TurkishGram
val,Whole_TurkishGram/WholeTurkishGram_298.jpg,,Whole_TurkishGram
val,Whole_TurkishGram/WholeTurkishGram_300.jpg,,Whole_TurkishGram
val,Whole_TurkishGram/WholeTurkishGram_315.jpg,,Whole_TurkishGram
val,Whole_TurkishGram/WholeTurkishGram_328.jpg,,Whole_TurkishGram
val,Whole_TurkishGram/WholeTurkishGram_333.jpg,,Whole_TurkishGram
val,Whole_TurkishGram/WholeTurkishGram_344.jpg,,Whole_TurkishGram
val,Whole_TurkishGram/WholeTurkishGram_356.jpg,,Whole_TurkishGram
val,Whole_TurkishGram/WholeTurkishGram_358.jpg,,Whole_TurkishGram
val,Whole_TurkishGram/WholeTurkishGram_362.jpg,,Whole_TurkishGram
val,Whole_TurkishGram/WholeTurkishGram_375.jpg,,Whole_TurkishGram
val,Whole_TurkishGram/WholeTurkishGram_376.jpg,,Whole_TurkishGram
val,Whole_TurkishGram/WholeTurkishGram_377.jpg,,Whole_TurkishGram
val,Whole_TurkishGram/WholeTurkishGram_384.jpg,,Whole_TurkishGram
val,Whole_TurkishGram/WholeTurkishGram_387.jpg,,Whole_TurkishGram
val,Whole_TurkishGram/WholeTurkishGram_391.jpg,,Whole_TurkishGram
val,Whole_TurkishGram/WholeTurkishGram_395.jpg,,Whole_TurkishGram
val,Whole_TurkishGram/WholeTurkishGram_397.jpg,,Whole_TurkishGram
val,Whole_TurkishGram/WholeTurkishGram_406.jpg,,Whole_TurkishGram
val,Whole_TurkishGram/WholeTurkishGram_408.jpg,,Whole_TurkishGram
val,Whole_TurkishGram/WholeTurkishGram_410.jpg,,Whole_TurkishGram
val,Whole_TurkishGram/WholeTurkishGram_416.jpg,,Whole_TurkishGram
val,Whole_TurkishGram/WholeTurkishGram_430.jpg,,Whole_TurkishGram
val,Whole_TurkishGram/WholeTurkishGram_439.jpg,,Whole_TurkishGram
val,Whole_TurkishGram/WholeTurkishGram_440.jpg,,Whole_TurkishGram
val,Whole_TurkishGram/WholeTurkishGram_442.jpg,,Whole_TurkishGram
val,Whole_TurkishGram/WholeTurkishGram_443.jpg,,Whole_TurkishGram
val,Whole_TurkishGram/WholeTurkishGram_448.jpg,,Whole_TurkishGram
val,Whole_TurkishGram/WholeTurkishGram_458.jpg,,Whole_TurkishGram
val,Whole_TurkishGram/WholeTurkishGram_465.jpg,,Whole_TurkishGram
val,Whole_TurkishGram/WholeTurkishGram_474.jpg,,Whole_TurkishGram
val,Whole_TurkishGram/WholeTurkishGram_489.jpg,,Whole_TurkishGram
val,Whole_TurkishGram/WholeTurkishGram_495.jpg,,Whole_TurkishGram
val,Whole_TurkishGram/WholeTurkishGram_500.jpg,,Whole_TurkishGram
val,chana1/Chana1_014.jpg,,chana1
val,chana1/Chana1_026.jpg,,chana1
val,chana1/Chana1_030.jpg,,chana1
val,chana1/Chana1_039.jpg,,chana1
val,chana1/Chana1_041.jpg,,chana1
val,chana1/Chana1_056.jpg,,chana1
val,chana1/Chana1_091.jpg,,chana1
val,chana1/Chana1_092.jpg,,chana1
val,chana1/Chana1_107.jpg,,chana1
val,chana1/Chana1_108.jpg,,chana1
val,chana1/Chana1_117.jpg,,chana1
val,chana1/Chana1_130.jpg,,chana1
val,chana1/Chana1_131.jpg,,chana1
val,chana1/Chana1_137.jpg,,chana1
val,chana1/Chana1_145.jpg,,chana1
val,chana1/Chana1_159.jpg,,chana1
val,chana1/Chana1_166.jpg,,chana1
val,chana1/Chana1_222.jpg,,chana1
val,chana1/Chana1_223.jpg,,chana1
val,chana1/Chana1_228.jpg,,chana1
val,chana1/Chana1_263.jpg,,chana1
val,chana1/Chana1_290.jpg,,chana1
val,chana1/Chana1_301.jpg,,chana1
val,chana1/Chana1_305.jpg,,chana1
val,chana1/Chana1_310.jpg,,chana1
val,chana1/Chana1_313.jpg,,chana1
val,chana1/Chana1_334.jpg,,chana1
val,chana1/Chana1_343.jpg,,chana1
val,chana1/Chana1_461.jpg,,chana1
val,chana1/Chana1_478.jpg,,chana1
val,chana1/Chana1_483.jpg,,chana1
val,chana1/Chana1_497.jpg,,chana1
val,chana2/Chana2_005.jpg,,chana2
val,chana2/Chana2_028.jpg,,chana2
val,chana2/Chana2_033.jpg,,chana2
val,chana2/Chana2_121.jpg,,chana2
val,chana2/Chana2_122.jpg,,chana2
val,chana2/Chana2_127.jpg,,chana2
val,chana2/Chana2_130.jpg,,chana2
val,chana2/Chana2_131.jpg,,chana2
val,chana2/Chana2_141.jpg,,chana2
val,chana2/Chana2_153.jpg,,chana2
val,chana2/Chana2_158.jpg,,chana2
val,chana2/Chana2_159.jpg,,chana2
val,chana2/Chana2_163.jpg,,chana2
val,chana2/Chana2_169.jpg,,chana2
val,chana2/Chana2_190.jpg,,chana2
val,chana2/Chana2_192.jpg,,chana2
val,chana2/Chana2_196.jpg,,chana2
val,chana2/Chana2_207.jpg,,chana2
val,chana2/Chana2_220.jpg,,chana2
val,chana2/Chana2_227.jpg,,chana2
val,chana2/Chana2_229.jpg,,chana2
val,chana2/Chana2_240.jpg,,chana2
val,chana2/Chana2_255.jpg,,chana2
val,chana2/Chana2_278.jpg,,chana2
val,chana2/Chana2_311.jpg,,chana2
val,chana2/Chana2_382.jpg,,chana2
val,chana2/Chana2_424.jpg,,chana2
val,chana2/Chana2_434.jpg,,chana2
val,chana2/Chana2_440.jpg,,chana2
val,chana2/Chana2_443.jpg,,chana2
val,chana2/Chana2_452.jpg,,chana2
val,chana2/Chana2_455.jpg,,chana2
val,chana2/Chana2_461.jpg,,chana2
val,chana2/Chana2_462.jpg,,chana2
val,chana2/Chana2_465.jpg,,chana2
val,chana2/Chana2_467.jpg,,chana2
val,chana2/Chana2_468.jpg,,chana2
val,chana2/Chana2_476.jpg,,chana2
val,chana2/Chana2_493.jpg,,chana2
val,chana2/Chana2_495.jpg,,chana2
