split,image_path,label_path,classes
train,Asafoetida/Asafoetida9.jpg,,Asafoetida
train,Asafoetida/Asafoetida63.jpg,,Asafoetida
train,Asafoetida/Asafoetida164.jpg,,Asafoetida
train,Asafoetida/Asafoetida74.jpg,,Asafoetida
train,Asafoetida/Asafoetida293.jpg,,Asafoetida
train,Asafoetida/Asafoetida166.jpg,,Asafoetida
train,Asafoetida/Asafoetida57.jpg,,Asafoetida
train,Asafoetida/Asafoetida319.jpg,,Asafoetida
train,Asafoetida/Asafoetida147.jpg,,Asafoetida
train,Asafoetida/Asafoetida194.jpg,,Asafoetida
train,Asafoetida/Asafoetida271.jpg,,Asafoetida
train,Asafoetida/Asafoetida159.jpg,,Asafoetida
train,Asafoetida/Asafoetida200.jpg,,Asafoetida
train,Asafoetida/Asafoetida245.jpg,,Asafoetida
train,Asafoetida/Asafoetida309.jpg,,Asafoetida
train,Asafoetida/Asafoetida314.jpg,,Asafoetida
train,Asafoetida/Asafoetida257.jpg,,Asafoetida
train,Asafoetida/Asafoetida195.jpg,,Asafoetida
train,Asafoetida/Asafoetida228.jpg,,Asafoetida
train,Asafoetida/Asafoetida192.jpg,,Asafoetida
train,Asafoetida/Asafoetida171.jpg,,Asafoetida
train,Asafoetida/Asafoetida280.jpg,,Asafoetida
train,Asafoetida/Asafoetida289.jpg,,Asafoetida
train,Asafoetida/Asafoetida269.jpg,,Asafoetida
train,Asafoetida/Asafoetida189.jpg,,Asafoetida
train,Asafoetida/Asafoetida19.jpg,,Asafoetida
train,Asafoetida/Asafoetida316.jpg,,Asafoetida
train,Asafoetida/Asafoetida348.jpg,,Asafoetida
train,Asafoetida/Asafoetida186.jpg,,Asafoetida
train,Asafoetida/Asafoetida38.jpg,,Asafoetida
train,Asafoetida/Asafoetida33.jpg,,Asafoetida
train,Asafoetida/Asafoetida13.jpg,,Asafoetida
train,Asafoetida/Asafoetida3.jpg,,Asafoetida
train,Asafoetida/Asafoetida241.jpg,,Asafoetida
train,Asafoetida/Asafoetida333.jpg,,Asafoetida
train,Asafoetida/Asafoetida79.jpg,,Asafoetida
train,Asafoetida/Asafoetida291.jpg,,Asafoetida
train,Asafoetida/Asafoetida25.jpg,,Asafoetida
train,Asafoetida/Asafoetida122.jpg,,Asafoetida
train,Asafoetida/Asafoetida149.jpg,,Asafoetida
train,Asafoetida/Asafoetida334.jpg,,Asafoetida
train,Asafoetida/Asafoetida356.jpg,,Asafoetida
train,Asafoetida/Asafoetida229.jpg,,Asafoetida
train,Asafoetida/Asafoetida318.jpg,,Asafoetida
train,Asafoetida/Asafoetida78.jpg,,Asafoetida
train,Asafoetida/Asafoetida288.jpg,,Asafoetida
train,Asafoetida/Asafoetida158.jpg,,Asafoetida
train,Asafoetida/Asafoetida121.jpg,,Asafoetida
train,Asafoetida/Asafoetida44.jpg,,Asafoetida
train,Asafoetida/Asafoetida94.jpg,,Asafoetida
train,Asafoetida/Asafoetida179.jpg,,Asafoetida
train,Asafoetida/Asafoetida133.jpg,,Asafoetida
train,Asafoetida/Asafoetida53.jpg,,Asafoetida
train,Asafoetida/Asafoetida181.jpg,,Asafoetida
train,Asafoetida/Asafoetida238.jpg,,Asafoetida
train,Asafoetida/Asafoetida24.jpg,,Asafoetida
train,Asafoetida/Asafoetida34.jpg,,Asafoetida
train,Asafoetida/Asafoetida71.jpg,,Asafoetida
train,Asafoetida/Asafoetida108.jpg,,Asafoetida
train,Asafoetida/Asafoetida270.jpg,,Asafoetida
train,Asafoetida/Asafoetida30.jpg,,Asafoetida
train,Asafoetida/Asafoetida169.jpg,,Asafoetida
train,Asafoetida/Asafoetida260.jpg,,Asafoetida
train,Asafoetida/Asafoetida336.jpg,,Asafoetida
train,Asafoetida/Asafoetida248.jpg,,Asafoetida
train,Asafoetida/Asafoetida39.jpg,,Asafoetida
train,Asafoetida/Asafoetida299.jpg,,Asafoetida
train,Asafoetida/Asafoetida362.jpg,,Asafoetida
train,Asafoetida/Asafoetida184.jpg,,Asafoetida
train,Asafoetida/Asafoetida176.jpg,,Asafoetida
train,Asafoetida/Asafoetida132.jpg,,Asafoetida
train,Asafoetida/Asafoetida213.jpg,,Asafoetida
train,Asafoetida/Asafoetida116.jpg,,Asafoetida
train,Asafoetida/Asafoetida301.jpg,,Asafoetida
train,Asafoetida/Asafoetida6.jpg,,Asafoetida
train,Asafoetida/Asafoetida219.jpg,,Asafoetida
train,Asafoetida/Asafoetida360.jpg,,Asafoetida
train,Asafoetida/Asafoetida231.jpg,,Asafoetida
train,Asafoetida/Asafoetida306.jpg,,Asafoetida
train,Asafoetida/Asafoetida61.jpg,,Asafoetida
train,Asafoetida/Asafoetida277.jpg,,Asafoetida
train,Asafoetida/Asafoetida287.jpg,,Asafoetida
train,Asafoetida/Asafoetida18.jpg,,Asafoetida
train,Asafoetida/Asafoetida77.jpg,,Asafoetida
train,Asafoetida/Asafoetida312.jpg,,Asafoetida
train,Asafoetida/Asafoetida29.jpg,,Asafoetida
train,Asafoetida/Asafoetida268.jpg,,Asafoetida
train,Asafoetida/Asafoetida255.jpg,,Asafoetida
train,Asafoetida/Asafoetida337.jpg,,Asafoetida
train,Asafoetida/Asafoetida295.jpg,,Asafoetida
train,Asafoetida/Asafoetida344.jpg,,Asafoetida
train,Asafoetida/Asafoetida109.jpg,,Asafoetida
train,Asafoetida/Asafoetida317.jpg,,Asafoetida
train,Asafoetida/Asafoetida161.jpg,,Asafoetida
train,Asafoetida/Asafoetida207.jpg,,Asafoetida
train,Asafoetida/Asafoetida209.jpg,,Asafoetida
train,Asafoetida/Asafoetida205.jpg,,Asafoetida
train,Asafoetida/Asafoetida82.jpg,,Asafoetida
train,Asafoetida/Asafoetida235.jpg,,Asafoetida
train,Asafoetida/Asafoetida107.jpg,,Asafoetida
train,Asafoetida/Asafoetida307.jpg,,Asafoetida
train,Asafoetida/Asafoetida355.jpg,,Asafoetida
train,Asafoetida/Asafoetida47.jpg,,Asafoetida
train,Asafoetida/Asafoetida46.jpg,,Asafoetida
train,Asafoetida/Asafoetida251.jpg,,Asafoetida
train,Asafoetida/Asafoetida230.jpg,,Asafoetida
train,Asafoetida/Asafoetida242.jpg,,Asafoetida
train,Asafoetida/Asafoetida304.jpg,,Asafoetida
train,Asafoetida/Asafoetida198.jpg,,Asafoetida
train,Asafoetida/Asafoetida216.jpg,,Asafoetida
train,Asafoetida/Asafoetida127.jpg,,Asafoetida
train,Asafoetida/Asafoetida80.jpg,,Asafoetida
train,Asafoetida/Asafoetida224.jpg,,Asafoetida
train,Asafoetida/Asafoetida352.jpg,,Asafoetida
train,Asafoetida/Asafoetida138.jpg,,Asafoetida
train,Asafoetida/Asafoetida21.jpg,,Asafoetida
train,Asafoetida/Asafoetida26.jpg,,Asafoetida
train,Asafoetida/Asafoetida105.jpg,,Asafoetida
train,Asafoetida/Asafoetida97.jpg,,Asafoetida
train,Asafoetida/Asafoetida323.jpg,,Asafoetida
train,Asafoetida/Asafoetida357.jpg,,Asafoetida
train,Asafoetida/Asafoetida240.jpg,,Asafoetida
train,Asafoetida/Asafoetida104.jpg,,Asafoetida
train,Asafoetida/Asafoetida183.jpg,,Asafoetida
train,Asafoetida/Asafoetida286.jpg,,Asafoetida
train,Asafoetida/Asafoetida152.jpg,,Asafoetida
train,Asafoetida/Asafoetida64.jpg,,Asafoetida
train,Asafoetida/Asafoetida253.jpg,,Asafoetida
train,Asafoetida/Asafoetida180.jpg,,Asafoetida
train,Asafoetida/Asafoetida99.jpg,,Asafoetida
train,Asafoetida/Asafoetida4.jpg,,Asafoetida
train,Asafoetida/Asafoetida342.jpg,,Asafoetida
train,Asafoetida/Asafoetida142.jpg,,Asafoetida
train,Asafoetida/Asafoetida193.jpg,,Asafoetida
train,Asafoetida/Asafoetida363.jpg,,Asafoetida
train,Asafoetida/Asafoetida155.jpg,,Asafoetida
train,Asafoetida/Asafoetida259.jpg,,Asafoetida
train,Asafoetida/Asafoetida55.jpg,,Asafoetida
train,Asafoetida/Asafoetida252.jpg,,Asafoetida
train,Asafoetida/Asafoetida60.jpg,,Asafoetida
train,Asafoetida/Asafoetida338.jpg,,Asafoetida
train,Asafoetida/Asafoetida153.jpg,,Asafoetida
train,Asafoetida/Asafoetida217.jpg,,Asafoetida
train,Asafoetida/Asafoetida233.jpg,,Asafoetida
train,Asafoetida/Asafoetida175.jpg,,Asafoetida
train,Asafoetida/Asafoetida106.jpg,,Asafoetida
train,Asafoetida/Asafoetida263.jpg,,Asafoetida
train,Asafoetida/Asafoetida303.jpg,,Asafoetida
train,Asafoetida/Asafoetida86.jpg,,Asafoetida
train,Asafoetida/Asafoetida115.jpg,,Asafoetida
train,Asafoetida/Asafoetida10.jpg,,Asafoetida
train,Asafoetida/Asafoetida15.jpg,,Asafoetida
train,Asafoetida/Asafoetida65.jpg,,Asafoetida
train,Asafoetida/Asafoetida151.jpg,,Asafoetida
train,Asafoetida/Asafoetida313.jpg,,Asafoetida
train,Asafoetida/Asafoetida50.jpg,,Asafoetida
train,Asafoetida/Asafoetida103.jpg,,Asafoetida
train,Asafoetida/Asafoetida177.jpg,,Asafoetida
train,Asafoetida/Asafoetida32.jpg,,Asafoetida
train,Asafoetida/Asafoetida98.jpg,,Asafoetida
train,Asafoetida/Asafoetida54.jpg,,Asafoetida
train,Asafoetida/Asafoetida126.jpg,,Asafoetida
train,Asafoetida/Asafoetida202.jpg,,Asafoetida
train,Asafoetida/Asafoetida218.jpg,,Asafoetida
train,Asafoetida/Asafoetida332.jpg,,Asafoetida
train,Asafoetida/Asafoetida282.jpg,,Asafoetida
train,Asafoetida/Asafoetida191.jpg,,Asafoetida
train,Asafoetida/Asafoetida67.jpg,,Asafoetida
train,Asafoetida/Asafoetida41.jpg,,Asafoetida
train,Asafoetida/Asafoetida28.jpg,,Asafoetida
train,Asafoetida/Asafoetida148.jpg,,Asafoetida
train,Asafoetida/Asafoetida321.jpg,,Asafoetida
train,Asafoetida/Asafoetida285.jpg,,Asafoetida
train,Asafoetida/Asafoetida278.jpg,,Asafoetida
train,Asafoetida/Asafoetida7.jpg,,Asafoetida
train,Asafoetida/Asafoetida137.jpg,,Asafoetida
train,Asafoetida/Asafoetida96.jpg,,Asafoetida
train,Asafoetida/Asafoetida208.jpg,,Asafoetida
train,Asafoetida/Asafoetida250.jpg,,Asafoetida
train,Asafoetida/Asafoetida261.jpg,,Asafoetida
train,Asafoetida/Asafoetida128.jpg,,Asafoetida
train,Asafoetida/Asafoetida361.jpg,,Asafoetida
train,Asafoetida/Asafoetida114.jpg,,Asafoetida
train,Asafoetida/Asafoetida210.jpg,,Asafoetida
train,Asafoetida/Asafoetida118.jpg,,Asafoetida
train,Asafoetida/Asafoetida117.jpg,,Asafoetida
train,Asafoetida/Asafoetida23.jpg,,Asafoetida
train,Asafoetida/Asafoetida364.jpg,,Asafoetida
train,Asafoetida/Asafoetida111.jpg,,Asafoetida
train,Asafoetida/Asafoetida154.jpg,,Asafoetida
train,Asafoetida/Asafoetida17.jpg,,Asafoetida
train,Asafoetida/Asafoetida182.jpg,,Asafoetida
train,Asafoetida/Asafoetida300.jpg,,Asafoetida
train,Asafoetida/Asafoetida102.jpg,,Asafoetida
train,Asafoetida/Asafoetida8.jpg,,Asafoetida
train,Asafoetida/Asafoetida173.jpg,,Asafoetida
train,Asafoetida/Asafoetida237.jpg,,Asafoetida
train,Asafoetida/Asafoetida335.jpg,,Asafoetida
train,Asafoetida/Asafoetida315.jpg,,Asafoetida
train,Asafoetida/Asafoetida279.jpg,,Asafoetida
train,Asafoetida/Asafoetida354.jpg,,Asafoetida
train,Asafoetida/Asafoetida136.jpg,,Asafoetida
train,Asafoetida/Asafoetida76.jpg,,Asafoetida
train,Asafoetida/Asafoetida185.jpg,,Asafoetida
train,Asafoetida/Asafoetida330.jpg,,Asafoetida
train,Asafoetida/Asafoetida144.jpg,,Asafoetida
train,Asafoetida/Asafoetida239.jpg,,Asafoetida
train,Asafoetida/Asafoetida290.jpg,,Asafoetida
train,Asafoetida/Asafoetida246.jpg,,Asafoetida
train,Asafoetida/Asafoetida168.jpg,,Asafoetida
train,Asafoetida/Asafoetida325.jpg,,Asafoetida
train,Asafoetida/Asafoetida123.jpg,,Asafoetida
train,Asafoetida/Asafoetida215.jpg,,Asafoetida
train,Asafoetida/Asafoetida14.jpg,,Asafoetida
train,Asafoetida/Asafoetida275.jpg,,Asafoetida
train,Asafoetida/Asafoetida214.jpg,,Asafoetida
train,Asafoetida/Asafoetida16.jpg,,Asafoetida
train,Asafoetida/Asafoetida296.jpg,,Asafoetida
train,Asafoetida/Asafoetida340.jpg,,Asafoetida
train,Asafoetida/Asafoetida1.jpg,,Asafoetida
train,Asafoetida/Asafoetida45.jpg,,Asafoetida
train,Asafoetida/Asafoetida324.jpg,,Asafoetida
train,Asafoetida/Asafoetida84.jpg,,Asafoetida
train,Asafoetida/Asafoetida167.jpg,,Asafoetida
train,Asafoetida/Asafoetida327.jpg,,Asafoetida
train,Asafoetida/Asafoetida36.jpg,,Asafoetida
train,Asafoetida/Asafoetida247.jpg,,Asafoetida
train,Asafoetida/Asafoetida276.jpg,,Asafoetida
train,Asafoetida/Asafoetida160.jpg,,Asafoetida
train,Asafoetida/Asafoetida272.jpg,,Asafoetida
train,Asafoetida/Asafoetida347.jpg,,Asafoetida
train,Asafoetida/Asafoetida302.jpg,,Asafoetida
train,Asafoetida/Asafoetida56.jpg,,Asafoetida
train,Asafoetida/Asafoetida125.jpg,,Asafoetida
train,Asafoetida/Asafoetida265.jpg,,Asafoetida
train,Asafoetida/Asafoetida322.jpg,,Asafoetida
train,Asafoetida/Asafoetida100.jpg,,Asafoetida
train,Asafoetida/Asafoetida328.jpg,,Asafoetida
train,Asafoetida/Asafoetida226.jpg,,Asafoetida
train,Asafoetida/Asafoetida157.jpg,,Asafoetida
train,Asafoetida/Asafoetida339.jpg,,Asafoetida
train,Asafoetida/Asafoetida73.jpg,,Asafoetida
train,Asafoetida/Asafoetida320.jpg,,Asafoetida
train,Asafoetida/Asafoetida187.jpg,,Asafoetida
train,Asafoetida/Asafoetida48.jpg,,Asafoetida
train,Asafoetida/Asafoetida35.jpg,,Asafoetida
train,Asafoetida/Asafoetida236.jpg,,Asafoetida
train,Asafoetida/Asafoetida343.jpg,,Asafoetida
train,Asafoetida/Asafoetida69.jpg,,Asafoetida
train,Asafoetida/Asafoetida341.jpg,,Asafoetida
train,Asafoetida/Asafoetida89.jpg,,Asafoetida
train,Asafoetida/Asafoetida243.jpg,,Asafoetida
train,Asafoetida/Asafoetida134.jpg,,Asafoetida
train,Asafoetida/Asafoetida351.jpg,,Asafoetida
train,Asafoetida/Asafoetida298.jpg,,Asafoetida
train,Asafoetida/Asafoetida120.jpg,,Asafoetida
train,Asafoetida/Asafoetida140.jpg,,Asafoetida
train,Asafoetida/Asafoetida326.jpg,,Asafoetida
train,Asafoetida/Asafoetida162.jpg,,Asafoetida
train,Asafoetida/Asafoetida51.jpg,,Asafoetida
train,Asafoetida/Asafoetida59.jpg,,Asafoetida
train,Asafoetida/Asafoetida283.jpg,,Asafoetida
train,Asafoetida/Asafoetida297.jpg,,Asafoetida
train,Asafoetida/Asafoetida22.jpg,,Asafoetida
train,Asafoetida/Asafoetida212.jpg,,Asafoetida
train,Asafoetida/Asafoetida93.jpg,,Asafoetida
train,Asafoetida/Asafoetida58.jpg,,Asafoetida
train,Asafoetida/Asafoetida165.jpg,,Asafoetida
train,Asafoetida/Asafoetida31.jpg,,Asafoetida
train,Asafoetida/Asafoetida281.jpg,,Asafoetida
train,Asafoetida/Asafoetida329.jpg,,Asafoetida
train,Asafoetida/Asafoetida359.jpg,,Asafoetida
train,Asafoetida/Asafoetida349.jpg,,Asafoetida
train,Asafoetida/Asafoetida197.jpg,,Asafoetida
train,Asafoetida/Asafoetida129.jpg,,Asafoetida
train,Asafoetida/Asafoetida222.jpg,,Asafoetida
train,Asafoetida/Asafoetida284.jpg,,Asafoetida
train,Asafoetida/Asafoetida244.jpg,,Asafoetida
train,Asafoetida/Asafoetida87.jpg,,Asafoetida
train,Asafoetida/Asafoetida204.jpg,,Asafoetida
train,Asafoetida/Asafoetida124.jpg,,Asafoetida
train,Asafoetida/Asafoetida249.jpg,,Asafoetida
train,Asafoetida/Asafoetida75.jpg,,Asafoetida
train,Asafoetida/Asafoetida223.jpg,,Asafoetida
train,Asafoetida/Asafoetida40.jpg,,Asafoetida
train,Asafoetida/Asafoetida311.jpg,,Asafoetida
train,Asafoetida/Asafoetida81.jpg,,Asafoetida
train,Asafoetida/Asafoetida95.jpg,,Asafoetida
train,Asafoetida/Asafoetida345.jpg,,Asafoetida
train,Asafoetida/Asafoetida178.jpg,,Asafoetida
train,Asafoetida/Asafoetida131.jpg,,Asafoetida
val,Asafoetida/Asafoetida221.jpg,,Asafoetida
val,Asafoetida/Asafoetida196.jpg,,Asafoetida
val,Asafoetida/Asafoetida262.jpg,,Asafoetida
val,Asafoetida/Asafoetida27.jpg,,Asafoetida
val,Asafoetida/Asafoetida174.jpg,,Asafoetida
val,Asafoetida/Asafoetida267.jpg,,Asafoetida
val,Asafoetida/Asafoetida308.jpg,,Asafoetida
val,Asafoetida/Asafoetida68.jpg,,Asafoetida
val,Asafoetida/Asafoetida62.jpg,,Asafoetida
val,Asafoetida/Asafoetida145.jpg,,Asafoetida
val,Asafoetida/Asafoetida91.jpg,,Asafoetida
val,Asafoetida/Asafoetida52.jpg,,Asafoetida
val,Asafoetida/Asafoetida232.jpg,,Asafoetida
val,Asafoetida/Asafoetida203.jpg,,Asafoetida
val,Asafoetida/Asafoetida12.jpg,,Asafoetida
val,Asafoetida/Asafoetida130.jpg,,Asafoetida
val,Asafoetida/Asafoetida188.jpg,,Asafoetida
val,Asafoetida/Asafoetida37.jpg,,Asafoetida
val,Asafoetida/Asafoetida266.jpg,,Asafoetida
val,Asafoetida/Asafoetida234.jpg,,Asafoetida
val,Asafoetida/Asafoetida353.jpg,,Asafoetida
val,Asafoetida/Asafoetida135.jpg,,Asafoetida
val,Asafoetida/Asafoetida273.jpg,,Asafoetida
val,Asafoetida/Asafoetida156.jpg,,Asafoetida
val,Asafoetida/Asafoetida346.jpg,,Asafoetida
val,Asafoetida/Asafoetida310.jpg,,Asafoetida
val,Asafoetida/Asafoetida119.jpg,,Asafoetida
val,Asafoetida/Asafoetida220.jpg,,Asafoetida
val,Asafoetida/Asafoetida5.jpg,,Asafoetida
val,Asafoetida/Asafoetida258.jpg,,Asafoetida
val,Asafoetida/Asafoetida264.jpg,,Asafoetida
val,Asafoetida/Asafoetida143.jpg,,Asafoetida
val,Asafoetida/Asafoetida274.jpg,,Asafoetida
val,Asafoetida/Asafoetida85.jpg,,Asafoetida
val,Asafoetida/Asafoetida92.jpg,,Asafoetida
val,Asafoetida/Asafoetida254.jpg,,Asafoetida
test,Asafoetida/Asafoetida199.jpg,,Asafoetida
test,Asafoetida/Asafoetida170.jpg,,Asafoetida
test,Asafoetida/Asafoetida72.jpg,,Asafoetida
test,Asafoetida/Asafoetida256.jpg,,Asafoetida
test,Asafoetida/Asafoetida88.jpg,,Asafoetida
test,Asafoetida/Asafoetida172.jpg,,Asafoetida
test,Asafoetida/Asafoetida101.jpg,,Asafoetida
test,Asafoetida/Asafoetida227.jpg,,Asafoetida
test,Asafoetida/Asafoetida42.jpg,,Asafoetida
test,Asafoetida/Asafoetida305.jpg,,Asafoetida
test,Asafoetida/Asafoetida20.jpg,,Asafoetida
test,Asafoetida/Asafoetida292.jpg,,Asafoetida
test,Asafoetida/Asafoetida90.jpg,,Asafoetida
test,Asafoetida/Asafoetida70.jpg,,Asafoetida
test,Asafoetida/Asafoetida190.jpg,,Asafoetida
test,Asafoetida/Asafoetida358.jpg,,Asafoetida
test,Asafoetida/Asafoetida110.jpg,,Asafoetida
test,Asafoetida/Asafoetida49.jpg,,Asafoetida
test,Asafoetida/Asafoetida331.jpg,,Asafoetida
test,Asafoetida/Asafoetida206.jpg,,Asafoetida
test,Asafoetida/Asafoetida2.jpg,,Asafoetida
test,Asafoetida/Asafoetida141.jpg,,Asafoetida
test,Asafoetida/Asafoetida112.jpg,,Asafoetida
test,Asafoetida/Asafoetida113.jpg,,Asafoetida
test,Asafoetida/Asafoetida294.jpg,,Asafoetida
test,Asafoetida/Asafoetida43.jpg,,Asafoetida
test,Asafoetida/Asafoetida139.jpg,,Asafoetida
test,Asafoetida/Asafoetida350.jpg,,Asafoetida
test,Asafoetida/Asafoetida83.jpg,,Asafoetida
test,Asafoetida/Asafoetida146.jpg,,Asafoetida
test,Asafoetida/Asafoetida163.jpg,,Asafoetida
test,Asafoetida/Asafoetida201.jpg,,Asafoetida
test,Asafoetida/Asafoetida211.jpg,,Asafoetida
test,Asafoetida/Asafoetida225.jpg,,Asafoetida
test,Asafoetida/Asafoetida11.jpg,,Asafoetida
test,Asafoetida/Asafoetida150.jpg,,Asafoetida
test,Asafoetida/Asafoetida66.jpg,,Asafoetida
train,Bay Leaf/BayLeaf828.jpg,,Bay Leaf
train,Bay Leaf/BayLeaf905.jpg,,Bay Leaf
train,Bay Leaf/BayLeaf617.jpg,,Bay Leaf
train,Bay Leaf/BayLeaf240.jpg,,Bay Leaf
train,Bay Leaf/BayLeaf1029.jpg,,Bay Leaf
train,Bay Leaf/BayLeaf1027.jpg,,Bay Leaf
train,Bay Leaf/BayLeaf365.jpg,,Bay Leaf
train,Bay Leaf/BayLeaf150.jpg,,Bay Leaf
train,Bay Leaf/BayLeaf135.jpg,,Bay Leaf
train,Bay Leaf/BayLeaf750.jpg,,Bay Leaf
train,Bay Leaf/BayLeaf411.jpg,,Bay Leaf
train,Bay Leaf/BayLeaf769.jpg,,Bay Leaf
train,Bay Leaf/BayLeaf486.jpg,,Bay Leaf
train,Bay Leaf/BayLeaf764.jpg,,Bay Leaf
train,Bay Leaf/BayLeaf444.jpg,,Bay Leaf
train,Bay Leaf/BayLeaf235.jpg,,Bay Leaf
train,Bay Leaf/BayLeaf425.jpg,,Bay Leaf
train,Bay Leaf/BayLeaf124.jpg,,Bay Leaf
train,Bay Leaf/BayLeaf761.jpg,,Bay Leaf
train,Bay Leaf/BayLeaf736.jpg,,Bay Leaf
train,Bay Leaf/BayLeaf809.jpg,,Bay Leaf
train,Bay Leaf/BayLeaf649.jpg,,Bay Leaf
train,Bay Leaf/BayLeaf831.jpg,,Bay Leaf
train,Bay Leaf/BayLeaf693.jpg,,Bay Leaf
train,Bay Leaf/BayLeaf141.jpg,,Bay Leaf
train,Bay Leaf/BayLeaf937.jpg,,Bay Leaf
train,Bay Leaf/BayLeaf61.jpg,,Bay Leaf
train,Bay Leaf/BayLeaf82.jpg,,Bay Leaf
train,Bay Leaf/BayLeaf214.jpg,,Bay Leaf
train,Bay Leaf/BayLeaf201.jpg,,Bay Leaf
train,Bay Leaf/BayLeaf859.jpg,,Bay Leaf
train,Bay Leaf/BayLeaf1008.jpg,,Bay Leaf
train,Bay Leaf/BayLeaf477.jpg,,Bay Leaf
train,Bay Leaf/BayLeaf195.jpg,,Bay Leaf
train,Bay Leaf/BayLeaf524.jpg,,Bay Leaf
train,Bay Leaf/BayLeaf793.jpg,,Bay Leaf
train,Bay Leaf/BayLeaf382.jpg,,Bay Leaf
train,Bay Leaf/BayLeaf1006.jpg,,Bay Leaf
train,Bay Leaf/BayLeaf14.jpg,,Bay Leaf
train,Bay Leaf/BayLeaf110.jpg,,Bay Leaf
train,Bay Leaf/BayLeaf148.jpg,,Bay Leaf
train,Bay Leaf/BayLeaf290.jpg,,Bay Leaf
train,Bay Leaf/BayLeaf300.jpg,,Bay Leaf
train,Bay Leaf/BayLeaf35.jpg,,Bay Leaf
train,Bay Leaf/BayLeaf975.jpg,,Bay Leaf
train,Bay Leaf/BayLeaf384.jpg,,Bay Leaf
train,Bay Leaf/BayLeaf766.jpg,,Bay Leaf
train,Bay Leaf/BayLeaf887.jpg,,Bay Leaf
train,Bay Leaf/BayLeaf111.jpg,,Bay Leaf
train,Bay Leaf/BayLeaf1017.jpg,,Bay Leaf
train,Bay Leaf/BayLeaf51.jpg,,Bay Leaf
train,Bay Leaf/BayLeaf915.jpg,,Bay Leaf
train,Bay Leaf/BayLeaf787.jpg,,Bay Leaf
train,Bay Leaf/BayLeaf317.jpg,,Bay Leaf
train,Bay Leaf/BayLeaf730.jpg,,Bay Leaf
train,Bay Leaf/BayLeaf949.jpg,,Bay Leaf
train,Bay Leaf/BayLeaf902.jpg,,Bay Leaf
train,Bay Leaf/BayLeaf232.jpg,,Bay Leaf
train,Bay Leaf/BayLeaf114.jpg,,Bay Leaf
train,Bay Leaf/BayLeaf134.jpg,,Bay Leaf
train,Bay Leaf/BayLeaf1070.jpg,,Bay Leaf
train,Bay Leaf/BayLeaf506.jpg,,Bay Leaf
train,Bay Leaf/BayLeaf33.jpg,,Bay Leaf
train,Bay Leaf/BayLeaf1011.jpg,,Bay Leaf
train,Bay Leaf/BayLeaf832.jpg,,Bay Leaf
train,Bay Leaf/BayLeaf600.jpg,,Bay Leaf
train,Bay Leaf/BayLeaf208.jpg,,Bay Leaf
train,Bay Leaf/BayLeaf281.jpg,,Bay Leaf
train,Bay Leaf/BayLeaf379.jpg,,Bay Leaf
train,Bay Leaf/BayLeaf908.jpg,,Bay Leaf
train,Bay Leaf/BayLeaf907.jpg,,Bay Leaf
train,Bay Leaf/BayLeaf961.jpg,,Bay Leaf
train,Bay Leaf/BayLeaf57.jpg,,Bay Leaf
train,Bay Leaf/BayLeaf895.jpg,,Bay Leaf
train,Bay Leaf/BayLeaf606.jpg,,Bay Leaf
train,Bay Leaf/BayLeaf185.jpg,,Bay Leaf
train,Bay Leaf/BayLeaf586.jpg,,Bay Leaf
train,Bay Leaf/BayLeaf776.jpg,,Bay Leaf
train,Bay Leaf/BayLeaf934.jpg,,Bay Leaf
train,Bay Leaf/BayLeaf369.jpg,,Bay Leaf
train,Bay Leaf/BayLeaf562.jpg,,Bay Leaf
train,Bay Leaf/BayLeaf140.jpg,,Bay Leaf
train,Bay Leaf/BayLeaf430.jpg,,Bay Leaf
train,Bay Leaf/BayLeaf783.jpg,,Bay Leaf
train,Bay Leaf/BayLeaf118.jpg,,Bay Leaf
train,Bay Leaf/BayLeaf490.jpg,,Bay Leaf
train,Bay Leaf/BayLeaf800.jpg,,Bay Leaf
train,Bay Leaf/BayLeaf879.jpg,,Bay Leaf
train,Bay Leaf/BayLeaf795.jpg,,Bay Leaf
train,Bay Leaf/BayLeaf841.jpg,,Bay Leaf
train,Bay Leaf/BayLeaf788.jpg,,Bay Leaf
train,Bay Leaf/BayLeaf615.jpg,,Bay Leaf
train,Bay Leaf/BayLeaf342.jpg,,Bay Leaf
train,Bay Leaf/BayLeaf188.jpg,,Bay Leaf
train,Bay Leaf/BayLeaf1042.jpg,,Bay Leaf
train,Bay Leaf/BayLeaf36.jpg,,Bay Leaf
train,Bay Leaf/BayLeaf106.jpg,,Bay Leaf
train,Bay Leaf/BayLeaf467.jpg,,Bay Leaf
train,Bay Leaf/BayLeaf514.jpg,,Bay Leaf
train,Bay Leaf/BayLeaf904.jpg,,Bay Leaf
train,Bay Leaf/BayLeaf439.jpg,,Bay Leaf
train,Bay Leaf/BayLeaf75.jpg,,Bay Leaf
train,Bay Leaf/BayLeaf1001.jpg,,Bay Leaf
train,Bay Leaf/BayLeaf511.jpg,,Bay Leaf
train,Bay Leaf/BayLeaf566.jpg,,Bay Leaf
train,Bay Leaf/BayLeaf966.jpg,,Bay Leaf
train,Bay Leaf/BayLeaf528.jpg,,Bay Leaf
train,Bay Leaf/BayLeaf726.jpg,,Bay Leaf
train,Bay Leaf/BayLeaf671.jpg,,Bay Leaf
train,Bay Leaf/BayLeaf805.jpg,,Bay Leaf
train,Bay Leaf/BayLeaf38.jpg,,Bay Leaf
train,Bay Leaf/BayLeaf350.jpg,,Bay Leaf
train,Bay Leaf/BayLeaf953.jpg,,Bay Leaf
train,Bay Leaf/BayLeaf495.jpg,,Bay Leaf
train,Bay Leaf/BayLeaf927.jpg,,Bay Leaf
train,Bay Leaf/BayLeaf621.jpg,,Bay Leaf
train,Bay Leaf/BayLeaf337.jpg,,Bay Leaf
train,Bay Leaf/BayLeaf362.jpg,,Bay Leaf
train,Bay Leaf/BayLeaf703.jpg,,Bay Leaf
train,Bay Leaf/BayLeaf876.jpg,,Bay Leaf
train,Bay Leaf/BayLeaf906.jpg,,Bay Leaf
train,Bay Leaf/BayLeaf56.jpg,,Bay Leaf
train,Bay Leaf/BayLeaf640.jpg,,Bay Leaf
train,Bay Leaf/BayLeaf4.jpg,,Bay Leaf
train,Bay Leaf/BayLeaf526.jpg,,Bay Leaf
train,Bay Leaf/BayLeaf193.jpg,,Bay Leaf
train,Bay Leaf/BayLeaf152.jpg,,Bay Leaf
train,Bay Leaf/BayLeaf657.jpg,,Bay Leaf
train,Bay Leaf/BayLeaf565.jpg,,Bay Leaf
train,Bay Leaf/BayLeaf364.jpg,,Bay Leaf
train,Bay Leaf/BayLeaf142.jpg,,Bay Leaf
train,Bay Leaf/BayLeaf1083.jpg,,Bay Leaf
train,Bay Leaf/BayLeaf643.jpg,,Bay Leaf
train,Bay Leaf/BayLeaf659.jpg,,Bay Leaf
train,Bay Leaf/BayLeaf878.jpg,,Bay Leaf
train,Bay Leaf/BayLeaf1000.jpg,,Bay Leaf
train,Bay Leaf/BayLeaf22.jpg,,Bay Leaf
train,Bay Leaf/BayLeaf378.jpg,,Bay Leaf
train,Bay Leaf/BayLeaf852.jpg,,Bay Leaf
train,Bay Leaf/BayLeaf549.jpg,,Bay Leaf
train,Bay Leaf/BayLeaf105.jpg,,Bay Leaf
train,Bay Leaf/BayLeaf233.jpg,,Bay Leaf
train,Bay Leaf/BayLeaf667.jpg,,Bay Leaf
train,Bay Leaf/BayLeaf412.jpg,,Bay Leaf
train,Bay Leaf/BayLeaf589.jpg,,Bay Leaf
train,Bay Leaf/BayLeaf824.jpg,,Bay Leaf
train,Bay Leaf/BayLeaf559.jpg,,Bay Leaf
train,Bay Leaf/BayLeaf611.jpg,,Bay Leaf
train,Bay Leaf/BayLeaf582.jpg,,Bay Leaf
train,Bay Leaf/BayLeaf623.jpg,,Bay Leaf
train,Bay Leaf/BayLeaf958.jpg,,Bay Leaf
train,Bay Leaf/BayLeaf608.jpg,,Bay Leaf
train,Bay Leaf/BayLeaf752.jpg,,Bay Leaf
train,Bay Leaf/BayLeaf213.jpg,,Bay Leaf
train,Bay Leaf/BayLeaf682.jpg,,Bay Leaf
train,Bay Leaf/BayLeaf610.jpg,,Bay Leaf
train,Bay Leaf/BayLeaf366.jpg,,Bay Leaf
train,Bay Leaf/BayLeaf653.jpg,,Bay Leaf
train,Bay Leaf/BayLeaf117.jpg,,Bay Leaf
train,Bay Leaf/BayLeaf618.jpg,,Bay Leaf
train,Bay Leaf/BayLeaf866.jpg,,Bay Leaf
train,Bay Leaf/BayLeaf677.jpg,,Bay Leaf
train,Bay Leaf/BayLeaf1028.jpg,,Bay Leaf
train,Bay Leaf/BayLeaf1082.jpg,,Bay Leaf
train,Bay Leaf/BayLeaf155.jpg,,Bay Leaf
train,Bay Leaf/BayLeaf1005.jpg,,Bay Leaf
train,Bay Leaf/BayLeaf122.jpg,,Bay Leaf
train,Bay Leaf/BayLeaf692.jpg,,Bay Leaf
train,Bay Leaf/BayLeaf415.jpg,,Bay Leaf
train,Bay Leaf/BayLeaf797.jpg,,Bay Leaf
train,Bay Leaf/BayLeaf177.jpg,,Bay Leaf
train,Bay Leaf/BayLeaf93.jpg,,Bay Leaf
train,Bay Leaf/BayLeaf484.jpg,,Bay Leaf
train,Bay Leaf/BayLeaf267.jpg,,Bay Leaf
train,Bay Leaf/BayLeaf236.jpg,,Bay Leaf
train,Bay Leaf/BayLeaf431.jpg,,Bay Leaf
train,Bay Leaf/BayLeaf426.jpg,,Bay Leaf
train,Bay Leaf/BayLeaf712.jpg,,Bay Leaf
train,Bay Leaf/BayLeaf438.jpg,,Bay Leaf
train,Bay Leaf/BayLeaf1041.jpg,,Bay Leaf
train,Bay Leaf/BayLeaf863.jpg,,Bay Leaf
train,Bay Leaf/BayLeaf1049.jpg,,Bay Leaf
train,Bay Leaf/BayLeaf980.jpg,,Bay Leaf
train,Bay Leaf/BayLeaf190.jpg,,Bay Leaf
train,Bay Leaf/BayLeaf340.jpg,,Bay Leaf
train,Bay Leaf/BayLeaf996.jpg,,Bay Leaf
train,Bay Leaf/BayLeaf901.jpg,,Bay Leaf
train,Bay Leaf/BayLeaf758.jpg,,Bay Leaf
train,Bay Leaf/BayLeaf751.jpg,,Bay Leaf
train,Bay Leaf/BayLeaf18.jpg,,Bay Leaf
train,Bay Leaf/BayLeaf749.jpg,,Bay Leaf
train,Bay Leaf/BayLeaf627.jpg,,Bay Leaf
train,Bay Leaf/BayLeaf619.jpg,,Bay Leaf
train,Bay Leaf/BayLeaf459.jpg,,Bay Leaf
train,Bay Leaf/BayLeaf304.jpg,,Bay Leaf
train,Bay Leaf/BayLeaf845.jpg,,Bay Leaf
train,Bay Leaf/BayLeaf76.jpg,,Bay Leaf
train,Bay Leaf/BayLeaf183.jpg,,Bay Leaf
train,Bay Leaf/BayLeaf507.jpg,,Bay Leaf
train,Bay Leaf/BayLeaf865.jpg,,Bay Leaf
train,Bay Leaf/BayLeaf1080.jpg,,Bay Leaf
train,Bay Leaf/BayLeaf153.jpg,,Bay Leaf
train,Bay Leaf/BayLeaf538.jpg,,Bay Leaf
train,Bay Leaf/BayLeaf498.jpg,,Bay Leaf
train,Bay Leaf/BayLeaf854.jpg,,Bay Leaf
train,Bay Leaf/BayLeaf849.jpg,,Bay Leaf
train,Bay Leaf/BayLeaf11.jpg,,Bay Leaf
train,Bay Leaf/BayLeaf679.jpg,,Bay Leaf
train,Bay Leaf/BayLeaf400.jpg,,Bay Leaf
train,Bay Leaf/BayLeaf823.jpg,,Bay Leaf
train,Bay Leaf/BayLeaf544.jpg,,Bay Leaf
train,Bay Leaf/BayLeaf942.jpg,,Bay Leaf
train,Bay Leaf/BayLeaf613.jpg,,Bay Leaf
train,Bay Leaf/BayLeaf481.jpg,,Bay Leaf
train,Bay Leaf/BayLeaf871.jpg,,Bay Leaf
train,Bay Leaf/BayLeaf410.jpg,,Bay Leaf
train,Bay Leaf/BayLeaf872.jpg,,Bay Leaf
train,Bay Leaf/BayLeaf123.jpg,,Bay Leaf
train,Bay Leaf/BayLeaf710.jpg,,Bay Leaf
train,Bay Leaf/BayLeaf1034.jpg,,Bay Leaf
train,Bay Leaf/BayLeaf333.jpg,,Bay Leaf
train,Bay Leaf/BayLeaf358.jpg,,Bay Leaf
train,Bay Leaf/BayLeaf280.jpg,,Bay Leaf
train,Bay Leaf/BayLeaf964.jpg,,Bay Leaf
train,Bay Leaf/BayLeaf383.jpg,,Bay Leaf
train,Bay Leaf/BayLeaf483.jpg,,Bay Leaf
train,Bay Leaf/BayLeaf864.jpg,,Bay Leaf
train,Bay Leaf/BayLeaf719.jpg,,Bay Leaf
train,Bay Leaf/BayLeaf42.jpg,,Bay Leaf
train,Bay Leaf/BayLeaf804.jpg,,Bay Leaf
train,Bay Leaf/BayLeaf169.jpg,,Bay Leaf
train,Bay Leaf/BayLeaf476.jpg,,Bay Leaf
train,Bay Leaf/BayLeaf921.jpg,,Bay Leaf
train,Bay Leaf/BayLeaf449.jpg,,Bay Leaf
train,Bay Leaf/BayLeaf542.jpg,,Bay Leaf
train,Bay Leaf/BayLeaf536.jpg,,Bay Leaf
train,Bay Leaf/BayLeaf938.jpg,,Bay Leaf
train,Bay Leaf/BayLeaf91.jpg,,Bay Leaf
train,Bay Leaf/BayLeaf353.jpg,,Bay Leaf
train,Bay Leaf/BayLeaf164.jpg,,Bay Leaf
train,Bay Leaf/BayLeaf325.jpg,,Bay Leaf
train,Bay Leaf/BayLeaf909.jpg,,Bay Leaf
train,Bay Leaf/BayLeaf754.jpg,,Bay Leaf
train,Bay Leaf/BayLeaf670.jpg,,Bay Leaf
train,Bay Leaf/BayLeaf1038.jpg,,Bay Leaf
train,Bay Leaf/BayLeaf1037.jpg,,Bay Leaf
train,Bay Leaf/BayLeaf263.jpg,,Bay Leaf
train,Bay Leaf/BayLeaf203.jpg,,Bay Leaf
train,Bay Leaf/BayLeaf599.jpg,,Bay Leaf
train,Bay Leaf/BayLeaf946.jpg,,Bay Leaf
train,Bay Leaf/BayLeaf520.jpg,,Bay Leaf
train,Bay Leaf/BayLeaf305.jpg,,Bay Leaf
train,Bay Leaf/BayLeaf950.jpg,,Bay Leaf
train,Bay Leaf/BayLeaf1031.jpg,,Bay Leaf
train,Bay Leaf/BayLeaf650.jpg,,Bay Leaf
train,Bay Leaf/BayLeaf194.jpg,,Bay Leaf
train,Bay Leaf/BayLeaf530.jpg,,Bay Leaf
train,Bay Leaf/BayLeaf974.jpg,,Bay Leaf
train,Bay Leaf/BayLeaf911.jpg,,Bay Leaf
train,Bay Leaf/BayLeaf171.jpg,,Bay Leaf
train,Bay Leaf/BayLeaf1019.jpg,,Bay Leaf
train,Bay Leaf/BayLeaf351.jpg,,Bay Leaf
train,Bay Leaf/BayLeaf16.jpg,,Bay Leaf
train,Bay Leaf/BayLeaf811.jpg,,Bay Leaf
train,Bay Leaf/BayLeaf940.jpg,,Bay Leaf
train,Bay Leaf/BayLeaf982.jpg,,Bay Leaf
train,Bay Leaf/BayLeaf951.jpg,,Bay Leaf
train,Bay Leaf/BayLeaf221.jpg,,Bay Leaf
train,Bay Leaf/BayLeaf96.jpg,,Bay Leaf
train,Bay Leaf/BayLeaf839.jpg,,Bay Leaf
train,Bay Leaf/BayLeaf356.jpg,,Bay Leaf
train,Bay Leaf/BayLeaf13.jpg,,Bay Leaf
train,Bay Leaf/BayLeaf724.jpg,,Bay Leaf
train,Bay Leaf/BayLeaf29.jpg,,Bay Leaf
train,Bay Leaf/BayLeaf561.jpg,,Bay Leaf
train,Bay Leaf/BayLeaf77.jpg,,Bay Leaf
train,Bay Leaf/BayLeaf892.jpg,,Bay Leaf
train,Bay Leaf/BayLeaf268.jpg,,Bay Leaf
train,Bay Leaf/BayLeaf389.jpg,,Bay Leaf
train,Bay Leaf/BayLeaf833.jpg,,Bay Leaf
train,Bay Leaf/BayLeaf687.jpg,,Bay Leaf
train,Bay Leaf/BayLeaf826.jpg,,Bay Leaf
train,Bay Leaf/BayLeaf466.jpg,,Bay Leaf
train,Bay Leaf/BayLeaf847.jpg,,Bay Leaf
train,Bay Leaf/BayLeaf1032.jpg,,Bay Leaf
train,Bay Leaf/BayLeaf745.jpg,,Bay Leaf
train,Bay Leaf/BayLeaf394.jpg,,Bay Leaf
train,Bay Leaf/BayLeaf97.jpg,,Bay Leaf
train,Bay Leaf/BayLeaf58.jpg,,Bay Leaf
train,Bay Leaf/BayLeaf494.jpg,,Bay Leaf
train,Bay Leaf/BayLeaf264.jpg,,Bay Leaf
train,Bay Leaf/BayLeaf842.jpg,,Bay Leaf
train,Bay Leaf/BayLeaf706.jpg,,Bay Leaf
train,Bay Leaf/BayLeaf744.jpg,,Bay Leaf
train,Bay Leaf/BayLeaf695.jpg,,Bay Leaf
train,Bay Leaf/BayLeaf548.jpg,,Bay Leaf
train,Bay Leaf/BayLeaf1056.jpg,,Bay Leaf
train,Bay Leaf/BayLeaf827.jpg,,Bay Leaf
train,Bay Leaf/BayLeaf386.jpg,,Bay Leaf
train,Bay Leaf/BayLeaf631.jpg,,Bay Leaf
train,Bay Leaf/BayLeaf545.jpg,,Bay Leaf
train,Bay Leaf/BayLeaf792.jpg,,Bay Leaf
train,Bay Leaf/BayLeaf24.jpg,,Bay Leaf
train,Bay Leaf/BayLeaf774.jpg,,Bay Leaf
train,Bay Leaf/BayLeaf1018.jpg,,Bay Leaf
train,Bay Leaf/BayLeaf821.jpg,,Bay Leaf
train,Bay Leaf/BayLeaf539.jpg,,Bay Leaf
train,Bay Leaf/BayLeaf715.jpg,,Bay Leaf
train,Bay Leaf/BayLeaf743.jpg,,Bay Leaf
train,Bay Leaf/BayLeaf583.jpg,,Bay Leaf
train,Bay Leaf/BayLeaf443.jpg,,Bay Leaf
train,Bay Leaf/BayLeaf569.jpg,,Bay Leaf
train,Bay Leaf/BayLeaf329.jpg,,Bay Leaf
train,Bay Leaf/BayLeaf196.jpg,,Bay Leaf
train,Bay Leaf/BayLeaf456.jpg,,Bay Leaf
train,Bay Leaf/BayLeaf328.jpg,,Bay Leaf
train,Bay Leaf/BayLeaf860.jpg,,Bay Leaf
train,Bay Leaf/BayLeaf180.jpg,,Bay Leaf
train,Bay Leaf/BayLeaf554.jpg,,Bay Leaf
train,Bay Leaf/BayLeaf997.jpg,,Bay Leaf
train,Bay Leaf/BayLeaf930.jpg,,Bay Leaf
train,Bay Leaf/BayLeaf453.jpg,,Bay Leaf
train,Bay Leaf/BayLeaf807.jpg,,Bay Leaf
train,Bay Leaf/BayLeaf289.jpg,,Bay Leaf
train,Bay Leaf/BayLeaf662.jpg,,Bay Leaf
train,Bay Leaf/BayLeaf977.jpg,,Bay Leaf
train,Bay Leaf/BayLeaf799.jpg,,Bay Leaf
train,Bay Leaf/BayLeaf912.jpg,,Bay Leaf
train,Bay Leaf/BayLeaf359.jpg,,Bay Leaf
train,Bay Leaf/BayLeaf255.jpg,,Bay Leaf
train,Bay Leaf/BayLeaf179.jpg,,Bay Leaf
train,Bay Leaf/BayLeaf877.jpg,,Bay Leaf
train,Bay Leaf/BayLeaf737.jpg,,Bay Leaf
train,Bay Leaf/BayLeaf103.jpg,,Bay Leaf
train,Bay Leaf/BayLeaf1060.jpg,,Bay Leaf
train,Bay Leaf/BayLeaf334.jpg,,Bay Leaf
train,Bay Leaf/BayLeaf914.jpg,,Bay Leaf
train,Bay Leaf/BayLeaf109.jpg,,Bay Leaf
train,Bay Leaf/BayLeaf540.jpg,,Bay Leaf
train,Bay Leaf/BayLeaf87.jpg,,Bay Leaf
train,Bay Leaf/BayLeaf435.jpg,,Bay Leaf
train,Bay Leaf/BayLeaf931.jpg,,Bay Leaf
train,Bay Leaf/BayLeaf817.jpg,,Bay Leaf
train,Bay Leaf/BayLeaf239.jpg,,Bay Leaf
train,Bay Leaf/BayLeaf573.jpg,,Bay Leaf
train,Bay Leaf/BayLeaf918.jpg,,Bay Leaf
train,Bay Leaf/BayLeaf433.jpg,,Bay Leaf
train,Bay Leaf/BayLeaf891.jpg,,Bay Leaf
train,Bay Leaf/BayLeaf588.jpg,,Bay Leaf
train,Bay Leaf/BayLeaf62.jpg,,Bay Leaf
train,Bay Leaf/BayLeaf1069.jpg,,Bay Leaf
train,Bay Leaf/BayLeaf603.jpg,,Bay Leaf
train,Bay Leaf/BayLeaf1052.jpg,,Bay Leaf
train,Bay Leaf/BayLeaf37.jpg,,Bay Leaf
train,Bay Leaf/BayLeaf457.jpg,,Bay Leaf
train,Bay Leaf/BayLeaf668.jpg,,Bay Leaf
train,Bay Leaf/BayLeaf808.jpg,,Bay Leaf
train,Bay Leaf/BayLeaf209.jpg,,Bay Leaf
train,Bay Leaf/BayLeaf551.jpg,,Bay Leaf
train,Bay Leaf/BayLeaf98.jpg,,Bay Leaf
train,Bay Leaf/BayLeaf579.jpg,,Bay Leaf
train,Bay Leaf/BayLeaf165.jpg,,Bay Leaf
train,Bay Leaf/BayLeaf962.jpg,,Bay Leaf
train,Bay Leaf/BayLeaf624.jpg,,Bay Leaf
train,Bay Leaf/BayLeaf503.jpg,,Bay Leaf
train,Bay Leaf/BayLeaf311.jpg,,Bay Leaf
train,Bay Leaf/BayLeaf893.jpg,,Bay Leaf
train,Bay Leaf/BayLeaf1054.jpg,,Bay Leaf
train,Bay Leaf/BayLeaf932.jpg,,Bay Leaf
train,Bay Leaf/BayLeaf343.jpg,,Bay Leaf
train,Bay Leaf/BayLeaf822.jpg,,Bay Leaf
train,Bay Leaf/BayLeaf465.jpg,,Bay Leaf
train,Bay Leaf/BayLeaf1059.jpg,,Bay Leaf
train,Bay Leaf/BayLeaf867.jpg,,Bay Leaf
train,Bay Leaf/BayLeaf725.jpg,,Bay Leaf
train,Bay Leaf/BayLeaf628.jpg,,Bay Leaf
train,Bay Leaf/BayLeaf772.jpg,,Bay Leaf
train,Bay Leaf/BayLeaf729.jpg,,Bay Leaf
train,Bay Leaf/BayLeaf517.jpg,,Bay Leaf
train,Bay Leaf/BayLeaf778.jpg,,Bay Leaf
train,Bay Leaf/BayLeaf88.jpg,,Bay Leaf
train,Bay Leaf/BayLeaf189.jpg,,Bay Leaf
train,Bay Leaf/BayLeaf50.jpg,,Bay Leaf
train,Bay Leaf/BayLeaf1085.jpg,,Bay Leaf
train,Bay Leaf/BayLeaf868.jpg,,Bay Leaf
train,Bay Leaf/BayLeaf722.jpg,,Bay Leaf
train,Bay Leaf/BayLeaf592.jpg,,Bay Leaf
train,Bay Leaf/BayLeaf55.jpg,,Bay Leaf
train,Bay Leaf/BayLeaf926.jpg,,Bay Leaf
train,Bay Leaf/BayLeaf844.jpg,,Bay Leaf
train,Bay Leaf/BayLeaf259.jpg,,Bay Leaf
train,Bay Leaf/BayLeaf567.jpg,,Bay Leaf
train,Bay Leaf/BayLeaf1051.jpg,,Bay Leaf
train,Bay Leaf/BayLeaf424.jpg,,Bay Leaf
train,Bay Leaf/BayLeaf522.jpg,,Bay Leaf
train,Bay Leaf/BayLeaf167.jpg,,Bay Leaf
train,Bay Leaf/BayLeaf890.jpg,,Bay Leaf
train,Bay Leaf/BayLeaf470.jpg,,Bay Leaf
train,Bay Leaf/BayLeaf1014.jpg,,Bay Leaf
train,Bay Leaf/BayLeaf90.jpg,,Bay Leaf
train,Bay Leaf/BayLeaf576.jpg,,Bay Leaf
train,Bay Leaf/BayLeaf206.jpg,,Bay Leaf
train,Bay Leaf/BayLeaf986.jpg,,Bay Leaf
train,Bay Leaf/BayLeaf759.jpg,,Bay Leaf
train,Bay Leaf/BayLeaf658.jpg,,Bay Leaf
train,Bay Leaf/BayLeaf660.jpg,,Bay Leaf
train,Bay Leaf/BayLeaf959.jpg,,Bay Leaf
train,Bay Leaf/BayLeaf173.jpg,,Bay Leaf
train,Bay Leaf/BayLeaf738.jpg,,Bay Leaf
train,Bay Leaf/BayLeaf665.jpg,,Bay Leaf
train,Bay Leaf/BayLeaf740.jpg,,Bay Leaf
train,Bay Leaf/BayLeaf17.jpg,,Bay Leaf
train,Bay Leaf/BayLeaf175.jpg,,Bay Leaf
train,Bay Leaf/BayLeaf21.jpg,,Bay Leaf
train,Bay Leaf/BayLeaf850.jpg,,Bay Leaf
train,Bay Leaf/BayLeaf406.jpg,,Bay Leaf
train,Bay Leaf/BayLeaf919.jpg,,Bay Leaf
train,Bay Leaf/BayLeaf598.jpg,,Bay Leaf
train,Bay Leaf/BayLeaf572.jpg,,Bay Leaf
train,Bay Leaf/BayLeaf314.jpg,,Bay Leaf
train,Bay Leaf/BayLeaf698.jpg,,Bay Leaf
train,Bay Leaf/BayLeaf992.jpg,,Bay Leaf
train,Bay Leaf/BayLeaf1081.jpg,,Bay Leaf
train,Bay Leaf/BayLeaf15.jpg,,Bay Leaf
train,Bay Leaf/BayLeaf563.jpg,,Bay Leaf
train,Bay Leaf/BayLeaf321.jpg,,Bay Leaf
train,Bay Leaf/BayLeaf757.jpg,,Bay Leaf
train,Bay Leaf/BayLeaf479.jpg,,Bay Leaf
train,Bay Leaf/BayLeaf1079.jpg,,Bay Leaf
train,Bay Leaf/BayLeaf370.jpg,,Bay Leaf
train,Bay Leaf/BayLeaf373.jpg,,Bay Leaf
train,Bay Leaf/BayLeaf84.jpg,,Bay Leaf
train,Bay Leaf/BayLeaf288.jpg,,Bay Leaf
train,Bay Leaf/BayLeaf145.jpg,,Bay Leaf
train,Bay Leaf/BayLeaf40.jpg,,Bay Leaf
train,Bay Leaf/BayLeaf604.jpg,,Bay Leaf
train,Bay Leaf/BayLeaf374.jpg,,Bay Leaf
train,Bay Leaf/BayLeaf577.jpg,,Bay Leaf
train,Bay Leaf/BayLeaf292.jpg,,Bay Leaf
train,Bay Leaf/BayLeaf287.jpg,,Bay Leaf
train,Bay Leaf/BayLeaf407.jpg,,Bay Leaf
train,Bay Leaf/BayLeaf789.jpg,,Bay Leaf
train,Bay Leaf/BayLeaf967.jpg,,Bay Leaf
train,Bay Leaf/BayLeaf708.jpg,,Bay Leaf
train,Bay Leaf/BayLeaf101.jpg,,Bay Leaf
train,Bay Leaf/BayLeaf137.jpg,,Bay Leaf
train,Bay Leaf/BayLeaf53.jpg,,Bay Leaf
train,Bay Leaf/BayLeaf170.jpg,,Bay Leaf
train,Bay Leaf/BayLeaf360.jpg,,Bay Leaf
train,Bay Leaf/BayLeaf54.jpg,,Bay Leaf
train,Bay Leaf/BayLeaf791.jpg,,Bay Leaf
train,Bay Leaf/BayLeaf298.jpg,,Bay Leaf
train,Bay Leaf/BayLeaf66.jpg,,Bay Leaf
train,Bay Leaf/BayLeaf550.jpg,,Bay Leaf
train,Bay Leaf/BayLeaf249.jpg,,Bay Leaf
train,Bay Leaf/BayLeaf820.jpg,,Bay Leaf
train,Bay Leaf/BayLeaf252.jpg,,Bay Leaf
train,Bay Leaf/BayLeaf147.jpg,,Bay Leaf
train,Bay Leaf/BayLeaf207.jpg,,Bay Leaf
train,Bay Leaf/BayLeaf798.jpg,,Bay Leaf
train,Bay Leaf/BayLeaf770.jpg,,Bay Leaf
train,Bay Leaf/BayLeaf480.jpg,,Bay Leaf
train,Bay Leaf/BayLeaf237.jpg,,Bay Leaf
train,Bay Leaf/BayLeaf723.jpg,,Bay Leaf
train,Bay Leaf/BayLeaf704.jpg,,Bay Leaf
train,Bay Leaf/BayLeaf988.jpg,,Bay Leaf
train,Bay Leaf/BayLeaf666.jpg,,Bay Leaf
train,Bay Leaf/BayLeaf401.jpg,,Bay Leaf
train,Bay Leaf/BayLeaf367.jpg,,Bay Leaf
train,Bay Leaf/BayLeaf948.jpg,,Bay Leaf
train,Bay Leaf/BayLeaf163.jpg,,Bay Leaf
train,Bay Leaf/BayLeaf464.jpg,,Bay Leaf
train,Bay Leaf/BayLeaf1074.jpg,,Bay Leaf
train,Bay Leaf/BayLeaf1025.jpg,,Bay Leaf
train,Bay Leaf/BayLeaf701.jpg,,Bay Leaf
train,Bay Leaf/BayLeaf1063.jpg,,Bay Leaf
train,Bay Leaf/BayLeaf402.jpg,,Bay Leaf
train,Bay Leaf/BayLeaf939.jpg,,Bay Leaf
train,Bay Leaf/BayLeaf89.jpg,,Bay Leaf
train,Bay Leaf/BayLeaf985.jpg,,Bay Leaf
train,Bay Leaf/BayLeaf32.jpg,,Bay Leaf
train,Bay Leaf/BayLeaf125.jpg,,Bay Leaf
train,Bay Leaf/BayLeaf741.jpg,,Bay Leaf
train,Bay Leaf/BayLeaf1050.jpg,,Bay Leaf
train,Bay Leaf/BayLeaf591.jpg,,Bay Leaf
train,Bay Leaf/BayLeaf492.jpg,,Bay Leaf
train,Bay Leaf/BayLeaf900.jpg,,Bay Leaf
train,Bay Leaf/BayLeaf392.jpg,,Bay Leaf
train,Bay Leaf/BayLeaf635.jpg,,Bay Leaf
train,Bay Leaf/BayLeaf564.jpg,,Bay Leaf
train,Bay Leaf/BayLeaf31.jpg,,Bay Leaf
train,Bay Leaf/BayLeaf387.jpg,,Bay Leaf
train,Bay Leaf/BayLeaf696.jpg,,Bay Leaf
train,Bay Leaf/BayLeaf143.jpg,,Bay Leaf
train,Bay Leaf/BayLeaf448.jpg,,Bay Leaf
train,Bay Leaf/BayLeaf129.jpg,,Bay Leaf
train,Bay Leaf/BayLeaf338.jpg,,Bay Leaf
train,Bay Leaf/BayLeaf1030.jpg,,Bay Leaf
train,Bay Leaf/BayLeaf858.jpg,,Bay Leaf
train,Bay Leaf/BayLeaf840.jpg,,Bay Leaf
train,Bay Leaf/BayLeaf92.jpg,,Bay Leaf
train,Bay Leaf/BayLeaf151.jpg,,Bay Leaf
train,Bay Leaf/BayLeaf347.jpg,,Bay Leaf
train,Bay Leaf/BayLeaf154.jpg,,Bay Leaf
train,Bay Leaf/BayLeaf896.jpg,,Bay Leaf
train,Bay Leaf/BayLeaf1012.jpg,,Bay Leaf
train,Bay Leaf/BayLeaf156.jpg,,Bay Leaf
train,Bay Leaf/BayLeaf742.jpg,,Bay Leaf
train,Bay Leaf/BayLeaf496.jpg,,Bay Leaf
train,Bay Leaf/BayLeaf699.jpg,,Bay Leaf
train,Bay Leaf/BayLeaf812.jpg,,Bay Leaf
train,Bay Leaf/BayLeaf862.jpg,,Bay Leaf
train,Bay Leaf/BayLeaf100.jpg,,Bay Leaf
train,Bay Leaf/BayLeaf488.jpg,,Bay Leaf
train,Bay Leaf/BayLeaf1067.jpg,,Bay Leaf
train,Bay Leaf/BayLeaf181.jpg,,Bay Leaf
train,Bay Leaf/BayLeaf242.jpg,,Bay Leaf
train,Bay Leaf/BayLeaf166.jpg,,Bay Leaf
train,Bay Leaf/BayLeaf669.jpg,,Bay Leaf
train,Bay Leaf/BayLeaf265.jpg,,Bay Leaf
train,Bay Leaf/BayLeaf676.jpg,,Bay Leaf
train,Bay Leaf/BayLeaf998.jpg,,Bay Leaf
train,Bay Leaf/BayLeaf112.jpg,,Bay Leaf
train,Bay Leaf/BayLeaf1053.jpg,,Bay Leaf
train,Bay Leaf/BayLeaf935.jpg,,Bay Leaf
train,Bay Leaf/BayLeaf417.jpg,,Bay Leaf
train,Bay Leaf/BayLeaf296.jpg,,Bay Leaf
train,Bay Leaf/BayLeaf767.jpg,,Bay Leaf
train,Bay Leaf/BayLeaf883.jpg,,Bay Leaf
train,Bay Leaf/BayLeaf716.jpg,,Bay Leaf
train,Bay Leaf/BayLeaf23.jpg,,Bay Leaf
train,Bay Leaf/BayLeaf405.jpg,,Bay Leaf
train,Bay Leaf/BayLeaf130.jpg,,Bay Leaf
train,Bay Leaf/BayLeaf250.jpg,,Bay Leaf
train,Bay Leaf/BayLeaf999.jpg,,Bay Leaf
train,Bay Leaf/BayLeaf843.jpg,,Bay Leaf
train,Bay Leaf/BayLeaf159.jpg,,Bay Leaf
train,Bay Leaf/BayLeaf161.jpg,,Bay Leaf
train,Bay Leaf/BayLeaf1047.jpg,,Bay Leaf
train,Bay Leaf/BayLeaf1066.jpg,,Bay Leaf
train,Bay Leaf/BayLeaf475.jpg,,Bay Leaf
train,Bay Leaf/BayLeaf391.jpg,,Bay Leaf
train,Bay Leaf/BayLeaf1058.jpg,,Bay Leaf
train,Bay Leaf/BayLeaf126.jpg,,Bay Leaf
train,Bay Leaf/BayLeaf462.jpg,,Bay Leaf
train,Bay Leaf/BayLeaf67.jpg,,Bay Leaf
train,Bay Leaf/BayLeaf1045.jpg,,Bay Leaf
train,Bay Leaf/BayLeaf191.jpg,,Bay Leaf
train,Bay Leaf/BayLeaf642.jpg,,Bay Leaf
train,Bay Leaf/BayLeaf428.jpg,,Bay Leaf
train,Bay Leaf/BayLeaf463.jpg,,Bay Leaf
train,Bay Leaf/BayLeaf454.jpg,,Bay Leaf
train,Bay Leaf/BayLeaf284.jpg,,Bay Leaf
train,Bay Leaf/BayLeaf616.jpg,,Bay Leaf
train,Bay Leaf/BayLeaf116.jpg,,Bay Leaf
train,Bay Leaf/BayLeaf929.jpg,,Bay Leaf
train,Bay Leaf/BayLeaf762.jpg,,Bay Leaf
train,Bay Leaf/BayLeaf291.jpg,,Bay Leaf
train,Bay Leaf/BayLeaf1048.jpg,,Bay Leaf
train,Bay Leaf/BayLeaf104.jpg,,Bay Leaf
train,Bay Leaf/BayLeaf274.jpg,,Bay Leaf
train,Bay Leaf/BayLeaf652.jpg,,Bay Leaf
train,Bay Leaf/BayLeaf691.jpg,,Bay Leaf
train,Bay Leaf/BayLeaf1010.jpg,,Bay Leaf
train,Bay Leaf/BayLeaf30.jpg,,Bay Leaf
train,Bay Leaf/BayLeaf187.jpg,,Bay Leaf
train,Bay Leaf/BayLeaf354.jpg,,Bay Leaf
train,Bay Leaf/BayLeaf230.jpg,,Bay Leaf
train,Bay Leaf/BayLeaf968.jpg,,Bay Leaf
train,Bay Leaf/BayLeaf20.jpg,,Bay Leaf
train,Bay Leaf/BayLeaf113.jpg,,Bay Leaf
train,Bay Leaf/BayLeaf282.jpg,,Bay Leaf
train,Bay Leaf/BayLeaf505.jpg,,Bay Leaf
train,Bay Leaf/BayLeaf829.jpg,,Bay Leaf
train,Bay Leaf/BayLeaf602.jpg,,Bay Leaf
train,Bay Leaf/BayLeaf945.jpg,,Bay Leaf
train,Bay Leaf/BayLeaf856.jpg,,Bay Leaf
train,Bay Leaf/BayLeaf983.jpg,,Bay Leaf
train,Bay Leaf/BayLeaf515.jpg,,Bay Leaf
train,Bay Leaf/BayLeaf131.jpg,,Bay Leaf
train,Bay Leaf/BayLeaf312.jpg,,Bay Leaf
train,Bay Leaf/BayLeaf928.jpg,,Bay Leaf
train,Bay Leaf/BayLeaf837.jpg,,Bay Leaf
train,Bay Leaf/BayLeaf735.jpg,,Bay Leaf
train,Bay Leaf/BayLeaf253.jpg,,Bay Leaf
train,Bay Leaf/BayLeaf72.jpg,,Bay Leaf
train,Bay Leaf/BayLeaf271.jpg,,Bay Leaf
train,Bay Leaf/BayLeaf44.jpg,,Bay Leaf
train,Bay Leaf/BayLeaf79.jpg,,Bay Leaf
train,Bay Leaf/BayLeaf944.jpg,,Bay Leaf
train,Bay Leaf/BayLeaf529.jpg,,Bay Leaf
train,Bay Leaf/BayLeaf786.jpg,,Bay Leaf
train,Bay Leaf/BayLeaf339.jpg,,Bay Leaf
train,Bay Leaf/BayLeaf957.jpg,,Bay Leaf
train,Bay Leaf/BayLeaf981.jpg,,Bay Leaf
train,Bay Leaf/BayLeaf651.jpg,,Bay Leaf
train,Bay Leaf/BayLeaf645.jpg,,Bay Leaf
train,Bay Leaf/BayLeaf558.jpg,,Bay Leaf
train,Bay Leaf/BayLeaf303.jpg,,Bay Leaf
train,Bay Leaf/BayLeaf594.jpg,,Bay Leaf
train,Bay Leaf/BayLeaf697.jpg,,Bay Leaf
train,Bay Leaf/BayLeaf225.jpg,,Bay Leaf
train,Bay Leaf/BayLeaf293.jpg,,Bay Leaf
train,Bay Leaf/BayLeaf818.jpg,,Bay Leaf
train,Bay Leaf/BayLeaf1013.jpg,,Bay Leaf
train,Bay Leaf/BayLeaf434.jpg,,Bay Leaf
train,Bay Leaf/BayLeaf474.jpg,,Bay Leaf
train,Bay Leaf/BayLeaf460.jpg,,Bay Leaf
train,Bay Leaf/BayLeaf243.jpg,,Bay Leaf
train,Bay Leaf/BayLeaf533.jpg,,Bay Leaf
train,Bay Leaf/BayLeaf472.jpg,,Bay Leaf
train,Bay Leaf/BayLeaf989.jpg,,Bay Leaf
train,Bay Leaf/BayLeaf244.jpg,,Bay Leaf
train,Bay Leaf/BayLeaf1077.jpg,,Bay Leaf
train,Bay Leaf/BayLeaf198.jpg,,Bay Leaf
train,Bay Leaf/BayLeaf499.jpg,,Bay Leaf
train,Bay Leaf/BayLeaf1007.jpg,,Bay Leaf
train,Bay Leaf/BayLeaf534.jpg,,Bay Leaf
train,Bay Leaf/BayLeaf276.jpg,,Bay Leaf
train,Bay Leaf/BayLeaf903.jpg,,Bay Leaf
train,Bay Leaf/BayLeaf28.jpg,,Bay Leaf
train,Bay Leaf/BayLeaf335.jpg,,Bay Leaf
train,Bay Leaf/BayLeaf26.jpg,,Bay Leaf
train,Bay Leaf/BayLeaf349.jpg,,Bay Leaf
train,Bay Leaf/BayLeaf217.jpg,,Bay Leaf
train,Bay Leaf/BayLeaf881.jpg,,Bay Leaf
train,Bay Leaf/BayLeaf680.jpg,,Bay Leaf
train,Bay Leaf/BayLeaf987.jpg,,Bay Leaf
train,Bay Leaf/BayLeaf796.jpg,,Bay Leaf
train,Bay Leaf/BayLeaf880.jpg,,Bay Leaf
train,Bay Leaf/BayLeaf709.jpg,,Bay Leaf
train,Bay Leaf/BayLeaf672.jpg,,Bay Leaf
train,Bay Leaf/BayLeaf584.jpg,,Bay Leaf
train,Bay Leaf/BayLeaf547.jpg,,Bay Leaf
train,Bay Leaf/BayLeaf773.jpg,,Bay Leaf
train,Bay Leaf/BayLeaf794.jpg,,Bay Leaf
train,Bay Leaf/BayLeaf437.jpg,,Bay Leaf
train,Bay Leaf/BayLeaf920.jpg,,Bay Leaf
train,Bay Leaf/BayLeaf1078.jpg,,Bay Leaf
train,Bay Leaf/BayLeaf248.jpg,,Bay Leaf
train,Bay Leaf/BayLeaf976.jpg,,Bay Leaf
train,Bay Leaf/BayLeaf269.jpg,,Bay Leaf
train,Bay Leaf/BayLeaf630.jpg,,Bay Leaf
train,Bay Leaf/BayLeaf969.jpg,,Bay Leaf
train,Bay Leaf/BayLeaf647.jpg,,Bay Leaf
train,Bay Leaf/BayLeaf468.jpg,,Bay Leaf
train,Bay Leaf/BayLeaf71.jpg,,Bay Leaf
train,Bay Leaf/BayLeaf85.jpg,,Bay Leaf
train,Bay Leaf/BayLeaf270.jpg,,Bay Leaf
train,Bay Leaf/BayLeaf502.jpg,,Bay Leaf
train,Bay Leaf/BayLeaf784.jpg,,Bay Leaf
train,Bay Leaf/BayLeaf422.jpg,,Bay Leaf
train,Bay Leaf/BayLeaf99.jpg,,Bay Leaf
train,Bay Leaf/BayLeaf445.jpg,,Bay Leaf
train,Bay Leaf/BayLeaf607.jpg,,Bay Leaf
train,Bay Leaf/BayLeaf355.jpg,,Bay Leaf
train,Bay Leaf/BayLeaf420.jpg,,Bay Leaf
train,Bay Leaf/BayLeaf119.jpg,,Bay Leaf
train,Bay Leaf/BayLeaf473.jpg,,Bay Leaf
train,Bay Leaf/BayLeaf721.jpg,,Bay Leaf
train,Bay Leaf/BayLeaf1009.jpg,,Bay Leaf
train,Bay Leaf/BayLeaf336.jpg,,Bay Leaf
train,Bay Leaf/BayLeaf489.jpg,,Bay Leaf
train,Bay Leaf/BayLeaf733.jpg,,Bay Leaf
train,Bay Leaf/BayLeaf363.jpg,,Bay Leaf
train,Bay Leaf/BayLeaf683.jpg,,Bay Leaf
train,Bay Leaf/BayLeaf512.jpg,,Bay Leaf
train,Bay Leaf/BayLeaf341.jpg,,Bay Leaf
train,Bay Leaf/BayLeaf1036.jpg,,Bay Leaf
train,Bay Leaf/BayLeaf543.jpg,,Bay Leaf
train,Bay Leaf/BayLeaf132.jpg,,Bay Leaf
train,Bay Leaf/BayLeaf575.jpg,,Bay Leaf
train,Bay Leaf/BayLeaf848.jpg,,Bay Leaf
train,Bay Leaf/BayLeaf984.jpg,,Bay Leaf
train,Bay Leaf/BayLeaf245.jpg,,Bay Leaf
train,Bay Leaf/BayLeaf60.jpg,,Bay Leaf
train,Bay Leaf/BayLeaf689.jpg,,Bay Leaf
train,Bay Leaf/BayLeaf1068.jpg,,Bay Leaf
train,Bay Leaf/BayLeaf810.jpg,,Bay Leaf
train,Bay Leaf/BayLeaf388.jpg,,Bay Leaf
train,Bay Leaf/BayLeaf368.jpg,,Bay Leaf
train,Bay Leaf/BayLeaf717.jpg,,Bay Leaf
train,Bay Leaf/BayLeaf309.jpg,,Bay Leaf
train,Bay Leaf/BayLeaf1021.jpg,,Bay Leaf
train,Bay Leaf/BayLeaf555.jpg,,Bay Leaf
train,Bay Leaf/BayLeaf120.jpg,,Bay Leaf
train,Bay Leaf/BayLeaf993.jpg,,Bay Leaf
train,Bay Leaf/BayLeaf172.jpg,,Bay Leaf
train,Bay Leaf/BayLeaf65.jpg,,Bay Leaf
train,Bay Leaf/BayLeaf838.jpg,,Bay Leaf
train,Bay Leaf/BayLeaf898.jpg,,Bay Leaf
train,Bay Leaf/BayLeaf176.jpg,,Bay Leaf
train,Bay Leaf/BayLeaf361.jpg,,Bay Leaf
train,Bay Leaf/BayLeaf258.jpg,,Bay Leaf
train,Bay Leaf/BayLeaf835.jpg,,Bay Leaf
train,Bay Leaf/BayLeaf222.jpg,,Bay Leaf
train,Bay Leaf/BayLeaf688.jpg,,Bay Leaf
train,Bay Leaf/BayLeaf127.jpg,,Bay Leaf
train,Bay Leaf/BayLeaf639.jpg,,Bay Leaf
train,Bay Leaf/BayLeaf83.jpg,,Bay Leaf
train,Bay Leaf/BayLeaf138.jpg,,Bay Leaf
train,Bay Leaf/BayLeaf748.jpg,,Bay Leaf
train,Bay Leaf/BayLeaf732.jpg,,Bay Leaf
train,Bay Leaf/BayLeaf595.jpg,,Bay Leaf
train,Bay Leaf/BayLeaf768.jpg,,Bay Leaf
train,Bay Leaf/BayLeaf94.jpg,,Bay Leaf
train,Bay Leaf/BayLeaf933.jpg,,Bay Leaf
train,Bay Leaf/BayLeaf1026.jpg,,Bay Leaf
train,Bay Leaf/BayLeaf1035.jpg,,Bay Leaf
train,Bay Leaf/BayLeaf622.jpg,,Bay Leaf
train,Bay Leaf/BayLeaf1061.jpg,,Bay Leaf
train,Bay Leaf/BayLeaf620.jpg,,Bay Leaf
train,Bay Leaf/BayLeaf972.jpg,,Bay Leaf
train,Bay Leaf/BayLeaf936.jpg,,Bay Leaf
train,Bay Leaf/BayLeaf1046.jpg,,Bay Leaf
train,Bay Leaf/BayLeaf519.jpg,,Bay Leaf
train,Bay Leaf/BayLeaf973.jpg,,Bay Leaf
train,Bay Leaf/BayLeaf941.jpg,,Bay Leaf
train,Bay Leaf/BayLeaf1073.jpg,,Bay Leaf
train,Bay Leaf/BayLeaf254.jpg,,Bay Leaf
train,Bay Leaf/BayLeaf990.jpg,,Bay Leaf
train,Bay Leaf/BayLeaf278.jpg,,Bay Leaf
train,Bay Leaf/BayLeaf678.jpg,,Bay Leaf
train,Bay Leaf/BayLeaf332.jpg,,Bay Leaf
train,Bay Leaf/BayLeaf861.jpg,,Bay Leaf
train,Bay Leaf/BayLeaf440.jpg,,Bay Leaf
train,Bay Leaf/BayLeaf216.jpg,,Bay Leaf
train,Bay Leaf/BayLeaf323.jpg,,Bay Leaf
train,Bay Leaf/BayLeaf853.jpg,,Bay Leaf
train,Bay Leaf/BayLeaf261.jpg,,Bay Leaf
train,Bay Leaf/BayLeaf78.jpg,,Bay Leaf
train,Bay Leaf/BayLeaf19.jpg,,Bay Leaf
train,Bay Leaf/BayLeaf447.jpg,,Bay Leaf
train,Bay Leaf/BayLeaf146.jpg,,Bay Leaf
train,Bay Leaf/BayLeaf416.jpg,,Bay Leaf
train,Bay Leaf/BayLeaf614.jpg,,Bay Leaf
train,Bay Leaf/BayLeaf965.jpg,,Bay Leaf
train,Bay Leaf/BayLeaf690.jpg,,Bay Leaf
train,Bay Leaf/BayLeaf632.jpg,,Bay Leaf
train,Bay Leaf/BayLeaf991.jpg,,Bay Leaf
train,Bay Leaf/BayLeaf568.jpg,,Bay Leaf
train,Bay Leaf/BayLeaf385.jpg,,Bay Leaf
train,Bay Leaf/BayLeaf1022.jpg,,Bay Leaf
train,Bay Leaf/BayLeaf947.jpg,,Bay Leaf
train,Bay Leaf/BayLeaf596.jpg,,Bay Leaf
train,Bay Leaf/BayLeaf857.jpg,,Bay Leaf
train,Bay Leaf/BayLeaf452.jpg,,Bay Leaf
train,Bay Leaf/BayLeaf174.jpg,,Bay Leaf
train,Bay Leaf/BayLeaf69.jpg,,Bay Leaf
train,Bay Leaf/BayLeaf395.jpg,,Bay Leaf
train,Bay Leaf/BayLeaf916.jpg,,Bay Leaf
train,Bay Leaf/BayLeaf638.jpg,,Bay Leaf
train,Bay Leaf/BayLeaf331.jpg,,Bay Leaf
train,Bay Leaf/BayLeaf720.jpg,,Bay Leaf
train,Bay Leaf/BayLeaf1024.jpg,,Bay Leaf
train,Bay Leaf/BayLeaf47.jpg,,Bay Leaf
train,Bay Leaf/BayLeaf889.jpg,,Bay Leaf
train,Bay Leaf/BayLeaf273.jpg,,Bay Leaf
train,Bay Leaf/BayLeaf785.jpg,,Bay Leaf
train,Bay Leaf/BayLeaf471.jpg,,Bay Leaf
train,Bay Leaf/BayLeaf224.jpg,,Bay Leaf
train,Bay Leaf/BayLeaf578.jpg,,Bay Leaf
train,Bay Leaf/BayLeaf525.jpg,,Bay Leaf
train,Bay Leaf/BayLeaf7.jpg,,Bay Leaf
train,Bay Leaf/BayLeaf884.jpg,,Bay Leaf
train,Bay Leaf/BayLeaf408.jpg,,Bay Leaf
train,Bay Leaf/BayLeaf381.jpg,,Bay Leaf
train,Bay Leaf/BayLeaf970.jpg,,Bay Leaf
train,Bay Leaf/BayLeaf346.jpg,,Bay Leaf
train,Bay Leaf/BayLeaf1003.jpg,,Bay Leaf
train,Bay Leaf/BayLeaf461.jpg,,Bay Leaf
train,Bay Leaf/BayLeaf372.jpg,,Bay Leaf
train,Bay Leaf/BayLeaf80.jpg,,Bay Leaf
train,Bay Leaf/BayLeaf1016.jpg,,Bay Leaf
train,Bay Leaf/BayLeaf952.jpg,,Bay Leaf
train,Bay Leaf/BayLeaf560.jpg,,Bay Leaf
train,Bay Leaf/BayLeaf380.jpg,,Bay Leaf
train,Bay Leaf/BayLeaf855.jpg,,Bay Leaf
train,Bay Leaf/BayLeaf211.jpg,,Bay Leaf
train,Bay Leaf/BayLeaf1055.jpg,,Bay Leaf
train,Bay Leaf/BayLeaf404.jpg,,Bay Leaf
train,Bay Leaf/BayLeaf451.jpg,,Bay Leaf
train,Bay Leaf/BayLeaf521.jpg,,Bay Leaf
train,Bay Leaf/BayLeaf873.jpg,,Bay Leaf
train,Bay Leaf/BayLeaf398.jpg,,Bay Leaf
train,Bay Leaf/BayLeaf801.jpg,,Bay Leaf
train,Bay Leaf/BayLeaf1057.jpg,,Bay Leaf
train,Bay Leaf/BayLeaf994.jpg,,Bay Leaf
train,Bay Leaf/BayLeaf673.jpg,,Bay Leaf
train,Bay Leaf/BayLeaf162.jpg,,Bay Leaf
train,Bay Leaf/BayLeaf661.jpg,,Bay Leaf
train,Bay Leaf/BayLeaf375.jpg,,Bay Leaf
train,Bay Leaf/BayLeaf995.jpg,,Bay Leaf
train,Bay Leaf/BayLeaf971.jpg,,Bay Leaf
train,Bay Leaf/BayLeaf149.jpg,,Bay Leaf
train,Bay Leaf/BayLeaf1072.jpg,,Bay Leaf
train,Bay Leaf/BayLeaf52.jpg,,Bay Leaf
train,Bay Leaf/BayLeaf316.jpg,,Bay Leaf
train,Bay Leaf/BayLeaf924.jpg,,Bay Leaf
train,Bay Leaf/BayLeaf272.jpg,,Bay Leaf
train,Bay Leaf/BayLeaf815.jpg,,Bay Leaf
train,Bay Leaf/BayLeaf285.jpg,,Bay Leaf
train,Bay Leaf/BayLeaf68.jpg,,Bay Leaf
train,Bay Leaf/BayLeaf943.jpg,,Bay Leaf
train,Bay Leaf/BayLeaf427.jpg,,Bay Leaf
train,Bay Leaf/BayLeaf275.jpg,,Bay Leaf
train,Bay Leaf/BayLeaf241.jpg,,Bay Leaf
train,Bay Leaf/BayLeaf6.jpg,,Bay Leaf
train,Bay Leaf/BayLeaf469.jpg,,Bay Leaf
train,Bay Leaf/BayLeaf501.jpg,,Bay Leaf
train,Bay Leaf/BayLeaf739.jpg,,Bay Leaf
train,Bay Leaf/BayLeaf728.jpg,,Bay Leaf
train,Bay Leaf/BayLeaf277.jpg,,Bay Leaf
train,Bay Leaf/BayLeaf609.jpg,,Bay Leaf
train,Bay Leaf/BayLeaf25.jpg,,Bay Leaf
train,Bay Leaf/BayLeaf816.jpg,,Bay Leaf
train,Bay Leaf/BayLeaf260.jpg,,Bay Leaf
train,Bay Leaf/BayLeaf436.jpg,,Bay Leaf
train,Bay Leaf/BayLeaf806.jpg,,Bay Leaf
train,Bay Leaf/BayLeaf707.jpg,,Bay Leaf
train,Bay Leaf/BayLeaf168.jpg,,Bay Leaf
train,Bay Leaf/BayLeaf432.jpg,,Bay Leaf
train,Bay Leaf/BayLeaf846.jpg,,Bay Leaf
train,Bay Leaf/BayLeaf414.jpg,,Bay Leaf
train,Bay Leaf/BayLeaf487.jpg,,Bay Leaf
train,Bay Leaf/BayLeaf882.jpg,,Bay Leaf
train,Bay Leaf/BayLeaf587.jpg,,Bay Leaf
train,Bay Leaf/BayLeaf43.jpg,,Bay Leaf
train,Bay Leaf/BayLeaf718.jpg,,Bay Leaf
train,Bay Leaf/BayLeaf313.jpg,,Bay Leaf
train,Bay Leaf/BayLeaf570.jpg,,Bay Leaf
train,Bay Leaf/BayLeaf537.jpg,,Bay Leaf
train,Bay Leaf/BayLeaf510.jpg,,Bay Leaf
train,Bay Leaf/BayLeaf979.jpg,,Bay Leaf
train,Bay Leaf/BayLeaf780.jpg,,Bay Leaf
train,Bay Leaf/BayLeaf760.jpg,,Bay Leaf
train,Bay Leaf/BayLeaf144.jpg,,Bay Leaf
train,Bay Leaf/BayLeaf442.jpg,,Bay Leaf
train,Bay Leaf/BayLeaf133.jpg,,Bay Leaf
train,Bay Leaf/BayLeaf251.jpg,,Bay Leaf
train,Bay Leaf/BayLeaf535.jpg,,Bay Leaf
train,Bay Leaf/BayLeaf1044.jpg,,Bay Leaf
train,Bay Leaf/BayLeaf45.jpg,,Bay Leaf
train,Bay Leaf/BayLeaf5.jpg,,Bay Leaf
train,Bay Leaf/BayLeaf663.jpg,,Bay Leaf
train,Bay Leaf/BayLeaf763.jpg,,Bay Leaf
train,Bay Leaf/BayLeaf184.jpg,,Bay Leaf
train,Bay Leaf/BayLeaf223.jpg,,Bay Leaf
train,Bay Leaf/BayLeaf413.jpg,,Bay Leaf
train,Bay Leaf/BayLeaf74.jpg,,Bay Leaf
train,Bay Leaf/BayLeaf12.jpg,,Bay Leaf
train,Bay Leaf/BayLeaf731.jpg,,Bay Leaf
train,Bay Leaf/BayLeaf713.jpg,,Bay Leaf
train,Bay Leaf/BayLeaf1002.jpg,,Bay Leaf
train,Bay Leaf/BayLeaf656.jpg,,Bay Leaf
train,Bay Leaf/BayLeaf626.jpg,,Bay Leaf
train,Bay Leaf/BayLeaf158.jpg,,Bay Leaf
train,Bay Leaf/BayLeaf246.jpg,,Bay Leaf
train,Bay Leaf/BayLeaf917.jpg,,Bay Leaf
train,Bay Leaf/BayLeaf478.jpg,,Bay Leaf
train,Bay Leaf/BayLeaf376.jpg,,Bay Leaf
train,Bay Leaf/BayLeaf86.jpg,,Bay Leaf
train,Bay Leaf/BayLeaf684.jpg,,Bay Leaf
train,Bay Leaf/BayLeaf200.jpg,,Bay Leaf
train,Bay Leaf/BayLeaf552.jpg,,Bay Leaf
train,Bay Leaf/BayLeaf601.jpg,,Bay Leaf
train,Bay Leaf/BayLeaf403.jpg,,Bay Leaf
train,Bay Leaf/BayLeaf441.jpg,,Bay Leaf
val,Bay Leaf/BayLeaf1065.jpg,,Bay Leaf
val,Bay Leaf/BayLeaf73.jpg,,Bay Leaf
val,Bay Leaf/BayLeaf585.jpg,,Bay Leaf
val,Bay Leaf/BayLeaf46.jpg,,Bay Leaf
val,Bay Leaf/BayLeaf247.jpg,,Bay Leaf
val,Bay Leaf/BayLeaf1040.jpg,,Bay Leaf
val,Bay Leaf/BayLeaf1020.jpg,,Bay Leaf
val,Bay Leaf/BayLeaf157.jpg,,Bay Leaf
val,Bay Leaf/BayLeaf204.jpg,,Bay Leaf
val,Bay Leaf/BayLeaf885.jpg,,Bay Leaf
val,Bay Leaf/BayLeaf229.jpg,,Bay Leaf
val,Bay Leaf/BayLeaf307.jpg,,Bay Leaf
val,Bay Leaf/BayLeaf641.jpg,,Bay Leaf
val,Bay Leaf/BayLeaf238.jpg,,Bay Leaf
val,Bay Leaf/BayLeaf714.jpg,,Bay Leaf
val,Bay Leaf/BayLeaf777.jpg,,Bay Leaf
val,Bay Leaf/BayLeaf1084.jpg,,Bay Leaf
val,Bay Leaf/BayLeaf330.jpg,,Bay Leaf
val,Bay Leaf/BayLeaf593.jpg,,Bay Leaf
val,Bay Leaf/BayLeaf605.jpg,,Bay Leaf
val,Bay Leaf/BayLeaf874.jpg,,Bay Leaf
val,Bay Leaf/BayLeaf497.jpg,,Bay Leaf
val,Bay Leaf/BayLeaf283.jpg,,Bay Leaf
val,Bay Leaf/BayLeaf1076.jpg,,Bay Leaf
val,Bay Leaf/BayLeaf629.jpg,,Bay Leaf
val,Bay Leaf/BayLeaf178.jpg,,Bay Leaf
val,Bay Leaf/BayLeaf70.jpg,,Bay Leaf
val,Bay Leaf/BayLeaf756.jpg,,Bay Leaf
val,Bay Leaf/BayLeaf753.jpg,,Bay Leaf
val,Bay Leaf/BayLeaf955.jpg,,Bay Leaf
val,Bay Leaf/BayLeaf897.jpg,,Bay Leaf
val,Bay Leaf/BayLeaf218.jpg,,Bay Leaf
val,Bay Leaf/BayLeaf644.jpg,,Bay Leaf
val,Bay Leaf/BayLeaf834.jpg,,Bay Leaf
val,Bay Leaf/BayLeaf429.jpg,,Bay Leaf
val,Bay Leaf/BayLeaf450.jpg,,Bay Leaf
val,Bay Leaf/BayLeaf318.jpg,,Bay Leaf
val,Bay Leaf/BayLeaf625.jpg,,Bay Leaf
val,Bay Leaf/BayLeaf581.jpg,,Bay Leaf
val,Bay Leaf/BayLeaf556.jpg,,Bay Leaf
val,Bay Leaf/BayLeaf746.jpg,,Bay Leaf
val,Bay Leaf/BayLeaf418.jpg,,Bay Leaf
val,Bay Leaf/BayLeaf215.jpg,,Bay Leaf
val,Bay Leaf/BayLeaf286.jpg,,Bay Leaf
val,Bay Leaf/BayLeaf301.jpg,,Bay Leaf
val,Bay Leaf/BayLeaf1.jpg,,Bay Leaf
val,Bay Leaf/BayLeaf790.jpg,,Bay Leaf
val,Bay Leaf/BayLeaf527.jpg,,Bay Leaf
val,Bay Leaf/BayLeaf396.jpg,,Bay Leaf
val,Bay Leaf/BayLeaf3.jpg,,Bay Leaf
val,Bay Leaf/BayLeaf546.jpg,,Bay Leaf
val,Bay Leaf/BayLeaf59.jpg,,Bay Leaf
val,Bay Leaf/BayLeaf182.jpg,,Bay Leaf
val,Bay Leaf/BayLeaf711.jpg,,Bay Leaf
val,Bay Leaf/BayLeaf646.jpg,,Bay Leaf
val,Bay Leaf/BayLeaf371.jpg,,Bay Leaf
val,Bay Leaf/BayLeaf886.jpg,,Bay Leaf
val,Bay Leaf/BayLeaf960.jpg,,Bay Leaf
val,Bay Leaf/BayLeaf199.jpg,,Bay Leaf
val,Bay Leaf/BayLeaf139.jpg,,Bay Leaf
val,Bay Leaf/BayLeaf532.jpg,,Bay Leaf
val,Bay Leaf/BayLeaf294.jpg,,Bay Leaf
val,Bay Leaf/BayLeaf664.jpg,,Bay Leaf
val,Bay Leaf/BayLeaf393.jpg,,Bay Leaf
val,Bay Leaf/BayLeaf322.jpg,,Bay Leaf
val,Bay Leaf/BayLeaf399.jpg,,Bay Leaf
val,Bay Leaf/BayLeaf636.jpg,,Bay Leaf
val,Bay Leaf/BayLeaf956.jpg,,Bay Leaf
val,Bay Leaf/BayLeaf49.jpg,,Bay Leaf
val,Bay Leaf/BayLeaf299.jpg,,Bay Leaf
val,Bay Leaf/BayLeaf894.jpg,,Bay Leaf
val,Bay Leaf/BayLeaf686.jpg,,Bay Leaf
val,Bay Leaf/BayLeaf136.jpg,,Bay Leaf
val,Bay Leaf/BayLeaf803.jpg,,Bay Leaf
val,Bay Leaf/BayLeaf633.jpg,,Bay Leaf
val,Bay Leaf/BayLeaf9.jpg,,Bay Leaf
val,Bay Leaf/BayLeaf597.jpg,,Bay Leaf
val,Bay Leaf/BayLeaf326.jpg,,Bay Leaf
val,Bay Leaf/BayLeaf870.jpg,,Bay Leaf
val,Bay Leaf/BayLeaf95.jpg,,Bay Leaf
val,Bay Leaf/BayLeaf923.jpg,,Bay Leaf
val,Bay Leaf/BayLeaf419.jpg,,Bay Leaf
val,Bay Leaf/BayLeaf357.jpg,,Bay Leaf
val,Bay Leaf/BayLeaf202.jpg,,Bay Leaf
val,Bay Leaf/BayLeaf64.jpg,,Bay Leaf
val,Bay Leaf/BayLeaf700.jpg,,Bay Leaf
val,Bay Leaf/BayLeaf705.jpg,,Bay Leaf
val,Bay Leaf/BayLeaf685.jpg,,Bay Leaf
val,Bay Leaf/BayLeaf655.jpg,,Bay Leaf
val,Bay Leaf/BayLeaf518.jpg,,Bay Leaf
val,Bay Leaf/BayLeaf765.jpg,,Bay Leaf
val,Bay Leaf/BayLeaf875.jpg,,Bay Leaf
val,Bay Leaf/BayLeaf500.jpg,,Bay Leaf
val,Bay Leaf/BayLeaf10.jpg,,Bay Leaf
val,Bay Leaf/BayLeaf899.jpg,,Bay Leaf
val,Bay Leaf/BayLeaf675.jpg,,Bay Leaf
val,Bay Leaf/BayLeaf1039.jpg,,Bay Leaf
val,Bay Leaf/BayLeaf256.jpg,,Bay Leaf
val,Bay Leaf/BayLeaf197.jpg,,Bay Leaf
val,Bay Leaf/BayLeaf553.jpg,,Bay Leaf
val,Bay Leaf/BayLeaf851.jpg,,Bay Leaf
val,Bay Leaf/BayLeaf377.jpg,,Bay Leaf
val,Bay Leaf/BayLeaf910.jpg,,Bay Leaf
val,Bay Leaf/BayLeaf493.jpg,,Bay Leaf
val,Bay Leaf/BayLeaf580.jpg,,Bay Leaf
val,Bay Leaf/BayLeaf423.jpg,,Bay Leaf
val,Bay Leaf/BayLeaf310.jpg,,Bay Leaf
val,Bay Leaf/BayLeaf747.jpg,,Bay Leaf
test,Bay Leaf/BayLeaf963.jpg,,Bay Leaf
test,Bay Leaf/BayLeaf34.jpg,,Bay Leaf
test,Bay Leaf/BayLeaf421.jpg,,Bay Leaf
test,Bay Leaf/BayLeaf571.jpg,,Bay Leaf
test,Bay Leaf/BayLeaf121.jpg,,Bay Leaf
test,Bay Leaf/BayLeaf1033.jpg,,Bay Leaf
test,Bay Leaf/BayLeaf266.jpg,,Bay Leaf
test,Bay Leaf/BayLeaf557.jpg,,Bay Leaf
test,Bay Leaf/BayLeaf186.jpg,,Bay Leaf
test,Bay Leaf/BayLeaf978.jpg,,Bay Leaf
test,Bay Leaf/BayLeaf830.jpg,,Bay Leaf
test,Bay Leaf/BayLeaf128.jpg,,Bay Leaf
test,Bay Leaf/BayLeaf1023.jpg,,Bay Leaf
test,Bay Leaf/BayLeaf888.jpg,,Bay Leaf
test,Bay Leaf/BayLeaf327.jpg,,Bay Leaf
test,Bay Leaf/BayLeaf516.jpg,,Bay Leaf
test,Bay Leaf/BayLeaf8.jpg,,Bay Leaf
test,Bay Leaf/BayLeaf648.jpg,,Bay Leaf
test,Bay Leaf/BayLeaf390.jpg,,Bay Leaf
test,Bay Leaf/BayLeaf491.jpg,,Bay Leaf
test,Bay Leaf/BayLeaf612.jpg,,Bay Leaf
test,Bay Leaf/BayLeaf345.jpg,,Bay Leaf
test,Bay Leaf/BayLeaf925.jpg,,Bay Leaf
test,Bay Leaf/BayLeaf734.jpg,,Bay Leaf
test,Bay Leaf/BayLeaf913.jpg,,Bay Leaf
test,Bay Leaf/BayLeaf1062.jpg,,Bay Leaf
test,Bay Leaf/BayLeaf819.jpg,,Bay Leaf
test,Bay Leaf/BayLeaf279.jpg,,Bay Leaf
test,Bay Leaf/BayLeaf324.jpg,,Bay Leaf
test,Bay Leaf/BayLeaf39.jpg,,Bay Leaf
test,Bay Leaf/BayLeaf2.jpg,,Bay Leaf
test,Bay Leaf/BayLeaf63.jpg,,Bay Leaf
test,Bay Leaf/BayLeaf102.jpg,,Bay Leaf
test,Bay Leaf/BayLeaf227.jpg,,Bay Leaf
test,Bay Leaf/BayLeaf231.jpg,,Bay Leaf
test,Bay Leaf/BayLeaf825.jpg,,Bay Leaf
test,Bay Leaf/BayLeaf755.jpg,,Bay Leaf
test,Bay Leaf/BayLeaf779.jpg,,Bay Leaf
test,Bay Leaf/BayLeaf302.jpg,,Bay Leaf
test,Bay Leaf/BayLeaf344.jpg,,Bay Leaf
test,Bay Leaf/BayLeaf446.jpg,,Bay Leaf
test,Bay Leaf/BayLeaf869.jpg,,Bay Leaf
test,Bay Leaf/BayLeaf775.jpg,,Bay Leaf
test,Bay Leaf/BayLeaf205.jpg,,Bay Leaf
test,Bay Leaf/BayLeaf226.jpg,,Bay Leaf
test,Bay Leaf/BayLeaf455.jpg,,Bay Leaf
test,Bay Leaf/BayLeaf813.jpg,,Bay Leaf
test,Bay Leaf/BayLeaf107.jpg,,Bay Leaf
test,Bay Leaf/BayLeaf727.jpg,,Bay Leaf
test,Bay Leaf/BayLeaf220.jpg,,Bay Leaf
test,Bay Leaf/BayLeaf315.jpg,,Bay Leaf
test,Bay Leaf/BayLeaf513.jpg,,Bay Leaf
test,Bay Leaf/BayLeaf48.jpg,,Bay Leaf
test,Bay Leaf/BayLeaf781.jpg,,Bay Leaf
test,Bay Leaf/BayLeaf634.jpg,,Bay Leaf
test,Bay Leaf/BayLeaf352.jpg,,Bay Leaf
test,Bay Leaf/BayLeaf1043.jpg,,Bay Leaf
test,Bay Leaf/BayLeaf782.jpg,,Bay Leaf
test,Bay Leaf/BayLeaf348.jpg,,Bay Leaf
test,Bay Leaf/BayLeaf320.jpg,,Bay Leaf
test,Bay Leaf/BayLeaf458.jpg,,Bay Leaf
test,Bay Leaf/BayLeaf306.jpg,,Bay Leaf
test,Bay Leaf/BayLeaf771.jpg,,Bay Leaf
test,Bay Leaf/BayLeaf674.jpg,,Bay Leaf
test,Bay Leaf/BayLeaf210.jpg,,Bay Leaf
test,Bay Leaf/BayLeaf482.jpg,,Bay Leaf
test,Bay Leaf/BayLeaf409.jpg,,Bay Leaf
test,Bay Leaf/BayLeaf681.jpg,,Bay Leaf
test,Bay Leaf/BayLeaf1071.jpg,,Bay Leaf
test,Bay Leaf/BayLeaf694.jpg,,Bay Leaf
test,Bay Leaf/BayLeaf590.jpg,,Bay Leaf
test,Bay Leaf/BayLeaf1075.jpg,,Bay Leaf
test,Bay Leaf/BayLeaf257.jpg,,Bay Leaf
test,Bay Leaf/BayLeaf814.jpg,,Bay Leaf
test,Bay Leaf/BayLeaf295.jpg,,Bay Leaf
test,Bay Leaf/BayLeaf702.jpg,,Bay Leaf
test,Bay Leaf/BayLeaf1064.jpg,,Bay Leaf
test,Bay Leaf/BayLeaf297.jpg,,Bay Leaf
test,Bay Leaf/BayLeaf160.jpg,,Bay Leaf
test,Bay Leaf/BayLeaf228.jpg,,Bay Leaf
test,Bay Leaf/BayLeaf1015.jpg,,Bay Leaf
test,Bay Leaf/BayLeaf81.jpg,,Bay Leaf
test,Bay Leaf/BayLeaf836.jpg,,Bay Leaf
test,Bay Leaf/BayLeaf319.jpg,,Bay Leaf
test,Bay Leaf/BayLeaf504.jpg,,Bay Leaf
test,Bay Leaf/BayLeaf262.jpg,,Bay Leaf
test,Bay Leaf/BayLeaf637.jpg,,Bay Leaf
test,Bay Leaf/BayLeaf1004.jpg,,Bay Leaf
test,Bay Leaf/BayLeaf108.jpg,,Bay Leaf
test,Bay Leaf/BayLeaf531.jpg,,Bay Leaf
test,Bay Leaf/BayLeaf802.jpg,,Bay Leaf
test,Bay Leaf/BayLeaf192.jpg,,Bay Leaf
test,Bay Leaf/BayLeaf115.jpg,,Bay Leaf
test,Bay Leaf/BayLeaf485.jpg,,Bay Leaf
test,Bay Leaf/BayLeaf922.jpg,,Bay Leaf
test,Bay Leaf/BayLeaf954.jpg,,Bay Leaf
test,Bay Leaf/BayLeaf508.jpg,,Bay Leaf
test,Bay Leaf/BayLeaf397.jpg,,Bay Leaf
test,Bay Leaf/BayLeaf654.jpg,,Bay Leaf
test,Bay Leaf/BayLeaf41.jpg,,Bay Leaf
test,Bay Leaf/BayLeaf541.jpg,,Bay Leaf
test,Bay Leaf/BayLeaf523.jpg,,Bay Leaf
test,Bay Leaf/BayLeaf308.jpg,,Bay Leaf
test,Bay Leaf/BayLeaf219.jpg,,Bay Leaf
test,Bay Leaf/BayLeaf234.jpg,,Bay Leaf
test,Bay Leaf/BayLeaf509.jpg,,Bay Leaf
test,Bay Leaf/BayLeaf27.jpg,,Bay Leaf
test,Bay Leaf/BayLeaf212.jpg,,Bay Leaf
test,Bay Leaf/BayLeaf574.jpg,,Bay Leaf
train,Black Cardamom/BlackCardamom70.jpg,,Black Cardamom
train,Black Cardamom/BlackCardamom1.jpg,,Black Cardamom
train,Black Cardamom/BlackCardamom206.jpg,,Black Cardamom
train,Black Cardamom/BlackCardamom9.jpg,,Black Cardamom
train,Black Cardamom/BlackCardamom310.jpg,,Black Cardamom
train,Black Cardamom/BlackCardamom219.jpg,,Black Cardamom
train,Black Cardamom/BlackCardamom165.jpg,,Black Cardamom
train,Black Cardamom/BlackCardamom323.jpg,,Black Cardamom
train,Black Cardamom/BlackCardamom26.jpg,,Black Cardamom
train,Black Cardamom/BlackCardamom306.jpg,,Black Cardamom
train,Black Cardamom/BlackCardamom163.jpg,,Black Cardamom
train,Black Cardamom/BlackCardamom286.jpg,,Black Cardamom
train,Black Cardamom/BlackCardamom339.jpg,,Black Cardamom
train,Black Cardamom/BlackCardamom113.jpg,,Black Cardamom
train,Black Cardamom/BlackCardamom291.jpg,,Black Cardamom
train,Black Cardamom/BlackCardamom258.jpg,,Black Cardamom
train,Black Cardamom/BlackCardamom223.jpg,,Black Cardamom
train,Black Cardamom/BlackCardamom292.jpg,,Black Cardamom
train,Black Cardamom/BlackCardamom311.jpg,,Black Cardamom
train,Black Cardamom/BlackCardamom94.jpg,,Black Cardamom
train,Black Cardamom/BlackCardamom19.jpg,,Black Cardamom
train,Black Cardamom/BlackCardamom322.jpg,,Black Cardamom
train,Black Cardamom/BlackCardamom52.jpg,,Black Cardamom
train,Black Cardamom/BlackCardamom282.jpg,,Black Cardamom
train,Black Cardamom/BlackCardamom253.jpg,,Black Cardamom
train,Black Cardamom/BlackCardamom335.jpg,,Black Cardamom
train,Black Cardamom/BlackCardamom96.jpg,,Black Cardamom
train,Black Cardamom/BlackCardamom342.jpg,,Black Cardamom
train,Black Cardamom/BlackCardamom16.jpg,,Black Cardamom
train,Black Cardamom/BlackCardamom181.jpg,,Black Cardamom
train,Black Cardamom/BlackCardamom326.jpg,,Black Cardamom
train,Black Cardamom/BlackCardamom6.jpg,,Black Cardamom
train,Black Cardamom/BlackCardamom160.jpg,,Black Cardamom
train,Black Cardamom/BlackCardamom267.jpg,,Black Cardamom
train,Black Cardamom/BlackCardamom39.jpg,,Black Cardamom
train,Black Cardamom/BlackCardamom194.jpg,,Black Cardamom
train,Black Cardamom/BlackCardamom205.jpg,,Black Cardamom
train,Black Cardamom/BlackCardamom154.jpg,,Black Cardamom
train,Black Cardamom/BlackCardamom316.jpg,,Black Cardamom
train,Black Cardamom/BlackCardamom248.jpg,,Black Cardamom
train,Black Cardamom/BlackCardamom341.jpg,,Black Cardamom
train,Black Cardamom/BlackCardamom137.jpg,,Black Cardamom
train,Black Cardamom/BlackCardamom256.jpg,,Black Cardamom
train,Black Cardamom/BlackCardamom257.jpg,,Black Cardamom
train,Black Cardamom/BlackCardamom81.jpg,,Black Cardamom
train,Black Cardamom/BlackCardamom97.jpg,,Black Cardamom
train,Black Cardamom/BlackCardamom100.jpg,,Black Cardamom
train,Black Cardamom/BlackCardamom287.jpg,,Black Cardamom
train,Black Cardamom/BlackCardamom212.jpg,,Black Cardamom
train,Black Cardamom/BlackCardamom46.jpg,,Black Cardamom
train,Black Cardamom/BlackCardamom263.jpg,,Black Cardamom
train,Black Cardamom/BlackCardamom83.jpg,,Black Cardamom
train,Black Cardamom/BlackCardamom301.jpg,,Black Cardamom
train,Black Cardamom/BlackCardamom35.jpg,,Black Cardamom
train,Black Cardamom/BlackCardamom145.jpg,,Black Cardamom
train,Black Cardamom/BlackCardamom104.jpg,,Black Cardamom
train,Black Cardamom/BlackCardamom280.jpg,,Black Cardamom
train,Black Cardamom/BlackCardamom101.jpg,,Black Cardamom
train,Black Cardamom/BlackCardamom162.jpg,,Black Cardamom
train,Black Cardamom/BlackCardamom232.jpg,,Black Cardamom
train,Black Cardamom/BlackCardamom207.jpg,,Black Cardamom
train,Black Cardamom/BlackCardamom175.jpg,,Black Cardamom
train,Black Cardamom/BlackCardamom330.jpg,,Black Cardamom
train,Black Cardamom/BlackCardamom120.jpg,,Black Cardamom
train,Black Cardamom/BlackCardamom302.jpg,,Black Cardamom
train,Black Cardamom/BlackCardamom277.jpg,,Black Cardamom
train,Black Cardamom/BlackCardamom168.jpg,,Black Cardamom
train,Black Cardamom/BlackCardamom215.jpg,,Black Cardamom
train,Black Cardamom/BlackCardamom62.jpg,,Black Cardamom
train,Black Cardamom/BlackCardamom272.jpg,,Black Cardamom
train,Black Cardamom/BlackCardamom285.jpg,,Black Cardamom
train,Black Cardamom/BlackCardamom95.jpg,,Black Cardamom
train,Black Cardamom/BlackCardamom5.jpg,,Black Cardamom
train,Black Cardamom/BlackCardamom185.jpg,,Black Cardamom
train,Black Cardamom/BlackCardamom246.jpg,,Black Cardamom
train,Black Cardamom/BlackCardamom189.jpg,,Black Cardamom
train,Black Cardamom/BlackCardamom211.jpg,,Black Cardamom
train,Black Cardamom/BlackCardamom30.jpg,,Black Cardamom
train,Black Cardamom/BlackCardamom72.jpg,,Black Cardamom
train,Black Cardamom/BlackCardamom84.jpg,,Black Cardamom
train,Black Cardamom/BlackCardamom14.jpg,,Black Cardamom
train,Black Cardamom/BlackCardamom53.jpg,,Black Cardamom
train,Black Cardamom/BlackCardamom86.jpg,,Black Cardamom
train,Black Cardamom/BlackCardamom264.jpg,,Black Cardamom
train,Black Cardamom/BlackCardamom133.jpg,,Black Cardamom
train,Black Cardamom/BlackCardamom37.jpg,,Black Cardamom
train,Black Cardamom/BlackCardamom259.jpg,,Black Cardamom
train,Black Cardamom/BlackCardamom153.jpg,,Black Cardamom
train,Black Cardamom/BlackCardamom106.jpg,,Black Cardamom
train,Black Cardamom/BlackCardamom314.jpg,,Black Cardamom
train,Black Cardamom/BlackCardamom41.jpg,,Black Cardamom
train,Black Cardamom/BlackCardamom91.jpg,,Black Cardamom
train,Black Cardamom/BlackCardamom64.jpg,,Black Cardamom
train,Black Cardamom/BlackCardamom89.jpg,,Black Cardamom
train,Black Cardamom/BlackCardamom222.jpg,,Black Cardamom
train,Black Cardamom/BlackCardamom172.jpg,,Black Cardamom
train,Black Cardamom/BlackCardamom21.jpg,,Black Cardamom
train,Black Cardamom/BlackCardamom226.jpg,,Black Cardamom
train,Black Cardamom/BlackCardamom99.jpg,,Black Cardamom
train,Black Cardamom/BlackCardamom150.jpg,,Black Cardamom
train,Black Cardamom/BlackCardamom238.jpg,,Black Cardamom
train,Black Cardamom/BlackCardamom337.jpg,,Black Cardamom
train,Black Cardamom/BlackCardamom28.jpg,,Black Cardamom
train,Black Cardamom/BlackCardamom312.jpg,,Black Cardamom
train,Black Cardamom/BlackCardamom152.jpg,,Black Cardamom
train,Black Cardamom/BlackCardamom156.jpg,,Black Cardamom
train,Black Cardamom/BlackCardamom57.jpg,,Black Cardamom
train,Black Cardamom/BlackCardamom188.jpg,,Black Cardamom
train,Black Cardamom/BlackCardamom336.jpg,,Black Cardamom
train,Black Cardamom/BlackCardamom107.jpg,,Black Cardamom
train,Black Cardamom/BlackCardamom75.jpg,,Black Cardamom
train,Black Cardamom/BlackCardamom20.jpg,,Black Cardamom
train,Black Cardamom/BlackCardamom304.jpg,,Black Cardamom
train,Black Cardamom/BlackCardamom218.jpg,,Black Cardamom
train,Black Cardamom/BlackCardamom266.jpg,,Black Cardamom
train,Black Cardamom/BlackCardamom240.jpg,,Black Cardamom
train,Black Cardamom/BlackCardamom121.jpg,,Black Cardamom
train,Black Cardamom/BlackCardamom128.jpg,,Black Cardamom
train,Black Cardamom/BlackCardamom208.jpg,,Black Cardamom
train,Black Cardamom/BlackCardamom300.jpg,,Black Cardamom
train,Black Cardamom/BlackCardamom34.jpg,,Black Cardamom
train,Black Cardamom/BlackCardamom25.jpg,,Black Cardamom
train,Black Cardamom/BlackCardamom276.jpg,,Black Cardamom
train,Black Cardamom/BlackCardamom173.jpg,,Black Cardamom
train,Black Cardamom/BlackCardamom193.jpg,,Black Cardamom
train,Black Cardamom/BlackCardamom209.jpg,,Black Cardamom
train,Black Cardamom/BlackCardamom183.jpg,,Black Cardamom
train,Black Cardamom/BlackCardamom274.jpg,,Black Cardamom
train,Black Cardamom/BlackCardamom328.jpg,,Black Cardamom
train,Black Cardamom/BlackCardamom48.jpg,,Black Cardamom
train,Black Cardamom/BlackCardamom319.jpg,,Black Cardamom
train,Black Cardamom/BlackCardamom56.jpg,,Black Cardamom
train,Black Cardamom/BlackCardamom244.jpg,,Black Cardamom
train,Black Cardamom/BlackCardamom233.jpg,,Black Cardamom
train,Black Cardamom/BlackCardamom176.jpg,,Black Cardamom
train,Black Cardamom/BlackCardamom315.jpg,,Black Cardamom
train,Black Cardamom/BlackCardamom177.jpg,,Black Cardamom
train,Black Cardamom/BlackCardamom66.jpg,,Black Cardamom
train,Black Cardamom/BlackCardamom79.jpg,,Black Cardamom
train,Black Cardamom/BlackCardamom295.jpg,,Black Cardamom
train,Black Cardamom/BlackCardamom78.jpg,,Black Cardamom
train,Black Cardamom/BlackCardamom321.jpg,,Black Cardamom
train,Black Cardamom/BlackCardamom90.jpg,,Black Cardamom
train,Black Cardamom/BlackCardamom87.jpg,,Black Cardamom
train,Black Cardamom/BlackCardamom123.jpg,,Black Cardamom
train,Black Cardamom/BlackCardamom88.jpg,,Black Cardamom
train,Black Cardamom/BlackCardamom119.jpg,,Black Cardamom
train,Black Cardamom/BlackCardamom73.jpg,,Black Cardamom
train,Black Cardamom/BlackCardamom318.jpg,,Black Cardamom
train,Black Cardamom/BlackCardamom50.jpg,,Black Cardamom
train,Black Cardamom/BlackCardamom36.jpg,,Black Cardamom
train,Black Cardamom/BlackCardamom103.jpg,,Black Cardamom
train,Black Cardamom/BlackCardamom24.jpg,,Black Cardamom
train,Black Cardamom/BlackCardamom61.jpg,,Black Cardamom
train,Black Cardamom/BlackCardamom8.jpg,,Black Cardamom
train,Black Cardamom/BlackCardamom288.jpg,,Black Cardamom
train,Black Cardamom/BlackCardamom192.jpg,,Black Cardamom
train,Black Cardamom/BlackCardamom230.jpg,,Black Cardamom
train,Black Cardamom/BlackCardamom198.jpg,,Black Cardamom
train,Black Cardamom/BlackCardamom38.jpg,,Black Cardamom
train,Black Cardamom/BlackCardamom171.jpg,,Black Cardamom
train,Black Cardamom/BlackCardamom116.jpg,,Black Cardamom
train,Black Cardamom/BlackCardamom204.jpg,,Black Cardamom
train,Black Cardamom/BlackCardamom102.jpg,,Black Cardamom
train,Black Cardamom/BlackCardamom2.jpg,,Black Cardamom
train,Black Cardamom/BlackCardamom108.jpg,,Black Cardamom
train,Black Cardamom/BlackCardamom47.jpg,,Black Cardamom
train,Black Cardamom/BlackCardamom115.jpg,,Black Cardamom
train,Black Cardamom/BlackCardamom180.jpg,,Black Cardamom
train,Black Cardamom/BlackCardamom228.jpg,,Black Cardamom
train,Black Cardamom/BlackCardamom214.jpg,,Black Cardamom
train,Black Cardamom/BlackCardamom338.jpg,,Black Cardamom
train,Black Cardamom/BlackCardamom333.jpg,,Black Cardamom
train,Black Cardamom/BlackCardamom187.jpg,,Black Cardamom
train,Black Cardamom/BlackCardamom98.jpg,,Black Cardamom
train,Black Cardamom/BlackCardamom139.jpg,,Black Cardamom
train,Black Cardamom/BlackCardamom281.jpg,,Black Cardamom
train,Black Cardamom/BlackCardamom213.jpg,,Black Cardamom
train,Black Cardamom/BlackCardamom268.jpg,,Black Cardamom
train,Black Cardamom/BlackCardamom45.jpg,,Black Cardamom
train,Black Cardamom/BlackCardamom305.jpg,,Black Cardamom
train,Black Cardamom/BlackCardamom166.jpg,,Black Cardamom
train,Black Cardamom/BlackCardamom158.jpg,,Black Cardamom
train,Black Cardamom/BlackCardamom130.jpg,,Black Cardamom
train,Black Cardamom/BlackCardamom148.jpg,,Black Cardamom
train,Black Cardamom/BlackCardamom169.jpg,,Black Cardamom
train,Black Cardamom/BlackCardamom146.jpg,,Black Cardamom
train,Black Cardamom/BlackCardamom327.jpg,,Black Cardamom
train,Black Cardamom/BlackCardamom345.jpg,,Black Cardamom
train,Black Cardamom/BlackCardamom237.jpg,,Black Cardamom
train,Black Cardamom/BlackCardamom190.jpg,,Black Cardamom
train,Black Cardamom/BlackCardamom15.jpg,,Black Cardamom
train,Black Cardamom/BlackCardamom109.jpg,,Black Cardamom
train,Black Cardamom/BlackCardamom54.jpg,,Black Cardamom
train,Black Cardamom/BlackCardamom252.jpg,,Black Cardamom
train,Black Cardamom/BlackCardamom22.jpg,,Black Cardamom
train,Black Cardamom/BlackCardamom60.jpg,,Black Cardamom
train,Black Cardamom/BlackCardamom235.jpg,,Black Cardamom
train,Black Cardamom/BlackCardamom279.jpg,,Black Cardamom
train,Black Cardamom/BlackCardamom329.jpg,,Black Cardamom
train,Black Cardamom/BlackCardamom164.jpg,,Black Cardamom
train,Black Cardamom/BlackCardamom124.jpg,,Black Cardamom
train,Black Cardamom/BlackCardamom68.jpg,,Black Cardamom
train,Black Cardamom/BlackCardamom179.jpg,,Black Cardamom
train,Black Cardamom/BlackCardamom125.jpg,,Black Cardamom
train,Black Cardamom/BlackCardamom217.jpg,,Black Cardamom
train,Black Cardamom/BlackCardamom49.jpg,,Black Cardamom
train,Black Cardamom/BlackCardamom313.jpg,,Black Cardamom
train,Black Cardamom/BlackCardamom4.jpg,,Black Cardamom
train,Black Cardamom/BlackCardamom195.jpg,,Black Cardamom
train,Black Cardamom/BlackCardamom293.jpg,,Black Cardamom
train,Black Cardamom/BlackCardamom239.jpg,,Black Cardamom
train,Black Cardamom/BlackCardamom210.jpg,,Black Cardamom
train,Black Cardamom/BlackCardamom344.jpg,,Black Cardamom
train,Black Cardamom/BlackCardamom251.jpg,,Black Cardamom
train,Black Cardamom/BlackCardamom200.jpg,,Black Cardamom
train,Black Cardamom/BlackCardamom161.jpg,,Black Cardamom
train,Black Cardamom/BlackCardamom117.jpg,,Black Cardamom
train,Black Cardamom/BlackCardamom254.jpg,,Black Cardamom
train,Black Cardamom/BlackCardamom11.jpg,,Black Cardamom
train,Black Cardamom/BlackCardamom33.jpg,,Black Cardamom
train,Black Cardamom/BlackCardamom273.jpg,,Black Cardamom
train,Black Cardamom/BlackCardamom309.jpg,,Black Cardamom
train,Black Cardamom/BlackCardamom134.jpg,,Black Cardamom
train,Black Cardamom/BlackCardamom334.jpg,,Black Cardamom
train,Black Cardamom/BlackCardamom118.jpg,,Black Cardamom
train,Black Cardamom/BlackCardamom236.jpg,,Black Cardamom
train,Black Cardamom/BlackCardamom23.jpg,,Black Cardamom
train,Black Cardamom/BlackCardamom278.jpg,,Black Cardamom
train,Black Cardamom/BlackCardamom174.jpg,,Black Cardamom
train,Black Cardamom/BlackCardamom265.jpg,,Black Cardamom
train,Black Cardamom/BlackCardamom82.jpg,,Black Cardamom
train,Black Cardamom/BlackCardamom184.jpg,,Black Cardamom
train,Black Cardamom/BlackCardamom135.jpg,,Black Cardamom
train,Black Cardamom/BlackCardamom178.jpg,,Black Cardamom
train,Black Cardamom/BlackCardamom65.jpg,,Black Cardamom
train,Black Cardamom/BlackCardamom196.jpg,,Black Cardamom
train,Black Cardamom/BlackCardamom186.jpg,,Black Cardamom
train,Black Cardamom/BlackCardamom340.jpg,,Black Cardamom
train,Black Cardamom/BlackCardamom220.jpg,,Black Cardamom
train,Black Cardamom/BlackCardamom55.jpg,,Black Cardamom
train,Black Cardamom/BlackCardamom12.jpg,,Black Cardamom
train,Black Cardamom/BlackCardamom105.jpg,,Black Cardamom
train,Black Cardamom/BlackCardamom245.jpg,,Black Cardamom
train,Black Cardamom/BlackCardamom27.jpg,,Black Cardamom
train,Black Cardamom/BlackCardamom324.jpg,,Black Cardamom
train,Black Cardamom/BlackCardamom114.jpg,,Black Cardamom
train,Black Cardamom/BlackCardamom191.jpg,,Black Cardamom
train,Black Cardamom/BlackCardamom43.jpg,,Black Cardamom
train,Black Cardamom/BlackCardamom229.jpg,,Black Cardamom
train,Black Cardamom/BlackCardamom131.jpg,,Black Cardamom
train,Black Cardamom/BlackCardamom3.jpg,,Black Cardamom
train,Black Cardamom/BlackCardamom51.jpg,,Black Cardamom
train,Black Cardamom/BlackCardamom10.jpg,,Black Cardamom
train,Black Cardamom/BlackCardamom18.jpg,,Black Cardamom
train,Black Cardamom/BlackCardamom77.jpg,,Black Cardamom
train,Black Cardamom/BlackCardamom241.jpg,,Black Cardamom
train,Black Cardamom/BlackCardamom224.jpg,,Black Cardamom
train,Black Cardamom/BlackCardamom182.jpg,,Black Cardamom
train,Black Cardamom/BlackCardamom111.jpg,,Black Cardamom
train,Black Cardamom/BlackCardamom221.jpg,,Black Cardamom
train,Black Cardamom/BlackCardamom110.jpg,,Black Cardamom
train,Black Cardamom/BlackCardamom297.jpg,,Black Cardamom
train,Black Cardamom/BlackCardamom202.jpg,,Black Cardamom
train,Black Cardamom/BlackCardamom227.jpg,,Black Cardamom
train,Black Cardamom/BlackCardamom7.jpg,,Black Cardamom
train,Black Cardamom/BlackCardamom269.jpg,,Black Cardamom
train,Black Cardamom/BlackCardamom260.jpg,,Black Cardamom
train,Black Cardamom/BlackCardamom92.jpg,,Black Cardamom
train,Black Cardamom/BlackCardamom201.jpg,,Black Cardamom
train,Black Cardamom/BlackCardamom320.jpg,,Black Cardamom
train,Black Cardamom/BlackCardamom170.jpg,,Black Cardamom
train,Black Cardamom/BlackCardamom197.jpg,,Black Cardamom
train,Black Cardamom/BlackCardamom332.jpg,,Black Cardamom
train,Black Cardamom/BlackCardamom147.jpg,,Black Cardamom
train,Black Cardamom/BlackCardamom261.jpg,,Black Cardamom
val,Black Cardamom/BlackCardamom242.jpg,,Black Cardamom
val,Black Cardamom/BlackCardamom231.jpg,,Black Cardamom
val,Black Cardamom/BlackCardamom122.jpg,,Black Cardamom
val,Black Cardamom/BlackCardamom294.jpg,,Black Cardamom
val,Black Cardamom/BlackCardamom262.jpg,,Black Cardamom
val,Black Cardamom/BlackCardamom289.jpg,,Black Cardamom
val,Black Cardamom/BlackCardamom155.jpg,,Black Cardamom
val,Black Cardamom/BlackCardamom250.jpg,,Black Cardamom
val,Black Cardamom/BlackCardamom126.jpg,,Black Cardamom
val,Black Cardamom/BlackCardamom44.jpg,,Black Cardamom
val,Black Cardamom/BlackCardamom159.jpg,,Black Cardamom
val,Black Cardamom/BlackCardamom270.jpg,,Black Cardamom
val,Black Cardamom/BlackCardamom143.jpg,,Black Cardamom
val,Black Cardamom/BlackCardamom299.jpg,,Black Cardamom
val,Black Cardamom/BlackCardamom141.jpg,,Black Cardamom
val,Black Cardamom/BlackCardamom138.jpg,,Black Cardamom
val,Black Cardamom/BlackCardamom140.jpg,,Black Cardamom
val,Black Cardamom/BlackCardamom13.jpg,,Black Cardamom
val,Black Cardamom/BlackCardamom317.jpg,,Black Cardamom
val,Black Cardamom/BlackCardamom17.jpg,,Black Cardamom
val,Black Cardamom/BlackCardamom271.jpg,,Black Cardamom
val,Black Cardamom/BlackCardamom216.jpg,,Black Cardamom
val,Black Cardamom/BlackCardamom59.jpg,,Black Cardamom
val,Black Cardamom/BlackCardamom93.jpg,,Black Cardamom
val,Black Cardamom/BlackCardamom243.jpg,,Black Cardamom
val,Black Cardamom/BlackCardamom142.jpg,,Black Cardamom
val,Black Cardamom/BlackCardamom290.jpg,,Black Cardamom
val,Black Cardamom/BlackCardamom283.jpg,,Black Cardamom
val,Black Cardamom/BlackCardamom74.jpg,,Black Cardamom
val,Black Cardamom/BlackCardamom255.jpg,,Black Cardamom
val,Black Cardamom/BlackCardamom29.jpg,,Black Cardamom
val,Black Cardamom/BlackCardamom203.jpg,,Black Cardamom
val,Black Cardamom/BlackCardamom307.jpg,,Black Cardamom
val,Black Cardamom/BlackCardamom71.jpg,,Black Cardamom
test,Black Cardamom/BlackCardamom199.jpg,,Black Cardamom
test,Black Cardamom/BlackCardamom42.jpg,,Black Cardamom
test,Black Cardamom/BlackCardamom151.jpg,,Black Cardamom
test,Black Cardamom/BlackCardamom144.jpg,,Black Cardamom
test,Black Cardamom/BlackCardamom298.jpg,,Black Cardamom
test,Black Cardamom/BlackCardamom67.jpg,,Black Cardamom
test,Black Cardamom/BlackCardamom331.jpg,,Black Cardamom
test,Black Cardamom/BlackCardamom308.jpg,,Black Cardamom
test,Black Cardamom/BlackCardamom234.jpg,,Black Cardamom
test,Black Cardamom/BlackCardamom343.jpg,,Black Cardamom
test,Black Cardamom/BlackCardamom63.jpg,,Black Cardamom
test,Black Cardamom/BlackCardamom275.jpg,,Black Cardamom
test,Black Cardamom/BlackCardamom249.jpg,,Black Cardamom
test,Black Cardamom/BlackCardamom40.jpg,,Black Cardamom
test,Black Cardamom/BlackCardamom58.jpg,,Black Cardamom
test,Black Cardamom/BlackCardamom80.jpg,,Black Cardamom
test,Black Cardamom/BlackCardamom76.jpg,,Black Cardamom
test,Black Cardamom/BlackCardamom225.jpg,,Black Cardamom
test,Black Cardamom/BlackCardamom157.jpg,,Black Cardamom
test,Black Cardamom/BlackCardamom129.jpg,,Black Cardamom
test,Black Cardamom/BlackCardamom167.jpg,,Black Cardamom
test,Black Cardamom/BlackCardamom69.jpg,,Black Cardamom
test,Black Cardamom/BlackCardamom247.jpg,,Black Cardamom
test,Black Cardamom/BlackCardamom136.jpg,,Black Cardamom
test,Black Cardamom/BlackCardamom132.jpg,,Black Cardamom
test,Black Cardamom/BlackCardamom303.jpg,,Black Cardamom
test,Black Cardamom/BlackCardamom325.jpg,,Black Cardamom
test,Black Cardamom/BlackCardamom149.jpg,,Black Cardamom
test,Black Cardamom/BlackCardamom296.jpg,,Black Cardamom
test,Black Cardamom/BlackCardamom284.jpg,,Black Cardamom
test,Black Cardamom/BlackCardamom32.jpg,,Black Cardamom
test,Black Cardamom/BlackCardamom127.jpg,,Black Cardamom
test,Black Cardamom/BlackCardamom112.jpg,,Black Cardamom
test,Black Cardamom/BlackCardamom85.jpg,,Black Cardamom
test,Black Cardamom/BlackCardamom31.jpg,,Black Cardamom
train,Black Pepper/BlackPepper53.jpg,,Black Pepper
train,Black Pepper/BlackPepper148.jpg,,Black Pepper
train,Black Pepper/BlackPepper278.jpg,,Black Pepper
train,Black Pepper/BlackPepper186.jpg,,Black Pepper
train,Black Pepper/BlackPepper81.jpg,,Black Pepper
train,Black Pepper/BlackPepper112.jpg,,Black Pepper
train,Black Pepper/BlackPepper224.jpg,,Black Pepper
train,Black Pepper/BlackPepper257.jpg,,Black Pepper
train,Black Pepper/BlackPepper142.jpg,,Black Pepper
train,Black Pepper/BlackPepper178.jpg,,Black Pepper
train,Black Pepper/BlackPepper163.jpg,,Black Pepper
train,Black Pepper/BlackPepper216.jpg,,Black Pepper
train,Black Pepper/BlackPepper228.jpg,,Black Pepper
train,Black Pepper/BlackPepper125.jpg,,Black Pepper
train,Black Pepper/BlackPepper179.jpg,,Black Pepper
train,Black Pepper/BlackPepper93.jpg,,Black Pepper
train,Black Pepper/BlackPepper206.jpg,,Black Pepper
train,Black Pepper/BlackPepper94.jpg,,Black Pepper
train,Black Pepper/BlackPepper159.jpg,,Black Pepper
train,Black Pepper/BlackPepper244.jpg,,Black Pepper
train,Black Pepper/BlackPepper160.jpg,,Black Pepper
train,Black Pepper/BlackPepper168.jpg,,Black Pepper
train,Black Pepper/BlackPepper48.jpg,,Black Pepper
train,Black Pepper/BlackPepper155.jpg,,Black Pepper
train,Black Pepper/BlackPepper98.jpg,,Black Pepper
train,Black Pepper/BlackPepper111.jpg,,Black Pepper
train,Black Pepper/BlackPepper156.jpg,,Black Pepper
train,Black Pepper/BlackPepper30.jpg,,Black Pepper
train,Black Pepper/BlackPepper208.jpg,,Black Pepper
train,Black Pepper/BlackPepper3.jpg,,Black Pepper
train,Black Pepper/BlackPepper192.jpg,,Black Pepper
train,Black Pepper/BlackPepper74.jpg,,Black Pepper
train,Black Pepper/BlackPepper61.jpg,,Black Pepper
train,Black Pepper/BlackPepper115.jpg,,Black Pepper
train,Black Pepper/BlackPepper13.jpg,,Black Pepper
train,Black Pepper/BlackPepper264.jpg,,Black Pepper
train,Black Pepper/BlackPepper236.jpg,,Black Pepper
train,Black Pepper/BlackPepper73.jpg,,Black Pepper
train,Black Pepper/BlackPepper147.jpg,,Black Pepper
train,Black Pepper/BlackPepper274.jpg,,Black Pepper
train,Black Pepper/BlackPepper79.jpg,,Black Pepper
train,Black Pepper/BlackPepper129.jpg,,Black Pepper
train,Black Pepper/BlackPepper146.jpg,,Black Pepper
train,Black Pepper/BlackPepper189.jpg,,Black Pepper
train,Black Pepper/BlackPepper229.jpg,,Black Pepper
train,Black Pepper/BlackPepper68.jpg,,Black Pepper
train,Black Pepper/BlackPepper95.jpg,,Black Pepper
train,Black Pepper/BlackPepper64.jpg,,Black Pepper
train,Black Pepper/BlackPepper223.jpg,,Black Pepper
train,Black Pepper/BlackPepper222.jpg,,Black Pepper
train,Black Pepper/BlackPepper231.jpg,,Black Pepper
train,Black Pepper/BlackPepper123.jpg,,Black Pepper
train,Black Pepper/BlackPepper233.jpg,,Black Pepper
train,Black Pepper/BlackPepper36.jpg,,Black Pepper
train,Black Pepper/BlackPepper253.jpg,,Black Pepper
train,Black Pepper/BlackPepper177.jpg,,Black Pepper
train,Black Pepper/BlackPepper273.jpg,,Black Pepper
train,Black Pepper/BlackPepper6.jpg,,Black Pepper
train,Black Pepper/BlackPepper174.jpg,,Black Pepper
train,Black Pepper/BlackPepper101.jpg,,Black Pepper
train,Black Pepper/BlackPepper41.jpg,,Black Pepper
train,Black Pepper/BlackPepper237.jpg,,Black Pepper
train,Black Pepper/BlackPepper210.jpg,,Black Pepper
train,Black Pepper/BlackPepper219.jpg,,Black Pepper
train,Black Pepper/BlackPepper120.jpg,,Black Pepper
train,Black Pepper/BlackPepper23.jpg,,Black Pepper
train,Black Pepper/BlackPepper67.jpg,,Black Pepper
train,Black Pepper/BlackPepper199.jpg,,Black Pepper
train,Black Pepper/BlackPepper144.jpg,,Black Pepper
train,Black Pepper/BlackPepper34.jpg,,Black Pepper
train,Black Pepper/BlackPepper86.jpg,,Black Pepper
train,Black Pepper/BlackPepper135.jpg,,Black Pepper
train,Black Pepper/BlackPepper5.jpg,,Black Pepper
train,Black Pepper/BlackPepper167.jpg,,Black Pepper
train,Black Pepper/BlackPepper215.jpg,,Black Pepper
train,Black Pepper/BlackPepper251.jpg,,Black Pepper
train,Black Pepper/BlackPepper250.jpg,,Black Pepper
train,Black Pepper/BlackPepper55.jpg,,Black Pepper
train,Black Pepper/BlackPepper151.jpg,,Black Pepper
train,Black Pepper/BlackPepper260.jpg,,Black Pepper
train,Black Pepper/BlackPepper181.jpg,,Black Pepper
train,Black Pepper/BlackPepper212.jpg,,Black Pepper
train,Black Pepper/BlackPepper193.jpg,,Black Pepper
train,Black Pepper/BlackPepper26.jpg,,Black Pepper
train,Black Pepper/BlackPepper56.jpg,,Black Pepper
train,Black Pepper/BlackPepper119.jpg,,Black Pepper
train,Black Pepper/BlackPepper173.jpg,,Black Pepper
train,Black Pepper/BlackPepper138.jpg,,Black Pepper
train,Black Pepper/BlackPepper44.jpg,,Black Pepper
train,Black Pepper/BlackPepper191.jpg,,Black Pepper
train,Black Pepper/BlackPepper234.jpg,,Black Pepper
train,Black Pepper/BlackPepper114.jpg,,Black Pepper
train,Black Pepper/BlackPepper70.jpg,,Black Pepper
train,Black Pepper/BlackPepper99.jpg,,Black Pepper
train,Black Pepper/BlackPepper261.jpg,,Black Pepper
train,Black Pepper/BlackPepper171.jpg,,Black Pepper
train,Black Pepper/BlackPepper175.jpg,,Black Pepper
train,Black Pepper/BlackPepper66.jpg,,Black Pepper
train,Black Pepper/BlackPepper126.jpg,,Black Pepper
train,Black Pepper/BlackPepper139.jpg,,Black Pepper
train,Black Pepper/BlackPepper243.jpg,,Black Pepper
train,Black Pepper/BlackPepper203.jpg,,Black Pepper
train,Black Pepper/BlackPepper14.jpg,,Black Pepper
train,Black Pepper/BlackPepper62.jpg,,Black Pepper
train,Black Pepper/BlackPepper47.jpg,,Black Pepper
train,Black Pepper/BlackPepper128.jpg,,Black Pepper
train,Black Pepper/BlackPepper141.jpg,,Black Pepper
train,Black Pepper/BlackPepper45.jpg,,Black Pepper
train,Black Pepper/BlackPepper252.jpg,,Black Pepper
train,Black Pepper/BlackPepper103.jpg,,Black Pepper
train,Black Pepper/BlackPepper46.jpg,,Black Pepper
train,Black Pepper/BlackPepper268.jpg,,Black Pepper
train,Black Pepper/BlackPepper49.jpg,,Black Pepper
train,Black Pepper/BlackPepper100.jpg,,Black Pepper
train,Black Pepper/BlackPepper88.jpg,,Black Pepper
train,Black Pepper/BlackPepper85.jpg,,Black Pepper
train,Black Pepper/BlackPepper19.jpg,,Black Pepper
train,Black Pepper/BlackPepper32.jpg,,Black Pepper
train,Black Pepper/BlackPepper59.jpg,,Black Pepper
train,Black Pepper/BlackPepper209.jpg,,Black Pepper
train,Black Pepper/BlackPepper106.jpg,,Black Pepper
train,Black Pepper/BlackPepper77.jpg,,Black Pepper
train,Black Pepper/BlackPepper80.jpg,,Black Pepper
train,Black Pepper/BlackPepper108.jpg,,Black Pepper
train,Black Pepper/BlackPepper211.jpg,,Black Pepper
train,Black Pepper/BlackPepper25.jpg,,Black Pepper
train,Black Pepper/BlackPepper267.jpg,,Black Pepper
train,Black Pepper/BlackPepper262.jpg,,Black Pepper
train,Black Pepper/BlackPepper22.jpg,,Black Pepper
train,Black Pepper/BlackPepper180.jpg,,Black Pepper
train,Black Pepper/BlackPepper1.jpg,,Black Pepper
train,Black Pepper/BlackPepper92.jpg,,Black Pepper
train,Black Pepper/BlackPepper166.jpg,,Black Pepper
train,Black Pepper/BlackPepper131.jpg,,Black Pepper
train,Black Pepper/BlackPepper227.jpg,,Black Pepper
train,Black Pepper/BlackPepper27.jpg,,Black Pepper
train,Black Pepper/BlackPepper239.jpg,,Black Pepper
train,Black Pepper/BlackPepper213.jpg,,Black Pepper
train,Black Pepper/BlackPepper232.jpg,,Black Pepper
train,Black Pepper/BlackPepper113.jpg,,Black Pepper
train,Black Pepper/BlackPepper204.jpg,,Black Pepper
train,Black Pepper/BlackPepper38.jpg,,Black Pepper
train,Black Pepper/BlackPepper54.jpg,,Black Pepper
train,Black Pepper/BlackPepper11.jpg,,Black Pepper
train,Black Pepper/BlackPepper275.jpg,,Black Pepper
train,Black Pepper/BlackPepper169.jpg,,Black Pepper
train,Black Pepper/BlackPepper258.jpg,,Black Pepper
train,Black Pepper/BlackPepper246.jpg,,Black Pepper
train,Black Pepper/BlackPepper124.jpg,,Black Pepper
train,Black Pepper/BlackPepper197.jpg,,Black Pepper
train,Black Pepper/BlackPepper39.jpg,,Black Pepper
train,Black Pepper/BlackPepper225.jpg,,Black Pepper
train,Black Pepper/BlackPepper133.jpg,,Black Pepper
train,Black Pepper/BlackPepper149.jpg,,Black Pepper
train,Black Pepper/BlackPepper158.jpg,,Black Pepper
train,Black Pepper/BlackPepper102.jpg,,Black Pepper
train,Black Pepper/BlackPepper91.jpg,,Black Pepper
train,Black Pepper/BlackPepper10.jpg,,Black Pepper
train,Black Pepper/BlackPepper240.jpg,,Black Pepper
train,Black Pepper/BlackPepper71.jpg,,Black Pepper
train,Black Pepper/BlackPepper245.jpg,,Black Pepper
train,Black Pepper/BlackPepper248.jpg,,Black Pepper
train,Black Pepper/BlackPepper50.jpg,,Black Pepper
train,Black Pepper/BlackPepper165.jpg,,Black Pepper
train,Black Pepper/BlackPepper96.jpg,,Black Pepper
train,Black Pepper/BlackPepper52.jpg,,Black Pepper
train,Black Pepper/BlackPepper269.jpg,,Black Pepper
train,Black Pepper/BlackPepper176.jpg,,Black Pepper
train,Black Pepper/BlackPepper249.jpg,,Black Pepper
train,Black Pepper/BlackPepper121.jpg,,Black Pepper
train,Black Pepper/BlackPepper172.jpg,,Black Pepper
train,Black Pepper/BlackPepper105.jpg,,Black Pepper
train,Black Pepper/BlackPepper150.jpg,,Black Pepper
train,Black Pepper/BlackPepper75.jpg,,Black Pepper
train,Black Pepper/BlackPepper117.jpg,,Black Pepper
train,Black Pepper/BlackPepper9.jpg,,Black Pepper
train,Black Pepper/BlackPepper63.jpg,,Black Pepper
train,Black Pepper/BlackPepper51.jpg,,Black Pepper
train,Black Pepper/BlackPepper76.jpg,,Black Pepper
train,Black Pepper/BlackPepper190.jpg,,Black Pepper
train,Black Pepper/BlackPepper31.jpg,,Black Pepper
train,Black Pepper/BlackPepper195.jpg,,Black Pepper
train,Black Pepper/BlackPepper104.jpg,,Black Pepper
train,Black Pepper/BlackPepper18.jpg,,Black Pepper
train,Black Pepper/BlackPepper270.jpg,,Black Pepper
train,Black Pepper/BlackPepper15.jpg,,Black Pepper
train,Black Pepper/BlackPepper12.jpg,,Black Pepper
train,Black Pepper/BlackPepper2.jpg,,Black Pepper
train,Black Pepper/BlackPepper132.jpg,,Black Pepper
train,Black Pepper/BlackPepper217.jpg,,Black Pepper
train,Black Pepper/BlackPepper89.jpg,,Black Pepper
train,Black Pepper/BlackPepper161.jpg,,Black Pepper
train,Black Pepper/BlackPepper37.jpg,,Black Pepper
train,Black Pepper/BlackPepper118.jpg,,Black Pepper
train,Black Pepper/BlackPepper42.jpg,,Black Pepper
train,Black Pepper/BlackPepper127.jpg,,Black Pepper
train,Black Pepper/BlackPepper218.jpg,,Black Pepper
train,Black Pepper/BlackPepper263.jpg,,Black Pepper
train,Black Pepper/BlackPepper122.jpg,,Black Pepper
train,Black Pepper/BlackPepper226.jpg,,Black Pepper
train,Black Pepper/BlackPepper185.jpg,,Black Pepper
train,Black Pepper/BlackPepper21.jpg,,Black Pepper
train,Black Pepper/BlackPepper247.jpg,,Black Pepper
train,Black Pepper/BlackPepper110.jpg,,Black Pepper
train,Black Pepper/BlackPepper157.jpg,,Black Pepper
train,Black Pepper/BlackPepper130.jpg,,Black Pepper
train,Black Pepper/BlackPepper238.jpg,,Black Pepper
train,Black Pepper/BlackPepper33.jpg,,Black Pepper
train,Black Pepper/BlackPepper84.jpg,,Black Pepper
train,Black Pepper/BlackPepper78.jpg,,Black Pepper
train,Black Pepper/BlackPepper196.jpg,,Black Pepper
train,Black Pepper/BlackPepper220.jpg,,Black Pepper
train,Black Pepper/BlackPepper214.jpg,,Black Pepper
train,Black Pepper/BlackPepper187.jpg,,Black Pepper
train,Black Pepper/BlackPepper28.jpg,,Black Pepper
train,Black Pepper/BlackPepper60.jpg,,Black Pepper
train,Black Pepper/BlackPepper276.jpg,,Black Pepper
train,Black Pepper/BlackPepper205.jpg,,Black Pepper
train,Black Pepper/BlackPepper69.jpg,,Black Pepper
train,Black Pepper/BlackPepper230.jpg,,Black Pepper
train,Black Pepper/BlackPepper65.jpg,,Black Pepper
train,Black Pepper/BlackPepper184.jpg,,Black Pepper
val,Black Pepper/BlackPepper143.jpg,,Black Pepper
val,Black Pepper/BlackPepper40.jpg,,Black Pepper
val,Black Pepper/BlackPepper207.jpg,,Black Pepper
val,Black Pepper/BlackPepper58.jpg,,Black Pepper
val,Black Pepper/BlackPepper90.jpg,,Black Pepper
val,Black Pepper/BlackPepper87.jpg,,Black Pepper
val,Black Pepper/BlackPepper154.jpg,,Black Pepper
val,Black Pepper/BlackPepper221.jpg,,Black Pepper
val,Black Pepper/BlackPepper152.jpg,,Black Pepper
val,Black Pepper/BlackPepper201.jpg,,Black Pepper
val,Black Pepper/BlackPepper29.jpg,,Black Pepper
val,Black Pepper/BlackPepper271.jpg,,Black Pepper
val,Black Pepper/BlackPepper8.jpg,,Black Pepper
val,Black Pepper/BlackPepper164.jpg,,Black Pepper
val,Black Pepper/BlackPepper24.jpg,,Black Pepper
val,Black Pepper/BlackPepper200.jpg,,Black Pepper
val,Black Pepper/BlackPepper153.jpg,,Black Pepper
val,Black Pepper/BlackPepper7.jpg,,Black Pepper
val,Black Pepper/BlackPepper255.jpg,,Black Pepper
val,Black Pepper/BlackPepper183.jpg,,Black Pepper
val,Black Pepper/BlackPepper194.jpg,,Black Pepper
val,Black Pepper/BlackPepper109.jpg,,Black Pepper
val,Black Pepper/BlackPepper20.jpg,,Black Pepper
val,Black Pepper/BlackPepper265.jpg,,Black Pepper
val,Black Pepper/BlackPepper137.jpg,,Black Pepper
val,Black Pepper/BlackPepper57.jpg,,Black Pepper
val,Black Pepper/BlackPepper35.jpg,,Black Pepper
test,Black Pepper/BlackPepper242.jpg,,Black Pepper
test,Black Pepper/BlackPepper277.jpg,,Black Pepper
test,Black Pepper/BlackPepper259.jpg,,Black Pepper
test,Black Pepper/BlackPepper4.jpg,,Black Pepper
test,Black Pepper/BlackPepper140.jpg,,Black Pepper
test,Black Pepper/BlackPepper136.jpg,,Black Pepper
test,Black Pepper/BlackPepper17.jpg,,Black Pepper
test,Black Pepper/BlackPepper272.jpg,,Black Pepper
test,Black Pepper/BlackPepper16.jpg,,Black Pepper
test,Black Pepper/BlackPepper254.jpg,,Black Pepper
test,Black Pepper/BlackPepper116.jpg,,Black Pepper
test,Black Pepper/BlackPepper82.jpg,,Black Pepper
test,Black Pepper/BlackPepper145.jpg,,Black Pepper
test,Black Pepper/BlackPepper235.jpg,,Black Pepper
test,Black Pepper/BlackPepper134.jpg,,Black Pepper
test,Black Pepper/BlackPepper170.jpg,,Black Pepper
test,Black Pepper/BlackPepper162.jpg,,Black Pepper
test,Black Pepper/BlackPepper202.jpg,,Black Pepper
test,Black Pepper/BlackPepper188.jpg,,Black Pepper
test,Black Pepper/BlackPepper72.jpg,,Black Pepper
test,Black Pepper/BlackPepper256.jpg,,Black Pepper
test,Black Pepper/BlackPepper198.jpg,,Black Pepper
test,Black Pepper/BlackPepper182.jpg,,Black Pepper
test,Black Pepper/BlackPepper241.jpg,,Black Pepper
test,Black Pepper/BlackPepper97.jpg,,Black Pepper
test,Black Pepper/BlackPepper107.jpg,,Black Pepper
test,Black Pepper/BlackPepper266.jpg,,Black Pepper
test,Black Pepper/BlackPepper83.jpg,,Black Pepper
test,Black Pepper/BlackPepper43.jpg,,Black Pepper
train,Caraway seeds/CarawaySeeds1059.jpg,,Caraway seeds
train,Caraway seeds/CarawaySeeds34.jpg,,Caraway seeds
train,Caraway seeds/CarawaySeeds319.jpg,,Caraway seeds
train,Caraway seeds/CarawaySeeds33.jpg,,Caraway seeds
train,Caraway seeds/CarawaySeeds887.jpg,,Caraway seeds
train,Caraway seeds/CarawaySeeds366.jpg,,Caraway seeds
train,Caraway seeds/CarawaySeeds708.jpg,,Caraway seeds
train,Caraway seeds/CarawaySeeds745.jpg,,Caraway seeds
train,Caraway seeds/CarawaySeeds728.jpg,,Caraway seeds
train,Caraway seeds/CarawaySeeds305.jpg,,Caraway seeds
train,Caraway seeds/CarawaySeeds142.jpg,,Caraway seeds
train,Caraway seeds/CarawaySeeds759.jpg,,Caraway seeds
train,Caraway seeds/CarawaySeeds18.jpg,,Caraway seeds
train,Caraway seeds/CarawaySeeds691.jpg,,Caraway seeds
train,Caraway seeds/CarawaySeeds52.jpg,,Caraway seeds
train,Caraway seeds/CarawaySeeds26.jpg,,Caraway seeds
train,Caraway seeds/CarawaySeeds596.jpg,,Caraway seeds
train,Caraway seeds/CarawaySeeds130.jpg,,Caraway seeds
train,Caraway seeds/CarawaySeeds511.jpg,,Caraway seeds
train,Caraway seeds/CarawaySeeds1028.jpg,,Caraway seeds
train,Caraway seeds/CarawaySeeds648.jpg,,Caraway seeds
train,Caraway seeds/CarawaySeeds710.jpg,,Caraway seeds
train,Caraway seeds/CarawaySeeds915.jpg,,Caraway seeds
train,Caraway seeds/CarawaySeeds1075.jpg,,Caraway seeds
train,Caraway seeds/CarawaySeeds540.jpg,,Caraway seeds
train,Caraway seeds/CarawaySeeds1063.jpg,,Caraway seeds
train,Caraway seeds/CarawaySeeds905.jpg,,Caraway seeds
train,Caraway seeds/CarawaySeeds280.jpg,,Caraway seeds
train,Caraway seeds/CarawaySeeds547.jpg,,Caraway seeds
train,Caraway seeds/CarawaySeeds739.jpg,,Caraway seeds
train,Caraway seeds/CarawaySeeds4.jpg,,Caraway seeds
train,Caraway seeds/CarawaySeeds572.jpg,,Caraway seeds
train,Caraway seeds/CarawaySeeds510.jpg,,Caraway seeds
train,Caraway seeds/CarawaySeeds163.jpg,,Caraway seeds
train,Caraway seeds/CarawaySeeds807.jpg,,Caraway seeds
train,Caraway seeds/CarawaySeeds724.jpg,,Caraway seeds
train,Caraway seeds/CarawaySeeds166.jpg,,Caraway seeds
train,Caraway seeds/CarawaySeeds918.jpg,,Caraway seeds
train,Caraway seeds/CarawaySeeds477.jpg,,Caraway seeds
train,Caraway seeds/CarawaySeeds446.jpg,,Caraway seeds
train,Caraway seeds/CarawaySeeds377.jpg,,Caraway seeds
train,Caraway seeds/CarawaySeeds337.jpg,,Caraway seeds
train,Caraway seeds/CarawaySeeds1038.jpg,,Caraway seeds
train,Caraway seeds/CarawaySeeds386.jpg,,Caraway seeds
train,Caraway seeds/CarawaySeeds169.jpg,,Caraway seeds
train,Caraway seeds/CarawaySeeds28.jpg,,Caraway seeds
train,Caraway seeds/CarawaySeeds127.jpg,,Caraway seeds
train,Caraway seeds/CarawaySeeds199.jpg,,Caraway seeds
train,Caraway seeds/CarawaySeeds695.jpg,,Caraway seeds
train,Caraway seeds/CarawaySeeds181.jpg,,Caraway seeds
train,Caraway seeds/CarawaySeeds354.jpg,,Caraway seeds
train,Caraway seeds/CarawaySeeds660.jpg,,Caraway seeds
train,Caraway seeds/CarawaySeeds697.jpg,,Caraway seeds
train,Caraway seeds/CarawaySeeds60.jpg,,Caraway seeds
train,Caraway seeds/CarawaySeeds1009.jpg,,Caraway seeds
train,Caraway seeds/CarawaySeeds497.jpg,,Caraway seeds
train,Caraway seeds/CarawaySeeds341.jpg,,Caraway seeds
train,Caraway seeds/CarawaySeeds145.jpg,,Caraway seeds
train,Caraway seeds/CarawaySeeds480.jpg,,Caraway seeds
train,Caraway seeds/CarawaySeeds1072.jpg,,Caraway seeds
train,Caraway seeds/CarawaySeeds1011.jpg,,Caraway seeds
train,Caraway seeds/CarawaySeeds583.jpg,,Caraway seeds
train,Caraway seeds/CarawaySeeds837.jpg,,Caraway seeds
train,Caraway seeds/CarawaySeeds684.jpg,,Caraway seeds
train,Caraway seeds/CarawaySeeds573.jpg,,Caraway seeds
train,Caraway seeds/CarawaySeeds921.jpg,,Caraway seeds
train,Caraway seeds/CarawaySeeds960.jpg,,Caraway seeds
train,Caraway seeds/CarawaySeeds326.jpg,,Caraway seeds
train,Caraway seeds/CarawaySeeds713.jpg,,Caraway seeds
train,Caraway seeds/CarawaySeeds403.jpg,,Caraway seeds
train,Caraway seeds/CarawaySeeds625.jpg,,Caraway seeds
train,Caraway seeds/CarawaySeeds155.jpg,,Caraway seeds
train,Caraway seeds/CarawaySeeds328.jpg,,Caraway seeds
train,Caraway seeds/CarawaySeeds335.jpg,,Caraway seeds
train,Caraway seeds/CarawaySeeds802.jpg,,Caraway seeds
train,Caraway seeds/CarawaySeeds888.jpg,,Caraway seeds
train,Caraway seeds/CarawaySeeds990.jpg,,Caraway seeds
train,Caraway seeds/CarawaySeeds677.jpg,,Caraway seeds
train,Caraway seeds/CarawaySeeds153.jpg,,Caraway seeds
train,Caraway seeds/CarawaySeeds80.jpg,,Caraway seeds
train,Caraway seeds/CarawaySeeds115.jpg,,Caraway seeds
train,Caraway seeds/CarawaySeeds994.jpg,,Caraway seeds
train,Caraway seeds/CarawaySeeds607.jpg,,Caraway seeds
train,Caraway seeds/CarawaySeeds899.jpg,,Caraway seeds
train,Caraway seeds/CarawaySeeds598.jpg,,Caraway seeds
train,Caraway seeds/CarawaySeeds168.jpg,,Caraway seeds
train,Caraway seeds/CarawaySeeds961.jpg,,Caraway seeds
train,Caraway seeds/CarawaySeeds3.jpg,,Caraway seeds
train,Caraway seeds/CarawaySeeds848.jpg,,Caraway seeds
train,Caraway seeds/CarawaySeeds789.jpg,,Caraway seeds
train,Caraway seeds/CarawaySeeds718.jpg,,Caraway seeds
train,Caraway seeds/CarawaySeeds771.jpg,,Caraway seeds
train,Caraway seeds/CarawaySeeds487.jpg,,Caraway seeds
train,Caraway seeds/CarawaySeeds294.jpg,,Caraway seeds
train,Caraway seeds/CarawaySeeds76.jpg,,Caraway seeds
train,Caraway seeds/CarawaySeeds426.jpg,,Caraway seeds
train,Caraway seeds/CarawaySeeds218.jpg,,Caraway seeds
train,Caraway seeds/CarawaySeeds1095.jpg,,Caraway seeds
train,Caraway seeds/CarawaySeeds285.jpg,,Caraway seeds
train,Caraway seeds/CarawaySeeds942.jpg,,Caraway seeds
train,Caraway seeds/CarawaySeeds698.jpg,,Caraway seeds
train,Caraway seeds/CarawaySeeds764.jpg,,Caraway seeds
train,Caraway seeds/CarawaySeeds392.jpg,,Caraway seeds
train,Caraway seeds/CarawaySeeds970.jpg,,Caraway seeds
train,Caraway seeds/CarawaySeeds876.jpg,,Caraway seeds
train,Caraway seeds/CarawaySeeds1048.jpg,,Caraway seeds
train,Caraway seeds/CarawaySeeds95.jpg,,Caraway seeds
train,Caraway seeds/CarawaySeeds1102.jpg,,Caraway seeds
train,Caraway seeds/CarawaySeeds411.jpg,,Caraway seeds
train,Caraway seeds/CarawaySeeds617.jpg,,Caraway seeds
train,Caraway seeds/CarawaySeeds910.jpg,,Caraway seeds
train,Caraway seeds/CarawaySeeds840.jpg,,Caraway seeds
train,Caraway seeds/CarawaySeeds51.jpg,,Caraway seeds
train,Caraway seeds/CarawaySeeds656.jpg,,Caraway seeds
train,Caraway seeds/CarawaySeeds203.jpg,,Caraway seeds
train,Caraway seeds/CarawaySeeds1.jpg,,Caraway seeds
train,Caraway seeds/CarawaySeeds871.jpg,,Caraway seeds
train,Caraway seeds/CarawaySeeds268.jpg,,Caraway seeds
train,Caraway seeds/CarawaySeeds470.jpg,,Caraway seeds
train,Caraway seeds/CarawaySeeds797.jpg,,Caraway seeds
train,Caraway seeds/CarawaySeeds604.jpg,,Caraway seeds
train,Caraway seeds/CarawaySeeds614.jpg,,Caraway seeds
train,Caraway seeds/CarawaySeeds749.jpg,,Caraway seeds
train,Caraway seeds/CarawaySeeds1071.jpg,,Caraway seeds
train,Caraway seeds/CarawaySeeds310.jpg,,Caraway seeds
train,Caraway seeds/CarawaySeeds783.jpg,,Caraway seeds
train,Caraway seeds/CarawaySeeds1041.jpg,,Caraway seeds
train,Caraway seeds/CarawaySeeds946.jpg,,Caraway seeds
train,Caraway seeds/CarawaySeeds201.jpg,,Caraway seeds
train,Caraway seeds/CarawaySeeds272.jpg,,Caraway seeds
train,Caraway seeds/CarawaySeeds1014.jpg,,Caraway seeds
train,Caraway seeds/CarawaySeeds498.jpg,,Caraway seeds
train,Caraway seeds/CarawaySeeds768.jpg,,Caraway seeds
train,Caraway seeds/CarawaySeeds407.jpg,,Caraway seeds
train,Caraway seeds/CarawaySeeds880.jpg,,Caraway seeds
train,Caraway seeds/CarawaySeeds321.jpg,,Caraway seeds
train,Caraway seeds/CarawaySeeds98.jpg,,Caraway seeds
train,Caraway seeds/CarawaySeeds391.jpg,,Caraway seeds
train,Caraway seeds/CarawaySeeds983.jpg,,Caraway seeds
train,Caraway seeds/CarawaySeeds167.jpg,,Caraway seeds
train,Caraway seeds/CarawaySeeds977.jpg,,Caraway seeds
train,Caraway seeds/CarawaySeeds394.jpg,,Caraway seeds
train,Caraway seeds/CarawaySeeds162.jpg,,Caraway seeds
train,Caraway seeds/CarawaySeeds778.jpg,,Caraway seeds
train,Caraway seeds/CarawaySeeds503.jpg,,Caraway seeds
train,Caraway seeds/CarawaySeeds431.jpg,,Caraway seeds
train,Caraway seeds/CarawaySeeds1077.jpg,,Caraway seeds
train,Caraway seeds/CarawaySeeds345.jpg,,Caraway seeds
train,Caraway seeds/CarawaySeeds903.jpg,,Caraway seeds
train,Caraway seeds/CarawaySeeds653.jpg,,Caraway seeds
train,Caraway seeds/CarawaySeeds1020.jpg,,Caraway seeds
train,Caraway seeds/CarawaySeeds101.jpg,,Caraway seeds
train,Caraway seeds/CarawaySeeds544.jpg,,Caraway seeds
train,Caraway seeds/CarawaySeeds8.jpg,,Caraway seeds
train,Caraway seeds/CarawaySeeds640.jpg,,Caraway seeds
train,Caraway seeds/CarawaySeeds103.jpg,,Caraway seeds
train,Caraway seeds/CarawaySeeds1087.jpg,,Caraway seeds
train,Caraway seeds/CarawaySeeds234.jpg,,Caraway seeds
train,Caraway seeds/CarawaySeeds744.jpg,,Caraway seeds
train,Caraway seeds/CarawaySeeds756.jpg,,Caraway seeds
train,Caraway seeds/CarawaySeeds958.jpg,,Caraway seeds
train,Caraway seeds/CarawaySeeds214.jpg,,Caraway seeds
train,Caraway seeds/CarawaySeeds194.jpg,,Caraway seeds
train,Caraway seeds/CarawaySeeds488.jpg,,Caraway seeds
train,Caraway seeds/CarawaySeeds409.jpg,,Caraway seeds
train,Caraway seeds/CarawaySeeds704.jpg,,Caraway seeds
train,Caraway seeds/CarawaySeeds481.jpg,,Caraway seeds
train,Caraway seeds/CarawaySeeds1030.jpg,,Caraway seeds
train,Caraway seeds/CarawaySeeds134.jpg,,Caraway seeds
train,Caraway seeds/CarawaySeeds790.jpg,,Caraway seeds
train,Caraway seeds/CarawaySeeds232.jpg,,Caraway seeds
train,Caraway seeds/CarawaySeeds86.jpg,,Caraway seeds
train,Caraway seeds/CarawaySeeds284.jpg,,Caraway seeds
train,Caraway seeds/CarawaySeeds615.jpg,,Caraway seeds
train,Caraway seeds/CarawaySeeds997.jpg,,Caraway seeds
train,Caraway seeds/CarawaySeeds747.jpg,,Caraway seeds
train,Caraway seeds/CarawaySeeds124.jpg,,Caraway seeds
train,Caraway seeds/CarawaySeeds855.jpg,,Caraway seeds
train,Caraway seeds/CarawaySeeds270.jpg,,Caraway seeds
train,Caraway seeds/CarawaySeeds682.jpg,,Caraway seeds
train,Caraway seeds/CarawaySeeds671.jpg,,Caraway seeds
train,Caraway seeds/CarawaySeeds1060.jpg,,Caraway seeds
train,Caraway seeds/CarawaySeeds719.jpg,,Caraway seeds
train,Caraway seeds/CarawaySeeds13.jpg,,Caraway seeds
train,Caraway seeds/CarawaySeeds419.jpg,,Caraway seeds
train,Caraway seeds/CarawaySeeds1047.jpg,,Caraway seeds
train,Caraway seeds/CarawaySeeds1050.jpg,,Caraway seeds
train,Caraway seeds/CarawaySeeds1007.jpg,,Caraway seeds
train,Caraway seeds/CarawaySeeds647.jpg,,Caraway seeds
train,Caraway seeds/CarawaySeeds211.jpg,,Caraway seeds
train,Caraway seeds/CarawaySeeds359.jpg,,Caraway seeds
train,Caraway seeds/CarawaySeeds1074.jpg,,Caraway seeds
train,Caraway seeds/CarawaySeeds148.jpg,,Caraway seeds
train,Caraway seeds/CarawaySeeds93.jpg,,Caraway seeds
train,Caraway seeds/CarawaySeeds113.jpg,,Caraway seeds
train,Caraway seeds/CarawaySeeds1017.jpg,,Caraway seeds
train,Caraway seeds/CarawaySeeds624.jpg,,Caraway seeds
train,Caraway seeds/CarawaySeeds549.jpg,,Caraway seeds
train,Caraway seeds/CarawaySeeds100.jpg,,Caraway seeds
train,Caraway seeds/CarawaySeeds925.jpg,,Caraway seeds
train,Caraway seeds/CarawaySeeds553.jpg,,Caraway seeds
train,Caraway seeds/CarawaySeeds520.jpg,,Caraway seeds
train,Caraway seeds/CarawaySeeds452.jpg,,Caraway seeds
train,Caraway seeds/CarawaySeeds36.jpg,,Caraway seeds
train,Caraway seeds/CarawaySeeds301.jpg,,Caraway seeds
train,Caraway seeds/CarawaySeeds799.jpg,,Caraway seeds
train,Caraway seeds/CarawaySeeds74.jpg,,Caraway seeds
train,Caraway seeds/CarawaySeeds909.jpg,,Caraway seeds
train,Caraway seeds/CarawaySeeds463.jpg,,Caraway seeds
train,Caraway seeds/CarawaySeeds891.jpg,,Caraway seeds
train,Caraway seeds/CarawaySeeds15.jpg,,Caraway seeds
train,Caraway seeds/CarawaySeeds2.jpg,,Caraway seeds
train,Caraway seeds/CarawaySeeds716.jpg,,Caraway seeds
train,Caraway seeds/CarawaySeeds896.jpg,,Caraway seeds
train,Caraway seeds/CarawaySeeds388.jpg,,Caraway seeds
train,Caraway seeds/CarawaySeeds978.jpg,,Caraway seeds
train,Caraway seeds/CarawaySeeds219.jpg,,Caraway seeds
train,Caraway seeds/CarawaySeeds1054.jpg,,Caraway seeds
train,Caraway seeds/CarawaySeeds73.jpg,,Caraway seeds
train,Caraway seeds/CarawaySeeds678.jpg,,Caraway seeds
train,Caraway seeds/CarawaySeeds1091.jpg,,Caraway seeds
train,Caraway seeds/CarawaySeeds902.jpg,,Caraway seeds
train,Caraway seeds/CarawaySeeds449.jpg,,Caraway seeds
train,Caraway seeds/CarawaySeeds109.jpg,,Caraway seeds
train,Caraway seeds/CarawaySeeds297.jpg,,Caraway seeds
train,Caraway seeds/CarawaySeeds85.jpg,,Caraway seeds
train,Caraway seeds/CarawaySeeds108.jpg,,Caraway seeds
train,Caraway seeds/CarawaySeeds448.jpg,,Caraway seeds
train,Caraway seeds/CarawaySeeds1056.jpg,,Caraway seeds
train,Caraway seeds/CarawaySeeds21.jpg,,Caraway seeds
train,Caraway seeds/CarawaySeeds141.jpg,,Caraway seeds
train,Caraway seeds/CarawaySeeds973.jpg,,Caraway seeds
train,Caraway seeds/CarawaySeeds722.jpg,,Caraway seeds
train,Caraway seeds/CarawaySeeds290.jpg,,Caraway seeds
train,Caraway seeds/CarawaySeeds943.jpg,,Caraway seeds
train,Caraway seeds/CarawaySeeds424.jpg,,Caraway seeds
train,Caraway seeds/CarawaySeeds358.jpg,,Caraway seeds
train,Caraway seeds/CarawaySeeds995.jpg,,Caraway seeds
train,Caraway seeds/CarawaySeeds1039.jpg,,Caraway seeds
train,Caraway seeds/CarawaySeeds981.jpg,,Caraway seeds
train,Caraway seeds/CarawaySeeds408.jpg,,Caraway seeds
train,Caraway seeds/CarawaySeeds616.jpg,,Caraway seeds
train,Caraway seeds/CarawaySeeds784.jpg,,Caraway seeds
train,Caraway seeds/CarawaySeeds276.jpg,,Caraway seeds
train,Caraway seeds/CarawaySeeds637.jpg,,Caraway seeds
train,Caraway seeds/CarawaySeeds841.jpg,,Caraway seeds
train,Caraway seeds/CarawaySeeds907.jpg,,Caraway seeds
train,Caraway seeds/CarawaySeeds982.jpg,,Caraway seeds
train,Caraway seeds/CarawaySeeds755.jpg,,Caraway seeds
train,Caraway seeds/CarawaySeeds621.jpg,,Caraway seeds
train,Caraway seeds/CarawaySeeds241.jpg,,Caraway seeds
train,Caraway seeds/CarawaySeeds287.jpg,,Caraway seeds
train,Caraway seeds/CarawaySeeds565.jpg,,Caraway seeds
train,Caraway seeds/CarawaySeeds945.jpg,,Caraway seeds
train,Caraway seeds/CarawaySeeds912.jpg,,Caraway seeds
train,Caraway seeds/CarawaySeeds605.jpg,,Caraway seeds
train,Caraway seeds/CarawaySeeds331.jpg,,Caraway seeds
train,Caraway seeds/CarawaySeeds400.jpg,,Caraway seeds
train,Caraway seeds/CarawaySeeds223.jpg,,Caraway seeds
train,Caraway seeds/CarawaySeeds831.jpg,,Caraway seeds
train,Caraway seeds/CarawaySeeds500.jpg,,Caraway seeds
train,Caraway seeds/CarawaySeeds806.jpg,,Caraway seeds
train,Caraway seeds/CarawaySeeds7.jpg,,Caraway seeds
train,Caraway seeds/CarawaySeeds231.jpg,,Caraway seeds
train,Caraway seeds/CarawaySeeds959.jpg,,Caraway seeds
train,Caraway seeds/CarawaySeeds1001.jpg,,Caraway seeds
train,Caraway seeds/CarawaySeeds1068.jpg,,Caraway seeds
train,Caraway seeds/CarawaySeeds415.jpg,,Caraway seeds
train,Caraway seeds/CarawaySeeds1104.jpg,,Caraway seeds
train,Caraway seeds/CarawaySeeds466.jpg,,Caraway seeds
train,Caraway seeds/CarawaySeeds948.jpg,,Caraway seeds
train,Caraway seeds/CarawaySeeds473.jpg,,Caraway seeds
train,Caraway seeds/CarawaySeeds356.jpg,,Caraway seeds
train,Caraway seeds/CarawaySeeds761.jpg,,Caraway seeds
train,Caraway seeds/CarawaySeeds730.jpg,,Caraway seeds
train,Caraway seeds/CarawaySeeds828.jpg,,Caraway seeds
train,Caraway seeds/CarawaySeeds1025.jpg,,Caraway seeds
train,Caraway seeds/CarawaySeeds344.jpg,,Caraway seeds
train,Caraway seeds/CarawaySeeds721.jpg,,Caraway seeds
train,Caraway seeds/CarawaySeeds560.jpg,,Caraway seeds
train,Caraway seeds/CarawaySeeds947.jpg,,Caraway seeds
train,Caraway seeds/CarawaySeeds628.jpg,,Caraway seeds
train,Caraway seeds/CarawaySeeds693.jpg,,Caraway seeds
train,Caraway seeds/CarawaySeeds1076.jpg,,Caraway seeds
train,Caraway seeds/CarawaySeeds974.jpg,,Caraway seeds
train,Caraway seeds/CarawaySeeds969.jpg,,Caraway seeds
train,Caraway seeds/CarawaySeeds862.jpg,,Caraway seeds
train,Caraway seeds/CarawaySeeds94.jpg,,Caraway seeds
train,Caraway seeds/CarawaySeeds90.jpg,,Caraway seeds
train,Caraway seeds/CarawaySeeds908.jpg,,Caraway seeds
train,Caraway seeds/CarawaySeeds229.jpg,,Caraway seeds
train,Caraway seeds/CarawaySeeds972.jpg,,Caraway seeds
train,Caraway seeds/CarawaySeeds727.jpg,,Caraway seeds
train,Caraway seeds/CarawaySeeds292.jpg,,Caraway seeds
train,Caraway seeds/CarawaySeeds453.jpg,,Caraway seeds
train,Caraway seeds/CarawaySeeds493.jpg,,Caraway seeds
train,Caraway seeds/CarawaySeeds1089.jpg,,Caraway seeds
train,Caraway seeds/CarawaySeeds1069.jpg,,Caraway seeds
train,Caraway seeds/CarawaySeeds69.jpg,,Caraway seeds
train,Caraway seeds/CarawaySeeds765.jpg,,Caraway seeds
train,Caraway seeds/CarawaySeeds894.jpg,,Caraway seeds
train,Caraway seeds/CarawaySeeds269.jpg,,Caraway seeds
train,Caraway seeds/CarawaySeeds254.jpg,,Caraway seeds
train,Caraway seeds/CarawaySeeds360.jpg,,Caraway seeds
train,Caraway seeds/CarawaySeeds726.jpg,,Caraway seeds
train,Caraway seeds/CarawaySeeds471.jpg,,Caraway seeds
train,Caraway seeds/CarawaySeeds543.jpg,,Caraway seeds
train,Caraway seeds/CarawaySeeds844.jpg,,Caraway seeds
train,Caraway seeds/CarawaySeeds803.jpg,,Caraway seeds
train,Caraway seeds/CarawaySeeds950.jpg,,Caraway seeds
train,Caraway seeds/CarawaySeeds143.jpg,,Caraway seeds
train,Caraway seeds/CarawaySeeds322.jpg,,Caraway seeds
train,Caraway seeds/CarawaySeeds714.jpg,,Caraway seeds
train,Caraway seeds/CarawaySeeds350.jpg,,Caraway seeds
train,Caraway seeds/CarawaySeeds215.jpg,,Caraway seeds
train,Caraway seeds/CarawaySeeds1043.jpg,,Caraway seeds
train,Caraway seeds/CarawaySeeds651.jpg,,Caraway seeds
train,Caraway seeds/CarawaySeeds538.jpg,,Caraway seeds
train,Caraway seeds/CarawaySeeds79.jpg,,Caraway seeds
train,Caraway seeds/CarawaySeeds674.jpg,,Caraway seeds
train,Caraway seeds/CarawaySeeds838.jpg,,Caraway seeds
train,Caraway seeds/CarawaySeeds897.jpg,,Caraway seeds
train,Caraway seeds/CarawaySeeds164.jpg,,Caraway seeds
train,Caraway seeds/CarawaySeeds700.jpg,,Caraway seeds
train,Caraway seeds/CarawaySeeds602.jpg,,Caraway seeds
train,Caraway seeds/CarawaySeeds423.jpg,,Caraway seeds
train,Caraway seeds/CarawaySeeds826.jpg,,Caraway seeds
train,Caraway seeds/CarawaySeeds593.jpg,,Caraway seeds
train,Caraway seeds/CarawaySeeds253.jpg,,Caraway seeds
train,Caraway seeds/CarawaySeeds1108.jpg,,Caraway seeds
train,Caraway seeds/CarawaySeeds748.jpg,,Caraway seeds
train,Caraway seeds/CarawaySeeds327.jpg,,Caraway seeds
train,Caraway seeds/CarawaySeeds315.jpg,,Caraway seeds
train,Caraway seeds/CarawaySeeds329.jpg,,Caraway seeds
train,Caraway seeds/CarawaySeeds307.jpg,,Caraway seeds
train,Caraway seeds/CarawaySeeds618.jpg,,Caraway seeds
train,Caraway seeds/CarawaySeeds690.jpg,,Caraway seeds
train,Caraway seeds/CarawaySeeds833.jpg,,Caraway seeds
train,Caraway seeds/CarawaySeeds1004.jpg,,Caraway seeds
train,Caraway seeds/CarawaySeeds679.jpg,,Caraway seeds
train,Caraway seeds/CarawaySeeds152.jpg,,Caraway seeds
train,Caraway seeds/CarawaySeeds1094.jpg,,Caraway seeds
train,Caraway seeds/CarawaySeeds608.jpg,,Caraway seeds
train,Caraway seeds/CarawaySeeds389.jpg,,Caraway seeds
train,Caraway seeds/CarawaySeeds762.jpg,,Caraway seeds
train,Caraway seeds/CarawaySeeds822.jpg,,Caraway seeds
train,Caraway seeds/CarawaySeeds27.jpg,,Caraway seeds
train,Caraway seeds/CarawaySeeds416.jpg,,Caraway seeds
train,Caraway seeds/CarawaySeeds984.jpg,,Caraway seeds
train,Caraway seeds/CarawaySeeds1016.jpg,,Caraway seeds
train,Caraway seeds/CarawaySeeds277.jpg,,Caraway seeds
train,Caraway seeds/CarawaySeeds879.jpg,,Caraway seeds
train,Caraway seeds/CarawaySeeds381.jpg,,Caraway seeds
train,Caraway seeds/CarawaySeeds451.jpg,,Caraway seeds
train,Caraway seeds/CarawaySeeds673.jpg,,Caraway seeds
train,Caraway seeds/CarawaySeeds1021.jpg,,Caraway seeds
train,Caraway seeds/CarawaySeeds542.jpg,,Caraway seeds
train,Caraway seeds/CarawaySeeds246.jpg,,Caraway seeds
train,Caraway seeds/CarawaySeeds1040.jpg,,Caraway seeds
train,Caraway seeds/CarawaySeeds541.jpg,,Caraway seeds
train,Caraway seeds/CarawaySeeds643.jpg,,Caraway seeds
train,Caraway seeds/CarawaySeeds1034.jpg,,Caraway seeds
train,Caraway seeds/CarawaySeeds539.jpg,,Caraway seeds
train,Caraway seeds/CarawaySeeds151.jpg,,Caraway seeds
train,Caraway seeds/CarawaySeeds1092.jpg,,Caraway seeds
train,Caraway seeds/CarawaySeeds116.jpg,,Caraway seeds
train,Caraway seeds/CarawaySeeds632.jpg,,Caraway seeds
train,Caraway seeds/CarawaySeeds178.jpg,,Caraway seeds
train,Caraway seeds/CarawaySeeds863.jpg,,Caraway seeds
train,Caraway seeds/CarawaySeeds810.jpg,,Caraway seeds
train,Caraway seeds/CarawaySeeds475.jpg,,Caraway seeds
train,Caraway seeds/CarawaySeeds629.jpg,,Caraway seeds
train,Caraway seeds/CarawaySeeds97.jpg,,Caraway seeds
train,Caraway seeds/CarawaySeeds258.jpg,,Caraway seeds
train,Caraway seeds/CarawaySeeds884.jpg,,Caraway seeds
train,Caraway seeds/CarawaySeeds892.jpg,,Caraway seeds
train,Caraway seeds/CarawaySeeds371.jpg,,Caraway seeds
train,Caraway seeds/CarawaySeeds655.jpg,,Caraway seeds
train,Caraway seeds/CarawaySeeds843.jpg,,Caraway seeds
train,Caraway seeds/CarawaySeeds847.jpg,,Caraway seeds
train,Caraway seeds/CarawaySeeds852.jpg,,Caraway seeds
train,Caraway seeds/CarawaySeeds217.jpg,,Caraway seeds
train,Caraway seeds/CarawaySeeds609.jpg,,Caraway seeds
train,Caraway seeds/CarawaySeeds1083.jpg,,Caraway seeds
train,Caraway seeds/CarawaySeeds72.jpg,,Caraway seeds
train,Caraway seeds/CarawaySeeds839.jpg,,Caraway seeds
train,Caraway seeds/CarawaySeeds1067.jpg,,Caraway seeds
train,Caraway seeds/CarawaySeeds188.jpg,,Caraway seeds
train,Caraway seeds/CarawaySeeds191.jpg,,Caraway seeds
train,Caraway seeds/CarawaySeeds957.jpg,,Caraway seeds
train,Caraway seeds/CarawaySeeds659.jpg,,Caraway seeds
train,Caraway seeds/CarawaySeeds240.jpg,,Caraway seeds
train,Caraway seeds/CarawaySeeds577.jpg,,Caraway seeds
train,Caraway seeds/CarawaySeeds872.jpg,,Caraway seeds
train,Caraway seeds/CarawaySeeds296.jpg,,Caraway seeds
train,Caraway seeds/CarawaySeeds944.jpg,,Caraway seeds
train,Caraway seeds/CarawaySeeds442.jpg,,Caraway seeds
train,Caraway seeds/CarawaySeeds504.jpg,,Caraway seeds
train,Caraway seeds/CarawaySeeds951.jpg,,Caraway seeds
train,Caraway seeds/CarawaySeeds196.jpg,,Caraway seeds
train,Caraway seeds/CarawaySeeds752.jpg,,Caraway seeds
train,Caraway seeds/CarawaySeeds812.jpg,,Caraway seeds
train,Caraway seeds/CarawaySeeds1079.jpg,,Caraway seeds
train,Caraway seeds/CarawaySeeds956.jpg,,Caraway seeds
train,Caraway seeds/CarawaySeeds613.jpg,,Caraway seeds
train,Caraway seeds/CarawaySeeds646.jpg,,Caraway seeds
train,Caraway seeds/CarawaySeeds870.jpg,,Caraway seeds
train,Caraway seeds/CarawaySeeds597.jpg,,Caraway seeds
train,Caraway seeds/CarawaySeeds595.jpg,,Caraway seeds
train,Caraway seeds/CarawaySeeds19.jpg,,Caraway seeds
train,Caraway seeds/CarawaySeeds927.jpg,,Caraway seeds
train,Caraway seeds/CarawaySeeds239.jpg,,Caraway seeds
train,Caraway seeds/CarawaySeeds804.jpg,,Caraway seeds
train,Caraway seeds/CarawaySeeds1064.jpg,,Caraway seeds
train,Caraway seeds/CarawaySeeds138.jpg,,Caraway seeds
train,Caraway seeds/CarawaySeeds773.jpg,,Caraway seeds
train,Caraway seeds/CarawaySeeds147.jpg,,Caraway seeds
train,Caraway seeds/CarawaySeeds398.jpg,,Caraway seeds
train,Caraway seeds/CarawaySeeds767.jpg,,Caraway seeds
train,Caraway seeds/CarawaySeeds399.jpg,,Caraway seeds
train,Caraway seeds/CarawaySeeds641.jpg,,Caraway seeds
train,Caraway seeds/CarawaySeeds521.jpg,,Caraway seeds
train,Caraway seeds/CarawaySeeds59.jpg,,Caraway seeds
train,Caraway seeds/CarawaySeeds750.jpg,,Caraway seeds
train,Caraway seeds/CarawaySeeds375.jpg,,Caraway seeds
train,Caraway seeds/CarawaySeeds390.jpg,,Caraway seeds
train,Caraway seeds/CarawaySeeds132.jpg,,Caraway seeds
train,Caraway seeds/CarawaySeeds230.jpg,,Caraway seeds
train,Caraway seeds/CarawaySeeds1062.jpg,,Caraway seeds
train,Caraway seeds/CarawaySeeds1023.jpg,,Caraway seeds
train,Caraway seeds/CarawaySeeds357.jpg,,Caraway seeds
train,Caraway seeds/CarawaySeeds347.jpg,,Caraway seeds
train,Caraway seeds/CarawaySeeds610.jpg,,Caraway seeds
train,Caraway seeds/CarawaySeeds649.jpg,,Caraway seeds
train,Caraway seeds/CarawaySeeds49.jpg,,Caraway seeds
train,Caraway seeds/CarawaySeeds514.jpg,,Caraway seeds
train,Caraway seeds/CarawaySeeds184.jpg,,Caraway seeds
train,Caraway seeds/CarawaySeeds476.jpg,,Caraway seeds
train,Caraway seeds/CarawaySeeds836.jpg,,Caraway seeds
train,Caraway seeds/CarawaySeeds83.jpg,,Caraway seeds
train,Caraway seeds/CarawaySeeds102.jpg,,Caraway seeds
train,Caraway seeds/CarawaySeeds323.jpg,,Caraway seeds
train,Caraway seeds/CarawaySeeds523.jpg,,Caraway seeds
train,Caraway seeds/CarawaySeeds717.jpg,,Caraway seeds
train,Caraway seeds/CarawaySeeds204.jpg,,Caraway seeds
train,Caraway seeds/CarawaySeeds715.jpg,,Caraway seeds
train,Caraway seeds/CarawaySeeds642.jpg,,Caraway seeds
train,Caraway seeds/CarawaySeeds895.jpg,,Caraway seeds
train,Caraway seeds/CarawaySeeds1029.jpg,,Caraway seeds
train,Caraway seeds/CarawaySeeds1093.jpg,,Caraway seeds
train,Caraway seeds/CarawaySeeds1109.jpg,,Caraway seeds
train,Caraway seeds/CarawaySeeds786.jpg,,Caraway seeds
train,Caraway seeds/CarawaySeeds658.jpg,,Caraway seeds
train,Caraway seeds/CarawaySeeds535.jpg,,Caraway seeds
train,Caraway seeds/CarawaySeeds550.jpg,,Caraway seeds
train,Caraway seeds/CarawaySeeds192.jpg,,Caraway seeds
train,Caraway seeds/CarawaySeeds447.jpg,,Caraway seeds
train,Caraway seeds/CarawaySeeds372.jpg,,Caraway seeds
train,Caraway seeds/CarawaySeeds1012.jpg,,Caraway seeds
train,Caraway seeds/CarawaySeeds105.jpg,,Caraway seeds
train,Caraway seeds/CarawaySeeds351.jpg,,Caraway seeds
train,Caraway seeds/CarawaySeeds770.jpg,,Caraway seeds
train,Caraway seeds/CarawaySeeds402.jpg,,Caraway seeds
train,Caraway seeds/CarawaySeeds1085.jpg,,Caraway seeds
train,Caraway seeds/CarawaySeeds669.jpg,,Caraway seeds
train,Caraway seeds/CarawaySeeds5.jpg,,Caraway seeds
train,Caraway seeds/CarawaySeeds66.jpg,,Caraway seeds
train,Caraway seeds/CarawaySeeds210.jpg,,Caraway seeds
train,Caraway seeds/CarawaySeeds112.jpg,,Caraway seeds
train,Caraway seeds/CarawaySeeds1103.jpg,,Caraway seeds
train,Caraway seeds/CarawaySeeds379.jpg,,Caraway seeds
train,Caraway seeds/CarawaySeeds811.jpg,,Caraway seeds
train,Caraway seeds/CarawaySeeds244.jpg,,Caraway seeds
train,Caraway seeds/CarawaySeeds195.jpg,,Caraway seeds
train,Caraway seeds/CarawaySeeds612.jpg,,Caraway seeds
train,Caraway seeds/CarawaySeeds53.jpg,,Caraway seeds
train,Caraway seeds/CarawaySeeds723.jpg,,Caraway seeds
train,Caraway seeds/CarawaySeeds936.jpg,,Caraway seeds
train,Caraway seeds/CarawaySeeds735.jpg,,Caraway seeds
train,Caraway seeds/CarawaySeeds529.jpg,,Caraway seeds
train,Caraway seeds/CarawaySeeds348.jpg,,Caraway seeds
train,Caraway seeds/CarawaySeeds10.jpg,,Caraway seeds
train,Caraway seeds/CarawaySeeds580.jpg,,Caraway seeds
train,Caraway seeds/CarawaySeeds499.jpg,,Caraway seeds
train,Caraway seeds/CarawaySeeds930.jpg,,Caraway seeds
train,Caraway seeds/CarawaySeeds468.jpg,,Caraway seeds
train,Caraway seeds/CarawaySeeds650.jpg,,Caraway seeds
train,Caraway seeds/CarawaySeeds911.jpg,,Caraway seeds
train,Caraway seeds/CarawaySeeds247.jpg,,Caraway seeds
train,Caraway seeds/CarawaySeeds586.jpg,,Caraway seeds
train,Caraway seeds/CarawaySeeds587.jpg,,Caraway seeds
train,Caraway seeds/CarawaySeeds16.jpg,,Caraway seeds
train,Caraway seeds/CarawaySeeds396.jpg,,Caraway seeds
train,Caraway seeds/CarawaySeeds30.jpg,,Caraway seeds
train,Caraway seeds/CarawaySeeds106.jpg,,Caraway seeds
train,Caraway seeds/CarawaySeeds248.jpg,,Caraway seeds
train,Caraway seeds/CarawaySeeds401.jpg,,Caraway seeds
train,Caraway seeds/CarawaySeeds734.jpg,,Caraway seeds
train,Caraway seeds/CarawaySeeds443.jpg,,Caraway seeds
train,Caraway seeds/CarawaySeeds313.jpg,,Caraway seeds
train,Caraway seeds/CarawaySeeds860.jpg,,Caraway seeds
train,Caraway seeds/CarawaySeeds172.jpg,,Caraway seeds
train,Caraway seeds/CarawaySeeds173.jpg,,Caraway seeds
train,Caraway seeds/CarawaySeeds483.jpg,,Caraway seeds
train,Caraway seeds/CarawaySeeds556.jpg,,Caraway seeds
train,Caraway seeds/CarawaySeeds40.jpg,,Caraway seeds
train,Caraway seeds/CarawaySeeds205.jpg,,Caraway seeds
train,Caraway seeds/CarawaySeeds991.jpg,,Caraway seeds
train,Caraway seeds/CarawaySeeds485.jpg,,Caraway seeds
train,Caraway seeds/CarawaySeeds457.jpg,,Caraway seeds
train,Caraway seeds/CarawaySeeds171.jpg,,Caraway seeds
train,Caraway seeds/CarawaySeeds387.jpg,,Caraway seeds
train,Caraway seeds/CarawaySeeds123.jpg,,Caraway seeds
train,Caraway seeds/CarawaySeeds165.jpg,,Caraway seeds
train,Caraway seeds/CarawaySeeds376.jpg,,Caraway seeds
train,Caraway seeds/CarawaySeeds263.jpg,,Caraway seeds
train,Caraway seeds/CarawaySeeds687.jpg,,Caraway seeds
train,Caraway seeds/CarawaySeeds599.jpg,,Caraway seeds
train,Caraway seeds/CarawaySeeds1061.jpg,,Caraway seeds
train,Caraway seeds/CarawaySeeds854.jpg,,Caraway seeds
train,Caraway seeds/CarawaySeeds1057.jpg,,Caraway seeds
train,Caraway seeds/CarawaySeeds316.jpg,,Caraway seeds
train,Caraway seeds/CarawaySeeds39.jpg,,Caraway seeds
train,Caraway seeds/CarawaySeeds742.jpg,,Caraway seeds
train,Caraway seeds/CarawaySeeds856.jpg,,Caraway seeds
train,Caraway seeds/CarawaySeeds508.jpg,,Caraway seeds
train,Caraway seeds/CarawaySeeds1000.jpg,,Caraway seeds
train,Caraway seeds/CarawaySeeds233.jpg,,Caraway seeds
train,Caraway seeds/CarawaySeeds364.jpg,,Caraway seeds
train,Caraway seeds/CarawaySeeds1018.jpg,,Caraway seeds
train,Caraway seeds/CarawaySeeds709.jpg,,Caraway seeds
train,Caraway seeds/CarawaySeeds425.jpg,,Caraway seeds
train,Caraway seeds/CarawaySeeds1051.jpg,,Caraway seeds
train,Caraway seeds/CarawaySeeds736.jpg,,Caraway seeds
train,Caraway seeds/CarawaySeeds77.jpg,,Caraway seeds
train,Caraway seeds/CarawaySeeds472.jpg,,Caraway seeds
train,Caraway seeds/CarawaySeeds120.jpg,,Caraway seeds
train,Caraway seeds/CarawaySeeds857.jpg,,Caraway seeds
train,Caraway seeds/CarawaySeeds1049.jpg,,Caraway seeds
train,Caraway seeds/CarawaySeeds41.jpg,,Caraway seeds
train,Caraway seeds/CarawaySeeds47.jpg,,Caraway seeds
train,Caraway seeds/CarawaySeeds1082.jpg,,Caraway seeds
train,Caraway seeds/CarawaySeeds639.jpg,,Caraway seeds
train,Caraway seeds/CarawaySeeds189.jpg,,Caraway seeds
train,Caraway seeds/CarawaySeeds1105.jpg,,Caraway seeds
train,Caraway seeds/CarawaySeeds620.jpg,,Caraway seeds
train,Caraway seeds/CarawaySeeds479.jpg,,Caraway seeds
train,Caraway seeds/CarawaySeeds9.jpg,,Caraway seeds
train,Caraway seeds/CarawaySeeds150.jpg,,Caraway seeds
train,Caraway seeds/CarawaySeeds137.jpg,,Caraway seeds
train,Caraway seeds/CarawaySeeds787.jpg,,Caraway seeds
train,Caraway seeds/CarawaySeeds186.jpg,,Caraway seeds
train,Caraway seeds/CarawaySeeds800.jpg,,Caraway seeds
train,Caraway seeds/CarawaySeeds971.jpg,,Caraway seeds
train,Caraway seeds/CarawaySeeds1100.jpg,,Caraway seeds
train,Caraway seeds/CarawaySeeds107.jpg,,Caraway seeds
train,Caraway seeds/CarawaySeeds332.jpg,,Caraway seeds
train,Caraway seeds/CarawaySeeds486.jpg,,Caraway seeds
train,Caraway seeds/CarawaySeeds533.jpg,,Caraway seeds
train,Caraway seeds/CarawaySeeds662.jpg,,Caraway seeds
train,Caraway seeds/CarawaySeeds883.jpg,,Caraway seeds
train,Caraway seeds/CarawaySeeds827.jpg,,Caraway seeds
train,Caraway seeds/CarawaySeeds20.jpg,,Caraway seeds
train,Caraway seeds/CarawaySeeds495.jpg,,Caraway seeds
train,Caraway seeds/CarawaySeeds672.jpg,,Caraway seeds
train,Caraway seeds/CarawaySeeds505.jpg,,Caraway seeds
train,Caraway seeds/CarawaySeeds889.jpg,,Caraway seeds
train,Caraway seeds/CarawaySeeds939.jpg,,Caraway seeds
train,Caraway seeds/CarawaySeeds692.jpg,,Caraway seeds
train,Caraway seeds/CarawaySeeds14.jpg,,Caraway seeds
train,Caraway seeds/CarawaySeeds893.jpg,,Caraway seeds
train,Caraway seeds/CarawaySeeds121.jpg,,Caraway seeds
train,Caraway seeds/CarawaySeeds200.jpg,,Caraway seeds
train,Caraway seeds/CarawaySeeds202.jpg,,Caraway seeds
train,Caraway seeds/CarawaySeeds338.jpg,,Caraway seeds
train,Caraway seeds/CarawaySeeds551.jpg,,Caraway seeds
train,Caraway seeds/CarawaySeeds1106.jpg,,Caraway seeds
train,Caraway seeds/CarawaySeeds286.jpg,,Caraway seeds
train,Caraway seeds/CarawaySeeds901.jpg,,Caraway seeds
train,Caraway seeds/CarawaySeeds548.jpg,,Caraway seeds
train,Caraway seeds/CarawaySeeds81.jpg,,Caraway seeds
train,Caraway seeds/CarawaySeeds993.jpg,,Caraway seeds
train,Caraway seeds/CarawaySeeds428.jpg,,Caraway seeds
train,Caraway seeds/CarawaySeeds758.jpg,,Caraway seeds
train,Caraway seeds/CarawaySeeds670.jpg,,Caraway seeds
train,Caraway seeds/CarawaySeeds898.jpg,,Caraway seeds
train,Caraway seeds/CarawaySeeds330.jpg,,Caraway seeds
train,Caraway seeds/CarawaySeeds536.jpg,,Caraway seeds
train,Caraway seeds/CarawaySeeds1008.jpg,,Caraway seeds
train,Caraway seeds/CarawaySeeds686.jpg,,Caraway seeds
train,Caraway seeds/CarawaySeeds864.jpg,,Caraway seeds
train,Caraway seeds/CarawaySeeds923.jpg,,Caraway seeds
train,Caraway seeds/CarawaySeeds934.jpg,,Caraway seeds
train,Caraway seeds/CarawaySeeds410.jpg,,Caraway seeds
train,Caraway seeds/CarawaySeeds987.jpg,,Caraway seeds
train,Caraway seeds/CarawaySeeds352.jpg,,Caraway seeds
train,Caraway seeds/CarawaySeeds24.jpg,,Caraway seeds
train,Caraway seeds/CarawaySeeds1003.jpg,,Caraway seeds
train,Caraway seeds/CarawaySeeds869.jpg,,Caraway seeds
train,Caraway seeds/CarawaySeeds922.jpg,,Caraway seeds
train,Caraway seeds/CarawaySeeds865.jpg,,Caraway seeds
train,Caraway seeds/CarawaySeeds732.jpg,,Caraway seeds
train,Caraway seeds/CarawaySeeds17.jpg,,Caraway seeds
train,Caraway seeds/CarawaySeeds1086.jpg,,Caraway seeds
train,Caraway seeds/CarawaySeeds775.jpg,,Caraway seeds
train,Caraway seeds/CarawaySeeds1078.jpg,,Caraway seeds
train,Caraway seeds/CarawaySeeds753.jpg,,Caraway seeds
train,Caraway seeds/CarawaySeeds941.jpg,,Caraway seeds
train,Caraway seeds/CarawaySeeds393.jpg,,Caraway seeds
train,Caraway seeds/CarawaySeeds933.jpg,,Caraway seeds
train,Caraway seeds/CarawaySeeds581.jpg,,Caraway seeds
train,Caraway seeds/CarawaySeeds924.jpg,,Caraway seeds
train,Caraway seeds/CarawaySeeds571.jpg,,Caraway seeds
train,Caraway seeds/CarawaySeeds271.jpg,,Caraway seeds
train,Caraway seeds/CarawaySeeds890.jpg,,Caraway seeds
train,Caraway seeds/CarawaySeeds1010.jpg,,Caraway seeds
train,Caraway seeds/CarawaySeeds906.jpg,,Caraway seeds
train,Caraway seeds/CarawaySeeds236.jpg,,Caraway seeds
train,Caraway seeds/CarawaySeeds421.jpg,,Caraway seeds
train,Caraway seeds/CarawaySeeds729.jpg,,Caraway seeds
train,Caraway seeds/CarawaySeeds877.jpg,,Caraway seeds
train,Caraway seeds/CarawaySeeds1101.jpg,,Caraway seeds
train,Caraway seeds/CarawaySeeds177.jpg,,Caraway seeds
train,Caraway seeds/CarawaySeeds250.jpg,,Caraway seeds
train,Caraway seeds/CarawaySeeds430.jpg,,Caraway seeds
train,Caraway seeds/CarawaySeeds766.jpg,,Caraway seeds
train,Caraway seeds/CarawaySeeds782.jpg,,Caraway seeds
train,Caraway seeds/CarawaySeeds454.jpg,,Caraway seeds
train,Caraway seeds/CarawaySeeds694.jpg,,Caraway seeds
train,Caraway seeds/CarawaySeeds63.jpg,,Caraway seeds
train,Caraway seeds/CarawaySeeds418.jpg,,Caraway seeds
train,Caraway seeds/CarawaySeeds261.jpg,,Caraway seeds
train,Caraway seeds/CarawaySeeds308.jpg,,Caraway seeds
train,Caraway seeds/CarawaySeeds1097.jpg,,Caraway seeds
train,Caraway seeds/CarawaySeeds555.jpg,,Caraway seeds
train,Caraway seeds/CarawaySeeds522.jpg,,Caraway seeds
train,Caraway seeds/CarawaySeeds644.jpg,,Caraway seeds
train,Caraway seeds/CarawaySeeds1006.jpg,,Caraway seeds
train,Caraway seeds/CarawaySeeds582.jpg,,Caraway seeds
train,Caraway seeds/CarawaySeeds866.jpg,,Caraway seeds
train,Caraway seeds/CarawaySeeds170.jpg,,Caraway seeds
train,Caraway seeds/CarawaySeeds456.jpg,,Caraway seeds
train,Caraway seeds/CarawaySeeds365.jpg,,Caraway seeds
train,Caraway seeds/CarawaySeeds1031.jpg,,Caraway seeds
train,Caraway seeds/CarawaySeeds161.jpg,,Caraway seeds
train,Caraway seeds/CarawaySeeds384.jpg,,Caraway seeds
train,Caraway seeds/CarawaySeeds963.jpg,,Caraway seeds
train,Caraway seeds/CarawaySeeds1032.jpg,,Caraway seeds
train,Caraway seeds/CarawaySeeds492.jpg,,Caraway seeds
train,Caraway seeds/CarawaySeeds212.jpg,,Caraway seeds
train,Caraway seeds/CarawaySeeds631.jpg,,Caraway seeds
train,Caraway seeds/CarawaySeeds1080.jpg,,Caraway seeds
train,Caraway seeds/CarawaySeeds1052.jpg,,Caraway seeds
train,Caraway seeds/CarawaySeeds788.jpg,,Caraway seeds
train,Caraway seeds/CarawaySeeds295.jpg,,Caraway seeds
train,Caraway seeds/CarawaySeeds623.jpg,,Caraway seeds
train,Caraway seeds/CarawaySeeds183.jpg,,Caraway seeds
train,Caraway seeds/CarawaySeeds439.jpg,,Caraway seeds
train,Caraway seeds/CarawaySeeds438.jpg,,Caraway seeds
train,Caraway seeds/CarawaySeeds374.jpg,,Caraway seeds
train,Caraway seeds/CarawaySeeds853.jpg,,Caraway seeds
train,Caraway seeds/CarawaySeeds763.jpg,,Caraway seeds
train,Caraway seeds/CarawaySeeds1002.jpg,,Caraway seeds
train,Caraway seeds/CarawaySeeds611.jpg,,Caraway seeds
train,Caraway seeds/CarawaySeeds600.jpg,,Caraway seeds
train,Caraway seeds/CarawaySeeds998.jpg,,Caraway seeds
train,Caraway seeds/CarawaySeeds303.jpg,,Caraway seeds
train,Caraway seeds/CarawaySeeds380.jpg,,Caraway seeds
train,Caraway seeds/CarawaySeeds1090.jpg,,Caraway seeds
train,Caraway seeds/CarawaySeeds949.jpg,,Caraway seeds
train,Caraway seeds/CarawaySeeds213.jpg,,Caraway seeds
train,Caraway seeds/CarawaySeeds588.jpg,,Caraway seeds
train,Caraway seeds/CarawaySeeds207.jpg,,Caraway seeds
train,Caraway seeds/CarawaySeeds489.jpg,,Caraway seeds
train,Caraway seeds/CarawaySeeds795.jpg,,Caraway seeds
train,Caraway seeds/CarawaySeeds688.jpg,,Caraway seeds
train,Caraway seeds/CarawaySeeds22.jpg,,Caraway seeds
train,Caraway seeds/CarawaySeeds54.jpg,,Caraway seeds
train,Caraway seeds/CarawaySeeds820.jpg,,Caraway seeds
train,Caraway seeds/CarawaySeeds1099.jpg,,Caraway seeds
train,Caraway seeds/CarawaySeeds740.jpg,,Caraway seeds
train,Caraway seeds/CarawaySeeds25.jpg,,Caraway seeds
train,Caraway seeds/CarawaySeeds772.jpg,,Caraway seeds
train,Caraway seeds/CarawaySeeds968.jpg,,Caraway seeds
train,Caraway seeds/CarawaySeeds496.jpg,,Caraway seeds
train,Caraway seeds/CarawaySeeds185.jpg,,Caraway seeds
train,Caraway seeds/CarawaySeeds197.jpg,,Caraway seeds
train,Caraway seeds/CarawaySeeds440.jpg,,Caraway seeds
train,Caraway seeds/CarawaySeeds931.jpg,,Caraway seeds
train,Caraway seeds/CarawaySeeds701.jpg,,Caraway seeds
train,Caraway seeds/CarawaySeeds406.jpg,,Caraway seeds
train,Caraway seeds/CarawaySeeds979.jpg,,Caraway seeds
train,Caraway seeds/CarawaySeeds913.jpg,,Caraway seeds
train,Caraway seeds/CarawaySeeds707.jpg,,Caraway seeds
train,Caraway seeds/CarawaySeeds1037.jpg,,Caraway seeds
train,Caraway seeds/CarawaySeeds823.jpg,,Caraway seeds
train,Caraway seeds/CarawaySeeds133.jpg,,Caraway seeds
train,Caraway seeds/CarawaySeeds84.jpg,,Caraway seeds
train,Caraway seeds/CarawaySeeds363.jpg,,Caraway seeds
train,Caraway seeds/CarawaySeeds349.jpg,,Caraway seeds
train,Caraway seeds/CarawaySeeds50.jpg,,Caraway seeds
train,Caraway seeds/CarawaySeeds654.jpg,,Caraway seeds
train,Caraway seeds/CarawaySeeds528.jpg,,Caraway seeds
train,Caraway seeds/CarawaySeeds111.jpg,,Caraway seeds
train,Caraway seeds/CarawaySeeds264.jpg,,Caraway seeds
train,Caraway seeds/CarawaySeeds251.jpg,,Caraway seeds
train,Caraway seeds/CarawaySeeds515.jpg,,Caraway seeds
train,Caraway seeds/CarawaySeeds320.jpg,,Caraway seeds
train,Caraway seeds/CarawaySeeds816.jpg,,Caraway seeds
train,Caraway seeds/CarawaySeeds291.jpg,,Caraway seeds
train,Caraway seeds/CarawaySeeds45.jpg,,Caraway seeds
train,Caraway seeds/CarawaySeeds635.jpg,,Caraway seeds
train,Caraway seeds/CarawaySeeds996.jpg,,Caraway seeds
train,Caraway seeds/CarawaySeeds769.jpg,,Caraway seeds
train,Caraway seeds/CarawaySeeds858.jpg,,Caraway seeds
train,Caraway seeds/CarawaySeeds206.jpg,,Caraway seeds
train,Caraway seeds/CarawaySeeds274.jpg,,Caraway seeds
train,Caraway seeds/CarawaySeeds751.jpg,,Caraway seeds
train,Caraway seeds/CarawaySeeds256.jpg,,Caraway seeds
train,Caraway seeds/CarawaySeeds226.jpg,,Caraway seeds
train,Caraway seeds/CarawaySeeds176.jpg,,Caraway seeds
train,Caraway seeds/CarawaySeeds850.jpg,,Caraway seeds
train,Caraway seeds/CarawaySeeds561.jpg,,Caraway seeds
train,Caraway seeds/CarawaySeeds781.jpg,,Caraway seeds
train,Caraway seeds/CarawaySeeds638.jpg,,Caraway seeds
train,Caraway seeds/CarawaySeeds592.jpg,,Caraway seeds
train,Caraway seeds/CarawaySeeds689.jpg,,Caraway seeds
train,Caraway seeds/CarawaySeeds622.jpg,,Caraway seeds
train,Caraway seeds/CarawaySeeds325.jpg,,Caraway seeds
train,Caraway seeds/CarawaySeeds502.jpg,,Caraway seeds
train,Caraway seeds/CarawaySeeds314.jpg,,Caraway seeds
train,Caraway seeds/CarawaySeeds720.jpg,,Caraway seeds
train,Caraway seeds/CarawaySeeds422.jpg,,Caraway seeds
train,Caraway seeds/CarawaySeeds159.jpg,,Caraway seeds
train,Caraway seeds/CarawaySeeds680.jpg,,Caraway seeds
train,Caraway seeds/CarawaySeeds346.jpg,,Caraway seeds
train,Caraway seeds/CarawaySeeds484.jpg,,Caraway seeds
train,Caraway seeds/CarawaySeeds44.jpg,,Caraway seeds
train,Caraway seeds/CarawaySeeds61.jpg,,Caraway seeds
train,Caraway seeds/CarawaySeeds299.jpg,,Caraway seeds
train,Caraway seeds/CarawaySeeds516.jpg,,Caraway seeds
train,Caraway seeds/CarawaySeeds190.jpg,,Caraway seeds
train,Caraway seeds/CarawaySeeds737.jpg,,Caraway seeds
train,Caraway seeds/CarawaySeeds126.jpg,,Caraway seeds
train,Caraway seeds/CarawaySeeds65.jpg,,Caraway seeds
train,Caraway seeds/CarawaySeeds1055.jpg,,Caraway seeds
train,Caraway seeds/CarawaySeeds785.jpg,,Caraway seeds
train,Caraway seeds/CarawaySeeds433.jpg,,Caraway seeds
train,Caraway seeds/CarawaySeeds563.jpg,,Caraway seeds
train,Caraway seeds/CarawaySeeds461.jpg,,Caraway seeds
train,Caraway seeds/CarawaySeeds378.jpg,,Caraway seeds
train,Caraway seeds/CarawaySeeds849.jpg,,Caraway seeds
train,Caraway seeds/CarawaySeeds636.jpg,,Caraway seeds
train,Caraway seeds/CarawaySeeds38.jpg,,Caraway seeds
train,Caraway seeds/CarawaySeeds139.jpg,,Caraway seeds
train,Caraway seeds/CarawaySeeds964.jpg,,Caraway seeds
train,Caraway seeds/CarawaySeeds289.jpg,,Caraway seeds
train,Caraway seeds/CarawaySeeds405.jpg,,Caraway seeds
train,Caraway seeds/CarawaySeeds1015.jpg,,Caraway seeds
train,Caraway seeds/CarawaySeeds175.jpg,,Caraway seeds
train,Caraway seeds/CarawaySeeds711.jpg,,Caraway seeds
train,Caraway seeds/CarawaySeeds645.jpg,,Caraway seeds
train,Caraway seeds/CarawaySeeds527.jpg,,Caraway seeds
train,Caraway seeds/CarawaySeeds1027.jpg,,Caraway seeds
train,Caraway seeds/CarawaySeeds953.jpg,,Caraway seeds
train,Caraway seeds/CarawaySeeds627.jpg,,Caraway seeds
train,Caraway seeds/CarawaySeeds935.jpg,,Caraway seeds
train,Caraway seeds/CarawaySeeds35.jpg,,Caraway seeds
train,Caraway seeds/CarawaySeeds570.jpg,,Caraway seeds
train,Caraway seeds/CarawaySeeds699.jpg,,Caraway seeds
train,Caraway seeds/CarawaySeeds875.jpg,,Caraway seeds
train,Caraway seeds/CarawaySeeds975.jpg,,Caraway seeds
train,Caraway seeds/CarawaySeeds156.jpg,,Caraway seeds
train,Caraway seeds/CarawaySeeds441.jpg,,Caraway seeds
train,Caraway seeds/CarawaySeeds88.jpg,,Caraway seeds
train,Caraway seeds/CarawaySeeds774.jpg,,Caraway seeds
train,Caraway seeds/CarawaySeeds813.jpg,,Caraway seeds
train,Caraway seeds/CarawaySeeds209.jpg,,Caraway seeds
train,Caraway seeds/CarawaySeeds814.jpg,,Caraway seeds
train,Caraway seeds/CarawaySeeds532.jpg,,Caraway seeds
train,Caraway seeds/CarawaySeeds603.jpg,,Caraway seeds
train,Caraway seeds/CarawaySeeds878.jpg,,Caraway seeds
train,Caraway seeds/CarawaySeeds738.jpg,,Caraway seeds
train,Caraway seeds/CarawaySeeds792.jpg,,Caraway seeds
train,Caraway seeds/CarawaySeeds1022.jpg,,Caraway seeds
train,Caraway seeds/CarawaySeeds58.jpg,,Caraway seeds
train,Caraway seeds/CarawaySeeds633.jpg,,Caraway seeds
train,Caraway seeds/CarawaySeeds668.jpg,,Caraway seeds
train,Caraway seeds/CarawaySeeds805.jpg,,Caraway seeds
train,Caraway seeds/CarawaySeeds99.jpg,,Caraway seeds
train,Caraway seeds/CarawaySeeds919.jpg,,Caraway seeds
train,Caraway seeds/CarawaySeeds11.jpg,,Caraway seeds
train,Caraway seeds/CarawaySeeds62.jpg,,Caraway seeds
train,Caraway seeds/CarawaySeeds304.jpg,,Caraway seeds
train,Caraway seeds/CarawaySeeds339.jpg,,Caraway seeds
train,Caraway seeds/CarawaySeeds1013.jpg,,Caraway seeds
train,Caraway seeds/CarawaySeeds437.jpg,,Caraway seeds
train,Caraway seeds/CarawaySeeds725.jpg,,Caraway seeds
train,Caraway seeds/CarawaySeeds518.jpg,,Caraway seeds
train,Caraway seeds/CarawaySeeds652.jpg,,Caraway seeds
train,Caraway seeds/CarawaySeeds450.jpg,,Caraway seeds
train,Caraway seeds/CarawaySeeds490.jpg,,Caraway seeds
train,Caraway seeds/CarawaySeeds746.jpg,,Caraway seeds
train,Caraway seeds/CarawaySeeds467.jpg,,Caraway seeds
train,Caraway seeds/CarawaySeeds309.jpg,,Caraway seeds
train,Caraway seeds/CarawaySeeds546.jpg,,Caraway seeds
train,Caraway seeds/CarawaySeeds275.jpg,,Caraway seeds
train,Caraway seeds/CarawaySeeds681.jpg,,Caraway seeds
train,Caraway seeds/CarawaySeeds568.jpg,,Caraway seeds
train,Caraway seeds/CarawaySeeds801.jpg,,Caraway seeds
train,Caraway seeds/CarawaySeeds149.jpg,,Caraway seeds
train,Caraway seeds/CarawaySeeds966.jpg,,Caraway seeds
train,Caraway seeds/CarawaySeeds564.jpg,,Caraway seeds
train,Caraway seeds/CarawaySeeds815.jpg,,Caraway seeds
train,Caraway seeds/CarawaySeeds128.jpg,,Caraway seeds
train,Caraway seeds/CarawaySeeds808.jpg,,Caraway seeds
train,Caraway seeds/CarawaySeeds558.jpg,,Caraway seeds
train,Caraway seeds/CarawaySeeds136.jpg,,Caraway seeds
train,Caraway seeds/CarawaySeeds42.jpg,,Caraway seeds
train,Caraway seeds/CarawaySeeds917.jpg,,Caraway seeds
train,Caraway seeds/CarawaySeeds436.jpg,,Caraway seeds
train,Caraway seeds/CarawaySeeds306.jpg,,Caraway seeds
train,Caraway seeds/CarawaySeeds657.jpg,,Caraway seeds
train,Caraway seeds/CarawaySeeds125.jpg,,Caraway seeds
train,Caraway seeds/CarawaySeeds1033.jpg,,Caraway seeds
train,Caraway seeds/CarawaySeeds89.jpg,,Caraway seeds
train,Caraway seeds/CarawaySeeds1035.jpg,,Caraway seeds
train,Caraway seeds/CarawaySeeds460.jpg,,Caraway seeds
train,Caraway seeds/CarawaySeeds952.jpg,,Caraway seeds
train,Caraway seeds/CarawaySeeds469.jpg,,Caraway seeds
train,Caraway seeds/CarawaySeeds554.jpg,,Caraway seeds
train,Caraway seeds/CarawaySeeds182.jpg,,Caraway seeds
train,Caraway seeds/CarawaySeeds846.jpg,,Caraway seeds
train,Caraway seeds/CarawaySeeds696.jpg,,Caraway seeds
train,Caraway seeds/CarawaySeeds791.jpg,,Caraway seeds
train,Caraway seeds/CarawaySeeds513.jpg,,Caraway seeds
train,Caraway seeds/CarawaySeeds311.jpg,,Caraway seeds
train,Caraway seeds/CarawaySeeds731.jpg,,Caraway seeds
train,Caraway seeds/CarawaySeeds343.jpg,,Caraway seeds
train,Caraway seeds/CarawaySeeds362.jpg,,Caraway seeds
train,Caraway seeds/CarawaySeeds825.jpg,,Caraway seeds
train,Caraway seeds/CarawaySeeds117.jpg,,Caraway seeds
train,Caraway seeds/CarawaySeeds1107.jpg,,Caraway seeds
train,Caraway seeds/CarawaySeeds562.jpg,,Caraway seeds
train,Caraway seeds/CarawaySeeds626.jpg,,Caraway seeds
train,Caraway seeds/CarawaySeeds574.jpg,,Caraway seeds
train,Caraway seeds/CarawaySeeds886.jpg,,Caraway seeds
train,Caraway seeds/CarawaySeeds257.jpg,,Caraway seeds
train,Caraway seeds/CarawaySeeds506.jpg,,Caraway seeds
train,Caraway seeds/CarawaySeeds779.jpg,,Caraway seeds
train,Caraway seeds/CarawaySeeds920.jpg,,Caraway seeds
train,Caraway seeds/CarawaySeeds464.jpg,,Caraway seeds
train,Caraway seeds/CarawaySeeds355.jpg,,Caraway seeds
train,Caraway seeds/CarawaySeeds1066.jpg,,Caraway seeds
train,Caraway seeds/CarawaySeeds265.jpg,,Caraway seeds
train,Caraway seeds/CarawaySeeds509.jpg,,Caraway seeds
train,Caraway seeds/CarawaySeeds333.jpg,,Caraway seeds
train,Caraway seeds/CarawaySeeds179.jpg,,Caraway seeds
train,Caraway seeds/CarawaySeeds834.jpg,,Caraway seeds
train,Caraway seeds/CarawaySeeds524.jpg,,Caraway seeds
train,Caraway seeds/CarawaySeeds1045.jpg,,Caraway seeds
train,Caraway seeds/CarawaySeeds369.jpg,,Caraway seeds
train,Caraway seeds/CarawaySeeds940.jpg,,Caraway seeds
train,Caraway seeds/CarawaySeeds914.jpg,,Caraway seeds
train,Caraway seeds/CarawaySeeds370.jpg,,Caraway seeds
train,Caraway seeds/CarawaySeeds703.jpg,,Caraway seeds
train,Caraway seeds/CarawaySeeds336.jpg,,Caraway seeds
train,Caraway seeds/CarawaySeeds67.jpg,,Caraway seeds
train,Caraway seeds/CarawaySeeds242.jpg,,Caraway seeds
train,Caraway seeds/CarawaySeeds999.jpg,,Caraway seeds
train,Caraway seeds/CarawaySeeds397.jpg,,Caraway seeds
train,Caraway seeds/CarawaySeeds1098.jpg,,Caraway seeds
train,Caraway seeds/CarawaySeeds780.jpg,,Caraway seeds
train,Caraway seeds/CarawaySeeds1005.jpg,,Caraway seeds
train,Caraway seeds/CarawaySeeds494.jpg,,Caraway seeds
train,Caraway seeds/CarawaySeeds262.jpg,,Caraway seeds
train,Caraway seeds/CarawaySeeds432.jpg,,Caraway seeds
train,Caraway seeds/CarawaySeeds619.jpg,,Caraway seeds
train,Caraway seeds/CarawaySeeds601.jpg,,Caraway seeds
train,Caraway seeds/CarawaySeeds777.jpg,,Caraway seeds
train,Caraway seeds/CarawaySeeds55.jpg,,Caraway seeds
train,Caraway seeds/CarawaySeeds455.jpg,,Caraway seeds
train,Caraway seeds/CarawaySeeds259.jpg,,Caraway seeds
train,Caraway seeds/CarawaySeeds916.jpg,,Caraway seeds
train,Caraway seeds/CarawaySeeds1042.jpg,,Caraway seeds
train,Caraway seeds/CarawaySeeds324.jpg,,Caraway seeds
train,Caraway seeds/CarawaySeeds537.jpg,,Caraway seeds
train,Caraway seeds/CarawaySeeds198.jpg,,Caraway seeds
val,Caraway seeds/CarawaySeeds220.jpg,,Caraway seeds
val,Caraway seeds/CarawaySeeds420.jpg,,Caraway seeds
val,Caraway seeds/CarawaySeeds465.jpg,,Caraway seeds
val,Caraway seeds/CarawaySeeds361.jpg,,Caraway seeds
val,Caraway seeds/CarawaySeeds1081.jpg,,Caraway seeds
val,Caraway seeds/CarawaySeeds1019.jpg,,Caraway seeds
val,Caraway seeds/CarawaySeeds87.jpg,,Caraway seeds
val,Caraway seeds/CarawaySeeds283.jpg,,Caraway seeds
val,Caraway seeds/CarawaySeeds809.jpg,,Caraway seeds
val,Caraway seeds/CarawaySeeds43.jpg,,Caraway seeds
val,Caraway seeds/CarawaySeeds835.jpg,,Caraway seeds
val,Caraway seeds/CarawaySeeds459.jpg,,Caraway seeds
val,Caraway seeds/CarawaySeeds817.jpg,,Caraway seeds
val,Caraway seeds/CarawaySeeds702.jpg,,Caraway seeds
val,Caraway seeds/CarawaySeeds174.jpg,,Caraway seeds
val,Caraway seeds/CarawaySeeds845.jpg,,Caraway seeds
val,Caraway seeds/CarawaySeeds664.jpg,,Caraway seeds
val,Caraway seeds/CarawaySeeds531.jpg,,Caraway seeds
val,Caraway seeds/CarawaySeeds300.jpg,,Caraway seeds
val,Caraway seeds/CarawaySeeds75.jpg,,Caraway seeds
val,Caraway seeds/CarawaySeeds146.jpg,,Caraway seeds
val,Caraway seeds/CarawaySeeds929.jpg,,Caraway seeds
val,Caraway seeds/CarawaySeeds928.jpg,,Caraway seeds
val,Caraway seeds/CarawaySeeds385.jpg,,Caraway seeds
val,Caraway seeds/CarawaySeeds567.jpg,,Caraway seeds
val,Caraway seeds/CarawaySeeds885.jpg,,Caraway seeds
val,Caraway seeds/CarawaySeeds353.jpg,,Caraway seeds
val,Caraway seeds/CarawaySeeds267.jpg,,Caraway seeds
val,Caraway seeds/CarawaySeeds1044.jpg,,Caraway seeds
val,Caraway seeds/CarawaySeeds1088.jpg,,Caraway seeds
val,Caraway seeds/CarawaySeeds129.jpg,,Caraway seeds
val,Caraway seeds/CarawaySeeds227.jpg,,Caraway seeds
val,Caraway seeds/CarawaySeeds413.jpg,,Caraway seeds
val,Caraway seeds/CarawaySeeds245.jpg,,Caraway seeds
val,Caraway seeds/CarawaySeeds1110.jpg,,Caraway seeds
val,Caraway seeds/CarawaySeeds429.jpg,,Caraway seeds
val,Caraway seeds/CarawaySeeds221.jpg,,Caraway seeds
val,Caraway seeds/CarawaySeeds842.jpg,,Caraway seeds
val,Caraway seeds/CarawaySeeds1096.jpg,,Caraway seeds
val,Caraway seeds/CarawaySeeds517.jpg,,Caraway seeds
val,Caraway seeds/CarawaySeeds474.jpg,,Caraway seeds
val,Caraway seeds/CarawaySeeds340.jpg,,Caraway seeds
val,Caraway seeds/CarawaySeeds70.jpg,,Caraway seeds
val,Caraway seeds/CarawaySeeds119.jpg,,Caraway seeds
val,Caraway seeds/CarawaySeeds367.jpg,,Caraway seeds
val,Caraway seeds/CarawaySeeds965.jpg,,Caraway seeds
val,Caraway seeds/CarawaySeeds793.jpg,,Caraway seeds
val,Caraway seeds/CarawaySeeds986.jpg,,Caraway seeds
val,Caraway seeds/CarawaySeeds293.jpg,,Caraway seeds
val,Caraway seeds/CarawaySeeds661.jpg,,Caraway seeds
val,Caraway seeds/CarawaySeeds794.jpg,,Caraway seeds
val,Caraway seeds/CarawaySeeds288.jpg,,Caraway seeds
val,Caraway seeds/CarawaySeeds131.jpg,,Caraway seeds
val,Caraway seeds/CarawaySeeds559.jpg,,Caraway seeds
val,Caraway seeds/CarawaySeeds312.jpg,,Caraway seeds
val,Caraway seeds/CarawaySeeds187.jpg,,Caraway seeds
val,Caraway seeds/CarawaySeeds427.jpg,,Caraway seeds
val,Caraway seeds/CarawaySeeds445.jpg,,Caraway seeds
val,Caraway seeds/CarawaySeeds382.jpg,,Caraway seeds
val,Caraway seeds/CarawaySeeds404.jpg,,Caraway seeds
val,Caraway seeds/CarawaySeeds144.jpg,,Caraway seeds
val,Caraway seeds/CarawaySeeds1053.jpg,,Caraway seeds
val,Caraway seeds/CarawaySeeds932.jpg,,Caraway seeds
val,Caraway seeds/CarawaySeeds1065.jpg,,Caraway seeds
val,Caraway seeds/CarawaySeeds417.jpg,,Caraway seeds
val,Caraway seeds/CarawaySeeds273.jpg,,Caraway seeds
val,Caraway seeds/CarawaySeeds373.jpg,,Caraway seeds
val,Caraway seeds/CarawaySeeds630.jpg,,Caraway seeds
val,Caraway seeds/CarawaySeeds743.jpg,,Caraway seeds
val,Caraway seeds/CarawaySeeds741.jpg,,Caraway seeds
val,Caraway seeds/CarawaySeeds224.jpg,,Caraway seeds
val,Caraway seeds/CarawaySeeds444.jpg,,Caraway seeds
val,Caraway seeds/CarawaySeeds278.jpg,,Caraway seeds
val,Caraway seeds/CarawaySeeds591.jpg,,Caraway seeds
val,Caraway seeds/CarawaySeeds266.jpg,,Caraway seeds
val,Caraway seeds/CarawaySeeds501.jpg,,Caraway seeds
val,Caraway seeds/CarawaySeeds578.jpg,,Caraway seeds
val,Caraway seeds/CarawaySeeds819.jpg,,Caraway seeds
val,Caraway seeds/CarawaySeeds458.jpg,,Caraway seeds
val,Caraway seeds/CarawaySeeds1026.jpg,,Caraway seeds
val,Caraway seeds/CarawaySeeds962.jpg,,Caraway seeds
val,Caraway seeds/CarawaySeeds569.jpg,,Caraway seeds
val,Caraway seeds/CarawaySeeds383.jpg,,Caraway seeds
val,Caraway seeds/CarawaySeeds526.jpg,,Caraway seeds
val,Caraway seeds/CarawaySeeds706.jpg,,Caraway seeds
val,Caraway seeds/CarawaySeeds193.jpg,,Caraway seeds
val,Caraway seeds/CarawaySeeds6.jpg,,Caraway seeds
val,Caraway seeds/CarawaySeeds243.jpg,,Caraway seeds
val,Caraway seeds/CarawaySeeds530.jpg,,Caraway seeds
val,Caraway seeds/CarawaySeeds71.jpg,,Caraway seeds
val,Caraway seeds/CarawaySeeds900.jpg,,Caraway seeds
val,Caraway seeds/CarawaySeeds874.jpg,,Caraway seeds
val,Caraway seeds/CarawaySeeds104.jpg,,Caraway seeds
val,Caraway seeds/CarawaySeeds1073.jpg,,Caraway seeds
val,Caraway seeds/CarawaySeeds1024.jpg,,Caraway seeds
val,Caraway seeds/CarawaySeeds796.jpg,,Caraway seeds
val,Caraway seeds/CarawaySeeds760.jpg,,Caraway seeds
val,Caraway seeds/CarawaySeeds1036.jpg,,Caraway seeds
val,Caraway seeds/CarawaySeeds519.jpg,,Caraway seeds
val,Caraway seeds/CarawaySeeds851.jpg,,Caraway seeds
val,Caraway seeds/CarawaySeeds776.jpg,,Caraway seeds
val,Caraway seeds/CarawaySeeds31.jpg,,Caraway seeds
val,Caraway seeds/CarawaySeeds557.jpg,,Caraway seeds
val,Caraway seeds/CarawaySeeds830.jpg,,Caraway seeds
val,Caraway seeds/CarawaySeeds663.jpg,,Caraway seeds
val,Caraway seeds/CarawaySeeds575.jpg,,Caraway seeds
val,Caraway seeds/CarawaySeeds606.jpg,,Caraway seeds
val,Caraway seeds/CarawaySeeds157.jpg,,Caraway seeds
val,Caraway seeds/CarawaySeeds989.jpg,,Caraway seeds
val,Caraway seeds/CarawaySeeds96.jpg,,Caraway seeds
val,Caraway seeds/CarawaySeeds868.jpg,,Caraway seeds
test,Caraway seeds/CarawaySeeds545.jpg,,Caraway seeds
test,Caraway seeds/CarawaySeeds154.jpg,,Caraway seeds
test,Caraway seeds/CarawaySeeds590.jpg,,Caraway seeds
test,Caraway seeds/CarawaySeeds462.jpg,,Caraway seeds
test,Caraway seeds/CarawaySeeds1084.jpg,,Caraway seeds
test,Caraway seeds/CarawaySeeds491.jpg,,Caraway seeds
test,Caraway seeds/CarawaySeeds566.jpg,,Caraway seeds
test,Caraway seeds/CarawaySeeds279.jpg,,Caraway seeds
test,Caraway seeds/CarawaySeeds576.jpg,,Caraway seeds
test,Caraway seeds/CarawaySeeds114.jpg,,Caraway seeds
test,Caraway seeds/CarawaySeeds988.jpg,,Caraway seeds
test,Caraway seeds/CarawaySeeds507.jpg,,Caraway seeds
test,Caraway seeds/CarawaySeeds881.jpg,,Caraway seeds
test,Caraway seeds/CarawaySeeds585.jpg,,Caraway seeds
test,Caraway seeds/CarawaySeeds180.jpg,,Caraway seeds
test,Caraway seeds/CarawaySeeds955.jpg,,Caraway seeds
test,Caraway seeds/CarawaySeeds1070.jpg,,Caraway seeds
test,Caraway seeds/CarawaySeeds78.jpg,,Caraway seeds
test,Caraway seeds/CarawaySeeds260.jpg,,Caraway seeds
test,Caraway seeds/CarawaySeeds824.jpg,,Caraway seeds
test,Caraway seeds/CarawaySeeds478.jpg,,Caraway seeds
test,Caraway seeds/CarawaySeeds867.jpg,,Caraway seeds
test,Caraway seeds/CarawaySeeds873.jpg,,Caraway seeds
test,Caraway seeds/CarawaySeeds318.jpg,,Caraway seeds
test,Caraway seeds/CarawaySeeds414.jpg,,Caraway seeds
test,Caraway seeds/CarawaySeeds594.jpg,,Caraway seeds
test,Caraway seeds/CarawaySeeds298.jpg,,Caraway seeds
test,Caraway seeds/CarawaySeeds302.jpg,,Caraway seeds
test,Caraway seeds/CarawaySeeds56.jpg,,Caraway seeds
test,Caraway seeds/CarawaySeeds281.jpg,,Caraway seeds
test,Caraway seeds/CarawaySeeds228.jpg,,Caraway seeds
test,Caraway seeds/CarawaySeeds110.jpg,,Caraway seeds
test,Caraway seeds/CarawaySeeds926.jpg,,Caraway seeds
test,Caraway seeds/CarawaySeeds798.jpg,,Caraway seeds
test,Caraway seeds/CarawaySeeds237.jpg,,Caraway seeds
test,Caraway seeds/CarawaySeeds334.jpg,,Caraway seeds
test,Caraway seeds/CarawaySeeds235.jpg,,Caraway seeds
test,Caraway seeds/CarawaySeeds634.jpg,,Caraway seeds
test,Caraway seeds/CarawaySeeds859.jpg,,Caraway seeds
test,Caraway seeds/CarawaySeeds992.jpg,,Caraway seeds
test,Caraway seeds/CarawaySeeds938.jpg,,Caraway seeds
test,Caraway seeds/CarawaySeeds584.jpg,,Caraway seeds
test,Caraway seeds/CarawaySeeds23.jpg,,Caraway seeds
test,Caraway seeds/CarawaySeeds967.jpg,,Caraway seeds
test,Caraway seeds/CarawaySeeds754.jpg,,Caraway seeds
test,Caraway seeds/CarawaySeeds757.jpg,,Caraway seeds
test,Caraway seeds/CarawaySeeds882.jpg,,Caraway seeds
test,Caraway seeds/CarawaySeeds985.jpg,,Caraway seeds
test,Caraway seeds/CarawaySeeds57.jpg,,Caraway seeds
test,Caraway seeds/CarawaySeeds12.jpg,,Caraway seeds
test,Caraway seeds/CarawaySeeds158.jpg,,Caraway seeds
test,Caraway seeds/CarawaySeeds238.jpg,,Caraway seeds
test,Caraway seeds/CarawaySeeds861.jpg,,Caraway seeds
test,Caraway seeds/CarawaySeeds68.jpg,,Caraway seeds
test,Caraway seeds/CarawaySeeds665.jpg,,Caraway seeds
test,Caraway seeds/CarawaySeeds980.jpg,,Caraway seeds
test,Caraway seeds/CarawaySeeds91.jpg,,Caraway seeds
test,Caraway seeds/CarawaySeeds435.jpg,,Caraway seeds
test,Caraway seeds/CarawaySeeds255.jpg,,Caraway seeds
test,Caraway seeds/CarawaySeeds37.jpg,,Caraway seeds
test,Caraway seeds/CarawaySeeds222.jpg,,Caraway seeds
test,Caraway seeds/CarawaySeeds412.jpg,,Caraway seeds
test,Caraway seeds/CarawaySeeds937.jpg,,Caraway seeds
test,Caraway seeds/CarawaySeeds666.jpg,,Caraway seeds
test,Caraway seeds/CarawaySeeds32.jpg,,Caraway seeds
test,Caraway seeds/CarawaySeeds29.jpg,,Caraway seeds
test,Caraway seeds/CarawaySeeds552.jpg,,Caraway seeds
test,Caraway seeds/CarawaySeeds534.jpg,,Caraway seeds
test,Caraway seeds/CarawaySeeds118.jpg,,Caraway seeds
test,Caraway seeds/CarawaySeeds64.jpg,,Caraway seeds
test,Caraway seeds/CarawaySeeds589.jpg,,Caraway seeds
test,Caraway seeds/CarawaySeeds160.jpg,,Caraway seeds
test,Caraway seeds/CarawaySeeds82.jpg,,Caraway seeds
test,Caraway seeds/CarawaySeeds317.jpg,,Caraway seeds
test,Caraway seeds/CarawaySeeds832.jpg,,Caraway seeds
test,Caraway seeds/CarawaySeeds135.jpg,,Caraway seeds
test,Caraway seeds/CarawaySeeds249.jpg,,Caraway seeds
test,Caraway seeds/CarawaySeeds225.jpg,,Caraway seeds
test,Caraway seeds/CarawaySeeds368.jpg,,Caraway seeds
test,Caraway seeds/CarawaySeeds904.jpg,,Caraway seeds
test,Caraway seeds/CarawaySeeds525.jpg,,Caraway seeds
test,Caraway seeds/CarawaySeeds395.jpg,,Caraway seeds
test,Caraway seeds/CarawaySeeds821.jpg,,Caraway seeds
test,Caraway seeds/CarawaySeeds48.jpg,,Caraway seeds
test,Caraway seeds/CarawaySeeds482.jpg,,Caraway seeds
test,Caraway seeds/CarawaySeeds216.jpg,,Caraway seeds
test,Caraway seeds/CarawaySeeds712.jpg,,Caraway seeds
test,Caraway seeds/CarawaySeeds954.jpg,,Caraway seeds
test,Caraway seeds/CarawaySeeds92.jpg,,Caraway seeds
test,Caraway seeds/CarawaySeeds342.jpg,,Caraway seeds
test,Caraway seeds/CarawaySeeds1046.jpg,,Caraway seeds
test,Caraway seeds/CarawaySeeds208.jpg,,Caraway seeds
test,Caraway seeds/CarawaySeeds46.jpg,,Caraway seeds
test,Caraway seeds/CarawaySeeds512.jpg,,Caraway seeds
test,Caraway seeds/CarawaySeeds579.jpg,,Caraway seeds
test,Caraway seeds/CarawaySeeds733.jpg,,Caraway seeds
test,Caraway seeds/CarawaySeeds676.jpg,,Caraway seeds
test,Caraway seeds/CarawaySeeds976.jpg,,Caraway seeds
test,Caraway seeds/CarawaySeeds252.jpg,,Caraway seeds
test,Caraway seeds/CarawaySeeds140.jpg,,Caraway seeds
test,Caraway seeds/CarawaySeeds818.jpg,,Caraway seeds
test,Caraway seeds/CarawaySeeds685.jpg,,Caraway seeds
test,Caraway seeds/CarawaySeeds683.jpg,,Caraway seeds
test,Caraway seeds/CarawaySeeds829.jpg,,Caraway seeds
test,Caraway seeds/CarawaySeeds282.jpg,,Caraway seeds
test,Caraway seeds/CarawaySeeds1058.jpg,,Caraway seeds
test,Caraway seeds/CarawaySeeds705.jpg,,Caraway seeds
test,Caraway seeds/CarawaySeeds667.jpg,,Caraway seeds
test,Caraway seeds/CarawaySeeds675.jpg,,Caraway seeds
test,Caraway seeds/CarawaySeeds434.jpg,,Caraway seeds
test,Caraway seeds/CarawaySeeds122.jpg,,Caraway seeds
train,Cinnamom stick/CinnamomStick269.jpg,,Cinnamom stick
train,Cinnamom stick/CinnamomStick508.jpg,,Cinnamom stick
train,Cinnamom stick/CinnamomStick230.jpg,,Cinnamom stick
train,Cinnamom stick/CinnamomStick106.jpg,,Cinnamom stick
train,Cinnamom stick/CinnamomStick488.jpg,,Cinnamom stick
train,Cinnamom stick/CinnamomStick494.jpg,,Cinnamom stick
train,Cinnamom stick/CinnamomStick284.jpg,,Cinnamom stick
train,Cinnamom stick/CinnamomStick125.jpg,,Cinnamom stick
train,Cinnamom stick/CinnamomStick206.jpg,,Cinnamom stick
train,Cinnamom stick/CinnamomStick502.jpg,,Cinnamom stick
train,Cinnamom stick/CinnamomStick487.jpg,,Cinnamom stick
train,Cinnamom stick/CinnamomStick451.jpg,,Cinnamom stick
train,Cinnamom stick/CinnamomStick211.jpg,,Cinnamom stick
train,Cinnamom stick/CinnamomStick291.jpg,,Cinnamom stick
train,Cinnamom stick/CinnamomStick293.jpg,,Cinnamom stick
train,Cinnamom stick/CinnamomStick124.jpg,,Cinnamom stick
train,Cinnamom stick/CinnamomStick493.jpg,,Cinnamom stick
train,Cinnamom stick/CinnamomStick105.jpg,,Cinnamom stick
train,Cinnamom stick/CinnamomStick373.jpg,,Cinnamom stick
train,Cinnamom stick/CinnamomStick81.jpg,,Cinnamom stick
train,Cinnamom stick/CinnamomStick492.jpg,,Cinnamom stick
train,Cinnamom stick/CinnamomStick516.jpg,,Cinnamom stick
train,Cinnamom stick/CinnamomStick479.jpg,,Cinnamom stick
train,Cinnamom stick/CinnamomStick383.jpg,,Cinnamom stick
train,Cinnamom stick/CinnamomStick117.jpg,,Cinnamom stick
train,Cinnamom stick/CinnamomStick341.jpg,,Cinnamom stick
train,Cinnamom stick/CinnamomStick507.jpg,,Cinnamom stick
train,Cinnamom stick/CinnamomStick403.jpg,,Cinnamom stick
train,Cinnamom stick/CinnamomStick223.jpg,,Cinnamom stick
train,Cinnamom stick/CinnamomStick239.jpg,,Cinnamom stick
train,Cinnamom stick/CinnamomStick216.jpg,,Cinnamom stick
train,Cinnamom stick/CinnamomStick381.jpg,,Cinnamom stick
train,Cinnamom stick/CinnamomStick214.jpg,,Cinnamom stick
train,Cinnamom stick/CinnamomStick193.jpg,,Cinnamom stick
train,Cinnamom stick/CinnamomStick486.jpg,,Cinnamom stick
train,Cinnamom stick/CinnamomStick136.jpg,,Cinnamom stick
train,Cinnamom stick/CinnamomStick319.jpg,,Cinnamom stick
train,Cinnamom stick/CinnamomStick165.jpg,,Cinnamom stick
train,Cinnamom stick/CinnamomStick134.jpg,,Cinnamom stick
train,Cinnamom stick/CinnamomStick378.jpg,,Cinnamom stick
train,Cinnamom stick/CinnamomStick141.jpg,,Cinnamom stick
train,Cinnamom stick/CinnamomStick103.jpg,,Cinnamom stick
train,Cinnamom stick/CinnamomStick266.jpg,,Cinnamom stick
train,Cinnamom stick/CinnamomStick21.jpg,,Cinnamom stick
train,Cinnamom stick/CinnamomStick207.jpg,,Cinnamom stick
train,Cinnamom stick/CinnamomStick155.jpg,,Cinnamom stick
train,Cinnamom stick/CinnamomStick84.jpg,,Cinnamom stick
train,Cinnamom stick/CinnamomStick340.jpg,,Cinnamom stick
train,Cinnamom stick/CinnamomStick23.jpg,,Cinnamom stick
train,Cinnamom stick/CinnamomStick470.jpg,,Cinnamom stick
train,Cinnamom stick/CinnamomStick425.jpg,,Cinnamom stick
train,Cinnamom stick/CinnamomStick463.jpg,,Cinnamom stick
train,Cinnamom stick/CinnamomStick180.jpg,,Cinnamom stick
train,Cinnamom stick/CinnamomStick521.jpg,,Cinnamom stick
train,Cinnamom stick/CinnamomStick498.jpg,,Cinnamom stick
train,Cinnamom stick/CinnamomStick34.jpg,,Cinnamom stick
train,Cinnamom stick/CinnamomStick505.jpg,,Cinnamom stick
train,Cinnamom stick/CinnamomStick38.jpg,,Cinnamom stick
train,Cinnamom stick/CinnamomStick499.jpg,,Cinnamom stick
train,Cinnamom stick/CinnamomStick316.jpg,,Cinnamom stick
train,Cinnamom stick/CinnamomStick272.jpg,,Cinnamom stick
train,Cinnamom stick/CinnamomStick287.jpg,,Cinnamom stick
train,Cinnamom stick/CinnamomStick154.jpg,,Cinnamom stick
train,Cinnamom stick/CinnamomStick442.jpg,,Cinnamom stick
train,Cinnamom stick/CinnamomStick474.jpg,,Cinnamom stick
train,Cinnamom stick/CinnamomStick220.jpg,,Cinnamom stick
train,Cinnamom stick/CinnamomStick57.jpg,,Cinnamom stick
train,Cinnamom stick/CinnamomStick457.jpg,,Cinnamom stick
train,Cinnamom stick/CinnamomStick73.jpg,,Cinnamom stick
train,Cinnamom stick/CinnamomStick453.jpg,,Cinnamom stick
train,Cinnamom stick/CinnamomStick140.jpg,,Cinnamom stick
train,Cinnamom stick/CinnamomStick10.jpg,,Cinnamom stick
train,Cinnamom stick/CinnamomStick458.jpg,,Cinnamom stick
train,Cinnamom stick/CinnamomStick107.jpg,,Cinnamom stick
train,Cinnamom stick/CinnamomStick359.jpg,,Cinnamom stick
train,Cinnamom stick/CinnamomStick170.jpg,,Cinnamom stick
train,Cinnamom stick/CinnamomStick91.jpg,,Cinnamom stick
train,Cinnamom stick/CinnamomStick527.jpg,,Cinnamom stick
train,Cinnamom stick/CinnamomStick156.jpg,,Cinnamom stick
train,Cinnamom stick/CinnamomStick345.jpg,,Cinnamom stick
train,Cinnamom stick/CinnamomStick104.jpg,,Cinnamom stick
train,Cinnamom stick/CinnamomStick90.jpg,,Cinnamom stick
train,Cinnamom stick/CinnamomStick144.jpg,,Cinnamom stick
train,Cinnamom stick/CinnamomStick313.jpg,,Cinnamom stick
train,Cinnamom stick/CinnamomStick158.jpg,,Cinnamom stick
train,Cinnamom stick/CinnamomStick333.jpg,,Cinnamom stick
train,Cinnamom stick/CinnamomStick159.jpg,,Cinnamom stick
train,Cinnamom stick/CinnamomStick285.jpg,,Cinnamom stick
train,Cinnamom stick/CinnamomStick133.jpg,,Cinnamom stick
train,Cinnamom stick/CinnamomStick71.jpg,,Cinnamom stick
train,Cinnamom stick/CinnamomStick101.jpg,,Cinnamom stick
train,Cinnamom stick/CinnamomStick62.jpg,,Cinnamom stick
train,Cinnamom stick/CinnamomStick219.jpg,,Cinnamom stick
train,Cinnamom stick/CinnamomStick262.jpg,,Cinnamom stick
train,Cinnamom stick/CinnamomStick265.jpg,,Cinnamom stick
train,Cinnamom stick/CinnamomStick215.jpg,,Cinnamom stick
train,Cinnamom stick/CinnamomStick329.jpg,,Cinnamom stick
train,Cinnamom stick/CinnamomStick63.jpg,,Cinnamom stick
train,Cinnamom stick/CinnamomStick191.jpg,,Cinnamom stick
train,Cinnamom stick/CinnamomStick8.jpg,,Cinnamom stick
train,Cinnamom stick/CinnamomStick399.jpg,,Cinnamom stick
train,Cinnamom stick/CinnamomStick298.jpg,,Cinnamom stick
train,Cinnamom stick/CinnamomStick317.jpg,,Cinnamom stick
train,Cinnamom stick/CinnamomStick514.jpg,,Cinnamom stick
train,Cinnamom stick/CinnamomStick250.jpg,,Cinnamom stick
train,Cinnamom stick/CinnamomStick449.jpg,,Cinnamom stick
train,Cinnamom stick/CinnamomStick335.jpg,,Cinnamom stick
train,Cinnamom stick/CinnamomStick361.jpg,,Cinnamom stick
train,Cinnamom stick/CinnamomStick520.jpg,,Cinnamom stick
train,Cinnamom stick/CinnamomStick433.jpg,,Cinnamom stick
train,Cinnamom stick/CinnamomStick96.jpg,,Cinnamom stick
train,Cinnamom stick/CinnamomStick391.jpg,,Cinnamom stick
train,Cinnamom stick/CinnamomStick326.jpg,,Cinnamom stick
train,Cinnamom stick/CinnamomStick238.jpg,,Cinnamom stick
train,Cinnamom stick/CinnamomStick277.jpg,,Cinnamom stick
train,Cinnamom stick/CinnamomStick201.jpg,,Cinnamom stick
train,Cinnamom stick/CinnamomStick320.jpg,,Cinnamom stick
train,Cinnamom stick/CinnamomStick46.jpg,,Cinnamom stick
train,Cinnamom stick/CinnamomStick199.jpg,,Cinnamom stick
train,Cinnamom stick/CinnamomStick15.jpg,,Cinnamom stick
train,Cinnamom stick/CinnamomStick234.jpg,,Cinnamom stick
train,Cinnamom stick/CinnamomStick253.jpg,,Cinnamom stick
train,Cinnamom stick/CinnamomStick368.jpg,,Cinnamom stick
train,Cinnamom stick/CinnamomStick273.jpg,,Cinnamom stick
train,Cinnamom stick/CinnamomStick241.jpg,,Cinnamom stick
train,Cinnamom stick/CinnamomStick255.jpg,,Cinnamom stick
train,Cinnamom stick/CinnamomStick224.jpg,,Cinnamom stick
train,Cinnamom stick/CinnamomStick315.jpg,,Cinnamom stick
train,Cinnamom stick/CinnamomStick50.jpg,,Cinnamom stick
train,Cinnamom stick/CinnamomStick27.jpg,,Cinnamom stick
train,Cinnamom stick/CinnamomStick254.jpg,,Cinnamom stick
train,Cinnamom stick/CinnamomStick531.jpg,,Cinnamom stick
train,Cinnamom stick/CinnamomStick114.jpg,,Cinnamom stick
train,Cinnamom stick/CinnamomStick131.jpg,,Cinnamom stick
train,Cinnamom stick/CinnamomStick515.jpg,,Cinnamom stick
train,Cinnamom stick/CinnamomStick187.jpg,,Cinnamom stick
train,Cinnamom stick/CinnamomStick130.jpg,,Cinnamom stick
train,Cinnamom stick/CinnamomStick168.jpg,,Cinnamom stick
train,Cinnamom stick/CinnamomStick66.jpg,,Cinnamom stick
train,Cinnamom stick/CinnamomStick171.jpg,,Cinnamom stick
train,Cinnamom stick/CinnamomStick74.jpg,,Cinnamom stick
train,Cinnamom stick/CinnamomStick122.jpg,,Cinnamom stick
train,Cinnamom stick/CinnamomStick513.jpg,,Cinnamom stick
train,Cinnamom stick/CinnamomStick188.jpg,,Cinnamom stick
train,Cinnamom stick/CinnamomStick377.jpg,,Cinnamom stick
train,Cinnamom stick/CinnamomStick115.jpg,,Cinnamom stick
train,Cinnamom stick/CinnamomStick529.jpg,,Cinnamom stick
train,Cinnamom stick/CinnamomStick99.jpg,,Cinnamom stick
train,Cinnamom stick/CinnamomStick80.jpg,,Cinnamom stick
train,Cinnamom stick/CinnamomStick524.jpg,,Cinnamom stick
train,Cinnamom stick/CinnamomStick452.jpg,,Cinnamom stick
train,Cinnamom stick/CinnamomStick366.jpg,,Cinnamom stick
train,Cinnamom stick/CinnamomStick478.jpg,,Cinnamom stick
train,Cinnamom stick/CinnamomStick7.jpg,,Cinnamom stick
train,Cinnamom stick/CinnamomStick78.jpg,,Cinnamom stick
train,Cinnamom stick/CinnamomStick379.jpg,,Cinnamom stick
train,Cinnamom stick/CinnamomStick56.jpg,,Cinnamom stick
train,Cinnamom stick/CinnamomStick407.jpg,,Cinnamom stick
train,Cinnamom stick/CinnamomStick330.jpg,,Cinnamom stick
train,Cinnamom stick/CinnamomStick436.jpg,,Cinnamom stick
train,Cinnamom stick/CinnamomStick418.jpg,,Cinnamom stick
train,Cinnamom stick/CinnamomStick302.jpg,,Cinnamom stick
train,Cinnamom stick/CinnamomStick120.jpg,,Cinnamom stick
train,Cinnamom stick/CinnamomStick517.jpg,,Cinnamom stick
train,Cinnamom stick/CinnamomStick267.jpg,,Cinnamom stick
train,Cinnamom stick/CinnamomStick434.jpg,,Cinnamom stick
train,Cinnamom stick/CinnamomStick17.jpg,,Cinnamom stick
train,Cinnamom stick/CinnamomStick274.jpg,,Cinnamom stick
train,Cinnamom stick/CinnamomStick305.jpg,,Cinnamom stick
train,Cinnamom stick/CinnamomStick110.jpg,,Cinnamom stick
train,Cinnamom stick/CinnamomStick393.jpg,,Cinnamom stick
train,Cinnamom stick/CinnamomStick263.jpg,,Cinnamom stick
train,Cinnamom stick/CinnamomStick30.jpg,,Cinnamom stick
train,Cinnamom stick/CinnamomStick64.jpg,,Cinnamom stick
train,Cinnamom stick/CinnamomStick480.jpg,,Cinnamom stick
train,Cinnamom stick/CinnamomStick500.jpg,,Cinnamom stick
train,Cinnamom stick/CinnamomStick182.jpg,,Cinnamom stick
train,Cinnamom stick/CinnamomStick25.jpg,,Cinnamom stick
train,Cinnamom stick/CinnamomStick396.jpg,,Cinnamom stick
train,Cinnamom stick/CinnamomStick511.jpg,,Cinnamom stick
train,Cinnamom stick/CinnamomStick270.jpg,,Cinnamom stick
train,Cinnamom stick/CinnamomStick60.jpg,,Cinnamom stick
train,Cinnamom stick/CinnamomStick464.jpg,,Cinnamom stick
train,Cinnamom stick/CinnamomStick283.jpg,,Cinnamom stick
train,Cinnamom stick/CinnamomStick94.jpg,,Cinnamom stick
train,Cinnamom stick/CinnamomStick145.jpg,,Cinnamom stick
train,Cinnamom stick/CinnamomStick428.jpg,,Cinnamom stick
train,Cinnamom stick/CinnamomStick308.jpg,,Cinnamom stick
train,Cinnamom stick/CinnamomStick495.jpg,,Cinnamom stick
train,Cinnamom stick/CinnamomStick390.jpg,,Cinnamom stick
train,Cinnamom stick/CinnamomStick135.jpg,,Cinnamom stick
train,Cinnamom stick/CinnamomStick127.jpg,,Cinnamom stick
train,Cinnamom stick/CinnamomStick406.jpg,,Cinnamom stick
train,Cinnamom stick/CinnamomStick54.jpg,,Cinnamom stick
train,Cinnamom stick/CinnamomStick87.jpg,,Cinnamom stick
train,Cinnamom stick/CinnamomStick121.jpg,,Cinnamom stick
train,Cinnamom stick/CinnamomStick51.jpg,,Cinnamom stick
train,Cinnamom stick/CinnamomStick59.jpg,,Cinnamom stick
train,Cinnamom stick/CinnamomStick275.jpg,,Cinnamom stick
train,Cinnamom stick/CinnamomStick256.jpg,,Cinnamom stick
train,Cinnamom stick/CinnamomStick89.jpg,,Cinnamom stick
train,Cinnamom stick/CinnamomStick400.jpg,,Cinnamom stick
train,Cinnamom stick/CinnamomStick310.jpg,,Cinnamom stick
train,Cinnamom stick/CinnamomStick229.jpg,,Cinnamom stick
train,Cinnamom stick/CinnamomStick129.jpg,,Cinnamom stick
train,Cinnamom stick/CinnamomStick44.jpg,,Cinnamom stick
train,Cinnamom stick/CinnamomStick388.jpg,,Cinnamom stick
train,Cinnamom stick/CinnamomStick348.jpg,,Cinnamom stick
train,Cinnamom stick/CinnamomStick61.jpg,,Cinnamom stick
train,Cinnamom stick/CinnamomStick173.jpg,,Cinnamom stick
train,Cinnamom stick/CinnamomStick484.jpg,,Cinnamom stick
train,Cinnamom stick/CinnamomStick332.jpg,,Cinnamom stick
train,Cinnamom stick/CinnamomStick148.jpg,,Cinnamom stick
train,Cinnamom stick/CinnamomStick29.jpg,,Cinnamom stick
train,Cinnamom stick/CinnamomStick476.jpg,,Cinnamom stick
train,Cinnamom stick/CinnamomStick506.jpg,,Cinnamom stick
train,Cinnamom stick/CinnamomStick532.jpg,,Cinnamom stick
train,Cinnamom stick/CinnamomStick343.jpg,,Cinnamom stick
train,Cinnamom stick/CinnamomStick405.jpg,,Cinnamom stick
train,Cinnamom stick/CinnamomStick47.jpg,,Cinnamom stick
train,Cinnamom stick/CinnamomStick369.jpg,,Cinnamom stick
train,Cinnamom stick/CinnamomStick181.jpg,,Cinnamom stick
train,Cinnamom stick/CinnamomStick362.jpg,,Cinnamom stick
train,Cinnamom stick/CinnamomStick92.jpg,,Cinnamom stick
train,Cinnamom stick/CinnamomStick421.jpg,,Cinnamom stick
train,Cinnamom stick/CinnamomStick204.jpg,,Cinnamom stick
train,Cinnamom stick/CinnamomStick69.jpg,,Cinnamom stick
train,Cinnamom stick/CinnamomStick32.jpg,,Cinnamom stick
train,Cinnamom stick/CinnamomStick427.jpg,,Cinnamom stick
train,Cinnamom stick/CinnamomStick95.jpg,,Cinnamom stick
train,Cinnamom stick/CinnamomStick429.jpg,,Cinnamom stick
train,Cinnamom stick/CinnamomStick3.jpg,,Cinnamom stick
train,Cinnamom stick/CinnamomStick1.jpg,,Cinnamom stick
train,Cinnamom stick/CinnamomStick375.jpg,,Cinnamom stick
train,Cinnamom stick/CinnamomStick174.jpg,,Cinnamom stick
train,Cinnamom stick/CinnamomStick501.jpg,,Cinnamom stick
train,Cinnamom stick/CinnamomStick203.jpg,,Cinnamom stick
train,Cinnamom stick/CinnamomStick509.jpg,,Cinnamom stick
train,Cinnamom stick/CinnamomStick360.jpg,,Cinnamom stick
train,Cinnamom stick/CinnamomStick314.jpg,,Cinnamom stick
train,Cinnamom stick/CinnamomStick259.jpg,,Cinnamom stick
train,Cinnamom stick/CinnamomStick354.jpg,,Cinnamom stick
train,Cinnamom stick/CinnamomStick432.jpg,,Cinnamom stick
train,Cinnamom stick/CinnamomStick217.jpg,,Cinnamom stick
train,Cinnamom stick/CinnamomStick192.jpg,,Cinnamom stick
train,Cinnamom stick/CinnamomStick12.jpg,,Cinnamom stick
train,Cinnamom stick/CinnamomStick402.jpg,,Cinnamom stick
train,Cinnamom stick/CinnamomStick441.jpg,,Cinnamom stick
train,Cinnamom stick/CinnamomStick282.jpg,,Cinnamom stick
train,Cinnamom stick/CinnamomStick245.jpg,,Cinnamom stick
train,Cinnamom stick/CinnamomStick116.jpg,,Cinnamom stick
train,Cinnamom stick/CinnamomStick387.jpg,,Cinnamom stick
train,Cinnamom stick/CinnamomStick186.jpg,,Cinnamom stick
train,Cinnamom stick/CinnamomStick195.jpg,,Cinnamom stick
train,Cinnamom stick/CinnamomStick438.jpg,,Cinnamom stick
train,Cinnamom stick/CinnamomStick376.jpg,,Cinnamom stick
train,Cinnamom stick/CinnamomStick9.jpg,,Cinnamom stick
train,Cinnamom stick/CinnamomStick395.jpg,,Cinnamom stick
train,Cinnamom stick/CinnamomStick280.jpg,,Cinnamom stick
train,Cinnamom stick/CinnamomStick72.jpg,,Cinnamom stick
train,Cinnamom stick/CinnamomStick247.jpg,,Cinnamom stick
train,Cinnamom stick/CinnamomStick166.jpg,,Cinnamom stick
train,Cinnamom stick/CinnamomStick213.jpg,,Cinnamom stick
train,Cinnamom stick/CinnamomStick16.jpg,,Cinnamom stick
train,Cinnamom stick/CinnamomStick157.jpg,,Cinnamom stick
train,Cinnamom stick/CinnamomStick226.jpg,,Cinnamom stick
train,Cinnamom stick/CinnamomStick351.jpg,,Cinnamom stick
train,Cinnamom stick/CinnamomStick289.jpg,,Cinnamom stick
train,Cinnamom stick/CinnamomStick82.jpg,,Cinnamom stick
train,Cinnamom stick/CinnamomStick142.jpg,,Cinnamom stick
train,Cinnamom stick/CinnamomStick336.jpg,,Cinnamom stick
train,Cinnamom stick/CinnamomStick221.jpg,,Cinnamom stick
train,Cinnamom stick/CinnamomStick232.jpg,,Cinnamom stick
train,Cinnamom stick/CinnamomStick491.jpg,,Cinnamom stick
train,Cinnamom stick/CinnamomStick248.jpg,,Cinnamom stick
train,Cinnamom stick/CinnamomStick97.jpg,,Cinnamom stick
train,Cinnamom stick/CinnamomStick386.jpg,,Cinnamom stick
train,Cinnamom stick/CinnamomStick228.jpg,,Cinnamom stick
train,Cinnamom stick/CinnamomStick344.jpg,,Cinnamom stick
train,Cinnamom stick/CinnamomStick497.jpg,,Cinnamom stick
train,Cinnamom stick/CinnamomStick126.jpg,,Cinnamom stick
train,Cinnamom stick/CinnamomStick5.jpg,,Cinnamom stick
train,Cinnamom stick/CinnamomStick475.jpg,,Cinnamom stick
train,Cinnamom stick/CinnamomStick412.jpg,,Cinnamom stick
train,Cinnamom stick/CinnamomStick503.jpg,,Cinnamom stick
train,Cinnamom stick/CinnamomStick48.jpg,,Cinnamom stick
train,Cinnamom stick/CinnamomStick260.jpg,,Cinnamom stick
train,Cinnamom stick/CinnamomStick196.jpg,,Cinnamom stick
train,Cinnamom stick/CinnamomStick208.jpg,,Cinnamom stick
train,Cinnamom stick/CinnamomStick437.jpg,,Cinnamom stick
train,Cinnamom stick/CinnamomStick52.jpg,,Cinnamom stick
train,Cinnamom stick/CinnamomStick139.jpg,,Cinnamom stick
train,Cinnamom stick/CinnamomStick45.jpg,,Cinnamom stick
train,Cinnamom stick/CinnamomStick526.jpg,,Cinnamom stick
train,Cinnamom stick/CinnamomStick41.jpg,,Cinnamom stick
train,Cinnamom stick/CinnamomStick389.jpg,,Cinnamom stick
train,Cinnamom stick/CinnamomStick75.jpg,,Cinnamom stick
train,Cinnamom stick/CinnamomStick212.jpg,,Cinnamom stick
train,Cinnamom stick/CinnamomStick93.jpg,,Cinnamom stick
train,Cinnamom stick/CinnamomStick295.jpg,,Cinnamom stick
train,Cinnamom stick/CinnamomStick88.jpg,,Cinnamom stick
train,Cinnamom stick/CinnamomStick350.jpg,,Cinnamom stick
train,Cinnamom stick/CinnamomStick301.jpg,,Cinnamom stick
train,Cinnamom stick/CinnamomStick118.jpg,,Cinnamom stick
train,Cinnamom stick/CinnamomStick349.jpg,,Cinnamom stick
train,Cinnamom stick/CinnamomStick465.jpg,,Cinnamom stick
train,Cinnamom stick/CinnamomStick35.jpg,,Cinnamom stick
train,Cinnamom stick/CinnamomStick222.jpg,,Cinnamom stick
train,Cinnamom stick/CinnamomStick450.jpg,,Cinnamom stick
train,Cinnamom stick/CinnamomStick363.jpg,,Cinnamom stick
train,Cinnamom stick/CinnamomStick150.jpg,,Cinnamom stick
train,Cinnamom stick/CinnamomStick43.jpg,,Cinnamom stick
train,Cinnamom stick/CinnamomStick352.jpg,,Cinnamom stick
train,Cinnamom stick/CinnamomStick4.jpg,,Cinnamom stick
train,Cinnamom stick/CinnamomStick420.jpg,,Cinnamom stick
train,Cinnamom stick/CinnamomStick448.jpg,,Cinnamom stick
train,Cinnamom stick/CinnamomStick177.jpg,,Cinnamom stick
train,Cinnamom stick/CinnamomStick413.jpg,,Cinnamom stick
train,Cinnamom stick/CinnamomStick518.jpg,,Cinnamom stick
train,Cinnamom stick/CinnamomStick202.jpg,,Cinnamom stick
train,Cinnamom stick/CinnamomStick225.jpg,,Cinnamom stick
train,Cinnamom stick/CinnamomStick113.jpg,,Cinnamom stick
train,Cinnamom stick/CinnamomStick233.jpg,,Cinnamom stick
train,Cinnamom stick/CinnamomStick20.jpg,,Cinnamom stick
train,Cinnamom stick/CinnamomStick112.jpg,,Cinnamom stick
train,Cinnamom stick/CinnamomStick36.jpg,,Cinnamom stick
train,Cinnamom stick/CinnamomStick137.jpg,,Cinnamom stick
train,Cinnamom stick/CinnamomStick415.jpg,,Cinnamom stick
train,Cinnamom stick/CinnamomStick414.jpg,,Cinnamom stick
train,Cinnamom stick/CinnamomStick303.jpg,,Cinnamom stick
train,Cinnamom stick/CinnamomStick55.jpg,,Cinnamom stick
train,Cinnamom stick/CinnamomStick325.jpg,,Cinnamom stick
train,Cinnamom stick/CinnamomStick288.jpg,,Cinnamom stick
train,Cinnamom stick/CinnamomStick327.jpg,,Cinnamom stick
train,Cinnamom stick/CinnamomStick40.jpg,,Cinnamom stick
train,Cinnamom stick/CinnamomStick331.jpg,,Cinnamom stick
train,Cinnamom stick/CinnamomStick358.jpg,,Cinnamom stick
train,Cinnamom stick/CinnamomStick444.jpg,,Cinnamom stick
train,Cinnamom stick/CinnamomStick189.jpg,,Cinnamom stick
train,Cinnamom stick/CinnamomStick161.jpg,,Cinnamom stick
train,Cinnamom stick/CinnamomStick322.jpg,,Cinnamom stick
train,Cinnamom stick/CinnamomStick102.jpg,,Cinnamom stick
train,Cinnamom stick/CinnamomStick264.jpg,,Cinnamom stick
train,Cinnamom stick/CinnamomStick123.jpg,,Cinnamom stick
train,Cinnamom stick/CinnamomStick385.jpg,,Cinnamom stick
train,Cinnamom stick/CinnamomStick481.jpg,,Cinnamom stick
train,Cinnamom stick/CinnamomStick244.jpg,,Cinnamom stick
train,Cinnamom stick/CinnamomStick422.jpg,,Cinnamom stick
train,Cinnamom stick/CinnamomStick163.jpg,,Cinnamom stick
train,Cinnamom stick/CinnamomStick231.jpg,,Cinnamom stick
train,Cinnamom stick/CinnamomStick459.jpg,,Cinnamom stick
train,Cinnamom stick/CinnamomStick176.jpg,,Cinnamom stick
train,Cinnamom stick/CinnamomStick355.jpg,,Cinnamom stick
train,Cinnamom stick/CinnamomStick473.jpg,,Cinnamom stick
train,Cinnamom stick/CinnamomStick397.jpg,,Cinnamom stick
train,Cinnamom stick/CinnamomStick519.jpg,,Cinnamom stick
train,Cinnamom stick/CinnamomStick347.jpg,,Cinnamom stick
train,Cinnamom stick/CinnamomStick392.jpg,,Cinnamom stick
train,Cinnamom stick/CinnamomStick323.jpg,,Cinnamom stick
train,Cinnamom stick/CinnamomStick471.jpg,,Cinnamom stick
train,Cinnamom stick/CinnamomStick294.jpg,,Cinnamom stick
train,Cinnamom stick/CinnamomStick276.jpg,,Cinnamom stick
train,Cinnamom stick/CinnamomStick70.jpg,,Cinnamom stick
train,Cinnamom stick/CinnamomStick162.jpg,,Cinnamom stick
train,Cinnamom stick/CinnamomStick65.jpg,,Cinnamom stick
train,Cinnamom stick/CinnamomStick292.jpg,,Cinnamom stick
train,Cinnamom stick/CinnamomStick454.jpg,,Cinnamom stick
train,Cinnamom stick/CinnamomStick76.jpg,,Cinnamom stick
train,Cinnamom stick/CinnamomStick530.jpg,,Cinnamom stick
train,Cinnamom stick/CinnamomStick419.jpg,,Cinnamom stick
train,Cinnamom stick/CinnamomStick68.jpg,,Cinnamom stick
train,Cinnamom stick/CinnamomStick183.jpg,,Cinnamom stick
train,Cinnamom stick/CinnamomStick533.jpg,,Cinnamom stick
train,Cinnamom stick/CinnamomStick24.jpg,,Cinnamom stick
train,Cinnamom stick/CinnamomStick209.jpg,,Cinnamom stick
train,Cinnamom stick/CinnamomStick153.jpg,,Cinnamom stick
train,Cinnamom stick/CinnamomStick456.jpg,,Cinnamom stick
train,Cinnamom stick/CinnamomStick160.jpg,,Cinnamom stick
train,Cinnamom stick/CinnamomStick445.jpg,,Cinnamom stick
train,Cinnamom stick/CinnamomStick534.jpg,,Cinnamom stick
train,Cinnamom stick/CinnamomStick371.jpg,,Cinnamom stick
train,Cinnamom stick/CinnamomStick483.jpg,,Cinnamom stick
train,Cinnamom stick/CinnamomStick236.jpg,,Cinnamom stick
train,Cinnamom stick/CinnamomStick424.jpg,,Cinnamom stick
train,Cinnamom stick/CinnamomStick409.jpg,,Cinnamom stick
train,Cinnamom stick/CinnamomStick179.jpg,,Cinnamom stick
train,Cinnamom stick/CinnamomStick384.jpg,,Cinnamom stick
train,Cinnamom stick/CinnamomStick462.jpg,,Cinnamom stick
train,Cinnamom stick/CinnamomStick261.jpg,,Cinnamom stick
train,Cinnamom stick/CinnamomStick522.jpg,,Cinnamom stick
train,Cinnamom stick/CinnamomStick461.jpg,,Cinnamom stick
train,Cinnamom stick/CinnamomStick37.jpg,,Cinnamom stick
train,Cinnamom stick/CinnamomStick67.jpg,,Cinnamom stick
train,Cinnamom stick/CinnamomStick380.jpg,,Cinnamom stick
train,Cinnamom stick/CinnamomStick278.jpg,,Cinnamom stick
train,Cinnamom stick/CinnamomStick374.jpg,,Cinnamom stick
train,Cinnamom stick/CinnamomStick243.jpg,,Cinnamom stick
train,Cinnamom stick/CinnamomStick489.jpg,,Cinnamom stick
train,Cinnamom stick/CinnamomStick342.jpg,,Cinnamom stick
train,Cinnamom stick/CinnamomStick324.jpg,,Cinnamom stick
train,Cinnamom stick/CinnamomStick408.jpg,,Cinnamom stick
train,Cinnamom stick/CinnamomStick22.jpg,,Cinnamom stick
train,Cinnamom stick/CinnamomStick510.jpg,,Cinnamom stick
train,Cinnamom stick/CinnamomStick31.jpg,,Cinnamom stick
train,Cinnamom stick/CinnamomStick79.jpg,,Cinnamom stick
train,Cinnamom stick/CinnamomStick249.jpg,,Cinnamom stick
train,Cinnamom stick/CinnamomStick268.jpg,,Cinnamom stick
train,Cinnamom stick/CinnamomStick98.jpg,,Cinnamom stick
train,Cinnamom stick/CinnamomStick346.jpg,,Cinnamom stick
train,Cinnamom stick/CinnamomStick504.jpg,,Cinnamom stick
train,Cinnamom stick/CinnamomStick146.jpg,,Cinnamom stick
train,Cinnamom stick/CinnamomStick365.jpg,,Cinnamom stick
train,Cinnamom stick/CinnamomStick128.jpg,,Cinnamom stick
train,Cinnamom stick/CinnamomStick466.jpg,,Cinnamom stick
train,Cinnamom stick/CinnamomStick477.jpg,,Cinnamom stick
train,Cinnamom stick/CinnamomStick446.jpg,,Cinnamom stick
train,Cinnamom stick/CinnamomStick227.jpg,,Cinnamom stick
train,Cinnamom stick/CinnamomStick525.jpg,,Cinnamom stick
train,Cinnamom stick/CinnamomStick198.jpg,,Cinnamom stick
train,Cinnamom stick/CinnamomStick423.jpg,,Cinnamom stick
train,Cinnamom stick/CinnamomStick100.jpg,,Cinnamom stick
train,Cinnamom stick/CinnamomStick279.jpg,,Cinnamom stick
train,Cinnamom stick/CinnamomStick297.jpg,,Cinnamom stick
train,Cinnamom stick/CinnamomStick372.jpg,,Cinnamom stick
train,Cinnamom stick/CinnamomStick306.jpg,,Cinnamom stick
train,Cinnamom stick/CinnamomStick190.jpg,,Cinnamom stick
train,Cinnamom stick/CinnamomStick382.jpg,,Cinnamom stick
val,Cinnamom stick/CinnamomStick439.jpg,,Cinnamom stick
val,Cinnamom stick/CinnamomStick111.jpg,,Cinnamom stick
val,Cinnamom stick/CinnamomStick281.jpg,,Cinnamom stick
val,Cinnamom stick/CinnamomStick299.jpg,,Cinnamom stick
val,Cinnamom stick/CinnamomStick401.jpg,,Cinnamom stick
val,Cinnamom stick/CinnamomStick394.jpg,,Cinnamom stick
val,Cinnamom stick/CinnamomStick185.jpg,,Cinnamom stick
val,Cinnamom stick/CinnamomStick184.jpg,,Cinnamom stick
val,Cinnamom stick/CinnamomStick39.jpg,,Cinnamom stick
val,Cinnamom stick/CinnamomStick286.jpg,,Cinnamom stick
val,Cinnamom stick/CinnamomStick467.jpg,,Cinnamom stick
val,Cinnamom stick/CinnamomStick205.jpg,,Cinnamom stick
val,Cinnamom stick/CinnamomStick311.jpg,,Cinnamom stick
val,Cinnamom stick/CinnamomStick296.jpg,,Cinnamom stick
val,Cinnamom stick/CinnamomStick357.jpg,,Cinnamom stick
val,Cinnamom stick/CinnamomStick251.jpg,,Cinnamom stick
val,Cinnamom stick/CinnamomStick172.jpg,,Cinnamom stick
val,Cinnamom stick/CinnamomStick353.jpg,,Cinnamom stick
val,Cinnamom stick/CinnamomStick18.jpg,,Cinnamom stick
val,Cinnamom stick/CinnamomStick337.jpg,,Cinnamom stick
val,Cinnamom stick/CinnamomStick210.jpg,,Cinnamom stick
val,Cinnamom stick/CinnamomStick440.jpg,,Cinnamom stick
val,Cinnamom stick/CinnamomStick175.jpg,,Cinnamom stick
val,Cinnamom stick/CinnamomStick83.jpg,,Cinnamom stick
val,Cinnamom stick/CinnamomStick410.jpg,,Cinnamom stick
val,Cinnamom stick/CinnamomStick149.jpg,,Cinnamom stick
val,Cinnamom stick/CinnamomStick398.jpg,,Cinnamom stick
val,Cinnamom stick/CinnamomStick528.jpg,,Cinnamom stick
val,Cinnamom stick/CinnamomStick490.jpg,,Cinnamom stick
val,Cinnamom stick/CinnamomStick109.jpg,,Cinnamom stick
val,Cinnamom stick/CinnamomStick151.jpg,,Cinnamom stick
val,Cinnamom stick/CinnamomStick86.jpg,,Cinnamom stick
val,Cinnamom stick/CinnamomStick472.jpg,,Cinnamom stick
val,Cinnamom stick/CinnamomStick119.jpg,,Cinnamom stick
val,Cinnamom stick/CinnamomStick237.jpg,,Cinnamom stick
val,Cinnamom stick/CinnamomStick13.jpg,,Cinnamom stick
val,Cinnamom stick/CinnamomStick246.jpg,,Cinnamom stick
val,Cinnamom stick/CinnamomStick307.jpg,,Cinnamom stick
val,Cinnamom stick/CinnamomStick42.jpg,,Cinnamom stick
val,Cinnamom stick/CinnamomStick431.jpg,,Cinnamom stick
val,Cinnamom stick/CinnamomStick300.jpg,,Cinnamom stick
val,Cinnamom stick/CinnamomStick143.jpg,,Cinnamom stick
val,Cinnamom stick/CinnamomStick318.jpg,,Cinnamom stick
val,Cinnamom stick/CinnamomStick53.jpg,,Cinnamom stick
val,Cinnamom stick/CinnamomStick58.jpg,,Cinnamom stick
val,Cinnamom stick/CinnamomStick339.jpg,,Cinnamom stick
val,Cinnamom stick/CinnamomStick194.jpg,,Cinnamom stick
val,Cinnamom stick/CinnamomStick460.jpg,,Cinnamom stick
val,Cinnamom stick/CinnamomStick309.jpg,,Cinnamom stick
val,Cinnamom stick/CinnamomStick257.jpg,,Cinnamom stick
val,Cinnamom stick/CinnamomStick242.jpg,,Cinnamom stick
val,Cinnamom stick/CinnamomStick26.jpg,,Cinnamom stick
val,Cinnamom stick/CinnamomStick164.jpg,,Cinnamom stick
test,Cinnamom stick/CinnamomStick435.jpg,,Cinnamom stick
test,Cinnamom stick/CinnamomStick482.jpg,,Cinnamom stick
test,Cinnamom stick/CinnamomStick152.jpg,,Cinnamom stick
test,Cinnamom stick/CinnamomStick138.jpg,,Cinnamom stick
test,Cinnamom stick/CinnamomStick523.jpg,,Cinnamom stick
test,Cinnamom stick/CinnamomStick290.jpg,,Cinnamom stick
test,Cinnamom stick/CinnamomStick235.jpg,,Cinnamom stick
test,Cinnamom stick/CinnamomStick147.jpg,,Cinnamom stick
test,Cinnamom stick/CinnamomStick321.jpg,,Cinnamom stick
test,Cinnamom stick/CinnamomStick11.jpg,,Cinnamom stick
test,Cinnamom stick/CinnamomStick258.jpg,,Cinnamom stick
test,Cinnamom stick/CinnamomStick169.jpg,,Cinnamom stick
test,Cinnamom stick/CinnamomStick33.jpg,,Cinnamom stick
test,Cinnamom stick/CinnamomStick417.jpg,,Cinnamom stick
test,Cinnamom stick/CinnamomStick370.jpg,,Cinnamom stick
test,Cinnamom stick/CinnamomStick411.jpg,,Cinnamom stick
test,Cinnamom stick/CinnamomStick455.jpg,,Cinnamom stick
test,Cinnamom stick/CinnamomStick312.jpg,,Cinnamom stick
test,Cinnamom stick/CinnamomStick28.jpg,,Cinnamom stick
test,Cinnamom stick/CinnamomStick271.jpg,,Cinnamom stick
test,Cinnamom stick/CinnamomStick304.jpg,,Cinnamom stick
test,Cinnamom stick/CinnamomStick77.jpg,,Cinnamom stick
test,Cinnamom stick/CinnamomStick364.jpg,,Cinnamom stick
test,Cinnamom stick/CinnamomStick416.jpg,,Cinnamom stick
test,Cinnamom stick/CinnamomStick367.jpg,,Cinnamom stick
test,Cinnamom stick/CinnamomStick356.jpg,,Cinnamom stick
test,Cinnamom stick/CinnamomStick338.jpg,,Cinnamom stick
test,Cinnamom stick/CinnamomStick443.jpg,,Cinnamom stick
test,Cinnamom stick/CinnamomStick334.jpg,,Cinnamom stick
test,Cinnamom stick/CinnamomStick200.jpg,,Cinnamom stick
test,Cinnamom stick/CinnamomStick218.jpg,,Cinnamom stick
test,Cinnamom stick/CinnamomStick19.jpg,,Cinnamom stick
test,Cinnamom stick/CinnamomStick108.jpg,,Cinnamom stick
test,Cinnamom stick/CinnamomStick197.jpg,,Cinnamom stick
test,Cinnamom stick/CinnamomStick496.jpg,,Cinnamom stick
test,Cinnamom stick/CinnamomStick404.jpg,,Cinnamom stick
test,Cinnamom stick/CinnamomStick468.jpg,,Cinnamom stick
test,Cinnamom stick/CinnamomStick14.jpg,,Cinnamom stick
test,Cinnamom stick/CinnamomStick252.jpg,,Cinnamom stick
test,Cinnamom stick/CinnamomStick426.jpg,,Cinnamom stick
test,Cinnamom stick/CinnamomStick328.jpg,,Cinnamom stick
test,Cinnamom stick/CinnamomStick2.jpg,,Cinnamom stick
test,Cinnamom stick/CinnamomStick178.jpg,,Cinnamom stick
test,Cinnamom stick/CinnamomStick430.jpg,,Cinnamom stick
test,Cinnamom stick/CinnamomStick132.jpg,,Cinnamom stick
test,Cinnamom stick/CinnamomStick485.jpg,,Cinnamom stick
test,Cinnamom stick/CinnamomStick85.jpg,,Cinnamom stick
test,Cinnamom stick/CinnamomStick469.jpg,,Cinnamom stick
test,Cinnamom stick/CinnamomStick6.jpg,,Cinnamom stick
test,Cinnamom stick/CinnamomStick512.jpg,,Cinnamom stick
test,Cinnamom stick/CinnamomStick167.jpg,,Cinnamom stick
test,Cinnamom stick/CinnamomStick447.jpg,,Cinnamom stick
test,Cinnamom stick/CinnamomStick49.jpg,,Cinnamom stick
test,Cinnamom stick/CinnamomStick240.jpg,,Cinnamom stick
train,Cloves/Cloves635.jpg,,Cloves
train,Cloves/Cloves214.jpg,,Cloves
train,Cloves/Cloves481.jpg,,Cloves
train,Cloves/Cloves46.jpg,,Cloves
train,Cloves/Cloves85.jpg,,Cloves
train,Cloves/Cloves807.jpg,,Cloves
train,Cloves/Cloves269.jpg,,Cloves
train,Cloves/Cloves411.jpg,,Cloves
train,Cloves/Cloves420.jpg,,Cloves
train,Cloves/Cloves137.jpg,,Cloves
train,Cloves/Cloves166.jpg,,Cloves
train,Cloves/Cloves342.jpg,,Cloves
train,Cloves/Cloves583.jpg,,Cloves
train,Cloves/Cloves692.jpg,,Cloves
train,Cloves/Cloves698.jpg,,Cloves
train,Cloves/Cloves262.jpg,,Cloves
train,Cloves/Cloves537.jpg,,Cloves
train,Cloves/Cloves518.jpg,,Cloves
train,Cloves/Cloves198.jpg,,Cloves
train,Cloves/Cloves206.jpg,,Cloves
train,Cloves/Cloves433.jpg,,Cloves
train,Cloves/Cloves306.jpg,,Cloves
train,Cloves/Cloves372.jpg,,Cloves
train,Cloves/Cloves125.jpg,,Cloves
train,Cloves/Cloves12.jpg,,Cloves
train,Cloves/Cloves55.jpg,,Cloves
train,Cloves/Cloves199.jpg,,Cloves
train,Cloves/Cloves20.jpg,,Cloves
train,Cloves/Cloves566.jpg,,Cloves
train,Cloves/Cloves536.jpg,,Cloves
train,Cloves/Cloves818.jpg,,Cloves
train,Cloves/Cloves181.jpg,,Cloves
train,Cloves/Cloves722.jpg,,Cloves
train,Cloves/Cloves397.jpg,,Cloves
train,Cloves/Cloves659.jpg,,Cloves
train,Cloves/Cloves490.jpg,,Cloves
train,Cloves/Cloves115.jpg,,Cloves
train,Cloves/Cloves216.jpg,,Cloves
train,Cloves/Cloves232.jpg,,Cloves
train,Cloves/Cloves762.jpg,,Cloves
train,Cloves/Cloves501.jpg,,Cloves
train,Cloves/Cloves45.jpg,,Cloves
train,Cloves/Cloves690.jpg,,Cloves
train,Cloves/Cloves512.jpg,,Cloves
train,Cloves/Cloves421.jpg,,Cloves
train,Cloves/Cloves548.jpg,,Cloves
train,Cloves/Cloves270.jpg,,Cloves
train,Cloves/Cloves223.jpg,,Cloves
train,Cloves/Cloves212.jpg,,Cloves
train,Cloves/Cloves656.jpg,,Cloves
train,Cloves/Cloves473.jpg,,Cloves
train,Cloves/Cloves568.jpg,,Cloves
train,Cloves/Cloves547.jpg,,Cloves
train,Cloves/Cloves538.jpg,,Cloves
train,Cloves/Cloves243.jpg,,Cloves
train,Cloves/Cloves249.jpg,,Cloves
train,Cloves/Cloves822.jpg,,Cloves
train,Cloves/Cloves333.jpg,,Cloves
train,Cloves/Cloves102.jpg,,Cloves
train,Cloves/Cloves545.jpg,,Cloves
train,Cloves/Cloves287.jpg,,Cloves
train,Cloves/Cloves674.jpg,,Cloves
train,Cloves/Cloves603.jpg,,Cloves
train,Cloves/Cloves336.jpg,,Cloves
train,Cloves/Cloves578.jpg,,Cloves
train,Cloves/Cloves732.jpg,,Cloves
train,Cloves/Cloves458.jpg,,Cloves
train,Cloves/Cloves689.jpg,,Cloves
train,Cloves/Cloves715.jpg,,Cloves
train,Cloves/Cloves450.jpg,,Cloves
train,Cloves/Cloves310.jpg,,Cloves
train,Cloves/Cloves531.jpg,,Cloves
train,Cloves/Cloves395.jpg,,Cloves
train,Cloves/Cloves443.jpg,,Cloves
train,Cloves/Cloves488.jpg,,Cloves
train,Cloves/Cloves697.jpg,,Cloves
train,Cloves/Cloves47.jpg,,Cloves
train,Cloves/Cloves679.jpg,,Cloves
train,Cloves/Cloves757.jpg,,Cloves
train,Cloves/Cloves615.jpg,,Cloves
train,Cloves/Cloves44.jpg,,Cloves
train,Cloves/Cloves128.jpg,,Cloves
train,Cloves/Cloves497.jpg,,Cloves
train,Cloves/Cloves505.jpg,,Cloves
train,Cloves/Cloves268.jpg,,Cloves
train,Cloves/Cloves688.jpg,,Cloves
train,Cloves/Cloves532.jpg,,Cloves
train,Cloves/Cloves391.jpg,,Cloves
train,Cloves/Cloves409.jpg,,Cloves
train,Cloves/Cloves598.jpg,,Cloves
train,Cloves/Cloves765.jpg,,Cloves
train,Cloves/Cloves8.jpg,,Cloves
train,Cloves/Cloves709.jpg,,Cloves
train,Cloves/Cloves146.jpg,,Cloves
train,Cloves/Cloves315.jpg,,Cloves
train,Cloves/Cloves7.jpg,,Cloves
train,Cloves/Cloves594.jpg,,Cloves
train,Cloves/Cloves93.jpg,,Cloves
train,Cloves/Cloves19.jpg,,Cloves
train,Cloves/Cloves413.jpg,,Cloves
train,Cloves/Cloves367.jpg,,Cloves
train,Cloves/Cloves332.jpg,,Cloves
train,Cloves/Cloves319.jpg,,Cloves
train,Cloves/Cloves356.jpg,,Cloves
train,Cloves/Cloves364.jpg,,Cloves
train,Cloves/Cloves99.jpg,,Cloves
train,Cloves/Cloves293.jpg,,Cloves
train,Cloves/Cloves86.jpg,,Cloves
train,Cloves/Cloves276.jpg,,Cloves
train,Cloves/Cloves544.jpg,,Cloves
train,Cloves/Cloves410.jpg,,Cloves
train,Cloves/Cloves759.jpg,,Cloves
train,Cloves/Cloves520.jpg,,Cloves
train,Cloves/Cloves129.jpg,,Cloves
train,Cloves/Cloves302.jpg,,Cloves
train,Cloves/Cloves560.jpg,,Cloves
train,Cloves/Cloves311.jpg,,Cloves
train,Cloves/Cloves231.jpg,,Cloves
train,Cloves/Cloves378.jpg,,Cloves
train,Cloves/Cloves605.jpg,,Cloves
train,Cloves/Cloves815.jpg,,Cloves
train,Cloves/Cloves695.jpg,,Cloves
train,Cloves/Cloves680.jpg,,Cloves
train,Cloves/Cloves247.jpg,,Cloves
train,Cloves/Cloves563.jpg,,Cloves
train,Cloves/Cloves549.jpg,,Cloves
train,Cloves/Cloves612.jpg,,Cloves
train,Cloves/Cloves487.jpg,,Cloves
train,Cloves/Cloves670.jpg,,Cloves
train,Cloves/Cloves380.jpg,,Cloves
train,Cloves/Cloves353.jpg,,Cloves
train,Cloves/Cloves617.jpg,,Cloves
train,Cloves/Cloves755.jpg,,Cloves
train,Cloves/Cloves802.jpg,,Cloves
train,Cloves/Cloves374.jpg,,Cloves
train,Cloves/Cloves42.jpg,,Cloves
train,Cloves/Cloves668.jpg,,Cloves
train,Cloves/Cloves564.jpg,,Cloves
train,Cloves/Cloves266.jpg,,Cloves
train,Cloves/Cloves355.jpg,,Cloves
train,Cloves/Cloves760.jpg,,Cloves
train,Cloves/Cloves653.jpg,,Cloves
train,Cloves/Cloves24.jpg,,Cloves
train,Cloves/Cloves414.jpg,,Cloves
train,Cloves/Cloves484.jpg,,Cloves
train,Cloves/Cloves448.jpg,,Cloves
train,Cloves/Cloves105.jpg,,Cloves
train,Cloves/Cloves299.jpg,,Cloves
train,Cloves/Cloves444.jpg,,Cloves
train,Cloves/Cloves753.jpg,,Cloves
train,Cloves/Cloves539.jpg,,Cloves
train,Cloves/Cloves88.jpg,,Cloves
train,Cloves/Cloves665.jpg,,Cloves
train,Cloves/Cloves494.jpg,,Cloves
train,Cloves/Cloves331.jpg,,Cloves
train,Cloves/Cloves460.jpg,,Cloves
train,Cloves/Cloves111.jpg,,Cloves
train,Cloves/Cloves620.jpg,,Cloves
train,Cloves/Cloves218.jpg,,Cloves
train,Cloves/Cloves607.jpg,,Cloves
train,Cloves/Cloves657.jpg,,Cloves
train,Cloves/Cloves148.jpg,,Cloves
train,Cloves/Cloves827.jpg,,Cloves
train,Cloves/Cloves142.jpg,,Cloves
train,Cloves/Cloves390.jpg,,Cloves
train,Cloves/Cloves658.jpg,,Cloves
train,Cloves/Cloves682.jpg,,Cloves
train,Cloves/Cloves455.jpg,,Cloves
train,Cloves/Cloves772.jpg,,Cloves
train,Cloves/Cloves587.jpg,,Cloves
train,Cloves/Cloves608.jpg,,Cloves
train,Cloves/Cloves751.jpg,,Cloves
train,Cloves/Cloves713.jpg,,Cloves
train,Cloves/Cloves151.jpg,,Cloves
train,Cloves/Cloves482.jpg,,Cloves
train,Cloves/Cloves431.jpg,,Cloves
train,Cloves/Cloves637.jpg,,Cloves
train,Cloves/Cloves163.jpg,,Cloves
train,Cloves/Cloves779.jpg,,Cloves
train,Cloves/Cloves627.jpg,,Cloves
train,Cloves/Cloves648.jpg,,Cloves
train,Cloves/Cloves467.jpg,,Cloves
train,Cloves/Cloves507.jpg,,Cloves
train,Cloves/Cloves160.jpg,,Cloves
train,Cloves/Cloves685.jpg,,Cloves
train,Cloves/Cloves654.jpg,,Cloves
train,Cloves/Cloves153.jpg,,Cloves
train,Cloves/Cloves514.jpg,,Cloves
train,Cloves/Cloves691.jpg,,Cloves
train,Cloves/Cloves683.jpg,,Cloves
train,Cloves/Cloves652.jpg,,Cloves
train,Cloves/Cloves704.jpg,,Cloves
train,Cloves/Cloves745.jpg,,Cloves
train,Cloves/Cloves729.jpg,,Cloves
train,Cloves/Cloves94.jpg,,Cloves
train,Cloves/Cloves241.jpg,,Cloves
train,Cloves/Cloves87.jpg,,Cloves
train,Cloves/Cloves33.jpg,,Cloves
train,Cloves/Cloves366.jpg,,Cloves
train,Cloves/Cloves750.jpg,,Cloves
train,Cloves/Cloves74.jpg,,Cloves
train,Cloves/Cloves530.jpg,,Cloves
train,Cloves/Cloves239.jpg,,Cloves
train,Cloves/Cloves230.jpg,,Cloves
train,Cloves/Cloves677.jpg,,Cloves
train,Cloves/Cloves97.jpg,,Cloves
train,Cloves/Cloves335.jpg,,Cloves
train,Cloves/Cloves16.jpg,,Cloves
train,Cloves/Cloves387.jpg,,Cloves
train,Cloves/Cloves711.jpg,,Cloves
train,Cloves/Cloves535.jpg,,Cloves
train,Cloves/Cloves165.jpg,,Cloves
train,Cloves/Cloves308.jpg,,Cloves
train,Cloves/Cloves295.jpg,,Cloves
train,Cloves/Cloves279.jpg,,Cloves
train,Cloves/Cloves406.jpg,,Cloves
train,Cloves/Cloves398.jpg,,Cloves
train,Cloves/Cloves402.jpg,,Cloves
train,Cloves/Cloves274.jpg,,Cloves
train,Cloves/Cloves385.jpg,,Cloves
train,Cloves/Cloves666.jpg,,Cloves
train,Cloves/Cloves814.jpg,,Cloves
train,Cloves/Cloves432.jpg,,Cloves
train,Cloves/Cloves428.jpg,,Cloves
train,Cloves/Cloves733.jpg,,Cloves
train,Cloves/Cloves669.jpg,,Cloves
train,Cloves/Cloves465.jpg,,Cloves
train,Cloves/Cloves824.jpg,,Cloves
train,Cloves/Cloves723.jpg,,Cloves
train,Cloves/Cloves714.jpg,,Cloves
train,Cloves/Cloves694.jpg,,Cloves
train,Cloves/Cloves449.jpg,,Cloves
train,Cloves/Cloves401.jpg,,Cloves
train,Cloves/Cloves101.jpg,,Cloves
train,Cloves/Cloves613.jpg,,Cloves
train,Cloves/Cloves754.jpg,,Cloves
train,Cloves/Cloves204.jpg,,Cloves
train,Cloves/Cloves794.jpg,,Cloves
train,Cloves/Cloves768.jpg,,Cloves
train,Cloves/Cloves624.jpg,,Cloves
train,Cloves/Cloves440.jpg,,Cloves
train,Cloves/Cloves226.jpg,,Cloves
train,Cloves/Cloves190.jpg,,Cloves
train,Cloves/Cloves227.jpg,,Cloves
train,Cloves/Cloves189.jpg,,Cloves
train,Cloves/Cloves369.jpg,,Cloves
train,Cloves/Cloves681.jpg,,Cloves
train,Cloves/Cloves285.jpg,,Cloves
train,Cloves/Cloves31.jpg,,Cloves
train,Cloves/Cloves589.jpg,,Cloves
train,Cloves/Cloves801.jpg,,Cloves
train,Cloves/Cloves172.jpg,,Cloves
train,Cloves/Cloves80.jpg,,Cloves
train,Cloves/Cloves640.jpg,,Cloves
train,Cloves/Cloves291.jpg,,Cloves
train,Cloves/Cloves340.jpg,,Cloves
train,Cloves/Cloves555.jpg,,Cloves
train,Cloves/Cloves417.jpg,,Cloves
train,Cloves/Cloves345.jpg,,Cloves
train,Cloves/Cloves294.jpg,,Cloves
train,Cloves/Cloves118.jpg,,Cloves
train,Cloves/Cloves157.jpg,,Cloves
train,Cloves/Cloves188.jpg,,Cloves
train,Cloves/Cloves693.jpg,,Cloves
train,Cloves/Cloves61.jpg,,Cloves
train,Cloves/Cloves781.jpg,,Cloves
train,Cloves/Cloves785.jpg,,Cloves
train,Cloves/Cloves728.jpg,,Cloves
train,Cloves/Cloves543.jpg,,Cloves
train,Cloves/Cloves337.jpg,,Cloves
train,Cloves/Cloves330.jpg,,Cloves
train,Cloves/Cloves809.jpg,,Cloves
train,Cloves/Cloves53.jpg,,Cloves
train,Cloves/Cloves135.jpg,,Cloves
train,Cloves/Cloves792.jpg,,Cloves
train,Cloves/Cloves610.jpg,,Cloves
train,Cloves/Cloves83.jpg,,Cloves
train,Cloves/Cloves730.jpg,,Cloves
train,Cloves/Cloves346.jpg,,Cloves
train,Cloves/Cloves453.jpg,,Cloves
train,Cloves/Cloves736.jpg,,Cloves
train,Cloves/Cloves667.jpg,,Cloves
train,Cloves/Cloves361.jpg,,Cloves
train,Cloves/Cloves41.jpg,,Cloves
train,Cloves/Cloves203.jpg,,Cloves
train,Cloves/Cloves749.jpg,,Cloves
train,Cloves/Cloves78.jpg,,Cloves
train,Cloves/Cloves778.jpg,,Cloves
train,Cloves/Cloves647.jpg,,Cloves
train,Cloves/Cloves69.jpg,,Cloves
train,Cloves/Cloves169.jpg,,Cloves
train,Cloves/Cloves664.jpg,,Cloves
train,Cloves/Cloves359.jpg,,Cloves
train,Cloves/Cloves222.jpg,,Cloves
train,Cloves/Cloves89.jpg,,Cloves
train,Cloves/Cloves706.jpg,,Cloves
train,Cloves/Cloves742.jpg,,Cloves
train,Cloves/Cloves301.jpg,,Cloves
train,Cloves/Cloves22.jpg,,Cloves
train,Cloves/Cloves643.jpg,,Cloves
train,Cloves/Cloves468.jpg,,Cloves
train,Cloves/Cloves725.jpg,,Cloves
train,Cloves/Cloves424.jpg,,Cloves
train,Cloves/Cloves275.jpg,,Cloves
train,Cloves/Cloves27.jpg,,Cloves
train,Cloves/Cloves639.jpg,,Cloves
train,Cloves/Cloves278.jpg,,Cloves
train,Cloves/Cloves70.jpg,,Cloves
train,Cloves/Cloves140.jpg,,Cloves
train,Cloves/Cloves471.jpg,,Cloves
train,Cloves/Cloves797.jpg,,Cloves
train,Cloves/Cloves316.jpg,,Cloves
train,Cloves/Cloves282.jpg,,Cloves
train,Cloves/Cloves503.jpg,,Cloves
train,Cloves/Cloves59.jpg,,Cloves
train,Cloves/Cloves770.jpg,,Cloves
train,Cloves/Cloves676.jpg,,Cloves
train,Cloves/Cloves233.jpg,,Cloves
train,Cloves/Cloves459.jpg,,Cloves
train,Cloves/Cloves412.jpg,,Cloves
train,Cloves/Cloves110.jpg,,Cloves
train,Cloves/Cloves407.jpg,,Cloves
train,Cloves/Cloves614.jpg,,Cloves
train,Cloves/Cloves445.jpg,,Cloves
train,Cloves/Cloves376.jpg,,Cloves
train,Cloves/Cloves388.jpg,,Cloves
train,Cloves/Cloves493.jpg,,Cloves
train,Cloves/Cloves724.jpg,,Cloves
train,Cloves/Cloves296.jpg,,Cloves
train,Cloves/Cloves737.jpg,,Cloves
train,Cloves/Cloves595.jpg,,Cloves
train,Cloves/Cloves721.jpg,,Cloves
train,Cloves/Cloves817.jpg,,Cloves
train,Cloves/Cloves618.jpg,,Cloves
train,Cloves/Cloves710.jpg,,Cloves
train,Cloves/Cloves362.jpg,,Cloves
train,Cloves/Cloves280.jpg,,Cloves
train,Cloves/Cloves121.jpg,,Cloves
train,Cloves/Cloves143.jpg,,Cloves
train,Cloves/Cloves478.jpg,,Cloves
train,Cloves/Cloves62.jpg,,Cloves
train,Cloves/Cloves229.jpg,,Cloves
train,Cloves/Cloves403.jpg,,Cloves
train,Cloves/Cloves466.jpg,,Cloves
train,Cloves/Cloves596.jpg,,Cloves
train,Cloves/Cloves354.jpg,,Cloves
train,Cloves/Cloves288.jpg,,Cloves
train,Cloves/Cloves717.jpg,,Cloves
train,Cloves/Cloves806.jpg,,Cloves
train,Cloves/Cloves480.jpg,,Cloves
train,Cloves/Cloves735.jpg,,Cloves
train,Cloves/Cloves123.jpg,,Cloves
train,Cloves/Cloves523.jpg,,Cloves
train,Cloves/Cloves3.jpg,,Cloves
train,Cloves/Cloves379.jpg,,Cloves
train,Cloves/Cloves175.jpg,,Cloves
train,Cloves/Cloves702.jpg,,Cloves
train,Cloves/Cloves675.jpg,,Cloves
train,Cloves/Cloves112.jpg,,Cloves
train,Cloves/Cloves321.jpg,,Cloves
train,Cloves/Cloves511.jpg,,Cloves
train,Cloves/Cloves373.jpg,,Cloves
train,Cloves/Cloves255.jpg,,Cloves
train,Cloves/Cloves77.jpg,,Cloves
train,Cloves/Cloves351.jpg,,Cloves
train,Cloves/Cloves716.jpg,,Cloves
train,Cloves/Cloves173.jpg,,Cloves
train,Cloves/Cloves447.jpg,,Cloves
train,Cloves/Cloves178.jpg,,Cloves
train,Cloves/Cloves257.jpg,,Cloves
train,Cloves/Cloves752.jpg,,Cloves
train,Cloves/Cloves788.jpg,,Cloves
train,Cloves/Cloves651.jpg,,Cloves
train,Cloves/Cloves476.jpg,,Cloves
train,Cloves/Cloves108.jpg,,Cloves
train,Cloves/Cloves500.jpg,,Cloves
train,Cloves/Cloves114.jpg,,Cloves
train,Cloves/Cloves533.jpg,,Cloves
train,Cloves/Cloves307.jpg,,Cloves
train,Cloves/Cloves174.jpg,,Cloves
train,Cloves/Cloves202.jpg,,Cloves
train,Cloves/Cloves415.jpg,,Cloves
train,Cloves/Cloves4.jpg,,Cloves
train,Cloves/Cloves365.jpg,,Cloves
train,Cloves/Cloves32.jpg,,Cloves
train,Cloves/Cloves767.jpg,,Cloves
train,Cloves/Cloves57.jpg,,Cloves
train,Cloves/Cloves350.jpg,,Cloves
train,Cloves/Cloves510.jpg,,Cloves
train,Cloves/Cloves504.jpg,,Cloves
train,Cloves/Cloves326.jpg,,Cloves
train,Cloves/Cloves29.jpg,,Cloves
train,Cloves/Cloves506.jpg,,Cloves
train,Cloves/Cloves292.jpg,,Cloves
train,Cloves/Cloves502.jpg,,Cloves
train,Cloves/Cloves561.jpg,,Cloves
train,Cloves/Cloves277.jpg,,Cloves
train,Cloves/Cloves744.jpg,,Cloves
train,Cloves/Cloves498.jpg,,Cloves
train,Cloves/Cloves813.jpg,,Cloves
train,Cloves/Cloves149.jpg,,Cloves
train,Cloves/Cloves646.jpg,,Cloves
train,Cloves/Cloves567.jpg,,Cloves
train,Cloves/Cloves13.jpg,,Cloves
train,Cloves/Cloves741.jpg,,Cloves
train,Cloves/Cloves213.jpg,,Cloves
train,Cloves/Cloves196.jpg,,Cloves
train,Cloves/Cloves220.jpg,,Cloves
train,Cloves/Cloves103.jpg,,Cloves
train,Cloves/Cloves771.jpg,,Cloves
train,Cloves/Cloves253.jpg,,Cloves
train,Cloves/Cloves631.jpg,,Cloves
train,Cloves/Cloves485.jpg,,Cloves
train,Cloves/Cloves738.jpg,,Cloves
train,Cloves/Cloves684.jpg,,Cloves
train,Cloves/Cloves799.jpg,,Cloves
train,Cloves/Cloves574.jpg,,Cloves
train,Cloves/Cloves176.jpg,,Cloves
train,Cloves/Cloves585.jpg,,Cloves
train,Cloves/Cloves577.jpg,,Cloves
train,Cloves/Cloves208.jpg,,Cloves
train,Cloves/Cloves134.jpg,,Cloves
train,Cloves/Cloves649.jpg,,Cloves
train,Cloves/Cloves558.jpg,,Cloves
train,Cloves/Cloves811.jpg,,Cloves
train,Cloves/Cloves671.jpg,,Cloves
train,Cloves/Cloves773.jpg,,Cloves
train,Cloves/Cloves803.jpg,,Cloves
train,Cloves/Cloves761.jpg,,Cloves
train,Cloves/Cloves200.jpg,,Cloves
train,Cloves/Cloves381.jpg,,Cloves
train,Cloves/Cloves663.jpg,,Cloves
train,Cloves/Cloves517.jpg,,Cloves
train,Cloves/Cloves377.jpg,,Cloves
train,Cloves/Cloves672.jpg,,Cloves
train,Cloves/Cloves113.jpg,,Cloves
train,Cloves/Cloves360.jpg,,Cloves
train,Cloves/Cloves454.jpg,,Cloves
train,Cloves/Cloves491.jpg,,Cloves
train,Cloves/Cloves75.jpg,,Cloves
train,Cloves/Cloves363.jpg,,Cloves
train,Cloves/Cloves422.jpg,,Cloves
train,Cloves/Cloves616.jpg,,Cloves
train,Cloves/Cloves435.jpg,,Cloves
train,Cloves/Cloves550.jpg,,Cloves
train,Cloves/Cloves821.jpg,,Cloves
train,Cloves/Cloves234.jpg,,Cloves
train,Cloves/Cloves6.jpg,,Cloves
train,Cloves/Cloves437.jpg,,Cloves
train,Cloves/Cloves240.jpg,,Cloves
train,Cloves/Cloves273.jpg,,Cloves
train,Cloves/Cloves662.jpg,,Cloves
train,Cloves/Cloves475.jpg,,Cloves
train,Cloves/Cloves370.jpg,,Cloves
train,Cloves/Cloves405.jpg,,Cloves
train,Cloves/Cloves201.jpg,,Cloves
train,Cloves/Cloves263.jpg,,Cloves
train,Cloves/Cloves787.jpg,,Cloves
train,Cloves/Cloves556.jpg,,Cloves
train,Cloves/Cloves509.jpg,,Cloves
train,Cloves/Cloves95.jpg,,Cloves
train,Cloves/Cloves590.jpg,,Cloves
train,Cloves/Cloves625.jpg,,Cloves
train,Cloves/Cloves661.jpg,,Cloves
train,Cloves/Cloves245.jpg,,Cloves
train,Cloves/Cloves399.jpg,,Cloves
train,Cloves/Cloves323.jpg,,Cloves
train,Cloves/Cloves780.jpg,,Cloves
train,Cloves/Cloves67.jpg,,Cloves
train,Cloves/Cloves30.jpg,,Cloves
train,Cloves/Cloves436.jpg,,Cloves
train,Cloves/Cloves171.jpg,,Cloves
train,Cloves/Cloves161.jpg,,Cloves
train,Cloves/Cloves604.jpg,,Cloves
train,Cloves/Cloves747.jpg,,Cloves
train,Cloves/Cloves633.jpg,,Cloves
train,Cloves/Cloves718.jpg,,Cloves
train,Cloves/Cloves542.jpg,,Cloves
train,Cloves/Cloves641.jpg,,Cloves
train,Cloves/Cloves696.jpg,,Cloves
train,Cloves/Cloves600.jpg,,Cloves
train,Cloves/Cloves623.jpg,,Cloves
train,Cloves/Cloves132.jpg,,Cloves
train,Cloves/Cloves267.jpg,,Cloves
train,Cloves/Cloves496.jpg,,Cloves
train,Cloves/Cloves92.jpg,,Cloves
train,Cloves/Cloves49.jpg,,Cloves
train,Cloves/Cloves812.jpg,,Cloves
train,Cloves/Cloves456.jpg,,Cloves
train,Cloves/Cloves164.jpg,,Cloves
train,Cloves/Cloves63.jpg,,Cloves
train,Cloves/Cloves571.jpg,,Cloves
train,Cloves/Cloves37.jpg,,Cloves
train,Cloves/Cloves167.jpg,,Cloves
train,Cloves/Cloves98.jpg,,Cloves
train,Cloves/Cloves591.jpg,,Cloves
train,Cloves/Cloves248.jpg,,Cloves
train,Cloves/Cloves5.jpg,,Cloves
train,Cloves/Cloves489.jpg,,Cloves
train,Cloves/Cloves65.jpg,,Cloves
train,Cloves/Cloves522.jpg,,Cloves
train,Cloves/Cloves180.jpg,,Cloves
train,Cloves/Cloves573.jpg,,Cloves
train,Cloves/Cloves256.jpg,,Cloves
train,Cloves/Cloves642.jpg,,Cloves
train,Cloves/Cloves470.jpg,,Cloves
train,Cloves/Cloves192.jpg,,Cloves
train,Cloves/Cloves734.jpg,,Cloves
train,Cloves/Cloves774.jpg,,Cloves
train,Cloves/Cloves251.jpg,,Cloves
train,Cloves/Cloves1.jpg,,Cloves
train,Cloves/Cloves54.jpg,,Cloves
train,Cloves/Cloves117.jpg,,Cloves
train,Cloves/Cloves58.jpg,,Cloves
train,Cloves/Cloves586.jpg,,Cloves
train,Cloves/Cloves580.jpg,,Cloves
train,Cloves/Cloves68.jpg,,Cloves
train,Cloves/Cloves133.jpg,,Cloves
train,Cloves/Cloves551.jpg,,Cloves
train,Cloves/Cloves260.jpg,,Cloves
train,Cloves/Cloves384.jpg,,Cloves
train,Cloves/Cloves553.jpg,,Cloves
train,Cloves/Cloves272.jpg,,Cloves
train,Cloves/Cloves727.jpg,,Cloves
train,Cloves/Cloves423.jpg,,Cloves
train,Cloves/Cloves124.jpg,,Cloves
train,Cloves/Cloves601.jpg,,Cloves
train,Cloves/Cloves701.jpg,,Cloves
train,Cloves/Cloves707.jpg,,Cloves
train,Cloves/Cloves261.jpg,,Cloves
train,Cloves/Cloves259.jpg,,Cloves
train,Cloves/Cloves426.jpg,,Cloves
train,Cloves/Cloves597.jpg,,Cloves
train,Cloves/Cloves592.jpg,,Cloves
train,Cloves/Cloves150.jpg,,Cloves
train,Cloves/Cloves344.jpg,,Cloves
train,Cloves/Cloves320.jpg,,Cloves
train,Cloves/Cloves327.jpg,,Cloves
train,Cloves/Cloves191.jpg,,Cloves
train,Cloves/Cloves246.jpg,,Cloves
train,Cloves/Cloves743.jpg,,Cloves
train,Cloves/Cloves740.jpg,,Cloves
train,Cloves/Cloves731.jpg,,Cloves
train,Cloves/Cloves795.jpg,,Cloves
train,Cloves/Cloves152.jpg,,Cloves
train,Cloves/Cloves358.jpg,,Cloves
train,Cloves/Cloves629.jpg,,Cloves
train,Cloves/Cloves300.jpg,,Cloves
train,Cloves/Cloves393.jpg,,Cloves
train,Cloves/Cloves122.jpg,,Cloves
train,Cloves/Cloves265.jpg,,Cloves
train,Cloves/Cloves348.jpg,,Cloves
train,Cloves/Cloves457.jpg,,Cloves
train,Cloves/Cloves784.jpg,,Cloves
train,Cloves/Cloves84.jpg,,Cloves
train,Cloves/Cloves416.jpg,,Cloves
train,Cloves/Cloves546.jpg,,Cloves
train,Cloves/Cloves541.jpg,,Cloves
train,Cloves/Cloves43.jpg,,Cloves
train,Cloves/Cloves632.jpg,,Cloves
train,Cloves/Cloves116.jpg,,Cloves
train,Cloves/Cloves60.jpg,,Cloves
train,Cloves/Cloves66.jpg,,Cloves
train,Cloves/Cloves584.jpg,,Cloves
train,Cloves/Cloves283.jpg,,Cloves
train,Cloves/Cloves73.jpg,,Cloves
train,Cloves/Cloves225.jpg,,Cloves
train,Cloves/Cloves793.jpg,,Cloves
train,Cloves/Cloves810.jpg,,Cloves
train,Cloves/Cloves18.jpg,,Cloves
train,Cloves/Cloves155.jpg,,Cloves
train,Cloves/Cloves540.jpg,,Cloves
train,Cloves/Cloves660.jpg,,Cloves
train,Cloves/Cloves479.jpg,,Cloves
train,Cloves/Cloves559.jpg,,Cloves
train,Cloves/Cloves371.jpg,,Cloves
train,Cloves/Cloves748.jpg,,Cloves
train,Cloves/Cloves130.jpg,,Cloves
train,Cloves/Cloves236.jpg,,Cloves
train,Cloves/Cloves51.jpg,,Cloves
train,Cloves/Cloves726.jpg,,Cloves
train,Cloves/Cloves352.jpg,,Cloves
train,Cloves/Cloves271.jpg,,Cloves
train,Cloves/Cloves297.jpg,,Cloves
train,Cloves/Cloves425.jpg,,Cloves
train,Cloves/Cloves258.jpg,,Cloves
train,Cloves/Cloves492.jpg,,Cloves
train,Cloves/Cloves451.jpg,,Cloves
train,Cloves/Cloves826.jpg,,Cloves
train,Cloves/Cloves816.jpg,,Cloves
train,Cloves/Cloves463.jpg,,Cloves
train,Cloves/Cloves499.jpg,,Cloves
train,Cloves/Cloves805.jpg,,Cloves
train,Cloves/Cloves254.jpg,,Cloves
train,Cloves/Cloves145.jpg,,Cloves
train,Cloves/Cloves524.jpg,,Cloves
train,Cloves/Cloves138.jpg,,Cloves
train,Cloves/Cloves211.jpg,,Cloves
train,Cloves/Cloves404.jpg,,Cloves
train,Cloves/Cloves184.jpg,,Cloves
train,Cloves/Cloves217.jpg,,Cloves
train,Cloves/Cloves508.jpg,,Cloves
train,Cloves/Cloves650.jpg,,Cloves
train,Cloves/Cloves159.jpg,,Cloves
train,Cloves/Cloves119.jpg,,Cloves
train,Cloves/Cloves699.jpg,,Cloves
train,Cloves/Cloves90.jpg,,Cloves
train,Cloves/Cloves64.jpg,,Cloves
train,Cloves/Cloves636.jpg,,Cloves
train,Cloves/Cloves719.jpg,,Cloves
train,Cloves/Cloves804.jpg,,Cloves
train,Cloves/Cloves769.jpg,,Cloves
train,Cloves/Cloves281.jpg,,Cloves
train,Cloves/Cloves708.jpg,,Cloves
train,Cloves/Cloves303.jpg,,Cloves
train,Cloves/Cloves71.jpg,,Cloves
train,Cloves/Cloves798.jpg,,Cloves
train,Cloves/Cloves210.jpg,,Cloves
train,Cloves/Cloves228.jpg,,Cloves
train,Cloves/Cloves193.jpg,,Cloves
train,Cloves/Cloves525.jpg,,Cloves
train,Cloves/Cloves186.jpg,,Cloves
train,Cloves/Cloves329.jpg,,Cloves
train,Cloves/Cloves606.jpg,,Cloves
train,Cloves/Cloves611.jpg,,Cloves
train,Cloves/Cloves700.jpg,,Cloves
train,Cloves/Cloves472.jpg,,Cloves
train,Cloves/Cloves127.jpg,,Cloves
train,Cloves/Cloves26.jpg,,Cloves
train,Cloves/Cloves339.jpg,,Cloves
train,Cloves/Cloves375.jpg,,Cloves
train,Cloves/Cloves144.jpg,,Cloves
train,Cloves/Cloves572.jpg,,Cloves
train,Cloves/Cloves464.jpg,,Cloves
train,Cloves/Cloves427.jpg,,Cloves
train,Cloves/Cloves783.jpg,,Cloves
train,Cloves/Cloves183.jpg,,Cloves
train,Cloves/Cloves235.jpg,,Cloves
train,Cloves/Cloves91.jpg,,Cloves
train,Cloves/Cloves298.jpg,,Cloves
train,Cloves/Cloves136.jpg,,Cloves
train,Cloves/Cloves655.jpg,,Cloves
train,Cloves/Cloves82.jpg,,Cloves
train,Cloves/Cloves808.jpg,,Cloves
train,Cloves/Cloves182.jpg,,Cloves
train,Cloves/Cloves776.jpg,,Cloves
train,Cloves/Cloves343.jpg,,Cloves
train,Cloves/Cloves526.jpg,,Cloves
train,Cloves/Cloves383.jpg,,Cloves
train,Cloves/Cloves515.jpg,,Cloves
train,Cloves/Cloves290.jpg,,Cloves
train,Cloves/Cloves429.jpg,,Cloves
train,Cloves/Cloves593.jpg,,Cloves
train,Cloves/Cloves21.jpg,,Cloves
train,Cloves/Cloves474.jpg,,Cloves
train,Cloves/Cloves389.jpg,,Cloves
train,Cloves/Cloves529.jpg,,Cloves
train,Cloves/Cloves513.jpg,,Cloves
train,Cloves/Cloves250.jpg,,Cloves
train,Cloves/Cloves197.jpg,,Cloves
train,Cloves/Cloves242.jpg,,Cloves
val,Cloves/Cloves2.jpg,,Cloves
val,Cloves/Cloves638.jpg,,Cloves
val,Cloves/Cloves224.jpg,,Cloves
val,Cloves/Cloves286.jpg,,Cloves
val,Cloves/Cloves712.jpg,,Cloves
val,Cloves/Cloves314.jpg,,Cloves
val,Cloves/Cloves823.jpg,,Cloves
val,Cloves/Cloves516.jpg,,Cloves
val,Cloves/Cloves392.jpg,,Cloves
val,Cloves/Cloves40.jpg,,Cloves
val,Cloves/Cloves461.jpg,,Cloves
val,Cloves/Cloves39.jpg,,Cloves
val,Cloves/Cloves34.jpg,,Cloves
val,Cloves/Cloves789.jpg,,Cloves
val,Cloves/Cloves317.jpg,,Cloves
val,Cloves/Cloves219.jpg,,Cloves
val,Cloves/Cloves50.jpg,,Cloves
val,Cloves/Cloves156.jpg,,Cloves
val,Cloves/Cloves622.jpg,,Cloves
val,Cloves/Cloves645.jpg,,Cloves
val,Cloves/Cloves168.jpg,,Cloves
val,Cloves/Cloves462.jpg,,Cloves
val,Cloves/Cloves687.jpg,,Cloves
val,Cloves/Cloves221.jpg,,Cloves
val,Cloves/Cloves565.jpg,,Cloves
val,Cloves/Cloves187.jpg,,Cloves
val,Cloves/Cloves634.jpg,,Cloves
val,Cloves/Cloves177.jpg,,Cloves
val,Cloves/Cloves521.jpg,,Cloves
val,Cloves/Cloves777.jpg,,Cloves
val,Cloves/Cloves48.jpg,,Cloves
val,Cloves/Cloves579.jpg,,Cloves
val,Cloves/Cloves312.jpg,,Cloves
val,Cloves/Cloves139.jpg,,Cloves
val,Cloves/Cloves185.jpg,,Cloves
val,Cloves/Cloves357.jpg,,Cloves
val,Cloves/Cloves23.jpg,,Cloves
val,Cloves/Cloves154.jpg,,Cloves
val,Cloves/Cloves552.jpg,,Cloves
val,Cloves/Cloves786.jpg,,Cloves
val,Cloves/Cloves318.jpg,,Cloves
val,Cloves/Cloves588.jpg,,Cloves
val,Cloves/Cloves289.jpg,,Cloves
val,Cloves/Cloves195.jpg,,Cloves
val,Cloves/Cloves382.jpg,,Cloves
val,Cloves/Cloves446.jpg,,Cloves
val,Cloves/Cloves705.jpg,,Cloves
val,Cloves/Cloves10.jpg,,Cloves
val,Cloves/Cloves825.jpg,,Cloves
val,Cloves/Cloves107.jpg,,Cloves
val,Cloves/Cloves739.jpg,,Cloves
val,Cloves/Cloves686.jpg,,Cloves
val,Cloves/Cloves418.jpg,,Cloves
val,Cloves/Cloves599.jpg,,Cloves
val,Cloves/Cloves313.jpg,,Cloves
val,Cloves/Cloves120.jpg,,Cloves
val,Cloves/Cloves477.jpg,,Cloves
val,Cloves/Cloves104.jpg,,Cloves
val,Cloves/Cloves238.jpg,,Cloves
val,Cloves/Cloves325.jpg,,Cloves
val,Cloves/Cloves602.jpg,,Cloves
val,Cloves/Cloves28.jpg,,Cloves
val,Cloves/Cloves554.jpg,,Cloves
val,Cloves/Cloves644.jpg,,Cloves
val,Cloves/Cloves76.jpg,,Cloves
val,Cloves/Cloves527.jpg,,Cloves
val,Cloves/Cloves322.jpg,,Cloves
val,Cloves/Cloves673.jpg,,Cloves
val,Cloves/Cloves38.jpg,,Cloves
val,Cloves/Cloves619.jpg,,Cloves
val,Cloves/Cloves368.jpg,,Cloves
val,Cloves/Cloves284.jpg,,Cloves
val,Cloves/Cloves439.jpg,,Cloves
val,Cloves/Cloves106.jpg,,Cloves
val,Cloves/Cloves52.jpg,,Cloves
val,Cloves/Cloves79.jpg,,Cloves
val,Cloves/Cloves179.jpg,,Cloves
val,Cloves/Cloves400.jpg,,Cloves
val,Cloves/Cloves386.jpg,,Cloves
val,Cloves/Cloves36.jpg,,Cloves
val,Cloves/Cloves528.jpg,,Cloves
val,Cloves/Cloves162.jpg,,Cloves
test,Cloves/Cloves469.jpg,,Cloves
test,Cloves/Cloves796.jpg,,Cloves
test,Cloves/Cloves575.jpg,,Cloves
test,Cloves/Cloves304.jpg,,Cloves
test,Cloves/Cloves791.jpg,,Cloves
test,Cloves/Cloves147.jpg,,Cloves
test,Cloves/Cloves72.jpg,,Cloves
test,Cloves/Cloves562.jpg,,Cloves
test,Cloves/Cloves209.jpg,,Cloves
test,Cloves/Cloves442.jpg,,Cloves
test,Cloves/Cloves626.jpg,,Cloves
test,Cloves/Cloves170.jpg,,Cloves
test,Cloves/Cloves349.jpg,,Cloves
test,Cloves/Cloves394.jpg,,Cloves
test,Cloves/Cloves763.jpg,,Cloves
test,Cloves/Cloves483.jpg,,Cloves
test,Cloves/Cloves328.jpg,,Cloves
test,Cloves/Cloves396.jpg,,Cloves
test,Cloves/Cloves305.jpg,,Cloves
test,Cloves/Cloves486.jpg,,Cloves
test,Cloves/Cloves703.jpg,,Cloves
test,Cloves/Cloves800.jpg,,Cloves
test,Cloves/Cloves758.jpg,,Cloves
test,Cloves/Cloves609.jpg,,Cloves
test,Cloves/Cloves131.jpg,,Cloves
test,Cloves/Cloves264.jpg,,Cloves
test,Cloves/Cloves237.jpg,,Cloves
test,Cloves/Cloves452.jpg,,Cloves
test,Cloves/Cloves434.jpg,,Cloves
test,Cloves/Cloves534.jpg,,Cloves
test,Cloves/Cloves141.jpg,,Cloves
test,Cloves/Cloves324.jpg,,Cloves
test,Cloves/Cloves11.jpg,,Cloves
test,Cloves/Cloves14.jpg,,Cloves
test,Cloves/Cloves100.jpg,,Cloves
test,Cloves/Cloves569.jpg,,Cloves
test,Cloves/Cloves782.jpg,,Cloves
test,Cloves/Cloves309.jpg,,Cloves
test,Cloves/Cloves205.jpg,,Cloves
test,Cloves/Cloves766.jpg,,Cloves
test,Cloves/Cloves720.jpg,,Cloves
test,Cloves/Cloves628.jpg,,Cloves
test,Cloves/Cloves194.jpg,,Cloves
test,Cloves/Cloves334.jpg,,Cloves
test,Cloves/Cloves244.jpg,,Cloves
test,Cloves/Cloves438.jpg,,Cloves
test,Cloves/Cloves9.jpg,,Cloves
test,Cloves/Cloves621.jpg,,Cloves
test,Cloves/Cloves56.jpg,,Cloves
test,Cloves/Cloves15.jpg,,Cloves
test,Cloves/Cloves430.jpg,,Cloves
test,Cloves/Cloves570.jpg,,Cloves
test,Cloves/Cloves519.jpg,,Cloves
test,Cloves/Cloves96.jpg,,Cloves
test,Cloves/Cloves17.jpg,,Cloves
test,Cloves/Cloves678.jpg,,Cloves
test,Cloves/Cloves630.jpg,,Cloves
test,Cloves/Cloves756.jpg,,Cloves
test,Cloves/Cloves341.jpg,,Cloves
test,Cloves/Cloves158.jpg,,Cloves
test,Cloves/Cloves582.jpg,,Cloves
test,Cloves/Cloves35.jpg,,Cloves
test,Cloves/Cloves495.jpg,,Cloves
test,Cloves/Cloves408.jpg,,Cloves
test,Cloves/Cloves126.jpg,,Cloves
test,Cloves/Cloves81.jpg,,Cloves
test,Cloves/Cloves207.jpg,,Cloves
test,Cloves/Cloves775.jpg,,Cloves
test,Cloves/Cloves347.jpg,,Cloves
test,Cloves/Cloves819.jpg,,Cloves
test,Cloves/Cloves790.jpg,,Cloves
test,Cloves/Cloves215.jpg,,Cloves
test,Cloves/Cloves441.jpg,,Cloves
test,Cloves/Cloves252.jpg,,Cloves
test,Cloves/Cloves338.jpg,,Cloves
test,Cloves/Cloves764.jpg,,Cloves
test,Cloves/Cloves820.jpg,,Cloves
test,Cloves/Cloves576.jpg,,Cloves
test,Cloves/Cloves581.jpg,,Cloves
test,Cloves/Cloves419.jpg,,Cloves
test,Cloves/Cloves557.jpg,,Cloves
test,Cloves/Cloves25.jpg,,Cloves
test,Cloves/Cloves109.jpg,,Cloves
test,Cloves/Cloves746.jpg,,Cloves
train,Coriander Seeds/CorianderSeeds304.jpg,,Coriander Seeds
train,Coriander Seeds/CorianderSeeds230.jpg,,Coriander Seeds
train,Coriander Seeds/CorianderSeeds66.jpg,,Coriander Seeds
train,Coriander Seeds/CorianderSeeds63.jpg,,Coriander Seeds
train,Coriander Seeds/CorianderSeeds227.jpg,,Coriander Seeds
train,Coriander Seeds/CorianderSeeds223.jpg,,Coriander Seeds
train,Coriander Seeds/CorianderSeeds68.jpg,,Coriander Seeds
train,Coriander Seeds/CorianderSeeds214.jpg,,Coriander Seeds
train,Coriander Seeds/CorianderSeeds27.jpg,,Coriander Seeds
train,Coriander Seeds/CorianderSeeds245.jpg,,Coriander Seeds
train,Coriander Seeds/CorianderSeeds81.jpg,,Coriander Seeds
train,Coriander Seeds/CorianderSeeds199.jpg,,Coriander Seeds
train,Coriander Seeds/CorianderSeeds222.jpg,,Coriander Seeds
train,Coriander Seeds/CorianderSeeds329.jpg,,Coriander Seeds
train,Coriander Seeds/CorianderSeeds171.jpg,,Coriander Seeds
train,Coriander Seeds/CorianderSeeds115.jpg,,Coriander Seeds
train,Coriander Seeds/CorianderSeeds37.jpg,,Coriander Seeds
train,Coriander Seeds/CorianderSeeds235.jpg,,Coriander Seeds
train,Coriander Seeds/CorianderSeeds160.jpg,,Coriander Seeds
train,Coriander Seeds/CorianderSeeds226.jpg,,Coriander Seeds
train,Coriander Seeds/CorianderSeeds156.jpg,,Coriander Seeds
train,Coriander Seeds/CorianderSeeds322.jpg,,Coriander Seeds
train,Coriander Seeds/CorianderSeeds253.jpg,,Coriander Seeds
train,Coriander Seeds/CorianderSeeds128.jpg,,Coriander Seeds
train,Coriander Seeds/CorianderSeeds248.jpg,,Coriander Seeds
train,Coriander Seeds/CorianderSeeds232.jpg,,Coriander Seeds
train,Coriander Seeds/CorianderSeeds94.jpg,,Coriander Seeds
train,Coriander Seeds/CorianderSeeds92.jpg,,Coriander Seeds
train,Coriander Seeds/CorianderSeeds309.jpg,,Coriander Seeds
train,Coriander Seeds/CorianderSeeds206.jpg,,Coriander Seeds
train,Coriander Seeds/CorianderSeeds265.jpg,,Coriander Seeds
train,Coriander Seeds/CorianderSeeds220.jpg,,Coriander Seeds
train,Coriander Seeds/CorianderSeeds283.jpg,,Coriander Seeds
train,Coriander Seeds/CorianderSeeds318.jpg,,Coriander Seeds
train,Coriander Seeds/CorianderSeeds163.jpg,,Coriander Seeds
train,Coriander Seeds/CorianderSeeds254.jpg,,Coriander Seeds
train,Coriander Seeds/CorianderSeeds290.jpg,,Coriander Seeds
train,Coriander Seeds/CorianderSeeds120.jpg,,Coriander Seeds
train,Coriander Seeds/CorianderSeeds228.jpg,,Coriander Seeds
train,Coriander Seeds/CorianderSeeds28.jpg,,Coriander Seeds
train,Coriander Seeds/CorianderSeeds112.jpg,,Coriander Seeds
train,Coriander Seeds/CorianderSeeds41.jpg,,Coriander Seeds
train,Coriander Seeds/CorianderSeeds104.jpg,,Coriander Seeds
train,Coriander Seeds/CorianderSeeds51.jpg,,Coriander Seeds
train,Coriander Seeds/CorianderSeeds298.jpg,,Coriander Seeds
train,Coriander Seeds/CorianderSeeds19.jpg,,Coriander Seeds
train,Coriander Seeds/CorianderSeeds302.jpg,,Coriander Seeds
train,Coriander Seeds/CorianderSeeds176.jpg,,Coriander Seeds
train,Coriander Seeds/CorianderSeeds194.jpg,,Coriander Seeds
train,Coriander Seeds/CorianderSeeds217.jpg,,Coriander Seeds
train,Coriander Seeds/CorianderSeeds34.jpg,,Coriander Seeds
train,Coriander Seeds/CorianderSeeds209.jpg,,Coriander Seeds
train,Coriander Seeds/CorianderSeeds83.jpg,,Coriander Seeds
train,Coriander Seeds/CorianderSeeds188.jpg,,Coriander Seeds
train,Coriander Seeds/CorianderSeeds62.jpg,,Coriander Seeds
train,Coriander Seeds/CorianderSeeds300.jpg,,Coriander Seeds
train,Coriander Seeds/CorianderSeeds274.jpg,,Coriander Seeds
train,Coriander Seeds/CorianderSeeds149.jpg,,Coriander Seeds
train,Coriander Seeds/CorianderSeeds54.jpg,,Coriander Seeds
train,Coriander Seeds/CorianderSeeds23.jpg,,Coriander Seeds
train,Coriander Seeds/CorianderSeeds55.jpg,,Coriander Seeds
train,Coriander Seeds/CorianderSeeds237.jpg,,Coriander Seeds
train,Coriander Seeds/CorianderSeeds73.jpg,,Coriander Seeds
train,Coriander Seeds/CorianderSeeds106.jpg,,Coriander Seeds
train,Coriander Seeds/CorianderSeeds20.jpg,,Coriander Seeds
train,Coriander Seeds/CorianderSeeds17.jpg,,Coriander Seeds
train,Coriander Seeds/CorianderSeeds301.jpg,,Coriander Seeds
train,Coriander Seeds/CorianderSeeds96.jpg,,Coriander Seeds
train,Coriander Seeds/CorianderSeeds155.jpg,,Coriander Seeds
train,Coriander Seeds/CorianderSeeds97.jpg,,Coriander Seeds
train,Coriander Seeds/CorianderSeeds207.jpg,,Coriander Seeds
train,Coriander Seeds/CorianderSeeds229.jpg,,Coriander Seeds
train,Coriander Seeds/CorianderSeeds264.jpg,,Coriander Seeds
train,Coriander Seeds/CorianderSeeds308.jpg,,Coriander Seeds
train,Coriander Seeds/CorianderSeeds76.jpg,,Coriander Seeds
train,Coriander Seeds/CorianderSeeds305.jpg,,Coriander Seeds
train,Coriander Seeds/CorianderSeeds292.jpg,,Coriander Seeds
train,Coriander Seeds/CorianderSeeds18.jpg,,Coriander Seeds
train,Coriander Seeds/CorianderSeeds218.jpg,,Coriander Seeds
train,Coriander Seeds/CorianderSeeds89.jpg,,Coriander Seeds
train,Coriander Seeds/CorianderSeeds110.jpg,,Coriander Seeds
train,Coriander Seeds/CorianderSeeds117.jpg,,Coriander Seeds
train,Coriander Seeds/CorianderSeeds42.jpg,,Coriander Seeds
train,Coriander Seeds/CorianderSeeds327.jpg,,Coriander Seeds
train,Coriander Seeds/CorianderSeeds185.jpg,,Coriander Seeds
train,Coriander Seeds/CorianderSeeds79.jpg,,Coriander Seeds
train,Coriander Seeds/CorianderSeeds174.jpg,,Coriander Seeds
train,Coriander Seeds/CorianderSeeds233.jpg,,Coriander Seeds
train,Coriander Seeds/CorianderSeeds8.jpg,,Coriander Seeds
train,Coriander Seeds/CorianderSeeds179.jpg,,Coriander Seeds
train,Coriander Seeds/CorianderSeeds143.jpg,,Coriander Seeds
train,Coriander Seeds/CorianderSeeds190.jpg,,Coriander Seeds
train,Coriander Seeds/CorianderSeeds87.jpg,,Coriander Seeds
train,Coriander Seeds/CorianderSeeds204.jpg,,Coriander Seeds
train,Coriander Seeds/CorianderSeeds95.jpg,,Coriander Seeds
train,Coriander Seeds/CorianderSeeds250.jpg,,Coriander Seeds
train,Coriander Seeds/CorianderSeeds224.jpg,,Coriander Seeds
train,Coriander Seeds/CorianderSeeds296.jpg,,Coriander Seeds
train,Coriander Seeds/CorianderSeeds141.jpg,,Coriander Seeds
train,Coriander Seeds/CorianderSeeds325.jpg,,Coriander Seeds
train,Coriander Seeds/CorianderSeeds294.jpg,,Coriander Seeds
train,Coriander Seeds/CorianderSeeds313.jpg,,Coriander Seeds
train,Coriander Seeds/CorianderSeeds170.jpg,,Coriander Seeds
train,Coriander Seeds/CorianderSeeds15.jpg,,Coriander Seeds
train,Coriander Seeds/CorianderSeeds53.jpg,,Coriander Seeds
train,Coriander Seeds/CorianderSeeds59.jpg,,Coriander Seeds
train,Coriander Seeds/CorianderSeeds118.jpg,,Coriander Seeds
train,Coriander Seeds/CorianderSeeds173.jpg,,Coriander Seeds
train,Coriander Seeds/CorianderSeeds231.jpg,,Coriander Seeds
train,Coriander Seeds/CorianderSeeds114.jpg,,Coriander Seeds
train,Coriander Seeds/CorianderSeeds210.jpg,,Coriander Seeds
train,Coriander Seeds/CorianderSeeds10.jpg,,Coriander Seeds
train,Coriander Seeds/CorianderSeeds310.jpg,,Coriander Seeds
train,Coriander Seeds/CorianderSeeds273.jpg,,Coriander Seeds
train,Coriander Seeds/CorianderSeeds197.jpg,,Coriander Seeds
train,Coriander Seeds/CorianderSeeds49.jpg,,Coriander Seeds
train,Coriander Seeds/CorianderSeeds111.jpg,,Coriander Seeds
train,Coriander Seeds/CorianderSeeds184.jpg,,Coriander Seeds
train,Coriander Seeds/CorianderSeeds30.jpg,,Coriander Seeds
train,Coriander Seeds/CorianderSeeds135.jpg,,Coriander Seeds
train,Coriander Seeds/CorianderSeeds84.jpg,,Coriander Seeds
train,Coriander Seeds/CorianderSeeds44.jpg,,Coriander Seeds
train,Coriander Seeds/CorianderSeeds140.jpg,,Coriander Seeds
train,Coriander Seeds/CorianderSeeds132.jpg,,Coriander Seeds
train,Coriander Seeds/CorianderSeeds198.jpg,,Coriander Seeds
train,Coriander Seeds/CorianderSeeds279.jpg,,Coriander Seeds
train,Coriander Seeds/CorianderSeeds82.jpg,,Coriander Seeds
train,Coriander Seeds/CorianderSeeds139.jpg,,Coriander Seeds
train,Coriander Seeds/CorianderSeeds311.jpg,,Coriander Seeds
train,Coriander Seeds/CorianderSeeds278.jpg,,Coriander Seeds
train,Coriander Seeds/CorianderSeeds205.jpg,,Coriander Seeds
train,Coriander Seeds/CorianderSeeds256.jpg,,Coriander Seeds
train,Coriander Seeds/CorianderSeeds238.jpg,,Coriander Seeds
train,Coriander Seeds/CorianderSeeds321.jpg,,Coriander Seeds
train,Coriander Seeds/CorianderSeeds152.jpg,,Coriander Seeds
train,Coriander Seeds/CorianderSeeds85.jpg,,Coriander Seeds
train,Coriander Seeds/CorianderSeeds26.jpg,,Coriander Seeds
train,Coriander Seeds/CorianderSeeds45.jpg,,Coriander Seeds
train,Coriander Seeds/CorianderSeeds266.jpg,,Coriander Seeds
train,Coriander Seeds/CorianderSeeds12.jpg,,Coriander Seeds
train,Coriander Seeds/CorianderSeeds133.jpg,,Coriander Seeds
train,Coriander Seeds/CorianderSeeds212.jpg,,Coriander Seeds
train,Coriander Seeds/CorianderSeeds124.jpg,,Coriander Seeds
train,Coriander Seeds/CorianderSeeds119.jpg,,Coriander Seeds
train,Coriander Seeds/CorianderSeeds101.jpg,,Coriander Seeds
train,Coriander Seeds/CorianderSeeds1.jpg,,Coriander Seeds
train,Coriander Seeds/CorianderSeeds88.jpg,,Coriander Seeds
train,Coriander Seeds/CorianderSeeds175.jpg,,Coriander Seeds
train,Coriander Seeds/CorianderSeeds21.jpg,,Coriander Seeds
train,Coriander Seeds/CorianderSeeds147.jpg,,Coriander Seeds
train,Coriander Seeds/CorianderSeeds326.jpg,,Coriander Seeds
train,Coriander Seeds/CorianderSeeds43.jpg,,Coriander Seeds
train,Coriander Seeds/CorianderSeeds108.jpg,,Coriander Seeds
train,Coriander Seeds/CorianderSeeds65.jpg,,Coriander Seeds
train,Coriander Seeds/CorianderSeeds167.jpg,,Coriander Seeds
train,Coriander Seeds/CorianderSeeds193.jpg,,Coriander Seeds
train,Coriander Seeds/CorianderSeeds69.jpg,,Coriander Seeds
train,Coriander Seeds/CorianderSeeds61.jpg,,Coriander Seeds
train,Coriander Seeds/CorianderSeeds287.jpg,,Coriander Seeds
train,Coriander Seeds/CorianderSeeds16.jpg,,Coriander Seeds
train,Coriander Seeds/CorianderSeeds145.jpg,,Coriander Seeds
train,Coriander Seeds/CorianderSeeds255.jpg,,Coriander Seeds
train,Coriander Seeds/CorianderSeeds144.jpg,,Coriander Seeds
train,Coriander Seeds/CorianderSeeds38.jpg,,Coriander Seeds
train,Coriander Seeds/CorianderSeeds280.jpg,,Coriander Seeds
train,Coriander Seeds/CorianderSeeds80.jpg,,Coriander Seeds
train,Coriander Seeds/CorianderSeeds164.jpg,,Coriander Seeds
train,Coriander Seeds/CorianderSeeds126.jpg,,Coriander Seeds
train,Coriander Seeds/CorianderSeeds241.jpg,,Coriander Seeds
train,Coriander Seeds/CorianderSeeds216.jpg,,Coriander Seeds
train,Coriander Seeds/CorianderSeeds122.jpg,,Coriander Seeds
train,Coriander Seeds/CorianderSeeds261.jpg,,Coriander Seeds
train,Coriander Seeds/CorianderSeeds130.jpg,,Coriander Seeds
train,Coriander Seeds/CorianderSeeds239.jpg,,Coriander Seeds
train,Coriander Seeds/CorianderSeeds5.jpg,,Coriander Seeds
train,Coriander Seeds/CorianderSeeds161.jpg,,Coriander Seeds
train,Coriander Seeds/CorianderSeeds32.jpg,,Coriander Seeds
train,Coriander Seeds/CorianderSeeds269.jpg,,Coriander Seeds
train,Coriander Seeds/CorianderSeeds121.jpg,,Coriander Seeds
train,Coriander Seeds/CorianderSeeds291.jpg,,Coriander Seeds
train,Coriander Seeds/CorianderSeeds57.jpg,,Coriander Seeds
train,Coriander Seeds/CorianderSeeds74.jpg,,Coriander Seeds
train,Coriander Seeds/CorianderSeeds39.jpg,,Coriander Seeds
train,Coriander Seeds/CorianderSeeds67.jpg,,Coriander Seeds
train,Coriander Seeds/CorianderSeeds314.jpg,,Coriander Seeds
train,Coriander Seeds/CorianderSeeds259.jpg,,Coriander Seeds
train,Coriander Seeds/CorianderSeeds330.jpg,,Coriander Seeds
train,Coriander Seeds/CorianderSeeds134.jpg,,Coriander Seeds
train,Coriander Seeds/CorianderSeeds260.jpg,,Coriander Seeds
train,Coriander Seeds/CorianderSeeds208.jpg,,Coriander Seeds
train,Coriander Seeds/CorianderSeeds157.jpg,,Coriander Seeds
train,Coriander Seeds/CorianderSeeds58.jpg,,Coriander Seeds
train,Coriander Seeds/CorianderSeeds295.jpg,,Coriander Seeds
train,Coriander Seeds/CorianderSeeds40.jpg,,Coriander Seeds
train,Coriander Seeds/CorianderSeeds98.jpg,,Coriander Seeds
train,Coriander Seeds/CorianderSeeds195.jpg,,Coriander Seeds
train,Coriander Seeds/CorianderSeeds60.jpg,,Coriander Seeds
train,Coriander Seeds/CorianderSeeds36.jpg,,Coriander Seeds
train,Coriander Seeds/CorianderSeeds282.jpg,,Coriander Seeds
train,Coriander Seeds/CorianderSeeds299.jpg,,Coriander Seeds
train,Coriander Seeds/CorianderSeeds25.jpg,,Coriander Seeds
train,Coriander Seeds/CorianderSeeds75.jpg,,Coriander Seeds
train,Coriander Seeds/CorianderSeeds93.jpg,,Coriander Seeds
train,Coriander Seeds/CorianderSeeds284.jpg,,Coriander Seeds
train,Coriander Seeds/CorianderSeeds48.jpg,,Coriander Seeds
train,Coriander Seeds/CorianderSeeds11.jpg,,Coriander Seeds
train,Coriander Seeds/CorianderSeeds35.jpg,,Coriander Seeds
train,Coriander Seeds/CorianderSeeds221.jpg,,Coriander Seeds
train,Coriander Seeds/CorianderSeeds277.jpg,,Coriander Seeds
train,Coriander Seeds/CorianderSeeds158.jpg,,Coriander Seeds
train,Coriander Seeds/CorianderSeeds246.jpg,,Coriander Seeds
train,Coriander Seeds/CorianderSeeds186.jpg,,Coriander Seeds
train,Coriander Seeds/CorianderSeeds4.jpg,,Coriander Seeds
train,Coriander Seeds/CorianderSeeds281.jpg,,Coriander Seeds
train,Coriander Seeds/CorianderSeeds249.jpg,,Coriander Seeds
train,Coriander Seeds/CorianderSeeds263.jpg,,Coriander Seeds
train,Coriander Seeds/CorianderSeeds183.jpg,,Coriander Seeds
train,Coriander Seeds/CorianderSeeds127.jpg,,Coriander Seeds
train,Coriander Seeds/CorianderSeeds138.jpg,,Coriander Seeds
train,Coriander Seeds/CorianderSeeds215.jpg,,Coriander Seeds
train,Coriander Seeds/CorianderSeeds9.jpg,,Coriander Seeds
train,Coriander Seeds/CorianderSeeds103.jpg,,Coriander Seeds
train,Coriander Seeds/CorianderSeeds268.jpg,,Coriander Seeds
train,Coriander Seeds/CorianderSeeds148.jpg,,Coriander Seeds
train,Coriander Seeds/CorianderSeeds129.jpg,,Coriander Seeds
train,Coriander Seeds/CorianderSeeds320.jpg,,Coriander Seeds
train,Coriander Seeds/CorianderSeeds150.jpg,,Coriander Seeds
train,Coriander Seeds/CorianderSeeds151.jpg,,Coriander Seeds
train,Coriander Seeds/CorianderSeeds102.jpg,,Coriander Seeds
train,Coriander Seeds/CorianderSeeds192.jpg,,Coriander Seeds
train,Coriander Seeds/CorianderSeeds286.jpg,,Coriander Seeds
train,Coriander Seeds/CorianderSeeds328.jpg,,Coriander Seeds
train,Coriander Seeds/CorianderSeeds142.jpg,,Coriander Seeds
train,Coriander Seeds/CorianderSeeds272.jpg,,Coriander Seeds
train,Coriander Seeds/CorianderSeeds181.jpg,,Coriander Seeds
train,Coriander Seeds/CorianderSeeds211.jpg,,Coriander Seeds
train,Coriander Seeds/CorianderSeeds306.jpg,,Coriander Seeds
train,Coriander Seeds/CorianderSeeds178.jpg,,Coriander Seeds
train,Coriander Seeds/CorianderSeeds13.jpg,,Coriander Seeds
train,Coriander Seeds/CorianderSeeds90.jpg,,Coriander Seeds
train,Coriander Seeds/CorianderSeeds303.jpg,,Coriander Seeds
train,Coriander Seeds/CorianderSeeds2.jpg,,Coriander Seeds
train,Coriander Seeds/CorianderSeeds56.jpg,,Coriander Seeds
train,Coriander Seeds/CorianderSeeds22.jpg,,Coriander Seeds
train,Coriander Seeds/CorianderSeeds77.jpg,,Coriander Seeds
train,Coriander Seeds/CorianderSeeds91.jpg,,Coriander Seeds
train,Coriander Seeds/CorianderSeeds267.jpg,,Coriander Seeds
train,Coriander Seeds/CorianderSeeds203.jpg,,Coriander Seeds
train,Coriander Seeds/CorianderSeeds166.jpg,,Coriander Seeds
train,Coriander Seeds/CorianderSeeds317.jpg,,Coriander Seeds
train,Coriander Seeds/CorianderSeeds168.jpg,,Coriander Seeds
train,Coriander Seeds/CorianderSeeds109.jpg,,Coriander Seeds
train,Coriander Seeds/CorianderSeeds289.jpg,,Coriander Seeds
train,Coriander Seeds/CorianderSeeds113.jpg,,Coriander Seeds
train,Coriander Seeds/CorianderSeeds137.jpg,,Coriander Seeds
train,Coriander Seeds/CorianderSeeds24.jpg,,Coriander Seeds
train,Coriander Seeds/CorianderSeeds47.jpg,,Coriander Seeds
train,Coriander Seeds/CorianderSeeds146.jpg,,Coriander Seeds
train,Coriander Seeds/CorianderSeeds52.jpg,,Coriander Seeds
train,Coriander Seeds/CorianderSeeds242.jpg,,Coriander Seeds
train,Coriander Seeds/CorianderSeeds258.jpg,,Coriander Seeds
train,Coriander Seeds/CorianderSeeds202.jpg,,Coriander Seeds
train,Coriander Seeds/CorianderSeeds213.jpg,,Coriander Seeds
train,Coriander Seeds/CorianderSeeds78.jpg,,Coriander Seeds
val,Coriander Seeds/CorianderSeeds107.jpg,,Coriander Seeds
val,Coriander Seeds/CorianderSeeds187.jpg,,Coriander Seeds
val,Coriander Seeds/CorianderSeeds247.jpg,,Coriander Seeds
val,Coriander Seeds/CorianderSeeds105.jpg,,Coriander Seeds
val,Coriander Seeds/CorianderSeeds271.jpg,,Coriander Seeds
val,Coriander Seeds/CorianderSeeds72.jpg,,Coriander Seeds
val,Coriander Seeds/CorianderSeeds116.jpg,,Coriander Seeds
val,Coriander Seeds/CorianderSeeds6.jpg,,Coriander Seeds
val,Coriander Seeds/CorianderSeeds276.jpg,,Coriander Seeds
val,Coriander Seeds/CorianderSeeds319.jpg,,Coriander Seeds
val,Coriander Seeds/CorianderSeeds50.jpg,,Coriander Seeds
val,Coriander Seeds/CorianderSeeds285.jpg,,Coriander Seeds
val,Coriander Seeds/CorianderSeeds297.jpg,,Coriander Seeds
val,Coriander Seeds/CorianderSeeds3.jpg,,Coriander Seeds
val,Coriander Seeds/CorianderSeeds159.jpg,,Coriander Seeds
val,Coriander Seeds/CorianderSeeds99.jpg,,Coriander Seeds
val,Coriander Seeds/CorianderSeeds324.jpg,,Coriander Seeds
val,Coriander Seeds/CorianderSeeds172.jpg,,Coriander Seeds
val,Coriander Seeds/CorianderSeeds177.jpg,,Coriander Seeds
val,Coriander Seeds/CorianderSeeds196.jpg,,Coriander Seeds
val,Coriander Seeds/CorianderSeeds225.jpg,,Coriander Seeds
val,Coriander Seeds/CorianderSeeds307.jpg,,Coriander Seeds
val,Coriander Seeds/CorianderSeeds100.jpg,,Coriander Seeds
val,Coriander Seeds/CorianderSeeds125.jpg,,Coriander Seeds
val,Coriander Seeds/CorianderSeeds243.jpg,,Coriander Seeds
val,Coriander Seeds/CorianderSeeds180.jpg,,Coriander Seeds
val,Coriander Seeds/CorianderSeeds252.jpg,,Coriander Seeds
val,Coriander Seeds/CorianderSeeds323.jpg,,Coriander Seeds
val,Coriander Seeds/CorianderSeeds136.jpg,,Coriander Seeds
val,Coriander Seeds/CorianderSeeds182.jpg,,Coriander Seeds
val,Coriander Seeds/CorianderSeeds244.jpg,,Coriander Seeds
val,Coriander Seeds/CorianderSeeds165.jpg,,Coriander Seeds
val,Coriander Seeds/CorianderSeeds31.jpg,,Coriander Seeds
test,Coriander Seeds/CorianderSeeds64.jpg,,Coriander Seeds
test,Coriander Seeds/CorianderSeeds288.jpg,,Coriander Seeds
test,Coriander Seeds/CorianderSeeds257.jpg,,Coriander Seeds
test,Coriander Seeds/CorianderSeeds191.jpg,,Coriander Seeds
test,Coriander Seeds/CorianderSeeds162.jpg,,Coriander Seeds
test,Coriander Seeds/CorianderSeeds169.jpg,,Coriander Seeds
test,Coriander Seeds/CorianderSeeds86.jpg,,Coriander Seeds
test,Coriander Seeds/CorianderSeeds29.jpg,,Coriander Seeds
test,Coriander Seeds/CorianderSeeds236.jpg,,Coriander Seeds
test,Coriander Seeds/CorianderSeeds46.jpg,,Coriander Seeds
test,Coriander Seeds/CorianderSeeds275.jpg,,Coriander Seeds
test,Coriander Seeds/CorianderSeeds154.jpg,,Coriander Seeds
test,Coriander Seeds/CorianderSeeds33.jpg,,Coriander Seeds
test,Coriander Seeds/CorianderSeeds189.jpg,,Coriander Seeds
test,Coriander Seeds/CorianderSeeds316.jpg,,Coriander Seeds
test,Coriander Seeds/CorianderSeeds131.jpg,,Coriander Seeds
test,Coriander Seeds/CorianderSeeds7.jpg,,Coriander Seeds
test,Coriander Seeds/CorianderSeeds70.jpg,,Coriander Seeds
test,Coriander Seeds/CorianderSeeds123.jpg,,Coriander Seeds
test,Coriander Seeds/CorianderSeeds315.jpg,,Coriander Seeds
test,Coriander Seeds/CorianderSeeds153.jpg,,Coriander Seeds
test,Coriander Seeds/CorianderSeeds312.jpg,,Coriander Seeds
test,Coriander Seeds/CorianderSeeds234.jpg,,Coriander Seeds
test,Coriander Seeds/CorianderSeeds71.jpg,,Coriander Seeds
test,Coriander Seeds/CorianderSeeds219.jpg,,Coriander Seeds
test,Coriander Seeds/CorianderSeeds270.jpg,,Coriander Seeds
test,Coriander Seeds/CorianderSeeds251.jpg,,Coriander Seeds
test,Coriander Seeds/CorianderSeeds293.jpg,,Coriander Seeds
test,Coriander Seeds/CorianderSeeds240.jpg,,Coriander Seeds
test,Coriander Seeds/CorianderSeeds201.jpg,,Coriander Seeds
test,Coriander Seeds/CorianderSeeds262.jpg,,Coriander Seeds
test,Coriander Seeds/CorianderSeeds200.jpg,,Coriander Seeds
test,Coriander Seeds/CorianderSeeds14.jpg,,Coriander Seeds
train,Cubeb Pepper/CubebPepper121.jpg,,Cubeb Pepper
train,Cubeb Pepper/CubebPepper93.jpg,,Cubeb Pepper
train,Cubeb Pepper/CubebPepper41.jpg,,Cubeb Pepper
train,Cubeb Pepper/CubebPepper105.jpg,,Cubeb Pepper
train,Cubeb Pepper/CubebPepper207.jpg,,Cubeb Pepper
train,Cubeb Pepper/CubebPepper177.jpg,,Cubeb Pepper
train,Cubeb Pepper/CubebPepper277.jpg,,Cubeb Pepper
train,Cubeb Pepper/CubebPepper81.jpg,,Cubeb Pepper
train,Cubeb Pepper/CubebPepper23.jpg,,Cubeb Pepper
train,Cubeb Pepper/CubebPepper203.jpg,,Cubeb Pepper
train,Cubeb Pepper/CubebPepper28.jpg,,Cubeb Pepper
train,Cubeb Pepper/CubebPepper61.jpg,,Cubeb Pepper
train,Cubeb Pepper/CubebPepper35.jpg,,Cubeb Pepper
train,Cubeb Pepper/CubebPepper20.jpg,,Cubeb Pepper
train,Cubeb Pepper/CubebPepper58.jpg,,Cubeb Pepper
train,Cubeb Pepper/CubebPepper170.jpg,,Cubeb Pepper
train,Cubeb Pepper/CubebPepper313.jpg,,Cubeb Pepper
train,Cubeb Pepper/CubebPepper134.jpg,,Cubeb Pepper
train,Cubeb Pepper/CubebPepper316.jpg,,Cubeb Pepper
train,Cubeb Pepper/CubebPepper131.jpg,,Cubeb Pepper
train,Cubeb Pepper/CubebPepper212.jpg,,Cubeb Pepper
train,Cubeb Pepper/CubebPepper118.jpg,,Cubeb Pepper
train,Cubeb Pepper/CubebPepper218.jpg,,Cubeb Pepper
train,Cubeb Pepper/CubebPepper138.jpg,,Cubeb Pepper
train,Cubeb Pepper/CubebPepper15.jpg,,Cubeb Pepper
train,Cubeb Pepper/CubebPepper192.jpg,,Cubeb Pepper
train,Cubeb Pepper/CubebPepper62.jpg,,Cubeb Pepper
train,Cubeb Pepper/CubebPepper119.jpg,,Cubeb Pepper
train,Cubeb Pepper/CubebPepper295.jpg,,Cubeb Pepper
train,Cubeb Pepper/CubebPepper114.jpg,,Cubeb Pepper
train,Cubeb Pepper/CubebPepper235.jpg,,Cubeb Pepper
train,Cubeb Pepper/CubebPepper323.jpg,,Cubeb Pepper
train,Cubeb Pepper/CubebPepper56.jpg,,Cubeb Pepper
train,Cubeb Pepper/CubebPepper169.jpg,,Cubeb Pepper
train,Cubeb Pepper/CubebPepper304.jpg,,Cubeb Pepper
train,Cubeb Pepper/CubebPepper102.jpg,,Cubeb Pepper
train,Cubeb Pepper/CubebPepper205.jpg,,Cubeb Pepper
train,Cubeb Pepper/CubebPepper193.jpg,,Cubeb Pepper
train,Cubeb Pepper/CubebPepper208.jpg,,Cubeb Pepper
train,Cubeb Pepper/CubebPepper282.jpg,,Cubeb Pepper
train,Cubeb Pepper/CubebPepper213.jpg,,Cubeb Pepper
train,Cubeb Pepper/CubebPepper182.jpg,,Cubeb Pepper
train,Cubeb Pepper/CubebPepper248.jpg,,Cubeb Pepper
train,Cubeb Pepper/CubebPepper18.jpg,,Cubeb Pepper
train,Cubeb Pepper/CubebPepper236.jpg,,Cubeb Pepper
train,Cubeb Pepper/CubebPepper38.jpg,,Cubeb Pepper
train,Cubeb Pepper/CubebPepper76.jpg,,Cubeb Pepper
train,Cubeb Pepper/CubebPepper44.jpg,,Cubeb Pepper
train,Cubeb Pepper/CubebPepper78.jpg,,Cubeb Pepper
train,Cubeb Pepper/CubebPepper279.jpg,,Cubeb Pepper
train,Cubeb Pepper/CubebPepper294.jpg,,Cubeb Pepper
train,Cubeb Pepper/CubebPepper176.jpg,,Cubeb Pepper
train,Cubeb Pepper/CubebPepper206.jpg,,Cubeb Pepper
train,Cubeb Pepper/CubebPepper183.jpg,,Cubeb Pepper
train,Cubeb Pepper/CubebPepper222.jpg,,Cubeb Pepper
train,Cubeb Pepper/CubebPepper284.jpg,,Cubeb Pepper
train,Cubeb Pepper/CubebPepper210.jpg,,Cubeb Pepper
train,Cubeb Pepper/CubebPepper164.jpg,,Cubeb Pepper
train,Cubeb Pepper/CubebPepper95.jpg,,Cubeb Pepper
train,Cubeb Pepper/CubebPepper272.jpg,,Cubeb Pepper
train,Cubeb Pepper/CubebPepper319.jpg,,Cubeb Pepper
train,Cubeb Pepper/CubebPepper21.jpg,,Cubeb Pepper
train,Cubeb Pepper/CubebPepper43.jpg,,Cubeb Pepper
train,Cubeb Pepper/CubebPepper191.jpg,,Cubeb Pepper
train,Cubeb Pepper/CubebPepper142.jpg,,Cubeb Pepper
train,Cubeb Pepper/CubebPepper2.jpg,,Cubeb Pepper
train,Cubeb Pepper/CubebPepper227.jpg,,Cubeb Pepper
train,Cubeb Pepper/CubebPepper127.jpg,,Cubeb Pepper
train,Cubeb Pepper/CubebPepper77.jpg,,Cubeb Pepper
train,Cubeb Pepper/CubebPepper231.jpg,,Cubeb Pepper
train,Cubeb Pepper/CubebPepper174.jpg,,Cubeb Pepper
train,Cubeb Pepper/CubebPepper289.jpg,,Cubeb Pepper
train,Cubeb Pepper/CubebPepper73.jpg,,Cubeb Pepper
train,Cubeb Pepper/CubebPepper211.jpg,,Cubeb Pepper
train,Cubeb Pepper/CubebPepper32.jpg,,Cubeb Pepper
train,Cubeb Pepper/CubebPepper185.jpg,,Cubeb Pepper
train,Cubeb Pepper/CubebPepper172.jpg,,Cubeb Pepper
train,Cubeb Pepper/CubebPepper80.jpg,,Cubeb Pepper
train,Cubeb Pepper/CubebPepper91.jpg,,Cubeb Pepper
train,Cubeb Pepper/CubebPepper320.jpg,,Cubeb Pepper
train,Cubeb Pepper/CubebPepper204.jpg,,Cubeb Pepper
train,Cubeb Pepper/CubebPepper27.jpg,,Cubeb Pepper
train,Cubeb Pepper/CubebPepper30.jpg,,Cubeb Pepper
train,Cubeb Pepper/CubebPepper303.jpg,,Cubeb Pepper
train,Cubeb Pepper/CubebPepper109.jpg,,Cubeb Pepper
train,Cubeb Pepper/CubebPepper243.jpg,,Cubeb Pepper
train,Cubeb Pepper/CubebPepper53.jpg,,Cubeb Pepper
train,Cubeb Pepper/CubebPepper161.jpg,,Cubeb Pepper
train,Cubeb Pepper/CubebPepper292.jpg,,Cubeb Pepper
train,Cubeb Pepper/CubebPepper273.jpg,,Cubeb Pepper
train,Cubeb Pepper/CubebPepper229.jpg,,Cubeb Pepper
train,Cubeb Pepper/CubebPepper247.jpg,,Cubeb Pepper
train,Cubeb Pepper/CubebPepper159.jpg,,Cubeb Pepper
train,Cubeb Pepper/CubebPepper50.jpg,,Cubeb Pepper
train,Cubeb Pepper/CubebPepper124.jpg,,Cubeb Pepper
train,Cubeb Pepper/CubebPepper16.jpg,,Cubeb Pepper
train,Cubeb Pepper/CubebPepper135.jpg,,Cubeb Pepper
train,Cubeb Pepper/CubebPepper245.jpg,,Cubeb Pepper
train,Cubeb Pepper/CubebPepper99.jpg,,Cubeb Pepper
train,Cubeb Pepper/CubebPepper22.jpg,,Cubeb Pepper
train,Cubeb Pepper/CubebPepper315.jpg,,Cubeb Pepper
train,Cubeb Pepper/CubebPepper34.jpg,,Cubeb Pepper
train,Cubeb Pepper/CubebPepper314.jpg,,Cubeb Pepper
train,Cubeb Pepper/CubebPepper155.jpg,,Cubeb Pepper
train,Cubeb Pepper/CubebPepper133.jpg,,Cubeb Pepper
train,Cubeb Pepper/CubebPepper88.jpg,,Cubeb Pepper
train,Cubeb Pepper/CubebPepper17.jpg,,Cubeb Pepper
train,Cubeb Pepper/CubebPepper232.jpg,,Cubeb Pepper
train,Cubeb Pepper/CubebPepper234.jpg,,Cubeb Pepper
train,Cubeb Pepper/CubebPepper261.jpg,,Cubeb Pepper
train,Cubeb Pepper/CubebPepper305.jpg,,Cubeb Pepper
train,Cubeb Pepper/CubebPepper268.jpg,,Cubeb Pepper
train,Cubeb Pepper/CubebPepper220.jpg,,Cubeb Pepper
train,Cubeb Pepper/CubebPepper103.jpg,,Cubeb Pepper
train,Cubeb Pepper/CubebPepper51.jpg,,Cubeb Pepper
train,Cubeb Pepper/CubebPepper79.jpg,,Cubeb Pepper
train,Cubeb Pepper/CubebPepper152.jpg,,Cubeb Pepper
train,Cubeb Pepper/CubebPepper137.jpg,,Cubeb Pepper
train,Cubeb Pepper/CubebPepper92.jpg,,Cubeb Pepper
train,Cubeb Pepper/CubebPepper128.jpg,,Cubeb Pepper
train,Cubeb Pepper/CubebPepper265.jpg,,Cubeb Pepper
train,Cubeb Pepper/CubebPepper96.jpg,,Cubeb Pepper
train,Cubeb Pepper/CubebPepper117.jpg,,Cubeb Pepper
train,Cubeb Pepper/CubebPepper113.jpg,,Cubeb Pepper
train,Cubeb Pepper/CubebPepper286.jpg,,Cubeb Pepper
train,Cubeb Pepper/CubebPepper94.jpg,,Cubeb Pepper
train,Cubeb Pepper/CubebPepper86.jpg,,Cubeb Pepper
train,Cubeb Pepper/CubebPepper198.jpg,,Cubeb Pepper
train,Cubeb Pepper/CubebPepper108.jpg,,Cubeb Pepper
train,Cubeb Pepper/CubebPepper7.jpg,,Cubeb Pepper
train,Cubeb Pepper/CubebPepper126.jpg,,Cubeb Pepper
train,Cubeb Pepper/CubebPepper139.jpg,,Cubeb Pepper
train,Cubeb Pepper/CubebPepper141.jpg,,Cubeb Pepper
train,Cubeb Pepper/CubebPepper116.jpg,,Cubeb Pepper
train,Cubeb Pepper/CubebPepper283.jpg,,Cubeb Pepper
train,Cubeb Pepper/CubebPepper82.jpg,,Cubeb Pepper
train,Cubeb Pepper/CubebPepper25.jpg,,Cubeb Pepper
train,Cubeb Pepper/CubebPepper75.jpg,,Cubeb Pepper
train,Cubeb Pepper/CubebPepper144.jpg,,Cubeb Pepper
train,Cubeb Pepper/CubebPepper224.jpg,,Cubeb Pepper
train,Cubeb Pepper/CubebPepper184.jpg,,Cubeb Pepper
train,Cubeb Pepper/CubebPepper241.jpg,,Cubeb Pepper
train,Cubeb Pepper/CubebPepper74.jpg,,Cubeb Pepper
train,Cubeb Pepper/CubebPepper72.jpg,,Cubeb Pepper
train,Cubeb Pepper/CubebPepper270.jpg,,Cubeb Pepper
train,Cubeb Pepper/CubebPepper264.jpg,,Cubeb Pepper
train,Cubeb Pepper/CubebPepper57.jpg,,Cubeb Pepper
train,Cubeb Pepper/CubebPepper296.jpg,,Cubeb Pepper
train,Cubeb Pepper/CubebPepper42.jpg,,Cubeb Pepper
train,Cubeb Pepper/CubebPepper297.jpg,,Cubeb Pepper
train,Cubeb Pepper/CubebPepper24.jpg,,Cubeb Pepper
train,Cubeb Pepper/CubebPepper300.jpg,,Cubeb Pepper
train,Cubeb Pepper/CubebPepper11.jpg,,Cubeb Pepper
train,Cubeb Pepper/CubebPepper258.jpg,,Cubeb Pepper
train,Cubeb Pepper/CubebPepper60.jpg,,Cubeb Pepper
train,Cubeb Pepper/CubebPepper153.jpg,,Cubeb Pepper
train,Cubeb Pepper/CubebPepper189.jpg,,Cubeb Pepper
train,Cubeb Pepper/CubebPepper291.jpg,,Cubeb Pepper
train,Cubeb Pepper/CubebPepper150.jpg,,Cubeb Pepper
train,Cubeb Pepper/CubebPepper276.jpg,,Cubeb Pepper
train,Cubeb Pepper/CubebPepper240.jpg,,Cubeb Pepper
train,Cubeb Pepper/CubebPepper122.jpg,,Cubeb Pepper
train,Cubeb Pepper/CubebPepper311.jpg,,Cubeb Pepper
train,Cubeb Pepper/CubebPepper181.jpg,,Cubeb Pepper
train,Cubeb Pepper/CubebPepper106.jpg,,Cubeb Pepper
train,Cubeb Pepper/CubebPepper281.jpg,,Cubeb Pepper
train,Cubeb Pepper/CubebPepper98.jpg,,Cubeb Pepper
train,Cubeb Pepper/CubebPepper312.jpg,,Cubeb Pepper
train,Cubeb Pepper/CubebPepper112.jpg,,Cubeb Pepper
train,Cubeb Pepper/CubebPepper26.jpg,,Cubeb Pepper
train,Cubeb Pepper/CubebPepper157.jpg,,Cubeb Pepper
train,Cubeb Pepper/CubebPepper266.jpg,,Cubeb Pepper
train,Cubeb Pepper/CubebPepper136.jpg,,Cubeb Pepper
train,Cubeb Pepper/CubebPepper46.jpg,,Cubeb Pepper
train,Cubeb Pepper/CubebPepper322.jpg,,Cubeb Pepper
train,Cubeb Pepper/CubebPepper111.jpg,,Cubeb Pepper
train,Cubeb Pepper/CubebPepper253.jpg,,Cubeb Pepper
train,Cubeb Pepper/CubebPepper110.jpg,,Cubeb Pepper
train,Cubeb Pepper/CubebPepper132.jpg,,Cubeb Pepper
train,Cubeb Pepper/CubebPepper54.jpg,,Cubeb Pepper
train,Cubeb Pepper/CubebPepper104.jpg,,Cubeb Pepper
train,Cubeb Pepper/CubebPepper83.jpg,,Cubeb Pepper
train,Cubeb Pepper/CubebPepper219.jpg,,Cubeb Pepper
train,Cubeb Pepper/CubebPepper101.jpg,,Cubeb Pepper
train,Cubeb Pepper/CubebPepper197.jpg,,Cubeb Pepper
train,Cubeb Pepper/CubebPepper165.jpg,,Cubeb Pepper
train,Cubeb Pepper/CubebPepper221.jpg,,Cubeb Pepper
train,Cubeb Pepper/CubebPepper287.jpg,,Cubeb Pepper
train,Cubeb Pepper/CubebPepper195.jpg,,Cubeb Pepper
train,Cubeb Pepper/CubebPepper45.jpg,,Cubeb Pepper
train,Cubeb Pepper/CubebPepper252.jpg,,Cubeb Pepper
train,Cubeb Pepper/CubebPepper230.jpg,,Cubeb Pepper
train,Cubeb Pepper/CubebPepper70.jpg,,Cubeb Pepper
train,Cubeb Pepper/CubebPepper209.jpg,,Cubeb Pepper
train,Cubeb Pepper/CubebPepper228.jpg,,Cubeb Pepper
train,Cubeb Pepper/CubebPepper4.jpg,,Cubeb Pepper
train,Cubeb Pepper/CubebPepper274.jpg,,Cubeb Pepper
train,Cubeb Pepper/CubebPepper125.jpg,,Cubeb Pepper
train,Cubeb Pepper/CubebPepper310.jpg,,Cubeb Pepper
train,Cubeb Pepper/CubebPepper324.jpg,,Cubeb Pepper
train,Cubeb Pepper/CubebPepper246.jpg,,Cubeb Pepper
train,Cubeb Pepper/CubebPepper318.jpg,,Cubeb Pepper
train,Cubeb Pepper/CubebPepper223.jpg,,Cubeb Pepper
train,Cubeb Pepper/CubebPepper214.jpg,,Cubeb Pepper
train,Cubeb Pepper/CubebPepper14.jpg,,Cubeb Pepper
train,Cubeb Pepper/CubebPepper249.jpg,,Cubeb Pepper
train,Cubeb Pepper/CubebPepper71.jpg,,Cubeb Pepper
train,Cubeb Pepper/CubebPepper129.jpg,,Cubeb Pepper
train,Cubeb Pepper/CubebPepper254.jpg,,Cubeb Pepper
train,Cubeb Pepper/CubebPepper69.jpg,,Cubeb Pepper
train,Cubeb Pepper/CubebPepper257.jpg,,Cubeb Pepper
train,Cubeb Pepper/CubebPepper166.jpg,,Cubeb Pepper
train,Cubeb Pepper/CubebPepper3.jpg,,Cubeb Pepper
train,Cubeb Pepper/CubebPepper242.jpg,,Cubeb Pepper
train,Cubeb Pepper/CubebPepper37.jpg,,Cubeb Pepper
train,Cubeb Pepper/CubebPepper145.jpg,,Cubeb Pepper
train,Cubeb Pepper/CubebPepper52.jpg,,Cubeb Pepper
train,Cubeb Pepper/CubebPepper244.jpg,,Cubeb Pepper
train,Cubeb Pepper/CubebPepper226.jpg,,Cubeb Pepper
train,Cubeb Pepper/CubebPepper269.jpg,,Cubeb Pepper
train,Cubeb Pepper/CubebPepper263.jpg,,Cubeb Pepper
train,Cubeb Pepper/CubebPepper171.jpg,,Cubeb Pepper
train,Cubeb Pepper/CubebPepper298.jpg,,Cubeb Pepper
train,Cubeb Pepper/CubebPepper225.jpg,,Cubeb Pepper
train,Cubeb Pepper/CubebPepper49.jpg,,Cubeb Pepper
train,Cubeb Pepper/CubebPepper293.jpg,,Cubeb Pepper
train,Cubeb Pepper/CubebPepper168.jpg,,Cubeb Pepper
train,Cubeb Pepper/CubebPepper217.jpg,,Cubeb Pepper
train,Cubeb Pepper/CubebPepper68.jpg,,Cubeb Pepper
train,Cubeb Pepper/CubebPepper302.jpg,,Cubeb Pepper
train,Cubeb Pepper/CubebPepper260.jpg,,Cubeb Pepper
train,Cubeb Pepper/CubebPepper238.jpg,,Cubeb Pepper
train,Cubeb Pepper/CubebPepper87.jpg,,Cubeb Pepper
train,Cubeb Pepper/CubebPepper130.jpg,,Cubeb Pepper
train,Cubeb Pepper/CubebPepper13.jpg,,Cubeb Pepper
train,Cubeb Pepper/CubebPepper97.jpg,,Cubeb Pepper
train,Cubeb Pepper/CubebPepper202.jpg,,Cubeb Pepper
train,Cubeb Pepper/CubebPepper167.jpg,,Cubeb Pepper
train,Cubeb Pepper/CubebPepper178.jpg,,Cubeb Pepper
train,Cubeb Pepper/CubebPepper190.jpg,,Cubeb Pepper
train,Cubeb Pepper/CubebPepper162.jpg,,Cubeb Pepper
train,Cubeb Pepper/CubebPepper5.jpg,,Cubeb Pepper
train,Cubeb Pepper/CubebPepper275.jpg,,Cubeb Pepper
train,Cubeb Pepper/CubebPepper259.jpg,,Cubeb Pepper
train,Cubeb Pepper/CubebPepper48.jpg,,Cubeb Pepper
train,Cubeb Pepper/CubebPepper8.jpg,,Cubeb Pepper
train,Cubeb Pepper/CubebPepper196.jpg,,Cubeb Pepper
train,Cubeb Pepper/CubebPepper188.jpg,,Cubeb Pepper
train,Cubeb Pepper/CubebPepper325.jpg,,Cubeb Pepper
train,Cubeb Pepper/CubebPepper215.jpg,,Cubeb Pepper
train,Cubeb Pepper/CubebPepper173.jpg,,Cubeb Pepper
train,Cubeb Pepper/CubebPepper301.jpg,,Cubeb Pepper
train,Cubeb Pepper/CubebPepper9.jpg,,Cubeb Pepper
train,Cubeb Pepper/CubebPepper237.jpg,,Cubeb Pepper
train,Cubeb Pepper/CubebPepper250.jpg,,Cubeb Pepper
train,Cubeb Pepper/CubebPepper278.jpg,,Cubeb Pepper
train,Cubeb Pepper/CubebPepper147.jpg,,Cubeb Pepper
train,Cubeb Pepper/CubebPepper158.jpg,,Cubeb Pepper
train,Cubeb Pepper/CubebPepper179.jpg,,Cubeb Pepper
train,Cubeb Pepper/CubebPepper180.jpg,,Cubeb Pepper
val,Cubeb Pepper/CubebPepper89.jpg,,Cubeb Pepper
val,Cubeb Pepper/CubebPepper321.jpg,,Cubeb Pepper
val,Cubeb Pepper/CubebPepper299.jpg,,Cubeb Pepper
val,Cubeb Pepper/CubebPepper120.jpg,,Cubeb Pepper
val,Cubeb Pepper/CubebPepper100.jpg,,Cubeb Pepper
val,Cubeb Pepper/CubebPepper36.jpg,,Cubeb Pepper
val,Cubeb Pepper/CubebPepper160.jpg,,Cubeb Pepper
val,Cubeb Pepper/CubebPepper39.jpg,,Cubeb Pepper
val,Cubeb Pepper/CubebPepper55.jpg,,Cubeb Pepper
val,Cubeb Pepper/CubebPepper306.jpg,,Cubeb Pepper
val,Cubeb Pepper/CubebPepper156.jpg,,Cubeb Pepper
val,Cubeb Pepper/CubebPepper66.jpg,,Cubeb Pepper
val,Cubeb Pepper/CubebPepper290.jpg,,Cubeb Pepper
val,Cubeb Pepper/CubebPepper149.jpg,,Cubeb Pepper
val,Cubeb Pepper/CubebPepper255.jpg,,Cubeb Pepper
val,Cubeb Pepper/CubebPepper187.jpg,,Cubeb Pepper
val,Cubeb Pepper/CubebPepper31.jpg,,Cubeb Pepper
val,Cubeb Pepper/CubebPepper199.jpg,,Cubeb Pepper
val,Cubeb Pepper/CubebPepper280.jpg,,Cubeb Pepper
val,Cubeb Pepper/CubebPepper154.jpg,,Cubeb Pepper
val,Cubeb Pepper/CubebPepper186.jpg,,Cubeb Pepper
val,Cubeb Pepper/CubebPepper19.jpg,,Cubeb Pepper
val,Cubeb Pepper/CubebPepper216.jpg,,Cubeb Pepper
val,Cubeb Pepper/CubebPepper67.jpg,,Cubeb Pepper
val,Cubeb Pepper/CubebPepper288.jpg,,Cubeb Pepper
val,Cubeb Pepper/CubebPepper163.jpg,,Cubeb Pepper
val,Cubeb Pepper/CubebPepper33.jpg,,Cubeb Pepper
val,Cubeb Pepper/CubebPepper175.jpg,,Cubeb Pepper
val,Cubeb Pepper/CubebPepper12.jpg,,Cubeb Pepper
val,Cubeb Pepper/CubebPepper148.jpg,,Cubeb Pepper
val,Cubeb Pepper/CubebPepper271.jpg,,Cubeb Pepper
val,Cubeb Pepper/CubebPepper47.jpg,,Cubeb Pepper
test,Cubeb Pepper/CubebPepper59.jpg,,Cubeb Pepper
test,Cubeb Pepper/CubebPepper233.jpg,,Cubeb Pepper
test,Cubeb Pepper/CubebPepper262.jpg,,Cubeb Pepper
test,Cubeb Pepper/CubebPepper90.jpg,,Cubeb Pepper
test,Cubeb Pepper/CubebPepper10.jpg,,Cubeb Pepper
test,Cubeb Pepper/CubebPepper200.jpg,,Cubeb Pepper
test,Cubeb Pepper/CubebPepper143.jpg,,Cubeb Pepper
test,Cubeb Pepper/CubebPepper151.jpg,,Cubeb Pepper
test,Cubeb Pepper/CubebPepper307.jpg,,Cubeb Pepper
test,Cubeb Pepper/CubebPepper84.jpg,,Cubeb Pepper
test,Cubeb Pepper/CubebPepper317.jpg,,Cubeb Pepper
test,Cubeb Pepper/CubebPepper64.jpg,,Cubeb Pepper
test,Cubeb Pepper/CubebPepper251.jpg,,Cubeb Pepper
test,Cubeb Pepper/CubebPepper308.jpg,,Cubeb Pepper
test,Cubeb Pepper/CubebPepper201.jpg,,Cubeb Pepper
test,Cubeb Pepper/CubebPepper123.jpg,,Cubeb Pepper
test,Cubeb Pepper/CubebPepper267.jpg,,Cubeb Pepper
test,Cubeb Pepper/CubebPepper256.jpg,,Cubeb Pepper
test,Cubeb Pepper/CubebPepper309.jpg,,Cubeb Pepper
test,Cubeb Pepper/CubebPepper194.jpg,,Cubeb Pepper
test,Cubeb Pepper/CubebPepper65.jpg,,Cubeb Pepper
test,Cubeb Pepper/CubebPepper40.jpg,,Cubeb Pepper
test,Cubeb Pepper/CubebPepper239.jpg,,Cubeb Pepper
test,Cubeb Pepper/CubebPepper85.jpg,,Cubeb Pepper
test,Cubeb Pepper/CubebPepper140.jpg,,Cubeb Pepper
test,Cubeb Pepper/CubebPepper1.jpg,,Cubeb Pepper
test,Cubeb Pepper/CubebPepper6.jpg,,Cubeb Pepper
test,Cubeb Pepper/CubebPepper63.jpg,,Cubeb Pepper
test,Cubeb Pepper/CubebPepper115.jpg,,Cubeb Pepper
test,Cubeb Pepper/CubebPepper29.jpg,,Cubeb Pepper
test,Cubeb Pepper/CubebPepper285.jpg,,Cubeb Pepper
test,Cubeb Pepper/CubebPepper146.jpg,,Cubeb Pepper
test,Cubeb Pepper/CubebPepper107.jpg,,Cubeb Pepper
train,Cumin seeds/CuminSeeds326.jpg,,Cumin seeds
train,Cumin seeds/CuminSeeds228.jpg,,Cumin seeds
train,Cumin seeds/CuminSeeds8.jpg,,Cumin seeds
train,Cumin seeds/CuminSeeds344.jpg,,Cumin seeds
train,Cumin seeds/CuminSeeds88.jpg,,Cumin seeds
train,Cumin seeds/CuminSeeds170.jpg,,Cumin seeds
train,Cumin seeds/CuminSeeds155.jpg,,Cumin seeds
train,Cumin seeds/CuminSeeds221.jpg,,Cumin seeds
train,Cumin seeds/CuminSeeds143.jpg,,Cumin seeds
train,Cumin seeds/CuminSeeds204.jpg,,Cumin seeds
train,Cumin seeds/CuminSeeds98.jpg,,Cumin seeds
train,Cumin seeds/CuminSeeds185.jpg,,Cumin seeds
train,Cumin seeds/CuminSeeds174.jpg,,Cumin seeds
train,Cumin seeds/CuminSeeds337.jpg,,Cumin seeds
train,Cumin seeds/CuminSeeds333.jpg,,Cumin seeds
train,Cumin seeds/CuminSeeds26.jpg,,Cumin seeds
train,Cumin seeds/CuminSeeds65.jpg,,Cumin seeds
train,Cumin seeds/CuminSeeds305.jpg,,Cumin seeds
train,Cumin seeds/CuminSeeds348.jpg,,Cumin seeds
train,Cumin seeds/CuminSeeds94.jpg,,Cumin seeds
train,Cumin seeds/CuminSeeds176.jpg,,Cumin seeds
train,Cumin seeds/CuminSeeds320.jpg,,Cumin seeds
train,Cumin seeds/CuminSeeds142.jpg,,Cumin seeds
train,Cumin seeds/CuminSeeds256.jpg,,Cumin seeds
train,Cumin seeds/CuminSeeds187.jpg,,Cumin seeds
train,Cumin seeds/CuminSeeds206.jpg,,Cumin seeds
train,Cumin seeds/CuminSeeds121.jpg,,Cumin seeds
train,Cumin seeds/CuminSeeds136.jpg,,Cumin seeds
train,Cumin seeds/CuminSeeds110.jpg,,Cumin seeds
train,Cumin seeds/CuminSeeds246.jpg,,Cumin seeds
train,Cumin seeds/CuminSeeds119.jpg,,Cumin seeds
train,Cumin seeds/CuminSeeds282.jpg,,Cumin seeds
train,Cumin seeds/CuminSeeds73.jpg,,Cumin seeds
train,Cumin seeds/CuminSeeds22.jpg,,Cumin seeds
train,Cumin seeds/CuminSeeds149.jpg,,Cumin seeds
train,Cumin seeds/CuminSeeds209.jpg,,Cumin seeds
train,Cumin seeds/CuminSeeds1.jpg,,Cumin seeds
train,Cumin seeds/CuminSeeds301.jpg,,Cumin seeds
train,Cumin seeds/CuminSeeds260.jpg,,Cumin seeds
train,Cumin seeds/CuminSeeds141.jpg,,Cumin seeds
train,Cumin seeds/CuminSeeds336.jpg,,Cumin seeds
train,Cumin seeds/CuminSeeds18.jpg,,Cumin seeds
train,Cumin seeds/CuminSeeds213.jpg,,Cumin seeds
train,Cumin seeds/CuminSeeds72.jpg,,Cumin seeds
train,Cumin seeds/CuminSeeds7.jpg,,Cumin seeds
train,Cumin seeds/CuminSeeds312.jpg,,Cumin seeds
train,Cumin seeds/CuminSeeds134.jpg,,Cumin seeds
train,Cumin seeds/CuminSeeds126.jpg,,Cumin seeds
train,Cumin seeds/CuminSeeds309.jpg,,Cumin seeds
train,Cumin seeds/CuminSeeds261.jpg,,Cumin seeds
train,Cumin seeds/CuminSeeds59.jpg,,Cumin seeds
train,Cumin seeds/CuminSeeds294.jpg,,Cumin seeds
train,Cumin seeds/CuminSeeds53.jpg,,Cumin seeds
train,Cumin seeds/CuminSeeds332.jpg,,Cumin seeds
train,Cumin seeds/CuminSeeds91.jpg,,Cumin seeds
train,Cumin seeds/CuminSeeds84.jpg,,Cumin seeds
train,Cumin seeds/CuminSeeds11.jpg,,Cumin seeds
train,Cumin seeds/CuminSeeds220.jpg,,Cumin seeds
train,Cumin seeds/CuminSeeds104.jpg,,Cumin seeds
train,Cumin seeds/CuminSeeds62.jpg,,Cumin seeds
train,Cumin seeds/CuminSeeds58.jpg,,Cumin seeds
train,Cumin seeds/CuminSeeds120.jpg,,Cumin seeds
train,Cumin seeds/CuminSeeds319.jpg,,Cumin seeds
train,Cumin seeds/CuminSeeds99.jpg,,Cumin seeds
train,Cumin seeds/CuminSeeds283.jpg,,Cumin seeds
train,Cumin seeds/CuminSeeds55.jpg,,Cumin seeds
train,Cumin seeds/CuminSeeds208.jpg,,Cumin seeds
train,Cumin seeds/CuminSeeds178.jpg,,Cumin seeds
train,Cumin seeds/CuminSeeds231.jpg,,Cumin seeds
train,Cumin seeds/CuminSeeds199.jpg,,Cumin seeds
train,Cumin seeds/CuminSeeds68.jpg,,Cumin seeds
train,Cumin seeds/CuminSeeds202.jpg,,Cumin seeds
train,Cumin seeds/CuminSeeds124.jpg,,Cumin seeds
train,Cumin seeds/CuminSeeds290.jpg,,Cumin seeds
train,Cumin seeds/CuminSeeds51.jpg,,Cumin seeds
train,Cumin seeds/CuminSeeds96.jpg,,Cumin seeds
train,Cumin seeds/CuminSeeds227.jpg,,Cumin seeds
train,Cumin seeds/CuminSeeds356.jpg,,Cumin seeds
train,Cumin seeds/CuminSeeds242.jpg,,Cumin seeds
train,Cumin seeds/CuminSeeds131.jpg,,Cumin seeds
train,Cumin seeds/CuminSeeds191.jpg,,Cumin seeds
train,Cumin seeds/CuminSeeds172.jpg,,Cumin seeds
train,Cumin seeds/CuminSeeds49.jpg,,Cumin seeds
train,Cumin seeds/CuminSeeds168.jpg,,Cumin seeds
train,Cumin seeds/CuminSeeds56.jpg,,Cumin seeds
train,Cumin seeds/CuminSeeds292.jpg,,Cumin seeds
train,Cumin seeds/CuminSeeds211.jpg,,Cumin seeds
train,Cumin seeds/CuminSeeds129.jpg,,Cumin seeds
train,Cumin seeds/CuminSeeds61.jpg,,Cumin seeds
train,Cumin seeds/CuminSeeds80.jpg,,Cumin seeds
train,Cumin seeds/CuminSeeds115.jpg,,Cumin seeds
train,Cumin seeds/CuminSeeds188.jpg,,Cumin seeds
train,Cumin seeds/CuminSeeds285.jpg,,Cumin seeds
train,Cumin seeds/CuminSeeds353.jpg,,Cumin seeds
train,Cumin seeds/CuminSeeds76.jpg,,Cumin seeds
train,Cumin seeds/CuminSeeds114.jpg,,Cumin seeds
train,Cumin seeds/CuminSeeds194.jpg,,Cumin seeds
train,Cumin seeds/CuminSeeds195.jpg,,Cumin seeds
train,Cumin seeds/CuminSeeds69.jpg,,Cumin seeds
train,Cumin seeds/CuminSeeds253.jpg,,Cumin seeds
train,Cumin seeds/CuminSeeds66.jpg,,Cumin seeds
train,Cumin seeds/CuminSeeds127.jpg,,Cumin seeds
train,Cumin seeds/CuminSeeds272.jpg,,Cumin seeds
train,Cumin seeds/CuminSeeds249.jpg,,Cumin seeds
train,Cumin seeds/CuminSeeds241.jpg,,Cumin seeds
train,Cumin seeds/CuminSeeds313.jpg,,Cumin seeds
train,Cumin seeds/CuminSeeds167.jpg,,Cumin seeds
train,Cumin seeds/CuminSeeds27.jpg,,Cumin seeds
train,Cumin seeds/CuminSeeds198.jpg,,Cumin seeds
train,Cumin seeds/CuminSeeds2.jpg,,Cumin seeds
train,Cumin seeds/CuminSeeds34.jpg,,Cumin seeds
train,Cumin seeds/CuminSeeds270.jpg,,Cumin seeds
train,Cumin seeds/CuminSeeds111.jpg,,Cumin seeds
train,Cumin seeds/CuminSeeds247.jpg,,Cumin seeds
train,Cumin seeds/CuminSeeds307.jpg,,Cumin seeds
train,Cumin seeds/CuminSeeds225.jpg,,Cumin seeds
train,Cumin seeds/CuminSeeds147.jpg,,Cumin seeds
train,Cumin seeds/CuminSeeds125.jpg,,Cumin seeds
train,Cumin seeds/CuminSeeds175.jpg,,Cumin seeds
train,Cumin seeds/CuminSeeds78.jpg,,Cumin seeds
train,Cumin seeds/CuminSeeds193.jpg,,Cumin seeds
train,Cumin seeds/CuminSeeds52.jpg,,Cumin seeds
train,Cumin seeds/CuminSeeds169.jpg,,Cumin seeds
train,Cumin seeds/CuminSeeds140.jpg,,Cumin seeds
train,Cumin seeds/CuminSeeds87.jpg,,Cumin seeds
train,Cumin seeds/CuminSeeds77.jpg,,Cumin seeds
train,Cumin seeds/CuminSeeds31.jpg,,Cumin seeds
train,Cumin seeds/CuminSeeds303.jpg,,Cumin seeds
train,Cumin seeds/CuminSeeds318.jpg,,Cumin seeds
train,Cumin seeds/CuminSeeds230.jpg,,Cumin seeds
train,Cumin seeds/CuminSeeds43.jpg,,Cumin seeds
train,Cumin seeds/CuminSeeds79.jpg,,Cumin seeds
train,Cumin seeds/CuminSeeds74.jpg,,Cumin seeds
train,Cumin seeds/CuminSeeds266.jpg,,Cumin seeds
train,Cumin seeds/CuminSeeds273.jpg,,Cumin seeds
train,Cumin seeds/CuminSeeds10.jpg,,Cumin seeds
train,Cumin seeds/CuminSeeds259.jpg,,Cumin seeds
train,Cumin seeds/CuminSeeds255.jpg,,Cumin seeds
train,Cumin seeds/CuminSeeds179.jpg,,Cumin seeds
train,Cumin seeds/CuminSeeds180.jpg,,Cumin seeds
train,Cumin seeds/CuminSeeds298.jpg,,Cumin seeds
train,Cumin seeds/CuminSeeds296.jpg,,Cumin seeds
train,Cumin seeds/CuminSeeds284.jpg,,Cumin seeds
train,Cumin seeds/CuminSeeds237.jpg,,Cumin seeds
train,Cumin seeds/CuminSeeds157.jpg,,Cumin seeds
train,Cumin seeds/CuminSeeds321.jpg,,Cumin seeds
train,Cumin seeds/CuminSeeds346.jpg,,Cumin seeds
train,Cumin seeds/CuminSeeds274.jpg,,Cumin seeds
train,Cumin seeds/CuminSeeds233.jpg,,Cumin seeds
train,Cumin seeds/CuminSeeds186.jpg,,Cumin seeds
train,Cumin seeds/CuminSeeds57.jpg,,Cumin seeds
train,Cumin seeds/CuminSeeds71.jpg,,Cumin seeds
train,Cumin seeds/CuminSeeds291.jpg,,Cumin seeds
train,Cumin seeds/CuminSeeds299.jpg,,Cumin seeds
train,Cumin seeds/CuminSeeds252.jpg,,Cumin seeds
train,Cumin seeds/CuminSeeds162.jpg,,Cumin seeds
train,Cumin seeds/CuminSeeds219.jpg,,Cumin seeds
train,Cumin seeds/CuminSeeds122.jpg,,Cumin seeds
train,Cumin seeds/CuminSeeds48.jpg,,Cumin seeds
train,Cumin seeds/CuminSeeds289.jpg,,Cumin seeds
train,Cumin seeds/CuminSeeds109.jpg,,Cumin seeds
train,Cumin seeds/CuminSeeds203.jpg,,Cumin seeds
train,Cumin seeds/CuminSeeds316.jpg,,Cumin seeds
train,Cumin seeds/CuminSeeds349.jpg,,Cumin seeds
train,Cumin seeds/CuminSeeds42.jpg,,Cumin seeds
train,Cumin seeds/CuminSeeds218.jpg,,Cumin seeds
train,Cumin seeds/CuminSeeds146.jpg,,Cumin seeds
train,Cumin seeds/CuminSeeds269.jpg,,Cumin seeds
train,Cumin seeds/CuminSeeds254.jpg,,Cumin seeds
train,Cumin seeds/CuminSeeds47.jpg,,Cumin seeds
train,Cumin seeds/CuminSeeds33.jpg,,Cumin seeds
train,Cumin seeds/CuminSeeds113.jpg,,Cumin seeds
train,Cumin seeds/CuminSeeds152.jpg,,Cumin seeds
train,Cumin seeds/CuminSeeds325.jpg,,Cumin seeds
train,Cumin seeds/CuminSeeds15.jpg,,Cumin seeds
train,Cumin seeds/CuminSeeds108.jpg,,Cumin seeds
train,Cumin seeds/CuminSeeds328.jpg,,Cumin seeds
train,Cumin seeds/CuminSeeds21.jpg,,Cumin seeds
train,Cumin seeds/CuminSeeds37.jpg,,Cumin seeds
train,Cumin seeds/CuminSeeds75.jpg,,Cumin seeds
train,Cumin seeds/CuminSeeds262.jpg,,Cumin seeds
train,Cumin seeds/CuminSeeds81.jpg,,Cumin seeds
train,Cumin seeds/CuminSeeds14.jpg,,Cumin seeds
train,Cumin seeds/CuminSeeds135.jpg,,Cumin seeds
train,Cumin seeds/CuminSeeds201.jpg,,Cumin seeds
train,Cumin seeds/CuminSeeds315.jpg,,Cumin seeds
train,Cumin seeds/CuminSeeds217.jpg,,Cumin seeds
train,Cumin seeds/CuminSeeds137.jpg,,Cumin seeds
train,Cumin seeds/CuminSeeds257.jpg,,Cumin seeds
train,Cumin seeds/CuminSeeds240.jpg,,Cumin seeds
train,Cumin seeds/CuminSeeds154.jpg,,Cumin seeds
train,Cumin seeds/CuminSeeds331.jpg,,Cumin seeds
train,Cumin seeds/CuminSeeds339.jpg,,Cumin seeds
train,Cumin seeds/CuminSeeds288.jpg,,Cumin seeds
train,Cumin seeds/CuminSeeds286.jpg,,Cumin seeds
train,Cumin seeds/CuminSeeds357.jpg,,Cumin seeds
train,Cumin seeds/CuminSeeds9.jpg,,Cumin seeds
train,Cumin seeds/CuminSeeds216.jpg,,Cumin seeds
train,Cumin seeds/CuminSeeds359.jpg,,Cumin seeds
train,Cumin seeds/CuminSeeds205.jpg,,Cumin seeds
train,Cumin seeds/CuminSeeds36.jpg,,Cumin seeds
train,Cumin seeds/CuminSeeds166.jpg,,Cumin seeds
train,Cumin seeds/CuminSeeds310.jpg,,Cumin seeds
train,Cumin seeds/CuminSeeds234.jpg,,Cumin seeds
train,Cumin seeds/CuminSeeds277.jpg,,Cumin seeds
train,Cumin seeds/CuminSeeds150.jpg,,Cumin seeds
train,Cumin seeds/CuminSeeds19.jpg,,Cumin seeds
train,Cumin seeds/CuminSeeds183.jpg,,Cumin seeds
train,Cumin seeds/CuminSeeds133.jpg,,Cumin seeds
train,Cumin seeds/CuminSeeds327.jpg,,Cumin seeds
train,Cumin seeds/CuminSeeds25.jpg,,Cumin seeds
train,Cumin seeds/CuminSeeds38.jpg,,Cumin seeds
train,Cumin seeds/CuminSeeds223.jpg,,Cumin seeds
train,Cumin seeds/CuminSeeds224.jpg,,Cumin seeds
train,Cumin seeds/CuminSeeds159.jpg,,Cumin seeds
train,Cumin seeds/CuminSeeds324.jpg,,Cumin seeds
train,Cumin seeds/CuminSeeds107.jpg,,Cumin seeds
train,Cumin seeds/CuminSeeds86.jpg,,Cumin seeds
train,Cumin seeds/CuminSeeds93.jpg,,Cumin seeds
train,Cumin seeds/CuminSeeds276.jpg,,Cumin seeds
train,Cumin seeds/CuminSeeds192.jpg,,Cumin seeds
train,Cumin seeds/CuminSeeds3.jpg,,Cumin seeds
train,Cumin seeds/CuminSeeds41.jpg,,Cumin seeds
train,Cumin seeds/CuminSeeds287.jpg,,Cumin seeds
train,Cumin seeds/CuminSeeds105.jpg,,Cumin seeds
train,Cumin seeds/CuminSeeds341.jpg,,Cumin seeds
train,Cumin seeds/CuminSeeds45.jpg,,Cumin seeds
train,Cumin seeds/CuminSeeds295.jpg,,Cumin seeds
train,Cumin seeds/CuminSeeds102.jpg,,Cumin seeds
train,Cumin seeds/CuminSeeds314.jpg,,Cumin seeds
train,Cumin seeds/CuminSeeds308.jpg,,Cumin seeds
train,Cumin seeds/CuminSeeds342.jpg,,Cumin seeds
train,Cumin seeds/CuminSeeds116.jpg,,Cumin seeds
train,Cumin seeds/CuminSeeds338.jpg,,Cumin seeds
train,Cumin seeds/CuminSeeds302.jpg,,Cumin seeds
train,Cumin seeds/CuminSeeds268.jpg,,Cumin seeds
train,Cumin seeds/CuminSeeds16.jpg,,Cumin seeds
train,Cumin seeds/CuminSeeds358.jpg,,Cumin seeds
train,Cumin seeds/CuminSeeds222.jpg,,Cumin seeds
train,Cumin seeds/CuminSeeds329.jpg,,Cumin seeds
train,Cumin seeds/CuminSeeds35.jpg,,Cumin seeds
train,Cumin seeds/CuminSeeds50.jpg,,Cumin seeds
train,Cumin seeds/CuminSeeds340.jpg,,Cumin seeds
train,Cumin seeds/CuminSeeds163.jpg,,Cumin seeds
train,Cumin seeds/CuminSeeds293.jpg,,Cumin seeds
train,Cumin seeds/CuminSeeds117.jpg,,Cumin seeds
train,Cumin seeds/CuminSeeds239.jpg,,Cumin seeds
train,Cumin seeds/CuminSeeds248.jpg,,Cumin seeds
train,Cumin seeds/CuminSeeds82.jpg,,Cumin seeds
train,Cumin seeds/CuminSeeds40.jpg,,Cumin seeds
train,Cumin seeds/CuminSeeds334.jpg,,Cumin seeds
train,Cumin seeds/CuminSeeds210.jpg,,Cumin seeds
train,Cumin seeds/CuminSeeds343.jpg,,Cumin seeds
train,Cumin seeds/CuminSeeds278.jpg,,Cumin seeds
train,Cumin seeds/CuminSeeds181.jpg,,Cumin seeds
train,Cumin seeds/CuminSeeds304.jpg,,Cumin seeds
train,Cumin seeds/CuminSeeds92.jpg,,Cumin seeds
train,Cumin seeds/CuminSeeds32.jpg,,Cumin seeds
train,Cumin seeds/CuminSeeds64.jpg,,Cumin seeds
train,Cumin seeds/CuminSeeds160.jpg,,Cumin seeds
train,Cumin seeds/CuminSeeds265.jpg,,Cumin seeds
train,Cumin seeds/CuminSeeds226.jpg,,Cumin seeds
train,Cumin seeds/CuminSeeds30.jpg,,Cumin seeds
train,Cumin seeds/CuminSeeds46.jpg,,Cumin seeds
train,Cumin seeds/CuminSeeds212.jpg,,Cumin seeds
train,Cumin seeds/CuminSeeds243.jpg,,Cumin seeds
train,Cumin seeds/CuminSeeds60.jpg,,Cumin seeds
train,Cumin seeds/CuminSeeds177.jpg,,Cumin seeds
train,Cumin seeds/CuminSeeds297.jpg,,Cumin seeds
train,Cumin seeds/CuminSeeds244.jpg,,Cumin seeds
train,Cumin seeds/CuminSeeds267.jpg,,Cumin seeds
train,Cumin seeds/CuminSeeds17.jpg,,Cumin seeds
train,Cumin seeds/CuminSeeds83.jpg,,Cumin seeds
train,Cumin seeds/CuminSeeds250.jpg,,Cumin seeds
train,Cumin seeds/CuminSeeds306.jpg,,Cumin seeds
train,Cumin seeds/CuminSeeds322.jpg,,Cumin seeds
train,Cumin seeds/CuminSeeds245.jpg,,Cumin seeds
train,Cumin seeds/CuminSeeds90.jpg,,Cumin seeds
train,Cumin seeds/CuminSeeds130.jpg,,Cumin seeds
train,Cumin seeds/CuminSeeds23.jpg,,Cumin seeds
train,Cumin seeds/CuminSeeds145.jpg,,Cumin seeds
train,Cumin seeds/CuminSeeds207.jpg,,Cumin seeds
train,Cumin seeds/CuminSeeds158.jpg,,Cumin seeds
train,Cumin seeds/CuminSeeds263.jpg,,Cumin seeds
train,Cumin seeds/CuminSeeds251.jpg,,Cumin seeds
train,Cumin seeds/CuminSeeds323.jpg,,Cumin seeds
train,Cumin seeds/CuminSeeds190.jpg,,Cumin seeds
train,Cumin seeds/CuminSeeds144.jpg,,Cumin seeds
val,Cumin seeds/CuminSeeds214.jpg,,Cumin seeds
val,Cumin seeds/CuminSeeds13.jpg,,Cumin seeds
val,Cumin seeds/CuminSeeds97.jpg,,Cumin seeds
val,Cumin seeds/CuminSeeds89.jpg,,Cumin seeds
val,Cumin seeds/CuminSeeds4.jpg,,Cumin seeds
val,Cumin seeds/CuminSeeds311.jpg,,Cumin seeds
val,Cumin seeds/CuminSeeds352.jpg,,Cumin seeds
val,Cumin seeds/CuminSeeds123.jpg,,Cumin seeds
val,Cumin seeds/CuminSeeds360.jpg,,Cumin seeds
val,Cumin seeds/CuminSeeds182.jpg,,Cumin seeds
val,Cumin seeds/CuminSeeds151.jpg,,Cumin seeds
val,Cumin seeds/CuminSeeds189.jpg,,Cumin seeds
val,Cumin seeds/CuminSeeds215.jpg,,Cumin seeds
val,Cumin seeds/CuminSeeds200.jpg,,Cumin seeds
val,Cumin seeds/CuminSeeds184.jpg,,Cumin seeds
val,Cumin seeds/CuminSeeds173.jpg,,Cumin seeds
val,Cumin seeds/CuminSeeds63.jpg,,Cumin seeds
val,Cumin seeds/CuminSeeds335.jpg,,Cumin seeds
val,Cumin seeds/CuminSeeds29.jpg,,Cumin seeds
val,Cumin seeds/CuminSeeds197.jpg,,Cumin seeds
val,Cumin seeds/CuminSeeds258.jpg,,Cumin seeds
val,Cumin seeds/CuminSeeds196.jpg,,Cumin seeds
val,Cumin seeds/CuminSeeds24.jpg,,Cumin seeds
val,Cumin seeds/CuminSeeds138.jpg,,Cumin seeds
val,Cumin seeds/CuminSeeds351.jpg,,Cumin seeds
val,Cumin seeds/CuminSeeds347.jpg,,Cumin seeds
val,Cumin seeds/CuminSeeds280.jpg,,Cumin seeds
val,Cumin seeds/CuminSeeds5.jpg,,Cumin seeds
val,Cumin seeds/CuminSeeds39.jpg,,Cumin seeds
val,Cumin seeds/CuminSeeds100.jpg,,Cumin seeds
val,Cumin seeds/CuminSeeds118.jpg,,Cumin seeds
val,Cumin seeds/CuminSeeds156.jpg,,Cumin seeds
val,Cumin seeds/CuminSeeds164.jpg,,Cumin seeds
val,Cumin seeds/CuminSeeds355.jpg,,Cumin seeds
val,Cumin seeds/CuminSeeds354.jpg,,Cumin seeds
val,Cumin seeds/CuminSeeds103.jpg,,Cumin seeds
test,Cumin seeds/CuminSeeds271.jpg,,Cumin seeds
test,Cumin seeds/CuminSeeds236.jpg,,Cumin seeds
test,Cumin seeds/CuminSeeds165.jpg,,Cumin seeds
test,Cumin seeds/CuminSeeds67.jpg,,Cumin seeds
test,Cumin seeds/CuminSeeds235.jpg,,Cumin seeds
test,Cumin seeds/CuminSeeds350.jpg,,Cumin seeds
test,Cumin seeds/CuminSeeds28.jpg,,Cumin seeds
test,Cumin seeds/CuminSeeds161.jpg,,Cumin seeds
test,Cumin seeds/CuminSeeds20.jpg,,Cumin seeds
test,Cumin seeds/CuminSeeds95.jpg,,Cumin seeds
test,Cumin seeds/CuminSeeds171.jpg,,Cumin seeds
test,Cumin seeds/CuminSeeds317.jpg,,Cumin seeds
test,Cumin seeds/CuminSeeds112.jpg,,Cumin seeds
test,Cumin seeds/CuminSeeds281.jpg,,Cumin seeds
test,Cumin seeds/CuminSeeds275.jpg,,Cumin seeds
test,Cumin seeds/CuminSeeds300.jpg,,Cumin seeds
test,Cumin seeds/CuminSeeds229.jpg,,Cumin seeds
test,Cumin seeds/CuminSeeds139.jpg,,Cumin seeds
test,Cumin seeds/CuminSeeds54.jpg,,Cumin seeds
test,Cumin seeds/CuminSeeds238.jpg,,Cumin seeds
test,Cumin seeds/CuminSeeds232.jpg,,Cumin seeds
test,Cumin seeds/CuminSeeds148.jpg,,Cumin seeds
test,Cumin seeds/CuminSeeds330.jpg,,Cumin seeds
test,Cumin seeds/CuminSeeds264.jpg,,Cumin seeds
test,Cumin seeds/CuminSeeds132.jpg,,Cumin seeds
test,Cumin seeds/CuminSeeds12.jpg,,Cumin seeds
test,Cumin seeds/CuminSeeds44.jpg,,Cumin seeds
test,Cumin seeds/CuminSeeds128.jpg,,Cumin seeds
test,Cumin seeds/CuminSeeds6.jpg,,Cumin seeds
test,Cumin seeds/CuminSeeds70.jpg,,Cumin seeds
test,Cumin seeds/CuminSeeds101.jpg,,Cumin seeds
test,Cumin seeds/CuminSeeds345.jpg,,Cumin seeds
test,Cumin seeds/CuminSeeds153.jpg,,Cumin seeds
test,Cumin seeds/CuminSeeds85.jpg,,Cumin seeds
test,Cumin seeds/CuminSeeds279.jpg,,Cumin seeds
test,Cumin seeds/CuminSeeds106.jpg,,Cumin seeds
train,Dry Ginger/DryGinger426.jpg,,Dry Ginger
train,Dry Ginger/DryGinger448.jpg,,Dry Ginger
train,Dry Ginger/DryGinger78.jpg,,Dry Ginger
train,Dry Ginger/DryGinger17.jpg,,Dry Ginger
train,Dry Ginger/DryGinger380.jpg,,Dry Ginger
train,Dry Ginger/DryGinger344.jpg,,Dry Ginger
train,Dry Ginger/DryGinger374.jpg,,Dry Ginger
train,Dry Ginger/DryGinger699.jpg,,Dry Ginger
train,Dry Ginger/DryGinger681.jpg,,Dry Ginger
train,Dry Ginger/DryGinger121.jpg,,Dry Ginger
train,Dry Ginger/DryGinger624.jpg,,Dry Ginger
train,Dry Ginger/DryGinger537.jpg,,Dry Ginger
train,Dry Ginger/DryGinger556.jpg,,Dry Ginger
train,Dry Ginger/DryGinger388.jpg,,Dry Ginger
train,Dry Ginger/DryGinger418.jpg,,Dry Ginger
train,Dry Ginger/DryGinger697.jpg,,Dry Ginger
train,Dry Ginger/DryGinger93.jpg,,Dry Ginger
train,Dry Ginger/DryGinger148.jpg,,Dry Ginger
train,Dry Ginger/DryGinger167.jpg,,Dry Ginger
train,Dry Ginger/DryGinger165.jpg,,Dry Ginger
train,Dry Ginger/DryGinger335.jpg,,Dry Ginger
train,Dry Ginger/DryGinger251.jpg,,Dry Ginger
train,Dry Ginger/DryGinger599.jpg,,Dry Ginger
train,Dry Ginger/DryGinger632.jpg,,Dry Ginger
train,Dry Ginger/DryGinger60.jpg,,Dry Ginger
train,Dry Ginger/DryGinger118.jpg,,Dry Ginger
train,Dry Ginger/DryGinger201.jpg,,Dry Ginger
train,Dry Ginger/DryGinger181.jpg,,Dry Ginger
train,Dry Ginger/DryGinger215.jpg,,Dry Ginger
train,Dry Ginger/DryGinger680.jpg,,Dry Ginger
train,Dry Ginger/DryGinger10.jpg,,Dry Ginger
train,Dry Ginger/DryGinger349.jpg,,Dry Ginger
train,Dry Ginger/DryGinger514.jpg,,Dry Ginger
train,Dry Ginger/DryGinger536.jpg,,Dry Ginger
train,Dry Ginger/DryGinger694.jpg,,Dry Ginger
train,Dry Ginger/DryGinger313.jpg,,Dry Ginger
train,Dry Ginger/DryGinger220.jpg,,Dry Ginger
train,Dry Ginger/DryGinger96.jpg,,Dry Ginger
train,Dry Ginger/DryGinger622.jpg,,Dry Ginger
train,Dry Ginger/DryGinger159.jpg,,Dry Ginger
train,Dry Ginger/DryGinger326.jpg,,Dry Ginger
train,Dry Ginger/DryGinger234.jpg,,Dry Ginger
train,Dry Ginger/DryGinger550.jpg,,Dry Ginger
train,Dry Ginger/DryGinger105.jpg,,Dry Ginger
train,Dry Ginger/DryGinger291.jpg,,Dry Ginger
train,Dry Ginger/DryGinger486.jpg,,Dry Ginger
train,Dry Ginger/DryGinger290.jpg,,Dry Ginger
train,Dry Ginger/DryGinger579.jpg,,Dry Ginger
train,Dry Ginger/DryGinger511.jpg,,Dry Ginger
train,Dry Ginger/DryGinger437.jpg,,Dry Ginger
train,Dry Ginger/DryGinger604.jpg,,Dry Ginger
train,Dry Ginger/DryGinger35.jpg,,Dry Ginger
train,Dry Ginger/DryGinger261.jpg,,Dry Ginger
train,Dry Ginger/DryGinger36.jpg,,Dry Ginger
train,Dry Ginger/DryGinger392.jpg,,Dry Ginger
train,Dry Ginger/DryGinger552.jpg,,Dry Ginger
train,Dry Ginger/DryGinger294.jpg,,Dry Ginger
train,Dry Ginger/DryGinger272.jpg,,Dry Ginger
train,Dry Ginger/DryGinger404.jpg,,Dry Ginger
train,Dry Ginger/DryGinger642.jpg,,Dry Ginger
train,Dry Ginger/DryGinger229.jpg,,Dry Ginger
train,Dry Ginger/DryGinger590.jpg,,Dry Ginger
train,Dry Ginger/DryGinger69.jpg,,Dry Ginger
train,Dry Ginger/DryGinger406.jpg,,Dry Ginger
train,Dry Ginger/DryGinger227.jpg,,Dry Ginger
train,Dry Ginger/DryGinger705.jpg,,Dry Ginger
train,Dry Ginger/DryGinger195.jpg,,Dry Ginger
train,Dry Ginger/DryGinger311.jpg,,Dry Ginger
train,Dry Ginger/DryGinger193.jpg,,Dry Ginger
train,Dry Ginger/DryGinger588.jpg,,Dry Ginger
train,Dry Ginger/DryGinger659.jpg,,Dry Ginger
train,Dry Ginger/DryGinger678.jpg,,Dry Ginger
train,Dry Ginger/DryGinger452.jpg,,Dry Ginger
train,Dry Ginger/DryGinger278.jpg,,Dry Ginger
train,Dry Ginger/DryGinger562.jpg,,Dry Ginger
train,Dry Ginger/DryGinger413.jpg,,Dry Ginger
train,Dry Ginger/DryGinger150.jpg,,Dry Ginger
train,Dry Ginger/DryGinger210.jpg,,Dry Ginger
train,Dry Ginger/DryGinger385.jpg,,Dry Ginger
train,Dry Ginger/DryGinger472.jpg,,Dry Ginger
train,Dry Ginger/DryGinger27.jpg,,Dry Ginger
train,Dry Ginger/DryGinger522.jpg,,Dry Ginger
train,Dry Ginger/DryGinger238.jpg,,Dry Ginger
train,Dry Ginger/DryGinger130.jpg,,Dry Ginger
train,Dry Ginger/DryGinger449.jpg,,Dry Ginger
train,Dry Ginger/DryGinger136.jpg,,Dry Ginger
train,Dry Ginger/DryGinger231.jpg,,Dry Ginger
train,Dry Ginger/DryGinger602.jpg,,Dry Ginger
train,Dry Ginger/DryGinger478.jpg,,Dry Ginger
train,Dry Ginger/DryGinger487.jpg,,Dry Ginger
train,Dry Ginger/DryGinger277.jpg,,Dry Ginger
train,Dry Ginger/DryGinger256.jpg,,Dry Ginger
train,Dry Ginger/DryGinger51.jpg,,Dry Ginger
train,Dry Ginger/DryGinger300.jpg,,Dry Ginger
train,Dry Ginger/DryGinger269.jpg,,Dry Ginger
train,Dry Ginger/DryGinger72.jpg,,Dry Ginger
train,Dry Ginger/DryGinger580.jpg,,Dry Ginger
train,Dry Ginger/DryGinger371.jpg,,Dry Ginger
train,Dry Ginger/DryGinger331.jpg,,Dry Ginger
train,Dry Ginger/DryGinger529.jpg,,Dry Ginger
train,Dry Ginger/DryGinger288.jpg,,Dry Ginger
train,Dry Ginger/DryGinger63.jpg,,Dry Ginger
train,Dry Ginger/DryGinger236.jpg,,Dry Ginger
train,Dry Ginger/DryGinger28.jpg,,Dry Ginger
train,Dry Ginger/DryGinger342.jpg,,Dry Ginger
train,Dry Ginger/DryGinger66.jpg,,Dry Ginger
train,Dry Ginger/DryGinger8.jpg,,Dry Ginger
train,Dry Ginger/DryGinger250.jpg,,Dry Ginger
train,Dry Ginger/DryGinger695.jpg,,Dry Ginger
train,Dry Ginger/DryGinger15.jpg,,Dry Ginger
train,Dry Ginger/DryGinger192.jpg,,Dry Ginger
train,Dry Ginger/DryGinger139.jpg,,Dry Ginger
train,Dry Ginger/DryGinger676.jpg,,Dry Ginger
train,Dry Ginger/DryGinger509.jpg,,Dry Ginger
train,Dry Ginger/DryGinger561.jpg,,Dry Ginger
train,Dry Ginger/DryGinger163.jpg,,Dry Ginger
train,Dry Ginger/DryGinger346.jpg,,Dry Ginger
train,Dry Ginger/DryGinger125.jpg,,Dry Ginger
train,Dry Ginger/DryGinger369.jpg,,Dry Ginger
train,Dry Ginger/DryGinger113.jpg,,Dry Ginger
train,Dry Ginger/DryGinger235.jpg,,Dry Ginger
train,Dry Ginger/DryGinger710.jpg,,Dry Ginger
train,Dry Ginger/DryGinger698.jpg,,Dry Ginger
train,Dry Ginger/DryGinger454.jpg,,Dry Ginger
train,Dry Ginger/DryGinger116.jpg,,Dry Ginger
train,Dry Ginger/DryGinger582.jpg,,Dry Ginger
train,Dry Ginger/DryGinger648.jpg,,Dry Ginger
train,Dry Ginger/DryGinger450.jpg,,Dry Ginger
train,Dry Ginger/DryGinger669.jpg,,Dry Ginger
train,Dry Ginger/DryGinger177.jpg,,Dry Ginger
train,Dry Ginger/DryGinger456.jpg,,Dry Ginger
train,Dry Ginger/DryGinger324.jpg,,Dry Ginger
train,Dry Ginger/DryGinger491.jpg,,Dry Ginger
train,Dry Ginger/DryGinger438.jpg,,Dry Ginger
train,Dry Ginger/DryGinger119.jpg,,Dry Ginger
train,Dry Ginger/DryGinger548.jpg,,Dry Ginger
train,Dry Ginger/DryGinger134.jpg,,Dry Ginger
train,Dry Ginger/DryGinger706.jpg,,Dry Ginger
train,Dry Ginger/DryGinger327.jpg,,Dry Ginger
train,Dry Ginger/DryGinger617.jpg,,Dry Ginger
train,Dry Ginger/DryGinger656.jpg,,Dry Ginger
train,Dry Ginger/DryGinger46.jpg,,Dry Ginger
train,Dry Ginger/DryGinger79.jpg,,Dry Ginger
train,Dry Ginger/DryGinger650.jpg,,Dry Ginger
train,Dry Ginger/DryGinger422.jpg,,Dry Ginger
train,Dry Ginger/DryGinger32.jpg,,Dry Ginger
train,Dry Ginger/DryGinger333.jpg,,Dry Ginger
train,Dry Ginger/DryGinger2.jpg,,Dry Ginger
train,Dry Ginger/DryGinger153.jpg,,Dry Ginger
train,Dry Ginger/DryGinger305.jpg,,Dry Ginger
train,Dry Ginger/DryGinger715.jpg,,Dry Ginger
train,Dry Ginger/DryGinger4.jpg,,Dry Ginger
train,Dry Ginger/DryGinger520.jpg,,Dry Ginger
train,Dry Ginger/DryGinger252.jpg,,Dry Ginger
train,Dry Ginger/DryGinger502.jpg,,Dry Ginger
train,Dry Ginger/DryGinger21.jpg,,Dry Ginger
train,Dry Ginger/DryGinger626.jpg,,Dry Ginger
train,Dry Ginger/DryGinger350.jpg,,Dry Ginger
train,Dry Ginger/DryGinger25.jpg,,Dry Ginger
train,Dry Ginger/DryGinger225.jpg,,Dry Ginger
train,Dry Ginger/DryGinger80.jpg,,Dry Ginger
train,Dry Ginger/DryGinger498.jpg,,Dry Ginger
train,Dry Ginger/DryGinger704.jpg,,Dry Ginger
train,Dry Ginger/DryGinger276.jpg,,Dry Ginger
train,Dry Ginger/DryGinger189.jpg,,Dry Ginger
train,Dry Ginger/DryGinger597.jpg,,Dry Ginger
train,Dry Ginger/DryGinger396.jpg,,Dry Ginger
train,Dry Ginger/DryGinger682.jpg,,Dry Ginger
train,Dry Ginger/DryGinger485.jpg,,Dry Ginger
train,Dry Ginger/DryGinger94.jpg,,Dry Ginger
train,Dry Ginger/DryGinger483.jpg,,Dry Ginger
train,Dry Ginger/DryGinger482.jpg,,Dry Ginger
train,Dry Ginger/DryGinger68.jpg,,Dry Ginger
train,Dry Ginger/DryGinger200.jpg,,Dry Ginger
train,Dry Ginger/DryGinger188.jpg,,Dry Ginger
train,Dry Ginger/DryGinger156.jpg,,Dry Ginger
train,Dry Ginger/DryGinger127.jpg,,Dry Ginger
train,Dry Ginger/DryGinger280.jpg,,Dry Ginger
train,Dry Ginger/DryGinger187.jpg,,Dry Ginger
train,Dry Ginger/DryGinger386.jpg,,Dry Ginger
train,Dry Ginger/DryGinger475.jpg,,Dry Ginger
train,Dry Ginger/DryGinger322.jpg,,Dry Ginger
train,Dry Ginger/DryGinger701.jpg,,Dry Ginger
train,Dry Ginger/DryGinger376.jpg,,Dry Ginger
train,Dry Ginger/DryGinger115.jpg,,Dry Ginger
train,Dry Ginger/DryGinger506.jpg,,Dry Ginger
train,Dry Ginger/DryGinger508.jpg,,Dry Ginger
train,Dry Ginger/DryGinger444.jpg,,Dry Ginger
train,Dry Ginger/DryGinger132.jpg,,Dry Ginger
train,Dry Ginger/DryGinger117.jpg,,Dry Ginger
train,Dry Ginger/DryGinger175.jpg,,Dry Ginger
train,Dry Ginger/DryGinger106.jpg,,Dry Ginger
train,Dry Ginger/DryGinger56.jpg,,Dry Ginger
train,Dry Ginger/DryGinger368.jpg,,Dry Ginger
train,Dry Ginger/DryGinger540.jpg,,Dry Ginger
train,Dry Ginger/DryGinger45.jpg,,Dry Ginger
train,Dry Ginger/DryGinger504.jpg,,Dry Ginger
train,Dry Ginger/DryGinger407.jpg,,Dry Ginger
train,Dry Ginger/DryGinger383.jpg,,Dry Ginger
train,Dry Ginger/DryGinger565.jpg,,Dry Ginger
train,Dry Ginger/DryGinger596.jpg,,Dry Ginger
train,Dry Ginger/DryGinger571.jpg,,Dry Ginger
train,Dry Ginger/DryGinger530.jpg,,Dry Ginger
train,Dry Ginger/DryGinger12.jpg,,Dry Ginger
train,Dry Ginger/DryGinger152.jpg,,Dry Ginger
train,Dry Ginger/DryGinger100.jpg,,Dry Ginger
train,Dry Ginger/DryGinger525.jpg,,Dry Ginger
train,Dry Ginger/DryGinger330.jpg,,Dry Ginger
train,Dry Ginger/DryGinger75.jpg,,Dry Ginger
train,Dry Ginger/DryGinger402.jpg,,Dry Ginger
train,Dry Ginger/DryGinger655.jpg,,Dry Ginger
train,Dry Ginger/DryGinger401.jpg,,Dry Ginger
train,Dry Ginger/DryGinger122.jpg,,Dry Ginger
train,Dry Ginger/DryGinger141.jpg,,Dry Ginger
train,Dry Ginger/DryGinger643.jpg,,Dry Ginger
train,Dry Ginger/DryGinger423.jpg,,Dry Ginger
train,Dry Ginger/DryGinger11.jpg,,Dry Ginger
train,Dry Ginger/DryGinger684.jpg,,Dry Ginger
train,Dry Ginger/DryGinger587.jpg,,Dry Ginger
train,Dry Ginger/DryGinger90.jpg,,Dry Ginger
train,Dry Ginger/DryGinger554.jpg,,Dry Ginger
train,Dry Ginger/DryGinger211.jpg,,Dry Ginger
train,Dry Ginger/DryGinger581.jpg,,Dry Ginger
train,Dry Ginger/DryGinger560.jpg,,Dry Ginger
train,Dry Ginger/DryGinger460.jpg,,Dry Ginger
train,Dry Ginger/DryGinger202.jpg,,Dry Ginger
train,Dry Ginger/DryGinger366.jpg,,Dry Ginger
train,Dry Ginger/DryGinger434.jpg,,Dry Ginger
train,Dry Ginger/DryGinger246.jpg,,Dry Ginger
train,Dry Ginger/DryGinger616.jpg,,Dry Ginger
train,Dry Ginger/DryGinger687.jpg,,Dry Ginger
train,Dry Ginger/DryGinger67.jpg,,Dry Ginger
train,Dry Ginger/DryGinger140.jpg,,Dry Ginger
train,Dry Ginger/DryGinger435.jpg,,Dry Ginger
train,Dry Ginger/DryGinger296.jpg,,Dry Ginger
train,Dry Ginger/DryGinger55.jpg,,Dry Ginger
train,Dry Ginger/DryGinger194.jpg,,Dry Ginger
train,Dry Ginger/DryGinger542.jpg,,Dry Ginger
train,Dry Ginger/DryGinger433.jpg,,Dry Ginger
train,Dry Ginger/DryGinger607.jpg,,Dry Ginger
train,Dry Ginger/DryGinger526.jpg,,Dry Ginger
train,Dry Ginger/DryGinger38.jpg,,Dry Ginger
train,Dry Ginger/DryGinger164.jpg,,Dry Ginger
train,Dry Ginger/DryGinger375.jpg,,Dry Ginger
train,Dry Ginger/DryGinger43.jpg,,Dry Ginger
train,Dry Ginger/DryGinger459.jpg,,Dry Ginger
train,Dry Ginger/DryGinger673.jpg,,Dry Ginger
train,Dry Ginger/DryGinger24.jpg,,Dry Ginger
train,Dry Ginger/DryGinger308.jpg,,Dry Ginger
train,Dry Ginger/DryGinger59.jpg,,Dry Ginger
train,Dry Ginger/DryGinger99.jpg,,Dry Ginger
train,Dry Ginger/DryGinger541.jpg,,Dry Ginger
train,Dry Ginger/DryGinger557.jpg,,Dry Ginger
train,Dry Ginger/DryGinger428.jpg,,Dry Ginger
train,Dry Ginger/DryGinger197.jpg,,Dry Ginger
train,Dry Ginger/DryGinger408.jpg,,Dry Ginger
train,Dry Ginger/DryGinger395.jpg,,Dry Ginger
train,Dry Ginger/DryGinger20.jpg,,Dry Ginger
train,Dry Ginger/DryGinger273.jpg,,Dry Ginger
train,Dry Ginger/DryGinger391.jpg,,Dry Ginger
train,Dry Ginger/DryGinger481.jpg,,Dry Ginger
train,Dry Ginger/DryGinger213.jpg,,Dry Ginger
train,Dry Ginger/DryGinger528.jpg,,Dry Ginger
train,Dry Ginger/DryGinger594.jpg,,Dry Ginger
train,Dry Ginger/DryGinger464.jpg,,Dry Ginger
train,Dry Ginger/DryGinger186.jpg,,Dry Ginger
train,Dry Ginger/DryGinger271.jpg,,Dry Ginger
train,Dry Ginger/DryGinger101.jpg,,Dry Ginger
train,Dry Ginger/DryGinger205.jpg,,Dry Ginger
train,Dry Ginger/DryGinger625.jpg,,Dry Ginger
train,Dry Ginger/DryGinger298.jpg,,Dry Ginger
train,Dry Ginger/DryGinger455.jpg,,Dry Ginger
train,Dry Ginger/DryGinger489.jpg,,Dry Ginger
train,Dry Ginger/DryGinger662.jpg,,Dry Ginger
train,Dry Ginger/DryGinger325.jpg,,Dry Ginger
train,Dry Ginger/DryGinger691.jpg,,Dry Ginger
train,Dry Ginger/DryGinger547.jpg,,Dry Ginger
train,Dry Ginger/DryGinger589.jpg,,Dry Ginger
train,Dry Ginger/DryGinger443.jpg,,Dry Ginger
train,Dry Ginger/DryGinger703.jpg,,Dry Ginger
train,Dry Ginger/DryGinger373.jpg,,Dry Ginger
train,Dry Ginger/DryGinger637.jpg,,Dry Ginger
train,Dry Ginger/DryGinger661.jpg,,Dry Ginger
train,Dry Ginger/DryGinger696.jpg,,Dry Ginger
train,Dry Ginger/DryGinger239.jpg,,Dry Ginger
train,Dry Ginger/DryGinger393.jpg,,Dry Ginger
train,Dry Ginger/DryGinger654.jpg,,Dry Ginger
train,Dry Ginger/DryGinger517.jpg,,Dry Ginger
train,Dry Ginger/DryGinger693.jpg,,Dry Ginger
train,Dry Ginger/DryGinger240.jpg,,Dry Ginger
train,Dry Ginger/DryGinger387.jpg,,Dry Ginger
train,Dry Ginger/DryGinger14.jpg,,Dry Ginger
train,Dry Ginger/DryGinger429.jpg,,Dry Ginger
train,Dry Ginger/DryGinger372.jpg,,Dry Ginger
train,Dry Ginger/DryGinger320.jpg,,Dry Ginger
train,Dry Ginger/DryGinger259.jpg,,Dry Ginger
train,Dry Ginger/DryGinger83.jpg,,Dry Ginger
train,Dry Ginger/DryGinger524.jpg,,Dry Ginger
train,Dry Ginger/DryGinger398.jpg,,Dry Ginger
train,Dry Ginger/DryGinger3.jpg,,Dry Ginger
train,Dry Ginger/DryGinger359.jpg,,Dry Ginger
train,Dry Ginger/DryGinger309.jpg,,Dry Ginger
train,Dry Ginger/DryGinger5.jpg,,Dry Ginger
train,Dry Ginger/DryGinger377.jpg,,Dry Ginger
train,Dry Ginger/DryGinger77.jpg,,Dry Ginger
train,Dry Ginger/DryGinger645.jpg,,Dry Ginger
train,Dry Ginger/DryGinger400.jpg,,Dry Ginger
train,Dry Ginger/DryGinger224.jpg,,Dry Ginger
train,Dry Ginger/DryGinger348.jpg,,Dry Ginger
train,Dry Ginger/DryGinger314.jpg,,Dry Ginger
train,Dry Ginger/DryGinger477.jpg,,Dry Ginger
train,Dry Ginger/DryGinger611.jpg,,Dry Ginger
train,Dry Ginger/DryGinger598.jpg,,Dry Ginger
train,Dry Ginger/DryGinger114.jpg,,Dry Ginger
train,Dry Ginger/DryGinger111.jpg,,Dry Ginger
train,Dry Ginger/DryGinger178.jpg,,Dry Ginger
train,Dry Ginger/DryGinger603.jpg,,Dry Ginger
train,Dry Ginger/DryGinger519.jpg,,Dry Ginger
train,Dry Ginger/DryGinger496.jpg,,Dry Ginger
train,Dry Ginger/DryGinger302.jpg,,Dry Ginger
train,Dry Ginger/DryGinger683.jpg,,Dry Ginger
train,Dry Ginger/DryGinger212.jpg,,Dry Ginger
train,Dry Ginger/DryGinger516.jpg,,Dry Ginger
train,Dry Ginger/DryGinger91.jpg,,Dry Ginger
train,Dry Ginger/DryGinger641.jpg,,Dry Ginger
train,Dry Ginger/DryGinger576.jpg,,Dry Ginger
train,Dry Ginger/DryGinger170.jpg,,Dry Ginger
train,Dry Ginger/DryGinger384.jpg,,Dry Ginger
train,Dry Ginger/DryGinger539.jpg,,Dry Ginger
train,Dry Ginger/DryGinger7.jpg,,Dry Ginger
train,Dry Ginger/DryGinger137.jpg,,Dry Ginger
train,Dry Ginger/DryGinger340.jpg,,Dry Ginger
train,Dry Ginger/DryGinger405.jpg,,Dry Ginger
train,Dry Ginger/DryGinger110.jpg,,Dry Ginger
train,Dry Ginger/DryGinger123.jpg,,Dry Ginger
train,Dry Ginger/DryGinger630.jpg,,Dry Ginger
train,Dry Ginger/DryGinger501.jpg,,Dry Ginger
train,Dry Ginger/DryGinger128.jpg,,Dry Ginger
train,Dry Ginger/DryGinger142.jpg,,Dry Ginger
train,Dry Ginger/DryGinger146.jpg,,Dry Ginger
train,Dry Ginger/DryGinger484.jpg,,Dry Ginger
train,Dry Ginger/DryGinger6.jpg,,Dry Ginger
train,Dry Ginger/DryGinger53.jpg,,Dry Ginger
train,Dry Ginger/DryGinger513.jpg,,Dry Ginger
train,Dry Ginger/DryGinger488.jpg,,Dry Ginger
train,Dry Ginger/DryGinger403.jpg,,Dry Ginger
train,Dry Ginger/DryGinger71.jpg,,Dry Ginger
train,Dry Ginger/DryGinger157.jpg,,Dry Ginger
train,Dry Ginger/DryGinger109.jpg,,Dry Ginger
train,Dry Ginger/DryGinger532.jpg,,Dry Ginger
train,Dry Ginger/DryGinger675.jpg,,Dry Ginger
train,Dry Ginger/DryGinger586.jpg,,Dry Ginger
train,Dry Ginger/DryGinger479.jpg,,Dry Ginger
train,Dry Ginger/DryGinger339.jpg,,Dry Ginger
train,Dry Ginger/DryGinger37.jpg,,Dry Ginger
train,Dry Ginger/DryGinger76.jpg,,Dry Ginger
train,Dry Ginger/DryGinger567.jpg,,Dry Ginger
train,Dry Ginger/DryGinger512.jpg,,Dry Ginger
train,Dry Ginger/DryGinger281.jpg,,Dry Ginger
train,Dry Ginger/DryGinger397.jpg,,Dry Ginger
train,Dry Ginger/DryGinger378.jpg,,Dry Ginger
train,Dry Ginger/DryGinger221.jpg,,Dry Ginger
train,Dry Ginger/DryGinger233.jpg,,Dry Ginger
train,Dry Ginger/DryGinger40.jpg,,Dry Ginger
train,Dry Ginger/DryGinger245.jpg,,Dry Ginger
train,Dry Ginger/DryGinger243.jpg,,Dry Ginger
train,Dry Ginger/DryGinger203.jpg,,Dry Ginger
train,Dry Ginger/DryGinger534.jpg,,Dry Ginger
train,Dry Ginger/DryGinger173.jpg,,Dry Ginger
train,Dry Ginger/DryGinger527.jpg,,Dry Ginger
train,Dry Ginger/DryGinger664.jpg,,Dry Ginger
train,Dry Ginger/DryGinger584.jpg,,Dry Ginger
train,Dry Ginger/DryGinger52.jpg,,Dry Ginger
train,Dry Ginger/DryGinger535.jpg,,Dry Ginger
train,Dry Ginger/DryGinger574.jpg,,Dry Ginger
train,Dry Ginger/DryGinger499.jpg,,Dry Ginger
train,Dry Ginger/DryGinger254.jpg,,Dry Ginger
train,Dry Ginger/DryGinger394.jpg,,Dry Ginger
train,Dry Ginger/DryGinger176.jpg,,Dry Ginger
train,Dry Ginger/DryGinger505.jpg,,Dry Ginger
train,Dry Ginger/DryGinger609.jpg,,Dry Ginger
train,Dry Ginger/DryGinger666.jpg,,Dry Ginger
train,Dry Ginger/DryGinger230.jpg,,Dry Ginger
train,Dry Ginger/DryGinger714.jpg,,Dry Ginger
train,Dry Ginger/DryGinger623.jpg,,Dry Ginger
train,Dry Ginger/DryGinger135.jpg,,Dry Ginger
train,Dry Ginger/DryGinger304.jpg,,Dry Ginger
train,Dry Ginger/DryGinger439.jpg,,Dry Ginger
train,Dry Ginger/DryGinger564.jpg,,Dry Ginger
train,Dry Ginger/DryGinger334.jpg,,Dry Ginger
train,Dry Ginger/DryGinger409.jpg,,Dry Ginger
train,Dry Ginger/DryGinger620.jpg,,Dry Ginger
train,Dry Ginger/DryGinger262.jpg,,Dry Ginger
train,Dry Ginger/DryGinger23.jpg,,Dry Ginger
train,Dry Ginger/DryGinger18.jpg,,Dry Ginger
train,Dry Ginger/DryGinger649.jpg,,Dry Ginger
train,Dry Ginger/DryGinger457.jpg,,Dry Ginger
train,Dry Ginger/DryGinger399.jpg,,Dry Ginger
train,Dry Ginger/DryGinger640.jpg,,Dry Ginger
train,Dry Ginger/DryGinger365.jpg,,Dry Ginger
train,Dry Ginger/DryGinger190.jpg,,Dry Ginger
train,Dry Ginger/DryGinger379.jpg,,Dry Ginger
train,Dry Ginger/DryGinger619.jpg,,Dry Ginger
train,Dry Ginger/DryGinger646.jpg,,Dry Ginger
train,Dry Ginger/DryGinger155.jpg,,Dry Ginger
train,Dry Ginger/DryGinger97.jpg,,Dry Ginger
train,Dry Ginger/DryGinger674.jpg,,Dry Ginger
train,Dry Ginger/DryGinger258.jpg,,Dry Ginger
train,Dry Ginger/DryGinger634.jpg,,Dry Ginger
train,Dry Ginger/DryGinger356.jpg,,Dry Ginger
train,Dry Ginger/DryGinger569.jpg,,Dry Ginger
train,Dry Ginger/DryGinger500.jpg,,Dry Ginger
train,Dry Ginger/DryGinger265.jpg,,Dry Ginger
train,Dry Ginger/DryGinger219.jpg,,Dry Ginger
train,Dry Ginger/DryGinger253.jpg,,Dry Ginger
train,Dry Ginger/DryGinger442.jpg,,Dry Ginger
train,Dry Ginger/DryGinger621.jpg,,Dry Ginger
train,Dry Ginger/DryGinger143.jpg,,Dry Ginger
train,Dry Ginger/DryGinger495.jpg,,Dry Ginger
train,Dry Ginger/DryGinger318.jpg,,Dry Ginger
train,Dry Ginger/DryGinger216.jpg,,Dry Ginger
train,Dry Ginger/DryGinger515.jpg,,Dry Ginger
train,Dry Ginger/DryGinger199.jpg,,Dry Ginger
train,Dry Ginger/DryGinger126.jpg,,Dry Ginger
train,Dry Ginger/DryGinger174.jpg,,Dry Ginger
train,Dry Ginger/DryGinger417.jpg,,Dry Ginger
train,Dry Ginger/DryGinger144.jpg,,Dry Ginger
train,Dry Ginger/DryGinger282.jpg,,Dry Ginger
train,Dry Ginger/DryGinger120.jpg,,Dry Ginger
train,Dry Ginger/DryGinger360.jpg,,Dry Ginger
train,Dry Ginger/DryGinger358.jpg,,Dry Ginger
train,Dry Ginger/DryGinger214.jpg,,Dry Ginger
train,Dry Ginger/DryGinger237.jpg,,Dry Ginger
train,Dry Ginger/DryGinger84.jpg,,Dry Ginger
train,Dry Ginger/DryGinger461.jpg,,Dry Ginger
train,Dry Ginger/DryGinger627.jpg,,Dry Ginger
train,Dry Ginger/DryGinger82.jpg,,Dry Ginger
train,Dry Ginger/DryGinger345.jpg,,Dry Ginger
train,Dry Ginger/DryGinger613.jpg,,Dry Ginger
train,Dry Ginger/DryGinger573.jpg,,Dry Ginger
train,Dry Ginger/DryGinger490.jpg,,Dry Ginger
train,Dry Ginger/DryGinger160.jpg,,Dry Ginger
train,Dry Ginger/DryGinger531.jpg,,Dry Ginger
train,Dry Ginger/DryGinger293.jpg,,Dry Ginger
train,Dry Ginger/DryGinger690.jpg,,Dry Ginger
train,Dry Ginger/DryGinger570.jpg,,Dry Ginger
train,Dry Ginger/DryGinger470.jpg,,Dry Ginger
train,Dry Ginger/DryGinger317.jpg,,Dry Ginger
train,Dry Ginger/DryGinger168.jpg,,Dry Ginger
train,Dry Ginger/DryGinger44.jpg,,Dry Ginger
train,Dry Ginger/DryGinger658.jpg,,Dry Ginger
train,Dry Ginger/DryGinger713.jpg,,Dry Ginger
train,Dry Ginger/DryGinger19.jpg,,Dry Ginger
train,Dry Ginger/DryGinger275.jpg,,Dry Ginger
train,Dry Ginger/DryGinger494.jpg,,Dry Ginger
train,Dry Ginger/DryGinger299.jpg,,Dry Ginger
train,Dry Ginger/DryGinger355.jpg,,Dry Ginger
train,Dry Ginger/DryGinger207.jpg,,Dry Ginger
train,Dry Ginger/DryGinger47.jpg,,Dry Ginger
train,Dry Ginger/DryGinger223.jpg,,Dry Ginger
train,Dry Ginger/DryGinger431.jpg,,Dry Ginger
train,Dry Ginger/DryGinger546.jpg,,Dry Ginger
train,Dry Ginger/DryGinger635.jpg,,Dry Ginger
train,Dry Ginger/DryGinger204.jpg,,Dry Ginger
train,Dry Ginger/DryGinger415.jpg,,Dry Ginger
train,Dry Ginger/DryGinger601.jpg,,Dry Ginger
train,Dry Ginger/DryGinger16.jpg,,Dry Ginger
train,Dry Ginger/DryGinger671.jpg,,Dry Ginger
train,Dry Ginger/DryGinger679.jpg,,Dry Ginger
train,Dry Ginger/DryGinger306.jpg,,Dry Ginger
train,Dry Ginger/DryGinger228.jpg,,Dry Ginger
train,Dry Ginger/DryGinger653.jpg,,Dry Ginger
train,Dry Ginger/DryGinger493.jpg,,Dry Ginger
train,Dry Ginger/DryGinger267.jpg,,Dry Ginger
train,Dry Ginger/DryGinger270.jpg,,Dry Ginger
train,Dry Ginger/DryGinger446.jpg,,Dry Ginger
train,Dry Ginger/DryGinger421.jpg,,Dry Ginger
train,Dry Ginger/DryGinger292.jpg,,Dry Ginger
train,Dry Ginger/DryGinger558.jpg,,Dry Ginger
train,Dry Ginger/DryGinger295.jpg,,Dry Ginger
train,Dry Ginger/DryGinger583.jpg,,Dry Ginger
train,Dry Ginger/DryGinger184.jpg,,Dry Ginger
train,Dry Ginger/DryGinger668.jpg,,Dry Ginger
train,Dry Ginger/DryGinger257.jpg,,Dry Ginger
train,Dry Ginger/DryGinger700.jpg,,Dry Ginger
train,Dry Ginger/DryGinger316.jpg,,Dry Ginger
train,Dry Ginger/DryGinger222.jpg,,Dry Ginger
train,Dry Ginger/DryGinger709.jpg,,Dry Ginger
train,Dry Ginger/DryGinger22.jpg,,Dry Ginger
train,Dry Ginger/DryGinger351.jpg,,Dry Ginger
train,Dry Ginger/DryGinger600.jpg,,Dry Ginger
train,Dry Ginger/DryGinger218.jpg,,Dry Ginger
train,Dry Ginger/DryGinger497.jpg,,Dry Ginger
train,Dry Ginger/DryGinger381.jpg,,Dry Ginger
train,Dry Ginger/DryGinger266.jpg,,Dry Ginger
train,Dry Ginger/DryGinger249.jpg,,Dry Ginger
train,Dry Ginger/DryGinger145.jpg,,Dry Ginger
train,Dry Ginger/DryGinger367.jpg,,Dry Ginger
train,Dry Ginger/DryGinger591.jpg,,Dry Ginger
train,Dry Ginger/DryGinger196.jpg,,Dry Ginger
train,Dry Ginger/DryGinger41.jpg,,Dry Ginger
train,Dry Ginger/DryGinger692.jpg,,Dry Ginger
train,Dry Ginger/DryGinger638.jpg,,Dry Ginger
train,Dry Ginger/DryGinger712.jpg,,Dry Ginger
train,Dry Ginger/DryGinger685.jpg,,Dry Ginger
train,Dry Ginger/DryGinger61.jpg,,Dry Ginger
train,Dry Ginger/DryGinger338.jpg,,Dry Ginger
train,Dry Ginger/DryGinger420.jpg,,Dry Ginger
train,Dry Ginger/DryGinger154.jpg,,Dry Ginger
train,Dry Ginger/DryGinger549.jpg,,Dry Ginger
train,Dry Ginger/DryGinger585.jpg,,Dry Ginger
train,Dry Ginger/DryGinger26.jpg,,Dry Ginger
train,Dry Ginger/DryGinger462.jpg,,Dry Ginger
train,Dry Ginger/DryGinger644.jpg,,Dry Ginger
train,Dry Ginger/DryGinger129.jpg,,Dry Ginger
train,Dry Ginger/DryGinger54.jpg,,Dry Ginger
train,Dry Ginger/DryGinger85.jpg,,Dry Ginger
train,Dry Ginger/DryGinger149.jpg,,Dry Ginger
train,Dry Ginger/DryGinger217.jpg,,Dry Ginger
train,Dry Ginger/DryGinger688.jpg,,Dry Ginger
train,Dry Ginger/DryGinger711.jpg,,Dry Ginger
train,Dry Ginger/DryGinger357.jpg,,Dry Ginger
train,Dry Ginger/DryGinger592.jpg,,Dry Ginger
train,Dry Ginger/DryGinger551.jpg,,Dry Ginger
train,Dry Ginger/DryGinger352.jpg,,Dry Ginger
train,Dry Ginger/DryGinger578.jpg,,Dry Ginger
train,Dry Ginger/DryGinger39.jpg,,Dry Ginger
train,Dry Ginger/DryGinger441.jpg,,Dry Ginger
train,Dry Ginger/DryGinger615.jpg,,Dry Ginger
train,Dry Ginger/DryGinger138.jpg,,Dry Ginger
train,Dry Ginger/DryGinger104.jpg,,Dry Ginger
train,Dry Ginger/DryGinger553.jpg,,Dry Ginger
train,Dry Ginger/DryGinger171.jpg,,Dry Ginger
train,Dry Ginger/DryGinger209.jpg,,Dry Ginger
train,Dry Ginger/DryGinger633.jpg,,Dry Ginger
train,Dry Ginger/DryGinger242.jpg,,Dry Ginger
train,Dry Ginger/DryGinger427.jpg,,Dry Ginger
train,Dry Ginger/DryGinger329.jpg,,Dry Ginger
train,Dry Ginger/DryGinger286.jpg,,Dry Ginger
train,Dry Ginger/DryGinger31.jpg,,Dry Ginger
train,Dry Ginger/DryGinger29.jpg,,Dry Ginger
train,Dry Ginger/DryGinger343.jpg,,Dry Ginger
train,Dry Ginger/DryGinger321.jpg,,Dry Ginger
train,Dry Ginger/DryGinger315.jpg,,Dry Ginger
train,Dry Ginger/DryGinger283.jpg,,Dry Ginger
train,Dry Ginger/DryGinger559.jpg,,Dry Ginger
train,Dry Ginger/DryGinger274.jpg,,Dry Ginger
train,Dry Ginger/DryGinger268.jpg,,Dry Ginger
train,Dry Ginger/DryGinger347.jpg,,Dry Ginger
train,Dry Ginger/DryGinger30.jpg,,Dry Ginger
train,Dry Ginger/DryGinger425.jpg,,Dry Ginger
train,Dry Ginger/DryGinger389.jpg,,Dry Ginger
train,Dry Ginger/DryGinger538.jpg,,Dry Ginger
train,Dry Ginger/DryGinger263.jpg,,Dry Ginger
train,Dry Ginger/DryGinger169.jpg,,Dry Ginger
train,Dry Ginger/DryGinger414.jpg,,Dry Ginger
train,Dry Ginger/DryGinger467.jpg,,Dry Ginger
train,Dry Ginger/DryGinger185.jpg,,Dry Ginger
train,Dry Ginger/DryGinger364.jpg,,Dry Ginger
train,Dry Ginger/DryGinger328.jpg,,Dry Ginger
train,Dry Ginger/DryGinger689.jpg,,Dry Ginger
train,Dry Ginger/DryGinger107.jpg,,Dry Ginger
train,Dry Ginger/DryGinger86.jpg,,Dry Ginger
train,Dry Ginger/DryGinger667.jpg,,Dry Ginger
train,Dry Ginger/DryGinger657.jpg,,Dry Ginger
train,Dry Ginger/DryGinger48.jpg,,Dry Ginger
train,Dry Ginger/DryGinger95.jpg,,Dry Ginger
train,Dry Ginger/DryGinger708.jpg,,Dry Ginger
train,Dry Ginger/DryGinger301.jpg,,Dry Ginger
train,Dry Ginger/DryGinger451.jpg,,Dry Ginger
train,Dry Ginger/DryGinger161.jpg,,Dry Ginger
train,Dry Ginger/DryGinger337.jpg,,Dry Ginger
val,Dry Ginger/DryGinger628.jpg,,Dry Ginger
val,Dry Ginger/DryGinger543.jpg,,Dry Ginger
val,Dry Ginger/DryGinger124.jpg,,Dry Ginger
val,Dry Ginger/DryGinger523.jpg,,Dry Ginger
val,Dry Ginger/DryGinger521.jpg,,Dry Ginger
val,Dry Ginger/DryGinger411.jpg,,Dry Ginger
val,Dry Ginger/DryGinger323.jpg,,Dry Ginger
val,Dry Ginger/DryGinger716.jpg,,Dry Ginger
val,Dry Ginger/DryGinger618.jpg,,Dry Ginger
val,Dry Ginger/DryGinger447.jpg,,Dry Ginger
val,Dry Ginger/DryGinger507.jpg,,Dry Ginger
val,Dry Ginger/DryGinger33.jpg,,Dry Ginger
val,Dry Ginger/DryGinger595.jpg,,Dry Ginger
val,Dry Ginger/DryGinger336.jpg,,Dry Ginger
val,Dry Ginger/DryGinger572.jpg,,Dry Ginger
val,Dry Ginger/DryGinger206.jpg,,Dry Ginger
val,Dry Ginger/DryGinger412.jpg,,Dry Ginger
val,Dry Ginger/DryGinger370.jpg,,Dry Ginger
val,Dry Ginger/DryGinger563.jpg,,Dry Ginger
val,Dry Ginger/DryGinger166.jpg,,Dry Ginger
val,Dry Ginger/DryGinger647.jpg,,Dry Ginger
val,Dry Ginger/DryGinger92.jpg,,Dry Ginger
val,Dry Ginger/DryGinger566.jpg,,Dry Ginger
val,Dry Ginger/DryGinger474.jpg,,Dry Ginger
val,Dry Ginger/DryGinger677.jpg,,Dry Ginger
val,Dry Ginger/DryGinger87.jpg,,Dry Ginger
val,Dry Ginger/DryGinger102.jpg,,Dry Ginger
val,Dry Ginger/DryGinger629.jpg,,Dry Ginger
val,Dry Ginger/DryGinger471.jpg,,Dry Ginger
val,Dry Ginger/DryGinger518.jpg,,Dry Ginger
val,Dry Ginger/DryGinger670.jpg,,Dry Ginger
val,Dry Ginger/DryGinger307.jpg,,Dry Ginger
val,Dry Ginger/DryGinger354.jpg,,Dry Ginger
val,Dry Ginger/DryGinger419.jpg,,Dry Ginger
val,Dry Ginger/DryGinger42.jpg,,Dry Ginger
val,Dry Ginger/DryGinger636.jpg,,Dry Ginger
val,Dry Ginger/DryGinger73.jpg,,Dry Ginger
val,Dry Ginger/DryGinger361.jpg,,Dry Ginger
val,Dry Ginger/DryGinger605.jpg,,Dry Ginger
val,Dry Ginger/DryGinger182.jpg,,Dry Ginger
val,Dry Ginger/DryGinger162.jpg,,Dry Ginger
val,Dry Ginger/DryGinger112.jpg,,Dry Ginger
val,Dry Ginger/DryGinger672.jpg,,Dry Ginger
val,Dry Ginger/DryGinger284.jpg,,Dry Ginger
val,Dry Ginger/DryGinger64.jpg,,Dry Ginger
val,Dry Ginger/DryGinger473.jpg,,Dry Ginger
val,Dry Ginger/DryGinger463.jpg,,Dry Ginger
val,Dry Ginger/DryGinger424.jpg,,Dry Ginger
val,Dry Ginger/DryGinger468.jpg,,Dry Ginger
val,Dry Ginger/DryGinger81.jpg,,Dry Ginger
val,Dry Ginger/DryGinger179.jpg,,Dry Ginger
val,Dry Ginger/DryGinger244.jpg,,Dry Ginger
val,Dry Ginger/DryGinger1.jpg,,Dry Ginger
val,Dry Ginger/DryGinger319.jpg,,Dry Ginger
val,Dry Ginger/DryGinger430.jpg,,Dry Ginger
val,Dry Ginger/DryGinger131.jpg,,Dry Ginger
val,Dry Ginger/DryGinger255.jpg,,Dry Ginger
val,Dry Ginger/DryGinger312.jpg,,Dry Ginger
val,Dry Ginger/DryGinger575.jpg,,Dry Ginger
val,Dry Ginger/DryGinger57.jpg,,Dry Ginger
val,Dry Ginger/DryGinger651.jpg,,Dry Ginger
val,Dry Ginger/DryGinger13.jpg,,Dry Ginger
val,Dry Ginger/DryGinger279.jpg,,Dry Ginger
val,Dry Ginger/DryGinger362.jpg,,Dry Ginger
val,Dry Ginger/DryGinger577.jpg,,Dry Ginger
val,Dry Ginger/DryGinger285.jpg,,Dry Ginger
val,Dry Ginger/DryGinger108.jpg,,Dry Ginger
val,Dry Ginger/DryGinger503.jpg,,Dry Ginger
val,Dry Ginger/DryGinger555.jpg,,Dry Ginger
val,Dry Ginger/DryGinger260.jpg,,Dry Ginger
val,Dry Ginger/DryGinger151.jpg,,Dry Ginger
test,Dry Ginger/DryGinger65.jpg,,Dry Ginger
test,Dry Ginger/DryGinger363.jpg,,Dry Ginger
test,Dry Ginger/DryGinger58.jpg,,Dry Ginger
test,Dry Ginger/DryGinger9.jpg,,Dry Ginger
test,Dry Ginger/DryGinger98.jpg,,Dry Ginger
test,Dry Ginger/DryGinger453.jpg,,Dry Ginger
test,Dry Ginger/DryGinger133.jpg,,Dry Ginger
test,Dry Ginger/DryGinger660.jpg,,Dry Ginger
test,Dry Ginger/DryGinger172.jpg,,Dry Ginger
test,Dry Ginger/DryGinger74.jpg,,Dry Ginger
test,Dry Ginger/DryGinger303.jpg,,Dry Ginger
test,Dry Ginger/DryGinger341.jpg,,Dry Ginger
test,Dry Ginger/DryGinger158.jpg,,Dry Ginger
test,Dry Ginger/DryGinger180.jpg,,Dry Ginger
test,Dry Ginger/DryGinger50.jpg,,Dry Ginger
test,Dry Ginger/DryGinger652.jpg,,Dry Ginger
test,Dry Ginger/DryGinger533.jpg,,Dry Ginger
test,Dry Ginger/DryGinger232.jpg,,Dry Ginger
test,Dry Ginger/DryGinger183.jpg,,Dry Ginger
test,Dry Ginger/DryGinger103.jpg,,Dry Ginger
test,Dry Ginger/DryGinger686.jpg,,Dry Ginger
test,Dry Ginger/DryGinger458.jpg,,Dry Ginger
test,Dry Ginger/DryGinger247.jpg,,Dry Ginger
test,Dry Ginger/DryGinger147.jpg,,Dry Ginger
test,Dry Ginger/DryGinger665.jpg,,Dry Ginger
test,Dry Ginger/DryGinger606.jpg,,Dry Ginger
test,Dry Ginger/DryGinger410.jpg,,Dry Ginger
test,Dry Ginger/DryGinger469.jpg,,Dry Ginger
test,Dry Ginger/DryGinger568.jpg,,Dry Ginger
test,Dry Ginger/DryGinger297.jpg,,Dry Ginger
test,Dry Ginger/DryGinger191.jpg,,Dry Ginger
test,Dry Ginger/DryGinger248.jpg,,Dry Ginger
test,Dry Ginger/DryGinger510.jpg,,Dry Ginger
test,Dry Ginger/DryGinger310.jpg,,Dry Ginger
test,Dry Ginger/DryGinger208.jpg,,Dry Ginger
test,Dry Ginger/DryGinger707.jpg,,Dry Ginger
test,Dry Ginger/DryGinger226.jpg,,Dry Ginger
test,Dry Ginger/DryGinger466.jpg,,Dry Ginger
test,Dry Ginger/DryGinger416.jpg,,Dry Ginger
test,Dry Ginger/DryGinger631.jpg,,Dry Ginger
test,Dry Ginger/DryGinger382.jpg,,Dry Ginger
test,Dry Ginger/DryGinger88.jpg,,Dry Ginger
test,Dry Ginger/DryGinger545.jpg,,Dry Ginger
test,Dry Ginger/DryGinger610.jpg,,Dry Ginger
test,Dry Ginger/DryGinger614.jpg,,Dry Ginger
test,Dry Ginger/DryGinger440.jpg,,Dry Ginger
test,Dry Ginger/DryGinger264.jpg,,Dry Ginger
test,Dry Ginger/DryGinger544.jpg,,Dry Ginger
test,Dry Ginger/DryGinger612.jpg,,Dry Ginger
test,Dry Ginger/DryGinger608.jpg,,Dry Ginger
test,Dry Ginger/DryGinger480.jpg,,Dry Ginger
test,Dry Ginger/DryGinger287.jpg,,Dry Ginger
test,Dry Ginger/DryGinger465.jpg,,Dry Ginger
test,Dry Ginger/DryGinger353.jpg,,Dry Ginger
test,Dry Ginger/DryGinger663.jpg,,Dry Ginger
test,Dry Ginger/DryGinger436.jpg,,Dry Ginger
test,Dry Ginger/DryGinger62.jpg,,Dry Ginger
test,Dry Ginger/DryGinger49.jpg,,Dry Ginger
test,Dry Ginger/DryGinger593.jpg,,Dry Ginger
test,Dry Ginger/DryGinger34.jpg,,Dry Ginger
test,Dry Ginger/DryGinger332.jpg,,Dry Ginger
test,Dry Ginger/DryGinger639.jpg,,Dry Ginger
test,Dry Ginger/DryGinger70.jpg,,Dry Ginger
test,Dry Ginger/DryGinger492.jpg,,Dry Ginger
test,Dry Ginger/DryGinger241.jpg,,Dry Ginger
test,Dry Ginger/DryGinger198.jpg,,Dry Ginger
test,Dry Ginger/DryGinger432.jpg,,Dry Ginger
test,Dry Ginger/DryGinger476.jpg,,Dry Ginger
test,Dry Ginger/DryGinger390.jpg,,Dry Ginger
test,Dry Ginger/DryGinger89.jpg,,Dry Ginger
test,Dry Ginger/DryGinger289.jpg,,Dry Ginger
test,Dry Ginger/DryGinger702.jpg,,Dry Ginger
test,Dry Ginger/DryGinger445.jpg,,Dry Ginger
train,Dry red Chilly/DryRedChilly719.jpg,,Dry red Chilly
train,Dry red Chilly/DryRedChilly142.jpg,,Dry red Chilly
train,Dry red Chilly/DryRedChilly677.jpg,,Dry red Chilly
train,Dry red Chilly/DryRedChilly608.jpg,,Dry red Chilly
train,Dry red Chilly/DryRedChilly471.jpg,,Dry red Chilly
train,Dry red Chilly/DryRedChilly821.jpg,,Dry red Chilly
train,Dry red Chilly/DryRedChilly742.jpg,,Dry red Chilly
train,Dry red Chilly/DryRedChilly449.jpg,,Dry red Chilly
train,Dry red Chilly/DryRedChilly410.jpg,,Dry red Chilly
train,Dry red Chilly/DryRedChilly332.jpg,,Dry red Chilly
train,Dry red Chilly/DryRedChilly368.jpg,,Dry red Chilly
train,Dry red Chilly/DryRedChilly216.jpg,,Dry red Chilly
train,Dry red Chilly/DryRedChilly80.jpg,,Dry red Chilly
train,Dry red Chilly/DryRedChilly674.jpg,,Dry red Chilly
train,Dry red Chilly/DryRedChilly645.jpg,,Dry red Chilly
train,Dry red Chilly/DryRedChilly382.jpg,,Dry red Chilly
train,Dry red Chilly/DryRedChilly396.jpg,,Dry red Chilly
train,Dry red Chilly/DryRedChilly751.jpg,,Dry red Chilly
train,Dry red Chilly/DryRedChilly321.jpg,,Dry red Chilly
train,Dry red Chilly/DryRedChilly495.jpg,,Dry red Chilly
train,Dry red Chilly/DryRedChilly298.jpg,,Dry red Chilly
train,Dry red Chilly/DryRedChilly218.jpg,,Dry red Chilly
train,Dry red Chilly/DryRedChilly503.jpg,,Dry red Chilly
train,Dry red Chilly/DryRedChilly70.jpg,,Dry red Chilly
train,Dry red Chilly/DryRedChilly627.jpg,,Dry red Chilly
train,Dry red Chilly/DryRedChilly127.jpg,,Dry red Chilly
train,Dry red Chilly/DryRedChilly501.jpg,,Dry red Chilly
train,Dry red Chilly/DryRedChilly331.jpg,,Dry red Chilly
train,Dry red Chilly/DryRedChilly146.jpg,,Dry red Chilly
train,Dry red Chilly/DryRedChilly132.jpg,,Dry red Chilly
train,Dry red Chilly/DryRedChilly201.jpg,,Dry red Chilly
train,Dry red Chilly/DryRedChilly365.jpg,,Dry red Chilly
train,Dry red Chilly/DryRedChilly435.jpg,,Dry red Chilly
train,Dry red Chilly/DryRedChilly217.jpg,,Dry red Chilly
train,Dry red Chilly/DryRedChilly25.jpg,,Dry red Chilly
train,Dry red Chilly/DryRedChilly358.jpg,,Dry red Chilly
train,Dry red Chilly/DryRedChilly348.jpg,,Dry red Chilly
train,Dry red Chilly/DryRedChilly46.jpg,,Dry red Chilly
train,Dry red Chilly/DryRedChilly52.jpg,,Dry red Chilly
train,Dry red Chilly/DryRedChilly179.jpg,,Dry red Chilly
train,Dry red Chilly/DryRedChilly27.jpg,,Dry red Chilly
train,Dry red Chilly/DryRedChilly554.jpg,,Dry red Chilly
train,Dry red Chilly/DryRedChilly290.jpg,,Dry red Chilly
train,Dry red Chilly/DryRedChilly696.jpg,,Dry red Chilly
train,Dry red Chilly/DryRedChilly701.jpg,,Dry red Chilly
train,Dry red Chilly/DryRedChilly509.jpg,,Dry red Chilly
train,Dry red Chilly/DryRedChilly85.jpg,,Dry red Chilly
train,Dry red Chilly/DryRedChilly305.jpg,,Dry red Chilly
train,Dry red Chilly/DryRedChilly203.jpg,,Dry red Chilly
train,Dry red Chilly/DryRedChilly247.jpg,,Dry red Chilly
train,Dry red Chilly/DryRedChilly359.jpg,,Dry red Chilly
train,Dry red Chilly/DryRedChilly640.jpg,,Dry red Chilly
train,Dry red Chilly/DryRedChilly128.jpg,,Dry red Chilly
train,Dry red Chilly/DryRedChilly268.jpg,,Dry red Chilly
train,Dry red Chilly/DryRedChilly440.jpg,,Dry red Chilly
train,Dry red Chilly/DryRedChilly541.jpg,,Dry red Chilly
train,Dry red Chilly/DryRedChilly372.jpg,,Dry red Chilly
train,Dry red Chilly/DryRedChilly567.jpg,,Dry red Chilly
train,Dry red Chilly/DryRedChilly108.jpg,,Dry red Chilly
train,Dry red Chilly/DryRedChilly34.jpg,,Dry red Chilly
train,Dry red Chilly/DryRedChilly91.jpg,,Dry red Chilly
train,Dry red Chilly/DryRedChilly832.jpg,,Dry red Chilly
train,Dry red Chilly/DryRedChilly66.jpg,,Dry red Chilly
train,Dry red Chilly/DryRedChilly83.jpg,,Dry red Chilly
train,Dry red Chilly/DryRedChilly367.jpg,,Dry red Chilly
train,Dry red Chilly/DryRedChilly787.jpg,,Dry red Chilly
train,Dry red Chilly/DryRedChilly131.jpg,,Dry red Chilly
train,Dry red Chilly/DryRedChilly524.jpg,,Dry red Chilly
train,Dry red Chilly/DryRedChilly619.jpg,,Dry red Chilly
train,Dry red Chilly/DryRedChilly185.jpg,,Dry red Chilly
train,Dry red Chilly/DryRedChilly403.jpg,,Dry red Chilly
train,Dry red Chilly/DryRedChilly658.jpg,,Dry red Chilly
train,Dry red Chilly/DryRedChilly272.jpg,,Dry red Chilly
train,Dry red Chilly/DryRedChilly620.jpg,,Dry red Chilly
train,Dry red Chilly/DryRedChilly388.jpg,,Dry red Chilly
train,Dry red Chilly/DryRedChilly605.jpg,,Dry red Chilly
train,Dry red Chilly/DryRedChilly37.jpg,,Dry red Chilly
train,Dry red Chilly/DryRedChilly531.jpg,,Dry red Chilly
train,Dry red Chilly/DryRedChilly573.jpg,,Dry red Chilly
train,Dry red Chilly/DryRedChilly310.jpg,,Dry red Chilly
train,Dry red Chilly/DryRedChilly644.jpg,,Dry red Chilly
train,Dry red Chilly/DryRedChilly103.jpg,,Dry red Chilly
train,Dry red Chilly/DryRedChilly224.jpg,,Dry red Chilly
train,Dry red Chilly/DryRedChilly6.jpg,,Dry red Chilly
train,Dry red Chilly/DryRedChilly500.jpg,,Dry red Chilly
train,Dry red Chilly/DryRedChilly385.jpg,,Dry red Chilly
train,Dry red Chilly/DryRedChilly82.jpg,,Dry red Chilly
train,Dry red Chilly/DryRedChilly703.jpg,,Dry red Chilly
train,Dry red Chilly/DryRedChilly589.jpg,,Dry red Chilly
train,Dry red Chilly/DryRedChilly771.jpg,,Dry red Chilly
train,Dry red Chilly/DryRedChilly590.jpg,,Dry red Chilly
train,Dry red Chilly/DryRedChilly263.jpg,,Dry red Chilly
train,Dry red Chilly/DryRedChilly433.jpg,,Dry red Chilly
train,Dry red Chilly/DryRedChilly420.jpg,,Dry red Chilly
train,Dry red Chilly/DryRedChilly342.jpg,,Dry red Chilly
train,Dry red Chilly/DryRedChilly96.jpg,,Dry red Chilly
train,Dry red Chilly/DryRedChilly559.jpg,,Dry red Chilly
train,Dry red Chilly/DryRedChilly665.jpg,,Dry red Chilly
train,Dry red Chilly/DryRedChilly183.jpg,,Dry red Chilly
train,Dry red Chilly/DryRedChilly490.jpg,,Dry red Chilly
train,Dry red Chilly/DryRedChilly405.jpg,,Dry red Chilly
train,Dry red Chilly/DryRedChilly729.jpg,,Dry red Chilly
train,Dry red Chilly/DryRedChilly464.jpg,,Dry red Chilly
train,Dry red Chilly/DryRedChilly196.jpg,,Dry red Chilly
train,Dry red Chilly/DryRedChilly629.jpg,,Dry red Chilly
train,Dry red Chilly/DryRedChilly191.jpg,,Dry red Chilly
train,Dry red Chilly/DryRedChilly707.jpg,,Dry red Chilly
train,Dry red Chilly/DryRedChilly157.jpg,,Dry red Chilly
train,Dry red Chilly/DryRedChilly15.jpg,,Dry red Chilly
train,Dry red Chilly/DryRedChilly452.jpg,,Dry red Chilly
train,Dry red Chilly/DryRedChilly594.jpg,,Dry red Chilly
train,Dry red Chilly/DryRedChilly497.jpg,,Dry red Chilly
train,Dry red Chilly/DryRedChilly710.jpg,,Dry red Chilly
train,Dry red Chilly/DryRedChilly19.jpg,,Dry red Chilly
train,Dry red Chilly/DryRedChilly210.jpg,,Dry red Chilly
train,Dry red Chilly/DryRedChilly837.jpg,,Dry red Chilly
train,Dry red Chilly/DryRedChilly414.jpg,,Dry red Chilly
train,Dry red Chilly/DryRedChilly207.jpg,,Dry red Chilly
train,Dry red Chilly/DryRedChilly487.jpg,,Dry red Chilly
train,Dry red Chilly/DryRedChilly653.jpg,,Dry red Chilly
train,Dry red Chilly/DryRedChilly670.jpg,,Dry red Chilly
train,Dry red Chilly/DryRedChilly90.jpg,,Dry red Chilly
train,Dry red Chilly/DryRedChilly686.jpg,,Dry red Chilly
train,Dry red Chilly/DryRedChilly43.jpg,,Dry red Chilly
train,Dry red Chilly/DryRedChilly791.jpg,,Dry red Chilly
train,Dry red Chilly/DryRedChilly659.jpg,,Dry red Chilly
train,Dry red Chilly/DryRedChilly20.jpg,,Dry red Chilly
train,Dry red Chilly/DryRedChilly778.jpg,,Dry red Chilly
train,Dry red Chilly/DryRedChilly418.jpg,,Dry red Chilly
train,Dry red Chilly/DryRedChilly293.jpg,,Dry red Chilly
train,Dry red Chilly/DryRedChilly425.jpg,,Dry red Chilly
train,Dry red Chilly/DryRedChilly753.jpg,,Dry red Chilly
train,Dry red Chilly/DryRedChilly811.jpg,,Dry red Chilly
train,Dry red Chilly/DryRedChilly793.jpg,,Dry red Chilly
train,Dry red Chilly/DryRedChilly260.jpg,,Dry red Chilly
train,Dry red Chilly/DryRedChilly341.jpg,,Dry red Chilly
train,Dry red Chilly/DryRedChilly9.jpg,,Dry red Chilly
train,Dry red Chilly/DryRedChilly723.jpg,,Dry red Chilly
train,Dry red Chilly/DryRedChilly540.jpg,,Dry red Chilly
train,Dry red Chilly/DryRedChilly536.jpg,,Dry red Chilly
train,Dry red Chilly/DryRedChilly475.jpg,,Dry red Chilly
train,Dry red Chilly/DryRedChilly254.jpg,,Dry red Chilly
train,Dry red Chilly/DryRedChilly163.jpg,,Dry red Chilly
train,Dry red Chilly/DryRedChilly741.jpg,,Dry red Chilly
train,Dry red Chilly/DryRedChilly354.jpg,,Dry red Chilly
train,Dry red Chilly/DryRedChilly709.jpg,,Dry red Chilly
train,Dry red Chilly/DryRedChilly4.jpg,,Dry red Chilly
train,Dry red Chilly/DryRedChilly798.jpg,,Dry red Chilly
train,Dry red Chilly/DryRedChilly102.jpg,,Dry red Chilly
train,Dry red Chilly/DryRedChilly574.jpg,,Dry red Chilly
train,Dry red Chilly/DryRedChilly363.jpg,,Dry red Chilly
train,Dry red Chilly/DryRedChilly739.jpg,,Dry red Chilly
train,Dry red Chilly/DryRedChilly488.jpg,,Dry red Chilly
train,Dry red Chilly/DryRedChilly762.jpg,,Dry red Chilly
train,Dry red Chilly/DryRedChilly752.jpg,,Dry red Chilly
train,Dry red Chilly/DryRedChilly323.jpg,,Dry red Chilly
train,Dry red Chilly/DryRedChilly279.jpg,,Dry red Chilly
train,Dry red Chilly/DryRedChilly522.jpg,,Dry red Chilly
train,Dry red Chilly/DryRedChilly749.jpg,,Dry red Chilly
train,Dry red Chilly/DryRedChilly222.jpg,,Dry red Chilly
train,Dry red Chilly/DryRedChilly204.jpg,,Dry red Chilly
train,Dry red Chilly/DryRedChilly68.jpg,,Dry red Chilly
train,Dry red Chilly/DryRedChilly134.jpg,,Dry red Chilly
train,Dry red Chilly/DryRedChilly551.jpg,,Dry red Chilly
train,Dry red Chilly/DryRedChilly761.jpg,,Dry red Chilly
train,Dry red Chilly/DryRedChilly107.jpg,,Dry red Chilly
train,Dry red Chilly/DryRedChilly817.jpg,,Dry red Chilly
train,Dry red Chilly/DryRedChilly209.jpg,,Dry red Chilly
train,Dry red Chilly/DryRedChilly177.jpg,,Dry red Chilly
train,Dry red Chilly/DryRedChilly702.jpg,,Dry red Chilly
train,Dry red Chilly/DryRedChilly377.jpg,,Dry red Chilly
train,Dry red Chilly/DryRedChilly651.jpg,,Dry red Chilly
train,Dry red Chilly/DryRedChilly708.jpg,,Dry red Chilly
train,Dry red Chilly/DryRedChilly759.jpg,,Dry red Chilly
train,Dry red Chilly/DryRedChilly469.jpg,,Dry red Chilly
train,Dry red Chilly/DryRedChilly612.jpg,,Dry red Chilly
train,Dry red Chilly/DryRedChilly555.jpg,,Dry red Chilly
train,Dry red Chilly/DryRedChilly840.jpg,,Dry red Chilly
train,Dry red Chilly/DryRedChilly257.jpg,,Dry red Chilly
train,Dry red Chilly/DryRedChilly125.jpg,,Dry red Chilly
train,Dry red Chilly/DryRedChilly401.jpg,,Dry red Chilly
train,Dry red Chilly/DryRedChilly829.jpg,,Dry red Chilly
train,Dry red Chilly/DryRedChilly514.jpg,,Dry red Chilly
train,Dry red Chilly/DryRedChilly600.jpg,,Dry red Chilly
train,Dry red Chilly/DryRedChilly394.jpg,,Dry red Chilly
train,Dry red Chilly/DryRedChilly17.jpg,,Dry red Chilly
train,Dry red Chilly/DryRedChilly114.jpg,,Dry red Chilly
train,Dry red Chilly/DryRedChilly158.jpg,,Dry red Chilly
train,Dry red Chilly/DryRedChilly672.jpg,,Dry red Chilly
train,Dry red Chilly/DryRedChilly833.jpg,,Dry red Chilly
train,Dry red Chilly/DryRedChilly715.jpg,,Dry red Chilly
train,Dry red Chilly/DryRedChilly537.jpg,,Dry red Chilly
train,Dry red Chilly/DryRedChilly375.jpg,,Dry red Chilly
train,Dry red Chilly/DryRedChilly535.jpg,,Dry red Chilly
train,Dry red Chilly/DryRedChilly552.jpg,,Dry red Chilly
train,Dry red Chilly/DryRedChilly228.jpg,,Dry red Chilly
train,Dry red Chilly/DryRedChilly580.jpg,,Dry red Chilly
train,Dry red Chilly/DryRedChilly545.jpg,,Dry red Chilly
train,Dry red Chilly/DryRedChilly73.jpg,,Dry red Chilly
train,Dry red Chilly/DryRedChilly194.jpg,,Dry red Chilly
train,Dry red Chilly/DryRedChilly794.jpg,,Dry red Chilly
train,Dry red Chilly/DryRedChilly447.jpg,,Dry red Chilly
train,Dry red Chilly/DryRedChilly661.jpg,,Dry red Chilly
train,Dry red Chilly/DryRedChilly828.jpg,,Dry red Chilly
train,Dry red Chilly/DryRedChilly428.jpg,,Dry red Chilly
train,Dry red Chilly/DryRedChilly633.jpg,,Dry red Chilly
train,Dry red Chilly/DryRedChilly474.jpg,,Dry red Chilly
train,Dry red Chilly/DryRedChilly206.jpg,,Dry red Chilly
train,Dry red Chilly/DryRedChilly543.jpg,,Dry red Chilly
train,Dry red Chilly/DryRedChilly97.jpg,,Dry red Chilly
train,Dry red Chilly/DryRedChilly789.jpg,,Dry red Chilly
train,Dry red Chilly/DryRedChilly143.jpg,,Dry red Chilly
train,Dry red Chilly/DryRedChilly355.jpg,,Dry red Chilly
train,Dry red Chilly/DryRedChilly262.jpg,,Dry red Chilly
train,Dry red Chilly/DryRedChilly152.jpg,,Dry red Chilly
train,Dry red Chilly/DryRedChilly558.jpg,,Dry red Chilly
train,Dry red Chilly/DryRedChilly815.jpg,,Dry red Chilly
train,Dry red Chilly/DryRedChilly285.jpg,,Dry red Chilly
train,Dry red Chilly/DryRedChilly831.jpg,,Dry red Chilly
train,Dry red Chilly/DryRedChilly30.jpg,,Dry red Chilly
train,Dry red Chilly/DryRedChilly32.jpg,,Dry red Chilly
train,Dry red Chilly/DryRedChilly783.jpg,,Dry red Chilly
train,Dry red Chilly/DryRedChilly693.jpg,,Dry red Chilly
train,Dry red Chilly/DryRedChilly213.jpg,,Dry red Chilly
train,Dry red Chilly/DryRedChilly635.jpg,,Dry red Chilly
train,Dry red Chilly/DryRedChilly389.jpg,,Dry red Chilly
train,Dry red Chilly/DryRedChilly758.jpg,,Dry red Chilly
train,Dry red Chilly/DryRedChilly345.jpg,,Dry red Chilly
train,Dry red Chilly/DryRedChilly657.jpg,,Dry red Chilly
train,Dry red Chilly/DryRedChilly386.jpg,,Dry red Chilly
train,Dry red Chilly/DryRedChilly572.jpg,,Dry red Chilly
train,Dry red Chilly/DryRedChilly159.jpg,,Dry red Chilly
train,Dry red Chilly/DryRedChilly400.jpg,,Dry red Chilly
train,Dry red Chilly/DryRedChilly295.jpg,,Dry red Chilly
train,Dry red Chilly/DryRedChilly796.jpg,,Dry red Chilly
train,Dry red Chilly/DryRedChilly198.jpg,,Dry red Chilly
train,Dry red Chilly/DryRedChilly680.jpg,,Dry red Chilly
train,Dry red Chilly/DryRedChilly261.jpg,,Dry red Chilly
train,Dry red Chilly/DryRedChilly424.jpg,,Dry red Chilly
train,Dry red Chilly/DryRedChilly238.jpg,,Dry red Chilly
train,Dry red Chilly/DryRedChilly258.jpg,,Dry red Chilly
train,Dry red Chilly/DryRedChilly60.jpg,,Dry red Chilly
train,Dry red Chilly/DryRedChilly733.jpg,,Dry red Chilly
train,Dry red Chilly/DryRedChilly678.jpg,,Dry red Chilly
train,Dry red Chilly/DryRedChilly839.jpg,,Dry red Chilly
train,Dry red Chilly/DryRedChilly563.jpg,,Dry red Chilly
train,Dry red Chilly/DryRedChilly267.jpg,,Dry red Chilly
train,Dry red Chilly/DryRedChilly444.jpg,,Dry red Chilly
train,Dry red Chilly/DryRedChilly439.jpg,,Dry red Chilly
train,Dry red Chilly/DryRedChilly650.jpg,,Dry red Chilly
train,Dry red Chilly/DryRedChilly576.jpg,,Dry red Chilly
train,Dry red Chilly/DryRedChilly64.jpg,,Dry red Chilly
train,Dry red Chilly/DryRedChilly586.jpg,,Dry red Chilly
train,Dry red Chilly/DryRedChilly147.jpg,,Dry red Chilly
train,Dry red Chilly/DryRedChilly571.jpg,,Dry red Chilly
train,Dry red Chilly/DryRedChilly466.jpg,,Dry red Chilly
train,Dry red Chilly/DryRedChilly250.jpg,,Dry red Chilly
train,Dry red Chilly/DryRedChilly539.jpg,,Dry red Chilly
train,Dry red Chilly/DryRedChilly155.jpg,,Dry red Chilly
train,Dry red Chilly/DryRedChilly515.jpg,,Dry red Chilly
train,Dry red Chilly/DryRedChilly592.jpg,,Dry red Chilly
train,Dry red Chilly/DryRedChilly491.jpg,,Dry red Chilly
train,Dry red Chilly/DryRedChilly99.jpg,,Dry red Chilly
train,Dry red Chilly/DryRedChilly481.jpg,,Dry red Chilly
train,Dry red Chilly/DryRedChilly13.jpg,,Dry red Chilly
train,Dry red Chilly/DryRedChilly412.jpg,,Dry red Chilly
train,Dry red Chilly/DryRedChilly56.jpg,,Dry red Chilly
train,Dry red Chilly/DryRedChilly583.jpg,,Dry red Chilly
train,Dry red Chilly/DryRedChilly72.jpg,,Dry red Chilly
train,Dry red Chilly/DryRedChilly141.jpg,,Dry red Chilly
train,Dry red Chilly/DryRedChilly470.jpg,,Dry red Chilly
train,Dry red Chilly/DryRedChilly819.jpg,,Dry red Chilly
train,Dry red Chilly/DryRedChilly460.jpg,,Dry red Chilly
train,Dry red Chilly/DryRedChilly489.jpg,,Dry red Chilly
train,Dry red Chilly/DryRedChilly23.jpg,,Dry red Chilly
train,Dry red Chilly/DryRedChilly173.jpg,,Dry red Chilly
train,Dry red Chilly/DryRedChilly737.jpg,,Dry red Chilly
train,Dry red Chilly/DryRedChilly291.jpg,,Dry red Chilly
train,Dry red Chilly/DryRedChilly706.jpg,,Dry red Chilly
train,Dry red Chilly/DryRedChilly527.jpg,,Dry red Chilly
train,Dry red Chilly/DryRedChilly631.jpg,,Dry red Chilly
train,Dry red Chilly/DryRedChilly251.jpg,,Dry red Chilly
train,Dry red Chilly/DryRedChilly236.jpg,,Dry red Chilly
train,Dry red Chilly/DryRedChilly50.jpg,,Dry red Chilly
train,Dry red Chilly/DryRedChilly718.jpg,,Dry red Chilly
train,Dry red Chilly/DryRedChilly721.jpg,,Dry red Chilly
train,Dry red Chilly/DryRedChilly26.jpg,,Dry red Chilly
train,Dry red Chilly/DryRedChilly124.jpg,,Dry red Chilly
train,Dry red Chilly/DryRedChilly167.jpg,,Dry red Chilly
train,Dry red Chilly/DryRedChilly508.jpg,,Dry red Chilly
train,Dry red Chilly/DryRedChilly690.jpg,,Dry red Chilly
train,Dry red Chilly/DryRedChilly820.jpg,,Dry red Chilly
train,Dry red Chilly/DryRedChilly453.jpg,,Dry red Chilly
train,Dry red Chilly/DryRedChilly227.jpg,,Dry red Chilly
train,Dry red Chilly/DryRedChilly351.jpg,,Dry red Chilly
train,Dry red Chilly/DryRedChilly517.jpg,,Dry red Chilly
train,Dry red Chilly/DryRedChilly101.jpg,,Dry red Chilly
train,Dry red Chilly/DryRedChilly519.jpg,,Dry red Chilly
train,Dry red Chilly/DryRedChilly610.jpg,,Dry red Chilly
train,Dry red Chilly/DryRedChilly694.jpg,,Dry red Chilly
train,Dry red Chilly/DryRedChilly485.jpg,,Dry red Chilly
train,Dry red Chilly/DryRedChilly318.jpg,,Dry red Chilly
train,Dry red Chilly/DryRedChilly370.jpg,,Dry red Chilly
train,Dry red Chilly/DryRedChilly2.jpg,,Dry red Chilly
train,Dry red Chilly/DryRedChilly795.jpg,,Dry red Chilly
train,Dry red Chilly/DryRedChilly728.jpg,,Dry red Chilly
train,Dry red Chilly/DryRedChilly100.jpg,,Dry red Chilly
train,Dry red Chilly/DryRedChilly35.jpg,,Dry red Chilly
train,Dry red Chilly/DryRedChilly76.jpg,,Dry red Chilly
train,Dry red Chilly/DryRedChilly838.jpg,,Dry red Chilly
train,Dry red Chilly/DryRedChilly734.jpg,,Dry red Chilly
train,Dry red Chilly/DryRedChilly780.jpg,,Dry red Chilly
train,Dry red Chilly/DryRedChilly215.jpg,,Dry red Chilly
train,Dry red Chilly/DryRedChilly10.jpg,,Dry red Chilly
train,Dry red Chilly/DryRedChilly685.jpg,,Dry red Chilly
train,Dry red Chilly/DryRedChilly534.jpg,,Dry red Chilly
train,Dry red Chilly/DryRedChilly153.jpg,,Dry red Chilly
train,Dry red Chilly/DryRedChilly826.jpg,,Dry red Chilly
train,Dry red Chilly/DryRedChilly231.jpg,,Dry red Chilly
train,Dry red Chilly/DryRedChilly304.jpg,,Dry red Chilly
train,Dry red Chilly/DryRedChilly830.jpg,,Dry red Chilly
train,Dry red Chilly/DryRedChilly240.jpg,,Dry red Chilly
train,Dry red Chilly/DryRedChilly643.jpg,,Dry red Chilly
train,Dry red Chilly/DryRedChilly122.jpg,,Dry red Chilly
train,Dry red Chilly/DryRedChilly689.jpg,,Dry red Chilly
train,Dry red Chilly/DryRedChilly556.jpg,,Dry red Chilly
train,Dry red Chilly/DryRedChilly411.jpg,,Dry red Chilly
train,Dry red Chilly/DryRedChilly168.jpg,,Dry red Chilly
train,Dry red Chilly/DryRedChilly36.jpg,,Dry red Chilly
train,Dry red Chilly/DryRedChilly253.jpg,,Dry red Chilly
train,Dry red Chilly/DryRedChilly656.jpg,,Dry red Chilly
train,Dry red Chilly/DryRedChilly637.jpg,,Dry red Chilly
train,Dry red Chilly/DryRedChilly476.jpg,,Dry red Chilly
train,Dry red Chilly/DryRedChilly352.jpg,,Dry red Chilly
train,Dry red Chilly/DryRedChilly273.jpg,,Dry red Chilly
train,Dry red Chilly/DryRedChilly172.jpg,,Dry red Chilly
train,Dry red Chilly/DryRedChilly54.jpg,,Dry red Chilly
train,Dry red Chilly/DryRedChilly740.jpg,,Dry red Chilly
train,Dry red Chilly/DryRedChilly276.jpg,,Dry red Chilly
train,Dry red Chilly/DryRedChilly754.jpg,,Dry red Chilly
train,Dry red Chilly/DryRedChilly138.jpg,,Dry red Chilly
train,Dry red Chilly/DryRedChilly266.jpg,,Dry red Chilly
train,Dry red Chilly/DryRedChilly391.jpg,,Dry red Chilly
train,Dry red Chilly/DryRedChilly664.jpg,,Dry red Chilly
train,Dry red Chilly/DryRedChilly151.jpg,,Dry red Chilly
train,Dry red Chilly/DryRedChilly824.jpg,,Dry red Chilly
train,Dry red Chilly/DryRedChilly61.jpg,,Dry red Chilly
train,Dry red Chilly/DryRedChilly502.jpg,,Dry red Chilly
train,Dry red Chilly/DryRedChilly713.jpg,,Dry red Chilly
train,Dry red Chilly/DryRedChilly422.jpg,,Dry red Chilly
train,Dry red Chilly/DryRedChilly214.jpg,,Dry red Chilly
train,Dry red Chilly/DryRedChilly432.jpg,,Dry red Chilly
train,Dry red Chilly/DryRedChilly596.jpg,,Dry red Chilly
train,Dry red Chilly/DryRedChilly810.jpg,,Dry red Chilly
train,Dry red Chilly/DryRedChilly371.jpg,,Dry red Chilly
train,Dry red Chilly/DryRedChilly579.jpg,,Dry red Chilly
train,Dry red Chilly/DryRedChilly836.jpg,,Dry red Chilly
train,Dry red Chilly/DryRedChilly11.jpg,,Dry red Chilly
train,Dry red Chilly/DryRedChilly632.jpg,,Dry red Chilly
train,Dry red Chilly/DryRedChilly248.jpg,,Dry red Chilly
train,Dry red Chilly/DryRedChilly565.jpg,,Dry red Chilly
train,Dry red Chilly/DryRedChilly473.jpg,,Dry red Chilly
train,Dry red Chilly/DryRedChilly812.jpg,,Dry red Chilly
train,Dry red Chilly/DryRedChilly350.jpg,,Dry red Chilly
train,Dry red Chilly/DryRedChilly671.jpg,,Dry red Chilly
train,Dry red Chilly/DryRedChilly617.jpg,,Dry red Chilly
train,Dry red Chilly/DryRedChilly71.jpg,,Dry red Chilly
train,Dry red Chilly/DryRedChilly738.jpg,,Dry red Chilly
train,Dry red Chilly/DryRedChilly33.jpg,,Dry red Chilly
train,Dry red Chilly/DryRedChilly431.jpg,,Dry red Chilly
train,Dry red Chilly/DryRedChilly140.jpg,,Dry red Chilly
train,Dry red Chilly/DryRedChilly79.jpg,,Dry red Chilly
train,Dry red Chilly/DryRedChilly397.jpg,,Dry red Chilly
train,Dry red Chilly/DryRedChilly312.jpg,,Dry red Chilly
train,Dry red Chilly/DryRedChilly94.jpg,,Dry red Chilly
train,Dry red Chilly/DryRedChilly499.jpg,,Dry red Chilly
train,Dry red Chilly/DryRedChilly417.jpg,,Dry red Chilly
train,Dry red Chilly/DryRedChilly123.jpg,,Dry red Chilly
train,Dry red Chilly/DryRedChilly472.jpg,,Dry red Chilly
train,Dry red Chilly/DryRedChilly234.jpg,,Dry red Chilly
train,Dry red Chilly/DryRedChilly641.jpg,,Dry red Chilly
train,Dry red Chilly/DryRedChilly176.jpg,,Dry red Chilly
train,Dry red Chilly/DryRedChilly615.jpg,,Dry red Chilly
train,Dry red Chilly/DryRedChilly230.jpg,,Dry red Chilly
train,Dry red Chilly/DryRedChilly547.jpg,,Dry red Chilly
train,Dry red Chilly/DryRedChilly607.jpg,,Dry red Chilly
train,Dry red Chilly/DryRedChilly301.jpg,,Dry red Chilly
train,Dry red Chilly/DryRedChilly662.jpg,,Dry red Chilly
train,Dry red Chilly/DryRedChilly745.jpg,,Dry red Chilly
train,Dry red Chilly/DryRedChilly121.jpg,,Dry red Chilly
train,Dry red Chilly/DryRedChilly777.jpg,,Dry red Chilly
train,Dry red Chilly/DryRedChilly638.jpg,,Dry red Chilly
train,Dry red Chilly/DryRedChilly663.jpg,,Dry red Chilly
train,Dry red Chilly/DryRedChilly356.jpg,,Dry red Chilly
train,Dry red Chilly/DryRedChilly117.jpg,,Dry red Chilly
train,Dry red Chilly/DryRedChilly477.jpg,,Dry red Chilly
train,Dry red Chilly/DryRedChilly69.jpg,,Dry red Chilly
train,Dry red Chilly/DryRedChilly347.jpg,,Dry red Chilly
train,Dry red Chilly/DryRedChilly338.jpg,,Dry red Chilly
train,Dry red Chilly/DryRedChilly211.jpg,,Dry red Chilly
train,Dry red Chilly/DryRedChilly479.jpg,,Dry red Chilly
train,Dry red Chilly/DryRedChilly309.jpg,,Dry red Chilly
train,Dry red Chilly/DryRedChilly307.jpg,,Dry red Chilly
train,Dry red Chilly/DryRedChilly730.jpg,,Dry red Chilly
train,Dry red Chilly/DryRedChilly339.jpg,,Dry red Chilly
train,Dry red Chilly/DryRedChilly799.jpg,,Dry red Chilly
train,Dry red Chilly/DryRedChilly804.jpg,,Dry red Chilly
train,Dry red Chilly/DryRedChilly642.jpg,,Dry red Chilly
train,Dry red Chilly/DryRedChilly67.jpg,,Dry red Chilly
train,Dry red Chilly/DryRedChilly698.jpg,,Dry red Chilly
train,Dry red Chilly/DryRedChilly346.jpg,,Dry red Chilly
train,Dry red Chilly/DryRedChilly373.jpg,,Dry red Chilly
train,Dry red Chilly/DryRedChilly362.jpg,,Dry red Chilly
train,Dry red Chilly/DryRedChilly494.jpg,,Dry red Chilly
train,Dry red Chilly/DryRedChilly526.jpg,,Dry red Chilly
train,Dry red Chilly/DryRedChilly280.jpg,,Dry red Chilly
train,Dry red Chilly/DryRedChilly598.jpg,,Dry red Chilly
train,Dry red Chilly/DryRedChilly825.jpg,,Dry red Chilly
train,Dry red Chilly/DryRedChilly841.jpg,,Dry red Chilly
train,Dry red Chilly/DryRedChilly438.jpg,,Dry red Chilly
train,Dry red Chilly/DryRedChilly93.jpg,,Dry red Chilly
train,Dry red Chilly/DryRedChilly118.jpg,,Dry red Chilly
train,Dry red Chilly/DryRedChilly621.jpg,,Dry red Chilly
train,Dry red Chilly/DryRedChilly569.jpg,,Dry red Chilly
train,Dry red Chilly/DryRedChilly296.jpg,,Dry red Chilly
train,Dry red Chilly/DryRedChilly212.jpg,,Dry red Chilly
train,Dry red Chilly/DryRedChilly31.jpg,,Dry red Chilly
train,Dry red Chilly/DryRedChilly249.jpg,,Dry red Chilly
train,Dry red Chilly/DryRedChilly518.jpg,,Dry red Chilly
train,Dry red Chilly/DryRedChilly324.jpg,,Dry red Chilly
train,Dry red Chilly/DryRedChilly760.jpg,,Dry red Chilly
train,Dry red Chilly/DryRedChilly300.jpg,,Dry red Chilly
train,Dry red Chilly/DryRedChilly773.jpg,,Dry red Chilly
train,Dry red Chilly/DryRedChilly129.jpg,,Dry red Chilly
train,Dry red Chilly/DryRedChilly193.jpg,,Dry red Chilly
train,Dry red Chilly/DryRedChilly448.jpg,,Dry red Chilly
train,Dry red Chilly/DryRedChilly89.jpg,,Dry red Chilly
train,Dry red Chilly/DryRedChilly408.jpg,,Dry red Chilly
train,Dry red Chilly/DryRedChilly806.jpg,,Dry red Chilly
train,Dry red Chilly/DryRedChilly785.jpg,,Dry red Chilly
train,Dry red Chilly/DryRedChilly55.jpg,,Dry red Chilly
train,Dry red Chilly/DryRedChilly566.jpg,,Dry red Chilly
train,Dry red Chilly/DryRedChilly105.jpg,,Dry red Chilly
train,Dry red Chilly/DryRedChilly553.jpg,,Dry red Chilly
train,Dry red Chilly/DryRedChilly288.jpg,,Dry red Chilly
train,Dry red Chilly/DryRedChilly784.jpg,,Dry red Chilly
train,Dry red Chilly/DryRedChilly655.jpg,,Dry red Chilly
train,Dry red Chilly/DryRedChilly188.jpg,,Dry red Chilly
train,Dry red Chilly/DryRedChilly174.jpg,,Dry red Chilly
train,Dry red Chilly/DryRedChilly162.jpg,,Dry red Chilly
train,Dry red Chilly/DryRedChilly317.jpg,,Dry red Chilly
train,Dry red Chilly/DryRedChilly325.jpg,,Dry red Chilly
train,Dry red Chilly/DryRedChilly278.jpg,,Dry red Chilly
train,Dry red Chilly/DryRedChilly575.jpg,,Dry red Chilly
train,Dry red Chilly/DryRedChilly646.jpg,,Dry red Chilly
train,Dry red Chilly/DryRedChilly271.jpg,,Dry red Chilly
train,Dry red Chilly/DryRedChilly750.jpg,,Dry red Chilly
train,Dry red Chilly/DryRedChilly765.jpg,,Dry red Chilly
train,Dry red Chilly/DryRedChilly315.jpg,,Dry red Chilly
train,Dry red Chilly/DryRedChilly593.jpg,,Dry red Chilly
train,Dry red Chilly/DryRedChilly673.jpg,,Dry red Chilly
train,Dry red Chilly/DryRedChilly330.jpg,,Dry red Chilly
train,Dry red Chilly/DryRedChilly622.jpg,,Dry red Chilly
train,Dry red Chilly/DryRedChilly319.jpg,,Dry red Chilly
train,Dry red Chilly/DryRedChilly459.jpg,,Dry red Chilly
train,Dry red Chilly/DryRedChilly669.jpg,,Dry red Chilly
train,Dry red Chilly/DryRedChilly603.jpg,,Dry red Chilly
train,Dry red Chilly/DryRedChilly835.jpg,,Dry red Chilly
train,Dry red Chilly/DryRedChilly532.jpg,,Dry red Chilly
train,Dry red Chilly/DryRedChilly65.jpg,,Dry red Chilly
train,Dry red Chilly/DryRedChilly766.jpg,,Dry red Chilly
train,Dry red Chilly/DryRedChilly525.jpg,,Dry red Chilly
train,Dry red Chilly/DryRedChilly374.jpg,,Dry red Chilly
train,Dry red Chilly/DryRedChilly205.jpg,,Dry red Chilly
train,Dry red Chilly/DryRedChilly530.jpg,,Dry red Chilly
train,Dry red Chilly/DryRedChilly628.jpg,,Dry red Chilly
train,Dry red Chilly/DryRedChilly379.jpg,,Dry red Chilly
train,Dry red Chilly/DryRedChilly221.jpg,,Dry red Chilly
train,Dry red Chilly/DryRedChilly383.jpg,,Dry red Chilly
train,Dry red Chilly/DryRedChilly381.jpg,,Dry red Chilly
train,Dry red Chilly/DryRedChilly74.jpg,,Dry red Chilly
train,Dry red Chilly/DryRedChilly110.jpg,,Dry red Chilly
train,Dry red Chilly/DryRedChilly756.jpg,,Dry red Chilly
train,Dry red Chilly/DryRedChilly16.jpg,,Dry red Chilly
train,Dry red Chilly/DryRedChilly755.jpg,,Dry red Chilly
train,Dry red Chilly/DryRedChilly88.jpg,,Dry red Chilly
train,Dry red Chilly/DryRedChilly458.jpg,,Dry red Chilly
train,Dry red Chilly/DryRedChilly169.jpg,,Dry red Chilly
train,Dry red Chilly/DryRedChilly639.jpg,,Dry red Chilly
train,Dry red Chilly/DryRedChilly44.jpg,,Dry red Chilly
train,Dry red Chilly/DryRedChilly529.jpg,,Dry red Chilly
train,Dry red Chilly/DryRedChilly722.jpg,,Dry red Chilly
train,Dry red Chilly/DryRedChilly510.jpg,,Dry red Chilly
train,Dry red Chilly/DryRedChilly478.jpg,,Dry red Chilly
train,Dry red Chilly/DryRedChilly53.jpg,,Dry red Chilly
train,Dry red Chilly/DryRedChilly442.jpg,,Dry red Chilly
train,Dry red Chilly/DryRedChilly717.jpg,,Dry red Chilly
train,Dry red Chilly/DryRedChilly84.jpg,,Dry red Chilly
train,Dry red Chilly/DryRedChilly289.jpg,,Dry red Chilly
train,Dry red Chilly/DryRedChilly743.jpg,,Dry red Chilly
train,Dry red Chilly/DryRedChilly772.jpg,,Dry red Chilly
train,Dry red Chilly/DryRedChilly548.jpg,,Dry red Chilly
train,Dry red Chilly/DryRedChilly557.jpg,,Dry red Chilly
train,Dry red Chilly/DryRedChilly246.jpg,,Dry red Chilly
train,Dry red Chilly/DryRedChilly58.jpg,,Dry red Chilly
train,Dry red Chilly/DryRedChilly112.jpg,,Dry red Chilly
train,Dry red Chilly/DryRedChilly434.jpg,,Dry red Chilly
train,Dry red Chilly/DryRedChilly166.jpg,,Dry red Chilly
train,Dry red Chilly/DryRedChilly504.jpg,,Dry red Chilly
train,Dry red Chilly/DryRedChilly486.jpg,,Dry red Chilly
train,Dry red Chilly/DryRedChilly245.jpg,,Dry red Chilly
train,Dry red Chilly/DryRedChilly269.jpg,,Dry red Chilly
train,Dry red Chilly/DryRedChilly208.jpg,,Dry red Chilly
train,Dry red Chilly/DryRedChilly161.jpg,,Dry red Chilly
train,Dry red Chilly/DryRedChilly392.jpg,,Dry red Chilly
train,Dry red Chilly/DryRedChilly813.jpg,,Dry red Chilly
train,Dry red Chilly/DryRedChilly232.jpg,,Dry red Chilly
train,Dry red Chilly/DryRedChilly679.jpg,,Dry red Chilly
train,Dry red Chilly/DryRedChilly692.jpg,,Dry red Chilly
train,Dry red Chilly/DryRedChilly384.jpg,,Dry red Chilly
train,Dry red Chilly/DryRedChilly57.jpg,,Dry red Chilly
train,Dry red Chilly/DryRedChilly286.jpg,,Dry red Chilly
train,Dry red Chilly/DryRedChilly763.jpg,,Dry red Chilly
train,Dry red Chilly/DryRedChilly29.jpg,,Dry red Chilly
train,Dry red Chilly/DryRedChilly22.jpg,,Dry red Chilly
train,Dry red Chilly/DryRedChilly512.jpg,,Dry red Chilly
train,Dry red Chilly/DryRedChilly402.jpg,,Dry red Chilly
train,Dry red Chilly/DryRedChilly387.jpg,,Dry red Chilly
train,Dry red Chilly/DryRedChilly492.jpg,,Dry red Chilly
train,Dry red Chilly/DryRedChilly716.jpg,,Dry red Chilly
train,Dry red Chilly/DryRedChilly8.jpg,,Dry red Chilly
train,Dry red Chilly/DryRedChilly484.jpg,,Dry red Chilly
train,Dry red Chilly/DryRedChilly732.jpg,,Dry red Chilly
train,Dry red Chilly/DryRedChilly727.jpg,,Dry red Chilly
train,Dry red Chilly/DryRedChilly18.jpg,,Dry red Chilly
train,Dry red Chilly/DryRedChilly225.jpg,,Dry red Chilly
train,Dry red Chilly/DryRedChilly599.jpg,,Dry red Chilly
train,Dry red Chilly/DryRedChilly413.jpg,,Dry red Chilly
train,Dry red Chilly/DryRedChilly239.jpg,,Dry red Chilly
train,Dry red Chilly/DryRedChilly306.jpg,,Dry red Chilly
train,Dry red Chilly/DryRedChilly357.jpg,,Dry red Chilly
train,Dry red Chilly/DryRedChilly126.jpg,,Dry red Chilly
train,Dry red Chilly/DryRedChilly456.jpg,,Dry red Chilly
train,Dry red Chilly/DryRedChilly336.jpg,,Dry red Chilly
train,Dry red Chilly/DryRedChilly156.jpg,,Dry red Chilly
train,Dry red Chilly/DryRedChilly774.jpg,,Dry red Chilly
train,Dry red Chilly/DryRedChilly695.jpg,,Dry red Chilly
train,Dry red Chilly/DryRedChilly316.jpg,,Dry red Chilly
train,Dry red Chilly/DryRedChilly781.jpg,,Dry red Chilly
train,Dry red Chilly/DryRedChilly426.jpg,,Dry red Chilly
train,Dry red Chilly/DryRedChilly81.jpg,,Dry red Chilly
train,Dry red Chilly/DryRedChilly419.jpg,,Dry red Chilly
train,Dry red Chilly/DryRedChilly634.jpg,,Dry red Chilly
train,Dry red Chilly/DryRedChilly243.jpg,,Dry red Chilly
train,Dry red Chilly/DryRedChilly714.jpg,,Dry red Chilly
train,Dry red Chilly/DryRedChilly550.jpg,,Dry red Chilly
train,Dry red Chilly/DryRedChilly406.jpg,,Dry red Chilly
train,Dry red Chilly/DryRedChilly822.jpg,,Dry red Chilly
train,Dry red Chilly/DryRedChilly588.jpg,,Dry red Chilly
train,Dry red Chilly/DryRedChilly327.jpg,,Dry red Chilly
train,Dry red Chilly/DryRedChilly135.jpg,,Dry red Chilly
train,Dry red Chilly/DryRedChilly95.jpg,,Dry red Chilly
train,Dry red Chilly/DryRedChilly520.jpg,,Dry red Chilly
train,Dry red Chilly/DryRedChilly560.jpg,,Dry red Chilly
train,Dry red Chilly/DryRedChilly282.jpg,,Dry red Chilly
train,Dry red Chilly/DryRedChilly270.jpg,,Dry red Chilly
train,Dry red Chilly/DryRedChilly180.jpg,,Dry red Chilly
train,Dry red Chilly/DryRedChilly86.jpg,,Dry red Chilly
train,Dry red Chilly/DryRedChilly546.jpg,,Dry red Chilly
train,Dry red Chilly/DryRedChilly390.jpg,,Dry red Chilly
train,Dry red Chilly/DryRedChilly190.jpg,,Dry red Chilly
train,Dry red Chilly/DryRedChilly568.jpg,,Dry red Chilly
train,Dry red Chilly/DryRedChilly45.jpg,,Dry red Chilly
train,Dry red Chilly/DryRedChilly87.jpg,,Dry red Chilly
train,Dry red Chilly/DryRedChilly455.jpg,,Dry red Chilly
train,Dry red Chilly/DryRedChilly369.jpg,,Dry red Chilly
train,Dry red Chilly/DryRedChilly116.jpg,,Dry red Chilly
train,Dry red Chilly/DryRedChilly199.jpg,,Dry red Chilly
train,Dry red Chilly/DryRedChilly792.jpg,,Dry red Chilly
train,Dry red Chilly/DryRedChilly687.jpg,,Dry red Chilly
train,Dry red Chilly/DryRedChilly457.jpg,,Dry red Chilly
train,Dry red Chilly/DryRedChilly160.jpg,,Dry red Chilly
train,Dry red Chilly/DryRedChilly106.jpg,,Dry red Chilly
train,Dry red Chilly/DryRedChilly528.jpg,,Dry red Chilly
train,Dry red Chilly/DryRedChilly148.jpg,,Dry red Chilly
train,Dry red Chilly/DryRedChilly349.jpg,,Dry red Chilly
train,Dry red Chilly/DryRedChilly284.jpg,,Dry red Chilly
train,Dry red Chilly/DryRedChilly360.jpg,,Dry red Chilly
train,Dry red Chilly/DryRedChilly154.jpg,,Dry red Chilly
train,Dry red Chilly/DryRedChilly256.jpg,,Dry red Chilly
train,Dry red Chilly/DryRedChilly334.jpg,,Dry red Chilly
train,Dry red Chilly/DryRedChilly139.jpg,,Dry red Chilly
train,Dry red Chilly/DryRedChilly585.jpg,,Dry red Chilly
train,Dry red Chilly/DryRedChilly446.jpg,,Dry red Chilly
train,Dry red Chilly/DryRedChilly115.jpg,,Dry red Chilly
train,Dry red Chilly/DryRedChilly229.jpg,,Dry red Chilly
train,Dry red Chilly/DryRedChilly75.jpg,,Dry red Chilly
train,Dry red Chilly/DryRedChilly7.jpg,,Dry red Chilly
train,Dry red Chilly/DryRedChilly337.jpg,,Dry red Chilly
train,Dry red Chilly/DryRedChilly581.jpg,,Dry red Chilly
train,Dry red Chilly/DryRedChilly602.jpg,,Dry red Chilly
train,Dry red Chilly/DryRedChilly287.jpg,,Dry red Chilly
train,Dry red Chilly/DryRedChilly294.jpg,,Dry red Chilly
train,Dry red Chilly/DryRedChilly595.jpg,,Dry red Chilly
train,Dry red Chilly/DryRedChilly292.jpg,,Dry red Chilly
train,Dry red Chilly/DryRedChilly404.jpg,,Dry red Chilly
train,Dry red Chilly/DryRedChilly12.jpg,,Dry red Chilly
train,Dry red Chilly/DryRedChilly533.jpg,,Dry red Chilly
train,Dry red Chilly/DryRedChilly513.jpg,,Dry red Chilly
train,Dry red Chilly/DryRedChilly666.jpg,,Dry red Chilly
train,Dry red Chilly/DryRedChilly200.jpg,,Dry red Chilly
train,Dry red Chilly/DryRedChilly415.jpg,,Dry red Chilly
train,Dry red Chilly/DryRedChilly111.jpg,,Dry red Chilly
train,Dry red Chilly/DryRedChilly364.jpg,,Dry red Chilly
train,Dry red Chilly/DryRedChilly814.jpg,,Dry red Chilly
train,Dry red Chilly/DryRedChilly681.jpg,,Dry red Chilly
train,Dry red Chilly/DryRedChilly726.jpg,,Dry red Chilly
train,Dry red Chilly/DryRedChilly675.jpg,,Dry red Chilly
train,Dry red Chilly/DryRedChilly697.jpg,,Dry red Chilly
train,Dry red Chilly/DryRedChilly764.jpg,,Dry red Chilly
train,Dry red Chilly/DryRedChilly443.jpg,,Dry red Chilly
train,Dry red Chilly/DryRedChilly283.jpg,,Dry red Chilly
train,Dry red Chilly/DryRedChilly314.jpg,,Dry red Chilly
train,Dry red Chilly/DryRedChilly14.jpg,,Dry red Chilly
train,Dry red Chilly/DryRedChilly505.jpg,,Dry red Chilly
train,Dry red Chilly/DryRedChilly233.jpg,,Dry red Chilly
train,Dry red Chilly/DryRedChilly506.jpg,,Dry red Chilly
train,Dry red Chilly/DryRedChilly421.jpg,,Dry red Chilly
train,Dry red Chilly/DryRedChilly255.jpg,,Dry red Chilly
train,Dry red Chilly/DryRedChilly725.jpg,,Dry red Chilly
train,Dry red Chilly/DryRedChilly120.jpg,,Dry red Chilly
train,Dry red Chilly/DryRedChilly647.jpg,,Dry red Chilly
train,Dry red Chilly/DryRedChilly416.jpg,,Dry red Chilly
train,Dry red Chilly/DryRedChilly395.jpg,,Dry red Chilly
train,Dry red Chilly/DryRedChilly275.jpg,,Dry red Chilly
train,Dry red Chilly/DryRedChilly736.jpg,,Dry red Chilly
train,Dry red Chilly/DryRedChilly436.jpg,,Dry red Chilly
train,Dry red Chilly/DryRedChilly49.jpg,,Dry red Chilly
train,Dry red Chilly/DryRedChilly480.jpg,,Dry red Chilly
train,Dry red Chilly/DryRedChilly202.jpg,,Dry red Chilly
train,Dry red Chilly/DryRedChilly181.jpg,,Dry red Chilly
train,Dry red Chilly/DryRedChilly711.jpg,,Dry red Chilly
train,Dry red Chilly/DryRedChilly800.jpg,,Dry red Chilly
train,Dry red Chilly/DryRedChilly802.jpg,,Dry red Chilly
train,Dry red Chilly/DryRedChilly98.jpg,,Dry red Chilly
train,Dry red Chilly/DryRedChilly165.jpg,,Dry red Chilly
train,Dry red Chilly/DryRedChilly322.jpg,,Dry red Chilly
train,Dry red Chilly/DryRedChilly326.jpg,,Dry red Chilly
train,Dry red Chilly/DryRedChilly724.jpg,,Dry red Chilly
train,Dry red Chilly/DryRedChilly667.jpg,,Dry red Chilly
train,Dry red Chilly/DryRedChilly616.jpg,,Dry red Chilly
train,Dry red Chilly/DryRedChilly28.jpg,,Dry red Chilly
train,Dry red Chilly/DryRedChilly731.jpg,,Dry red Chilly
train,Dry red Chilly/DryRedChilly463.jpg,,Dry red Chilly
train,Dry red Chilly/DryRedChilly748.jpg,,Dry red Chilly
train,Dry red Chilly/DryRedChilly281.jpg,,Dry red Chilly
train,Dry red Chilly/DryRedChilly614.jpg,,Dry red Chilly
train,Dry red Chilly/DryRedChilly542.jpg,,Dry red Chilly
train,Dry red Chilly/DryRedChilly782.jpg,,Dry red Chilly
train,Dry red Chilly/DryRedChilly219.jpg,,Dry red Chilly
train,Dry red Chilly/DryRedChilly823.jpg,,Dry red Chilly
train,Dry red Chilly/DryRedChilly561.jpg,,Dry red Chilly
train,Dry red Chilly/DryRedChilly699.jpg,,Dry red Chilly
train,Dry red Chilly/DryRedChilly178.jpg,,Dry red Chilly
train,Dry red Chilly/DryRedChilly340.jpg,,Dry red Chilly
train,Dry red Chilly/DryRedChilly467.jpg,,Dry red Chilly
train,Dry red Chilly/DryRedChilly604.jpg,,Dry red Chilly
train,Dry red Chilly/DryRedChilly144.jpg,,Dry red Chilly
train,Dry red Chilly/DryRedChilly77.jpg,,Dry red Chilly
train,Dry red Chilly/DryRedChilly538.jpg,,Dry red Chilly
train,Dry red Chilly/DryRedChilly175.jpg,,Dry red Chilly
train,Dry red Chilly/DryRedChilly409.jpg,,Dry red Chilly
val,Dry red Chilly/DryRedChilly220.jpg,,Dry red Chilly
val,Dry red Chilly/DryRedChilly235.jpg,,Dry red Chilly
val,Dry red Chilly/DryRedChilly462.jpg,,Dry red Chilly
val,Dry red Chilly/DryRedChilly366.jpg,,Dry red Chilly
val,Dry red Chilly/DryRedChilly498.jpg,,Dry red Chilly
val,Dry red Chilly/DryRedChilly779.jpg,,Dry red Chilly
val,Dry red Chilly/DryRedChilly182.jpg,,Dry red Chilly
val,Dry red Chilly/DryRedChilly816.jpg,,Dry red Chilly
val,Dry red Chilly/DryRedChilly63.jpg,,Dry red Chilly
val,Dry red Chilly/DryRedChilly744.jpg,,Dry red Chilly
val,Dry red Chilly/DryRedChilly51.jpg,,Dry red Chilly
val,Dry red Chilly/DryRedChilly461.jpg,,Dry red Chilly
val,Dry red Chilly/DryRedChilly145.jpg,,Dry red Chilly
val,Dry red Chilly/DryRedChilly24.jpg,,Dry red Chilly
val,Dry red Chilly/DryRedChilly302.jpg,,Dry red Chilly
val,Dry red Chilly/DryRedChilly562.jpg,,Dry red Chilly
val,Dry red Chilly/DryRedChilly40.jpg,,Dry red Chilly
val,Dry red Chilly/DryRedChilly237.jpg,,Dry red Chilly
val,Dry red Chilly/DryRedChilly62.jpg,,Dry red Chilly
val,Dry red Chilly/DryRedChilly597.jpg,,Dry red Chilly
val,Dry red Chilly/DryRedChilly393.jpg,,Dry red Chilly
val,Dry red Chilly/DryRedChilly137.jpg,,Dry red Chilly
val,Dry red Chilly/DryRedChilly582.jpg,,Dry red Chilly
val,Dry red Chilly/DryRedChilly380.jpg,,Dry red Chilly
val,Dry red Chilly/DryRedChilly149.jpg,,Dry red Chilly
val,Dry red Chilly/DryRedChilly451.jpg,,Dry red Chilly
val,Dry red Chilly/DryRedChilly682.jpg,,Dry red Chilly
val,Dry red Chilly/DryRedChilly684.jpg,,Dry red Chilly
val,Dry red Chilly/DryRedChilly109.jpg,,Dry red Chilly
val,Dry red Chilly/DryRedChilly654.jpg,,Dry red Chilly
val,Dry red Chilly/DryRedChilly700.jpg,,Dry red Chilly
val,Dry red Chilly/DryRedChilly308.jpg,,Dry red Chilly
val,Dry red Chilly/DryRedChilly21.jpg,,Dry red Chilly
val,Dry red Chilly/DryRedChilly483.jpg,,Dry red Chilly
val,Dry red Chilly/DryRedChilly5.jpg,,Dry red Chilly
val,Dry red Chilly/DryRedChilly42.jpg,,Dry red Chilly
val,Dry red Chilly/DryRedChilly407.jpg,,Dry red Chilly
val,Dry red Chilly/DryRedChilly150.jpg,,Dry red Chilly
val,Dry red Chilly/DryRedChilly171.jpg,,Dry red Chilly
val,Dry red Chilly/DryRedChilly450.jpg,,Dry red Chilly
val,Dry red Chilly/DryRedChilly746.jpg,,Dry red Chilly
val,Dry red Chilly/DryRedChilly767.jpg,,Dry red Chilly
val,Dry red Chilly/DryRedChilly757.jpg,,Dry red Chilly
val,Dry red Chilly/DryRedChilly691.jpg,,Dry red Chilly
val,Dry red Chilly/DryRedChilly648.jpg,,Dry red Chilly
val,Dry red Chilly/DryRedChilly187.jpg,,Dry red Chilly
val,Dry red Chilly/DryRedChilly827.jpg,,Dry red Chilly
val,Dry red Chilly/DryRedChilly775.jpg,,Dry red Chilly
val,Dry red Chilly/DryRedChilly549.jpg,,Dry red Chilly
val,Dry red Chilly/DryRedChilly259.jpg,,Dry red Chilly
val,Dry red Chilly/DryRedChilly544.jpg,,Dry red Chilly
val,Dry red Chilly/DryRedChilly807.jpg,,Dry red Chilly
val,Dry red Chilly/DryRedChilly92.jpg,,Dry red Chilly
val,Dry red Chilly/DryRedChilly3.jpg,,Dry red Chilly
val,Dry red Chilly/DryRedChilly623.jpg,,Dry red Chilly
val,Dry red Chilly/DryRedChilly468.jpg,,Dry red Chilly
val,Dry red Chilly/DryRedChilly770.jpg,,Dry red Chilly
val,Dry red Chilly/DryRedChilly184.jpg,,Dry red Chilly
val,Dry red Chilly/DryRedChilly78.jpg,,Dry red Chilly
val,Dry red Chilly/DryRedChilly335.jpg,,Dry red Chilly
val,Dry red Chilly/DryRedChilly313.jpg,,Dry red Chilly
val,Dry red Chilly/DryRedChilly329.jpg,,Dry red Chilly
val,Dry red Chilly/DryRedChilly636.jpg,,Dry red Chilly
val,Dry red Chilly/DryRedChilly437.jpg,,Dry red Chilly
val,Dry red Chilly/DryRedChilly343.jpg,,Dry red Chilly
val,Dry red Chilly/DryRedChilly226.jpg,,Dry red Chilly
val,Dry red Chilly/DryRedChilly242.jpg,,Dry red Chilly
val,Dry red Chilly/DryRedChilly427.jpg,,Dry red Chilly
val,Dry red Chilly/DryRedChilly523.jpg,,Dry red Chilly
val,Dry red Chilly/DryRedChilly133.jpg,,Dry red Chilly
val,Dry red Chilly/DryRedChilly186.jpg,,Dry red Chilly
val,Dry red Chilly/DryRedChilly241.jpg,,Dry red Chilly
val,Dry red Chilly/DryRedChilly626.jpg,,Dry red Chilly
val,Dry red Chilly/DryRedChilly625.jpg,,Dry red Chilly
val,Dry red Chilly/DryRedChilly611.jpg,,Dry red Chilly
val,Dry red Chilly/DryRedChilly570.jpg,,Dry red Chilly
val,Dry red Chilly/DryRedChilly609.jpg,,Dry red Chilly
val,Dry red Chilly/DryRedChilly353.jpg,,Dry red Chilly
val,Dry red Chilly/DryRedChilly735.jpg,,Dry red Chilly
val,Dry red Chilly/DryRedChilly119.jpg,,Dry red Chilly
val,Dry red Chilly/DryRedChilly809.jpg,,Dry red Chilly
val,Dry red Chilly/DryRedChilly797.jpg,,Dry red Chilly
val,Dry red Chilly/DryRedChilly303.jpg,,Dry red Chilly
val,Dry red Chilly/DryRedChilly376.jpg,,Dry red Chilly
test,Dry red Chilly/DryRedChilly104.jpg,,Dry red Chilly
test,Dry red Chilly/DryRedChilly378.jpg,,Dry red Chilly
test,Dry red Chilly/DryRedChilly223.jpg,,Dry red Chilly
test,Dry red Chilly/DryRedChilly577.jpg,,Dry red Chilly
test,Dry red Chilly/DryRedChilly113.jpg,,Dry red Chilly
test,Dry red Chilly/DryRedChilly649.jpg,,Dry red Chilly
test,Dry red Chilly/DryRedChilly361.jpg,,Dry red Chilly
test,Dry red Chilly/DryRedChilly130.jpg,,Dry red Chilly
test,Dry red Chilly/DryRedChilly801.jpg,,Dry red Chilly
test,Dry red Chilly/DryRedChilly1.jpg,,Dry red Chilly
test,Dry red Chilly/DryRedChilly465.jpg,,Dry red Chilly
test,Dry red Chilly/DryRedChilly511.jpg,,Dry red Chilly
test,Dry red Chilly/DryRedChilly516.jpg,,Dry red Chilly
test,Dry red Chilly/DryRedChilly430.jpg,,Dry red Chilly
test,Dry red Chilly/DryRedChilly333.jpg,,Dry red Chilly
test,Dry red Chilly/DryRedChilly786.jpg,,Dry red Chilly
test,Dry red Chilly/DryRedChilly808.jpg,,Dry red Chilly
test,Dry red Chilly/DryRedChilly445.jpg,,Dry red Chilly
test,Dry red Chilly/DryRedChilly297.jpg,,Dry red Chilly
test,Dry red Chilly/DryRedChilly601.jpg,,Dry red Chilly
test,Dry red Chilly/DryRedChilly618.jpg,,Dry red Chilly
test,Dry red Chilly/DryRedChilly320.jpg,,Dry red Chilly
test,Dry red Chilly/DryRedChilly660.jpg,,Dry red Chilly
test,Dry red Chilly/DryRedChilly398.jpg,,Dry red Chilly
test,Dry red Chilly/DryRedChilly769.jpg,,Dry red Chilly
test,Dry red Chilly/DryRedChilly496.jpg,,Dry red Chilly
test,Dry red Chilly/DryRedChilly683.jpg,,Dry red Chilly
test,Dry red Chilly/DryRedChilly803.jpg,,Dry red Chilly
test,Dry red Chilly/DryRedChilly48.jpg,,Dry red Chilly
test,Dry red Chilly/DryRedChilly441.jpg,,Dry red Chilly
test,Dry red Chilly/DryRedChilly399.jpg,,Dry red Chilly
test,Dry red Chilly/DryRedChilly818.jpg,,Dry red Chilly
test,Dry red Chilly/DryRedChilly39.jpg,,Dry red Chilly
test,Dry red Chilly/DryRedChilly423.jpg,,Dry red Chilly
test,Dry red Chilly/DryRedChilly507.jpg,,Dry red Chilly
test,Dry red Chilly/DryRedChilly652.jpg,,Dry red Chilly
test,Dry red Chilly/DryRedChilly591.jpg,,Dry red Chilly
test,Dry red Chilly/DryRedChilly244.jpg,,Dry red Chilly
test,Dry red Chilly/DryRedChilly705.jpg,,Dry red Chilly
test,Dry red Chilly/DryRedChilly41.jpg,,Dry red Chilly
test,Dry red Chilly/DryRedChilly564.jpg,,Dry red Chilly
test,Dry red Chilly/DryRedChilly47.jpg,,Dry red Chilly
test,Dry red Chilly/DryRedChilly606.jpg,,Dry red Chilly
test,Dry red Chilly/DryRedChilly265.jpg,,Dry red Chilly
test,Dry red Chilly/DryRedChilly252.jpg,,Dry red Chilly
test,Dry red Chilly/DryRedChilly195.jpg,,Dry red Chilly
test,Dry red Chilly/DryRedChilly493.jpg,,Dry red Chilly
test,Dry red Chilly/DryRedChilly712.jpg,,Dry red Chilly
test,Dry red Chilly/DryRedChilly747.jpg,,Dry red Chilly
test,Dry red Chilly/DryRedChilly521.jpg,,Dry red Chilly
test,Dry red Chilly/DryRedChilly720.jpg,,Dry red Chilly
test,Dry red Chilly/DryRedChilly429.jpg,,Dry red Chilly
test,Dry red Chilly/DryRedChilly630.jpg,,Dry red Chilly
test,Dry red Chilly/DryRedChilly688.jpg,,Dry red Chilly
test,Dry red Chilly/DryRedChilly805.jpg,,Dry red Chilly
test,Dry red Chilly/DryRedChilly197.jpg,,Dry red Chilly
test,Dry red Chilly/DryRedChilly788.jpg,,Dry red Chilly
test,Dry red Chilly/DryRedChilly482.jpg,,Dry red Chilly
test,Dry red Chilly/DryRedChilly834.jpg,,Dry red Chilly
test,Dry red Chilly/DryRedChilly790.jpg,,Dry red Chilly
test,Dry red Chilly/DryRedChilly613.jpg,,Dry red Chilly
test,Dry red Chilly/DryRedChilly264.jpg,,Dry red Chilly
test,Dry red Chilly/DryRedChilly676.jpg,,Dry red Chilly
test,Dry red Chilly/DryRedChilly624.jpg,,Dry red Chilly
test,Dry red Chilly/DryRedChilly328.jpg,,Dry red Chilly
test,Dry red Chilly/DryRedChilly704.jpg,,Dry red Chilly
test,Dry red Chilly/DryRedChilly584.jpg,,Dry red Chilly
test,Dry red Chilly/DryRedChilly277.jpg,,Dry red Chilly
test,Dry red Chilly/DryRedChilly274.jpg,,Dry red Chilly
test,Dry red Chilly/DryRedChilly454.jpg,,Dry red Chilly
test,Dry red Chilly/DryRedChilly59.jpg,,Dry red Chilly
test,Dry red Chilly/DryRedChilly311.jpg,,Dry red Chilly
test,Dry red Chilly/DryRedChilly768.jpg,,Dry red Chilly
test,Dry red Chilly/DryRedChilly192.jpg,,Dry red Chilly
test,Dry red Chilly/DryRedChilly189.jpg,,Dry red Chilly
test,Dry red Chilly/DryRedChilly578.jpg,,Dry red Chilly
test,Dry red Chilly/DryRedChilly299.jpg,,Dry red Chilly
test,Dry red Chilly/DryRedChilly170.jpg,,Dry red Chilly
test,Dry red Chilly/DryRedChilly38.jpg,,Dry red Chilly
test,Dry red Chilly/DryRedChilly164.jpg,,Dry red Chilly
test,Dry red Chilly/DryRedChilly776.jpg,,Dry red Chilly
test,Dry red Chilly/DryRedChilly136.jpg,,Dry red Chilly
test,Dry red Chilly/DryRedChilly587.jpg,,Dry red Chilly
test,Dry red Chilly/DryRedChilly344.jpg,,Dry red Chilly
test,Dry red Chilly/DryRedChilly668.jpg,,Dry red Chilly
train,Fennel seeds/FennelSeeds255.jpg,,Fennel seeds
train,Fennel seeds/FennelSeeds406.jpg,,Fennel seeds
train,Fennel seeds/FennelSeeds171.jpg,,Fennel seeds
train,Fennel seeds/FennelSeeds369.jpg,,Fennel seeds
train,Fennel seeds/FennelSeeds262.jpg,,Fennel seeds
train,Fennel seeds/FennelSeeds412.jpg,,Fennel seeds
train,Fennel seeds/FennelSeeds226.jpg,,Fennel seeds
train,Fennel seeds/FennelSeeds314.jpg,,Fennel seeds
train,Fennel seeds/FennelSeeds282.jpg,,Fennel seeds
train,Fennel seeds/FennelSeeds381.jpg,,Fennel seeds
train,Fennel seeds/FennelSeeds136.jpg,,Fennel seeds
train,Fennel seeds/FennelSeeds395.jpg,,Fennel seeds
train,Fennel seeds/FennelSeeds122.jpg,,Fennel seeds
train,Fennel seeds/FennelSeeds43.jpg,,Fennel seeds
train,Fennel seeds/FennelSeeds377.jpg,,Fennel seeds
train,Fennel seeds/FennelSeeds380.jpg,,Fennel seeds
train,Fennel seeds/FennelSeeds114.jpg,,Fennel seeds
train,Fennel seeds/FennelSeeds317.jpg,,Fennel seeds
train,Fennel seeds/FennelSeeds243.jpg,,Fennel seeds
train,Fennel seeds/FennelSeeds121.jpg,,Fennel seeds
train,Fennel seeds/FennelSeeds63.jpg,,Fennel seeds
train,Fennel seeds/FennelSeeds348.jpg,,Fennel seeds
train,Fennel seeds/FennelSeeds154.jpg,,Fennel seeds
train,Fennel seeds/FennelSeeds108.jpg,,Fennel seeds
train,Fennel seeds/FennelSeeds270.jpg,,Fennel seeds
train,Fennel seeds/FennelSeeds45.jpg,,Fennel seeds
train,Fennel seeds/FennelSeeds326.jpg,,Fennel seeds
train,Fennel seeds/FennelSeeds382.jpg,,Fennel seeds
train,Fennel seeds/FennelSeeds18.jpg,,Fennel seeds
train,Fennel seeds/FennelSeeds70.jpg,,Fennel seeds
train,Fennel seeds/FennelSeeds292.jpg,,Fennel seeds
train,Fennel seeds/FennelSeeds376.jpg,,Fennel seeds
train,Fennel seeds/FennelSeeds398.jpg,,Fennel seeds
train,Fennel seeds/FennelSeeds189.jpg,,Fennel seeds
train,Fennel seeds/FennelSeeds387.jpg,,Fennel seeds
train,Fennel seeds/FennelSeeds222.jpg,,Fennel seeds
train,Fennel seeds/FennelSeeds289.jpg,,Fennel seeds
train,Fennel seeds/FennelSeeds109.jpg,,Fennel seeds
train,Fennel seeds/FennelSeeds52.jpg,,Fennel seeds
train,Fennel seeds/FennelSeeds296.jpg,,Fennel seeds
train,Fennel seeds/FennelSeeds254.jpg,,Fennel seeds
train,Fennel seeds/FennelSeeds416.jpg,,Fennel seeds
train,Fennel seeds/FennelSeeds93.jpg,,Fennel seeds
train,Fennel seeds/FennelSeeds252.jpg,,Fennel seeds
train,Fennel seeds/FennelSeeds105.jpg,,Fennel seeds
train,Fennel seeds/FennelSeeds324.jpg,,Fennel seeds
train,Fennel seeds/FennelSeeds339.jpg,,Fennel seeds
train,Fennel seeds/FennelSeeds156.jpg,,Fennel seeds
train,Fennel seeds/FennelSeeds269.jpg,,Fennel seeds
train,Fennel seeds/FennelSeeds64.jpg,,Fennel seeds
train,Fennel seeds/FennelSeeds76.jpg,,Fennel seeds
train,Fennel seeds/FennelSeeds57.jpg,,Fennel seeds
train,Fennel seeds/FennelSeeds98.jpg,,Fennel seeds
train,Fennel seeds/FennelSeeds247.jpg,,Fennel seeds
train,Fennel seeds/FennelSeeds402.jpg,,Fennel seeds
train,Fennel seeds/FennelSeeds408.jpg,,Fennel seeds
train,Fennel seeds/FennelSeeds113.jpg,,Fennel seeds
train,Fennel seeds/FennelSeeds41.jpg,,Fennel seeds
train,Fennel seeds/FennelSeeds227.jpg,,Fennel seeds
train,Fennel seeds/FennelSeeds53.jpg,,Fennel seeds
train,Fennel seeds/FennelSeeds54.jpg,,Fennel seeds
train,Fennel seeds/FennelSeeds235.jpg,,Fennel seeds
train,Fennel seeds/FennelSeeds164.jpg,,Fennel seeds
train,Fennel seeds/FennelSeeds321.jpg,,Fennel seeds
train,Fennel seeds/FennelSeeds325.jpg,,Fennel seeds
train,Fennel seeds/FennelSeeds66.jpg,,Fennel seeds
train,Fennel seeds/FennelSeeds181.jpg,,Fennel seeds
train,Fennel seeds/FennelSeeds225.jpg,,Fennel seeds
train,Fennel seeds/FennelSeeds338.jpg,,Fennel seeds
train,Fennel seeds/FennelSeeds190.jpg,,Fennel seeds
train,Fennel seeds/FennelSeeds200.jpg,,Fennel seeds
train,Fennel seeds/FennelSeeds12.jpg,,Fennel seeds
train,Fennel seeds/FennelSeeds56.jpg,,Fennel seeds
train,Fennel seeds/FennelSeeds85.jpg,,Fennel seeds
train,Fennel seeds/FennelSeeds120.jpg,,Fennel seeds
train,Fennel seeds/FennelSeeds349.jpg,,Fennel seeds
train,Fennel seeds/FennelSeeds126.jpg,,Fennel seeds
train,Fennel seeds/FennelSeeds49.jpg,,Fennel seeds
train,Fennel seeds/FennelSeeds144.jpg,,Fennel seeds
train,Fennel seeds/FennelSeeds401.jpg,,Fennel seeds
train,Fennel seeds/FennelSeeds46.jpg,,Fennel seeds
train,Fennel seeds/FennelSeeds332.jpg,,Fennel seeds
train,Fennel seeds/FennelSeeds187.jpg,,Fennel seeds
train,Fennel seeds/FennelSeeds176.jpg,,Fennel seeds
train,Fennel seeds/FennelSeeds216.jpg,,Fennel seeds
train,Fennel seeds/FennelSeeds13.jpg,,Fennel seeds
train,Fennel seeds/FennelSeeds174.jpg,,Fennel seeds
train,Fennel seeds/FennelSeeds347.jpg,,Fennel seeds
train,Fennel seeds/FennelSeeds191.jpg,,Fennel seeds
train,Fennel seeds/FennelSeeds7.jpg,,Fennel seeds
train,Fennel seeds/FennelSeeds5.jpg,,Fennel seeds
train,Fennel seeds/FennelSeeds271.jpg,,Fennel seeds
train,Fennel seeds/FennelSeeds11.jpg,,Fennel seeds
train,Fennel seeds/FennelSeeds343.jpg,,Fennel seeds
train,Fennel seeds/FennelSeeds198.jpg,,Fennel seeds
train,Fennel seeds/FennelSeeds192.jpg,,Fennel seeds
train,Fennel seeds/FennelSeeds135.jpg,,Fennel seeds
train,Fennel seeds/FennelSeeds177.jpg,,Fennel seeds
train,Fennel seeds/FennelSeeds199.jpg,,Fennel seeds
train,Fennel seeds/FennelSeeds400.jpg,,Fennel seeds
train,Fennel seeds/FennelSeeds300.jpg,,Fennel seeds
train,Fennel seeds/FennelSeeds34.jpg,,Fennel seeds
train,Fennel seeds/FennelSeeds420.jpg,,Fennel seeds
train,Fennel seeds/FennelSeeds16.jpg,,Fennel seeds
train,Fennel seeds/FennelSeeds115.jpg,,Fennel seeds
train,Fennel seeds/FennelSeeds211.jpg,,Fennel seeds
train,Fennel seeds/FennelSeeds202.jpg,,Fennel seeds
train,Fennel seeds/FennelSeeds410.jpg,,Fennel seeds
train,Fennel seeds/FennelSeeds266.jpg,,Fennel seeds
train,Fennel seeds/FennelSeeds95.jpg,,Fennel seeds
train,Fennel seeds/FennelSeeds142.jpg,,Fennel seeds
train,Fennel seeds/FennelSeeds125.jpg,,Fennel seeds
train,Fennel seeds/FennelSeeds316.jpg,,Fennel seeds
train,Fennel seeds/FennelSeeds228.jpg,,Fennel seeds
train,Fennel seeds/FennelSeeds185.jpg,,Fennel seeds
train,Fennel seeds/FennelSeeds204.jpg,,Fennel seeds
train,Fennel seeds/FennelSeeds39.jpg,,Fennel seeds
train,Fennel seeds/FennelSeeds293.jpg,,Fennel seeds
train,Fennel seeds/FennelSeeds145.jpg,,Fennel seeds
train,Fennel seeds/FennelSeeds152.jpg,,Fennel seeds
train,Fennel seeds/FennelSeeds97.jpg,,Fennel seeds
train,Fennel seeds/FennelSeeds248.jpg,,Fennel seeds
train,Fennel seeds/FennelSeeds111.jpg,,Fennel seeds
train,Fennel seeds/FennelSeeds193.jpg,,Fennel seeds
train,Fennel seeds/FennelSeeds411.jpg,,Fennel seeds
train,Fennel seeds/FennelSeeds278.jpg,,Fennel seeds
train,Fennel seeds/FennelSeeds173.jpg,,Fennel seeds
train,Fennel seeds/FennelSeeds403.jpg,,Fennel seeds
train,Fennel seeds/FennelSeeds353.jpg,,Fennel seeds
train,Fennel seeds/FennelSeeds147.jpg,,Fennel seeds
train,Fennel seeds/FennelSeeds37.jpg,,Fennel seeds
train,Fennel seeds/FennelSeeds20.jpg,,Fennel seeds
train,Fennel seeds/FennelSeeds391.jpg,,Fennel seeds
train,Fennel seeds/FennelSeeds188.jpg,,Fennel seeds
train,Fennel seeds/FennelSeeds94.jpg,,Fennel seeds
train,Fennel seeds/FennelSeeds212.jpg,,Fennel seeds
train,Fennel seeds/FennelSeeds423.jpg,,Fennel seeds
train,Fennel seeds/FennelSeeds132.jpg,,Fennel seeds
train,Fennel seeds/FennelSeeds281.jpg,,Fennel seeds
train,Fennel seeds/FennelSeeds329.jpg,,Fennel seeds
train,Fennel seeds/FennelSeeds310.jpg,,Fennel seeds
train,Fennel seeds/FennelSeeds220.jpg,,Fennel seeds
train,Fennel seeds/FennelSeeds60.jpg,,Fennel seeds
train,Fennel seeds/FennelSeeds246.jpg,,Fennel seeds
train,Fennel seeds/FennelSeeds319.jpg,,Fennel seeds
train,Fennel seeds/FennelSeeds302.jpg,,Fennel seeds
train,Fennel seeds/FennelSeeds415.jpg,,Fennel seeds
train,Fennel seeds/FennelSeeds33.jpg,,Fennel seeds
train,Fennel seeds/FennelSeeds92.jpg,,Fennel seeds
train,Fennel seeds/FennelSeeds133.jpg,,Fennel seeds
train,Fennel seeds/FennelSeeds139.jpg,,Fennel seeds
train,Fennel seeds/FennelSeeds305.jpg,,Fennel seeds
train,Fennel seeds/FennelSeeds101.jpg,,Fennel seeds
train,Fennel seeds/FennelSeeds373.jpg,,Fennel seeds
train,Fennel seeds/FennelSeeds336.jpg,,Fennel seeds
train,Fennel seeds/FennelSeeds241.jpg,,Fennel seeds
train,Fennel seeds/FennelSeeds47.jpg,,Fennel seeds
train,Fennel seeds/FennelSeeds345.jpg,,Fennel seeds
train,Fennel seeds/FennelSeeds330.jpg,,Fennel seeds
train,Fennel seeds/FennelSeeds283.jpg,,Fennel seeds
train,Fennel seeds/FennelSeeds215.jpg,,Fennel seeds
train,Fennel seeds/FennelSeeds128.jpg,,Fennel seeds
train,Fennel seeds/FennelSeeds118.jpg,,Fennel seeds
train,Fennel seeds/FennelSeeds51.jpg,,Fennel seeds
train,Fennel seeds/FennelSeeds340.jpg,,Fennel seeds
train,Fennel seeds/FennelSeeds104.jpg,,Fennel seeds
train,Fennel seeds/FennelSeeds242.jpg,,Fennel seeds
train,Fennel seeds/FennelSeeds366.jpg,,Fennel seeds
train,Fennel seeds/FennelSeeds250.jpg,,Fennel seeds
train,Fennel seeds/FennelSeeds277.jpg,,Fennel seeds
train,Fennel seeds/FennelSeeds358.jpg,,Fennel seeds
train,Fennel seeds/FennelSeeds337.jpg,,Fennel seeds
train,Fennel seeds/FennelSeeds88.jpg,,Fennel seeds
train,Fennel seeds/FennelSeeds208.jpg,,Fennel seeds
train,Fennel seeds/FennelSeeds287.jpg,,Fennel seeds
train,Fennel seeds/FennelSeeds418.jpg,,Fennel seeds
train,Fennel seeds/FennelSeeds159.jpg,,Fennel seeds
train,Fennel seeds/FennelSeeds69.jpg,,Fennel seeds
train,Fennel seeds/FennelSeeds169.jpg,,Fennel seeds
train,Fennel seeds/FennelSeeds236.jpg,,Fennel seeds
train,Fennel seeds/FennelSeeds259.jpg,,Fennel seeds
train,Fennel seeds/FennelSeeds31.jpg,,Fennel seeds
train,Fennel seeds/FennelSeeds137.jpg,,Fennel seeds
train,Fennel seeds/FennelSeeds166.jpg,,Fennel seeds
train,Fennel seeds/FennelSeeds393.jpg,,Fennel seeds
train,Fennel seeds/FennelSeeds328.jpg,,Fennel seeds
train,Fennel seeds/FennelSeeds196.jpg,,Fennel seeds
train,Fennel seeds/FennelSeeds175.jpg,,Fennel seeds
train,Fennel seeds/FennelSeeds356.jpg,,Fennel seeds
train,Fennel seeds/FennelSeeds230.jpg,,Fennel seeds
train,Fennel seeds/FennelSeeds273.jpg,,Fennel seeds
train,Fennel seeds/FennelSeeds217.jpg,,Fennel seeds
train,Fennel seeds/FennelSeeds203.jpg,,Fennel seeds
train,Fennel seeds/FennelSeeds288.jpg,,Fennel seeds
train,Fennel seeds/FennelSeeds100.jpg,,Fennel seeds
train,Fennel seeds/FennelSeeds221.jpg,,Fennel seeds
train,Fennel seeds/FennelSeeds73.jpg,,Fennel seeds
train,Fennel seeds/FennelSeeds110.jpg,,Fennel seeds
train,Fennel seeds/FennelSeeds335.jpg,,Fennel seeds
train,Fennel seeds/FennelSeeds170.jpg,,Fennel seeds
train,Fennel seeds/FennelSeeds386.jpg,,Fennel seeds
train,Fennel seeds/FennelSeeds223.jpg,,Fennel seeds
train,Fennel seeds/FennelSeeds36.jpg,,Fennel seeds
train,Fennel seeds/FennelSeeds425.jpg,,Fennel seeds
train,Fennel seeds/FennelSeeds116.jpg,,Fennel seeds
train,Fennel seeds/FennelSeeds253.jpg,,Fennel seeds
train,Fennel seeds/FennelSeeds84.jpg,,Fennel seeds
train,Fennel seeds/FennelSeeds370.jpg,,Fennel seeds
train,Fennel seeds/FennelSeeds244.jpg,,Fennel seeds
train,Fennel seeds/FennelSeeds362.jpg,,Fennel seeds
train,Fennel seeds/FennelSeeds155.jpg,,Fennel seeds
train,Fennel seeds/FennelSeeds119.jpg,,Fennel seeds
train,Fennel seeds/FennelSeeds24.jpg,,Fennel seeds
train,Fennel seeds/FennelSeeds219.jpg,,Fennel seeds
train,Fennel seeds/FennelSeeds301.jpg,,Fennel seeds
train,Fennel seeds/FennelSeeds9.jpg,,Fennel seeds
train,Fennel seeds/FennelSeeds206.jpg,,Fennel seeds
train,Fennel seeds/FennelSeeds50.jpg,,Fennel seeds
train,Fennel seeds/FennelSeeds389.jpg,,Fennel seeds
train,Fennel seeds/FennelSeeds272.jpg,,Fennel seeds
train,Fennel seeds/FennelSeeds297.jpg,,Fennel seeds
train,Fennel seeds/FennelSeeds22.jpg,,Fennel seeds
train,Fennel seeds/FennelSeeds75.jpg,,Fennel seeds
train,Fennel seeds/FennelSeeds89.jpg,,Fennel seeds
train,Fennel seeds/FennelSeeds342.jpg,,Fennel seeds
train,Fennel seeds/FennelSeeds117.jpg,,Fennel seeds
train,Fennel seeds/FennelSeeds379.jpg,,Fennel seeds
train,Fennel seeds/FennelSeeds331.jpg,,Fennel seeds
train,Fennel seeds/FennelSeeds232.jpg,,Fennel seeds
train,Fennel seeds/FennelSeeds124.jpg,,Fennel seeds
train,Fennel seeds/FennelSeeds184.jpg,,Fennel seeds
train,Fennel seeds/FennelSeeds261.jpg,,Fennel seeds
train,Fennel seeds/FennelSeeds21.jpg,,Fennel seeds
train,Fennel seeds/FennelSeeds23.jpg,,Fennel seeds
train,Fennel seeds/FennelSeeds107.jpg,,Fennel seeds
train,Fennel seeds/FennelSeeds341.jpg,,Fennel seeds
train,Fennel seeds/FennelSeeds87.jpg,,Fennel seeds
train,Fennel seeds/FennelSeeds322.jpg,,Fennel seeds
train,Fennel seeds/FennelSeeds224.jpg,,Fennel seeds
train,Fennel seeds/FennelSeeds413.jpg,,Fennel seeds
train,Fennel seeds/FennelSeeds384.jpg,,Fennel seeds
train,Fennel seeds/FennelSeeds390.jpg,,Fennel seeds
train,Fennel seeds/FennelSeeds214.jpg,,Fennel seeds
train,Fennel seeds/FennelSeeds263.jpg,,Fennel seeds
train,Fennel seeds/FennelSeeds153.jpg,,Fennel seeds
train,Fennel seeds/FennelSeeds268.jpg,,Fennel seeds
train,Fennel seeds/FennelSeeds294.jpg,,Fennel seeds
train,Fennel seeds/FennelSeeds213.jpg,,Fennel seeds
train,Fennel seeds/FennelSeeds346.jpg,,Fennel seeds
train,Fennel seeds/FennelSeeds10.jpg,,Fennel seeds
train,Fennel seeds/FennelSeeds59.jpg,,Fennel seeds
train,Fennel seeds/FennelSeeds354.jpg,,Fennel seeds
train,Fennel seeds/FennelSeeds141.jpg,,Fennel seeds
train,Fennel seeds/FennelSeeds83.jpg,,Fennel seeds
train,Fennel seeds/FennelSeeds409.jpg,,Fennel seeds
train,Fennel seeds/FennelSeeds424.jpg,,Fennel seeds
train,Fennel seeds/FennelSeeds306.jpg,,Fennel seeds
train,Fennel seeds/FennelSeeds96.jpg,,Fennel seeds
train,Fennel seeds/FennelSeeds81.jpg,,Fennel seeds
train,Fennel seeds/FennelSeeds182.jpg,,Fennel seeds
train,Fennel seeds/FennelSeeds295.jpg,,Fennel seeds
train,Fennel seeds/FennelSeeds309.jpg,,Fennel seeds
train,Fennel seeds/FennelSeeds290.jpg,,Fennel seeds
train,Fennel seeds/FennelSeeds162.jpg,,Fennel seeds
train,Fennel seeds/FennelSeeds138.jpg,,Fennel seeds
train,Fennel seeds/FennelSeeds161.jpg,,Fennel seeds
train,Fennel seeds/FennelSeeds30.jpg,,Fennel seeds
train,Fennel seeds/FennelSeeds417.jpg,,Fennel seeds
train,Fennel seeds/FennelSeeds91.jpg,,Fennel seeds
train,Fennel seeds/FennelSeeds106.jpg,,Fennel seeds
train,Fennel seeds/FennelSeeds6.jpg,,Fennel seeds
train,Fennel seeds/FennelSeeds103.jpg,,Fennel seeds
train,Fennel seeds/FennelSeeds160.jpg,,Fennel seeds
train,Fennel seeds/FennelSeeds157.jpg,,Fennel seeds
train,Fennel seeds/FennelSeeds231.jpg,,Fennel seeds
train,Fennel seeds/FennelSeeds17.jpg,,Fennel seeds
train,Fennel seeds/FennelSeeds291.jpg,,Fennel seeds
train,Fennel seeds/FennelSeeds265.jpg,,Fennel seeds
train,Fennel seeds/FennelSeeds48.jpg,,Fennel seeds
train,Fennel seeds/FennelSeeds186.jpg,,Fennel seeds
train,Fennel seeds/FennelSeeds40.jpg,,Fennel seeds
train,Fennel seeds/FennelSeeds78.jpg,,Fennel seeds
train,Fennel seeds/FennelSeeds86.jpg,,Fennel seeds
train,Fennel seeds/FennelSeeds197.jpg,,Fennel seeds
train,Fennel seeds/FennelSeeds350.jpg,,Fennel seeds
train,Fennel seeds/FennelSeeds38.jpg,,Fennel seeds
train,Fennel seeds/FennelSeeds359.jpg,,Fennel seeds
train,Fennel seeds/FennelSeeds42.jpg,,Fennel seeds
train,Fennel seeds/FennelSeeds275.jpg,,Fennel seeds
train,Fennel seeds/FennelSeeds388.jpg,,Fennel seeds
train,Fennel seeds/FennelSeeds280.jpg,,Fennel seeds
train,Fennel seeds/FennelSeeds299.jpg,,Fennel seeds
train,Fennel seeds/FennelSeeds422.jpg,,Fennel seeds
train,Fennel seeds/FennelSeeds8.jpg,,Fennel seeds
train,Fennel seeds/FennelSeeds72.jpg,,Fennel seeds
train,Fennel seeds/FennelSeeds15.jpg,,Fennel seeds
train,Fennel seeds/FennelSeeds264.jpg,,Fennel seeds
train,Fennel seeds/FennelSeeds357.jpg,,Fennel seeds
train,Fennel seeds/FennelSeeds394.jpg,,Fennel seeds
train,Fennel seeds/FennelSeeds123.jpg,,Fennel seeds
train,Fennel seeds/FennelSeeds352.jpg,,Fennel seeds
train,Fennel seeds/FennelSeeds27.jpg,,Fennel seeds
train,Fennel seeds/FennelSeeds4.jpg,,Fennel seeds
train,Fennel seeds/FennelSeeds234.jpg,,Fennel seeds
train,Fennel seeds/FennelSeeds71.jpg,,Fennel seeds
train,Fennel seeds/FennelSeeds285.jpg,,Fennel seeds
train,Fennel seeds/FennelSeeds334.jpg,,Fennel seeds
train,Fennel seeds/FennelSeeds102.jpg,,Fennel seeds
train,Fennel seeds/FennelSeeds368.jpg,,Fennel seeds
train,Fennel seeds/FennelSeeds14.jpg,,Fennel seeds
train,Fennel seeds/FennelSeeds258.jpg,,Fennel seeds
train,Fennel seeds/FennelSeeds427.jpg,,Fennel seeds
train,Fennel seeds/FennelSeeds239.jpg,,Fennel seeds
train,Fennel seeds/FennelSeeds361.jpg,,Fennel seeds
train,Fennel seeds/FennelSeeds237.jpg,,Fennel seeds
train,Fennel seeds/FennelSeeds245.jpg,,Fennel seeds
train,Fennel seeds/FennelSeeds194.jpg,,Fennel seeds
train,Fennel seeds/FennelSeeds19.jpg,,Fennel seeds
train,Fennel seeds/FennelSeeds304.jpg,,Fennel seeds
train,Fennel seeds/FennelSeeds365.jpg,,Fennel seeds
train,Fennel seeds/FennelSeeds90.jpg,,Fennel seeds
train,Fennel seeds/FennelSeeds279.jpg,,Fennel seeds
train,Fennel seeds/FennelSeeds233.jpg,,Fennel seeds
train,Fennel seeds/FennelSeeds58.jpg,,Fennel seeds
train,Fennel seeds/FennelSeeds307.jpg,,Fennel seeds
train,Fennel seeds/FennelSeeds168.jpg,,Fennel seeds
train,Fennel seeds/FennelSeeds167.jpg,,Fennel seeds
train,Fennel seeds/FennelSeeds1.jpg,,Fennel seeds
train,Fennel seeds/FennelSeeds392.jpg,,Fennel seeds
train,Fennel seeds/FennelSeeds367.jpg,,Fennel seeds
train,Fennel seeds/FennelSeeds163.jpg,,Fennel seeds
train,Fennel seeds/FennelSeeds2.jpg,,Fennel seeds
train,Fennel seeds/FennelSeeds140.jpg,,Fennel seeds
train,Fennel seeds/FennelSeeds127.jpg,,Fennel seeds
train,Fennel seeds/FennelSeeds397.jpg,,Fennel seeds
train,Fennel seeds/FennelSeeds327.jpg,,Fennel seeds
train,Fennel seeds/FennelSeeds25.jpg,,Fennel seeds
train,Fennel seeds/FennelSeeds274.jpg,,Fennel seeds
train,Fennel seeds/FennelSeeds99.jpg,,Fennel seeds
train,Fennel seeds/FennelSeeds149.jpg,,Fennel seeds
train,Fennel seeds/FennelSeeds375.jpg,,Fennel seeds
train,Fennel seeds/FennelSeeds130.jpg,,Fennel seeds
val,Fennel seeds/FennelSeeds65.jpg,,Fennel seeds
val,Fennel seeds/FennelSeeds240.jpg,,Fennel seeds
val,Fennel seeds/FennelSeeds180.jpg,,Fennel seeds
val,Fennel seeds/FennelSeeds303.jpg,,Fennel seeds
val,Fennel seeds/FennelSeeds143.jpg,,Fennel seeds
val,Fennel seeds/FennelSeeds61.jpg,,Fennel seeds
val,Fennel seeds/FennelSeeds62.jpg,,Fennel seeds
val,Fennel seeds/FennelSeeds312.jpg,,Fennel seeds
val,Fennel seeds/FennelSeeds374.jpg,,Fennel seeds
val,Fennel seeds/FennelSeeds372.jpg,,Fennel seeds
val,Fennel seeds/FennelSeeds151.jpg,,Fennel seeds
val,Fennel seeds/FennelSeeds80.jpg,,Fennel seeds
val,Fennel seeds/FennelSeeds363.jpg,,Fennel seeds
val,Fennel seeds/FennelSeeds134.jpg,,Fennel seeds
val,Fennel seeds/FennelSeeds407.jpg,,Fennel seeds
val,Fennel seeds/FennelSeeds404.jpg,,Fennel seeds
val,Fennel seeds/FennelSeeds179.jpg,,Fennel seeds
val,Fennel seeds/FennelSeeds207.jpg,,Fennel seeds
val,Fennel seeds/FennelSeeds44.jpg,,Fennel seeds
val,Fennel seeds/FennelSeeds35.jpg,,Fennel seeds
val,Fennel seeds/FennelSeeds257.jpg,,Fennel seeds
val,Fennel seeds/FennelSeeds360.jpg,,Fennel seeds
val,Fennel seeds/FennelSeeds3.jpg,,Fennel seeds
val,Fennel seeds/FennelSeeds298.jpg,,Fennel seeds
val,Fennel seeds/FennelSeeds55.jpg,,Fennel seeds
val,Fennel seeds/FennelSeeds419.jpg,,Fennel seeds
val,Fennel seeds/FennelSeeds195.jpg,,Fennel seeds
val,Fennel seeds/FennelSeeds256.jpg,,Fennel seeds
val,Fennel seeds/FennelSeeds79.jpg,,Fennel seeds
val,Fennel seeds/FennelSeeds276.jpg,,Fennel seeds
val,Fennel seeds/FennelSeeds320.jpg,,Fennel seeds
val,Fennel seeds/FennelSeeds172.jpg,,Fennel seeds
val,Fennel seeds/FennelSeeds351.jpg,,Fennel seeds
val,Fennel seeds/FennelSeeds210.jpg,,Fennel seeds
val,Fennel seeds/FennelSeeds385.jpg,,Fennel seeds
val,Fennel seeds/FennelSeeds209.jpg,,Fennel seeds
val,Fennel seeds/FennelSeeds29.jpg,,Fennel seeds
val,Fennel seeds/FennelSeeds371.jpg,,Fennel seeds
val,Fennel seeds/FennelSeeds284.jpg,,Fennel seeds
val,Fennel seeds/FennelSeeds74.jpg,,Fennel seeds
val,Fennel seeds/FennelSeeds344.jpg,,Fennel seeds
val,Fennel seeds/FennelSeeds238.jpg,,Fennel seeds
test,Fennel seeds/FennelSeeds131.jpg,,Fennel seeds
test,Fennel seeds/FennelSeeds399.jpg,,Fennel seeds
test,Fennel seeds/FennelSeeds355.jpg,,Fennel seeds
test,Fennel seeds/FennelSeeds82.jpg,,Fennel seeds
test,Fennel seeds/FennelSeeds148.jpg,,Fennel seeds
test,Fennel seeds/FennelSeeds428.jpg,,Fennel seeds
test,Fennel seeds/FennelSeeds286.jpg,,Fennel seeds
test,Fennel seeds/FennelSeeds146.jpg,,Fennel seeds
test,Fennel seeds/FennelSeeds333.jpg,,Fennel seeds
test,Fennel seeds/FennelSeeds158.jpg,,Fennel seeds
test,Fennel seeds/FennelSeeds364.jpg,,Fennel seeds
test,Fennel seeds/FennelSeeds378.jpg,,Fennel seeds
test,Fennel seeds/FennelSeeds26.jpg,,Fennel seeds
test,Fennel seeds/FennelSeeds68.jpg,,Fennel seeds
test,Fennel seeds/FennelSeeds229.jpg,,Fennel seeds
test,Fennel seeds/FennelSeeds178.jpg,,Fennel seeds
test,Fennel seeds/FennelSeeds311.jpg,,Fennel seeds
test,Fennel seeds/FennelSeeds32.jpg,,Fennel seeds
test,Fennel seeds/FennelSeeds260.jpg,,Fennel seeds
test,Fennel seeds/FennelSeeds150.jpg,,Fennel seeds
test,Fennel seeds/FennelSeeds318.jpg,,Fennel seeds
test,Fennel seeds/FennelSeeds129.jpg,,Fennel seeds
test,Fennel seeds/FennelSeeds112.jpg,,Fennel seeds
test,Fennel seeds/FennelSeeds323.jpg,,Fennel seeds
test,Fennel seeds/FennelSeeds308.jpg,,Fennel seeds
test,Fennel seeds/FennelSeeds249.jpg,,Fennel seeds
test,Fennel seeds/FennelSeeds77.jpg,,Fennel seeds
test,Fennel seeds/FennelSeeds251.jpg,,Fennel seeds
test,Fennel seeds/FennelSeeds405.jpg,,Fennel seeds
test,Fennel seeds/FennelSeeds421.jpg,,Fennel seeds
test,Fennel seeds/FennelSeeds183.jpg,,Fennel seeds
test,Fennel seeds/FennelSeeds28.jpg,,Fennel seeds
test,Fennel seeds/FennelSeeds267.jpg,,Fennel seeds
test,Fennel seeds/FennelSeeds218.jpg,,Fennel seeds
test,Fennel seeds/FennelSeeds383.jpg,,Fennel seeds
test,Fennel seeds/FennelSeeds165.jpg,,Fennel seeds
test,Fennel seeds/FennelSeeds201.jpg,,Fennel seeds
test,Fennel seeds/FennelSeeds205.jpg,,Fennel seeds
test,Fennel seeds/FennelSeeds315.jpg,,Fennel seeds
test,Fennel seeds/FennelSeeds313.jpg,,Fennel seeds
test,Fennel seeds/FennelSeeds67.jpg,,Fennel seeds
test,Fennel seeds/FennelSeeds426.jpg,,Fennel seeds
test,Fennel seeds/FennelSeeds396.jpg,,Fennel seeds
test,Fennel seeds/FennelSeeds414.jpg,,Fennel seeds
train,Green Cardamom/GreenCardamom191.jpg,,Green Cardamom
train,Green Cardamom/GreenCardamom299.jpg,,Green Cardamom
train,Green Cardamom/GreenCardamom270.jpg,,Green Cardamom
train,Green Cardamom/GreenCardamom181.jpg,,Green Cardamom
train,Green Cardamom/GreenCardamom335.jpg,,Green Cardamom
train,Green Cardamom/GreenCardamom134.jpg,,Green Cardamom
train,Green Cardamom/GreenCardamom334.jpg,,Green Cardamom
train,Green Cardamom/GreenCardamom332.jpg,,Green Cardamom
train,Green Cardamom/GreenCardamom101.jpg,,Green Cardamom
train,Green Cardamom/GreenCardamom242.jpg,,Green Cardamom
train,Green Cardamom/GreenCardamom341.jpg,,Green Cardamom
train,Green Cardamom/GreenCardamom349.jpg,,Green Cardamom
train,Green Cardamom/GreenCardamom19.jpg,,Green Cardamom
train,Green Cardamom/GreenCardamom391.jpg,,Green Cardamom
train,Green Cardamom/GreenCardamom150.jpg,,Green Cardamom
train,Green Cardamom/GreenCardamom142.jpg,,Green Cardamom
train,Green Cardamom/GreenCardamom216.jpg,,Green Cardamom
train,Green Cardamom/GreenCardamom289.jpg,,Green Cardamom
train,Green Cardamom/GreenCardamom389.jpg,,Green Cardamom
train,Green Cardamom/GreenCardamom173.jpg,,Green Cardamom
train,Green Cardamom/GreenCardamom36.jpg,,Green Cardamom
train,Green Cardamom/GreenCardamom7.jpg,,Green Cardamom
train,Green Cardamom/GreenCardamom8.jpg,,Green Cardamom
train,Green Cardamom/GreenCardamom94.jpg,,Green Cardamom
train,Green Cardamom/GreenCardamom211.jpg,,Green Cardamom
train,Green Cardamom/GreenCardamom385.jpg,,Green Cardamom
train,Green Cardamom/GreenCardamom67.jpg,,Green Cardamom
train,Green Cardamom/GreenCardamom288.jpg,,Green Cardamom
train,Green Cardamom/GreenCardamom321.jpg,,Green Cardamom
train,Green Cardamom/GreenCardamom199.jpg,,Green Cardamom
train,Green Cardamom/GreenCardamom189.jpg,,Green Cardamom
train,Green Cardamom/GreenCardamom290.jpg,,Green Cardamom
train,Green Cardamom/GreenCardamom175.jpg,,Green Cardamom
train,Green Cardamom/GreenCardamom318.jpg,,Green Cardamom
train,Green Cardamom/GreenCardamom16.jpg,,Green Cardamom
train,Green Cardamom/GreenCardamom177.jpg,,Green Cardamom
train,Green Cardamom/GreenCardamom166.jpg,,Green Cardamom
train,Green Cardamom/GreenCardamom297.jpg,,Green Cardamom
train,Green Cardamom/GreenCardamom265.jpg,,Green Cardamom
train,Green Cardamom/GreenCardamom21.jpg,,Green Cardamom
train,Green Cardamom/GreenCardamom52.jpg,,Green Cardamom
train,Green Cardamom/GreenCardamom375.jpg,,Green Cardamom
train,Green Cardamom/GreenCardamom238.jpg,,Green Cardamom
train,Green Cardamom/GreenCardamom51.jpg,,Green Cardamom
train,Green Cardamom/GreenCardamom377.jpg,,Green Cardamom
train,Green Cardamom/GreenCardamom193.jpg,,Green Cardamom
train,Green Cardamom/GreenCardamom156.jpg,,Green Cardamom
train,Green Cardamom/GreenCardamom112.jpg,,Green Cardamom
train,Green Cardamom/GreenCardamom388.jpg,,Green Cardamom
train,Green Cardamom/GreenCardamom160.jpg,,Green Cardamom
train,Green Cardamom/GreenCardamom212.jpg,,Green Cardamom
train,Green Cardamom/GreenCardamom367.jpg,,Green Cardamom
train,Green Cardamom/GreenCardamom158.jpg,,Green Cardamom
train,Green Cardamom/GreenCardamom90.jpg,,Green Cardamom
train,Green Cardamom/GreenCardamom313.jpg,,Green Cardamom
train,Green Cardamom/GreenCardamom368.jpg,,Green Cardamom
train,Green Cardamom/GreenCardamom129.jpg,,Green Cardamom
train,Green Cardamom/GreenCardamom170.jpg,,Green Cardamom
train,Green Cardamom/GreenCardamom100.jpg,,Green Cardamom
train,Green Cardamom/GreenCardamom292.jpg,,Green Cardamom
train,Green Cardamom/GreenCardamom204.jpg,,Green Cardamom
train,Green Cardamom/GreenCardamom70.jpg,,Green Cardamom
train,Green Cardamom/GreenCardamom46.jpg,,Green Cardamom
train,Green Cardamom/GreenCardamom66.jpg,,Green Cardamom
train,Green Cardamom/GreenCardamom103.jpg,,Green Cardamom
train,Green Cardamom/GreenCardamom65.jpg,,Green Cardamom
train,Green Cardamom/GreenCardamom78.jpg,,Green Cardamom
train,Green Cardamom/GreenCardamom77.jpg,,Green Cardamom
train,Green Cardamom/GreenCardamom91.jpg,,Green Cardamom
train,Green Cardamom/GreenCardamom251.jpg,,Green Cardamom
train,Green Cardamom/GreenCardamom43.jpg,,Green Cardamom
train,Green Cardamom/GreenCardamom342.jpg,,Green Cardamom
train,Green Cardamom/GreenCardamom127.jpg,,Green Cardamom
train,Green Cardamom/GreenCardamom347.jpg,,Green Cardamom
train,Green Cardamom/GreenCardamom271.jpg,,Green Cardamom
train,Green Cardamom/GreenCardamom190.jpg,,Green Cardamom
train,Green Cardamom/GreenCardamom386.jpg,,Green Cardamom
train,Green Cardamom/GreenCardamom22.jpg,,Green Cardamom
train,Green Cardamom/GreenCardamom167.jpg,,Green Cardamom
train,Green Cardamom/GreenCardamom383.jpg,,Green Cardamom
train,Green Cardamom/GreenCardamom57.jpg,,Green Cardamom
train,Green Cardamom/GreenCardamom355.jpg,,Green Cardamom
train,Green Cardamom/GreenCardamom291.jpg,,Green Cardamom
train,Green Cardamom/GreenCardamom295.jpg,,Green Cardamom
train,Green Cardamom/GreenCardamom231.jpg,,Green Cardamom
train,Green Cardamom/GreenCardamom257.jpg,,Green Cardamom
train,Green Cardamom/GreenCardamom165.jpg,,Green Cardamom
train,Green Cardamom/GreenCardamom185.jpg,,Green Cardamom
train,Green Cardamom/GreenCardamom84.jpg,,Green Cardamom
train,Green Cardamom/GreenCardamom172.jpg,,Green Cardamom
train,Green Cardamom/GreenCardamom376.jpg,,Green Cardamom
train,Green Cardamom/GreenCardamom274.jpg,,Green Cardamom
train,Green Cardamom/GreenCardamom88.jpg,,Green Cardamom
train,Green Cardamom/GreenCardamom263.jpg,,Green Cardamom
train,Green Cardamom/GreenCardamom326.jpg,,Green Cardamom
train,Green Cardamom/GreenCardamom370.jpg,,Green Cardamom
train,Green Cardamom/GreenCardamom245.jpg,,Green Cardamom
train,Green Cardamom/GreenCardamom201.jpg,,Green Cardamom
train,Green Cardamom/GreenCardamom152.jpg,,Green Cardamom
train,Green Cardamom/GreenCardamom111.jpg,,Green Cardamom
train,Green Cardamom/GreenCardamom287.jpg,,Green Cardamom
train,Green Cardamom/GreenCardamom62.jpg,,Green Cardamom
train,Green Cardamom/GreenCardamom234.jpg,,Green Cardamom
train,Green Cardamom/GreenCardamom29.jpg,,Green Cardamom
train,Green Cardamom/GreenCardamom333.jpg,,Green Cardamom
train,Green Cardamom/GreenCardamom35.jpg,,Green Cardamom
train,Green Cardamom/GreenCardamom113.jpg,,Green Cardamom
train,Green Cardamom/GreenCardamom322.jpg,,Green Cardamom
train,Green Cardamom/GreenCardamom267.jpg,,Green Cardamom
train,Green Cardamom/GreenCardamom317.jpg,,Green Cardamom
train,Green Cardamom/GreenCardamom280.jpg,,Green Cardamom
train,Green Cardamom/GreenCardamom171.jpg,,Green Cardamom
train,Green Cardamom/GreenCardamom266.jpg,,Green Cardamom
train,Green Cardamom/GreenCardamom42.jpg,,Green Cardamom
train,Green Cardamom/GreenCardamom363.jpg,,Green Cardamom
train,Green Cardamom/GreenCardamom89.jpg,,Green Cardamom
train,Green Cardamom/GreenCardamom141.jpg,,Green Cardamom
train,Green Cardamom/GreenCardamom373.jpg,,Green Cardamom
train,Green Cardamom/GreenCardamom401.jpg,,Green Cardamom
train,Green Cardamom/GreenCardamom74.jpg,,Green Cardamom
train,Green Cardamom/GreenCardamom17.jpg,,Green Cardamom
train,Green Cardamom/GreenCardamom260.jpg,,Green Cardamom
train,Green Cardamom/GreenCardamom123.jpg,,Green Cardamom
train,Green Cardamom/GreenCardamom262.jpg,,Green Cardamom
train,Green Cardamom/GreenCardamom149.jpg,,Green Cardamom
train,Green Cardamom/GreenCardamom229.jpg,,Green Cardamom
train,Green Cardamom/GreenCardamom104.jpg,,Green Cardamom
train,Green Cardamom/GreenCardamom233.jpg,,Green Cardamom
train,Green Cardamom/GreenCardamom207.jpg,,Green Cardamom
train,Green Cardamom/GreenCardamom230.jpg,,Green Cardamom
train,Green Cardamom/GreenCardamom308.jpg,,Green Cardamom
train,Green Cardamom/GreenCardamom32.jpg,,Green Cardamom
train,Green Cardamom/GreenCardamom145.jpg,,Green Cardamom
train,Green Cardamom/GreenCardamom37.jpg,,Green Cardamom
train,Green Cardamom/GreenCardamom23.jpg,,Green Cardamom
train,Green Cardamom/GreenCardamom358.jpg,,Green Cardamom
train,Green Cardamom/GreenCardamom224.jpg,,Green Cardamom
train,Green Cardamom/GreenCardamom33.jpg,,Green Cardamom
train,Green Cardamom/GreenCardamom340.jpg,,Green Cardamom
train,Green Cardamom/GreenCardamom365.jpg,,Green Cardamom
train,Green Cardamom/GreenCardamom228.jpg,,Green Cardamom
train,Green Cardamom/GreenCardamom144.jpg,,Green Cardamom
train,Green Cardamom/GreenCardamom272.jpg,,Green Cardamom
train,Green Cardamom/GreenCardamom174.jpg,,Green Cardamom
train,Green Cardamom/GreenCardamom200.jpg,,Green Cardamom
train,Green Cardamom/GreenCardamom27.jpg,,Green Cardamom
train,Green Cardamom/GreenCardamom361.jpg,,Green Cardamom
train,Green Cardamom/GreenCardamom125.jpg,,Green Cardamom
train,Green Cardamom/GreenCardamom217.jpg,,Green Cardamom
train,Green Cardamom/GreenCardamom307.jpg,,Green Cardamom
train,Green Cardamom/GreenCardamom4.jpg,,Green Cardamom
train,Green Cardamom/GreenCardamom25.jpg,,Green Cardamom
train,Green Cardamom/GreenCardamom282.jpg,,Green Cardamom
train,Green Cardamom/GreenCardamom222.jpg,,Green Cardamom
train,Green Cardamom/GreenCardamom248.jpg,,Green Cardamom
train,Green Cardamom/GreenCardamom122.jpg,,Green Cardamom
train,Green Cardamom/GreenCardamom393.jpg,,Green Cardamom
train,Green Cardamom/GreenCardamom203.jpg,,Green Cardamom
train,Green Cardamom/GreenCardamom351.jpg,,Green Cardamom
train,Green Cardamom/GreenCardamom176.jpg,,Green Cardamom
train,Green Cardamom/GreenCardamom157.jpg,,Green Cardamom
train,Green Cardamom/GreenCardamom96.jpg,,Green Cardamom
train,Green Cardamom/GreenCardamom258.jpg,,Green Cardamom
train,Green Cardamom/GreenCardamom3.jpg,,Green Cardamom
train,Green Cardamom/GreenCardamom183.jpg,,Green Cardamom
train,Green Cardamom/GreenCardamom76.jpg,,Green Cardamom
train,Green Cardamom/GreenCardamom109.jpg,,Green Cardamom
train,Green Cardamom/GreenCardamom366.jpg,,Green Cardamom
train,Green Cardamom/GreenCardamom303.jpg,,Green Cardamom
train,Green Cardamom/GreenCardamom278.jpg,,Green Cardamom
train,Green Cardamom/GreenCardamom314.jpg,,Green Cardamom
train,Green Cardamom/GreenCardamom133.jpg,,Green Cardamom
train,Green Cardamom/GreenCardamom384.jpg,,Green Cardamom
train,Green Cardamom/GreenCardamom269.jpg,,Green Cardamom
train,Green Cardamom/GreenCardamom110.jpg,,Green Cardamom
train,Green Cardamom/GreenCardamom337.jpg,,Green Cardamom
train,Green Cardamom/GreenCardamom147.jpg,,Green Cardamom
train,Green Cardamom/GreenCardamom71.jpg,,Green Cardamom
train,Green Cardamom/GreenCardamom275.jpg,,Green Cardamom
train,Green Cardamom/GreenCardamom205.jpg,,Green Cardamom
train,Green Cardamom/GreenCardamom15.jpg,,Green Cardamom
train,Green Cardamom/GreenCardamom215.jpg,,Green Cardamom
train,Green Cardamom/GreenCardamom223.jpg,,Green Cardamom
train,Green Cardamom/GreenCardamom182.jpg,,Green Cardamom
train,Green Cardamom/GreenCardamom241.jpg,,Green Cardamom
train,Green Cardamom/GreenCardamom120.jpg,,Green Cardamom
train,Green Cardamom/GreenCardamom220.jpg,,Green Cardamom
train,Green Cardamom/GreenCardamom126.jpg,,Green Cardamom
train,Green Cardamom/GreenCardamom350.jpg,,Green Cardamom
train,Green Cardamom/GreenCardamom369.jpg,,Green Cardamom
train,Green Cardamom/GreenCardamom227.jpg,,Green Cardamom
train,Green Cardamom/GreenCardamom83.jpg,,Green Cardamom
train,Green Cardamom/GreenCardamom196.jpg,,Green Cardamom
train,Green Cardamom/GreenCardamom18.jpg,,Green Cardamom
train,Green Cardamom/GreenCardamom85.jpg,,Green Cardamom
train,Green Cardamom/GreenCardamom243.jpg,,Green Cardamom
train,Green Cardamom/GreenCardamom98.jpg,,Green Cardamom
train,Green Cardamom/GreenCardamom283.jpg,,Green Cardamom
train,Green Cardamom/GreenCardamom213.jpg,,Green Cardamom
train,Green Cardamom/GreenCardamom392.jpg,,Green Cardamom
train,Green Cardamom/GreenCardamom47.jpg,,Green Cardamom
train,Green Cardamom/GreenCardamom236.jpg,,Green Cardamom
train,Green Cardamom/GreenCardamom359.jpg,,Green Cardamom
train,Green Cardamom/GreenCardamom293.jpg,,Green Cardamom
train,Green Cardamom/GreenCardamom312.jpg,,Green Cardamom
train,Green Cardamom/GreenCardamom139.jpg,,Green Cardamom
train,Green Cardamom/GreenCardamom330.jpg,,Green Cardamom
train,Green Cardamom/GreenCardamom194.jpg,,Green Cardamom
train,Green Cardamom/GreenCardamom72.jpg,,Green Cardamom
train,Green Cardamom/GreenCardamom219.jpg,,Green Cardamom
train,Green Cardamom/GreenCardamom161.jpg,,Green Cardamom
train,Green Cardamom/GreenCardamom246.jpg,,Green Cardamom
train,Green Cardamom/GreenCardamom86.jpg,,Green Cardamom
train,Green Cardamom/GreenCardamom9.jpg,,Green Cardamom
train,Green Cardamom/GreenCardamom331.jpg,,Green Cardamom
train,Green Cardamom/GreenCardamom97.jpg,,Green Cardamom
train,Green Cardamom/GreenCardamom208.jpg,,Green Cardamom
train,Green Cardamom/GreenCardamom277.jpg,,Green Cardamom
train,Green Cardamom/GreenCardamom315.jpg,,Green Cardamom
train,Green Cardamom/GreenCardamom63.jpg,,Green Cardamom
train,Green Cardamom/GreenCardamom259.jpg,,Green Cardamom
train,Green Cardamom/GreenCardamom327.jpg,,Green Cardamom
train,Green Cardamom/GreenCardamom378.jpg,,Green Cardamom
train,Green Cardamom/GreenCardamom235.jpg,,Green Cardamom
train,Green Cardamom/GreenCardamom339.jpg,,Green Cardamom
train,Green Cardamom/GreenCardamom261.jpg,,Green Cardamom
train,Green Cardamom/GreenCardamom119.jpg,,Green Cardamom
train,Green Cardamom/GreenCardamom14.jpg,,Green Cardamom
train,Green Cardamom/GreenCardamom305.jpg,,Green Cardamom
train,Green Cardamom/GreenCardamom6.jpg,,Green Cardamom
train,Green Cardamom/GreenCardamom399.jpg,,Green Cardamom
train,Green Cardamom/GreenCardamom356.jpg,,Green Cardamom
train,Green Cardamom/GreenCardamom301.jpg,,Green Cardamom
train,Green Cardamom/GreenCardamom102.jpg,,Green Cardamom
train,Green Cardamom/GreenCardamom135.jpg,,Green Cardamom
train,Green Cardamom/GreenCardamom381.jpg,,Green Cardamom
train,Green Cardamom/GreenCardamom186.jpg,,Green Cardamom
train,Green Cardamom/GreenCardamom24.jpg,,Green Cardamom
train,Green Cardamom/GreenCardamom244.jpg,,Green Cardamom
train,Green Cardamom/GreenCardamom294.jpg,,Green Cardamom
train,Green Cardamom/GreenCardamom281.jpg,,Green Cardamom
train,Green Cardamom/GreenCardamom352.jpg,,Green Cardamom
train,Green Cardamom/GreenCardamom13.jpg,,Green Cardamom
train,Green Cardamom/GreenCardamom108.jpg,,Green Cardamom
train,Green Cardamom/GreenCardamom41.jpg,,Green Cardamom
train,Green Cardamom/GreenCardamom311.jpg,,Green Cardamom
train,Green Cardamom/GreenCardamom56.jpg,,Green Cardamom
train,Green Cardamom/GreenCardamom344.jpg,,Green Cardamom
train,Green Cardamom/GreenCardamom137.jpg,,Green Cardamom
train,Green Cardamom/GreenCardamom226.jpg,,Green Cardamom
train,Green Cardamom/GreenCardamom184.jpg,,Green Cardamom
train,Green Cardamom/GreenCardamom26.jpg,,Green Cardamom
train,Green Cardamom/GreenCardamom49.jpg,,Green Cardamom
train,Green Cardamom/GreenCardamom195.jpg,,Green Cardamom
train,Green Cardamom/GreenCardamom273.jpg,,Green Cardamom
train,Green Cardamom/GreenCardamom58.jpg,,Green Cardamom
train,Green Cardamom/GreenCardamom225.jpg,,Green Cardamom
train,Green Cardamom/GreenCardamom338.jpg,,Green Cardamom
train,Green Cardamom/GreenCardamom343.jpg,,Green Cardamom
train,Green Cardamom/GreenCardamom253.jpg,,Green Cardamom
train,Green Cardamom/GreenCardamom353.jpg,,Green Cardamom
train,Green Cardamom/GreenCardamom357.jpg,,Green Cardamom
train,Green Cardamom/GreenCardamom198.jpg,,Green Cardamom
train,Green Cardamom/GreenCardamom247.jpg,,Green Cardamom
train,Green Cardamom/GreenCardamom162.jpg,,Green Cardamom
train,Green Cardamom/GreenCardamom154.jpg,,Green Cardamom
train,Green Cardamom/GreenCardamom249.jpg,,Green Cardamom
train,Green Cardamom/GreenCardamom50.jpg,,Green Cardamom
train,Green Cardamom/GreenCardamom371.jpg,,Green Cardamom
train,Green Cardamom/GreenCardamom296.jpg,,Green Cardamom
train,Green Cardamom/GreenCardamom400.jpg,,Green Cardamom
train,Green Cardamom/GreenCardamom38.jpg,,Green Cardamom
train,Green Cardamom/GreenCardamom20.jpg,,Green Cardamom
train,Green Cardamom/GreenCardamom81.jpg,,Green Cardamom
train,Green Cardamom/GreenCardamom151.jpg,,Green Cardamom
train,Green Cardamom/GreenCardamom79.jpg,,Green Cardamom
train,Green Cardamom/GreenCardamom380.jpg,,Green Cardamom
train,Green Cardamom/GreenCardamom178.jpg,,Green Cardamom
train,Green Cardamom/GreenCardamom309.jpg,,Green Cardamom
train,Green Cardamom/GreenCardamom143.jpg,,Green Cardamom
train,Green Cardamom/GreenCardamom379.jpg,,Green Cardamom
train,Green Cardamom/GreenCardamom121.jpg,,Green Cardamom
train,Green Cardamom/GreenCardamom179.jpg,,Green Cardamom
train,Green Cardamom/GreenCardamom105.jpg,,Green Cardamom
train,Green Cardamom/GreenCardamom159.jpg,,Green Cardamom
train,Green Cardamom/GreenCardamom210.jpg,,Green Cardamom
train,Green Cardamom/GreenCardamom12.jpg,,Green Cardamom
train,Green Cardamom/GreenCardamom316.jpg,,Green Cardamom
train,Green Cardamom/GreenCardamom82.jpg,,Green Cardamom
train,Green Cardamom/GreenCardamom95.jpg,,Green Cardamom
train,Green Cardamom/GreenCardamom164.jpg,,Green Cardamom
train,Green Cardamom/GreenCardamom374.jpg,,Green Cardamom
train,Green Cardamom/GreenCardamom87.jpg,,Green Cardamom
train,Green Cardamom/GreenCardamom206.jpg,,Green Cardamom
train,Green Cardamom/GreenCardamom80.jpg,,Green Cardamom
train,Green Cardamom/GreenCardamom54.jpg,,Green Cardamom
train,Green Cardamom/GreenCardamom31.jpg,,Green Cardamom
train,Green Cardamom/GreenCardamom34.jpg,,Green Cardamom
train,Green Cardamom/GreenCardamom197.jpg,,Green Cardamom
train,Green Cardamom/GreenCardamom153.jpg,,Green Cardamom
train,Green Cardamom/GreenCardamom286.jpg,,Green Cardamom
train,Green Cardamom/GreenCardamom118.jpg,,Green Cardamom
train,Green Cardamom/GreenCardamom254.jpg,,Green Cardamom
train,Green Cardamom/GreenCardamom5.jpg,,Green Cardamom
train,Green Cardamom/GreenCardamom255.jpg,,Green Cardamom
train,Green Cardamom/GreenCardamom387.jpg,,Green Cardamom
train,Green Cardamom/GreenCardamom106.jpg,,Green Cardamom
train,Green Cardamom/GreenCardamom306.jpg,,Green Cardamom
train,Green Cardamom/GreenCardamom45.jpg,,Green Cardamom
train,Green Cardamom/GreenCardamom329.jpg,,Green Cardamom
train,Green Cardamom/GreenCardamom240.jpg,,Green Cardamom
train,Green Cardamom/GreenCardamom61.jpg,,Green Cardamom
train,Green Cardamom/GreenCardamom128.jpg,,Green Cardamom
train,Green Cardamom/GreenCardamom395.jpg,,Green Cardamom
train,Green Cardamom/GreenCardamom324.jpg,,Green Cardamom
train,Green Cardamom/GreenCardamom209.jpg,,Green Cardamom
train,Green Cardamom/GreenCardamom372.jpg,,Green Cardamom
train,Green Cardamom/GreenCardamom11.jpg,,Green Cardamom
train,Green Cardamom/GreenCardamom188.jpg,,Green Cardamom
train,Green Cardamom/GreenCardamom115.jpg,,Green Cardamom
val,Green Cardamom/GreenCardamom163.jpg,,Green Cardamom
val,Green Cardamom/GreenCardamom397.jpg,,Green Cardamom
val,Green Cardamom/GreenCardamom300.jpg,,Green Cardamom
val,Green Cardamom/GreenCardamom138.jpg,,Green Cardamom
val,Green Cardamom/GreenCardamom323.jpg,,Green Cardamom
val,Green Cardamom/GreenCardamom53.jpg,,Green Cardamom
val,Green Cardamom/GreenCardamom39.jpg,,Green Cardamom
val,Green Cardamom/GreenCardamom93.jpg,,Green Cardamom
val,Green Cardamom/GreenCardamom75.jpg,,Green Cardamom
val,Green Cardamom/GreenCardamom237.jpg,,Green Cardamom
val,Green Cardamom/GreenCardamom187.jpg,,Green Cardamom
val,Green Cardamom/GreenCardamom59.jpg,,Green Cardamom
val,Green Cardamom/GreenCardamom117.jpg,,Green Cardamom
val,Green Cardamom/GreenCardamom354.jpg,,Green Cardamom
val,Green Cardamom/GreenCardamom180.jpg,,Green Cardamom
val,Green Cardamom/GreenCardamom192.jpg,,Green Cardamom
val,Green Cardamom/GreenCardamom48.jpg,,Green Cardamom
val,Green Cardamom/GreenCardamom232.jpg,,Green Cardamom
val,Green Cardamom/GreenCardamom310.jpg,,Green Cardamom
val,Green Cardamom/GreenCardamom136.jpg,,Green Cardamom
val,Green Cardamom/GreenCardamom256.jpg,,Green Cardamom
val,Green Cardamom/GreenCardamom345.jpg,,Green Cardamom
val,Green Cardamom/GreenCardamom268.jpg,,Green Cardamom
val,Green Cardamom/GreenCardamom140.jpg,,Green Cardamom
val,Green Cardamom/GreenCardamom398.jpg,,Green Cardamom
val,Green Cardamom/GreenCardamom390.jpg,,Green Cardamom
val,Green Cardamom/GreenCardamom124.jpg,,Green Cardamom
val,Green Cardamom/GreenCardamom284.jpg,,Green Cardamom
val,Green Cardamom/GreenCardamom239.jpg,,Green Cardamom
val,Green Cardamom/GreenCardamom252.jpg,,Green Cardamom
val,Green Cardamom/GreenCardamom264.jpg,,Green Cardamom
val,Green Cardamom/GreenCardamom346.jpg,,Green Cardamom
val,Green Cardamom/GreenCardamom360.jpg,,Green Cardamom
val,Green Cardamom/GreenCardamom155.jpg,,Green Cardamom
val,Green Cardamom/GreenCardamom320.jpg,,Green Cardamom
val,Green Cardamom/GreenCardamom55.jpg,,Green Cardamom
val,Green Cardamom/GreenCardamom276.jpg,,Green Cardamom
val,Green Cardamom/GreenCardamom69.jpg,,Green Cardamom
val,Green Cardamom/GreenCardamom202.jpg,,Green Cardamom
val,Green Cardamom/GreenCardamom99.jpg,,Green Cardamom
test,Green Cardamom/GreenCardamom130.jpg,,Green Cardamom
test,Green Cardamom/GreenCardamom285.jpg,,Green Cardamom
test,Green Cardamom/GreenCardamom30.jpg,,Green Cardamom
test,Green Cardamom/GreenCardamom319.jpg,,Green Cardamom
test,Green Cardamom/GreenCardamom325.jpg,,Green Cardamom
test,Green Cardamom/GreenCardamom64.jpg,,Green Cardamom
test,Green Cardamom/GreenCardamom336.jpg,,Green Cardamom
test,Green Cardamom/GreenCardamom10.jpg,,Green Cardamom
test,Green Cardamom/GreenCardamom364.jpg,,Green Cardamom
test,Green Cardamom/GreenCardamom28.jpg,,Green Cardamom
test,Green Cardamom/GreenCardamom250.jpg,,Green Cardamom
test,Green Cardamom/GreenCardamom60.jpg,,Green Cardamom
test,Green Cardamom/GreenCardamom169.jpg,,Green Cardamom
test,Green Cardamom/GreenCardamom221.jpg,,Green Cardamom
test,Green Cardamom/GreenCardamom279.jpg,,Green Cardamom
test,Green Cardamom/GreenCardamom44.jpg,,Green Cardamom
test,Green Cardamom/GreenCardamom116.jpg,,Green Cardamom
test,Green Cardamom/GreenCardamom1.jpg,,Green Cardamom
test,Green Cardamom/GreenCardamom394.jpg,,Green Cardamom
test,Green Cardamom/GreenCardamom40.jpg,,Green Cardamom
test,Green Cardamom/GreenCardamom168.jpg,,Green Cardamom
test,Green Cardamom/GreenCardamom328.jpg,,Green Cardamom
test,Green Cardamom/GreenCardamom107.jpg,,Green Cardamom
test,Green Cardamom/GreenCardamom304.jpg,,Green Cardamom
test,Green Cardamom/GreenCardamom214.jpg,,Green Cardamom
test,Green Cardamom/GreenCardamom73.jpg,,Green Cardamom
test,Green Cardamom/GreenCardamom362.jpg,,Green Cardamom
test,Green Cardamom/GreenCardamom131.jpg,,Green Cardamom
test,Green Cardamom/GreenCardamom132.jpg,,Green Cardamom
test,Green Cardamom/GreenCardamom114.jpg,,Green Cardamom
test,Green Cardamom/GreenCardamom146.jpg,,Green Cardamom
test,Green Cardamom/GreenCardamom218.jpg,,Green Cardamom
test,Green Cardamom/GreenCardamom68.jpg,,Green Cardamom
test,Green Cardamom/GreenCardamom302.jpg,,Green Cardamom
test,Green Cardamom/GreenCardamom148.jpg,,Green Cardamom
test,Green Cardamom/GreenCardamom396.jpg,,Green Cardamom
test,Green Cardamom/GreenCardamom382.jpg,,Green Cardamom
test,Green Cardamom/GreenCardamom2.jpg,,Green Cardamom
test,Green Cardamom/GreenCardamom298.jpg,,Green Cardamom
test,Green Cardamom/GreenCardamom92.jpg,,Green Cardamom
test,Green Cardamom/GreenCardamom348.jpg,,Green Cardamom
train,Mace/Mace769.jpg,,Mace
train,Mace/Mace495.jpg,,Mace
train,Mace/Mace79.jpg,,Mace
train,Mace/Mace8.jpg,,Mace
train,Mace/Mace6.jpg,,Mace
train,Mace/Mace781.jpg,,Mace
train,Mace/Mace776.jpg,,Mace
train,Mace/Mace685.jpg,,Mace
train,Mace/Mace658.jpg,,Mace
train,Mace/Mace480.jpg,,Mace
train,Mace/Mace131.jpg,,Mace
train,Mace/Mace708.jpg,,Mace
train,Mace/Mace258.jpg,,Mace
train,Mace/Mace396.jpg,,Mace
train,Mace/Mace101.jpg,,Mace
train,Mace/Mace744.jpg,,Mace
train,Mace/Mace343.jpg,,Mace
train,Mace/Mace560.jpg,,Mace
train,Mace/Mace843.jpg,,Mace
train,Mace/Mace35.jpg,,Mace
train,Mace/Mace31.jpg,,Mace
train,Mace/Mace600.jpg,,Mace
train,Mace/Mace464.jpg,,Mace
train,Mace/Mace236.jpg,,Mace
train,Mace/Mace754.jpg,,Mace
train,Mace/Mace522.jpg,,Mace
train,Mace/Mace1.jpg,,Mace
train,Mace/Mace405.jpg,,Mace
train,Mace/Mace141.jpg,,Mace
train,Mace/Mace619.jpg,,Mace
train,Mace/Mace631.jpg,,Mace
train,Mace/Mace246.jpg,,Mace
train,Mace/Mace682.jpg,,Mace
train,Mace/Mace132.jpg,,Mace
train,Mace/Mace294.jpg,,Mace
train,Mace/Mace756.jpg,,Mace
train,Mace/Mace446.jpg,,Mace
train,Mace/Mace799.jpg,,Mace
train,Mace/Mace271.jpg,,Mace
train,Mace/Mace544.jpg,,Mace
train,Mace/Mace565.jpg,,Mace
train,Mace/Mace320.jpg,,Mace
train,Mace/Mace4.jpg,,Mace
train,Mace/Mace398.jpg,,Mace
train,Mace/Mace127.jpg,,Mace
train,Mace/Mace400.jpg,,Mace
train,Mace/Mace185.jpg,,Mace
train,Mace/Mace388.jpg,,Mace
train,Mace/Mace10.jpg,,Mace
train,Mace/Mace218.jpg,,Mace
train,Mace/Mace803.jpg,,Mace
train,Mace/Mace317.jpg,,Mace
train,Mace/Mace413.jpg,,Mace
train,Mace/Mace644.jpg,,Mace
train,Mace/Mace282.jpg,,Mace
train,Mace/Mace20.jpg,,Mace
train,Mace/Mace307.jpg,,Mace
train,Mace/Mace572.jpg,,Mace
train,Mace/Mace108.jpg,,Mace
train,Mace/Mace70.jpg,,Mace
train,Mace/Mace43.jpg,,Mace
train,Mace/Mace813.jpg,,Mace
train,Mace/Mace595.jpg,,Mace
train,Mace/Mace710.jpg,,Mace
train,Mace/Mace718.jpg,,Mace
train,Mace/Mace664.jpg,,Mace
train,Mace/Mace193.jpg,,Mace
train,Mace/Mace414.jpg,,Mace
train,Mace/Mace237.jpg,,Mace
train,Mace/Mace467.jpg,,Mace
train,Mace/Mace221.jpg,,Mace
train,Mace/Mace625.jpg,,Mace
train,Mace/Mace115.jpg,,Mace
train,Mace/Mace837.jpg,,Mace
train,Mace/Mace488.jpg,,Mace
train,Mace/Mace39.jpg,,Mace
train,Mace/Mace94.jpg,,Mace
train,Mace/Mace386.jpg,,Mace
train,Mace/Mace598.jpg,,Mace
train,Mace/Mace245.jpg,,Mace
train,Mace/Mace256.jpg,,Mace
train,Mace/Mace244.jpg,,Mace
train,Mace/Mace24.jpg,,Mace
train,Mace/Mace453.jpg,,Mace
train,Mace/Mace584.jpg,,Mace
train,Mace/Mace195.jpg,,Mace
train,Mace/Mace352.jpg,,Mace
train,Mace/Mace531.jpg,,Mace
train,Mace/Mace22.jpg,,Mace
train,Mace/Mace758.jpg,,Mace
train,Mace/Mace502.jpg,,Mace
train,Mace/Mace5.jpg,,Mace
train,Mace/Mace594.jpg,,Mace
train,Mace/Mace514.jpg,,Mace
train,Mace/Mace639.jpg,,Mace
train,Mace/Mace162.jpg,,Mace
train,Mace/Mace680.jpg,,Mace
train,Mace/Mace539.jpg,,Mace
train,Mace/Mace510.jpg,,Mace
train,Mace/Mace499.jpg,,Mace
train,Mace/Mace434.jpg,,Mace
train,Mace/Mace30.jpg,,Mace
train,Mace/Mace673.jpg,,Mace
train,Mace/Mace69.jpg,,Mace
train,Mace/Mace719.jpg,,Mace
train,Mace/Mace50.jpg,,Mace
train,Mace/Mace175.jpg,,Mace
train,Mace/Mace360.jpg,,Mace
train,Mace/Mace470.jpg,,Mace
train,Mace/Mace851.jpg,,Mace
train,Mace/Mace504.jpg,,Mace
train,Mace/Mace133.jpg,,Mace
train,Mace/Mace380.jpg,,Mace
train,Mace/Mace316.jpg,,Mace
train,Mace/Mace463.jpg,,Mace
train,Mace/Mace764.jpg,,Mace
train,Mace/Mace139.jpg,,Mace
train,Mace/Mace122.jpg,,Mace
train,Mace/Mace763.jpg,,Mace
train,Mace/Mace795.jpg,,Mace
train,Mace/Mace641.jpg,,Mace
train,Mace/Mace216.jpg,,Mace
train,Mace/Mace385.jpg,,Mace
train,Mace/Mace651.jpg,,Mace
train,Mace/Mace311.jpg,,Mace
train,Mace/Mace574.jpg,,Mace
train,Mace/Mace748.jpg,,Mace
train,Mace/Mace706.jpg,,Mace
train,Mace/Mace681.jpg,,Mace
train,Mace/Mace541.jpg,,Mace
train,Mace/Mace630.jpg,,Mace
train,Mace/Mace601.jpg,,Mace
train,Mace/Mace662.jpg,,Mace
train,Mace/Mace772.jpg,,Mace
train,Mace/Mace387.jpg,,Mace
train,Mace/Mace430.jpg,,Mace
train,Mace/Mace116.jpg,,Mace
train,Mace/Mace75.jpg,,Mace
train,Mace/Mace145.jpg,,Mace
train,Mace/Mace666.jpg,,Mace
train,Mace/Mace577.jpg,,Mace
train,Mace/Mace168.jpg,,Mace
train,Mace/Mace314.jpg,,Mace
train,Mace/Mace259.jpg,,Mace
train,Mace/Mace564.jpg,,Mace
train,Mace/Mace777.jpg,,Mace
train,Mace/Mace304.jpg,,Mace
train,Mace/Mace659.jpg,,Mace
train,Mace/Mace241.jpg,,Mace
train,Mace/Mace403.jpg,,Mace
train,Mace/Mace71.jpg,,Mace
train,Mace/Mace827.jpg,,Mace
train,Mace/Mace82.jpg,,Mace
train,Mace/Mace478.jpg,,Mace
train,Mace/Mace3.jpg,,Mace
train,Mace/Mace732.jpg,,Mace
train,Mace/Mace172.jpg,,Mace
train,Mace/Mace784.jpg,,Mace
train,Mace/Mace449.jpg,,Mace
train,Mace/Mace299.jpg,,Mace
train,Mace/Mace751.jpg,,Mace
train,Mace/Mace683.jpg,,Mace
train,Mace/Mace503.jpg,,Mace
train,Mace/Mace217.jpg,,Mace
train,Mace/Mace618.jpg,,Mace
train,Mace/Mace197.jpg,,Mace
train,Mace/Mace358.jpg,,Mace
train,Mace/Mace323.jpg,,Mace
train,Mace/Mace174.jpg,,Mace
train,Mace/Mace222.jpg,,Mace
train,Mace/Mace533.jpg,,Mace
train,Mace/Mace389.jpg,,Mace
train,Mace/Mace55.jpg,,Mace
train,Mace/Mace606.jpg,,Mace
train,Mace/Mace346.jpg,,Mace
train,Mace/Mace332.jpg,,Mace
train,Mace/Mace491.jpg,,Mace
train,Mace/Mace280.jpg,,Mace
train,Mace/Mace642.jpg,,Mace
train,Mace/Mace742.jpg,,Mace
train,Mace/Mace556.jpg,,Mace
train,Mace/Mace457.jpg,,Mace
train,Mace/Mace36.jpg,,Mace
train,Mace/Mace251.jpg,,Mace
train,Mace/Mace293.jpg,,Mace
train,Mace/Mace468.jpg,,Mace
train,Mace/Mace471.jpg,,Mace
train,Mace/Mace670.jpg,,Mace
train,Mace/Mace518.jpg,,Mace
train,Mace/Mace517.jpg,,Mace
train,Mace/Mace120.jpg,,Mace
train,Mace/Mace187.jpg,,Mace
train,Mace/Mace444.jpg,,Mace
train,Mace/Mace421.jpg,,Mace
train,Mace/Mace820.jpg,,Mace
train,Mace/Mace722.jpg,,Mace
train,Mace/Mace27.jpg,,Mace
train,Mace/Mace656.jpg,,Mace
train,Mace/Mace183.jpg,,Mace
train,Mace/Mace128.jpg,,Mace
train,Mace/Mace109.jpg,,Mace
train,Mace/Mace29.jpg,,Mace
train,Mace/Mace45.jpg,,Mace
train,Mace/Mace401.jpg,,Mace
train,Mace/Mace459.jpg,,Mace
train,Mace/Mace654.jpg,,Mace
train,Mace/Mace458.jpg,,Mace
train,Mace/Mace638.jpg,,Mace
train,Mace/Mace643.jpg,,Mace
train,Mace/Mace736.jpg,,Mace
train,Mace/Mace562.jpg,,Mace
train,Mace/Mace667.jpg,,Mace
train,Mace/Mace212.jpg,,Mace
train,Mace/Mace824.jpg,,Mace
train,Mace/Mace65.jpg,,Mace
train,Mace/Mace608.jpg,,Mace
train,Mace/Mace845.jpg,,Mace
train,Mace/Mace501.jpg,,Mace
train,Mace/Mace652.jpg,,Mace
train,Mace/Mace228.jpg,,Mace
train,Mace/Mace208.jpg,,Mace
train,Mace/Mace207.jpg,,Mace
train,Mace/Mace230.jpg,,Mace
train,Mace/Mace589.jpg,,Mace
train,Mace/Mace610.jpg,,Mace
train,Mace/Mace853.jpg,,Mace
train,Mace/Mace53.jpg,,Mace
train,Mace/Mace704.jpg,,Mace
train,Mace/Mace254.jpg,,Mace
train,Mace/Mace852.jpg,,Mace
train,Mace/Mace124.jpg,,Mace
train,Mace/Mace348.jpg,,Mace
train,Mace/Mace720.jpg,,Mace
train,Mace/Mace189.jpg,,Mace
train,Mace/Mace609.jpg,,Mace
train,Mace/Mace840.jpg,,Mace
train,Mace/Mace351.jpg,,Mace
train,Mace/Mace199.jpg,,Mace
train,Mace/Mace825.jpg,,Mace
train,Mace/Mace411.jpg,,Mace
train,Mace/Mace474.jpg,,Mace
train,Mace/Mace523.jpg,,Mace
train,Mace/Mace169.jpg,,Mace
train,Mace/Mace675.jpg,,Mace
train,Mace/Mace817.jpg,,Mace
train,Mace/Mace805.jpg,,Mace
train,Mace/Mace363.jpg,,Mace
train,Mace/Mace14.jpg,,Mace
train,Mace/Mace530.jpg,,Mace
train,Mace/Mace333.jpg,,Mace
train,Mace/Mace204.jpg,,Mace
train,Mace/Mace511.jpg,,Mace
train,Mace/Mace399.jpg,,Mace
train,Mace/Mace296.jpg,,Mace
train,Mace/Mace171.jpg,,Mace
train,Mace/Mace84.jpg,,Mace
train,Mace/Mace276.jpg,,Mace
train,Mace/Mace548.jpg,,Mace
train,Mace/Mace492.jpg,,Mace
train,Mace/Mace489.jpg,,Mace
train,Mace/Mace496.jpg,,Mace
train,Mace/Mace752.jpg,,Mace
train,Mace/Mace219.jpg,,Mace
train,Mace/Mace439.jpg,,Mace
train,Mace/Mace393.jpg,,Mace
train,Mace/Mace550.jpg,,Mace
train,Mace/Mace705.jpg,,Mace
train,Mace/Mace192.jpg,,Mace
train,Mace/Mace42.jpg,,Mace
train,Mace/Mace41.jpg,,Mace
train,Mace/Mace418.jpg,,Mace
train,Mace/Mace497.jpg,,Mace
train,Mace/Mace513.jpg,,Mace
train,Mace/Mace829.jpg,,Mace
train,Mace/Mace780.jpg,,Mace
train,Mace/Mace702.jpg,,Mace
train,Mace/Mace275.jpg,,Mace
train,Mace/Mace839.jpg,,Mace
train,Mace/Mace566.jpg,,Mace
train,Mace/Mace485.jpg,,Mace
train,Mace/Mace99.jpg,,Mace
train,Mace/Mace731.jpg,,Mace
train,Mace/Mace440.jpg,,Mace
train,Mace/Mace112.jpg,,Mace
train,Mace/Mace73.jpg,,Mace
train,Mace/Mace205.jpg,,Mace
train,Mace/Mace328.jpg,,Mace
train,Mace/Mace699.jpg,,Mace
train,Mace/Mace214.jpg,,Mace
train,Mace/Mace375.jpg,,Mace
train,Mace/Mace759.jpg,,Mace
train,Mace/Mace76.jpg,,Mace
train,Mace/Mace167.jpg,,Mace
train,Mace/Mace384.jpg,,Mace
train,Mace/Mace334.jpg,,Mace
train,Mace/Mace322.jpg,,Mace
train,Mace/Mace286.jpg,,Mace
train,Mace/Mace578.jpg,,Mace
train,Mace/Mace263.jpg,,Mace
train,Mace/Mace745.jpg,,Mace
train,Mace/Mace224.jpg,,Mace
train,Mace/Mace367.jpg,,Mace
train,Mace/Mace676.jpg,,Mace
train,Mace/Mace329.jpg,,Mace
train,Mace/Mace543.jpg,,Mace
train,Mace/Mace849.jpg,,Mace
train,Mace/Mace155.jpg,,Mace
train,Mace/Mace285.jpg,,Mace
train,Mace/Mace373.jpg,,Mace
train,Mace/Mace774.jpg,,Mace
train,Mace/Mace255.jpg,,Mace
train,Mace/Mace190.jpg,,Mace
train,Mace/Mace844.jpg,,Mace
train,Mace/Mace48.jpg,,Mace
train,Mace/Mace177.jpg,,Mace
train,Mace/Mace559.jpg,,Mace
train,Mace/Mace709.jpg,,Mace
train,Mace/Mace284.jpg,,Mace
train,Mace/Mace729.jpg,,Mace
train,Mace/Mace165.jpg,,Mace
train,Mace/Mace154.jpg,,Mace
train,Mace/Mace623.jpg,,Mace
train,Mace/Mace766.jpg,,Mace
train,Mace/Mace300.jpg,,Mace
train,Mace/Mace281.jpg,,Mace
train,Mace/Mace147.jpg,,Mace
train,Mace/Mace325.jpg,,Mace
train,Mace/Mace686.jpg,,Mace
train,Mace/Mace181.jpg,,Mace
train,Mace/Mace733.jpg,,Mace
train,Mace/Mace93.jpg,,Mace
train,Mace/Mace730.jpg,,Mace
train,Mace/Mace603.jpg,,Mace
train,Mace/Mace297.jpg,,Mace
train,Mace/Mace717.jpg,,Mace
train,Mace/Mace568.jpg,,Mace
train,Mace/Mace768.jpg,,Mace
train,Mace/Mace701.jpg,,Mace
train,Mace/Mace684.jpg,,Mace
train,Mace/Mace97.jpg,,Mace
train,Mace/Mace613.jpg,,Mace
train,Mace/Mace309.jpg,,Mace
train,Mace/Mace23.jpg,,Mace
train,Mace/Mace277.jpg,,Mace
train,Mace/Mace612.jpg,,Mace
train,Mace/Mace326.jpg,,Mace
train,Mace/Mace587.jpg,,Mace
train,Mace/Mace74.jpg,,Mace
train,Mace/Mace117.jpg,,Mace
train,Mace/Mace356.jpg,,Mace
train,Mace/Mace711.jpg,,Mace
train,Mace/Mace265.jpg,,Mace
train,Mace/Mace327.jpg,,Mace
train,Mace/Mace161.jpg,,Mace
train,Mace/Mace735.jpg,,Mace
train,Mace/Mace689.jpg,,Mace
train,Mace/Mace313.jpg,,Mace
train,Mace/Mace473.jpg,,Mace
train,Mace/Mace243.jpg,,Mace
train,Mace/Mace498.jpg,,Mace
train,Mace/Mace287.jpg,,Mace
train,Mace/Mace775.jpg,,Mace
train,Mace/Mace336.jpg,,Mace
train,Mace/Mace665.jpg,,Mace
train,Mace/Mace60.jpg,,Mace
train,Mace/Mace274.jpg,,Mace
train,Mace/Mace262.jpg,,Mace
train,Mace/Mace182.jpg,,Mace
train,Mace/Mace586.jpg,,Mace
train,Mace/Mace409.jpg,,Mace
train,Mace/Mace693.jpg,,Mace
train,Mace/Mace848.jpg,,Mace
train,Mace/Mace370.jpg,,Mace
train,Mace/Mace420.jpg,,Mace
train,Mace/Mace576.jpg,,Mace
train,Mace/Mace77.jpg,,Mace
train,Mace/Mace425.jpg,,Mace
train,Mace/Mace454.jpg,,Mace
train,Mace/Mace198.jpg,,Mace
train,Mace/Mace451.jpg,,Mace
train,Mace/Mace57.jpg,,Mace
train,Mace/Mace818.jpg,,Mace
train,Mace/Mace347.jpg,,Mace
train,Mace/Mace178.jpg,,Mace
train,Mace/Mace229.jpg,,Mace
train,Mace/Mace569.jpg,,Mace
train,Mace/Mace429.jpg,,Mace
train,Mace/Mace558.jpg,,Mace
train,Mace/Mace342.jpg,,Mace
train,Mace/Mace105.jpg,,Mace
train,Mace/Mace461.jpg,,Mace
train,Mace/Mace144.jpg,,Mace
train,Mace/Mace13.jpg,,Mace
train,Mace/Mace661.jpg,,Mace
train,Mace/Mace331.jpg,,Mace
train,Mace/Mace21.jpg,,Mace
train,Mace/Mace762.jpg,,Mace
train,Mace/Mace435.jpg,,Mace
train,Mace/Mace33.jpg,,Mace
train,Mace/Mace810.jpg,,Mace
train,Mace/Mace261.jpg,,Mace
train,Mace/Mace529.jpg,,Mace
train,Mace/Mace580.jpg,,Mace
train,Mace/Mace648.jpg,,Mace
train,Mace/Mace821.jpg,,Mace
train,Mace/Mace166.jpg,,Mace
train,Mace/Mace140.jpg,,Mace
train,Mace/Mace819.jpg,,Mace
train,Mace/Mace633.jpg,,Mace
train,Mace/Mace647.jpg,,Mace
train,Mace/Mace690.jpg,,Mace
train,Mace/Mace191.jpg,,Mace
train,Mace/Mace796.jpg,,Mace
train,Mace/Mace194.jpg,,Mace
train,Mace/Mace68.jpg,,Mace
train,Mace/Mace156.jpg,,Mace
train,Mace/Mace81.jpg,,Mace
train,Mace/Mace581.jpg,,Mace
train,Mace/Mace447.jpg,,Mace
train,Mace/Mace103.jpg,,Mace
train,Mace/Mace406.jpg,,Mace
train,Mace/Mace80.jpg,,Mace
train,Mace/Mace129.jpg,,Mace
train,Mace/Mace782.jpg,,Mace
train,Mace/Mace737.jpg,,Mace
train,Mace/Mace624.jpg,,Mace
train,Mace/Mace315.jpg,,Mace
train,Mace/Mace126.jpg,,Mace
train,Mace/Mace372.jpg,,Mace
train,Mace/Mace335.jpg,,Mace
train,Mace/Mace402.jpg,,Mace
train,Mace/Mace465.jpg,,Mace
train,Mace/Mace113.jpg,,Mace
train,Mace/Mace832.jpg,,Mace
train,Mace/Mace19.jpg,,Mace
train,Mace/Mace841.jpg,,Mace
train,Mace/Mace672.jpg,,Mace
train,Mace/Mace700.jpg,,Mace
train,Mace/Mace321.jpg,,Mace
train,Mace/Mace456.jpg,,Mace
train,Mace/Mace107.jpg,,Mace
train,Mace/Mace535.jpg,,Mace
train,Mace/Mace750.jpg,,Mace
train,Mace/Mace460.jpg,,Mace
train,Mace/Mace52.jpg,,Mace
train,Mace/Mace527.jpg,,Mace
train,Mace/Mace295.jpg,,Mace
train,Mace/Mace135.jpg,,Mace
train,Mace/Mace159.jpg,,Mace
train,Mace/Mace196.jpg,,Mace
train,Mace/Mace783.jpg,,Mace
train,Mace/Mace615.jpg,,Mace
train,Mace/Mace85.jpg,,Mace
train,Mace/Mace842.jpg,,Mace
train,Mace/Mace164.jpg,,Mace
train,Mace/Mace790.jpg,,Mace
train,Mace/Mace494.jpg,,Mace
train,Mace/Mace158.jpg,,Mace
train,Mace/Mace555.jpg,,Mace
train,Mace/Mace153.jpg,,Mace
train,Mace/Mace475.jpg,,Mace
train,Mace/Mace836.jpg,,Mace
train,Mace/Mace111.jpg,,Mace
train,Mace/Mace239.jpg,,Mace
train,Mace/Mace426.jpg,,Mace
train,Mace/Mace771.jpg,,Mace
train,Mace/Mace761.jpg,,Mace
train,Mace/Mace627.jpg,,Mace
train,Mace/Mace34.jpg,,Mace
train,Mace/Mace374.jpg,,Mace
train,Mace/Mace767.jpg,,Mace
train,Mace/Mace302.jpg,,Mace
train,Mace/Mace476.jpg,,Mace
train,Mace/Mace163.jpg,,Mace
train,Mace/Mace266.jpg,,Mace
train,Mace/Mace549.jpg,,Mace
train,Mace/Mace714.jpg,,Mace
train,Mace/Mace26.jpg,,Mace
train,Mace/Mace32.jpg,,Mace
train,Mace/Mace106.jpg,,Mace
train,Mace/Mace822.jpg,,Mace
train,Mace/Mace64.jpg,,Mace
train,Mace/Mace636.jpg,,Mace
train,Mace/Mace592.jpg,,Mace
train,Mace/Mace134.jpg,,Mace
train,Mace/Mace716.jpg,,Mace
train,Mace/Mace310.jpg,,Mace
train,Mace/Mace291.jpg,,Mace
train,Mace/Mace151.jpg,,Mace
train,Mace/Mace469.jpg,,Mace
train,Mace/Mace448.jpg,,Mace
train,Mace/Mace688.jpg,,Mace
train,Mace/Mace804.jpg,,Mace
train,Mace/Mace582.jpg,,Mace
train,Mace/Mace344.jpg,,Mace
train,Mace/Mace834.jpg,,Mace
train,Mace/Mace341.jpg,,Mace
train,Mace/Mace846.jpg,,Mace
train,Mace/Mace620.jpg,,Mace
train,Mace/Mace660.jpg,,Mace
train,Mace/Mace382.jpg,,Mace
train,Mace/Mace357.jpg,,Mace
train,Mace/Mace725.jpg,,Mace
train,Mace/Mace668.jpg,,Mace
train,Mace/Mace575.jpg,,Mace
train,Mace/Mace653.jpg,,Mace
train,Mace/Mace200.jpg,,Mace
train,Mace/Mace330.jpg,,Mace
train,Mace/Mace170.jpg,,Mace
train,Mace/Mace806.jpg,,Mace
train,Mace/Mace146.jpg,,Mace
train,Mace/Mace9.jpg,,Mace
train,Mace/Mace412.jpg,,Mace
train,Mace/Mace778.jpg,,Mace
train,Mace/Mace546.jpg,,Mace
train,Mace/Mace663.jpg,,Mace
train,Mace/Mace359.jpg,,Mace
train,Mace/Mace63.jpg,,Mace
train,Mace/Mace110.jpg,,Mace
train,Mace/Mace645.jpg,,Mace
train,Mace/Mace423.jpg,,Mace
train,Mace/Mace188.jpg,,Mace
train,Mace/Mace433.jpg,,Mace
train,Mace/Mace349.jpg,,Mace
train,Mace/Mace721.jpg,,Mace
train,Mace/Mace390.jpg,,Mace
train,Mace/Mace397.jpg,,Mace
train,Mace/Mace253.jpg,,Mace
train,Mace/Mace186.jpg,,Mace
train,Mace/Mace268.jpg,,Mace
train,Mace/Mace278.jpg,,Mace
train,Mace/Mace573.jpg,,Mace
train,Mace/Mace807.jpg,,Mace
train,Mace/Mace785.jpg,,Mace
train,Mace/Mace626.jpg,,Mace
train,Mace/Mace143.jpg,,Mace
train,Mace/Mace427.jpg,,Mace
train,Mace/Mace486.jpg,,Mace
train,Mace/Mace788.jpg,,Mace
train,Mace/Mace635.jpg,,Mace
train,Mace/Mace148.jpg,,Mace
train,Mace/Mace650.jpg,,Mace
train,Mace/Mace691.jpg,,Mace
train,Mace/Mace223.jpg,,Mace
train,Mace/Mace524.jpg,,Mace
train,Mace/Mace715.jpg,,Mace
train,Mace/Mace233.jpg,,Mace
train,Mace/Mace152.jpg,,Mace
train,Mace/Mace723.jpg,,Mace
train,Mace/Mace338.jpg,,Mace
train,Mace/Mace114.jpg,,Mace
train,Mace/Mace677.jpg,,Mace
train,Mace/Mace443.jpg,,Mace
train,Mace/Mace605.jpg,,Mace
train,Mace/Mace538.jpg,,Mace
train,Mace/Mace337.jpg,,Mace
train,Mace/Mace500.jpg,,Mace
train,Mace/Mace542.jpg,,Mace
train,Mace/Mace432.jpg,,Mace
train,Mace/Mace89.jpg,,Mace
train,Mace/Mace553.jpg,,Mace
train,Mace/Mace833.jpg,,Mace
train,Mace/Mace209.jpg,,Mace
train,Mace/Mace125.jpg,,Mace
train,Mace/Mace324.jpg,,Mace
train,Mace/Mace552.jpg,,Mace
train,Mace/Mace809.jpg,,Mace
train,Mace/Mace484.jpg,,Mace
train,Mace/Mace364.jpg,,Mace
train,Mace/Mace213.jpg,,Mace
train,Mace/Mace534.jpg,,Mace
train,Mace/Mace376.jpg,,Mace
train,Mace/Mace340.jpg,,Mace
train,Mace/Mace743.jpg,,Mace
train,Mace/Mace100.jpg,,Mace
train,Mace/Mace123.jpg,,Mace
train,Mace/Mace305.jpg,,Mace
train,Mace/Mace526.jpg,,Mace
train,Mace/Mace90.jpg,,Mace
train,Mace/Mace554.jpg,,Mace
train,Mace/Mace765.jpg,,Mace
train,Mace/Mace378.jpg,,Mace
train,Mace/Mace138.jpg,,Mace
train,Mace/Mace674.jpg,,Mace
train,Mace/Mace61.jpg,,Mace
train,Mace/Mace707.jpg,,Mace
train,Mace/Mace450.jpg,,Mace
train,Mace/Mace270.jpg,,Mace
train,Mace/Mace283.jpg,,Mace
train,Mace/Mace225.jpg,,Mace
train,Mace/Mace622.jpg,,Mace
train,Mace/Mace525.jpg,,Mace
train,Mace/Mace611.jpg,,Mace
train,Mace/Mace746.jpg,,Mace
train,Mace/Mace649.jpg,,Mace
train,Mace/Mace350.jpg,,Mace
train,Mace/Mace477.jpg,,Mace
train,Mace/Mace104.jpg,,Mace
train,Mace/Mace180.jpg,,Mace
train,Mace/Mace445.jpg,,Mace
train,Mace/Mace814.jpg,,Mace
train,Mace/Mace779.jpg,,Mace
train,Mace/Mace583.jpg,,Mace
train,Mace/Mace537.jpg,,Mace
train,Mace/Mace379.jpg,,Mace
train,Mace/Mace290.jpg,,Mace
train,Mace/Mace231.jpg,,Mace
train,Mace/Mace179.jpg,,Mace
train,Mace/Mace640.jpg,,Mace
train,Mace/Mace7.jpg,,Mace
train,Mace/Mace481.jpg,,Mace
train,Mace/Mace490.jpg,,Mace
train,Mace/Mace25.jpg,,Mace
train,Mace/Mace757.jpg,,Mace
train,Mace/Mace507.jpg,,Mace
train,Mace/Mace482.jpg,,Mace
train,Mace/Mace789.jpg,,Mace
train,Mace/Mace298.jpg,,Mace
train,Mace/Mace798.jpg,,Mace
train,Mace/Mace88.jpg,,Mace
train,Mace/Mace679.jpg,,Mace
train,Mace/Mace91.jpg,,Mace
train,Mace/Mace422.jpg,,Mace
train,Mace/Mace83.jpg,,Mace
train,Mace/Mace823.jpg,,Mace
train,Mace/Mace11.jpg,,Mace
train,Mace/Mace835.jpg,,Mace
train,Mace/Mace455.jpg,,Mace
train,Mace/Mace734.jpg,,Mace
train,Mace/Mace493.jpg,,Mace
train,Mace/Mace727.jpg,,Mace
train,Mace/Mace466.jpg,,Mace
train,Mace/Mace431.jpg,,Mace
train,Mace/Mace150.jpg,,Mace
train,Mace/Mace570.jpg,,Mace
train,Mace/Mace657.jpg,,Mace
train,Mace/Mace655.jpg,,Mace
train,Mace/Mace392.jpg,,Mace
train,Mace/Mace551.jpg,,Mace
train,Mace/Mace687.jpg,,Mace
train,Mace/Mace462.jpg,,Mace
train,Mace/Mace571.jpg,,Mace
train,Mace/Mace811.jpg,,Mace
train,Mace/Mace692.jpg,,Mace
train,Mace/Mace596.jpg,,Mace
train,Mace/Mace176.jpg,,Mace
train,Mace/Mace797.jpg,,Mace
train,Mace/Mace28.jpg,,Mace
train,Mace/Mace355.jpg,,Mace
train,Mace/Mace303.jpg,,Mace
train,Mace/Mace826.jpg,,Mace
train,Mace/Mace637.jpg,,Mace
train,Mace/Mace279.jpg,,Mace
train,Mace/Mace66.jpg,,Mace
train,Mace/Mace15.jpg,,Mace
train,Mace/Mace773.jpg,,Mace
train,Mace/Mace184.jpg,,Mace
train,Mace/Mace428.jpg,,Mace
train,Mace/Mace51.jpg,,Mace
train,Mace/Mace301.jpg,,Mace
train,Mace/Mace669.jpg,,Mace
train,Mace/Mace47.jpg,,Mace
train,Mace/Mace816.jpg,,Mace
train,Mace/Mace383.jpg,,Mace
train,Mace/Mace740.jpg,,Mace
train,Mace/Mace607.jpg,,Mace
train,Mace/Mace227.jpg,,Mace
train,Mace/Mace95.jpg,,Mace
train,Mace/Mace540.jpg,,Mace
train,Mace/Mace202.jpg,,Mace
train,Mace/Mace410.jpg,,Mace
train,Mace/Mace506.jpg,,Mace
train,Mace/Mace62.jpg,,Mace
train,Mace/Mace234.jpg,,Mace
train,Mace/Mace628.jpg,,Mace
train,Mace/Mace366.jpg,,Mace
train,Mace/Mace791.jpg,,Mace
train,Mace/Mace371.jpg,,Mace
train,Mace/Mace696.jpg,,Mace
train,Mace/Mace404.jpg,,Mace
train,Mace/Mace567.jpg,,Mace
train,Mace/Mace602.jpg,,Mace
train,Mace/Mace102.jpg,,Mace
val,Mace/Mace242.jpg,,Mace
val,Mace/Mace394.jpg,,Mace
val,Mace/Mace521.jpg,,Mace
val,Mace/Mace232.jpg,,Mace
val,Mace/Mace56.jpg,,Mace
val,Mace/Mace472.jpg,,Mace
val,Mace/Mace121.jpg,,Mace
val,Mace/Mace210.jpg,,Mace
val,Mace/Mace377.jpg,,Mace
val,Mace/Mace591.jpg,,Mace
val,Mace/Mace249.jpg,,Mace
val,Mace/Mace850.jpg,,Mace
val,Mace/Mace512.jpg,,Mace
val,Mace/Mace830.jpg,,Mace
val,Mace/Mace755.jpg,,Mace
val,Mace/Mace416.jpg,,Mace
val,Mace/Mace739.jpg,,Mace
val,Mace/Mace770.jpg,,Mace
val,Mace/Mace130.jpg,,Mace
val,Mace/Mace617.jpg,,Mace
val,Mace/Mace289.jpg,,Mace
val,Mace/Mace269.jpg,,Mace
val,Mace/Mace44.jpg,,Mace
val,Mace/Mace760.jpg,,Mace
val,Mace/Mace505.jpg,,Mace
val,Mace/Mace215.jpg,,Mace
val,Mace/Mace629.jpg,,Mace
val,Mace/Mace391.jpg,,Mace
val,Mace/Mace137.jpg,,Mace
val,Mace/Mace206.jpg,,Mace
val,Mace/Mace318.jpg,,Mace
val,Mace/Mace248.jpg,,Mace
val,Mace/Mace240.jpg,,Mace
val,Mace/Mace713.jpg,,Mace
val,Mace/Mace815.jpg,,Mace
val,Mace/Mace92.jpg,,Mace
val,Mace/Mace267.jpg,,Mace
val,Mace/Mace362.jpg,,Mace
val,Mace/Mace593.jpg,,Mace
val,Mace/Mace247.jpg,,Mace
val,Mace/Mace96.jpg,,Mace
val,Mace/Mace252.jpg,,Mace
val,Mace/Mace519.jpg,,Mace
val,Mace/Mace361.jpg,,Mace
val,Mace/Mace838.jpg,,Mace
val,Mace/Mace801.jpg,,Mace
val,Mace/Mace142.jpg,,Mace
val,Mace/Mace808.jpg,,Mace
val,Mace/Mace441.jpg,,Mace
val,Mace/Mace545.jpg,,Mace
val,Mace/Mace308.jpg,,Mace
val,Mace/Mace339.jpg,,Mace
val,Mace/Mace257.jpg,,Mace
val,Mace/Mace381.jpg,,Mace
val,Mace/Mace792.jpg,,Mace
val,Mace/Mace621.jpg,,Mace
val,Mace/Mace38.jpg,,Mace
val,Mace/Mace86.jpg,,Mace
val,Mace/Mace509.jpg,,Mace
val,Mace/Mace604.jpg,,Mace
val,Mace/Mace588.jpg,,Mace
val,Mace/Mace802.jpg,,Mace
val,Mace/Mace712.jpg,,Mace
val,Mace/Mace646.jpg,,Mace
val,Mace/Mace828.jpg,,Mace
val,Mace/Mace40.jpg,,Mace
val,Mace/Mace695.jpg,,Mace
val,Mace/Mace703.jpg,,Mace
val,Mace/Mace415.jpg,,Mace
val,Mace/Mace632.jpg,,Mace
val,Mace/Mace479.jpg,,Mace
val,Mace/Mace408.jpg,,Mace
val,Mace/Mace787.jpg,,Mace
val,Mace/Mace579.jpg,,Mace
val,Mace/Mace312.jpg,,Mace
val,Mace/Mace119.jpg,,Mace
val,Mace/Mace831.jpg,,Mace
val,Mace/Mace273.jpg,,Mace
val,Mace/Mace368.jpg,,Mace
val,Mace/Mace118.jpg,,Mace
val,Mace/Mace694.jpg,,Mace
val,Mace/Mace847.jpg,,Mace
val,Mace/Mace508.jpg,,Mace
val,Mace/Mace487.jpg,,Mace
val,Mace/Mace419.jpg,,Mace
test,Mace/Mace536.jpg,,Mace
test,Mace/Mace220.jpg,,Mace
test,Mace/Mace599.jpg,,Mace
test,Mace/Mace728.jpg,,Mace
test,Mace/Mace483.jpg,,Mace
test,Mace/Mace37.jpg,,Mace
test,Mace/Mace12.jpg,,Mace
test,Mace/Mace678.jpg,,Mace
test,Mace/Mace58.jpg,,Mace
test,Mace/Mace854.jpg,,Mace
test,Mace/Mace238.jpg,,Mace
test,Mace/Mace557.jpg,,Mace
test,Mace/Mace235.jpg,,Mace
test,Mace/Mace741.jpg,,Mace
test,Mace/Mace201.jpg,,Mace
test,Mace/Mace353.jpg,,Mace
test,Mace/Mace250.jpg,,Mace
test,Mace/Mace2.jpg,,Mace
test,Mace/Mace17.jpg,,Mace
test,Mace/Mace365.jpg,,Mace
test,Mace/Mace264.jpg,,Mace
test,Mace/Mace46.jpg,,Mace
test,Mace/Mace173.jpg,,Mace
test,Mace/Mace18.jpg,,Mace
test,Mace/Mace520.jpg,,Mace
test,Mace/Mace272.jpg,,Mace
test,Mace/Mace16.jpg,,Mace
test,Mace/Mace738.jpg,,Mace
test,Mace/Mace72.jpg,,Mace
test,Mace/Mace438.jpg,,Mace
test,Mace/Mace671.jpg,,Mace
test,Mace/Mace515.jpg,,Mace
test,Mace/Mace369.jpg,,Mace
test,Mace/Mace590.jpg,,Mace
test,Mace/Mace724.jpg,,Mace
test,Mace/Mace59.jpg,,Mace
test,Mace/Mace87.jpg,,Mace
test,Mace/Mace532.jpg,,Mace
test,Mace/Mace211.jpg,,Mace
test,Mace/Mace585.jpg,,Mace
test,Mace/Mace561.jpg,,Mace
test,Mace/Mace547.jpg,,Mace
test,Mace/Mace516.jpg,,Mace
test,Mace/Mace417.jpg,,Mace
test,Mace/Mace442.jpg,,Mace
test,Mace/Mace157.jpg,,Mace
test,Mace/Mace149.jpg,,Mace
test,Mace/Mace354.jpg,,Mace
test,Mace/Mace49.jpg,,Mace
test,Mace/Mace726.jpg,,Mace
test,Mace/Mace563.jpg,,Mace
test,Mace/Mace345.jpg,,Mace
test,Mace/Mace424.jpg,,Mace
test,Mace/Mace395.jpg,,Mace
test,Mace/Mace306.jpg,,Mace
test,Mace/Mace800.jpg,,Mace
test,Mace/Mace786.jpg,,Mace
test,Mace/Mace794.jpg,,Mace
test,Mace/Mace292.jpg,,Mace
test,Mace/Mace747.jpg,,Mace
test,Mace/Mace634.jpg,,Mace
test,Mace/Mace793.jpg,,Mace
test,Mace/Mace78.jpg,,Mace
test,Mace/Mace54.jpg,,Mace
test,Mace/Mace698.jpg,,Mace
test,Mace/Mace203.jpg,,Mace
test,Mace/Mace597.jpg,,Mace
test,Mace/Mace319.jpg,,Mace
test,Mace/Mace407.jpg,,Mace
test,Mace/Mace226.jpg,,Mace
test,Mace/Mace288.jpg,,Mace
test,Mace/Mace812.jpg,,Mace
test,Mace/Mace753.jpg,,Mace
test,Mace/Mace616.jpg,,Mace
test,Mace/Mace160.jpg,,Mace
test,Mace/Mace749.jpg,,Mace
test,Mace/Mace614.jpg,,Mace
test,Mace/Mace697.jpg,,Mace
test,Mace/Mace260.jpg,,Mace
test,Mace/Mace437.jpg,,Mace
test,Mace/Mace98.jpg,,Mace
test,Mace/Mace136.jpg,,Mace
test,Mace/Mace67.jpg,,Mace
test,Mace/Mace528.jpg,,Mace
test,Mace/Mace436.jpg,,Mace
test,Mace/Mace452.jpg,,Mace
train,Nutmeg/Nutmeg167.jpg,,Nutmeg
train,Nutmeg/Nutmeg60.jpg,,Nutmeg
train,Nutmeg/Nutmeg178.jpg,,Nutmeg
train,Nutmeg/Nutmeg168.jpg,,Nutmeg
train,Nutmeg/Nutmeg106.jpg,,Nutmeg
train,Nutmeg/Nutmeg121.jpg,,Nutmeg
train,Nutmeg/Nutmeg286.jpg,,Nutmeg
train,Nutmeg/Nutmeg154.jpg,,Nutmeg
train,Nutmeg/Nutmeg49.jpg,,Nutmeg
train,Nutmeg/Nutmeg251.jpg,,Nutmeg
train,Nutmeg/Nutmeg295.jpg,,Nutmeg
train,Nutmeg/Nutmeg299.jpg,,Nutmeg
train,Nutmeg/Nutmeg161.jpg,,Nutmeg
train,Nutmeg/Nutmeg327.jpg,,Nutmeg
train,Nutmeg/Nutmeg214.jpg,,Nutmeg
train,Nutmeg/Nutmeg229.jpg,,Nutmeg
train,Nutmeg/Nutmeg134.jpg,,Nutmeg
train,Nutmeg/Nutmeg99.jpg,,Nutmeg
train,Nutmeg/Nutmeg323.jpg,,Nutmeg
train,Nutmeg/Nutmeg210.jpg,,Nutmeg
train,Nutmeg/Nutmeg320.jpg,,Nutmeg
train,Nutmeg/Nutmeg272.jpg,,Nutmeg
train,Nutmeg/Nutmeg98.jpg,,Nutmeg
train,Nutmeg/Nutmeg169.jpg,,Nutmeg
train,Nutmeg/Nutmeg256.jpg,,Nutmeg
train,Nutmeg/Nutmeg147.jpg,,Nutmeg
train,Nutmeg/Nutmeg21.jpg,,Nutmeg
train,Nutmeg/Nutmeg192.jpg,,Nutmeg
train,Nutmeg/Nutmeg74.jpg,,Nutmeg
train,Nutmeg/Nutmeg36.jpg,,Nutmeg
train,Nutmeg/Nutmeg175.jpg,,Nutmeg
train,Nutmeg/Nutmeg255.jpg,,Nutmeg
train,Nutmeg/Nutmeg220.jpg,,Nutmeg
train,Nutmeg/Nutmeg244.jpg,,Nutmeg
train,Nutmeg/Nutmeg330.jpg,,Nutmeg
train,Nutmeg/Nutmeg217.jpg,,Nutmeg
train,Nutmeg/Nutmeg27.jpg,,Nutmeg
train,Nutmeg/Nutmeg162.jpg,,Nutmeg
train,Nutmeg/Nutmeg45.jpg,,Nutmeg
train,Nutmeg/Nutmeg62.jpg,,Nutmeg
train,Nutmeg/Nutmeg143.jpg,,Nutmeg
train,Nutmeg/Nutmeg58.jpg,,Nutmeg
train,Nutmeg/Nutmeg137.jpg,,Nutmeg
train,Nutmeg/Nutmeg181.jpg,,Nutmeg
train,Nutmeg/Nutmeg48.jpg,,Nutmeg
train,Nutmeg/Nutmeg128.jpg,,Nutmeg
train,Nutmeg/Nutmeg87.jpg,,Nutmeg
train,Nutmeg/Nutmeg312.jpg,,Nutmeg
train,Nutmeg/Nutmeg282.jpg,,Nutmeg
train,Nutmeg/Nutmeg274.jpg,,Nutmeg
train,Nutmeg/Nutmeg26.jpg,,Nutmeg
train,Nutmeg/Nutmeg228.jpg,,Nutmeg
train,Nutmeg/Nutmeg223.jpg,,Nutmeg
train,Nutmeg/Nutmeg107.jpg,,Nutmeg
train,Nutmeg/Nutmeg183.jpg,,Nutmeg
train,Nutmeg/Nutmeg226.jpg,,Nutmeg
train,Nutmeg/Nutmeg239.jpg,,Nutmeg
train,Nutmeg/Nutmeg42.jpg,,Nutmeg
train,Nutmeg/Nutmeg297.jpg,,Nutmeg
train,Nutmeg/Nutmeg127.jpg,,Nutmeg
train,Nutmeg/Nutmeg233.jpg,,Nutmeg
train,Nutmeg/Nutmeg14.jpg,,Nutmeg
train,Nutmeg/Nutmeg277.jpg,,Nutmeg
train,Nutmeg/Nutmeg211.jpg,,Nutmeg
train,Nutmeg/Nutmeg34.jpg,,Nutmeg
train,Nutmeg/Nutmeg185.jpg,,Nutmeg
train,Nutmeg/Nutmeg189.jpg,,Nutmeg
train,Nutmeg/Nutmeg61.jpg,,Nutmeg
train,Nutmeg/Nutmeg224.jpg,,Nutmeg
train,Nutmeg/Nutmeg117.jpg,,Nutmeg
train,Nutmeg/Nutmeg179.jpg,,Nutmeg
train,Nutmeg/Nutmeg315.jpg,,Nutmeg
train,Nutmeg/Nutmeg59.jpg,,Nutmeg
train,Nutmeg/Nutmeg12.jpg,,Nutmeg
train,Nutmeg/Nutmeg125.jpg,,Nutmeg
train,Nutmeg/Nutmeg92.jpg,,Nutmeg
train,Nutmeg/Nutmeg304.jpg,,Nutmeg
train,Nutmeg/Nutmeg221.jpg,,Nutmeg
train,Nutmeg/Nutmeg104.jpg,,Nutmeg
train,Nutmeg/Nutmeg15.jpg,,Nutmeg
train,Nutmeg/Nutmeg232.jpg,,Nutmeg
train,Nutmeg/Nutmeg116.jpg,,Nutmeg
train,Nutmeg/Nutmeg63.jpg,,Nutmeg
train,Nutmeg/Nutmeg177.jpg,,Nutmeg
train,Nutmeg/Nutmeg20.jpg,,Nutmeg
train,Nutmeg/Nutmeg182.jpg,,Nutmeg
train,Nutmeg/Nutmeg47.jpg,,Nutmeg
train,Nutmeg/Nutmeg268.jpg,,Nutmeg
train,Nutmeg/Nutmeg72.jpg,,Nutmeg
train,Nutmeg/Nutmeg321.jpg,,Nutmeg
train,Nutmeg/Nutmeg89.jpg,,Nutmeg
train,Nutmeg/Nutmeg131.jpg,,Nutmeg
train,Nutmeg/Nutmeg83.jpg,,Nutmeg
train,Nutmeg/Nutmeg270.jpg,,Nutmeg
train,Nutmeg/Nutmeg130.jpg,,Nutmeg
train,Nutmeg/Nutmeg305.jpg,,Nutmeg
train,Nutmeg/Nutmeg242.jpg,,Nutmeg
train,Nutmeg/Nutmeg259.jpg,,Nutmeg
train,Nutmeg/Nutmeg306.jpg,,Nutmeg
train,Nutmeg/Nutmeg331.jpg,,Nutmeg
train,Nutmeg/Nutmeg200.jpg,,Nutmeg
train,Nutmeg/Nutmeg222.jpg,,Nutmeg
train,Nutmeg/Nutmeg5.jpg,,Nutmeg
train,Nutmeg/Nutmeg246.jpg,,Nutmeg
train,Nutmeg/Nutmeg57.jpg,,Nutmeg
train,Nutmeg/Nutmeg317.jpg,,Nutmeg
train,Nutmeg/Nutmeg68.jpg,,Nutmeg
train,Nutmeg/Nutmeg206.jpg,,Nutmeg
train,Nutmeg/Nutmeg152.jpg,,Nutmeg
train,Nutmeg/Nutmeg264.jpg,,Nutmeg
train,Nutmeg/Nutmeg234.jpg,,Nutmeg
train,Nutmeg/Nutmeg250.jpg,,Nutmeg
train,Nutmeg/Nutmeg32.jpg,,Nutmeg
train,Nutmeg/Nutmeg311.jpg,,Nutmeg
train,Nutmeg/Nutmeg64.jpg,,Nutmeg
train,Nutmeg/Nutmeg56.jpg,,Nutmeg
train,Nutmeg/Nutmeg309.jpg,,Nutmeg
train,Nutmeg/Nutmeg163.jpg,,Nutmeg
train,Nutmeg/Nutmeg201.jpg,,Nutmeg
train,Nutmeg/Nutmeg113.jpg,,Nutmeg
train,Nutmeg/Nutmeg141.jpg,,Nutmeg
train,Nutmeg/Nutmeg39.jpg,,Nutmeg
train,Nutmeg/Nutmeg313.jpg,,Nutmeg
train,Nutmeg/Nutmeg267.jpg,,Nutmeg
train,Nutmeg/Nutmeg28.jpg,,Nutmeg
train,Nutmeg/Nutmeg170.jpg,,Nutmeg
train,Nutmeg/Nutmeg213.jpg,,Nutmeg
train,Nutmeg/Nutmeg157.jpg,,Nutmeg
train,Nutmeg/Nutmeg10.jpg,,Nutmeg
train,Nutmeg/Nutmeg109.jpg,,Nutmeg
train,Nutmeg/Nutmeg180.jpg,,Nutmeg
train,Nutmeg/Nutmeg314.jpg,,Nutmeg
train,Nutmeg/Nutmeg38.jpg,,Nutmeg
train,Nutmeg/Nutmeg176.jpg,,Nutmeg
train,Nutmeg/Nutmeg110.jpg,,Nutmeg
train,Nutmeg/Nutmeg112.jpg,,Nutmeg
train,Nutmeg/Nutmeg120.jpg,,Nutmeg
train,Nutmeg/Nutmeg115.jpg,,Nutmeg
train,Nutmeg/Nutmeg158.jpg,,Nutmeg
train,Nutmeg/Nutmeg197.jpg,,Nutmeg
train,Nutmeg/Nutmeg188.jpg,,Nutmeg
train,Nutmeg/Nutmeg93.jpg,,Nutmeg
train,Nutmeg/Nutmeg190.jpg,,Nutmeg
train,Nutmeg/Nutmeg4.jpg,,Nutmeg
train,Nutmeg/Nutmeg9.jpg,,Nutmeg
train,Nutmeg/Nutmeg67.jpg,,Nutmeg
train,Nutmeg/Nutmeg100.jpg,,Nutmeg
train,Nutmeg/Nutmeg291.jpg,,Nutmeg
train,Nutmeg/Nutmeg204.jpg,,Nutmeg
train,Nutmeg/Nutmeg265.jpg,,Nutmeg
train,Nutmeg/Nutmeg44.jpg,,Nutmeg
train,Nutmeg/Nutmeg329.jpg,,Nutmeg
train,Nutmeg/Nutmeg153.jpg,,Nutmeg
train,Nutmeg/Nutmeg310.jpg,,Nutmeg
train,Nutmeg/Nutmeg76.jpg,,Nutmeg
train,Nutmeg/Nutmeg105.jpg,,Nutmeg
train,Nutmeg/Nutmeg132.jpg,,Nutmeg
train,Nutmeg/Nutmeg193.jpg,,Nutmeg
train,Nutmeg/Nutmeg289.jpg,,Nutmeg
train,Nutmeg/Nutmeg52.jpg,,Nutmeg
train,Nutmeg/Nutmeg253.jpg,,Nutmeg
train,Nutmeg/Nutmeg35.jpg,,Nutmeg
train,Nutmeg/Nutmeg149.jpg,,Nutmeg
train,Nutmeg/Nutmeg50.jpg,,Nutmeg
train,Nutmeg/Nutmeg258.jpg,,Nutmeg
train,Nutmeg/Nutmeg199.jpg,,Nutmeg
train,Nutmeg/Nutmeg31.jpg,,Nutmeg
train,Nutmeg/Nutmeg187.jpg,,Nutmeg
train,Nutmeg/Nutmeg298.jpg,,Nutmeg
train,Nutmeg/Nutmeg94.jpg,,Nutmeg
train,Nutmeg/Nutmeg160.jpg,,Nutmeg
train,Nutmeg/Nutmeg142.jpg,,Nutmeg
train,Nutmeg/Nutmeg146.jpg,,Nutmeg
train,Nutmeg/Nutmeg285.jpg,,Nutmeg
train,Nutmeg/Nutmeg262.jpg,,Nutmeg
train,Nutmeg/Nutmeg78.jpg,,Nutmeg
train,Nutmeg/Nutmeg254.jpg,,Nutmeg
train,Nutmeg/Nutmeg203.jpg,,Nutmeg
train,Nutmeg/Nutmeg95.jpg,,Nutmeg
train,Nutmeg/Nutmeg22.jpg,,Nutmeg
train,Nutmeg/Nutmeg101.jpg,,Nutmeg
train,Nutmeg/Nutmeg126.jpg,,Nutmeg
train,Nutmeg/Nutmeg23.jpg,,Nutmeg
train,Nutmeg/Nutmeg273.jpg,,Nutmeg
train,Nutmeg/Nutmeg296.jpg,,Nutmeg
train,Nutmeg/Nutmeg6.jpg,,Nutmeg
train,Nutmeg/Nutmeg133.jpg,,Nutmeg
train,Nutmeg/Nutmeg3.jpg,,Nutmeg
train,Nutmeg/Nutmeg237.jpg,,Nutmeg
train,Nutmeg/Nutmeg91.jpg,,Nutmeg
train,Nutmeg/Nutmeg65.jpg,,Nutmeg
train,Nutmeg/Nutmeg324.jpg,,Nutmeg
train,Nutmeg/Nutmeg11.jpg,,Nutmeg
train,Nutmeg/Nutmeg138.jpg,,Nutmeg
train,Nutmeg/Nutmeg260.jpg,,Nutmeg
train,Nutmeg/Nutmeg16.jpg,,Nutmeg
train,Nutmeg/Nutmeg292.jpg,,Nutmeg
train,Nutmeg/Nutmeg205.jpg,,Nutmeg
train,Nutmeg/Nutmeg119.jpg,,Nutmeg
train,Nutmeg/Nutmeg151.jpg,,Nutmeg
train,Nutmeg/Nutmeg322.jpg,,Nutmeg
train,Nutmeg/Nutmeg24.jpg,,Nutmeg
train,Nutmeg/Nutmeg248.jpg,,Nutmeg
train,Nutmeg/Nutmeg77.jpg,,Nutmeg
train,Nutmeg/Nutmeg284.jpg,,Nutmeg
train,Nutmeg/Nutmeg103.jpg,,Nutmeg
train,Nutmeg/Nutmeg82.jpg,,Nutmeg
train,Nutmeg/Nutmeg230.jpg,,Nutmeg
train,Nutmeg/Nutmeg186.jpg,,Nutmeg
train,Nutmeg/Nutmeg19.jpg,,Nutmeg
train,Nutmeg/Nutmeg55.jpg,,Nutmeg
train,Nutmeg/Nutmeg33.jpg,,Nutmeg
train,Nutmeg/Nutmeg195.jpg,,Nutmeg
train,Nutmeg/Nutmeg319.jpg,,Nutmeg
train,Nutmeg/Nutmeg144.jpg,,Nutmeg
train,Nutmeg/Nutmeg164.jpg,,Nutmeg
train,Nutmeg/Nutmeg283.jpg,,Nutmeg
train,Nutmeg/Nutmeg174.jpg,,Nutmeg
train,Nutmeg/Nutmeg43.jpg,,Nutmeg
train,Nutmeg/Nutmeg235.jpg,,Nutmeg
train,Nutmeg/Nutmeg307.jpg,,Nutmeg
train,Nutmeg/Nutmeg139.jpg,,Nutmeg
train,Nutmeg/Nutmeg159.jpg,,Nutmeg
train,Nutmeg/Nutmeg326.jpg,,Nutmeg
train,Nutmeg/Nutmeg73.jpg,,Nutmeg
train,Nutmeg/Nutmeg30.jpg,,Nutmeg
train,Nutmeg/Nutmeg69.jpg,,Nutmeg
train,Nutmeg/Nutmeg202.jpg,,Nutmeg
train,Nutmeg/Nutmeg172.jpg,,Nutmeg
train,Nutmeg/Nutmeg328.jpg,,Nutmeg
train,Nutmeg/Nutmeg194.jpg,,Nutmeg
train,Nutmeg/Nutmeg257.jpg,,Nutmeg
train,Nutmeg/Nutmeg53.jpg,,Nutmeg
train,Nutmeg/Nutmeg41.jpg,,Nutmeg
train,Nutmeg/Nutmeg37.jpg,,Nutmeg
train,Nutmeg/Nutmeg275.jpg,,Nutmeg
train,Nutmeg/Nutmeg249.jpg,,Nutmeg
train,Nutmeg/Nutmeg290.jpg,,Nutmeg
train,Nutmeg/Nutmeg66.jpg,,Nutmeg
train,Nutmeg/Nutmeg263.jpg,,Nutmeg
train,Nutmeg/Nutmeg218.jpg,,Nutmeg
train,Nutmeg/Nutmeg156.jpg,,Nutmeg
train,Nutmeg/Nutmeg135.jpg,,Nutmeg
train,Nutmeg/Nutmeg86.jpg,,Nutmeg
train,Nutmeg/Nutmeg118.jpg,,Nutmeg
train,Nutmeg/Nutmeg231.jpg,,Nutmeg
train,Nutmeg/Nutmeg171.jpg,,Nutmeg
train,Nutmeg/Nutmeg17.jpg,,Nutmeg
train,Nutmeg/Nutmeg243.jpg,,Nutmeg
train,Nutmeg/Nutmeg40.jpg,,Nutmeg
train,Nutmeg/Nutmeg191.jpg,,Nutmeg
train,Nutmeg/Nutmeg1.jpg,,Nutmeg
train,Nutmeg/Nutmeg13.jpg,,Nutmeg
train,Nutmeg/Nutmeg247.jpg,,Nutmeg
train,Nutmeg/Nutmeg281.jpg,,Nutmeg
train,Nutmeg/Nutmeg303.jpg,,Nutmeg
train,Nutmeg/Nutmeg184.jpg,,Nutmeg
train,Nutmeg/Nutmeg122.jpg,,Nutmeg
train,Nutmeg/Nutmeg111.jpg,,Nutmeg
train,Nutmeg/Nutmeg308.jpg,,Nutmeg
train,Nutmeg/Nutmeg25.jpg,,Nutmeg
train,Nutmeg/Nutmeg293.jpg,,Nutmeg
train,Nutmeg/Nutmeg261.jpg,,Nutmeg
train,Nutmeg/Nutmeg129.jpg,,Nutmeg
train,Nutmeg/Nutmeg332.jpg,,Nutmeg
val,Nutmeg/Nutmeg219.jpg,,Nutmeg
val,Nutmeg/Nutmeg80.jpg,,Nutmeg
val,Nutmeg/Nutmeg145.jpg,,Nutmeg
val,Nutmeg/Nutmeg8.jpg,,Nutmeg
val,Nutmeg/Nutmeg252.jpg,,Nutmeg
val,Nutmeg/Nutmeg29.jpg,,Nutmeg
val,Nutmeg/Nutmeg316.jpg,,Nutmeg
val,Nutmeg/Nutmeg85.jpg,,Nutmeg
val,Nutmeg/Nutmeg136.jpg,,Nutmeg
val,Nutmeg/Nutmeg90.jpg,,Nutmeg
val,Nutmeg/Nutmeg70.jpg,,Nutmeg
val,Nutmeg/Nutmeg287.jpg,,Nutmeg
val,Nutmeg/Nutmeg81.jpg,,Nutmeg
val,Nutmeg/Nutmeg300.jpg,,Nutmeg
val,Nutmeg/Nutmeg173.jpg,,Nutmeg
val,Nutmeg/Nutmeg196.jpg,,Nutmeg
val,Nutmeg/Nutmeg236.jpg,,Nutmeg
val,Nutmeg/Nutmeg97.jpg,,Nutmeg
val,Nutmeg/Nutmeg140.jpg,,Nutmeg
val,Nutmeg/Nutmeg238.jpg,,Nutmeg
val,Nutmeg/Nutmeg88.jpg,,Nutmeg
val,Nutmeg/Nutmeg280.jpg,,Nutmeg
val,Nutmeg/Nutmeg102.jpg,,Nutmeg
val,Nutmeg/Nutmeg278.jpg,,Nutmeg
val,Nutmeg/Nutmeg302.jpg,,Nutmeg
val,Nutmeg/Nutmeg208.jpg,,Nutmeg
val,Nutmeg/Nutmeg84.jpg,,Nutmeg
val,Nutmeg/Nutmeg155.jpg,,Nutmeg
val,Nutmeg/Nutmeg75.jpg,,Nutmeg
val,Nutmeg/Nutmeg241.jpg,,Nutmeg
val,Nutmeg/Nutmeg276.jpg,,Nutmeg
val,Nutmeg/Nutmeg54.jpg,,Nutmeg
val,Nutmeg/Nutmeg215.jpg,,Nutmeg
test,Nutmeg/Nutmeg209.jpg,,Nutmeg
test,Nutmeg/Nutmeg123.jpg,,Nutmeg
test,Nutmeg/Nutmeg114.jpg,,Nutmeg
test,Nutmeg/Nutmeg108.jpg,,Nutmeg
test,Nutmeg/Nutmeg240.jpg,,Nutmeg
test,Nutmeg/Nutmeg269.jpg,,Nutmeg
test,Nutmeg/Nutmeg79.jpg,,Nutmeg
test,Nutmeg/Nutmeg266.jpg,,Nutmeg
test,Nutmeg/Nutmeg166.jpg,,Nutmeg
test,Nutmeg/Nutmeg227.jpg,,Nutmeg
test,Nutmeg/Nutmeg212.jpg,,Nutmeg
test,Nutmeg/Nutmeg318.jpg,,Nutmeg
test,Nutmeg/Nutmeg96.jpg,,Nutmeg
test,Nutmeg/Nutmeg51.jpg,,Nutmeg
test,Nutmeg/Nutmeg245.jpg,,Nutmeg
test,Nutmeg/Nutmeg150.jpg,,Nutmeg
test,Nutmeg/Nutmeg271.jpg,,Nutmeg
test,Nutmeg/Nutmeg46.jpg,,Nutmeg
test,Nutmeg/Nutmeg325.jpg,,Nutmeg
test,Nutmeg/Nutmeg124.jpg,,Nutmeg
test,Nutmeg/Nutmeg71.jpg,,Nutmeg
test,Nutmeg/Nutmeg216.jpg,,Nutmeg
test,Nutmeg/Nutmeg288.jpg,,Nutmeg
test,Nutmeg/Nutmeg301.jpg,,Nutmeg
test,Nutmeg/Nutmeg225.jpg,,Nutmeg
test,Nutmeg/Nutmeg198.jpg,,Nutmeg
test,Nutmeg/Nutmeg18.jpg,,Nutmeg
test,Nutmeg/Nutmeg148.jpg,,Nutmeg
test,Nutmeg/Nutmeg165.jpg,,Nutmeg
test,Nutmeg/Nutmeg2.jpg,,Nutmeg
test,Nutmeg/Nutmeg294.jpg,,Nutmeg
test,Nutmeg/Nutmeg207.jpg,,Nutmeg
test,Nutmeg/Nutmeg279.jpg,,Nutmeg
test,Nutmeg/Nutmeg7.jpg,,Nutmeg
train,Poppy Seeds/PoppySeeds346.jpg,,Poppy Seeds
train,Poppy Seeds/PoppySeeds357.jpg,,Poppy Seeds
train,Poppy Seeds/PoppySeeds203.jpg,,Poppy Seeds
train,Poppy Seeds/PoppySeeds159.jpg,,Poppy Seeds
train,Poppy Seeds/PoppySeeds10.jpg,,Poppy Seeds
train,Poppy Seeds/PoppySeeds139.jpg,,Poppy Seeds
train,Poppy Seeds/PoppySeeds370.jpg,,Poppy Seeds
train,Poppy Seeds/PoppySeeds93.jpg,,Poppy Seeds
train,Poppy Seeds/PoppySeeds69.jpg,,Poppy Seeds
train,Poppy Seeds/PoppySeeds196.jpg,,Poppy Seeds
train,Poppy Seeds/PoppySeeds305.jpg,,Poppy Seeds
train,Poppy Seeds/PoppySeeds180.jpg,,Poppy Seeds
train,Poppy Seeds/PoppySeeds53.jpg,,Poppy Seeds
train,Poppy Seeds/PoppySeeds173.jpg,,Poppy Seeds
train,Poppy Seeds/PoppySeeds292.jpg,,Poppy Seeds
train,Poppy Seeds/PoppySeeds37.jpg,,Poppy Seeds
train,Poppy Seeds/PoppySeeds373.jpg,,Poppy Seeds
train,Poppy Seeds/PoppySeeds234.jpg,,Poppy Seeds
train,Poppy Seeds/PoppySeeds331.jpg,,Poppy Seeds
train,Poppy Seeds/PoppySeeds194.jpg,,Poppy Seeds
train,Poppy Seeds/PoppySeeds192.jpg,,Poppy Seeds
train,Poppy Seeds/PoppySeeds127.jpg,,Poppy Seeds
train,Poppy Seeds/PoppySeeds144.jpg,,Poppy Seeds
train,Poppy Seeds/PoppySeeds109.jpg,,Poppy Seeds
train,Poppy Seeds/PoppySeeds161.jpg,,Poppy Seeds
train,Poppy Seeds/PoppySeeds25.jpg,,Poppy Seeds
train,Poppy Seeds/PoppySeeds57.jpg,,Poppy Seeds
train,Poppy Seeds/PoppySeeds130.jpg,,Poppy Seeds
train,Poppy Seeds/PoppySeeds48.jpg,,Poppy Seeds
train,Poppy Seeds/PoppySeeds187.jpg,,Poppy Seeds
train,Poppy Seeds/PoppySeeds68.jpg,,Poppy Seeds
train,Poppy Seeds/PoppySeeds123.jpg,,Poppy Seeds
train,Poppy Seeds/PoppySeeds150.jpg,,Poppy Seeds
train,Poppy Seeds/PoppySeeds188.jpg,,Poppy Seeds
train,Poppy Seeds/PoppySeeds92.jpg,,Poppy Seeds
train,Poppy Seeds/PoppySeeds219.jpg,,Poppy Seeds
train,Poppy Seeds/PoppySeeds352.jpg,,Poppy Seeds
train,Poppy Seeds/PoppySeeds290.jpg,,Poppy Seeds
train,Poppy Seeds/PoppySeeds374.jpg,,Poppy Seeds
train,Poppy Seeds/PoppySeeds54.jpg,,Poppy Seeds
train,Poppy Seeds/PoppySeeds153.jpg,,Poppy Seeds
train,Poppy Seeds/PoppySeeds114.jpg,,Poppy Seeds
train,Poppy Seeds/PoppySeeds221.jpg,,Poppy Seeds
train,Poppy Seeds/PoppySeeds83.jpg,,Poppy Seeds
train,Poppy Seeds/PoppySeeds31.jpg,,Poppy Seeds
train,Poppy Seeds/PoppySeeds115.jpg,,Poppy Seeds
train,Poppy Seeds/PoppySeeds227.jpg,,Poppy Seeds
train,Poppy Seeds/PoppySeeds274.jpg,,Poppy Seeds
train,Poppy Seeds/PoppySeeds378.jpg,,Poppy Seeds
train,Poppy Seeds/PoppySeeds1.jpg,,Poppy Seeds
train,Poppy Seeds/PoppySeeds271.jpg,,Poppy Seeds
train,Poppy Seeds/PoppySeeds230.jpg,,Poppy Seeds
train,Poppy Seeds/PoppySeeds162.jpg,,Poppy Seeds
train,Poppy Seeds/PoppySeeds4.jpg,,Poppy Seeds
train,Poppy Seeds/PoppySeeds267.jpg,,Poppy Seeds
train,Poppy Seeds/PoppySeeds338.jpg,,Poppy Seeds
train,Poppy Seeds/PoppySeeds105.jpg,,Poppy Seeds
train,Poppy Seeds/PoppySeeds78.jpg,,Poppy Seeds
train,Poppy Seeds/PoppySeeds146.jpg,,Poppy Seeds
train,Poppy Seeds/PoppySeeds242.jpg,,Poppy Seeds
train,Poppy Seeds/PoppySeeds350.jpg,,Poppy Seeds
train,Poppy Seeds/PoppySeeds252.jpg,,Poppy Seeds
train,Poppy Seeds/PoppySeeds343.jpg,,Poppy Seeds
train,Poppy Seeds/PoppySeeds339.jpg,,Poppy Seeds
train,Poppy Seeds/PoppySeeds204.jpg,,Poppy Seeds
train,Poppy Seeds/PoppySeeds257.jpg,,Poppy Seeds
train,Poppy Seeds/PoppySeeds172.jpg,,Poppy Seeds
train,Poppy Seeds/PoppySeeds329.jpg,,Poppy Seeds
train,Poppy Seeds/PoppySeeds22.jpg,,Poppy Seeds
train,Poppy Seeds/PoppySeeds77.jpg,,Poppy Seeds
train,Poppy Seeds/PoppySeeds251.jpg,,Poppy Seeds
train,Poppy Seeds/PoppySeeds186.jpg,,Poppy Seeds
train,Poppy Seeds/PoppySeeds118.jpg,,Poppy Seeds
train,Poppy Seeds/PoppySeeds175.jpg,,Poppy Seeds
train,Poppy Seeds/PoppySeeds193.jpg,,Poppy Seeds
train,Poppy Seeds/PoppySeeds18.jpg,,Poppy Seeds
train,Poppy Seeds/PoppySeeds96.jpg,,Poppy Seeds
train,Poppy Seeds/PoppySeeds76.jpg,,Poppy Seeds
train,Poppy Seeds/PoppySeeds81.jpg,,Poppy Seeds
train,Poppy Seeds/PoppySeeds247.jpg,,Poppy Seeds
train,Poppy Seeds/PoppySeeds355.jpg,,Poppy Seeds
train,Poppy Seeds/PoppySeeds225.jpg,,Poppy Seeds
train,Poppy Seeds/PoppySeeds228.jpg,,Poppy Seeds
train,Poppy Seeds/PoppySeeds268.jpg,,Poppy Seeds
train,Poppy Seeds/PoppySeeds86.jpg,,Poppy Seeds
train,Poppy Seeds/PoppySeeds70.jpg,,Poppy Seeds
train,Poppy Seeds/PoppySeeds116.jpg,,Poppy Seeds
train,Poppy Seeds/PoppySeeds309.jpg,,Poppy Seeds
train,Poppy Seeds/PoppySeeds342.jpg,,Poppy Seeds
train,Poppy Seeds/PoppySeeds273.jpg,,Poppy Seeds
train,Poppy Seeds/PoppySeeds245.jpg,,Poppy Seeds
train,Poppy Seeds/PoppySeeds223.jpg,,Poppy Seeds
train,Poppy Seeds/PoppySeeds198.jpg,,Poppy Seeds
train,Poppy Seeds/PoppySeeds239.jpg,,Poppy Seeds
train,Poppy Seeds/PoppySeeds345.jpg,,Poppy Seeds
train,Poppy Seeds/PoppySeeds67.jpg,,Poppy Seeds
train,Poppy Seeds/PoppySeeds95.jpg,,Poppy Seeds
train,Poppy Seeds/PoppySeeds62.jpg,,Poppy Seeds
train,Poppy Seeds/PoppySeeds42.jpg,,Poppy Seeds
train,Poppy Seeds/PoppySeeds111.jpg,,Poppy Seeds
train,Poppy Seeds/PoppySeeds366.jpg,,Poppy Seeds
train,Poppy Seeds/PoppySeeds138.jpg,,Poppy Seeds
train,Poppy Seeds/PoppySeeds356.jpg,,Poppy Seeds
train,Poppy Seeds/PoppySeeds246.jpg,,Poppy Seeds
train,Poppy Seeds/PoppySeeds157.jpg,,Poppy Seeds
train,Poppy Seeds/PoppySeeds211.jpg,,Poppy Seeds
train,Poppy Seeds/PoppySeeds375.jpg,,Poppy Seeds
train,Poppy Seeds/PoppySeeds224.jpg,,Poppy Seeds
train,Poppy Seeds/PoppySeeds36.jpg,,Poppy Seeds
train,Poppy Seeds/PoppySeeds349.jpg,,Poppy Seeds
train,Poppy Seeds/PoppySeeds84.jpg,,Poppy Seeds
train,Poppy Seeds/PoppySeeds323.jpg,,Poppy Seeds
train,Poppy Seeds/PoppySeeds300.jpg,,Poppy Seeds
train,Poppy Seeds/PoppySeeds163.jpg,,Poppy Seeds
train,Poppy Seeds/PoppySeeds265.jpg,,Poppy Seeds
train,Poppy Seeds/PoppySeeds126.jpg,,Poppy Seeds
train,Poppy Seeds/PoppySeeds133.jpg,,Poppy Seeds
train,Poppy Seeds/PoppySeeds156.jpg,,Poppy Seeds
train,Poppy Seeds/PoppySeeds58.jpg,,Poppy Seeds
train,Poppy Seeds/PoppySeeds313.jpg,,Poppy Seeds
train,Poppy Seeds/PoppySeeds11.jpg,,Poppy Seeds
train,Poppy Seeds/PoppySeeds272.jpg,,Poppy Seeds
train,Poppy Seeds/PoppySeeds289.jpg,,Poppy Seeds
train,Poppy Seeds/PoppySeeds47.jpg,,Poppy Seeds
train,Poppy Seeds/PoppySeeds121.jpg,,Poppy Seeds
train,Poppy Seeds/PoppySeeds214.jpg,,Poppy Seeds
train,Poppy Seeds/PoppySeeds320.jpg,,Poppy Seeds
train,Poppy Seeds/PoppySeeds328.jpg,,Poppy Seeds
train,Poppy Seeds/PoppySeeds363.jpg,,Poppy Seeds
train,Poppy Seeds/PoppySeeds164.jpg,,Poppy Seeds
train,Poppy Seeds/PoppySeeds381.jpg,,Poppy Seeds
train,Poppy Seeds/PoppySeeds303.jpg,,Poppy Seeds
train,Poppy Seeds/PoppySeeds28.jpg,,Poppy Seeds
train,Poppy Seeds/PoppySeeds6.jpg,,Poppy Seeds
train,Poppy Seeds/PoppySeeds41.jpg,,Poppy Seeds
train,Poppy Seeds/PoppySeeds189.jpg,,Poppy Seeds
train,Poppy Seeds/PoppySeeds73.jpg,,Poppy Seeds
train,Poppy Seeds/PoppySeeds129.jpg,,Poppy Seeds
train,Poppy Seeds/PoppySeeds206.jpg,,Poppy Seeds
train,Poppy Seeds/PoppySeeds177.jpg,,Poppy Seeds
train,Poppy Seeds/PoppySeeds15.jpg,,Poppy Seeds
train,Poppy Seeds/PoppySeeds360.jpg,,Poppy Seeds
train,Poppy Seeds/PoppySeeds301.jpg,,Poppy Seeds
train,Poppy Seeds/PoppySeeds20.jpg,,Poppy Seeds
train,Poppy Seeds/PoppySeeds259.jpg,,Poppy Seeds
train,Poppy Seeds/PoppySeeds276.jpg,,Poppy Seeds
train,Poppy Seeds/PoppySeeds66.jpg,,Poppy Seeds
train,Poppy Seeds/PoppySeeds165.jpg,,Poppy Seeds
train,Poppy Seeds/PoppySeeds358.jpg,,Poppy Seeds
train,Poppy Seeds/PoppySeeds90.jpg,,Poppy Seeds
train,Poppy Seeds/PoppySeeds364.jpg,,Poppy Seeds
train,Poppy Seeds/PoppySeeds43.jpg,,Poppy Seeds
train,Poppy Seeds/PoppySeeds179.jpg,,Poppy Seeds
train,Poppy Seeds/PoppySeeds279.jpg,,Poppy Seeds
train,Poppy Seeds/PoppySeeds282.jpg,,Poppy Seeds
train,Poppy Seeds/PoppySeeds8.jpg,,Poppy Seeds
train,Poppy Seeds/PoppySeeds261.jpg,,Poppy Seeds
train,Poppy Seeds/PoppySeeds160.jpg,,Poppy Seeds
train,Poppy Seeds/PoppySeeds113.jpg,,Poppy Seeds
train,Poppy Seeds/PoppySeeds315.jpg,,Poppy Seeds
train,Poppy Seeds/PoppySeeds171.jpg,,Poppy Seeds
train,Poppy Seeds/PoppySeeds231.jpg,,Poppy Seeds
train,Poppy Seeds/PoppySeeds371.jpg,,Poppy Seeds
train,Poppy Seeds/PoppySeeds61.jpg,,Poppy Seeds
train,Poppy Seeds/PoppySeeds344.jpg,,Poppy Seeds
train,Poppy Seeds/PoppySeeds112.jpg,,Poppy Seeds
train,Poppy Seeds/PoppySeeds333.jpg,,Poppy Seeds
train,Poppy Seeds/PoppySeeds253.jpg,,Poppy Seeds
train,Poppy Seeds/PoppySeeds24.jpg,,Poppy Seeds
train,Poppy Seeds/PoppySeeds372.jpg,,Poppy Seeds
train,Poppy Seeds/PoppySeeds217.jpg,,Poppy Seeds
train,Poppy Seeds/PoppySeeds255.jpg,,Poppy Seeds
train,Poppy Seeds/PoppySeeds63.jpg,,Poppy Seeds
train,Poppy Seeds/PoppySeeds288.jpg,,Poppy Seeds
train,Poppy Seeds/PoppySeeds336.jpg,,Poppy Seeds
train,Poppy Seeds/PoppySeeds166.jpg,,Poppy Seeds
train,Poppy Seeds/PoppySeeds226.jpg,,Poppy Seeds
train,Poppy Seeds/PoppySeeds348.jpg,,Poppy Seeds
train,Poppy Seeds/PoppySeeds383.jpg,,Poppy Seeds
train,Poppy Seeds/PoppySeeds212.jpg,,Poppy Seeds
train,Poppy Seeds/PoppySeeds82.jpg,,Poppy Seeds
train,Poppy Seeds/PoppySeeds199.jpg,,Poppy Seeds
train,Poppy Seeds/PoppySeeds263.jpg,,Poppy Seeds
train,Poppy Seeds/PoppySeeds244.jpg,,Poppy Seeds
train,Poppy Seeds/PoppySeeds122.jpg,,Poppy Seeds
train,Poppy Seeds/PoppySeeds367.jpg,,Poppy Seeds
train,Poppy Seeds/PoppySeeds176.jpg,,Poppy Seeds
train,Poppy Seeds/PoppySeeds110.jpg,,Poppy Seeds
train,Poppy Seeds/PoppySeeds19.jpg,,Poppy Seeds
train,Poppy Seeds/PoppySeeds79.jpg,,Poppy Seeds
train,Poppy Seeds/PoppySeeds167.jpg,,Poppy Seeds
train,Poppy Seeds/PoppySeeds145.jpg,,Poppy Seeds
train,Poppy Seeds/PoppySeeds155.jpg,,Poppy Seeds
train,Poppy Seeds/PoppySeeds233.jpg,,Poppy Seeds
train,Poppy Seeds/PoppySeeds202.jpg,,Poppy Seeds
train,Poppy Seeds/PoppySeeds85.jpg,,Poppy Seeds
train,Poppy Seeds/PoppySeeds207.jpg,,Poppy Seeds
train,Poppy Seeds/PoppySeeds322.jpg,,Poppy Seeds
train,Poppy Seeds/PoppySeeds200.jpg,,Poppy Seeds
train,Poppy Seeds/PoppySeeds260.jpg,,Poppy Seeds
train,Poppy Seeds/PoppySeeds27.jpg,,Poppy Seeds
train,Poppy Seeds/PoppySeeds369.jpg,,Poppy Seeds
train,Poppy Seeds/PoppySeeds35.jpg,,Poppy Seeds
train,Poppy Seeds/PoppySeeds125.jpg,,Poppy Seeds
train,Poppy Seeds/PoppySeeds103.jpg,,Poppy Seeds
train,Poppy Seeds/PoppySeeds40.jpg,,Poppy Seeds
train,Poppy Seeds/PoppySeeds208.jpg,,Poppy Seeds
train,Poppy Seeds/PoppySeeds298.jpg,,Poppy Seeds
train,Poppy Seeds/PoppySeeds205.jpg,,Poppy Seeds
train,Poppy Seeds/PoppySeeds277.jpg,,Poppy Seeds
train,Poppy Seeds/PoppySeeds354.jpg,,Poppy Seeds
train,Poppy Seeds/PoppySeeds33.jpg,,Poppy Seeds
train,Poppy Seeds/PoppySeeds302.jpg,,Poppy Seeds
train,Poppy Seeds/PoppySeeds59.jpg,,Poppy Seeds
train,Poppy Seeds/PoppySeeds365.jpg,,Poppy Seeds
train,Poppy Seeds/PoppySeeds347.jpg,,Poppy Seeds
train,Poppy Seeds/PoppySeeds293.jpg,,Poppy Seeds
train,Poppy Seeds/PoppySeeds2.jpg,,Poppy Seeds
train,Poppy Seeds/PoppySeeds75.jpg,,Poppy Seeds
train,Poppy Seeds/PoppySeeds72.jpg,,Poppy Seeds
train,Poppy Seeds/PoppySeeds132.jpg,,Poppy Seeds
train,Poppy Seeds/PoppySeeds249.jpg,,Poppy Seeds
train,Poppy Seeds/PoppySeeds21.jpg,,Poppy Seeds
train,Poppy Seeds/PoppySeeds147.jpg,,Poppy Seeds
train,Poppy Seeds/PoppySeeds332.jpg,,Poppy Seeds
train,Poppy Seeds/PoppySeeds297.jpg,,Poppy Seeds
train,Poppy Seeds/PoppySeeds307.jpg,,Poppy Seeds
train,Poppy Seeds/PoppySeeds26.jpg,,Poppy Seeds
train,Poppy Seeds/PoppySeeds102.jpg,,Poppy Seeds
train,Poppy Seeds/PoppySeeds32.jpg,,Poppy Seeds
train,Poppy Seeds/PoppySeeds94.jpg,,Poppy Seeds
train,Poppy Seeds/PoppySeeds362.jpg,,Poppy Seeds
train,Poppy Seeds/PoppySeeds101.jpg,,Poppy Seeds
train,Poppy Seeds/PoppySeeds13.jpg,,Poppy Seeds
train,Poppy Seeds/PoppySeeds128.jpg,,Poppy Seeds
train,Poppy Seeds/PoppySeeds119.jpg,,Poppy Seeds
train,Poppy Seeds/PoppySeeds326.jpg,,Poppy Seeds
train,Poppy Seeds/PoppySeeds284.jpg,,Poppy Seeds
train,Poppy Seeds/PoppySeeds190.jpg,,Poppy Seeds
train,Poppy Seeds/PoppySeeds316.jpg,,Poppy Seeds
train,Poppy Seeds/PoppySeeds317.jpg,,Poppy Seeds
train,Poppy Seeds/PoppySeeds254.jpg,,Poppy Seeds
train,Poppy Seeds/PoppySeeds258.jpg,,Poppy Seeds
train,Poppy Seeds/PoppySeeds182.jpg,,Poppy Seeds
train,Poppy Seeds/PoppySeeds240.jpg,,Poppy Seeds
train,Poppy Seeds/PoppySeeds287.jpg,,Poppy Seeds
train,Poppy Seeds/PoppySeeds71.jpg,,Poppy Seeds
train,Poppy Seeds/PoppySeeds169.jpg,,Poppy Seeds
train,Poppy Seeds/PoppySeeds210.jpg,,Poppy Seeds
train,Poppy Seeds/PoppySeeds266.jpg,,Poppy Seeds
train,Poppy Seeds/PoppySeeds238.jpg,,Poppy Seeds
train,Poppy Seeds/PoppySeeds270.jpg,,Poppy Seeds
train,Poppy Seeds/PoppySeeds321.jpg,,Poppy Seeds
train,Poppy Seeds/PoppySeeds250.jpg,,Poppy Seeds
train,Poppy Seeds/PoppySeeds337.jpg,,Poppy Seeds
train,Poppy Seeds/PoppySeeds286.jpg,,Poppy Seeds
train,Poppy Seeds/PoppySeeds310.jpg,,Poppy Seeds
train,Poppy Seeds/PoppySeeds38.jpg,,Poppy Seeds
train,Poppy Seeds/PoppySeeds178.jpg,,Poppy Seeds
train,Poppy Seeds/PoppySeeds104.jpg,,Poppy Seeds
train,Poppy Seeds/PoppySeeds152.jpg,,Poppy Seeds
train,Poppy Seeds/PoppySeeds281.jpg,,Poppy Seeds
train,Poppy Seeds/PoppySeeds100.jpg,,Poppy Seeds
train,Poppy Seeds/PoppySeeds107.jpg,,Poppy Seeds
train,Poppy Seeds/PoppySeeds97.jpg,,Poppy Seeds
train,Poppy Seeds/PoppySeeds148.jpg,,Poppy Seeds
train,Poppy Seeds/PoppySeeds218.jpg,,Poppy Seeds
train,Poppy Seeds/PoppySeeds380.jpg,,Poppy Seeds
train,Poppy Seeds/PoppySeeds184.jpg,,Poppy Seeds
train,Poppy Seeds/PoppySeeds99.jpg,,Poppy Seeds
train,Poppy Seeds/PoppySeeds51.jpg,,Poppy Seeds
train,Poppy Seeds/PoppySeeds45.jpg,,Poppy Seeds
train,Poppy Seeds/PoppySeeds220.jpg,,Poppy Seeds
train,Poppy Seeds/PoppySeeds306.jpg,,Poppy Seeds
train,Poppy Seeds/PoppySeeds308.jpg,,Poppy Seeds
train,Poppy Seeds/PoppySeeds243.jpg,,Poppy Seeds
train,Poppy Seeds/PoppySeeds74.jpg,,Poppy Seeds
train,Poppy Seeds/PoppySeeds291.jpg,,Poppy Seeds
train,Poppy Seeds/PoppySeeds39.jpg,,Poppy Seeds
train,Poppy Seeds/PoppySeeds368.jpg,,Poppy Seeds
train,Poppy Seeds/PoppySeeds280.jpg,,Poppy Seeds
train,Poppy Seeds/PoppySeeds183.jpg,,Poppy Seeds
train,Poppy Seeds/PoppySeeds87.jpg,,Poppy Seeds
train,Poppy Seeds/PoppySeeds311.jpg,,Poppy Seeds
train,Poppy Seeds/PoppySeeds151.jpg,,Poppy Seeds
train,Poppy Seeds/PoppySeeds106.jpg,,Poppy Seeds
train,Poppy Seeds/PoppySeeds330.jpg,,Poppy Seeds
train,Poppy Seeds/PoppySeeds136.jpg,,Poppy Seeds
train,Poppy Seeds/PoppySeeds88.jpg,,Poppy Seeds
train,Poppy Seeds/PoppySeeds262.jpg,,Poppy Seeds
train,Poppy Seeds/PoppySeeds215.jpg,,Poppy Seeds
train,Poppy Seeds/PoppySeeds5.jpg,,Poppy Seeds
train,Poppy Seeds/PoppySeeds142.jpg,,Poppy Seeds
train,Poppy Seeds/PoppySeeds29.jpg,,Poppy Seeds
train,Poppy Seeds/PoppySeeds295.jpg,,Poppy Seeds
train,Poppy Seeds/PoppySeeds334.jpg,,Poppy Seeds
train,Poppy Seeds/PoppySeeds149.jpg,,Poppy Seeds
train,Poppy Seeds/PoppySeeds46.jpg,,Poppy Seeds
train,Poppy Seeds/PoppySeeds12.jpg,,Poppy Seeds
train,Poppy Seeds/PoppySeeds134.jpg,,Poppy Seeds
train,Poppy Seeds/PoppySeeds353.jpg,,Poppy Seeds
train,Poppy Seeds/PoppySeeds98.jpg,,Poppy Seeds
train,Poppy Seeds/PoppySeeds361.jpg,,Poppy Seeds
train,Poppy Seeds/PoppySeeds235.jpg,,Poppy Seeds
train,Poppy Seeds/PoppySeeds49.jpg,,Poppy Seeds
train,Poppy Seeds/PoppySeeds34.jpg,,Poppy Seeds
val,Poppy Seeds/PoppySeeds213.jpg,,Poppy Seeds
val,Poppy Seeds/PoppySeeds379.jpg,,Poppy Seeds
val,Poppy Seeds/PoppySeeds158.jpg,,Poppy Seeds
val,Poppy Seeds/PoppySeeds168.jpg,,Poppy Seeds
val,Poppy Seeds/PoppySeeds237.jpg,,Poppy Seeds
val,Poppy Seeds/PoppySeeds319.jpg,,Poppy Seeds
val,Poppy Seeds/PoppySeeds135.jpg,,Poppy Seeds
val,Poppy Seeds/PoppySeeds30.jpg,,Poppy Seeds
val,Poppy Seeds/PoppySeeds314.jpg,,Poppy Seeds
val,Poppy Seeds/PoppySeeds232.jpg,,Poppy Seeds
val,Poppy Seeds/PoppySeeds137.jpg,,Poppy Seeds
val,Poppy Seeds/PoppySeeds340.jpg,,Poppy Seeds
val,Poppy Seeds/PoppySeeds341.jpg,,Poppy Seeds
val,Poppy Seeds/PoppySeeds327.jpg,,Poppy Seeds
val,Poppy Seeds/PoppySeeds170.jpg,,Poppy Seeds
val,Poppy Seeds/PoppySeeds201.jpg,,Poppy Seeds
val,Poppy Seeds/PoppySeeds312.jpg,,Poppy Seeds
val,Poppy Seeds/PoppySeeds256.jpg,,Poppy Seeds
val,Poppy Seeds/PoppySeeds64.jpg,,Poppy Seeds
val,Poppy Seeds/PoppySeeds117.jpg,,Poppy Seeds
val,Poppy Seeds/PoppySeeds9.jpg,,Poppy Seeds
val,Poppy Seeds/PoppySeeds296.jpg,,Poppy Seeds
val,Poppy Seeds/PoppySeeds44.jpg,,Poppy Seeds
val,Poppy Seeds/PoppySeeds3.jpg,,Poppy Seeds
val,Poppy Seeds/PoppySeeds185.jpg,,Poppy Seeds
val,Poppy Seeds/PoppySeeds382.jpg,,Poppy Seeds
val,Poppy Seeds/PoppySeeds65.jpg,,Poppy Seeds
val,Poppy Seeds/PoppySeeds56.jpg,,Poppy Seeds
val,Poppy Seeds/PoppySeeds140.jpg,,Poppy Seeds
val,Poppy Seeds/PoppySeeds294.jpg,,Poppy Seeds
val,Poppy Seeds/PoppySeeds376.jpg,,Poppy Seeds
val,Poppy Seeds/PoppySeeds359.jpg,,Poppy Seeds
val,Poppy Seeds/PoppySeeds222.jpg,,Poppy Seeds
val,Poppy Seeds/PoppySeeds318.jpg,,Poppy Seeds
val,Poppy Seeds/PoppySeeds80.jpg,,Poppy Seeds
val,Poppy Seeds/PoppySeeds304.jpg,,Poppy Seeds
val,Poppy Seeds/PoppySeeds324.jpg,,Poppy Seeds
val,Poppy Seeds/PoppySeeds191.jpg,,Poppy Seeds
test,Poppy Seeds/PoppySeeds335.jpg,,Poppy Seeds
test,Poppy Seeds/PoppySeeds269.jpg,,Poppy Seeds
test,Poppy Seeds/PoppySeeds143.jpg,,Poppy Seeds
test,Poppy Seeds/PoppySeeds60.jpg,,Poppy Seeds
test,Poppy Seeds/PoppySeeds264.jpg,,Poppy Seeds
test,Poppy Seeds/PoppySeeds16.jpg,,Poppy Seeds
test,Poppy Seeds/PoppySeeds91.jpg,,Poppy Seeds
test,Poppy Seeds/PoppySeeds7.jpg,,Poppy Seeds
test,Poppy Seeds/PoppySeeds241.jpg,,Poppy Seeds
test,Poppy Seeds/PoppySeeds299.jpg,,Poppy Seeds
test,Poppy Seeds/PoppySeeds325.jpg,,Poppy Seeds
test,Poppy Seeds/PoppySeeds236.jpg,,Poppy Seeds
test,Poppy Seeds/PoppySeeds154.jpg,,Poppy Seeds
test,Poppy Seeds/PoppySeeds17.jpg,,Poppy Seeds
test,Poppy Seeds/PoppySeeds55.jpg,,Poppy Seeds
test,Poppy Seeds/PoppySeeds52.jpg,,Poppy Seeds
test,Poppy Seeds/PoppySeeds23.jpg,,Poppy Seeds
test,Poppy Seeds/PoppySeeds285.jpg,,Poppy Seeds
test,Poppy Seeds/PoppySeeds278.jpg,,Poppy Seeds
test,Poppy Seeds/PoppySeeds174.jpg,,Poppy Seeds
test,Poppy Seeds/PoppySeeds195.jpg,,Poppy Seeds
test,Poppy Seeds/PoppySeeds108.jpg,,Poppy Seeds
test,Poppy Seeds/PoppySeeds14.jpg,,Poppy Seeds
test,Poppy Seeds/PoppySeeds89.jpg,,Poppy Seeds
test,Poppy Seeds/PoppySeeds209.jpg,,Poppy Seeds
test,Poppy Seeds/PoppySeeds181.jpg,,Poppy Seeds
test,Poppy Seeds/PoppySeeds216.jpg,,Poppy Seeds
test,Poppy Seeds/PoppySeeds283.jpg,,Poppy Seeds
test,Poppy Seeds/PoppySeeds141.jpg,,Poppy Seeds
test,Poppy Seeds/PoppySeeds275.jpg,,Poppy Seeds
test,Poppy Seeds/PoppySeeds377.jpg,,Poppy Seeds
test,Poppy Seeds/PoppySeeds351.jpg,,Poppy Seeds
test,Poppy Seeds/PoppySeeds131.jpg,,Poppy Seeds
test,Poppy Seeds/PoppySeeds124.jpg,,Poppy Seeds
test,Poppy Seeds/PoppySeeds248.jpg,,Poppy Seeds
test,Poppy Seeds/PoppySeeds229.jpg,,Poppy Seeds
test,Poppy Seeds/PoppySeeds50.jpg,,Poppy Seeds
test,Poppy Seeds/PoppySeeds120.jpg,,Poppy Seeds
test,Poppy Seeds/PoppySeeds197.jpg,,Poppy Seeds
train,Star Anise/StarAnise541.jpg,,Star Anise
train,Star Anise/StarAnise356.jpg,,Star Anise
train,Star Anise/StarAnise415.jpg,,Star Anise
train,Star Anise/StarAnise133.jpg,,Star Anise
train,Star Anise/StarAnise494.jpg,,Star Anise
train,Star Anise/StarAnise484.jpg,,Star Anise
train,Star Anise/StarAnise315.jpg,,Star Anise
train,Star Anise/StarAnise487.jpg,,Star Anise
train,Star Anise/StarAnise422.jpg,,Star Anise
train,Star Anise/StarAnise69.jpg,,Star Anise
train,Star Anise/StarAnise22.jpg,,Star Anise
train,Star Anise/StarAnise414.jpg,,Star Anise
train,Star Anise/StarAnise48.jpg,,Star Anise
train,Star Anise/StarAnise323.jpg,,Star Anise
train,Star Anise/StarAnise25.jpg,,Star Anise
train,Star Anise/StarAnise80.jpg,,Star Anise
train,Star Anise/StarAnise263.jpg,,Star Anise
train,Star Anise/StarAnise250.jpg,,Star Anise
train,Star Anise/StarAnise426.jpg,,Star Anise
train,Star Anise/StarAnise566.jpg,,Star Anise
train,Star Anise/StarAnise490.jpg,,Star Anise
train,Star Anise/StarAnise268.jpg,,Star Anise
train,Star Anise/StarAnise381.jpg,,Star Anise
train,Star Anise/StarAnise465.jpg,,Star Anise
train,Star Anise/StarAnise87.jpg,,Star Anise
train,Star Anise/StarAnise292.jpg,,Star Anise
train,Star Anise/StarAnise141.jpg,,Star Anise
train,Star Anise/StarAnise563.jpg,,Star Anise
train,Star Anise/StarAnise131.jpg,,Star Anise
train,Star Anise/StarAnise601.jpg,,Star Anise
train,Star Anise/StarAnise544.jpg,,Star Anise
train,Star Anise/StarAnise95.jpg,,Star Anise
train,Star Anise/StarAnise43.jpg,,Star Anise
train,Star Anise/StarAnise550.jpg,,Star Anise
train,Star Anise/StarAnise42.jpg,,Star Anise
train,Star Anise/StarAnise220.jpg,,Star Anise
train,Star Anise/StarAnise252.jpg,,Star Anise
train,Star Anise/StarAnise166.jpg,,Star Anise
train,Star Anise/StarAnise115.jpg,,Star Anise
train,Star Anise/StarAnise136.jpg,,Star Anise
train,Star Anise/StarAnise311.jpg,,Star Anise
train,Star Anise/StarAnise594.jpg,,Star Anise
train,Star Anise/StarAnise235.jpg,,Star Anise
train,Star Anise/StarAnise280.jpg,,Star Anise
train,Star Anise/StarAnise437.jpg,,Star Anise
train,Star Anise/StarAnise475.jpg,,Star Anise
train,Star Anise/StarAnise72.jpg,,Star Anise
train,Star Anise/StarAnise372.jpg,,Star Anise
train,Star Anise/StarAnise210.jpg,,Star Anise
train,Star Anise/StarAnise267.jpg,,Star Anise
train,Star Anise/StarAnise593.jpg,,Star Anise
train,Star Anise/StarAnise88.jpg,,Star Anise
train,Star Anise/StarAnise378.jpg,,Star Anise
train,Star Anise/StarAnise429.jpg,,Star Anise
train,Star Anise/StarAnise583.jpg,,Star Anise
train,Star Anise/StarAnise533.jpg,,Star Anise
train,Star Anise/StarAnise555.jpg,,Star Anise
train,Star Anise/StarAnise85.jpg,,Star Anise
train,Star Anise/StarAnise191.jpg,,Star Anise
train,Star Anise/StarAnise308.jpg,,Star Anise
train,Star Anise/StarAnise483.jpg,,Star Anise
train,Star Anise/StarAnise339.jpg,,Star Anise
train,Star Anise/StarAnise201.jpg,,Star Anise
train,Star Anise/StarAnise525.jpg,,Star Anise
train,Star Anise/StarAnise195.jpg,,Star Anise
train,Star Anise/StarAnise295.jpg,,Star Anise
train,Star Anise/StarAnise535.jpg,,Star Anise
train,Star Anise/StarAnise4.jpg,,Star Anise
train,Star Anise/StarAnise264.jpg,,Star Anise
train,Star Anise/StarAnise84.jpg,,Star Anise
train,Star Anise/StarAnise445.jpg,,Star Anise
train,Star Anise/StarAnise587.jpg,,Star Anise
train,Star Anise/StarAnise231.jpg,,Star Anise
train,Star Anise/StarAnise63.jpg,,Star Anise
train,Star Anise/StarAnise515.jpg,,Star Anise
train,Star Anise/StarAnise233.jpg,,Star Anise
train,Star Anise/StarAnise20.jpg,,Star Anise
train,Star Anise/StarAnise539.jpg,,Star Anise
train,Star Anise/StarAnise18.jpg,,Star Anise
train,Star Anise/StarAnise167.jpg,,Star Anise
train,Star Anise/StarAnise547.jpg,,Star Anise
train,Star Anise/StarAnise435.jpg,,Star Anise
train,Star Anise/StarAnise61.jpg,,Star Anise
train,Star Anise/StarAnise440.jpg,,Star Anise
train,Star Anise/StarAnise41.jpg,,Star Anise
train,Star Anise/StarAnise346.jpg,,Star Anise
train,Star Anise/StarAnise53.jpg,,Star Anise
train,Star Anise/StarAnise93.jpg,,Star Anise
train,Star Anise/StarAnise134.jpg,,Star Anise
train,Star Anise/StarAnise433.jpg,,Star Anise
train,Star Anise/StarAnise409.jpg,,Star Anise
train,Star Anise/StarAnise121.jpg,,Star Anise
train,Star Anise/StarAnise332.jpg,,Star Anise
train,Star Anise/StarAnise28.jpg,,Star Anise
train,Star Anise/StarAnise148.jpg,,Star Anise
train,Star Anise/StarAnise179.jpg,,Star Anise
train,Star Anise/StarAnise2.jpg,,Star Anise
train,Star Anise/StarAnise503.jpg,,Star Anise
train,Star Anise/StarAnise101.jpg,,Star Anise
train,Star Anise/StarAnise40.jpg,,Star Anise
train,Star Anise/StarAnise108.jpg,,Star Anise
train,Star Anise/StarAnise350.jpg,,Star Anise
train,Star Anise/StarAnise502.jpg,,Star Anise
train,Star Anise/StarAnise238.jpg,,Star Anise
train,Star Anise/StarAnise399.jpg,,Star Anise
train,Star Anise/StarAnise135.jpg,,Star Anise
train,Star Anise/StarAnise150.jpg,,Star Anise
train,Star Anise/StarAnise160.jpg,,Star Anise
train,Star Anise/StarAnise340.jpg,,Star Anise
train,Star Anise/StarAnise21.jpg,,Star Anise
train,Star Anise/StarAnise104.jpg,,Star Anise
train,Star Anise/StarAnise388.jpg,,Star Anise
train,Star Anise/StarAnise244.jpg,,Star Anise
train,Star Anise/StarAnise257.jpg,,Star Anise
train,Star Anise/StarAnise580.jpg,,Star Anise
train,Star Anise/StarAnise187.jpg,,Star Anise
train,Star Anise/StarAnise207.jpg,,Star Anise
train,Star Anise/StarAnise466.jpg,,Star Anise
train,Star Anise/StarAnise444.jpg,,Star Anise
train,Star Anise/StarAnise385.jpg,,Star Anise
train,Star Anise/StarAnise223.jpg,,Star Anise
train,Star Anise/StarAnise299.jpg,,Star Anise
train,Star Anise/StarAnise112.jpg,,Star Anise
train,Star Anise/StarAnise319.jpg,,Star Anise
train,Star Anise/StarAnise146.jpg,,Star Anise
train,Star Anise/StarAnise371.jpg,,Star Anise
train,Star Anise/StarAnise149.jpg,,Star Anise
train,Star Anise/StarAnise3.jpg,,Star Anise
train,Star Anise/StarAnise449.jpg,,Star Anise
train,Star Anise/StarAnise198.jpg,,Star Anise
train,Star Anise/StarAnise32.jpg,,Star Anise
train,Star Anise/StarAnise203.jpg,,Star Anise
train,Star Anise/StarAnise599.jpg,,Star Anise
train,Star Anise/StarAnise328.jpg,,Star Anise
train,Star Anise/StarAnise510.jpg,,Star Anise
train,Star Anise/StarAnise478.jpg,,Star Anise
train,Star Anise/StarAnise64.jpg,,Star Anise
train,Star Anise/StarAnise585.jpg,,Star Anise
train,Star Anise/StarAnise9.jpg,,Star Anise
train,Star Anise/StarAnise581.jpg,,Star Anise
train,Star Anise/StarAnise283.jpg,,Star Anise
train,Star Anise/StarAnise128.jpg,,Star Anise
train,Star Anise/StarAnise531.jpg,,Star Anise
train,Star Anise/StarAnise285.jpg,,Star Anise
train,Star Anise/StarAnise373.jpg,,Star Anise
train,Star Anise/StarAnise97.jpg,,Star Anise
train,Star Anise/StarAnise226.jpg,,Star Anise
train,Star Anise/StarAnise91.jpg,,Star Anise
train,Star Anise/StarAnise582.jpg,,Star Anise
train,Star Anise/StarAnise334.jpg,,Star Anise
train,Star Anise/StarAnise500.jpg,,Star Anise
train,Star Anise/StarAnise242.jpg,,Star Anise
train,Star Anise/StarAnise65.jpg,,Star Anise
train,Star Anise/StarAnise564.jpg,,Star Anise
train,Star Anise/StarAnise386.jpg,,Star Anise
train,Star Anise/StarAnise508.jpg,,Star Anise
train,Star Anise/StarAnise298.jpg,,Star Anise
train,Star Anise/StarAnise383.jpg,,Star Anise
train,Star Anise/StarAnise473.jpg,,Star Anise
train,Star Anise/StarAnise347.jpg,,Star Anise
train,Star Anise/StarAnise359.jpg,,Star Anise
train,Star Anise/StarAnise390.jpg,,Star Anise
train,Star Anise/StarAnise355.jpg,,Star Anise
train,Star Anise/StarAnise152.jpg,,Star Anise
train,Star Anise/StarAnise505.jpg,,Star Anise
train,Star Anise/StarAnise169.jpg,,Star Anise
train,Star Anise/StarAnise243.jpg,,Star Anise
train,Star Anise/StarAnise530.jpg,,Star Anise
train,Star Anise/StarAnise35.jpg,,Star Anise
train,Star Anise/StarAnise258.jpg,,Star Anise
train,Star Anise/StarAnise265.jpg,,Star Anise
train,Star Anise/StarAnise588.jpg,,Star Anise
train,Star Anise/StarAnise590.jpg,,Star Anise
train,Star Anise/StarAnise522.jpg,,Star Anise
train,Star Anise/StarAnise461.jpg,,Star Anise
train,Star Anise/StarAnise514.jpg,,Star Anise
train,Star Anise/StarAnise143.jpg,,Star Anise
train,Star Anise/StarAnise57.jpg,,Star Anise
train,Star Anise/StarAnise205.jpg,,Star Anise
train,Star Anise/StarAnise269.jpg,,Star Anise
train,Star Anise/StarAnise352.jpg,,Star Anise
train,Star Anise/StarAnise282.jpg,,Star Anise
train,Star Anise/StarAnise398.jpg,,Star Anise
train,Star Anise/StarAnise189.jpg,,Star Anise
train,Star Anise/StarAnise181.jpg,,Star Anise
train,Star Anise/StarAnise73.jpg,,Star Anise
train,Star Anise/StarAnise98.jpg,,Star Anise
train,Star Anise/StarAnise180.jpg,,Star Anise
train,Star Anise/StarAnise336.jpg,,Star Anise
train,Star Anise/StarAnise286.jpg,,Star Anise
train,Star Anise/StarAnise60.jpg,,Star Anise
train,Star Anise/StarAnise253.jpg,,Star Anise
train,Star Anise/StarAnise105.jpg,,Star Anise
train,Star Anise/StarAnise560.jpg,,Star Anise
train,Star Anise/StarAnise116.jpg,,Star Anise
train,Star Anise/StarAnise276.jpg,,Star Anise
train,Star Anise/StarAnise391.jpg,,Star Anise
train,Star Anise/StarAnise578.jpg,,Star Anise
train,Star Anise/StarAnise446.jpg,,Star Anise
train,Star Anise/StarAnise574.jpg,,Star Anise
train,Star Anise/StarAnise79.jpg,,Star Anise
train,Star Anise/StarAnise420.jpg,,Star Anise
train,Star Anise/StarAnise261.jpg,,Star Anise
train,Star Anise/StarAnise474.jpg,,Star Anise
train,Star Anise/StarAnise532.jpg,,Star Anise
train,Star Anise/StarAnise448.jpg,,Star Anise
train,Star Anise/StarAnise139.jpg,,Star Anise
train,Star Anise/StarAnise485.jpg,,Star Anise
train,Star Anise/StarAnise100.jpg,,Star Anise
train,Star Anise/StarAnise496.jpg,,Star Anise
train,Star Anise/StarAnise376.jpg,,Star Anise
train,Star Anise/StarAnise353.jpg,,Star Anise
train,Star Anise/StarAnise75.jpg,,Star Anise
train,Star Anise/StarAnise476.jpg,,Star Anise
train,Star Anise/StarAnise524.jpg,,Star Anise
train,Star Anise/StarAnise259.jpg,,Star Anise
train,Star Anise/StarAnise102.jpg,,Star Anise
train,Star Anise/StarAnise452.jpg,,Star Anise
train,Star Anise/StarAnise237.jpg,,Star Anise
train,Star Anise/StarAnise204.jpg,,Star Anise
train,Star Anise/StarAnise313.jpg,,Star Anise
train,Star Anise/StarAnise343.jpg,,Star Anise
train,Star Anise/StarAnise558.jpg,,Star Anise
train,Star Anise/StarAnise251.jpg,,Star Anise
train,Star Anise/StarAnise495.jpg,,Star Anise
train,Star Anise/StarAnise161.jpg,,Star Anise
train,Star Anise/StarAnise202.jpg,,Star Anise
train,Star Anise/StarAnise262.jpg,,Star Anise
train,Star Anise/StarAnise380.jpg,,Star Anise
train,Star Anise/StarAnise540.jpg,,Star Anise
train,Star Anise/StarAnise367.jpg,,Star Anise
train,Star Anise/StarAnise178.jpg,,Star Anise
train,Star Anise/StarAnise413.jpg,,Star Anise
train,Star Anise/StarAnise457.jpg,,Star Anise
train,Star Anise/StarAnise172.jpg,,Star Anise
train,Star Anise/StarAnise418.jpg,,Star Anise
train,Star Anise/StarAnise77.jpg,,Star Anise
train,Star Anise/StarAnise501.jpg,,Star Anise
train,Star Anise/StarAnise147.jpg,,Star Anise
train,Star Anise/StarAnise50.jpg,,Star Anise
train,Star Anise/StarAnise300.jpg,,Star Anise
train,Star Anise/StarAnise163.jpg,,Star Anise
train,Star Anise/StarAnise455.jpg,,Star Anise
train,Star Anise/StarAnise266.jpg,,Star Anise
train,Star Anise/StarAnise130.jpg,,Star Anise
train,Star Anise/StarAnise410.jpg,,Star Anise
train,Star Anise/StarAnise368.jpg,,Star Anise
train,Star Anise/StarAnise493.jpg,,Star Anise
train,Star Anise/StarAnise190.jpg,,Star Anise
train,Star Anise/StarAnise568.jpg,,Star Anise
train,Star Anise/StarAnise561.jpg,,Star Anise
train,Star Anise/StarAnise114.jpg,,Star Anise
train,Star Anise/StarAnise432.jpg,,Star Anise
train,Star Anise/StarAnise221.jpg,,Star Anise
train,Star Anise/StarAnise520.jpg,,Star Anise
train,Star Anise/StarAnise173.jpg,,Star Anise
train,Star Anise/StarAnise554.jpg,,Star Anise
train,Star Anise/StarAnise229.jpg,,Star Anise
train,Star Anise/StarAnise534.jpg,,Star Anise
train,Star Anise/StarAnise260.jpg,,Star Anise
train,Star Anise/StarAnise274.jpg,,Star Anise
train,Star Anise/StarAnise214.jpg,,Star Anise
train,Star Anise/StarAnise224.jpg,,Star Anise
train,Star Anise/StarAnise49.jpg,,Star Anise
train,Star Anise/StarAnise393.jpg,,Star Anise
train,Star Anise/StarAnise341.jpg,,Star Anise
train,Star Anise/StarAnise176.jpg,,Star Anise
train,Star Anise/StarAnise519.jpg,,Star Anise
train,Star Anise/StarAnise54.jpg,,Star Anise
train,Star Anise/StarAnise1.jpg,,Star Anise
train,Star Anise/StarAnise118.jpg,,Star Anise
train,Star Anise/StarAnise99.jpg,,Star Anise
train,Star Anise/StarAnise556.jpg,,Star Anise
train,Star Anise/StarAnise424.jpg,,Star Anise
train,Star Anise/StarAnise394.jpg,,Star Anise
train,Star Anise/StarAnise592.jpg,,Star Anise
train,Star Anise/StarAnise498.jpg,,Star Anise
train,Star Anise/StarAnise193.jpg,,Star Anise
train,Star Anise/StarAnise33.jpg,,Star Anise
train,Star Anise/StarAnise137.jpg,,Star Anise
train,Star Anise/StarAnise304.jpg,,Star Anise
train,Star Anise/StarAnise74.jpg,,Star Anise
train,Star Anise/StarAnise511.jpg,,Star Anise
train,Star Anise/StarAnise157.jpg,,Star Anise
train,Star Anise/StarAnise8.jpg,,Star Anise
train,Star Anise/StarAnise145.jpg,,Star Anise
train,Star Anise/StarAnise456.jpg,,Star Anise
train,Star Anise/StarAnise559.jpg,,Star Anise
train,Star Anise/StarAnise542.jpg,,Star Anise
train,Star Anise/StarAnise462.jpg,,Star Anise
train,Star Anise/StarAnise364.jpg,,Star Anise
train,Star Anise/StarAnise509.jpg,,Star Anise
train,Star Anise/StarAnise62.jpg,,Star Anise
train,Star Anise/StarAnise129.jpg,,Star Anise
train,Star Anise/StarAnise395.jpg,,Star Anise
train,Star Anise/StarAnise354.jpg,,Star Anise
train,Star Anise/StarAnise312.jpg,,Star Anise
train,Star Anise/StarAnise458.jpg,,Star Anise
train,Star Anise/StarAnise127.jpg,,Star Anise
train,Star Anise/StarAnise222.jpg,,Star Anise
train,Star Anise/StarAnise404.jpg,,Star Anise
train,Star Anise/StarAnise577.jpg,,Star Anise
train,Star Anise/StarAnise499.jpg,,Star Anise
train,Star Anise/StarAnise333.jpg,,Star Anise
train,Star Anise/StarAnise326.jpg,,Star Anise
train,Star Anise/StarAnise208.jpg,,Star Anise
train,Star Anise/StarAnise37.jpg,,Star Anise
train,Star Anise/StarAnise591.jpg,,Star Anise
train,Star Anise/StarAnise209.jpg,,Star Anise
train,Star Anise/StarAnise192.jpg,,Star Anise
train,Star Anise/StarAnise122.jpg,,Star Anise
train,Star Anise/StarAnise481.jpg,,Star Anise
train,Star Anise/StarAnise272.jpg,,Star Anise
train,Star Anise/StarAnise218.jpg,,Star Anise
train,Star Anise/StarAnise248.jpg,,Star Anise
train,Star Anise/StarAnise29.jpg,,Star Anise
train,Star Anise/StarAnise86.jpg,,Star Anise
train,Star Anise/StarAnise70.jpg,,Star Anise
train,Star Anise/StarAnise403.jpg,,Star Anise
train,Star Anise/StarAnise279.jpg,,Star Anise
train,Star Anise/StarAnise236.jpg,,Star Anise
train,Star Anise/StarAnise125.jpg,,Star Anise
train,Star Anise/StarAnise110.jpg,,Star Anise
train,Star Anise/StarAnise589.jpg,,Star Anise
train,Star Anise/StarAnise469.jpg,,Star Anise
train,Star Anise/StarAnise382.jpg,,Star Anise
train,Star Anise/StarAnise126.jpg,,Star Anise
train,Star Anise/StarAnise401.jpg,,Star Anise
train,Star Anise/StarAnise287.jpg,,Star Anise
train,Star Anise/StarAnise240.jpg,,Star Anise
train,Star Anise/StarAnise516.jpg,,Star Anise
train,Star Anise/StarAnise453.jpg,,Star Anise
train,Star Anise/StarAnise216.jpg,,Star Anise
train,Star Anise/StarAnise5.jpg,,Star Anise
train,Star Anise/StarAnise507.jpg,,Star Anise
train,Star Anise/StarAnise230.jpg,,Star Anise
train,Star Anise/StarAnise81.jpg,,Star Anise
train,Star Anise/StarAnise439.jpg,,Star Anise
train,Star Anise/StarAnise144.jpg,,Star Anise
train,Star Anise/StarAnise151.jpg,,Star Anise
train,Star Anise/StarAnise140.jpg,,Star Anise
train,Star Anise/StarAnise217.jpg,,Star Anise
train,Star Anise/StarAnise275.jpg,,Star Anise
train,Star Anise/StarAnise245.jpg,,Star Anise
train,Star Anise/StarAnise537.jpg,,Star Anise
train,Star Anise/StarAnise55.jpg,,Star Anise
train,Star Anise/StarAnise290.jpg,,Star Anise
train,Star Anise/StarAnise428.jpg,,Star Anise
train,Star Anise/StarAnise30.jpg,,Star Anise
train,Star Anise/StarAnise256.jpg,,Star Anise
train,Star Anise/StarAnise109.jpg,,Star Anise
train,Star Anise/StarAnise325.jpg,,Star Anise
train,Star Anise/StarAnise78.jpg,,Star Anise
train,Star Anise/StarAnise504.jpg,,Star Anise
train,Star Anise/StarAnise284.jpg,,Star Anise
train,Star Anise/StarAnise247.jpg,,Star Anise
train,Star Anise/StarAnise480.jpg,,Star Anise
train,Star Anise/StarAnise345.jpg,,Star Anise
train,Star Anise/StarAnise441.jpg,,Star Anise
train,Star Anise/StarAnise303.jpg,,Star Anise
train,Star Anise/StarAnise366.jpg,,Star Anise
train,Star Anise/StarAnise211.jpg,,Star Anise
train,Star Anise/StarAnise194.jpg,,Star Anise
train,Star Anise/StarAnise225.jpg,,Star Anise
train,Star Anise/StarAnise576.jpg,,Star Anise
train,Star Anise/StarAnise182.jpg,,Star Anise
train,Star Anise/StarAnise344.jpg,,Star Anise
train,Star Anise/StarAnise402.jpg,,Star Anise
train,Star Anise/StarAnise521.jpg,,Star Anise
train,Star Anise/StarAnise107.jpg,,Star Anise
train,Star Anise/StarAnise330.jpg,,Star Anise
train,Star Anise/StarAnise482.jpg,,Star Anise
train,Star Anise/StarAnise186.jpg,,Star Anise
train,Star Anise/StarAnise59.jpg,,Star Anise
train,Star Anise/StarAnise584.jpg,,Star Anise
train,Star Anise/StarAnise123.jpg,,Star Anise
train,Star Anise/StarAnise365.jpg,,Star Anise
train,Star Anise/StarAnise349.jpg,,Star Anise
train,Star Anise/StarAnise384.jpg,,Star Anise
train,Star Anise/StarAnise188.jpg,,Star Anise
train,Star Anise/StarAnise138.jpg,,Star Anise
train,Star Anise/StarAnise529.jpg,,Star Anise
train,Star Anise/StarAnise396.jpg,,Star Anise
train,Star Anise/StarAnise569.jpg,,Star Anise
train,Star Anise/StarAnise454.jpg,,Star Anise
train,Star Anise/StarAnise358.jpg,,Star Anise
train,Star Anise/StarAnise488.jpg,,Star Anise
train,Star Anise/StarAnise451.jpg,,Star Anise
train,Star Anise/StarAnise39.jpg,,Star Anise
train,Star Anise/StarAnise52.jpg,,Star Anise
train,Star Anise/StarAnise11.jpg,,Star Anise
train,Star Anise/StarAnise596.jpg,,Star Anise
train,Star Anise/StarAnise175.jpg,,Star Anise
train,Star Anise/StarAnise468.jpg,,Star Anise
train,Star Anise/StarAnise397.jpg,,Star Anise
train,Star Anise/StarAnise227.jpg,,Star Anise
train,Star Anise/StarAnise438.jpg,,Star Anise
train,Star Anise/StarAnise302.jpg,,Star Anise
train,Star Anise/StarAnise408.jpg,,Star Anise
train,Star Anise/StarAnise66.jpg,,Star Anise
train,Star Anise/StarAnise348.jpg,,Star Anise
train,Star Anise/StarAnise255.jpg,,Star Anise
train,Star Anise/StarAnise83.jpg,,Star Anise
train,Star Anise/StarAnise206.jpg,,Star Anise
train,Star Anise/StarAnise278.jpg,,Star Anise
train,Star Anise/StarAnise527.jpg,,Star Anise
train,Star Anise/StarAnise467.jpg,,Star Anise
train,Star Anise/StarAnise405.jpg,,Star Anise
train,Star Anise/StarAnise7.jpg,,Star Anise
train,Star Anise/StarAnise14.jpg,,Star Anise
train,Star Anise/StarAnise249.jpg,,Star Anise
train,Star Anise/StarAnise434.jpg,,Star Anise
train,Star Anise/StarAnise168.jpg,,Star Anise
train,Star Anise/StarAnise305.jpg,,Star Anise
train,Star Anise/StarAnise406.jpg,,Star Anise
train,Star Anise/StarAnise306.jpg,,Star Anise
train,Star Anise/StarAnise45.jpg,,Star Anise
train,Star Anise/StarAnise310.jpg,,Star Anise
train,Star Anise/StarAnise557.jpg,,Star Anise
train,Star Anise/StarAnise545.jpg,,Star Anise
train,Star Anise/StarAnise162.jpg,,Star Anise
train,Star Anise/StarAnise450.jpg,,Star Anise
train,Star Anise/StarAnise16.jpg,,Star Anise
train,Star Anise/StarAnise379.jpg,,Star Anise
train,Star Anise/StarAnise430.jpg,,Star Anise
train,Star Anise/StarAnise318.jpg,,Star Anise
train,Star Anise/StarAnise273.jpg,,Star Anise
train,Star Anise/StarAnise46.jpg,,Star Anise
train,Star Anise/StarAnise254.jpg,,Star Anise
train,Star Anise/StarAnise307.jpg,,Star Anise
train,Star Anise/StarAnise36.jpg,,Star Anise
train,Star Anise/StarAnise241.jpg,,Star Anise
train,Star Anise/StarAnise363.jpg,,Star Anise
train,Star Anise/StarAnise320.jpg,,Star Anise
train,Star Anise/StarAnise549.jpg,,Star Anise
train,Star Anise/StarAnise119.jpg,,Star Anise
train,Star Anise/StarAnise13.jpg,,Star Anise
train,Star Anise/StarAnise26.jpg,,Star Anise
train,Star Anise/StarAnise351.jpg,,Star Anise
train,Star Anise/StarAnise155.jpg,,Star Anise
train,Star Anise/StarAnise10.jpg,,Star Anise
train,Star Anise/StarAnise551.jpg,,Star Anise
train,Star Anise/StarAnise562.jpg,,Star Anise
train,Star Anise/StarAnise477.jpg,,Star Anise
train,Star Anise/StarAnise183.jpg,,Star Anise
train,Star Anise/StarAnise199.jpg,,Star Anise
train,Star Anise/StarAnise23.jpg,,Star Anise
train,Star Anise/StarAnise513.jpg,,Star Anise
train,Star Anise/StarAnise120.jpg,,Star Anise
train,Star Anise/StarAnise293.jpg,,Star Anise
train,Star Anise/StarAnise370.jpg,,Star Anise
train,Star Anise/StarAnise460.jpg,,Star Anise
train,Star Anise/StarAnise164.jpg,,Star Anise
train,Star Anise/StarAnise546.jpg,,Star Anise
train,Star Anise/StarAnise464.jpg,,Star Anise
train,Star Anise/StarAnise111.jpg,,Star Anise
train,Star Anise/StarAnise543.jpg,,Star Anise
train,Star Anise/StarAnise573.jpg,,Star Anise
train,Star Anise/StarAnise239.jpg,,Star Anise
train,Star Anise/StarAnise271.jpg,,Star Anise
train,Star Anise/StarAnise24.jpg,,Star Anise
train,Star Anise/StarAnise270.jpg,,Star Anise
train,Star Anise/StarAnise526.jpg,,Star Anise
train,Star Anise/StarAnise17.jpg,,Star Anise
train,Star Anise/StarAnise34.jpg,,Star Anise
train,Star Anise/StarAnise117.jpg,,Star Anise
train,Star Anise/StarAnise232.jpg,,Star Anise
train,Star Anise/StarAnise362.jpg,,Star Anise
train,Star Anise/StarAnise553.jpg,,Star Anise
train,Star Anise/StarAnise6.jpg,,Star Anise
train,Star Anise/StarAnise15.jpg,,Star Anise
train,Star Anise/StarAnise288.jpg,,Star Anise
train,Star Anise/StarAnise492.jpg,,Star Anise
train,Star Anise/StarAnise82.jpg,,Star Anise
train,Star Anise/StarAnise552.jpg,,Star Anise
train,Star Anise/StarAnise523.jpg,,Star Anise
train,Star Anise/StarAnise27.jpg,,Star Anise
train,Star Anise/StarAnise92.jpg,,Star Anise
train,Star Anise/StarAnise171.jpg,,Star Anise
train,Star Anise/StarAnise443.jpg,,Star Anise
val,Star Anise/StarAnise113.jpg,,Star Anise
val,Star Anise/StarAnise317.jpg,,Star Anise
val,Star Anise/StarAnise309.jpg,,Star Anise
val,Star Anise/StarAnise197.jpg,,Star Anise
val,Star Anise/StarAnise419.jpg,,Star Anise
val,Star Anise/StarAnise153.jpg,,Star Anise
val,Star Anise/StarAnise56.jpg,,Star Anise
val,Star Anise/StarAnise497.jpg,,Star Anise
val,Star Anise/StarAnise335.jpg,,Star Anise
val,Star Anise/StarAnise423.jpg,,Star Anise
val,Star Anise/StarAnise159.jpg,,Star Anise
val,Star Anise/StarAnise31.jpg,,Star Anise
val,Star Anise/StarAnise427.jpg,,Star Anise
val,Star Anise/StarAnise322.jpg,,Star Anise
val,Star Anise/StarAnise158.jpg,,Star Anise
val,Star Anise/StarAnise331.jpg,,Star Anise
val,Star Anise/StarAnise165.jpg,,Star Anise
val,Star Anise/StarAnise71.jpg,,Star Anise
val,Star Anise/StarAnise571.jpg,,Star Anise
val,Star Anise/StarAnise291.jpg,,Star Anise
val,Star Anise/StarAnise548.jpg,,Star Anise
val,Star Anise/StarAnise436.jpg,,Star Anise
val,Star Anise/StarAnise324.jpg,,Star Anise
val,Star Anise/StarAnise536.jpg,,Star Anise
val,Star Anise/StarAnise528.jpg,,Star Anise
val,Star Anise/StarAnise94.jpg,,Star Anise
val,Star Anise/StarAnise301.jpg,,Star Anise
val,Star Anise/StarAnise294.jpg,,Star Anise
val,Star Anise/StarAnise392.jpg,,Star Anise
val,Star Anise/StarAnise329.jpg,,Star Anise
val,Star Anise/StarAnise369.jpg,,Star Anise
val,Star Anise/StarAnise342.jpg,,Star Anise
val,Star Anise/StarAnise463.jpg,,Star Anise
val,Star Anise/StarAnise470.jpg,,Star Anise
val,Star Anise/StarAnise44.jpg,,Star Anise
val,Star Anise/StarAnise170.jpg,,Star Anise
val,Star Anise/StarAnise89.jpg,,Star Anise
val,Star Anise/StarAnise297.jpg,,Star Anise
val,Star Anise/StarAnise538.jpg,,Star Anise
val,Star Anise/StarAnise219.jpg,,Star Anise
val,Star Anise/StarAnise572.jpg,,Star Anise
val,Star Anise/StarAnise156.jpg,,Star Anise
val,Star Anise/StarAnise184.jpg,,Star Anise
val,Star Anise/StarAnise174.jpg,,Star Anise
val,Star Anise/StarAnise479.jpg,,Star Anise
val,Star Anise/StarAnise491.jpg,,Star Anise
val,Star Anise/StarAnise90.jpg,,Star Anise
val,Star Anise/StarAnise19.jpg,,Star Anise
val,Star Anise/StarAnise518.jpg,,Star Anise
val,Star Anise/StarAnise431.jpg,,Star Anise
val,Star Anise/StarAnise277.jpg,,Star Anise
val,Star Anise/StarAnise575.jpg,,Star Anise
val,Star Anise/StarAnise400.jpg,,Star Anise
val,Star Anise/StarAnise196.jpg,,Star Anise
val,Star Anise/StarAnise327.jpg,,Star Anise
val,Star Anise/StarAnise76.jpg,,Star Anise
val,Star Anise/StarAnise447.jpg,,Star Anise
val,Star Anise/StarAnise228.jpg,,Star Anise
val,Star Anise/StarAnise361.jpg,,Star Anise
val,Star Anise/StarAnise375.jpg,,Star Anise
test,Star Anise/StarAnise421.jpg,,Star Anise
test,Star Anise/StarAnise314.jpg,,Star Anise
test,Star Anise/StarAnise316.jpg,,Star Anise
test,Star Anise/StarAnise411.jpg,,Star Anise
test,Star Anise/StarAnise517.jpg,,Star Anise
test,Star Anise/StarAnise103.jpg,,Star Anise
test,Star Anise/StarAnise374.jpg,,Star Anise
test,Star Anise/StarAnise512.jpg,,Star Anise
test,Star Anise/StarAnise213.jpg,,Star Anise
test,Star Anise/StarAnise142.jpg,,Star Anise
test,Star Anise/StarAnise212.jpg,,Star Anise
test,Star Anise/StarAnise425.jpg,,Star Anise
test,Star Anise/StarAnise567.jpg,,Star Anise
test,Star Anise/StarAnise338.jpg,,Star Anise
test,Star Anise/StarAnise442.jpg,,Star Anise
test,Star Anise/StarAnise154.jpg,,Star Anise
test,Star Anise/StarAnise200.jpg,,Star Anise
test,Star Anise/StarAnise565.jpg,,Star Anise
test,Star Anise/StarAnise489.jpg,,Star Anise
test,Star Anise/StarAnise96.jpg,,Star Anise
test,Star Anise/StarAnise321.jpg,,Star Anise
test,Star Anise/StarAnise337.jpg,,Star Anise
test,Star Anise/StarAnise597.jpg,,Star Anise
test,Star Anise/StarAnise124.jpg,,Star Anise
test,Star Anise/StarAnise12.jpg,,Star Anise
test,Star Anise/StarAnise246.jpg,,Star Anise
test,Star Anise/StarAnise412.jpg,,Star Anise
test,Star Anise/StarAnise58.jpg,,Star Anise
test,Star Anise/StarAnise387.jpg,,Star Anise
test,Star Anise/StarAnise67.jpg,,Star Anise
test,Star Anise/StarAnise570.jpg,,Star Anise
test,Star Anise/StarAnise185.jpg,,Star Anise
test,Star Anise/StarAnise296.jpg,,Star Anise
test,Star Anise/StarAnise360.jpg,,Star Anise
test,Star Anise/StarAnise598.jpg,,Star Anise
test,Star Anise/StarAnise579.jpg,,Star Anise
test,Star Anise/StarAnise215.jpg,,Star Anise
test,Star Anise/StarAnise459.jpg,,Star Anise
test,Star Anise/StarAnise407.jpg,,Star Anise
test,Star Anise/StarAnise595.jpg,,Star Anise
test,Star Anise/StarAnise132.jpg,,Star Anise
test,Star Anise/StarAnise177.jpg,,Star Anise
test,Star Anise/StarAnise377.jpg,,Star Anise
test,Star Anise/StarAnise281.jpg,,Star Anise
test,Star Anise/StarAnise472.jpg,,Star Anise
test,Star Anise/StarAnise417.jpg,,Star Anise
test,Star Anise/StarAnise506.jpg,,Star Anise
test,Star Anise/StarAnise600.jpg,,Star Anise
test,Star Anise/StarAnise289.jpg,,Star Anise
test,Star Anise/StarAnise51.jpg,,Star Anise
test,Star Anise/StarAnise471.jpg,,Star Anise
test,Star Anise/StarAnise234.jpg,,Star Anise
test,Star Anise/StarAnise586.jpg,,Star Anise
test,Star Anise/StarAnise357.jpg,,Star Anise
test,Star Anise/StarAnise106.jpg,,Star Anise
test,Star Anise/StarAnise416.jpg,,Star Anise
test,Star Anise/StarAnise389.jpg,,Star Anise
test,Star Anise/StarAnise38.jpg,,Star Anise
test,Star Anise/StarAnise68.jpg,,Star Anise
test,Star Anise/StarAnise47.jpg,,Star Anise
test,Star Anise/StarAnise486.jpg,,Star Anise
train,Stone Flowers/StoneFlowers382.jpg,,Stone Flowers
train,Stone Flowers/StoneFlowers483.jpg,,Stone Flowers
train,Stone Flowers/StoneFlowers683.jpg,,Stone Flowers
train,Stone Flowers/StoneFlowers855.jpg,,Stone Flowers
train,Stone Flowers/StoneFlowers656.jpg,,Stone Flowers
train,Stone Flowers/StoneFlowers730.jpg,,Stone Flowers
train,Stone Flowers/StoneFlowers828.jpg,,Stone Flowers
train,Stone Flowers/StoneFlowers393.jpg,,Stone Flowers
train,Stone Flowers/StoneFlowers193.jpg,,Stone Flowers
train,Stone Flowers/StoneFlowers135.jpg,,Stone Flowers
train,Stone Flowers/StoneFlowers460.jpg,,Stone Flowers
train,Stone Flowers/StoneFlowers125.jpg,,Stone Flowers
train,Stone Flowers/StoneFlowers628.jpg,,Stone Flowers
train,Stone Flowers/StoneFlowers853.jpg,,Stone Flowers
train,Stone Flowers/StoneFlowers124.jpg,,Stone Flowers
train,Stone Flowers/StoneFlowers256.jpg,,Stone Flowers
train,Stone Flowers/StoneFlowers565.jpg,,Stone Flowers
train,Stone Flowers/StoneFlowers434.jpg,,Stone Flowers
train,Stone Flowers/StoneFlowers739.jpg,,Stone Flowers
train,Stone Flowers/StoneFlowers369.jpg,,Stone Flowers
train,Stone Flowers/StoneFlowers338.jpg,,Stone Flowers
train,Stone Flowers/StoneFlowers353.jpg,,Stone Flowers
train,Stone Flowers/StoneFlowers581.jpg,,Stone Flowers
train,Stone Flowers/StoneFlowers817.jpg,,Stone Flowers
train,Stone Flowers/StoneFlowers373.jpg,,Stone Flowers
train,Stone Flowers/StoneFlowers98.jpg,,Stone Flowers
train,Stone Flowers/StoneFlowers242.jpg,,Stone Flowers
train,Stone Flowers/StoneFlowers251.jpg,,Stone Flowers
train,Stone Flowers/StoneFlowers496.jpg,,Stone Flowers
train,Stone Flowers/StoneFlowers562.jpg,,Stone Flowers
train,Stone Flowers/StoneFlowers680.jpg,,Stone Flowers
train,Stone Flowers/StoneFlowers480.jpg,,Stone Flowers
train,Stone Flowers/StoneFlowers596.jpg,,Stone Flowers
train,Stone Flowers/StoneFlowers845.jpg,,Stone Flowers
train,Stone Flowers/StoneFlowers510.jpg,,Stone Flowers
train,Stone Flowers/StoneFlowers184.jpg,,Stone Flowers
train,Stone Flowers/StoneFlowers45.jpg,,Stone Flowers
train,Stone Flowers/StoneFlowers617.jpg,,Stone Flowers
train,Stone Flowers/StoneFlowers356.jpg,,Stone Flowers
train,Stone Flowers/StoneFlowers221.jpg,,Stone Flowers
train,Stone Flowers/StoneFlowers294.jpg,,Stone Flowers
train,Stone Flowers/StoneFlowers826.jpg,,Stone Flowers
train,Stone Flowers/StoneFlowers150.jpg,,Stone Flowers
train,Stone Flowers/StoneFlowers579.jpg,,Stone Flowers
train,Stone Flowers/StoneFlowers729.jpg,,Stone Flowers
train,Stone Flowers/StoneFlowers16.jpg,,Stone Flowers
train,Stone Flowers/StoneFlowers551.jpg,,Stone Flowers
train,Stone Flowers/StoneFlowers535.jpg,,Stone Flowers
train,Stone Flowers/StoneFlowers228.jpg,,Stone Flowers
train,Stone Flowers/StoneFlowers850.jpg,,Stone Flowers
train,Stone Flowers/StoneFlowers337.jpg,,Stone Flowers
train,Stone Flowers/StoneFlowers745.jpg,,Stone Flowers
train,Stone Flowers/StoneFlowers136.jpg,,Stone Flowers
train,Stone Flowers/StoneFlowers435.jpg,,Stone Flowers
train,Stone Flowers/StoneFlowers691.jpg,,Stone Flowers
train,Stone Flowers/StoneFlowers362.jpg,,Stone Flowers
train,Stone Flowers/StoneFlowers461.jpg,,Stone Flowers
train,Stone Flowers/StoneFlowers287.jpg,,Stone Flowers
train,Stone Flowers/StoneFlowers657.jpg,,Stone Flowers
train,Stone Flowers/StoneFlowers202.jpg,,Stone Flowers
train,Stone Flowers/StoneFlowers525.jpg,,Stone Flowers
train,Stone Flowers/StoneFlowers453.jpg,,Stone Flowers
train,Stone Flowers/StoneFlowers622.jpg,,Stone Flowers
train,Stone Flowers/StoneFlowers663.jpg,,Stone Flowers
train,Stone Flowers/StoneFlowers58.jpg,,Stone Flowers
train,Stone Flowers/StoneFlowers336.jpg,,Stone Flowers
train,Stone Flowers/StoneFlowers9.jpg,,Stone Flowers
train,Stone Flowers/StoneFlowers35.jpg,,Stone Flowers
train,Stone Flowers/StoneFlowers115.jpg,,Stone Flowers
train,Stone Flowers/StoneFlowers859.jpg,,Stone Flowers
train,Stone Flowers/StoneFlowers36.jpg,,Stone Flowers
train,Stone Flowers/StoneFlowers334.jpg,,Stone Flowers
train,Stone Flowers/StoneFlowers800.jpg,,Stone Flowers
train,Stone Flowers/StoneFlowers166.jpg,,Stone Flowers
train,Stone Flowers/StoneFlowers701.jpg,,Stone Flowers
train,Stone Flowers/StoneFlowers574.jpg,,Stone Flowers
train,Stone Flowers/StoneFlowers277.jpg,,Stone Flowers
train,Stone Flowers/StoneFlowers736.jpg,,Stone Flowers
train,Stone Flowers/StoneFlowers560.jpg,,Stone Flowers
train,Stone Flowers/StoneFlowers763.jpg,,Stone Flowers
train,Stone Flowers/StoneFlowers591.jpg,,Stone Flowers
train,Stone Flowers/StoneFlowers678.jpg,,Stone Flowers
train,Stone Flowers/StoneFlowers623.jpg,,Stone Flowers
train,Stone Flowers/StoneFlowers848.jpg,,Stone Flowers
train,Stone Flowers/StoneFlowers801.jpg,,Stone Flowers
train,Stone Flowers/StoneFlowers80.jpg,,Stone Flowers
train,Stone Flowers/StoneFlowers164.jpg,,Stone Flowers
train,Stone Flowers/StoneFlowers366.jpg,,Stone Flowers
train,Stone Flowers/StoneFlowers307.jpg,,Stone Flowers
train,Stone Flowers/StoneFlowers102.jpg,,Stone Flowers
train,Stone Flowers/StoneFlowers810.jpg,,Stone Flowers
train,Stone Flowers/StoneFlowers203.jpg,,Stone Flowers
train,Stone Flowers/StoneFlowers399.jpg,,Stone Flowers
train,Stone Flowers/StoneFlowers407.jpg,,Stone Flowers
train,Stone Flowers/StoneFlowers22.jpg,,Stone Flowers
train,Stone Flowers/StoneFlowers873.jpg,,Stone Flowers
train,Stone Flowers/StoneFlowers96.jpg,,Stone Flowers
train,Stone Flowers/StoneFlowers39.jpg,,Stone Flowers
train,Stone Flowers/StoneFlowers425.jpg,,Stone Flowers
train,Stone Flowers/StoneFlowers842.jpg,,Stone Flowers
train,Stone Flowers/StoneFlowers631.jpg,,Stone Flowers
train,Stone Flowers/StoneFlowers858.jpg,,Stone Flowers
train,Stone Flowers/StoneFlowers24.jpg,,Stone Flowers
train,Stone Flowers/StoneFlowers746.jpg,,Stone Flowers
train,Stone Flowers/StoneFlowers229.jpg,,Stone Flowers
train,Stone Flowers/StoneFlowers490.jpg,,Stone Flowers
train,Stone Flowers/StoneFlowers157.jpg,,Stone Flowers
train,Stone Flowers/StoneFlowers260.jpg,,Stone Flowers
train,Stone Flowers/StoneFlowers1.jpg,,Stone Flowers
train,Stone Flowers/StoneFlowers673.jpg,,Stone Flowers
train,Stone Flowers/StoneFlowers446.jpg,,Stone Flowers
train,Stone Flowers/StoneFlowers670.jpg,,Stone Flowers
train,Stone Flowers/StoneFlowers29.jpg,,Stone Flowers
train,Stone Flowers/StoneFlowers501.jpg,,Stone Flowers
train,Stone Flowers/StoneFlowers258.jpg,,Stone Flowers
train,Stone Flowers/StoneFlowers533.jpg,,Stone Flowers
train,Stone Flowers/StoneFlowers494.jpg,,Stone Flowers
train,Stone Flowers/StoneFlowers363.jpg,,Stone Flowers
train,Stone Flowers/StoneFlowers769.jpg,,Stone Flowers
train,Stone Flowers/StoneFlowers291.jpg,,Stone Flowers
train,Stone Flowers/StoneFlowers822.jpg,,Stone Flowers
train,Stone Flowers/StoneFlowers784.jpg,,Stone Flowers
train,Stone Flowers/StoneFlowers865.jpg,,Stone Flowers
train,Stone Flowers/StoneFlowers323.jpg,,Stone Flowers
train,Stone Flowers/StoneFlowers99.jpg,,Stone Flowers
train,Stone Flowers/StoneFlowers339.jpg,,Stone Flowers
train,Stone Flowers/StoneFlowers847.jpg,,Stone Flowers
train,Stone Flowers/StoneFlowers522.jpg,,Stone Flowers
train,Stone Flowers/StoneFlowers220.jpg,,Stone Flowers
train,Stone Flowers/StoneFlowers168.jpg,,Stone Flowers
train,Stone Flowers/StoneFlowers870.jpg,,Stone Flowers
train,Stone Flowers/StoneFlowers321.jpg,,Stone Flowers
train,Stone Flowers/StoneFlowers516.jpg,,Stone Flowers
train,Stone Flowers/StoneFlowers720.jpg,,Stone Flowers
train,Stone Flowers/StoneFlowers230.jpg,,Stone Flowers
train,Stone Flowers/StoneFlowers844.jpg,,Stone Flowers
train,Stone Flowers/StoneFlowers550.jpg,,Stone Flowers
train,Stone Flowers/StoneFlowers685.jpg,,Stone Flowers
train,Stone Flowers/StoneFlowers267.jpg,,Stone Flowers
train,Stone Flowers/StoneFlowers797.jpg,,Stone Flowers
train,Stone Flowers/StoneFlowers207.jpg,,Stone Flowers
train,Stone Flowers/StoneFlowers51.jpg,,Stone Flowers
train,Stone Flowers/StoneFlowers669.jpg,,Stone Flowers
train,Stone Flowers/StoneFlowers190.jpg,,Stone Flowers
train,Stone Flowers/StoneFlowers182.jpg,,Stone Flowers
train,Stone Flowers/StoneFlowers255.jpg,,Stone Flowers
train,Stone Flowers/StoneFlowers21.jpg,,Stone Flowers
train,Stone Flowers/StoneFlowers675.jpg,,Stone Flowers
train,Stone Flowers/StoneFlowers665.jpg,,Stone Flowers
train,Stone Flowers/StoneFlowers201.jpg,,Stone Flowers
train,Stone Flowers/StoneFlowers512.jpg,,Stone Flowers
train,Stone Flowers/StoneFlowers716.jpg,,Stone Flowers
train,Stone Flowers/StoneFlowers728.jpg,,Stone Flowers
train,Stone Flowers/StoneFlowers93.jpg,,Stone Flowers
train,Stone Flowers/StoneFlowers92.jpg,,Stone Flowers
train,Stone Flowers/StoneFlowers646.jpg,,Stone Flowers
train,Stone Flowers/StoneFlowers84.jpg,,Stone Flowers
train,Stone Flowers/StoneFlowers144.jpg,,Stone Flowers
train,Stone Flowers/StoneFlowers475.jpg,,Stone Flowers
train,Stone Flowers/StoneFlowers627.jpg,,Stone Flowers
train,Stone Flowers/StoneFlowers206.jpg,,Stone Flowers
train,Stone Flowers/StoneFlowers547.jpg,,Stone Flowers
train,Stone Flowers/StoneFlowers63.jpg,,Stone Flowers
train,Stone Flowers/StoneFlowers463.jpg,,Stone Flowers
train,Stone Flowers/StoneFlowers298.jpg,,Stone Flowers
train,Stone Flowers/StoneFlowers589.jpg,,Stone Flowers
train,Stone Flowers/StoneFlowers482.jpg,,Stone Flowers
train,Stone Flowers/StoneFlowers235.jpg,,Stone Flowers
train,Stone Flowers/StoneFlowers794.jpg,,Stone Flowers
train,Stone Flowers/StoneFlowers6.jpg,,Stone Flowers
train,Stone Flowers/StoneFlowers477.jpg,,Stone Flowers
train,Stone Flowers/StoneFlowers753.jpg,,Stone Flowers
train,Stone Flowers/StoneFlowers131.jpg,,Stone Flowers
train,Stone Flowers/StoneFlowers776.jpg,,Stone Flowers
train,Stone Flowers/StoneFlowers57.jpg,,Stone Flowers
train,Stone Flowers/StoneFlowers377.jpg,,Stone Flowers
train,Stone Flowers/StoneFlowers812.jpg,,Stone Flowers
train,Stone Flowers/StoneFlowers211.jpg,,Stone Flowers
train,Stone Flowers/StoneFlowers113.jpg,,Stone Flowers
train,Stone Flowers/StoneFlowers10.jpg,,Stone Flowers
train,Stone Flowers/StoneFlowers355.jpg,,Stone Flowers
train,Stone Flowers/StoneFlowers295.jpg,,Stone Flowers
train,Stone Flowers/StoneFlowers385.jpg,,Stone Flowers
train,Stone Flowers/StoneFlowers687.jpg,,Stone Flowers
train,Stone Flowers/StoneFlowers703.jpg,,Stone Flowers
train,Stone Flowers/StoneFlowers328.jpg,,Stone Flowers
train,Stone Flowers/StoneFlowers239.jpg,,Stone Flowers
train,Stone Flowers/StoneFlowers15.jpg,,Stone Flowers
train,Stone Flowers/StoneFlowers265.jpg,,Stone Flowers
train,Stone Flowers/StoneFlowers786.jpg,,Stone Flowers
train,Stone Flowers/StoneFlowers467.jpg,,Stone Flowers
train,Stone Flowers/StoneFlowers417.jpg,,Stone Flowers
train,Stone Flowers/StoneFlowers372.jpg,,Stone Flowers
train,Stone Flowers/StoneFlowers454.jpg,,Stone Flowers
train,Stone Flowers/StoneFlowers223.jpg,,Stone Flowers
train,Stone Flowers/StoneFlowers876.jpg,,Stone Flowers
train,Stone Flowers/StoneFlowers654.jpg,,Stone Flowers
train,Stone Flowers/StoneFlowers779.jpg,,Stone Flowers
train,Stone Flowers/StoneFlowers383.jpg,,Stone Flowers
train,Stone Flowers/StoneFlowers268.jpg,,Stone Flowers
train,Stone Flowers/StoneFlowers767.jpg,,Stone Flowers
train,Stone Flowers/StoneFlowers470.jpg,,Stone Flowers
train,Stone Flowers/StoneFlowers59.jpg,,Stone Flowers
train,Stone Flowers/StoneFlowers624.jpg,,Stone Flowers
train,Stone Flowers/StoneFlowers860.jpg,,Stone Flowers
train,Stone Flowers/StoneFlowers8.jpg,,Stone Flowers
train,Stone Flowers/StoneFlowers365.jpg,,Stone Flowers
train,Stone Flowers/StoneFlowers757.jpg,,Stone Flowers
train,Stone Flowers/StoneFlowers805.jpg,,Stone Flowers
train,Stone Flowers/StoneFlowers317.jpg,,Stone Flowers
train,Stone Flowers/StoneFlowers487.jpg,,Stone Flowers
train,Stone Flowers/StoneFlowers3.jpg,,Stone Flowers
train,Stone Flowers/StoneFlowers543.jpg,,Stone Flowers
train,Stone Flowers/StoneFlowers679.jpg,,Stone Flowers
train,Stone Flowers/StoneFlowers465.jpg,,Stone Flowers
train,Stone Flowers/StoneFlowers563.jpg,,Stone Flowers
train,Stone Flowers/StoneFlowers521.jpg,,Stone Flowers
train,Stone Flowers/StoneFlowers662.jpg,,Stone Flowers
train,Stone Flowers/StoneFlowers237.jpg,,Stone Flowers
train,Stone Flowers/StoneFlowers266.jpg,,Stone Flowers
train,Stone Flowers/StoneFlowers661.jpg,,Stone Flowers
train,Stone Flowers/StoneFlowers648.jpg,,Stone Flowers
train,Stone Flowers/StoneFlowers247.jpg,,Stone Flowers
train,Stone Flowers/StoneFlowers523.jpg,,Stone Flowers
train,Stone Flowers/StoneFlowers186.jpg,,Stone Flowers
train,Stone Flowers/StoneFlowers133.jpg,,Stone Flowers
train,Stone Flowers/StoneFlowers42.jpg,,Stone Flowers
train,Stone Flowers/StoneFlowers804.jpg,,Stone Flowers
train,Stone Flowers/StoneFlowers481.jpg,,Stone Flowers
train,Stone Flowers/StoneFlowers715.jpg,,Stone Flowers
train,Stone Flowers/StoneFlowers557.jpg,,Stone Flowers
train,Stone Flowers/StoneFlowers112.jpg,,Stone Flowers
train,Stone Flowers/StoneFlowers554.jpg,,Stone Flowers
train,Stone Flowers/StoneFlowers713.jpg,,Stone Flowers
train,Stone Flowers/StoneFlowers47.jpg,,Stone Flowers
train,Stone Flowers/StoneFlowers390.jpg,,Stone Flowers
train,Stone Flowers/StoneFlowers851.jpg,,Stone Flowers
train,Stone Flowers/StoneFlowers348.jpg,,Stone Flowers
train,Stone Flowers/StoneFlowers153.jpg,,Stone Flowers
train,Stone Flowers/StoneFlowers170.jpg,,Stone Flowers
train,Stone Flowers/StoneFlowers127.jpg,,Stone Flowers
train,Stone Flowers/StoneFlowers342.jpg,,Stone Flowers
train,Stone Flowers/StoneFlowers756.jpg,,Stone Flowers
train,Stone Flowers/StoneFlowers717.jpg,,Stone Flowers
train,Stone Flowers/StoneFlowers693.jpg,,Stone Flowers
train,Stone Flowers/StoneFlowers747.jpg,,Stone Flowers
train,Stone Flowers/StoneFlowers540.jpg,,Stone Flowers
train,Stone Flowers/StoneFlowers78.jpg,,Stone Flowers
train,Stone Flowers/StoneFlowers796.jpg,,Stone Flowers
train,Stone Flowers/StoneFlowers643.jpg,,Stone Flowers
train,Stone Flowers/StoneFlowers152.jpg,,Stone Flowers
train,Stone Flowers/StoneFlowers27.jpg,,Stone Flowers
train,Stone Flowers/StoneFlowers246.jpg,,Stone Flowers
train,Stone Flowers/StoneFlowers90.jpg,,Stone Flowers
train,Stone Flowers/StoneFlowers636.jpg,,Stone Flowers
train,Stone Flowers/StoneFlowers305.jpg,,Stone Flowers
train,Stone Flowers/StoneFlowers508.jpg,,Stone Flowers
train,Stone Flowers/StoneFlowers726.jpg,,Stone Flowers
train,Stone Flowers/StoneFlowers711.jpg,,Stone Flowers
train,Stone Flowers/StoneFlowers320.jpg,,Stone Flowers
train,Stone Flowers/StoneFlowers245.jpg,,Stone Flowers
train,Stone Flowers/StoneFlowers761.jpg,,Stone Flowers
train,Stone Flowers/StoneFlowers252.jpg,,Stone Flowers
train,Stone Flowers/StoneFlowers160.jpg,,Stone Flowers
train,Stone Flowers/StoneFlowers278.jpg,,Stone Flowers
train,Stone Flowers/StoneFlowers462.jpg,,Stone Flowers
train,Stone Flowers/StoneFlowers507.jpg,,Stone Flowers
train,Stone Flowers/StoneFlowers440.jpg,,Stone Flowers
train,Stone Flowers/StoneFlowers422.jpg,,Stone Flowers
train,Stone Flowers/StoneFlowers398.jpg,,Stone Flowers
train,Stone Flowers/StoneFlowers329.jpg,,Stone Flowers
train,Stone Flowers/StoneFlowers238.jpg,,Stone Flowers
train,Stone Flowers/StoneFlowers88.jpg,,Stone Flowers
train,Stone Flowers/StoneFlowers474.jpg,,Stone Flowers
train,Stone Flowers/StoneFlowers432.jpg,,Stone Flowers
train,Stone Flowers/StoneFlowers374.jpg,,Stone Flowers
train,Stone Flowers/StoneFlowers71.jpg,,Stone Flowers
train,Stone Flowers/StoneFlowers424.jpg,,Stone Flowers
train,Stone Flowers/StoneFlowers129.jpg,,Stone Flowers
train,Stone Flowers/StoneFlowers526.jpg,,Stone Flowers
train,Stone Flowers/StoneFlowers493.jpg,,Stone Flowers
train,Stone Flowers/StoneFlowers197.jpg,,Stone Flowers
train,Stone Flowers/StoneFlowers511.jpg,,Stone Flowers
train,Stone Flowers/StoneFlowers813.jpg,,Stone Flowers
train,Stone Flowers/StoneFlowers244.jpg,,Stone Flowers
train,Stone Flowers/StoneFlowers75.jpg,,Stone Flowers
train,Stone Flowers/StoneFlowers502.jpg,,Stone Flowers
train,Stone Flowers/StoneFlowers179.jpg,,Stone Flowers
train,Stone Flowers/StoneFlowers539.jpg,,Stone Flowers
train,Stone Flowers/StoneFlowers782.jpg,,Stone Flowers
train,Stone Flowers/StoneFlowers820.jpg,,Stone Flowers
train,Stone Flowers/StoneFlowers198.jpg,,Stone Flowers
train,Stone Flowers/StoneFlowers205.jpg,,Stone Flowers
train,Stone Flowers/StoneFlowers91.jpg,,Stone Flowers
train,Stone Flowers/StoneFlowers297.jpg,,Stone Flowers
train,Stone Flowers/StoneFlowers791.jpg,,Stone Flowers
train,Stone Flowers/StoneFlowers349.jpg,,Stone Flowers
train,Stone Flowers/StoneFlowers458.jpg,,Stone Flowers
train,Stone Flowers/StoneFlowers187.jpg,,Stone Flowers
train,Stone Flowers/StoneFlowers358.jpg,,Stone Flowers
train,Stone Flowers/StoneFlowers248.jpg,,Stone Flowers
train,Stone Flowers/StoneFlowers619.jpg,,Stone Flowers
train,Stone Flowers/StoneFlowers852.jpg,,Stone Flowers
train,Stone Flowers/StoneFlowers335.jpg,,Stone Flowers
train,Stone Flowers/StoneFlowers553.jpg,,Stone Flowers
train,Stone Flowers/StoneFlowers456.jpg,,Stone Flowers
train,Stone Flowers/StoneFlowers376.jpg,,Stone Flowers
train,Stone Flowers/StoneFlowers176.jpg,,Stone Flowers
train,Stone Flowers/StoneFlowers143.jpg,,Stone Flowers
train,Stone Flowers/StoneFlowers20.jpg,,Stone Flowers
train,Stone Flowers/StoneFlowers819.jpg,,Stone Flowers
train,Stone Flowers/StoneFlowers188.jpg,,Stone Flowers
train,Stone Flowers/StoneFlowers254.jpg,,Stone Flowers
train,Stone Flowers/StoneFlowers105.jpg,,Stone Flowers
train,Stone Flowers/StoneFlowers111.jpg,,Stone Flowers
train,Stone Flowers/StoneFlowers770.jpg,,Stone Flowers
train,Stone Flowers/StoneFlowers641.jpg,,Stone Flowers
train,Stone Flowers/StoneFlowers615.jpg,,Stone Flowers
train,Stone Flowers/StoneFlowers191.jpg,,Stone Flowers
train,Stone Flowers/StoneFlowers618.jpg,,Stone Flowers
train,Stone Flowers/StoneFlowers709.jpg,,Stone Flowers
train,Stone Flowers/StoneFlowers677.jpg,,Stone Flowers
train,Stone Flowers/StoneFlowers73.jpg,,Stone Flowers
train,Stone Flowers/StoneFlowers743.jpg,,Stone Flowers
train,Stone Flowers/StoneFlowers752.jpg,,Stone Flowers
train,Stone Flowers/StoneFlowers100.jpg,,Stone Flowers
train,Stone Flowers/StoneFlowers600.jpg,,Stone Flowers
train,Stone Flowers/StoneFlowers122.jpg,,Stone Flowers
train,Stone Flowers/StoneFlowers303.jpg,,Stone Flowers
train,Stone Flowers/StoneFlowers597.jpg,,Stone Flowers
train,Stone Flowers/StoneFlowers825.jpg,,Stone Flowers
train,Stone Flowers/StoneFlowers146.jpg,,Stone Flowers
train,Stone Flowers/StoneFlowers395.jpg,,Stone Flowers
train,Stone Flowers/StoneFlowers642.jpg,,Stone Flowers
train,Stone Flowers/StoneFlowers750.jpg,,Stone Flowers
train,Stone Flowers/StoneFlowers120.jpg,,Stone Flowers
train,Stone Flowers/StoneFlowers302.jpg,,Stone Flowers
train,Stone Flowers/StoneFlowers545.jpg,,Stone Flowers
train,Stone Flowers/StoneFlowers344.jpg,,Stone Flowers
train,Stone Flowers/StoneFlowers114.jpg,,Stone Flowers
train,Stone Flowers/StoneFlowers199.jpg,,Stone Flowers
train,Stone Flowers/StoneFlowers497.jpg,,Stone Flowers
train,Stone Flowers/StoneFlowers67.jpg,,Stone Flowers
train,Stone Flowers/StoneFlowers301.jpg,,Stone Flowers
train,Stone Flowers/StoneFlowers17.jpg,,Stone Flowers
train,Stone Flowers/StoneFlowers224.jpg,,Stone Flowers
train,Stone Flowers/StoneFlowers771.jpg,,Stone Flowers
train,Stone Flowers/StoneFlowers787.jpg,,Stone Flowers
train,Stone Flowers/StoneFlowers436.jpg,,Stone Flowers
train,Stone Flowers/StoneFlowers809.jpg,,Stone Flowers
train,Stone Flowers/StoneFlowers690.jpg,,Stone Flowers
train,Stone Flowers/StoneFlowers616.jpg,,Stone Flowers
train,Stone Flowers/StoneFlowers345.jpg,,Stone Flowers
train,Stone Flowers/StoneFlowers156.jpg,,Stone Flowers
train,Stone Flowers/StoneFlowers869.jpg,,Stone Flowers
train,Stone Flowers/StoneFlowers180.jpg,,Stone Flowers
train,Stone Flowers/StoneFlowers145.jpg,,Stone Flowers
train,Stone Flowers/StoneFlowers379.jpg,,Stone Flowers
train,Stone Flowers/StoneFlowers609.jpg,,Stone Flowers
train,Stone Flowers/StoneFlowers621.jpg,,Stone Flowers
train,Stone Flowers/StoneFlowers173.jpg,,Stone Flowers
train,Stone Flowers/StoneFlowers598.jpg,,Stone Flowers
train,Stone Flowers/StoneFlowers316.jpg,,Stone Flowers
train,Stone Flowers/StoneFlowers570.jpg,,Stone Flowers
train,Stone Flowers/StoneFlowers704.jpg,,Stone Flowers
train,Stone Flowers/StoneFlowers428.jpg,,Stone Flowers
train,Stone Flowers/StoneFlowers210.jpg,,Stone Flowers
train,Stone Flowers/StoneFlowers587.jpg,,Stone Flowers
train,Stone Flowers/StoneFlowers351.jpg,,Stone Flowers
train,Stone Flowers/StoneFlowers684.jpg,,Stone Flowers
train,Stone Flowers/StoneFlowers564.jpg,,Stone Flowers
train,Stone Flowers/StoneFlowers774.jpg,,Stone Flowers
train,Stone Flowers/StoneFlowers95.jpg,,Stone Flowers
train,Stone Flowers/StoneFlowers312.jpg,,Stone Flowers
train,Stone Flowers/StoneFlowers833.jpg,,Stone Flowers
train,Stone Flowers/StoneFlowers25.jpg,,Stone Flowers
train,Stone Flowers/StoneFlowers161.jpg,,Stone Flowers
train,Stone Flowers/StoneFlowers546.jpg,,Stone Flowers
train,Stone Flowers/StoneFlowers722.jpg,,Stone Flowers
train,Stone Flowers/StoneFlowers214.jpg,,Stone Flowers
train,Stone Flowers/StoneFlowers103.jpg,,Stone Flowers
train,Stone Flowers/StoneFlowers116.jpg,,Stone Flowers
train,Stone Flowers/StoneFlowers861.jpg,,Stone Flowers
train,Stone Flowers/StoneFlowers189.jpg,,Stone Flowers
train,Stone Flowers/StoneFlowers719.jpg,,Stone Flowers
train,Stone Flowers/StoneFlowers766.jpg,,Stone Flowers
train,Stone Flowers/StoneFlowers566.jpg,,Stone Flowers
train,Stone Flowers/StoneFlowers645.jpg,,Stone Flowers
train,Stone Flowers/StoneFlowers697.jpg,,Stone Flowers
train,Stone Flowers/StoneFlowers612.jpg,,Stone Flowers
train,Stone Flowers/StoneFlowers41.jpg,,Stone Flowers
train,Stone Flowers/StoneFlowers419.jpg,,Stone Flowers
train,Stone Flowers/StoneFlowers394.jpg,,Stone Flowers
train,Stone Flowers/StoneFlowers706.jpg,,Stone Flowers
train,Stone Flowers/StoneFlowers110.jpg,,Stone Flowers
train,Stone Flowers/StoneFlowers517.jpg,,Stone Flowers
train,Stone Flowers/StoneFlowers625.jpg,,Stone Flowers
train,Stone Flowers/StoneFlowers332.jpg,,Stone Flowers
train,Stone Flowers/StoneFlowers582.jpg,,Stone Flowers
train,Stone Flowers/StoneFlowers735.jpg,,Stone Flowers
train,Stone Flowers/StoneFlowers664.jpg,,Stone Flowers
train,Stone Flowers/StoneFlowers605.jpg,,Stone Flowers
train,Stone Flowers/StoneFlowers742.jpg,,Stone Flowers
train,Stone Flowers/StoneFlowers829.jpg,,Stone Flowers
train,Stone Flowers/StoneFlowers459.jpg,,Stone Flowers
train,Stone Flowers/StoneFlowers452.jpg,,Stone Flowers
train,Stone Flowers/StoneFlowers331.jpg,,Stone Flowers
train,Stone Flowers/StoneFlowers147.jpg,,Stone Flowers
train,Stone Flowers/StoneFlowers698.jpg,,Stone Flowers
train,Stone Flowers/StoneFlowers653.jpg,,Stone Flowers
train,Stone Flowers/StoneFlowers808.jpg,,Stone Flowers
train,Stone Flowers/StoneFlowers155.jpg,,Stone Flowers
train,Stone Flowers/StoneFlowers659.jpg,,Stone Flowers
train,Stone Flowers/StoneFlowers594.jpg,,Stone Flowers
train,Stone Flowers/StoneFlowers573.jpg,,Stone Flowers
train,Stone Flowers/StoneFlowers326.jpg,,Stone Flowers
train,Stone Flowers/StoneFlowers588.jpg,,Stone Flowers
train,Stone Flowers/StoneFlowers431.jpg,,Stone Flowers
train,Stone Flowers/StoneFlowers806.jpg,,Stone Flowers
train,Stone Flowers/StoneFlowers604.jpg,,Stone Flowers
train,Stone Flowers/StoneFlowers13.jpg,,Stone Flowers
train,Stone Flowers/StoneFlowers650.jpg,,Stone Flowers
train,Stone Flowers/StoneFlowers87.jpg,,Stone Flowers
train,Stone Flowers/StoneFlowers347.jpg,,Stone Flowers
train,Stone Flowers/StoneFlowers389.jpg,,Stone Flowers
train,Stone Flowers/StoneFlowers775.jpg,,Stone Flowers
train,Stone Flowers/StoneFlowers66.jpg,,Stone Flowers
train,Stone Flowers/StoneFlowers209.jpg,,Stone Flowers
train,Stone Flowers/StoneFlowers780.jpg,,Stone Flowers
train,Stone Flowers/StoneFlowers49.jpg,,Stone Flowers
train,Stone Flowers/StoneFlowers65.jpg,,Stone Flowers
train,Stone Flowers/StoneFlowers142.jpg,,Stone Flowers
train,Stone Flowers/StoneFlowers520.jpg,,Stone Flowers
train,Stone Flowers/StoneFlowers420.jpg,,Stone Flowers
train,Stone Flowers/StoneFlowers183.jpg,,Stone Flowers
train,Stone Flowers/StoneFlowers649.jpg,,Stone Flowers
train,Stone Flowers/StoneFlowers760.jpg,,Stone Flowers
train,Stone Flowers/StoneFlowers634.jpg,,Stone Flowers
train,Stone Flowers/StoneFlowers548.jpg,,Stone Flowers
train,Stone Flowers/StoneFlowers437.jpg,,Stone Flowers
train,Stone Flowers/StoneFlowers867.jpg,,Stone Flowers
train,Stone Flowers/StoneFlowers181.jpg,,Stone Flowers
train,Stone Flowers/StoneFlowers213.jpg,,Stone Flowers
train,Stone Flowers/StoneFlowers86.jpg,,Stone Flowers
train,Stone Flowers/StoneFlowers18.jpg,,Stone Flowers
train,Stone Flowers/StoneFlowers603.jpg,,Stone Flowers
train,Stone Flowers/StoneFlowers472.jpg,,Stone Flowers
train,Stone Flowers/StoneFlowers479.jpg,,Stone Flowers
train,Stone Flowers/StoneFlowers7.jpg,,Stone Flowers
train,Stone Flowers/StoneFlowers811.jpg,,Stone Flowers
train,Stone Flowers/StoneFlowers835.jpg,,Stone Flowers
train,Stone Flowers/StoneFlowers700.jpg,,Stone Flowers
train,Stone Flowers/StoneFlowers427.jpg,,Stone Flowers
train,Stone Flowers/StoneFlowers488.jpg,,Stone Flowers
train,Stone Flowers/StoneFlowers421.jpg,,Stone Flowers
train,Stone Flowers/StoneFlowers259.jpg,,Stone Flowers
train,Stone Flowers/StoneFlowers630.jpg,,Stone Flowers
train,Stone Flowers/StoneFlowers505.jpg,,Stone Flowers
train,Stone Flowers/StoneFlowers397.jpg,,Stone Flowers
train,Stone Flowers/StoneFlowers758.jpg,,Stone Flowers
train,Stone Flowers/StoneFlowers140.jpg,,Stone Flowers
train,Stone Flowers/StoneFlowers725.jpg,,Stone Flowers
train,Stone Flowers/StoneFlowers117.jpg,,Stone Flowers
train,Stone Flowers/StoneFlowers541.jpg,,Stone Flowers
train,Stone Flowers/StoneFlowers311.jpg,,Stone Flowers
train,Stone Flowers/StoneFlowers748.jpg,,Stone Flowers
train,Stone Flowers/StoneFlowers783.jpg,,Stone Flowers
train,Stone Flowers/StoneFlowers799.jpg,,Stone Flowers
train,Stone Flowers/StoneFlowers361.jpg,,Stone Flowers
train,Stone Flowers/StoneFlowers519.jpg,,Stone Flowers
train,Stone Flowers/StoneFlowers250.jpg,,Stone Flowers
train,Stone Flowers/StoneFlowers341.jpg,,Stone Flowers
train,Stone Flowers/StoneFlowers212.jpg,,Stone Flowers
train,Stone Flowers/StoneFlowers838.jpg,,Stone Flowers
train,Stone Flowers/StoneFlowers815.jpg,,Stone Flowers
train,Stone Flowers/StoneFlowers283.jpg,,Stone Flowers
train,Stone Flowers/StoneFlowers48.jpg,,Stone Flowers
train,Stone Flowers/StoneFlowers580.jpg,,Stone Flowers
train,Stone Flowers/StoneFlowers821.jpg,,Stone Flowers
train,Stone Flowers/StoneFlowers866.jpg,,Stone Flowers
train,Stone Flowers/StoneFlowers846.jpg,,Stone Flowers
train,Stone Flowers/StoneFlowers841.jpg,,Stone Flowers
train,Stone Flowers/StoneFlowers644.jpg,,Stone Flowers
train,Stone Flowers/StoneFlowers31.jpg,,Stone Flowers
train,Stone Flowers/StoneFlowers414.jpg,,Stone Flowers
train,Stone Flowers/StoneFlowers803.jpg,,Stone Flowers
train,Stone Flowers/StoneFlowers330.jpg,,Stone Flowers
train,Stone Flowers/StoneFlowers778.jpg,,Stone Flowers
train,Stone Flowers/StoneFlowers37.jpg,,Stone Flowers
train,Stone Flowers/StoneFlowers549.jpg,,Stone Flowers
train,Stone Flowers/StoneFlowers868.jpg,,Stone Flowers
train,Stone Flowers/StoneFlowers364.jpg,,Stone Flowers
train,Stone Flowers/StoneFlowers647.jpg,,Stone Flowers
train,Stone Flowers/StoneFlowers172.jpg,,Stone Flowers
train,Stone Flowers/StoneFlowers856.jpg,,Stone Flowers
train,Stone Flowers/StoneFlowers405.jpg,,Stone Flowers
train,Stone Flowers/StoneFlowers607.jpg,,Stone Flowers
train,Stone Flowers/StoneFlowers676.jpg,,Stone Flowers
train,Stone Flowers/StoneFlowers299.jpg,,Stone Flowers
train,Stone Flowers/StoneFlowers241.jpg,,Stone Flowers
train,Stone Flowers/StoneFlowers552.jpg,,Stone Flowers
train,Stone Flowers/StoneFlowers50.jpg,,Stone Flowers
train,Stone Flowers/StoneFlowers727.jpg,,Stone Flowers
train,Stone Flowers/StoneFlowers194.jpg,,Stone Flowers
train,Stone Flowers/StoneFlowers499.jpg,,Stone Flowers
train,Stone Flowers/StoneFlowers586.jpg,,Stone Flowers
train,Stone Flowers/StoneFlowers54.jpg,,Stone Flowers
train,Stone Flowers/StoneFlowers798.jpg,,Stone Flowers
train,Stone Flowers/StoneFlowers130.jpg,,Stone Flowers
train,Stone Flowers/StoneFlowers441.jpg,,Stone Flowers
train,Stone Flowers/StoneFlowers816.jpg,,Stone Flowers
train,Stone Flowers/StoneFlowers830.jpg,,Stone Flowers
train,Stone Flowers/StoneFlowers218.jpg,,Stone Flowers
train,Stone Flowers/StoneFlowers772.jpg,,Stone Flowers
train,Stone Flowers/StoneFlowers696.jpg,,Stone Flowers
train,Stone Flowers/StoneFlowers592.jpg,,Stone Flowers
train,Stone Flowers/StoneFlowers478.jpg,,Stone Flowers
train,Stone Flowers/StoneFlowers40.jpg,,Stone Flowers
train,Stone Flowers/StoneFlowers583.jpg,,Stone Flowers
train,Stone Flowers/StoneFlowers109.jpg,,Stone Flowers
train,Stone Flowers/StoneFlowers863.jpg,,Stone Flowers
train,Stone Flowers/StoneFlowers857.jpg,,Stone Flowers
train,Stone Flowers/StoneFlowers827.jpg,,Stone Flowers
train,Stone Flowers/StoneFlowers576.jpg,,Stone Flowers
train,Stone Flowers/StoneFlowers864.jpg,,Stone Flowers
train,Stone Flowers/StoneFlowers313.jpg,,Stone Flowers
train,Stone Flowers/StoneFlowers81.jpg,,Stone Flowers
train,Stone Flowers/StoneFlowers790.jpg,,Stone Flowers
train,Stone Flowers/StoneFlowers754.jpg,,Stone Flowers
train,Stone Flowers/StoneFlowers163.jpg,,Stone Flowers
train,Stone Flowers/StoneFlowers792.jpg,,Stone Flowers
train,Stone Flowers/StoneFlowers271.jpg,,Stone Flowers
train,Stone Flowers/StoneFlowers123.jpg,,Stone Flowers
train,Stone Flowers/StoneFlowers732.jpg,,Stone Flowers
train,Stone Flowers/StoneFlowers871.jpg,,Stone Flowers
train,Stone Flowers/StoneFlowers262.jpg,,Stone Flowers
train,Stone Flowers/StoneFlowers195.jpg,,Stone Flowers
train,Stone Flowers/StoneFlowers764.jpg,,Stone Flowers
train,Stone Flowers/StoneFlowers185.jpg,,Stone Flowers
train,Stone Flowers/StoneFlowers38.jpg,,Stone Flowers
train,Stone Flowers/StoneFlowers773.jpg,,Stone Flowers
train,Stone Flowers/StoneFlowers83.jpg,,Stone Flowers
train,Stone Flowers/StoneFlowers2.jpg,,Stone Flowers
train,Stone Flowers/StoneFlowers537.jpg,,Stone Flowers
train,Stone Flowers/StoneFlowers62.jpg,,Stone Flowers
train,Stone Flowers/StoneFlowers455.jpg,,Stone Flowers
train,Stone Flowers/StoneFlowers158.jpg,,Stone Flowers
train,Stone Flowers/StoneFlowers601.jpg,,Stone Flowers
train,Stone Flowers/StoneFlowers288.jpg,,Stone Flowers
train,Stone Flowers/StoneFlowers450.jpg,,Stone Flowers
train,Stone Flowers/StoneFlowers46.jpg,,Stone Flowers
train,Stone Flowers/StoneFlowers403.jpg,,Stone Flowers
train,Stone Flowers/StoneFlowers240.jpg,,Stone Flowers
train,Stone Flowers/StoneFlowers611.jpg,,Stone Flowers
train,Stone Flowers/StoneFlowers128.jpg,,Stone Flowers
train,Stone Flowers/StoneFlowers12.jpg,,Stone Flowers
train,Stone Flowers/StoneFlowers4.jpg,,Stone Flowers
train,Stone Flowers/StoneFlowers744.jpg,,Stone Flowers
train,Stone Flowers/StoneFlowers595.jpg,,Stone Flowers
train,Stone Flowers/StoneFlowers733.jpg,,Stone Flowers
train,Stone Flowers/StoneFlowers707.jpg,,Stone Flowers
train,Stone Flowers/StoneFlowers486.jpg,,Stone Flowers
train,Stone Flowers/StoneFlowers306.jpg,,Stone Flowers
train,Stone Flowers/StoneFlowers785.jpg,,Stone Flowers
train,Stone Flowers/StoneFlowers426.jpg,,Stone Flowers
train,Stone Flowers/StoneFlowers56.jpg,,Stone Flowers
train,Stone Flowers/StoneFlowers107.jpg,,Stone Flowers
train,Stone Flowers/StoneFlowers77.jpg,,Stone Flowers
train,Stone Flowers/StoneFlowers217.jpg,,Stone Flowers
train,Stone Flowers/StoneFlowers227.jpg,,Stone Flowers
train,Stone Flowers/StoneFlowers695.jpg,,Stone Flowers
train,Stone Flowers/StoneFlowers793.jpg,,Stone Flowers
train,Stone Flowers/StoneFlowers613.jpg,,Stone Flowers
train,Stone Flowers/StoneFlowers513.jpg,,Stone Flowers
train,Stone Flowers/StoneFlowers503.jpg,,Stone Flowers
train,Stone Flowers/StoneFlowers629.jpg,,Stone Flowers
train,Stone Flowers/StoneFlowers484.jpg,,Stone Flowers
train,Stone Flowers/StoneFlowers749.jpg,,Stone Flowers
train,Stone Flowers/StoneFlowers272.jpg,,Stone Flowers
train,Stone Flowers/StoneFlowers388.jpg,,Stone Flowers
train,Stone Flowers/StoneFlowers178.jpg,,Stone Flowers
train,Stone Flowers/StoneFlowers412.jpg,,Stone Flowers
train,Stone Flowers/StoneFlowers524.jpg,,Stone Flowers
train,Stone Flowers/StoneFlowers530.jpg,,Stone Flowers
train,Stone Flowers/StoneFlowers608.jpg,,Stone Flowers
train,Stone Flowers/StoneFlowers575.jpg,,Stone Flowers
train,Stone Flowers/StoneFlowers668.jpg,,Stone Flowers
train,Stone Flowers/StoneFlowers712.jpg,,Stone Flowers
train,Stone Flowers/StoneFlowers731.jpg,,Stone Flowers
train,Stone Flowers/StoneFlowers308.jpg,,Stone Flowers
train,Stone Flowers/StoneFlowers658.jpg,,Stone Flowers
train,Stone Flowers/StoneFlowers466.jpg,,Stone Flowers
train,Stone Flowers/StoneFlowers740.jpg,,Stone Flowers
train,Stone Flowers/StoneFlowers682.jpg,,Stone Flowers
train,Stone Flowers/StoneFlowers534.jpg,,Stone Flowers
train,Stone Flowers/StoneFlowers11.jpg,,Stone Flowers
train,Stone Flowers/StoneFlowers633.jpg,,Stone Flowers
train,Stone Flowers/StoneFlowers473.jpg,,Stone Flowers
train,Stone Flowers/StoneFlowers471.jpg,,Stone Flowers
train,Stone Flowers/StoneFlowers418.jpg,,Stone Flowers
train,Stone Flowers/StoneFlowers359.jpg,,Stone Flowers
train,Stone Flowers/StoneFlowers831.jpg,,Stone Flowers
train,Stone Flowers/StoneFlowers862.jpg,,Stone Flowers
train,Stone Flowers/StoneFlowers34.jpg,,Stone Flowers
train,Stone Flowers/StoneFlowers60.jpg,,Stone Flowers
train,Stone Flowers/StoneFlowers226.jpg,,Stone Flowers
train,Stone Flowers/StoneFlowers275.jpg,,Stone Flowers
train,Stone Flowers/StoneFlowers352.jpg,,Stone Flowers
train,Stone Flowers/StoneFlowers378.jpg,,Stone Flowers
train,Stone Flowers/StoneFlowers33.jpg,,Stone Flowers
train,Stone Flowers/StoneFlowers402.jpg,,Stone Flowers
train,Stone Flowers/StoneFlowers280.jpg,,Stone Flowers
train,Stone Flowers/StoneFlowers406.jpg,,Stone Flowers
train,Stone Flowers/StoneFlowers849.jpg,,Stone Flowers
train,Stone Flowers/StoneFlowers660.jpg,,Stone Flowers
train,Stone Flowers/StoneFlowers134.jpg,,Stone Flowers
train,Stone Flowers/StoneFlowers875.jpg,,Stone Flowers
train,Stone Flowers/StoneFlowers165.jpg,,Stone Flowers
train,Stone Flowers/StoneFlowers759.jpg,,Stone Flowers
train,Stone Flowers/StoneFlowers19.jpg,,Stone Flowers
train,Stone Flowers/StoneFlowers309.jpg,,Stone Flowers
train,Stone Flowers/StoneFlowers354.jpg,,Stone Flowers
train,Stone Flowers/StoneFlowers171.jpg,,Stone Flowers
train,Stone Flowers/StoneFlowers602.jpg,,Stone Flowers
train,Stone Flowers/StoneFlowers877.jpg,,Stone Flowers
train,Stone Flowers/StoneFlowers561.jpg,,Stone Flowers
train,Stone Flowers/StoneFlowers741.jpg,,Stone Flowers
train,Stone Flowers/StoneFlowers175.jpg,,Stone Flowers
train,Stone Flowers/StoneFlowers43.jpg,,Stone Flowers
train,Stone Flowers/StoneFlowers169.jpg,,Stone Flowers
train,Stone Flowers/StoneFlowers343.jpg,,Stone Flowers
train,Stone Flowers/StoneFlowers314.jpg,,Stone Flowers
train,Stone Flowers/StoneFlowers506.jpg,,Stone Flowers
train,Stone Flowers/StoneFlowers718.jpg,,Stone Flowers
train,Stone Flowers/StoneFlowers121.jpg,,Stone Flowers
train,Stone Flowers/StoneFlowers451.jpg,,Stone Flowers
train,Stone Flowers/StoneFlowers350.jpg,,Stone Flowers
train,Stone Flowers/StoneFlowers391.jpg,,Stone Flowers
train,Stone Flowers/StoneFlowers558.jpg,,Stone Flowers
train,Stone Flowers/StoneFlowers438.jpg,,Stone Flowers
train,Stone Flowers/StoneFlowers476.jpg,,Stone Flowers
train,Stone Flowers/StoneFlowers498.jpg,,Stone Flowers
train,Stone Flowers/StoneFlowers839.jpg,,Stone Flowers
train,Stone Flowers/StoneFlowers514.jpg,,Stone Flowers
train,Stone Flowers/StoneFlowers492.jpg,,Stone Flowers
train,Stone Flowers/StoneFlowers409.jpg,,Stone Flowers
train,Stone Flowers/StoneFlowers672.jpg,,Stone Flowers
train,Stone Flowers/StoneFlowers571.jpg,,Stone Flowers
train,Stone Flowers/StoneFlowers528.jpg,,Stone Flowers
train,Stone Flowers/StoneFlowers137.jpg,,Stone Flowers
train,Stone Flowers/StoneFlowers765.jpg,,Stone Flowers
train,Stone Flowers/StoneFlowers82.jpg,,Stone Flowers
train,Stone Flowers/StoneFlowers423.jpg,,Stone Flowers
train,Stone Flowers/StoneFlowers72.jpg,,Stone Flowers
train,Stone Flowers/StoneFlowers97.jpg,,Stone Flowers
train,Stone Flowers/StoneFlowers371.jpg,,Stone Flowers
train,Stone Flowers/StoneFlowers692.jpg,,Stone Flowers
train,Stone Flowers/StoneFlowers222.jpg,,Stone Flowers
train,Stone Flowers/StoneFlowers177.jpg,,Stone Flowers
train,Stone Flowers/StoneFlowers606.jpg,,Stone Flowers
train,Stone Flowers/StoneFlowers333.jpg,,Stone Flowers
train,Stone Flowers/StoneFlowers721.jpg,,Stone Flowers
train,Stone Flowers/StoneFlowers243.jpg,,Stone Flowers
train,Stone Flowers/StoneFlowers626.jpg,,Stone Flowers
train,Stone Flowers/StoneFlowers447.jpg,,Stone Flowers
train,Stone Flowers/StoneFlowers491.jpg,,Stone Flowers
train,Stone Flowers/StoneFlowers381.jpg,,Stone Flowers
train,Stone Flowers/StoneFlowers30.jpg,,Stone Flowers
train,Stone Flowers/StoneFlowers464.jpg,,Stone Flowers
train,Stone Flowers/StoneFlowers315.jpg,,Stone Flowers
train,Stone Flowers/StoneFlowers515.jpg,,Stone Flowers
train,Stone Flowers/StoneFlowers286.jpg,,Stone Flowers
train,Stone Flowers/StoneFlowers789.jpg,,Stone Flowers
train,Stone Flowers/StoneFlowers290.jpg,,Stone Flowers
train,Stone Flowers/StoneFlowers132.jpg,,Stone Flowers
train,Stone Flowers/StoneFlowers699.jpg,,Stone Flowers
train,Stone Flowers/StoneFlowers872.jpg,,Stone Flowers
train,Stone Flowers/StoneFlowers688.jpg,,Stone Flowers
train,Stone Flowers/StoneFlowers469.jpg,,Stone Flowers
train,Stone Flowers/StoneFlowers635.jpg,,Stone Flowers
train,Stone Flowers/StoneFlowers346.jpg,,Stone Flowers
train,Stone Flowers/StoneFlowers536.jpg,,Stone Flowers
train,Stone Flowers/StoneFlowers555.jpg,,Stone Flowers
train,Stone Flowers/StoneFlowers544.jpg,,Stone Flowers
train,Stone Flowers/StoneFlowers584.jpg,,Stone Flowers
train,Stone Flowers/StoneFlowers443.jpg,,Stone Flowers
train,Stone Flowers/StoneFlowers396.jpg,,Stone Flowers
train,Stone Flowers/StoneFlowers264.jpg,,Stone Flowers
train,Stone Flowers/StoneFlowers527.jpg,,Stone Flowers
train,Stone Flowers/StoneFlowers578.jpg,,Stone Flowers
train,Stone Flowers/StoneFlowers559.jpg,,Stone Flowers
train,Stone Flowers/StoneFlowers751.jpg,,Stone Flowers
train,Stone Flowers/StoneFlowers569.jpg,,Stone Flowers
train,Stone Flowers/StoneFlowers694.jpg,,Stone Flowers
train,Stone Flowers/StoneFlowers457.jpg,,Stone Flowers
train,Stone Flowers/StoneFlowers734.jpg,,Stone Flowers
train,Stone Flowers/StoneFlowers253.jpg,,Stone Flowers
train,Stone Flowers/StoneFlowers76.jpg,,Stone Flowers
train,Stone Flowers/StoneFlowers666.jpg,,Stone Flowers
train,Stone Flowers/StoneFlowers710.jpg,,Stone Flowers
train,Stone Flowers/StoneFlowers532.jpg,,Stone Flowers
val,Stone Flowers/StoneFlowers174.jpg,,Stone Flowers
val,Stone Flowers/StoneFlowers292.jpg,,Stone Flowers
val,Stone Flowers/StoneFlowers55.jpg,,Stone Flowers
val,Stone Flowers/StoneFlowers89.jpg,,Stone Flowers
val,Stone Flowers/StoneFlowers568.jpg,,Stone Flowers
val,Stone Flowers/StoneFlowers215.jpg,,Stone Flowers
val,Stone Flowers/StoneFlowers357.jpg,,Stone Flowers
val,Stone Flowers/StoneFlowers68.jpg,,Stone Flowers
val,Stone Flowers/StoneFlowers148.jpg,,Stone Flowers
val,Stone Flowers/StoneFlowers327.jpg,,Stone Flowers
val,Stone Flowers/StoneFlowers400.jpg,,Stone Flowers
val,Stone Flowers/StoneFlowers236.jpg,,Stone Flowers
val,Stone Flowers/StoneFlowers370.jpg,,Stone Flowers
val,Stone Flowers/StoneFlowers593.jpg,,Stone Flowers
val,Stone Flowers/StoneFlowers843.jpg,,Stone Flowers
val,Stone Flowers/StoneFlowers640.jpg,,Stone Flowers
val,Stone Flowers/StoneFlowers832.jpg,,Stone Flowers
val,Stone Flowers/StoneFlowers141.jpg,,Stone Flowers
val,Stone Flowers/StoneFlowers324.jpg,,Stone Flowers
val,Stone Flowers/StoneFlowers686.jpg,,Stone Flowers
val,Stone Flowers/StoneFlowers495.jpg,,Stone Flowers
val,Stone Flowers/StoneFlowers651.jpg,,Stone Flowers
val,Stone Flowers/StoneFlowers392.jpg,,Stone Flowers
val,Stone Flowers/StoneFlowers444.jpg,,Stone Flowers
val,Stone Flowers/StoneFlowers840.jpg,,Stone Flowers
val,Stone Flowers/StoneFlowers448.jpg,,Stone Flowers
val,Stone Flowers/StoneFlowers590.jpg,,Stone Flowers
val,Stone Flowers/StoneFlowers276.jpg,,Stone Flowers
val,Stone Flowers/StoneFlowers274.jpg,,Stone Flowers
val,Stone Flowers/StoneFlowers219.jpg,,Stone Flowers
val,Stone Flowers/StoneFlowers231.jpg,,Stone Flowers
val,Stone Flowers/StoneFlowers208.jpg,,Stone Flowers
val,Stone Flowers/StoneFlowers159.jpg,,Stone Flowers
val,Stone Flowers/StoneFlowers755.jpg,,Stone Flowers
val,Stone Flowers/StoneFlowers5.jpg,,Stone Flowers
val,Stone Flowers/StoneFlowers818.jpg,,Stone Flowers
val,Stone Flowers/StoneFlowers585.jpg,,Stone Flowers
val,Stone Flowers/StoneFlowers257.jpg,,Stone Flowers
val,Stone Flowers/StoneFlowers708.jpg,,Stone Flowers
val,Stone Flowers/StoneFlowers442.jpg,,Stone Flowers
val,Stone Flowers/StoneFlowers44.jpg,,Stone Flowers
val,Stone Flowers/StoneFlowers32.jpg,,Stone Flowers
val,Stone Flowers/StoneFlowers52.jpg,,Stone Flowers
val,Stone Flowers/StoneFlowers380.jpg,,Stone Flowers
val,Stone Flowers/StoneFlowers293.jpg,,Stone Flowers
val,Stone Flowers/StoneFlowers410.jpg,,Stone Flowers
val,Stone Flowers/StoneFlowers200.jpg,,Stone Flowers
val,Stone Flowers/StoneFlowers702.jpg,,Stone Flowers
val,Stone Flowers/StoneFlowers449.jpg,,Stone Flowers
val,Stone Flowers/StoneFlowers94.jpg,,Stone Flowers
val,Stone Flowers/StoneFlowers723.jpg,,Stone Flowers
val,Stone Flowers/StoneFlowers118.jpg,,Stone Flowers
val,Stone Flowers/StoneFlowers192.jpg,,Stone Flowers
val,Stone Flowers/StoneFlowers788.jpg,,Stone Flowers
val,Stone Flowers/StoneFlowers261.jpg,,Stone Flowers
val,Stone Flowers/StoneFlowers119.jpg,,Stone Flowers
val,Stone Flowers/StoneFlowers85.jpg,,Stone Flowers
val,Stone Flowers/StoneFlowers263.jpg,,Stone Flowers
val,Stone Flowers/StoneFlowers325.jpg,,Stone Flowers
val,Stone Flowers/StoneFlowers61.jpg,,Stone Flowers
val,Stone Flowers/StoneFlowers411.jpg,,Stone Flowers
val,Stone Flowers/StoneFlowers79.jpg,,Stone Flowers
val,Stone Flowers/StoneFlowers762.jpg,,Stone Flowers
val,Stone Flowers/StoneFlowers340.jpg,,Stone Flowers
val,Stone Flowers/StoneFlowers824.jpg,,Stone Flowers
val,Stone Flowers/StoneFlowers26.jpg,,Stone Flowers
val,Stone Flowers/StoneFlowers360.jpg,,Stone Flowers
val,Stone Flowers/StoneFlowers281.jpg,,Stone Flowers
val,Stone Flowers/StoneFlowers282.jpg,,Stone Flowers
val,Stone Flowers/StoneFlowers802.jpg,,Stone Flowers
val,Stone Flowers/StoneFlowers139.jpg,,Stone Flowers
val,Stone Flowers/StoneFlowers430.jpg,,Stone Flowers
val,Stone Flowers/StoneFlowers639.jpg,,Stone Flowers
val,Stone Flowers/StoneFlowers681.jpg,,Stone Flowers
val,Stone Flowers/StoneFlowers279.jpg,,Stone Flowers
val,Stone Flowers/StoneFlowers504.jpg,,Stone Flowers
val,Stone Flowers/StoneFlowers367.jpg,,Stone Flowers
val,Stone Flowers/StoneFlowers23.jpg,,Stone Flowers
val,Stone Flowers/StoneFlowers204.jpg,,Stone Flowers
val,Stone Flowers/StoneFlowers610.jpg,,Stone Flowers
val,Stone Flowers/StoneFlowers126.jpg,,Stone Flowers
val,Stone Flowers/StoneFlowers874.jpg,,Stone Flowers
val,Stone Flowers/StoneFlowers167.jpg,,Stone Flowers
val,Stone Flowers/StoneFlowers108.jpg,,Stone Flowers
val,Stone Flowers/StoneFlowers433.jpg,,Stone Flowers
val,Stone Flowers/StoneFlowers104.jpg,,Stone Flowers
val,Stone Flowers/StoneFlowers269.jpg,,Stone Flowers
test,Stone Flowers/StoneFlowers468.jpg,,Stone Flowers
test,Stone Flowers/StoneFlowers289.jpg,,Stone Flowers
test,Stone Flowers/StoneFlowers445.jpg,,Stone Flowers
test,Stone Flowers/StoneFlowers781.jpg,,Stone Flowers
test,Stone Flowers/StoneFlowers836.jpg,,Stone Flowers
test,Stone Flowers/StoneFlowers807.jpg,,Stone Flowers
test,Stone Flowers/StoneFlowers777.jpg,,Stone Flowers
test,Stone Flowers/StoneFlowers542.jpg,,Stone Flowers
test,Stone Flowers/StoneFlowers319.jpg,,Stone Flowers
test,Stone Flowers/StoneFlowers296.jpg,,Stone Flowers
test,Stone Flowers/StoneFlowers674.jpg,,Stone Flowers
test,Stone Flowers/StoneFlowers529.jpg,,Stone Flowers
test,Stone Flowers/StoneFlowers310.jpg,,Stone Flowers
test,Stone Flowers/StoneFlowers837.jpg,,Stone Flowers
test,Stone Flowers/StoneFlowers304.jpg,,Stone Flowers
test,Stone Flowers/StoneFlowers689.jpg,,Stone Flowers
test,Stone Flowers/StoneFlowers101.jpg,,Stone Flowers
test,Stone Flowers/StoneFlowers300.jpg,,Stone Flowers
test,Stone Flowers/StoneFlowers556.jpg,,Stone Flowers
test,Stone Flowers/StoneFlowers138.jpg,,Stone Flowers
test,Stone Flowers/StoneFlowers518.jpg,,Stone Flowers
test,Stone Flowers/StoneFlowers196.jpg,,Stone Flowers
test,Stone Flowers/StoneFlowers249.jpg,,Stone Flowers
test,Stone Flowers/StoneFlowers401.jpg,,Stone Flowers
test,Stone Flowers/StoneFlowers485.jpg,,Stone Flowers
test,Stone Flowers/StoneFlowers375.jpg,,Stone Flowers
test,Stone Flowers/StoneFlowers667.jpg,,Stone Flowers
test,Stone Flowers/StoneFlowers408.jpg,,Stone Flowers
test,Stone Flowers/StoneFlowers620.jpg,,Stone Flowers
test,Stone Flowers/StoneFlowers632.jpg,,Stone Flowers
test,Stone Flowers/StoneFlowers404.jpg,,Stone Flowers
test,Stone Flowers/StoneFlowers738.jpg,,Stone Flowers
test,Stone Flowers/StoneFlowers652.jpg,,Stone Flowers
test,Stone Flowers/StoneFlowers53.jpg,,Stone Flowers
test,Stone Flowers/StoneFlowers737.jpg,,Stone Flowers
test,Stone Flowers/StoneFlowers74.jpg,,Stone Flowers
test,Stone Flowers/StoneFlowers538.jpg,,Stone Flowers
test,Stone Flowers/StoneFlowers714.jpg,,Stone Flowers
test,Stone Flowers/StoneFlowers273.jpg,,Stone Flowers
test,Stone Flowers/StoneFlowers413.jpg,,Stone Flowers
test,Stone Flowers/StoneFlowers162.jpg,,Stone Flowers
test,Stone Flowers/StoneFlowers823.jpg,,Stone Flowers
test,Stone Flowers/StoneFlowers285.jpg,,Stone Flowers
test,Stone Flowers/StoneFlowers69.jpg,,Stone Flowers
test,Stone Flowers/StoneFlowers284.jpg,,Stone Flowers
test,Stone Flowers/StoneFlowers28.jpg,,Stone Flowers
test,Stone Flowers/StoneFlowers416.jpg,,Stone Flowers
test,Stone Flowers/StoneFlowers489.jpg,,Stone Flowers
test,Stone Flowers/StoneFlowers149.jpg,,Stone Flowers
test,Stone Flowers/StoneFlowers614.jpg,,Stone Flowers
test,Stone Flowers/StoneFlowers854.jpg,,Stone Flowers
test,Stone Flowers/StoneFlowers567.jpg,,Stone Flowers
test,Stone Flowers/StoneFlowers318.jpg,,Stone Flowers
test,Stone Flowers/StoneFlowers151.jpg,,Stone Flowers
test,Stone Flowers/StoneFlowers232.jpg,,Stone Flowers
test,Stone Flowers/StoneFlowers724.jpg,,Stone Flowers
test,Stone Flowers/StoneFlowers705.jpg,,Stone Flowers
test,Stone Flowers/StoneFlowers64.jpg,,Stone Flowers
test,Stone Flowers/StoneFlowers577.jpg,,Stone Flowers
test,Stone Flowers/StoneFlowers106.jpg,,Stone Flowers
test,Stone Flowers/StoneFlowers439.jpg,,Stone Flowers
test,Stone Flowers/StoneFlowers368.jpg,,Stone Flowers
test,Stone Flowers/StoneFlowers415.jpg,,Stone Flowers
test,Stone Flowers/StoneFlowers655.jpg,,Stone Flowers
test,Stone Flowers/StoneFlowers384.jpg,,Stone Flowers
test,Stone Flowers/StoneFlowers531.jpg,,Stone Flowers
test,Stone Flowers/StoneFlowers234.jpg,,Stone Flowers
test,Stone Flowers/StoneFlowers233.jpg,,Stone Flowers
test,Stone Flowers/StoneFlowers814.jpg,,Stone Flowers
test,Stone Flowers/StoneFlowers599.jpg,,Stone Flowers
test,Stone Flowers/StoneFlowers637.jpg,,Stone Flowers
test,Stone Flowers/StoneFlowers386.jpg,,Stone Flowers
test,Stone Flowers/StoneFlowers429.jpg,,Stone Flowers
test,Stone Flowers/StoneFlowers795.jpg,,Stone Flowers
test,Stone Flowers/StoneFlowers70.jpg,,Stone Flowers
test,Stone Flowers/StoneFlowers572.jpg,,Stone Flowers
test,Stone Flowers/StoneFlowers500.jpg,,Stone Flowers
test,Stone Flowers/StoneFlowers638.jpg,,Stone Flowers
test,Stone Flowers/StoneFlowers387.jpg,,Stone Flowers
test,Stone Flowers/StoneFlowers216.jpg,,Stone Flowers
test,Stone Flowers/StoneFlowers154.jpg,,Stone Flowers
test,Stone Flowers/StoneFlowers14.jpg,,Stone Flowers
test,Stone Flowers/StoneFlowers834.jpg,,Stone Flowers
test,Stone Flowers/StoneFlowers225.jpg,,Stone Flowers
test,Stone Flowers/StoneFlowers322.jpg,,Stone Flowers
test,Stone Flowers/StoneFlowers270.jpg,,Stone Flowers
test,Stone Flowers/StoneFlowers509.jpg,,Stone Flowers
test,Stone Flowers/StoneFlowers671.jpg,,Stone Flowers
test,Stone Flowers/StoneFlowers768.jpg,,Stone Flowers
